case,regime,H_definition,slice,window,H_residual,M_residual,continuity_residual,source_flow_alignment
0,weak_control,H_current,0,0,1.1824980126455453,0.6965474269078169,1.151704494495521,0.2104668828381937
0,weak_control,H_current,0,14,1.2690957038333774,0.9185269780178549,0.992401416472505,-0.21325721390413616
0,weak_control,H_current,0,28,1.370664592297858,1.485707439285195,1.2193216141618197,0.3823189645427034
0,weak_control,H_current,0,42,1.1835307532946386,1.2649035988801358,0.97075045441439,-0.04968571908119107
0,weak_control,H_current,1,0,1.2063071355038286,0.9026437045628125,1.116616126529598,0.1847133246403141
0,weak_control,H_current,1,14,1.1997343376708196,0.6644583725919551,1.0496405089239795,0.12701783460929295
0,weak_control,H_current,1,28,1.0281802077735995,1.0648731223192633,1.2055041832529223,-0.08092020643976372
0,weak_control,H_current,1,42,1.359963767426834,1.1882259465049176,1.3656706584115044,0.0008541922696007065
0,weak_control,H_current,2,0,0.6050373406132286,0.8300491774097545,0.5440906685450851,0.01789843900296409
0,weak_control,H_current,2,14,0.5281334553036081,0.33784336882848065,0.41166165814044725,-0.21327034320431462
0,weak_control,H_current,2,28,1.3878312036396014,0.9755895888183493,1.0044828399011652,0.018574449535040505
0,weak_control,H_current,2,42,1.40329441322714,1.1165669454094147,0.7532625808204159,0.010450681681233975
0,weak_control,H_current,3,0,0.8176498440495105,0.5733138521304187,0.5316873150367897,0.07216256318393588
0,weak_control,H_current,3,14,0.8447609389463774,0.6427686666877163,0.5412026218008925,-0.05028408345981639
0,weak_control,H_current,3,28,0.820333863104927,0.7553118736575004,0.7251235054771553,0.0028295719105096984
0,weak_control,H_current,3,42,0.8460268415722751,0.4793635590198688,0.9505000389576369,0.004583375336439044
0,weak_control,H_source_only,0,0,1.1894357685833812,0.6965474269078169,1.151704494495521,0.2104668828381937
0,weak_control,H_source_only,0,14,1.145225414347415,0.9185269780178549,0.992401416472505,-0.21325721390413616
0,weak_control,H_source_only,0,28,1.4385433656883295,1.485707439285195,1.2193216141618197,0.3823189645427034
0,weak_control,H_source_only,0,42,0.9965948575507924,1.2649035988801358,0.97075045441439,-0.04968571908119107
0,weak_control,H_source_only,1,0,1.1049505954401715,0.9026437045628125,1.116616126529598,0.1847133246403141
0,weak_control,H_source_only,1,14,1.1075863421739685,0.6644583725919551,1.0496405089239795,0.12701783460929295
0,weak_control,H_source_only,1,28,1.0663323532991147,1.0648731223192633,1.2055041832529223,-0.08092020643976372
0,weak_control,H_source_only,1,42,1.3048614207440585,1.1882259465049176,1.3656706584115044,0.0008541922696007065
0,weak_control,H_source_only,2,0,0.5297441068088695,0.8300491774097545,0.5440906685450851,0.01789843900296409
0,weak_control,H_source_only,2,14,0.5473385783252054,0.33784336882848065,0.41166165814044725,-0.21327034320431462
0,weak_control,H_source_only,2,28,1.264077229059041,0.9755895888183493,1.0044828399011652,0.018574449535040505
0,weak_control,H_source_only,2,42,1.3048266042777992,1.1165669454094147,0.7532625808204159,0.010450681681233975
0,weak_control,H_source_only,3,0,0.7061684437523934,0.5733138521304187,0.5316873150367897,0.07216256318393588
0,weak_control,H_source_only,3,14,0.6827848668653909,0.6427686666877163,0.5412026218008925,-0.05028408345981639
0,weak_control,H_source_only,3,28,0.7013163749203959,0.7553118736575004,0.7251235054771553,0.0028295719105096984
0,weak_control,H_source_only,3,42,0.818012141125882,0.4793635590198688,0.9505000389576369,0.004583375336439044
0,weak_control,H_response_only,0,0,1.18843905015842,0.6965474269078169,1.151704494495521,0.2104668828381937
0,weak_control,H_response_only,0,14,1.429310505267244,0.9185269780178549,0.992401416472505,-0.21325721390413616
0,weak_control,H_response_only,0,28,1.3058732409956793,1.485707439285195,1.2193216141618197,0.3823189645427034
0,weak_control,H_response_only,0,42,1.503939819147693,1.2649035988801358,0.97075045441439,-0.04968571908119107
0,weak_control,H_response_only,1,0,1.3913038649119385,0.9026437045628125,1.116616126529598,0.1847133246403141
0,weak_control,H_response_only,1,14,1.3901003047260883,0.6644583725919551,1.0496405089239795,0.12701783460929295
0,weak_control,H_response_only,1,28,1.027846186664511,1.0648731223192633,1.2055041832529223,-0.08092020643976372
0,weak_control,H_response_only,1,42,1.4198223666539005,1.1882259465049176,1.3656706584115044,0.0008541922696007065
0,weak_control,H_response_only,2,0,0.7643527310018857,0.8300491774097545,0.5440906685450851,0.01789843900296409
0,weak_control,H_response_only,2,14,0.47293974234427905,0.33784336882848065,0.41166165814044725,-0.21327034320431462
0,weak_control,H_response_only,2,28,1.6615787868317902,0.9755895888183493,1.0044828399011652,0.018574449535040505
0,weak_control,H_response_only,2,42,1.5930063647221706,1.1165669454094147,0.7532625808204159,0.010450681681233975
0,weak_control,H_response_only,3,0,1.0164271964930667,0.5733138521304187,0.5316873150367897,0.07216256318393588
0,weak_control,H_response_only,3,14,1.1701165393151154,0.6427686666877163,0.5412026218008925,-0.05028408345981639
0,weak_control,H_response_only,3,28,1.1298066727012972,0.7553118736575004,0.7251235054771553,0.0028295719105096984
0,weak_control,H_response_only,3,42,0.9208552891522761,0.4793635590198688,0.9505000389576369,0.004583375336439044
0,weak_control,H_source_divflow,0,0,1.0109040829731137,0.6965474269078169,1.151704494495521,0.2104668828381937
0,weak_control,H_source_divflow,0,14,1.158012587616432,0.9185269780178549,0.992401416472505,-0.21325721390413616
0,weak_control,H_source_divflow,0,28,1.459601288836858,1.485707439285195,1.2193216141618197,0.3823189645427034
0,weak_control,H_source_divflow,0,42,0.8227446814459757,1.2649035988801358,0.97075045441439,-0.04968571908119107
0,weak_control,H_source_divflow,1,0,1.18511749903263,0.9026437045628125,1.116616126529598,0.1847133246403141
0,weak_control,H_source_divflow,1,14,1.0625026450205817,0.6644583725919551,1.0496405089239795,0.12701783460929295
0,weak_control,H_source_divflow,1,28,0.8842425285101226,1.0648731223192633,1.2055041832529223,-0.08092020643976372
0,weak_control,H_source_divflow,1,42,1.2814793136450509,1.1882259465049176,1.3656706584115044,0.0008541922696007065
0,weak_control,H_source_divflow,2,0,0.48306164910358396,0.8300491774097545,0.5440906685450851,0.01789843900296409
0,weak_control,H_source_divflow,2,14,0.4122752611316225,0.33784336882848065,0.41166165814044725,-0.21327034320431462
0,weak_control,H_source_divflow,2,28,1.1230951023117,0.9755895888183493,1.0044828399011652,0.018574449535040505
0,weak_control,H_source_divflow,2,42,1.418753053475291,1.1165669454094147,0.7532625808204159,0.010450681681233975
0,weak_control,H_source_divflow,3,0,0.664806617928726,0.5733138521304187,0.5316873150367897,0.07216256318393588
0,weak_control,H_source_divflow,3,14,0.6785101791521484,0.6427686666877163,0.5412026218008925,-0.05028408345981639
0,weak_control,H_source_divflow,3,28,0.6575526911502013,0.7553118736575004,0.7251235054771553,0.0028295719105096984
0,weak_control,H_source_divflow,3,42,0.7196625874146705,0.4793635590198688,0.9505000389576369,0.004583375336439044
0,weak_control,H_rho_omega,0,0,0.8982637312692279,0.6965474269078169,1.151704494495521,0.2104668828381937
0,weak_control,H_rho_omega,0,14,1.0601204074505652,0.9185269780178549,0.992401416472505,-0.21325721390413616
0,weak_control,H_rho_omega,0,28,1.7650679347498741,1.485707439285195,1.2193216141618197,0.3823189645427034
0,weak_control,H_rho_omega,0,42,1.0522605595761951,1.2649035988801358,0.97075045441439,-0.04968571908119107
0,weak_control,H_rho_omega,1,0,1.126371425814919,0.9026437045628125,1.116616126529598,0.1847133246403141
0,weak_control,H_rho_omega,1,14,0.7575017446934329,0.6644583725919551,1.0496405089239795,0.12701783460929295
0,weak_control,H_rho_omega,1,28,1.3046962666407818,1.0648731223192633,1.2055041832529223,-0.08092020643976372
0,weak_control,H_rho_omega,1,42,1.5292093553027712,1.1882259465049176,1.3656706584115044,0.0008541922696007065
0,weak_control,H_rho_omega,2,0,0.5561880689993621,0.8300491774097545,0.5440906685450851,0.01789843900296409
0,weak_control,H_rho_omega,2,14,0.5489708274100097,0.33784336882848065,0.41166165814044725,-0.21327034320431462
0,weak_control,H_rho_omega,2,28,1.3213735904898318,0.9755895888183493,1.0044828399011652,0.018574449535040505
0,weak_control,H_rho_omega,2,42,1.5112167747816405,1.1165669454094147,0.7532625808204159,0.010450681681233975
0,weak_control,H_rho_omega,3,0,0.783762712361696,0.5733138521304187,0.5316873150367897,0.07216256318393588
0,weak_control,H_rho_omega,3,14,0.7833966414703456,0.6427686666877163,0.5412026218008925,-0.05028408345981639
0,weak_control,H_rho_omega,3,28,0.8934108293797498,0.7553118736575004,0.7251235054771553,0.0028295719105096984
0,weak_control,H_rho_omega,3,42,0.8526458896213219,0.4793635590198688,0.9505000389576369,0.004583375336439044
0,identity_only,H_current,0,0,1.661389290395616,0.0493928352918662,0.08151919439416996,0.3943918097410012
0,identity_only,H_current,0,14,0.979443954074977,0.04949428354536997,0.07455770554193603,-1.0222029486423547
0,identity_only,H_current,0,28,0.9344513344176368,0.05027981708628448,0.0544615176386924,0.23517169511297964
0,identity_only,H_current,0,42,1.4174585751021866,0.04658367360348325,0.08636776784488312,-0.8151361027572557
0,identity_only,H_current,1,0,1.38799162575492,0.028030345692386553,0.12845621627962772,0.16743629019557082
0,identity_only,H_current,1,14,0.8200492429973409,0.024175694022311987,0.08321929723283841,0.4835660172983964
0,identity_only,H_current,1,28,0.5925050944140766,0.02829120987583702,0.11185079005108262,-0.12268796705513585
0,identity_only,H_current,1,42,1.4774457255616265,0.02285278257302417,0.3658255885382345,-0.02165961026298635
0,identity_only,H_current,2,0,0.6475846336745087,0.0005268398936783439,0.507722510491197,0.2502818199370018
0,identity_only,H_current,2,14,0.5347897585177327,0.00032733649719531515,0.36384459081474424,-0.46862110096645415
0,identity_only,H_current,2,28,1.4013107536660787,0.0005457981171060476,1.0391165483075628,0.04447164048256125
0,identity_only,H_current,2,42,1.3692669015760912,0.0003056265232148011,0.7179431342395317,0.08754710536887544
0,identity_only,H_current,3,0,0.8002008794419806,0.001388784739586913,0.6078037136564042,0.11861359861539666
0,identity_only,H_current,3,14,0.8187925015432872,0.0025329861013937724,0.6126508896316453,0.016417983639136602
0,identity_only,H_current,3,28,0.8729973466383091,0.002563765608488165,0.7731140658541863,0.03204807391851783
0,identity_only,H_current,3,42,0.7261098554670187,0.0020063310549030705,0.9697298066407558,-0.05716193956499971
0,identity_only,H_source_only,0,0,1.630905602716837,0.0493928352918662,0.08151919439416996,0.3943918097410012
0,identity_only,H_source_only,0,14,0.8395846843066865,0.04949428354536997,0.07455770554193603,-1.0222029486423547
0,identity_only,H_source_only,0,28,1.0351442871026988,0.05027981708628448,0.0544615176386924,0.23517169511297964
0,identity_only,H_source_only,0,42,1.407377054405619,0.04658367360348325,0.08636776784488312,-0.8151361027572557
0,identity_only,H_source_only,1,0,1.3599209883333816,0.028030345692386553,0.12845621627962772,0.16743629019557082
0,identity_only,H_source_only,1,14,0.7089849643347703,0.024175694022311987,0.08321929723283841,0.4835660172983964
0,identity_only,H_source_only,1,28,0.700102585821203,0.02829120987583702,0.11185079005108262,-0.12268796705513585
0,identity_only,H_source_only,1,42,1.4029967211635141,0.02285278257302417,0.3658255885382345,-0.02165961026298635
0,identity_only,H_source_only,2,0,0.5937137845583643,0.0005268398936783439,0.507722510491197,0.2502818199370018
0,identity_only,H_source_only,2,14,0.5228000615336095,0.00032733649719531515,0.36384459081474424,-0.46862110096645415
0,identity_only,H_source_only,2,28,1.3114691967666239,0.0005457981171060476,1.0391165483075628,0.04447164048256125
0,identity_only,H_source_only,2,42,1.3075979438026388,0.0003056265232148011,0.7179431342395317,0.08754710536887544
0,identity_only,H_source_only,3,0,0.6539987840671038,0.001388784739586913,0.6078037136564042,0.11861359861539666
0,identity_only,H_source_only,3,14,0.6334738438254096,0.0025329861013937724,0.6126508896316453,0.016417983639136602
0,identity_only,H_source_only,3,28,0.6985829903683585,0.002563765608488165,0.7731140658541863,0.03204807391851783
0,identity_only,H_source_only,3,42,0.7506965096075758,0.0020063310549030705,0.9697298066407558,-0.05716193956499971
0,identity_only,H_response_only,0,0,1.763346370009532,0.0493928352918662,0.08151919439416996,0.3943918097410012
0,identity_only,H_response_only,0,14,1.1154489243688794,0.04949428354536997,0.07455770554193603,-1.0222029486423547
0,identity_only,H_response_only,0,28,0.8959959993137468,0.05027981708628448,0.0544615176386924,0.23517169511297964
0,identity_only,H_response_only,0,42,1.4243436704241241,0.04658367360348325,0.08636776784488312,-0.8151361027572557
0,identity_only,H_response_only,1,0,1.5039162201783016,0.028030345692386553,0.12845621627962772,0.16743629019557082
0,identity_only,H_response_only,1,14,1.0412534531686959,0.024175694022311987,0.08321929723283841,0.4835660172983964
0,identity_only,H_response_only,1,28,0.5045980159176473,0.02829120987583702,0.11185079005108262,-0.12268796705513585
0,identity_only,H_response_only,1,42,1.5902647278418425,0.02285278257302417,0.3658255885382345,-0.02165961026298635
0,identity_only,H_response_only,2,0,0.839070410794121,0.0005268398936783439,0.507722510491197,0.2502818199370018
0,identity_only,H_response_only,2,14,0.5196187510876535,0.00032733649719531515,0.36384459081474424,-0.46862110096645415
0,identity_only,H_response_only,2,28,1.626818049255414,0.0005457981171060476,1.0391165483075628,0.04447164048256125
0,identity_only,H_response_only,2,42,1.502026392214276,0.0003056265232148011,0.7179431342395317,0.08754710536887544
0,identity_only,H_response_only,3,0,1.0492282891326297,0.001388784739586913,0.6078037136564042,0.11861359861539666
0,identity_only,H_response_only,3,14,1.2008349121999977,0.0025329861013937724,0.6126508896316453,0.016417983639136602
0,identity_only,H_response_only,3,28,1.3067675754026329,0.002563765608488165,0.7731140658541863,0.03204807391851783
0,identity_only,H_response_only,3,42,0.8043193762596796,0.0020063310549030705,0.9697298066407558,-0.05716193956499971
0,identity_only,H_source_divflow,0,0,1.4546076661165102,0.0493928352918662,0.08151919439416996,0.3943918097410012
0,identity_only,H_source_divflow,0,14,0.9521892509719853,0.04949428354536997,0.07455770554193603,-1.0222029486423547
0,identity_only,H_source_divflow,0,28,1.1026116153085184,0.05027981708628448,0.0544615176386924,0.23517169511297964
0,identity_only,H_source_divflow,0,42,1.2214636272986523,0.04658367360348325,0.08636776784488312,-0.8151361027572557
0,identity_only,H_source_divflow,1,0,1.2119218722400988,0.028030345692386553,0.12845621627962772,0.16743629019557082
0,identity_only,H_source_divflow,1,14,0.5831680005710093,0.024175694022311987,0.08321929723283841,0.4835660172983964
0,identity_only,H_source_divflow,1,28,0.5416878885181716,0.02829120987583702,0.11185079005108262,-0.12268796705513585
0,identity_only,H_source_divflow,1,42,1.3071885120035962,0.02285278257302417,0.3658255885382345,-0.02165961026298635
0,identity_only,H_source_divflow,2,0,0.4686665959975287,0.0005268398936783439,0.507722510491197,0.2502818199370018
0,identity_only,H_source_divflow,2,14,0.3646987459721799,0.00032733649719531515,0.36384459081474424,-0.46862110096645415
0,identity_only,H_source_divflow,2,28,1.1233887759359091,0.0005457981171060476,1.0391165483075628,0.04447164048256125
0,identity_only,H_source_divflow,2,42,1.4161574263810368,0.0003056265232148011,0.7179431342395317,0.08754710536887544
0,identity_only,H_source_divflow,3,0,0.5390927045557649,0.001388784739586913,0.6078037136564042,0.11861359861539666
0,identity_only,H_source_divflow,3,14,0.5863880310889779,0.0025329861013937724,0.6126508896316453,0.016417983639136602
0,identity_only,H_source_divflow,3,28,0.6332522265026264,0.002563765608488165,0.7731140658541863,0.03204807391851783
0,identity_only,H_source_divflow,3,42,0.6594076221800346,0.0020063310549030705,0.9697298066407558,-0.05716193956499971
0,identity_only,H_rho_omega,0,0,1.5294350460291657,0.0493928352918662,0.08151919439416996,0.3943918097410012
0,identity_only,H_rho_omega,0,14,0.895499322858343,0.04949428354536997,0.07455770554193603,-1.0222029486423547
0,identity_only,H_rho_omega,0,28,0.9467046678182717,0.05027981708628448,0.0544615176386924,0.23517169511297964
0,identity_only,H_rho_omega,0,42,1.5280924692981965,0.04658367360348325,0.08636776784488312,-0.8151361027572557
0,identity_only,H_rho_omega,1,0,1.1994225350484808,0.028030345692386553,0.12845621627962772,0.16743629019557082
0,identity_only,H_rho_omega,1,14,0.6651050351767337,0.024175694022311987,0.08321929723283841,0.4835660172983964
0,identity_only,H_rho_omega,1,28,0.7748266967253589,0.02829120987583702,0.11185079005108262,-0.12268796705513585
0,identity_only,H_rho_omega,1,42,1.2742028150985396,0.02285278257302417,0.3658255885382345,-0.02165961026298635
0,identity_only,H_rho_omega,2,0,0.48737977305442903,0.0005268398936783439,0.507722510491197,0.2502818199370018
0,identity_only,H_rho_omega,2,14,0.5213818230328473,0.00032733649719531515,0.36384459081474424,-0.46862110096645415
0,identity_only,H_rho_omega,2,28,1.271764945319159,0.0005457981171060476,1.0391165483075628,0.04447164048256125
0,identity_only,H_rho_omega,2,42,1.230159198941156,0.0003056265232148011,0.7179431342395317,0.08754710536887544
0,identity_only,H_rho_omega,3,0,0.624595112409775,0.001388784739586913,0.6078037136564042,0.11861359861539666
0,identity_only,H_rho_omega,3,14,0.5595685816930445,0.0025329861013937724,0.6126508896316453,0.016417983639136602
0,identity_only,H_rho_omega,3,28,0.5592783812447364,0.002563765608488165,0.7731140658541863,0.03204807391851783
0,identity_only,H_rho_omega,3,42,0.6673552195848326,0.0020063310549030705,0.9697298066407558,-0.05716193956499971
0,closure_only,H_current,0,0,1.449800285608379,0.7106320339114479,1.3802101109884213,0.8448537452187196
0,closure_only,H_current,0,14,1.0180339511181102,1.3639312891877353,1.4179780197025302,1.1587573635132598
0,closure_only,H_current,0,28,0.5989214257778738,1.6530205295255465,1.6882779302268471,0.8878033049992088
0,closure_only,H_current,0,42,1.685972554849498,0.6485216813685644,1.1839172487183118,-0.21631753955234034
0,closure_only,H_current,1,0,1.2606491525937298,1.5418936403722008,1.4648005485667441,1.0599326662247186
0,closure_only,H_current,1,14,0.6861835334773986,1.1807318291149715,0.9291753748546752,1.3829454094257112
0,closure_only,H_current,1,28,0.9662210350206439,1.6354573051292185,1.2774096387852896,1.7035348452645738
0,closure_only,H_current,1,42,1.3905229643945294,2.29891070632461,1.7730318108957432,1.6270126547154986
0,closure_only,H_current,2,0,0.9072839808367366,1.6750203922598295,0.7972592960696233,0.524715322647608
0,closure_only,H_current,2,14,0.5169119897486316,0.18244356264651965,0.35853115179535816,1.033324110282026
0,closure_only,H_current,2,28,1.1447521120247526,1.4856906068336693,1.0070954458642747,1.268996503825509
0,closure_only,H_current,2,42,1.4880655659462125,2.034663652615137,0.9766412681902981,0.867480883384263
0,closure_only,H_current,3,0,0.7493363666955261,1.0973099082335072,0.71030051103743,0.5413324966173843
0,closure_only,H_current,3,14,0.7583244774236795,1.3948408165705293,0.5834090793894607,1.3201355250240188
0,closure_only,H_current,3,28,0.8525430402900194,2.0585610056985026,0.7778577535200097,1.2126256080026894
0,closure_only,H_current,3,42,0.776885805340239,1.4066592503930064,1.011167733881154,0.7302293020382488
0,closure_only,H_source_only,0,0,1.4702969980787293,0.7106320339114479,1.3802101109884213,0.8448537452187196
0,closure_only,H_source_only,0,14,0.9147666398207835,1.3639312891877353,1.4179780197025302,1.1587573635132598
0,closure_only,H_source_only,0,28,0.8385200053710261,1.6530205295255465,1.6882779302268471,0.8878033049992088
0,closure_only,H_source_only,0,42,1.5643281893864838,0.6485216813685644,1.1839172487183118,-0.21631753955234034
0,closure_only,H_source_only,1,0,1.2096219558720105,1.5418936403722008,1.4648005485667441,1.0599326662247186
0,closure_only,H_source_only,1,14,0.7243078656064649,1.1807318291149715,0.9291753748546752,1.3829454094257112
0,closure_only,H_source_only,1,28,0.8742885640922882,1.6354573051292185,1.2774096387852896,1.7035348452645738
0,closure_only,H_source_only,1,42,1.335860397710852,2.29891070632461,1.7730318108957432,1.6270126547154986
0,closure_only,H_source_only,2,0,0.7327453027032416,1.6750203922598295,0.7972592960696233,0.524715322647608
0,closure_only,H_source_only,2,14,0.5224169367078831,0.18244356264651965,0.35853115179535816,1.033324110282026
0,closure_only,H_source_only,2,28,1.154354485798167,1.4856906068336693,1.0070954458642747,1.268996503825509
0,closure_only,H_source_only,2,42,1.3981334669057615,2.034663652615137,0.9766412681902981,0.867480883384263
0,closure_only,H_source_only,3,0,0.6916754220944153,1.0973099082335072,0.71030051103743,0.5413324966173843
0,closure_only,H_source_only,3,14,0.6445333492810116,1.3948408165705293,0.5834090793894607,1.3201355250240188
0,closure_only,H_source_only,3,28,0.7188312467552355,2.0585610056985026,0.7778577535200097,1.2126256080026894
0,closure_only,H_source_only,3,42,0.7262802945389406,1.4066592503930064,1.011167733881154,0.7302293020382488
0,closure_only,H_response_only,0,0,1.4168532871640227,0.7106320339114479,1.3802101109884213,0.8448537452187196
0,closure_only,H_response_only,0,14,1.049713860480871,1.3639312891877353,1.4179780197025302,1.1587573635132598
0,closure_only,H_response_only,0,28,0.46413203290089217,1.6530205295255465,1.6882779302268471,0.8878033049992088
0,closure_only,H_response_only,0,42,1.8988077051285048,0.6485216813685644,1.1839172487183118,-0.21631753955234034
0,closure_only,H_response_only,1,0,1.4214180055863959,1.5418936403722008,1.4648005485667441,1.0599326662247186
0,closure_only,H_response_only,1,14,0.6431617928069475,1.1807318291149715,0.9291753748546752,1.3829454094257112
0,closure_only,H_response_only,1,28,1.1146775941752873,1.6354573051292185,1.2774096387852896,1.7035348452645738
0,closure_only,H_response_only,1,42,1.537818300463701,2.29891070632461,1.7730318108957432,1.6270126547154986
0,closure_only,H_response_only,2,0,1.2888236125352226,1.6750203922598295,0.7972592960696233,0.524715322647608
0,closure_only,H_response_only,2,14,0.458019225394652,0.18244356264651965,0.35853115179535816,1.033324110282026
0,closure_only,H_response_only,2,28,1.1513740412931321,1.4856906068336693,1.0070954458642747,1.268996503825509
0,closure_only,H_response_only,2,42,1.6432740268198003,2.034663652615137,0.9766412681902981,0.867480883384263
0,closure_only,H_response_only,3,0,0.9321753875802765,1.0973099082335072,0.71030051103743,0.5413324966173843
0,closure_only,H_response_only,3,14,0.9643083997944348,1.3948408165705293,0.5834090793894607,1.3201355250240188
0,closure_only,H_response_only,3,28,1.1532045464032454,2.0585610056985026,0.7778577535200097,1.2126256080026894
0,closure_only,H_response_only,3,42,0.8993183066337764,1.4066592503930064,1.011167733881154,0.7302293020382488
0,closure_only,H_source_divflow,0,0,1.5623573862243856,0.7106320339114479,1.3802101109884213,0.8448537452187196
0,closure_only,H_source_divflow,0,14,0.6619822014927891,1.3639312891877353,1.4179780197025302,1.1587573635132598
0,closure_only,H_source_divflow,0,28,1.085245186389423,1.6530205295255465,1.6882779302268471,0.8878033049992088
0,closure_only,H_source_divflow,0,42,1.7974003380439336,0.6485216813685644,1.1839172487183118,-0.21631753955234034
0,closure_only,H_source_divflow,1,0,1.5222378666533984,1.5418936403722008,1.4648005485667441,1.0599326662247186
0,closure_only,H_source_divflow,1,14,1.0027875092504215,1.1807318291149715,0.9291753748546752,1.3829454094257112
0,closure_only,H_source_divflow,1,28,0.750907370297362,1.6354573051292185,1.2774096387852896,1.7035348452645738
0,closure_only,H_source_divflow,1,42,1.7460631997754406,2.29891070632461,1.7730318108957432,1.6270126547154986
0,closure_only,H_source_divflow,2,0,1.1372639871396293,1.6750203922598295,0.7972592960696233,0.524715322647608
0,closure_only,H_source_divflow,2,14,0.4253237309428898,0.18244356264651965,0.35853115179535816,1.033324110282026
0,closure_only,H_source_divflow,2,28,1.2003426968037623,1.4856906068336693,1.0070954458642747,1.268996503825509
0,closure_only,H_source_divflow,2,42,1.4384497763650483,2.034663652615137,0.9766412681902981,0.867480883384263
0,closure_only,H_source_divflow,3,0,0.8649015617731268,1.0973099082335072,0.71030051103743,0.5413324966173843
0,closure_only,H_source_divflow,3,14,0.9919858791283008,1.3948408165705293,0.5834090793894607,1.3201355250240188
0,closure_only,H_source_divflow,3,28,1.3370483960757698,2.0585610056985026,0.7778577535200097,1.2126256080026894
0,closure_only,H_source_divflow,3,42,0.9026715594730225,1.4066592503930064,1.011167733881154,0.7302293020382488
0,closure_only,H_rho_omega,0,0,1.298354973233837,0.7106320339114479,1.3802101109884213,0.8448537452187196
0,closure_only,H_rho_omega,0,14,0.9401444015173553,1.3639312891877353,1.4179780197025302,1.1587573635132598
0,closure_only,H_rho_omega,0,28,1.5142519481118357,1.6530205295255465,1.6882779302268471,0.8878033049992088
0,closure_only,H_rho_omega,0,42,1.3690655369782316,0.6485216813685644,1.1839172487183118,-0.21631753955234034
0,closure_only,H_rho_omega,1,0,1.1767633885544253,1.5418936403722008,1.4648005485667441,1.0599326662247186
0,closure_only,H_rho_omega,1,14,0.6307417059952128,1.1807318291149715,0.9291753748546752,1.3829454094257112
0,closure_only,H_rho_omega,1,28,1.059056105584467,1.6354573051292185,1.2774096387852896,1.7035348452645738
0,closure_only,H_rho_omega,1,42,1.3958220111362547,2.29891070632461,1.7730318108957432,1.6270126547154986
0,closure_only,H_rho_omega,2,0,0.5078535343869509,1.6750203922598295,0.7972592960696233,0.524715322647608
0,closure_only,H_rho_omega,2,14,0.5128636072889268,0.18244356264651965,0.35853115179535816,1.033324110282026
0,closure_only,H_rho_omega,2,28,1.2007303920442414,1.4856906068336693,1.0070954458642747,1.268996503825509
0,closure_only,H_rho_omega,2,42,1.2073256659866183,2.034663652615137,0.9766412681902981,0.867480883384263
0,closure_only,H_rho_omega,3,0,0.7220241011440183,1.0973099082335072,0.71030051103743,0.5413324966173843
0,closure_only,H_rho_omega,3,14,0.6249935058096768,1.3948408165705293,0.5834090793894607,1.3201355250240188
0,closure_only,H_rho_omega,3,28,0.8724204315863048,2.0585610056985026,0.7778577535200097,1.2126256080026894
0,closure_only,H_rho_omega,3,42,0.6919824104417966,1.4066592503930064,1.011167733881154,0.7302293020382488
0,identity_plus_closure,H_current,0,0,1.6818875373371267,0.04939283529186587,0.08151919439416996,0.15015394774907032
0,identity_plus_closure,H_current,0,14,0.8869417017324057,0.04949428354537015,0.07455770554193591,-0.8851584171975188
0,identity_plus_closure,H_current,0,28,1.051408537519611,0.050279817086284616,0.054461517638692294,0.024859806567399945
0,identity_plus_closure,H_current,0,42,1.3726375967223308,0.046583673603483526,0.08636776784488305,0.16270925351748192
0,identity_plus_closure,H_current,1,0,1.4371322831538003,0.02803034569238654,0.12845621627962767,0.18744600744917506
0,identity_plus_closure,H_current,1,14,0.8178522388207178,0.02417569402231217,0.0832192972328384,0.20307334540617483
0,identity_plus_closure,H_current,1,28,0.5758339023250872,0.028291209875837293,0.1118507900510827,-0.7168434943348628
0,identity_plus_closure,H_current,1,42,1.498171409441457,0.022852782573023936,0.36582558853823444,0.06784059472708037
0,identity_plus_closure,H_current,2,0,0.6355694321021036,0.0005268398936784486,0.5077225104911969,-0.10617443596953913
0,identity_plus_closure,H_current,2,14,0.4505903384061133,0.0003273364971954112,0.36384459081474424,-0.7992427851134358
0,identity_plus_closure,H_current,2,28,1.436361561223493,0.0005457981171063527,1.0391165483075628,0.06252151873441825
0,identity_plus_closure,H_current,2,42,1.434190943432724,0.0003056265232152429,0.7179431342395318,0.05927389521870785
0,identity_plus_closure,H_current,3,0,0.7385426890709029,0.0013887847395871132,0.6078037136564042,0.0857911730433929
0,identity_plus_closure,H_current,3,14,0.7589167560726433,0.0025329861013942377,0.6126508896316452,-0.027549058160917017
0,identity_plus_closure,H_current,3,28,0.8702412138245281,0.002563765608488851,0.7731140658541861,0.043024352558578394
0,identity_plus_closure,H_current,3,42,0.7922632406324365,0.0020063310549036845,0.9697298066407557,-0.011760840685329566
0,identity_plus_closure,H_source_only,0,0,1.6309056027168374,0.04939283529186587,0.08151919439416996,0.15015394774907032
0,identity_plus_closure,H_source_only,0,14,0.8395846843066866,0.04949428354537015,0.07455770554193591,-0.8851584171975188
0,identity_plus_closure,H_source_only,0,28,1.0351442871026988,0.050279817086284616,0.054461517638692294,0.024859806567399945
0,identity_plus_closure,H_source_only,0,42,1.4073770544056192,0.046583673603483526,0.08636776784488305,0.16270925351748192
0,identity_plus_closure,H_source_only,1,0,1.3599209883333814,0.02803034569238654,0.12845621627962767,0.18744600744917506
0,identity_plus_closure,H_source_only,1,14,0.7089849643347708,0.02417569402231217,0.0832192972328384,0.20307334540617483
0,identity_plus_closure,H_source_only,1,28,0.7001025858212025,0.028291209875837293,0.1118507900510827,-0.7168434943348628
0,identity_plus_closure,H_source_only,1,42,1.4029967211635144,0.022852782573023936,0.36582558853823444,0.06784059472708037
0,identity_plus_closure,H_source_only,2,0,0.5937137845583642,0.0005268398936784486,0.5077225104911969,-0.10617443596953913
0,identity_plus_closure,H_source_only,2,14,0.5228000615336095,0.0003273364971954112,0.36384459081474424,-0.7992427851134358
0,identity_plus_closure,H_source_only,2,28,1.3114691967666239,0.0005457981171063527,1.0391165483075628,0.06252151873441825
0,identity_plus_closure,H_source_only,2,42,1.307597943802639,0.0003056265232152429,0.7179431342395318,0.05927389521870785
0,identity_plus_closure,H_source_only,3,0,0.6539987840671039,0.0013887847395871132,0.6078037136564042,0.0857911730433929
0,identity_plus_closure,H_source_only,3,14,0.6334738438254096,0.0025329861013942377,0.6126508896316452,-0.027549058160917017
0,identity_plus_closure,H_source_only,3,28,0.6985829903683585,0.002563765608488851,0.7731140658541861,0.043024352558578394
0,identity_plus_closure,H_source_only,3,42,0.7506965096075758,0.0020063310549036845,0.9697298066407557,-0.011760840685329566
0,identity_plus_closure,H_response_only,0,0,1.7779217485420054,0.04939283529186587,0.08151919439416996,0.15015394774907032
0,identity_plus_closure,H_response_only,0,14,0.9840312631881284,0.04949428354537015,0.07455770554193591,-0.8851584171975188
0,identity_plus_closure,H_response_only,0,28,1.0985083101419406,0.050279817086284616,0.054461517638692294,0.024859806567399945
0,identity_plus_closure,H_response_only,0,42,1.30589392088172,0.046583673603483526,0.08636776784488305,0.16270925351748192
0,identity_plus_closure,H_response_only,1,0,1.5639252625918876,0.02803034569238654,0.12845621627962767,0.18744600744917506
0,identity_plus_closure,H_response_only,1,14,0.9782047236017049,0.02417569402231217,0.0832192972328384,0.20307334540617483
0,identity_plus_closure,H_response_only,1,28,0.6088879659204444,0.028291209875837293,0.1118507900510827,-0.7168434943348628
0,identity_plus_closure,H_response_only,1,42,1.6601015510961554,0.022852782573023936,0.36582558853823444,0.06784059472708037
0,identity_plus_closure,H_response_only,2,0,0.6599532752225756,0.0005268398936784486,0.5077225104911969,-0.10617443596953913
0,identity_plus_closure,H_response_only,2,14,0.27598644698835456,0.0003273364971954112,0.36384459081474424,-0.7992427851134358
0,identity_plus_closure,H_response_only,2,28,1.7184842622852508,0.0005457981171063527,1.0391165483075628,0.06252151873441825
0,identity_plus_closure,H_response_only,2,42,1.6985190529972212,0.0003056265232152429,0.7179431342395318,0.05927389521870785
0,identity_plus_closure,H_response_only,3,0,0.8965813911596984,0.0013887847395871132,0.6078037136564042,0.0857911730433929
0,identity_plus_closure,H_response_only,3,14,1.0318470940667626,0.0025329861013942377,0.6126508896316452,-0.027549058160917017
0,identity_plus_closure,H_response_only,3,28,1.2311583186341581,0.002563765608488851,0.7731140658541861,0.043024352558578394
0,identity_plus_closure,H_response_only,3,42,0.9541346201924766,0.0020063310549036845,0.9697298066407557,-0.011760840685329566
0,identity_plus_closure,H_source_divflow,0,0,1.4546076661165106,0.04939283529186587,0.08151919439416996,0.15015394774907032
0,identity_plus_closure,H_source_divflow,0,14,0.9521892509719851,0.04949428354537015,0.07455770554193591,-0.8851584171975188
0,identity_plus_closure,H_source_divflow,0,28,1.1026116153085181,0.050279817086284616,0.054461517638692294,0.024859806567399945
0,identity_plus_closure,H_source_divflow,0,42,1.221463627298652,0.046583673603483526,0.08636776784488305,0.16270925351748192
0,identity_plus_closure,H_source_divflow,1,0,1.2119218722400988,0.02803034569238654,0.12845621627962767,0.18744600744917506
0,identity_plus_closure,H_source_divflow,1,14,0.5831680005710097,0.02417569402231217,0.0832192972328384,0.20307334540617483
0,identity_plus_closure,H_source_divflow,1,28,0.5416878885181712,0.028291209875837293,0.1118507900510827,-0.7168434943348628
0,identity_plus_closure,H_source_divflow,1,42,1.3071885120035966,0.022852782573023936,0.36582558853823444,0.06784059472708037
0,identity_plus_closure,H_source_divflow,2,0,0.4686665959975285,0.0005268398936784486,0.5077225104911969,-0.10617443596953913
0,identity_plus_closure,H_source_divflow,2,14,0.3646987459721799,0.0003273364971954112,0.36384459081474424,-0.7992427851134358
0,identity_plus_closure,H_source_divflow,2,28,1.1233887759359094,0.0005457981171063527,1.0391165483075628,0.06252151873441825
0,identity_plus_closure,H_source_divflow,2,42,1.4161574263810364,0.0003056265232152429,0.7179431342395318,0.05927389521870785
0,identity_plus_closure,H_source_divflow,3,0,0.5390927045557649,0.0013887847395871132,0.6078037136564042,0.0857911730433929
0,identity_plus_closure,H_source_divflow,3,14,0.586388031088978,0.0025329861013942377,0.6126508896316452,-0.027549058160917017
0,identity_plus_closure,H_source_divflow,3,28,0.6332522265026264,0.002563765608488851,0.7731140658541861,0.043024352558578394
0,identity_plus_closure,H_source_divflow,3,42,0.6594076221800347,0.0020063310549036845,0.9697298066407557,-0.011760840685329566
0,identity_plus_closure,H_rho_omega,0,0,1.529435046029165,0.04939283529186587,0.08151919439416996,0.15015394774907032
0,identity_plus_closure,H_rho_omega,0,14,0.895499322858343,0.04949428354537015,0.07455770554193591,-0.8851584171975188
0,identity_plus_closure,H_rho_omega,0,28,0.9467046678182712,0.050279817086284616,0.054461517638692294,0.024859806567399945
0,identity_plus_closure,H_rho_omega,0,42,1.5280924692981979,0.046583673603483526,0.08636776784488305,0.16270925351748192
0,identity_plus_closure,H_rho_omega,1,0,1.1994225350484808,0.02803034569238654,0.12845621627962767,0.18744600744917506
0,identity_plus_closure,H_rho_omega,1,14,0.6651050351767324,0.02417569402231217,0.0832192972328384,0.20307334540617483
0,identity_plus_closure,H_rho_omega,1,28,0.774826696725358,0.028291209875837293,0.1118507900510827,-0.7168434943348628
0,identity_plus_closure,H_rho_omega,1,42,1.2742028150985398,0.022852782573023936,0.36582558853823444,0.06784059472708037
0,identity_plus_closure,H_rho_omega,2,0,0.4873797730544289,0.0005268398936784486,0.5077225104911969,-0.10617443596953913
0,identity_plus_closure,H_rho_omega,2,14,0.5213818230328472,0.0003273364971954112,0.36384459081474424,-0.7992427851134358
0,identity_plus_closure,H_rho_omega,2,28,1.2717649453191588,0.0005457981171063527,1.0391165483075628,0.06252151873441825
0,identity_plus_closure,H_rho_omega,2,42,1.230159198941156,0.0003056265232152429,0.7179431342395318,0.05927389521870785
0,identity_plus_closure,H_rho_omega,3,0,0.624595112409775,0.0013887847395871132,0.6078037136564042,0.0857911730433929
0,identity_plus_closure,H_rho_omega,3,14,0.5595685816930442,0.0025329861013942377,0.6126508896316452,-0.027549058160917017
0,identity_plus_closure,H_rho_omega,3,28,0.5592783812447364,0.002563765608488851,0.7731140658541861,0.043024352558578394
0,identity_plus_closure,H_rho_omega,3,42,0.6673552195848327,0.0020063310549036845,0.9697298066407557,-0.011760840685329566
0,identity_closure_momentum,H_current,0,0,1.6818875373371267,0.04939283529186587,0.08151919439416996,0.15015394774907032
0,identity_closure_momentum,H_current,0,14,0.8869417017324057,0.04949428354537015,0.07455770554193591,-0.8851584171975188
0,identity_closure_momentum,H_current,0,28,1.051408537519611,0.050279817086284616,0.054461517638692294,0.024859806567399945
0,identity_closure_momentum,H_current,0,42,1.3726375967223308,0.046583673603483526,0.08636776784488305,0.16270925351748192
0,identity_closure_momentum,H_current,1,0,1.4371322831538003,0.02803034569238654,0.12845621627962767,0.18744600744917506
0,identity_closure_momentum,H_current,1,14,0.8178522388207178,0.02417569402231217,0.0832192972328384,0.20307334540617483
0,identity_closure_momentum,H_current,1,28,0.5758339023250872,0.028291209875837293,0.1118507900510827,-0.7168434943348628
0,identity_closure_momentum,H_current,1,42,1.498171409441457,0.022852782573023936,0.36582558853823444,0.06784059472708037
0,identity_closure_momentum,H_current,2,0,0.6355694321021036,0.0005268398936784486,0.5077225104911969,-0.10617443596953913
0,identity_closure_momentum,H_current,2,14,0.4505903384061133,0.0003273364971954112,0.36384459081474424,-0.7992427851134358
0,identity_closure_momentum,H_current,2,28,1.436361561223493,0.0005457981171063527,1.0391165483075628,0.06252151873441825
0,identity_closure_momentum,H_current,2,42,1.434190943432724,0.0003056265232152429,0.7179431342395318,0.05927389521870785
0,identity_closure_momentum,H_current,3,0,0.7385426890709029,0.0013887847395871132,0.6078037136564042,0.0857911730433929
0,identity_closure_momentum,H_current,3,14,0.7589167560726433,0.0025329861013942377,0.6126508896316452,-0.027549058160917017
0,identity_closure_momentum,H_current,3,28,0.8702412138245281,0.002563765608488851,0.7731140658541861,0.043024352558578394
0,identity_closure_momentum,H_current,3,42,0.7922632406324365,0.0020063310549036845,0.9697298066407557,-0.011760840685329566
0,identity_closure_momentum,H_source_only,0,0,1.6309056027168374,0.04939283529186587,0.08151919439416996,0.15015394774907032
0,identity_closure_momentum,H_source_only,0,14,0.8395846843066866,0.04949428354537015,0.07455770554193591,-0.8851584171975188
0,identity_closure_momentum,H_source_only,0,28,1.0351442871026988,0.050279817086284616,0.054461517638692294,0.024859806567399945
0,identity_closure_momentum,H_source_only,0,42,1.4073770544056192,0.046583673603483526,0.08636776784488305,0.16270925351748192
0,identity_closure_momentum,H_source_only,1,0,1.3599209883333814,0.02803034569238654,0.12845621627962767,0.18744600744917506
0,identity_closure_momentum,H_source_only,1,14,0.7089849643347708,0.02417569402231217,0.0832192972328384,0.20307334540617483
0,identity_closure_momentum,H_source_only,1,28,0.7001025858212025,0.028291209875837293,0.1118507900510827,-0.7168434943348628
0,identity_closure_momentum,H_source_only,1,42,1.4029967211635144,0.022852782573023936,0.36582558853823444,0.06784059472708037
0,identity_closure_momentum,H_source_only,2,0,0.5937137845583642,0.0005268398936784486,0.5077225104911969,-0.10617443596953913
0,identity_closure_momentum,H_source_only,2,14,0.5228000615336095,0.0003273364971954112,0.36384459081474424,-0.7992427851134358
0,identity_closure_momentum,H_source_only,2,28,1.3114691967666239,0.0005457981171063527,1.0391165483075628,0.06252151873441825
0,identity_closure_momentum,H_source_only,2,42,1.307597943802639,0.0003056265232152429,0.7179431342395318,0.05927389521870785
0,identity_closure_momentum,H_source_only,3,0,0.6539987840671039,0.0013887847395871132,0.6078037136564042,0.0857911730433929
0,identity_closure_momentum,H_source_only,3,14,0.6334738438254096,0.0025329861013942377,0.6126508896316452,-0.027549058160917017
0,identity_closure_momentum,H_source_only,3,28,0.6985829903683585,0.002563765608488851,0.7731140658541861,0.043024352558578394
0,identity_closure_momentum,H_source_only,3,42,0.7506965096075758,0.0020063310549036845,0.9697298066407557,-0.011760840685329566
0,identity_closure_momentum,H_response_only,0,0,1.7779217485420054,0.04939283529186587,0.08151919439416996,0.15015394774907032
0,identity_closure_momentum,H_response_only,0,14,0.9840312631881284,0.04949428354537015,0.07455770554193591,-0.8851584171975188
0,identity_closure_momentum,H_response_only,0,28,1.0985083101419406,0.050279817086284616,0.054461517638692294,0.024859806567399945
0,identity_closure_momentum,H_response_only,0,42,1.30589392088172,0.046583673603483526,0.08636776784488305,0.16270925351748192
0,identity_closure_momentum,H_response_only,1,0,1.5639252625918876,0.02803034569238654,0.12845621627962767,0.18744600744917506
0,identity_closure_momentum,H_response_only,1,14,0.9782047236017049,0.02417569402231217,0.0832192972328384,0.20307334540617483
0,identity_closure_momentum,H_response_only,1,28,0.6088879659204444,0.028291209875837293,0.1118507900510827,-0.7168434943348628
0,identity_closure_momentum,H_response_only,1,42,1.6601015510961554,0.022852782573023936,0.36582558853823444,0.06784059472708037
0,identity_closure_momentum,H_response_only,2,0,0.6599532752225756,0.0005268398936784486,0.5077225104911969,-0.10617443596953913
0,identity_closure_momentum,H_response_only,2,14,0.27598644698835456,0.0003273364971954112,0.36384459081474424,-0.7992427851134358
0,identity_closure_momentum,H_response_only,2,28,1.7184842622852508,0.0005457981171063527,1.0391165483075628,0.06252151873441825
0,identity_closure_momentum,H_response_only,2,42,1.6985190529972212,0.0003056265232152429,0.7179431342395318,0.05927389521870785
0,identity_closure_momentum,H_response_only,3,0,0.8965813911596984,0.0013887847395871132,0.6078037136564042,0.0857911730433929
0,identity_closure_momentum,H_response_only,3,14,1.0318470940667626,0.0025329861013942377,0.6126508896316452,-0.027549058160917017
0,identity_closure_momentum,H_response_only,3,28,1.2311583186341581,0.002563765608488851,0.7731140658541861,0.043024352558578394
0,identity_closure_momentum,H_response_only,3,42,0.9541346201924766,0.0020063310549036845,0.9697298066407557,-0.011760840685329566
0,identity_closure_momentum,H_source_divflow,0,0,1.4546076661165106,0.04939283529186587,0.08151919439416996,0.15015394774907032
0,identity_closure_momentum,H_source_divflow,0,14,0.9521892509719851,0.04949428354537015,0.07455770554193591,-0.8851584171975188
0,identity_closure_momentum,H_source_divflow,0,28,1.1026116153085181,0.050279817086284616,0.054461517638692294,0.024859806567399945
0,identity_closure_momentum,H_source_divflow,0,42,1.221463627298652,0.046583673603483526,0.08636776784488305,0.16270925351748192
0,identity_closure_momentum,H_source_divflow,1,0,1.2119218722400988,0.02803034569238654,0.12845621627962767,0.18744600744917506
0,identity_closure_momentum,H_source_divflow,1,14,0.5831680005710097,0.02417569402231217,0.0832192972328384,0.20307334540617483
0,identity_closure_momentum,H_source_divflow,1,28,0.5416878885181712,0.028291209875837293,0.1118507900510827,-0.7168434943348628
0,identity_closure_momentum,H_source_divflow,1,42,1.3071885120035966,0.022852782573023936,0.36582558853823444,0.06784059472708037
0,identity_closure_momentum,H_source_divflow,2,0,0.4686665959975285,0.0005268398936784486,0.5077225104911969,-0.10617443596953913
0,identity_closure_momentum,H_source_divflow,2,14,0.3646987459721799,0.0003273364971954112,0.36384459081474424,-0.7992427851134358
0,identity_closure_momentum,H_source_divflow,2,28,1.1233887759359094,0.0005457981171063527,1.0391165483075628,0.06252151873441825
0,identity_closure_momentum,H_source_divflow,2,42,1.4161574263810364,0.0003056265232152429,0.7179431342395318,0.05927389521870785
0,identity_closure_momentum,H_source_divflow,3,0,0.5390927045557649,0.0013887847395871132,0.6078037136564042,0.0857911730433929
0,identity_closure_momentum,H_source_divflow,3,14,0.586388031088978,0.0025329861013942377,0.6126508896316452,-0.027549058160917017
0,identity_closure_momentum,H_source_divflow,3,28,0.6332522265026264,0.002563765608488851,0.7731140658541861,0.043024352558578394
0,identity_closure_momentum,H_source_divflow,3,42,0.6594076221800347,0.0020063310549036845,0.9697298066407557,-0.011760840685329566
0,identity_closure_momentum,H_rho_omega,0,0,1.529435046029165,0.04939283529186587,0.08151919439416996,0.15015394774907032
0,identity_closure_momentum,H_rho_omega,0,14,0.895499322858343,0.04949428354537015,0.07455770554193591,-0.8851584171975188
0,identity_closure_momentum,H_rho_omega,0,28,0.9467046678182712,0.050279817086284616,0.054461517638692294,0.024859806567399945
0,identity_closure_momentum,H_rho_omega,0,42,1.5280924692981979,0.046583673603483526,0.08636776784488305,0.16270925351748192
0,identity_closure_momentum,H_rho_omega,1,0,1.1994225350484808,0.02803034569238654,0.12845621627962767,0.18744600744917506
0,identity_closure_momentum,H_rho_omega,1,14,0.6651050351767324,0.02417569402231217,0.0832192972328384,0.20307334540617483
0,identity_closure_momentum,H_rho_omega,1,28,0.774826696725358,0.028291209875837293,0.1118507900510827,-0.7168434943348628
0,identity_closure_momentum,H_rho_omega,1,42,1.2742028150985398,0.022852782573023936,0.36582558853823444,0.06784059472708037
0,identity_closure_momentum,H_rho_omega,2,0,0.4873797730544289,0.0005268398936784486,0.5077225104911969,-0.10617443596953913
0,identity_closure_momentum,H_rho_omega,2,14,0.5213818230328472,0.0003273364971954112,0.36384459081474424,-0.7992427851134358
0,identity_closure_momentum,H_rho_omega,2,28,1.2717649453191588,0.0005457981171063527,1.0391165483075628,0.06252151873441825
0,identity_closure_momentum,H_rho_omega,2,42,1.230159198941156,0.0003056265232152429,0.7179431342395318,0.05927389521870785
0,identity_closure_momentum,H_rho_omega,3,0,0.624595112409775,0.0013887847395871132,0.6078037136564042,0.0857911730433929
0,identity_closure_momentum,H_rho_omega,3,14,0.5595685816930442,0.0025329861013942377,0.6126508896316452,-0.027549058160917017
0,identity_closure_momentum,H_rho_omega,3,28,0.5592783812447364,0.002563765608488851,0.7731140658541861,0.043024352558578394
0,identity_closure_momentum,H_rho_omega,3,42,0.6673552195848327,0.0020063310549036845,0.9697298066407557,-0.011760840685329566
0,full_stack,H_current,0,0,1.681887537335103,0.04939283529186618,0.08151919439417007,0.15015394774095714
0,full_stack,H_current,0,14,0.8869417017438846,0.04949428354536993,0.07455770554193615,-0.8851584172300254
0,full_stack,H_current,0,28,1.0514085375074278,0.05027981708628451,0.05446151763869229,0.024859806564345388
0,full_stack,H_current,0,42,1.372637596726506,0.04658367360348343,0.08636776784488304,0.16270925343576836
0,full_stack,H_current,1,0,1.4371322831488667,0.028030345692386566,0.12845621627962767,0.18744600744332085
0,full_stack,H_current,1,14,0.8178522388206935,0.024175694022311903,0.0832192972328384,0.20307334542840438
0,full_stack,H_current,1,28,0.5758339023251248,0.02829120987583726,0.11185079005108263,-0.7168434943138855
0,full_stack,H_current,1,42,1.4981714094410201,0.02285278257302423,0.3658255885382345,0.0678405947166707
0,full_stack,H_current,2,0,0.635569432099903,0.0005268398936789866,0.507722510491197,-0.1061744357183908
0,full_stack,H_current,2,14,0.4505903384139015,0.0003273364971958323,0.36384459081474435,-0.7992427851956816
0,full_stack,H_current,2,28,1.4363615612213705,0.0005457981171067669,1.0391165483075628,0.06252151873243894
0,full_stack,H_current,2,42,1.4341909434274995,0.0003056265232158869,0.7179431342395317,0.05927389521242499
0,full_stack,H_current,3,0,0.7385426890769585,0.0013887847395881447,0.6078037136564042,0.08579117304605366
0,full_stack,H_current,3,14,0.7589167560782483,0.002532986101396068,0.6126508896316453,-0.02754905815762687
0,full_stack,H_current,3,28,0.8702412138248266,0.0025637656084907343,0.7731140658541861,0.043024352558756807
0,full_stack,H_current,3,42,0.7922632406254628,0.0020063310549051964,0.9697298066407557,-0.01176084069071337
0,full_stack,H_source_only,0,0,1.6309056027168365,0.04939283529186618,0.08151919439417007,0.15015394774095714
0,full_stack,H_source_only,0,14,0.8395846843066864,0.04949428354536993,0.07455770554193615,-0.8851584172300254
0,full_stack,H_source_only,0,28,1.0351442871026988,0.05027981708628451,0.05446151763869229,0.024859806564345388
0,full_stack,H_source_only,0,42,1.4073770544056192,0.04658367360348343,0.08636776784488304,0.16270925343576836
0,full_stack,H_source_only,1,0,1.359920988333382,0.028030345692386566,0.12845621627962767,0.18744600744332085
0,full_stack,H_source_only,1,14,0.7089849643347697,0.024175694022311903,0.0832192972328384,0.20307334542840438
0,full_stack,H_source_only,1,28,0.7001025858212023,0.02829120987583726,0.11185079005108263,-0.7168434943138855
0,full_stack,H_source_only,1,42,1.4029967211635146,0.02285278257302423,0.3658255885382345,0.0678405947166707
0,full_stack,H_source_only,2,0,0.5937137845583642,0.0005268398936789866,0.507722510491197,-0.1061744357183908
0,full_stack,H_source_only,2,14,0.5228000615336094,0.0003273364971958323,0.36384459081474435,-0.7992427851956816
0,full_stack,H_source_only,2,28,1.3114691967666239,0.0005457981171067669,1.0391165483075628,0.06252151873243894
0,full_stack,H_source_only,2,42,1.3075979438026388,0.0003056265232158869,0.7179431342395317,0.05927389521242499
0,full_stack,H_source_only,3,0,0.653998784067104,0.0013887847395881447,0.6078037136564042,0.08579117304605366
0,full_stack,H_source_only,3,14,0.6334738438254097,0.002532986101396068,0.6126508896316453,-0.02754905815762687
0,full_stack,H_source_only,3,28,0.6985829903683587,0.0025637656084907343,0.7731140658541861,0.043024352558756807
0,full_stack,H_source_only,3,42,0.7506965096075761,0.0020063310549051964,0.9697298066407557,-0.01176084069071337
0,full_stack,H_response_only,0,0,1.7779217485384895,0.04939283529186618,0.08151919439417007,0.15015394774095714
0,full_stack,H_response_only,0,14,0.9840312632130068,0.04949428354536993,0.07455770554193615,-0.8851584172300254
0,full_stack,H_response_only,0,28,1.098508310114199,0.05027981708628451,0.05446151763869229,0.024859806564345388
0,full_stack,H_response_only,0,42,1.3058939208940248,0.04658367360348343,0.08636776784488304,0.16270925343576836
0,full_stack,H_response_only,1,0,1.5639252625798148,0.028030345692386566,0.12845621627962767,0.18744600744332085
0,full_stack,H_response_only,1,14,0.9782047236041822,0.024175694022311903,0.0832192972328384,0.20307334542840438
0,full_stack,H_response_only,1,28,0.6088879659063307,0.02829120987583726,0.11185079005108263,-0.7168434943138855
0,full_stack,H_response_only,1,42,1.6601015510957946,0.02285278257302423,0.3658255885382345,0.0678405947166707
0,full_stack,H_response_only,2,0,0.6599532752166613,0.0005268398936789866,0.507722510491197,-0.1061744357183908
0,full_stack,H_response_only,2,14,0.27598644701184066,0.0003273364971958323,0.36384459081474435,-0.7992427851956816
0,full_stack,H_response_only,2,28,1.7184842622806,0.0005457981171067669,1.0391165483075628,0.06252151873243894
0,full_stack,H_response_only,2,42,1.6985190529817935,0.0003056265232158869,0.7179431342395317,0.05927389521242499
0,full_stack,H_response_only,3,0,0.8965813911738194,0.0013887847395881447,0.6078037136564042,0.08579117304605366
0,full_stack,H_response_only,3,14,1.0318470940800586,0.002532986101396068,0.6126508896316453,-0.02754905815762687
0,full_stack,H_response_only,3,28,1.2311583186374693,0.0025637656084907343,0.7731140658541861,0.043024352558756807
0,full_stack,H_response_only,3,42,0.9541346201717245,0.0020063310549051964,0.9697298066407557,-0.01176084069071337
0,full_stack,H_source_divflow,0,0,1.4546076661165097,0.04939283529186618,0.08151919439417007,0.15015394774095714
0,full_stack,H_source_divflow,0,14,0.952189250971985,0.04949428354536993,0.07455770554193615,-0.8851584172300254
0,full_stack,H_source_divflow,0,28,1.1026116153085181,0.05027981708628451,0.05446151763869229,0.024859806564345388
0,full_stack,H_source_divflow,0,42,1.221463627298652,0.04658367360348343,0.08636776784488304,0.16270925343576836
0,full_stack,H_source_divflow,1,0,1.211921872240099,0.028030345692386566,0.12845621627962767,0.18744600744332085
0,full_stack,H_source_divflow,1,14,0.5831680005710084,0.024175694022311903,0.0832192972328384,0.20307334542840438
0,full_stack,H_source_divflow,1,28,0.541687888518171,0.02829120987583726,0.11185079005108263,-0.7168434943138855
0,full_stack,H_source_divflow,1,42,1.3071885120035969,0.02285278257302423,0.3658255885382345,0.0678405947166707
0,full_stack,H_source_divflow,2,0,0.4686665959975285,0.0005268398936789866,0.507722510491197,-0.1061744357183908
0,full_stack,H_source_divflow,2,14,0.3646987459721799,0.0003273364971958323,0.36384459081474435,-0.7992427851956816
0,full_stack,H_source_divflow,2,28,1.1233887759359094,0.0005457981171067669,1.0391165483075628,0.06252151873243894
0,full_stack,H_source_divflow,2,42,1.4161574263810366,0.0003056265232158869,0.7179431342395317,0.05927389521242499
0,full_stack,H_source_divflow,3,0,0.5390927045557649,0.0013887847395881447,0.6078037136564042,0.08579117304605366
0,full_stack,H_source_divflow,3,14,0.586388031088978,0.002532986101396068,0.6126508896316453,-0.02754905815762687
0,full_stack,H_source_divflow,3,28,0.6332522265026267,0.0025637656084907343,0.7731140658541861,0.043024352558756807
0,full_stack,H_source_divflow,3,42,0.6594076221800346,0.0020063310549051964,0.9697298066407557,-0.01176084069071337
0,full_stack,H_rho_omega,0,0,1.5294350460291646,0.04939283529186618,0.08151919439417007,0.15015394774095714
0,full_stack,H_rho_omega,0,14,0.8954993228583423,0.04949428354536993,0.07455770554193615,-0.8851584172300254
0,full_stack,H_rho_omega,0,28,0.9467046678182711,0.05027981708628451,0.05446151763869229,0.024859806564345388
0,full_stack,H_rho_omega,0,42,1.5280924692981979,0.04658367360348343,0.08636776784488304,0.16270925343576836
0,full_stack,H_rho_omega,1,0,1.1994225350484808,0.028030345692386566,0.12845621627962767,0.18744600744332085
0,full_stack,H_rho_omega,1,14,0.6651050351767336,0.024175694022311903,0.0832192972328384,0.20307334542840438
0,full_stack,H_rho_omega,1,28,0.7748266967253582,0.02829120987583726,0.11185079005108263,-0.7168434943138855
0,full_stack,H_rho_omega,1,42,1.2742028150985407,0.02285278257302423,0.3658255885382345,0.0678405947166707
0,full_stack,H_rho_omega,2,0,0.48737977305442887,0.0005268398936789866,0.507722510491197,-0.1061744357183908
0,full_stack,H_rho_omega,2,14,0.5213818230328472,0.0003273364971958323,0.36384459081474435,-0.7992427851956816
0,full_stack,H_rho_omega,2,28,1.2717649453191584,0.0005457981171067669,1.0391165483075628,0.06252151873243894
0,full_stack,H_rho_omega,2,42,1.2301591989411558,0.0003056265232158869,0.7179431342395317,0.05927389521242499
0,full_stack,H_rho_omega,3,0,0.6245951124097749,0.0013887847395881447,0.6078037136564042,0.08579117304605366
0,full_stack,H_rho_omega,3,14,0.5595685816930442,0.002532986101396068,0.6126508896316453,-0.02754905815762687
0,full_stack,H_rho_omega,3,28,0.5592783812447372,0.0025637656084907343,0.7731140658541861,0.043024352558756807
0,full_stack,H_rho_omega,3,42,0.6673552195848327,0.0020063310549051964,0.9697298066407557,-0.01176084069071337
1,weak_control,H_current,0,0,1.0244354784840308,0.767548147631329,0.7997563957227001,0.08444898050397509
1,weak_control,H_current,0,14,1.5921165564634214,0.9551294742448988,1.2469304701560204,-0.1879410760814012
1,weak_control,H_current,0,28,0.9916544752138511,1.48549460031864,0.8091260733958398,0.3088892879561185
1,weak_control,H_current,0,42,1.3103362161267746,1.4009394586224977,1.2417345218642304,-0.09708564037067507
1,weak_control,H_current,1,0,1.1996029026090107,0.8400338186770445,1.201619291842839,0.123732937450997
1,weak_control,H_current,1,14,1.0807979512328778,0.537005662601771,1.0506250099444645,0.18862637520912295
1,weak_control,H_current,1,28,0.8936919717735433,1.1003285529173674,0.9744190787274422,-0.20850565409797162
1,weak_control,H_current,1,42,1.5464101356282378,1.0352813995979355,1.3768921016824718,0.04474188976535598
1,weak_control,H_current,2,0,0.7855539076235251,0.8413626421754147,0.6316831959094908,0.34765778222337607
1,weak_control,H_current,2,14,0.5506455746243677,0.1732141244451087,0.330862833039559,-0.8744170312000343
1,weak_control,H_current,2,28,1.316310286596113,0.8685533313551133,0.7729280305886461,0.06553213166939176
1,weak_control,H_current,2,42,1.657812308454906,1.099376438928412,0.806151348955458,0.08141121181722688
1,weak_control,H_current,3,0,0.7796638979401035,0.5631897575326478,0.4850562169982139,-0.018352010570314548
1,weak_control,H_current,3,14,0.7513598946846977,0.9075470637580401,0.725240399721703,-0.050420535641280684
1,weak_control,H_current,3,28,0.7947594573770338,0.567930597254385,0.6401666001130604,-0.04032742507696152
1,weak_control,H_current,3,42,0.9204948583653102,0.6856001648817667,1.0232289725004746,0.05511526759400465
1,weak_control,H_source_only,0,0,1.0250830379739262,0.767548147631329,0.7997563957227001,0.08444898050397509
1,weak_control,H_source_only,0,14,1.5275779327169579,0.9551294742448988,1.2469304701560204,-0.1879410760814012
1,weak_control,H_source_only,0,28,0.9930234360064878,1.48549460031864,0.8091260733958398,0.3088892879561185
1,weak_control,H_source_only,0,42,1.216177606508197,1.4009394586224977,1.2417345218642304,-0.09708564037067507
1,weak_control,H_source_only,1,0,1.0615693124630219,0.8400338186770445,1.201619291842839,0.123732937450997
1,weak_control,H_source_only,1,14,1.0036191831072965,0.537005662601771,1.0506250099444645,0.18862637520912295
1,weak_control,H_source_only,1,28,0.8876889074133778,1.1003285529173674,0.9744190787274422,-0.20850565409797162
1,weak_control,H_source_only,1,42,1.529200408510367,1.0352813995979355,1.3768921016824718,0.04474188976535598
1,weak_control,H_source_only,2,0,0.7198497263547,0.8413626421754147,0.6316831959094908,0.34765778222337607
1,weak_control,H_source_only,2,14,0.5980559484334106,0.1732141244451087,0.330862833039559,-0.8744170312000343
1,weak_control,H_source_only,2,28,1.2886858532110492,0.8685533313551133,0.7729280305886461,0.06553213166939176
1,weak_control,H_source_only,2,42,1.4703707767625025,1.099376438928412,0.806151348955458,0.08141121181722688
1,weak_control,H_source_only,3,0,0.7216393027807003,0.5631897575326478,0.4850562169982139,-0.018352010570314548
1,weak_control,H_source_only,3,14,0.6135942890053818,0.9075470637580401,0.725240399721703,-0.050420535641280684
1,weak_control,H_source_only,3,28,0.6393136973979788,0.567930597254385,0.6401666001130604,-0.04032742507696152
1,weak_control,H_source_only,3,42,0.8636456818775221,0.6856001648817667,1.0232289725004746,0.05511526759400465
1,weak_control,H_response_only,0,0,1.1017372520889153,0.767548147631329,0.7997563957227001,0.08444898050397509
1,weak_control,H_response_only,0,14,1.676195383939734,0.9551294742448988,1.2469304701560204,-0.1879410760814012
1,weak_control,H_response_only,0,28,1.098838989739973,1.48549460031864,0.8091260733958398,0.3088892879561185
1,weak_control,H_response_only,0,42,1.4230794070745396,1.4009394586224977,1.2417345218642304,-0.09708564037067507
1,weak_control,H_response_only,1,0,1.4747838292155317,0.8400338186770445,1.201619291842839,0.123732937450997
1,weak_control,H_response_only,1,14,1.2220560487194174,0.537005662601771,1.0506250099444645,0.18862637520912295
1,weak_control,H_response_only,1,28,0.9848647527416403,1.1003285529173674,0.9744190787274422,-0.20850565409797162
1,weak_control,H_response_only,1,42,1.5352648712006,1.0352813995979355,1.3768921016824718,0.04474188976535598
1,weak_control,H_response_only,2,0,0.910982586684107,0.8413626421754147,0.6316831959094908,0.34765778222337607
1,weak_control,H_response_only,2,14,0.42508745030441725,0.1732141244451087,0.330862833039559,-0.8744170312000343
1,weak_control,H_response_only,2,28,1.3790707319767603,0.8685533313551133,0.7729280305886461,0.06553213166939176
1,weak_control,H_response_only,2,42,2.007434505751549,1.099376438928412,0.806151348955458,0.08141121181722688
1,weak_control,H_response_only,3,0,0.9014038151611179,0.5631897575326478,0.4850562169982139,-0.018352010570314548
1,weak_control,H_response_only,3,14,1.0654776945631577,0.9075470637580401,0.725240399721703,-0.050420535641280684
1,weak_control,H_response_only,3,28,1.1179158272564633,0.567930597254385,0.6401666001130604,-0.04032742507696152
1,weak_control,H_response_only,3,42,1.0359090753891784,0.6856001648817667,1.0232289725004746,0.05511526759400465
1,weak_control,H_source_divflow,0,0,0.9730261878612211,0.767548147631329,0.7997563957227001,0.08444898050397509
1,weak_control,H_source_divflow,0,14,1.4581290688302828,0.9551294742448988,1.2469304701560204,-0.1879410760814012
1,weak_control,H_source_divflow,0,28,1.0177904157166875,1.48549460031864,0.8091260733958398,0.3088892879561185
1,weak_control,H_source_divflow,0,42,1.0380323212572946,1.4009394586224977,1.2417345218642304,-0.09708564037067507
1,weak_control,H_source_divflow,1,0,1.0463491980902069,0.8400338186770445,1.201619291842839,0.123732937450997
1,weak_control,H_source_divflow,1,14,0.9469633351257413,0.537005662601771,1.0506250099444645,0.18862637520912295
1,weak_control,H_source_divflow,1,28,0.7746109470636235,1.1003285529173674,0.9744190787274422,-0.20850565409797162
1,weak_control,H_source_divflow,1,42,1.4524704493116853,1.0352813995979355,1.3768921016824718,0.04474188976535598
1,weak_control,H_source_divflow,2,0,0.6816292142988027,0.8413626421754147,0.6316831959094908,0.34765778222337607
1,weak_control,H_source_divflow,2,14,0.43429037713680624,0.1732141244451087,0.330862833039559,-0.8744170312000343
1,weak_control,H_source_divflow,2,28,1.0916177128988434,0.8685533313551133,0.7729280305886461,0.06553213166939176
1,weak_control,H_source_divflow,2,42,1.8114416679421272,1.099376438928412,0.806151348955458,0.08141121181722688
1,weak_control,H_source_divflow,3,0,0.6360056447298701,0.5631897575326478,0.4850562169982139,-0.018352010570314548
1,weak_control,H_source_divflow,3,14,0.6985178479653535,0.9075470637580401,0.725240399721703,-0.050420535641280684
1,weak_control,H_source_divflow,3,28,0.623919476470738,0.567930597254385,0.6401666001130604,-0.04032742507696152
1,weak_control,H_source_divflow,3,42,0.7250966494138877,0.6856001648817667,1.0232289725004746,0.05511526759400465
1,weak_control,H_rho_omega,0,0,0.7960527842370756,0.767548147631329,0.7997563957227001,0.08444898050397509
1,weak_control,H_rho_omega,0,14,1.2879085577589993,0.9551294742448988,1.2469304701560204,-0.1879410760814012
1,weak_control,H_rho_omega,0,28,1.1632502176039223,1.48549460031864,0.8091260733958398,0.3088892879561185
1,weak_control,H_rho_omega,0,42,1.570895700571083,1.4009394586224977,1.2417345218642304,-0.09708564037067507
1,weak_control,H_rho_omega,1,0,0.9802657069669105,0.8400338186770445,1.201619291842839,0.123732937450997
1,weak_control,H_rho_omega,1,14,0.7083622699533502,0.537005662601771,1.0506250099444645,0.18862637520912295
1,weak_control,H_rho_omega,1,28,1.167598434048566,1.1003285529173674,0.9744190787274422,-0.20850565409797162
1,weak_control,H_rho_omega,1,42,1.7412151010436845,1.0352813995979355,1.3768921016824718,0.04474188976535598
1,weak_control,H_rho_omega,2,0,0.6621803470060751,0.8413626421754147,0.6316831959094908,0.34765778222337607
1,weak_control,H_rho_omega,2,14,0.6181297763610892,0.1732141244451087,0.330862833039559,-0.8744170312000343
1,weak_control,H_rho_omega,2,28,1.577629209486322,0.8685533313551133,0.7729280305886461,0.06553213166939176
1,weak_control,H_rho_omega,2,42,1.4029682050779586,1.099376438928412,0.806151348955458,0.08141121181722688
1,weak_control,H_rho_omega,3,0,0.8459166064567785,0.5631897575326478,0.4850562169982139,-0.018352010570314548
1,weak_control,H_rho_omega,3,14,0.6053926830814954,0.9075470637580401,0.725240399721703,-0.050420535641280684
1,weak_control,H_rho_omega,3,28,0.8776594169167298,0.567930597254385,0.6401666001130604,-0.04032742507696152
1,weak_control,H_rho_omega,3,42,0.9754432689195103,0.6856001648817667,1.0232289725004746,0.05511526759400465
1,identity_only,H_current,0,0,1.6350951253358366,0.04405063684020269,0.08903207602944077,0.7394229298302204
1,identity_only,H_current,0,14,1.0783844059467802,0.05064384166391628,0.06576204168943049,-1.0842810659947002
1,identity_only,H_current,0,28,0.839875508012028,0.04893889316861966,0.052298955103286776,0.40317887097911886
1,identity_only,H_current,0,42,1.4144920196991884,0.050643710873204406,0.0854559980302518,-1.0856632039076772
1,identity_only,H_current,1,0,1.3827302640029433,0.02718525691001228,0.1553073069505441,0.17146557800674322
1,identity_only,H_current,1,14,0.7792596991666534,0.025030133041259322,0.10082870443017147,0.5316507913989936
1,identity_only,H_current,1,28,0.4449069193270269,0.02709059366154468,0.11596387604735779,-0.05892726488287792
1,identity_only,H_current,1,42,1.6119123592850424,0.02426991513426742,0.5065425222203624,0.04827565765306441
1,identity_only,H_current,2,0,0.7326201200301596,0.0006577491883900358,0.4914957456104972,0.3499881412362674
1,identity_only,H_current,2,14,0.5230472577999277,0.00032871524906485456,0.31743386412646,-0.6905795210724188
1,identity_only,H_current,2,28,1.2553035214577781,0.0005595067354189042,0.7480093023071862,0.03591522131030289
1,identity_only,H_current,2,42,1.7464275239375877,0.00032614285925028504,0.7619117447683068,0.2423395836859692
1,identity_only,H_current,3,0,0.7264360042493416,0.0023516217114629583,0.5438211342743657,0.08089996011379674
1,identity_only,H_current,3,14,0.6493920800680474,0.0023632111861514263,0.784969485248043,-0.030281457232733233
1,identity_only,H_current,3,28,0.8697294944079863,0.004808022851888699,0.7030654712234232,0.04230295388867744
1,identity_only,H_current,3,42,0.8498249305097223,0.0018270196897446768,1.1115280475269196,0.06815605050185047
1,identity_only,H_source_only,0,0,1.622929290612034,0.04405063684020269,0.08903207602944077,0.7394229298302204
1,identity_only,H_source_only,0,14,0.9865514303463945,0.05064384166391628,0.06576204168943049,-1.0842810659947002
1,identity_only,H_source_only,0,28,0.9091036478894706,0.04893889316861966,0.052298955103286776,0.40317887097911886
1,identity_only,H_source_only,0,42,1.4118935469346567,0.050643710873204406,0.0854559980302518,-1.0856632039076772
1,identity_only,H_source_only,1,0,1.3020022849132606,0.02718525691001228,0.1553073069505441,0.17146557800674322
1,identity_only,H_source_only,1,14,0.7159180842023313,0.025030133041259322,0.10082870443017147,0.5316507913989936
1,identity_only,H_source_only,1,28,0.5324065317090632,0.02709059366154468,0.11596387604735779,-0.05892726488287792
1,identity_only,H_source_only,1,42,1.5792308658134417,0.02426991513426742,0.5065425222203624,0.04827565765306441
1,identity_only,H_source_only,2,0,0.6775741852359143,0.0006577491883900358,0.4914957456104972,0.3499881412362674
1,identity_only,H_source_only,2,14,0.5365492421570718,0.00032871524906485456,0.31743386412646,-0.6905795210724188
1,identity_only,H_source_only,2,28,1.2337344401130645,0.0005595067354189042,0.7480093023071862,0.03591522131030289
1,identity_only,H_source_only,2,42,1.5586790340551768,0.00032614285925028504,0.7619117447683068,0.2423395836859692
1,identity_only,H_source_only,3,0,0.5921790635372498,0.0023516217114629583,0.5438211342743657,0.08089996011379674
1,identity_only,H_source_only,3,14,0.572764022777538,0.0023632111861514263,0.784969485248043,-0.030281457232733233
1,identity_only,H_source_only,3,28,0.6610619871628772,0.004808022851888699,0.7030654712234232,0.04230295388867744
1,identity_only,H_source_only,3,42,0.7903280385841499,0.0018270196897446768,1.1115280475269196,0.06815605050185047
1,identity_only,H_response_only,0,0,1.7212882927584765,0.04405063684020269,0.08903207602944077,0.7394229298302204
1,identity_only,H_response_only,0,14,1.1191299864679205,0.05064384166391628,0.06576204168943049,-1.0842810659947002
1,identity_only,H_response_only,0,28,0.9573534715039674,0.04893889316861966,0.052298955103286776,0.40317887097911886
1,identity_only,H_response_only,0,42,1.3697120133211083,0.050643710873204406,0.0854559980302518,-1.0856632039076772
1,identity_only,H_response_only,1,0,1.6024022657465873,0.02718525691001228,0.1553073069505441,0.17146557800674322
1,identity_only,H_response_only,1,14,0.8935549845657452,0.025030133041259322,0.10082870443017147,0.5316507913989936
1,identity_only,H_response_only,1,28,0.4775240055676988,0.02709059366154468,0.11596387604735779,-0.05892726488287792
1,identity_only,H_response_only,1,42,1.6353057366297024,0.02426991513426742,0.5065425222203624,0.04827565765306441
1,identity_only,H_response_only,2,0,0.9167763350199887,0.0006577491883900358,0.4914957456104972,0.3499881412362674
1,identity_only,H_response_only,2,14,0.4523622472927284,0.00032871524906485456,0.31743386412646,-0.6905795210724188
1,identity_only,H_response_only,2,28,1.376167709335505,0.0005595067354189042,0.7480093023071862,0.03591522131030289
1,identity_only,H_response_only,2,42,2.0498337751378273,0.00032614285925028504,0.7619117447683068,0.2423395836859692
1,identity_only,H_response_only,3,0,0.950405146422047,0.0023516217114629583,0.5438211342743657,0.08089996011379674
1,identity_only,H_response_only,3,14,0.8892205509317743,0.0023632111861514263,0.784969485248043,-0.030281457232733233
1,identity_only,H_response_only,3,28,1.3378719803463712,0.004808022851888699,0.7030654712234232,0.04230295388867744
1,identity_only,H_response_only,3,42,1.073109486207576,0.0018270196897446768,1.1115280475269196,0.06815605050185047
1,identity_only,H_source_divflow,0,0,1.4416734218199854,0.04405063684020269,0.08903207602944077,0.7394229298302204
1,identity_only,H_source_divflow,0,14,1.0963412979532012,0.05064384166391628,0.06576204168943049,-1.0842810659947002
1,identity_only,H_source_divflow,0,28,0.9666440466655669,0.04893889316861966,0.052298955103286776,0.40317887097911886
1,identity_only,H_source_divflow,0,42,1.2364705132230296,0.050643710873204406,0.0854559980302518,-1.0856632039076772
1,identity_only,H_source_divflow,1,0,1.211585046103572,0.02718525691001228,0.1553073069505441,0.17146557800674322
1,identity_only,H_source_divflow,1,14,0.5079238320893278,0.025030133041259322,0.10082870443017147,0.5316507913989936
1,identity_only,H_source_divflow,1,28,0.40076601668456663,0.02709059366154468,0.11596387604735779,-0.05892726488287792
1,identity_only,H_source_divflow,1,42,1.4560585691164158,0.02426991513426742,0.5065425222203624,0.04827565765306441
1,identity_only,H_source_divflow,2,0,0.5876193038286033,0.0006577491883900358,0.4914957456104972,0.3499881412362674
1,identity_only,H_source_divflow,2,14,0.38244042732219036,0.00032871524906485456,0.31743386412646,-0.6905795210724188
1,identity_only,H_source_divflow,2,28,0.9797520795422836,0.0005595067354189042,0.7480093023071862,0.03591522131030289
1,identity_only,H_source_divflow,2,42,1.8453115143503134,0.00032614285925028504,0.7619117447683068,0.2423395836859692
1,identity_only,H_source_divflow,3,0,0.5442138631345872,0.0023516217114629583,0.5438211342743657,0.08089996011379674
1,identity_only,H_source_divflow,3,14,0.5706784074166839,0.0023632111861514263,0.784969485248043,-0.030281457232733233
1,identity_only,H_source_divflow,3,28,0.5752335155849158,0.004808022851888699,0.7030654712234232,0.04230295388867744
1,identity_only,H_source_divflow,3,42,0.6308372009061127,0.0018270196897446768,1.1115280475269196,0.06815605050185047
1,identity_only,H_rho_omega,0,0,1.5276073902143787,0.04405063684020269,0.08903207602944077,0.7394229298302204
1,identity_only,H_rho_omega,0,14,1.025482898512875,0.05064384166391628,0.06576204168943049,-1.0842810659947002
1,identity_only,H_rho_omega,0,28,0.8030006431482424,0.04893889316861966,0.052298955103286776,0.40317887097911886
1,identity_only,H_rho_omega,0,42,1.5315500499077364,0.050643710873204406,0.0854559980302518,-1.0856632039076772
1,identity_only,H_rho_omega,1,0,1.197405515993725,0.02718525691001228,0.1553073069505441,0.17146557800674322
1,identity_only,H_rho_omega,1,14,0.6485749660251434,0.025030133041259322,0.10082870443017147,0.5316507913989936
1,identity_only,H_rho_omega,1,28,0.6934328621654225,0.02709059366154468,0.11596387604735779,-0.05892726488287792
1,identity_only,H_rho_omega,1,42,1.469984751441242,0.02426991513426742,0.5065425222203624,0.04827565765306441
1,identity_only,H_rho_omega,2,0,0.48809681890454293,0.0006577491883900358,0.4914957456104972,0.3499881412362674
1,identity_only,H_rho_omega,2,14,0.5391697786006722,0.00032871524906485456,0.31743386412646,-0.6905795210724188
1,identity_only,H_rho_omega,2,28,1.2976478042072859,0.0005595067354189042,0.7480093023071862,0.03591522131030289
1,identity_only,H_rho_omega,2,42,1.404810754110264,0.00032614285925028504,0.7619117447683068,0.2423395836859692
1,identity_only,H_rho_omega,3,0,0.5427305315638309,0.0023516217114629583,0.5438211342743657,0.08089996011379674
1,identity_only,H_rho_omega,3,14,0.4493105932414907,0.0023632111861514263,0.784969485248043,-0.030281457232733233
1,identity_only,H_rho_omega,3,28,0.5528849207261788,0.004808022851888699,0.7030654712234232,0.04230295388867744
1,identity_only,H_rho_omega,3,42,0.7164606471455287,0.0018270196897446768,1.1115280475269196,0.06815605050185047
1,closure_only,H_current,0,0,1.4066569643198321,0.671365595791306,1.193564135387287,0.6751982136972942
1,closure_only,H_current,0,14,1.1131591424681764,1.4873483039979278,1.6435753896729668,1.3292841740035235
1,closure_only,H_current,0,28,0.5013340462450827,1.580021422443763,1.5562556619067895,0.6000100830120724
1,closure_only,H_current,0,42,1.6906193384477848,0.5824565490553764,1.2197352977041072,-0.30732448007733804
1,closure_only,H_current,1,0,1.3985137835745076,1.608780465685602,1.5230128607145494,1.0575724975787364
1,closure_only,H_current,1,14,0.6500806997635478,1.0248030090518572,0.9954448429480499,1.093481888715447
1,closure_only,H_current,1,28,0.8458389458061379,1.5043581608265737,1.1377841370403214,1.6954647636432343
1,closure_only,H_current,1,42,1.4945097903352824,2.3501223557761035,1.7238262001773215,1.62861838621837
1,closure_only,H_current,2,0,1.062110141778766,1.799188199520952,0.8837981623297606,0.746566487132869
1,closure_only,H_current,2,14,0.5386174509247226,0.1342708918438407,0.3038468754716031,0.21644735514515726
1,closure_only,H_current,2,28,1.1811529188216243,1.1225587082276898,0.7527343963697118,0.36296015935703074
1,closure_only,H_current,2,42,1.591334094145692,2.208917166656821,0.8746194930223925,1.2357555299465899
1,closure_only,H_current,3,0,0.6655450598736502,1.3552414808823088,0.4985190833607928,1.040801504874355
1,closure_only,H_current,3,14,0.7332993658574118,0.8002378050266624,0.9691329123409951,0.23825996016284767
1,closure_only,H_current,3,28,0.8257732761056443,1.7769393571702434,0.6061947994080654,1.2419551058128204
1,closure_only,H_current,3,42,0.8892800212654308,1.6454449150446737,1.1359761481153403,1.116833841481312
1,closure_only,H_source_only,0,0,1.4294535406546585,0.671365595791306,1.193564135387287,0.6751982136972942
1,closure_only,H_source_only,0,14,1.058198153264563,1.4873483039979278,1.6435753896729668,1.3292841740035235
1,closure_only,H_source_only,0,28,0.7088264255644438,1.580021422443763,1.5562556619067895,0.6000100830120724
1,closure_only,H_source_only,0,42,1.569688040669245,0.5824565490553764,1.2197352977041072,-0.30732448007733804
1,closure_only,H_source_only,1,0,1.344016285480897,1.608780465685602,1.5230128607145494,1.0575724975787364
1,closure_only,H_source_only,1,14,0.6675699268672267,1.0248030090518572,0.9954448429480499,1.093481888715447
1,closure_only,H_source_only,1,28,0.7681484038924797,1.5043581608265737,1.1377841370403214,1.6954647636432343
1,closure_only,H_source_only,1,42,1.4579863507338882,2.3501223557761035,1.7238262001773215,1.62861838621837
1,closure_only,H_source_only,2,0,0.867223866813929,1.799188199520952,0.8837981623297606,0.746566487132869
1,closure_only,H_source_only,2,14,0.5529930392943735,0.1342708918438407,0.3038468754716031,0.21644735514515726
1,closure_only,H_source_only,2,28,1.2091546839641698,1.1225587082276898,0.7527343963697118,0.36296015935703074
1,closure_only,H_source_only,2,42,1.5048719405909279,2.208917166656821,0.8746194930223925,1.2357555299465899
1,closure_only,H_source_only,3,0,0.5947769485784902,1.3552414808823088,0.4985190833607928,1.040801504874355
1,closure_only,H_source_only,3,14,0.5467176912850095,0.8002378050266624,0.9691329123409951,0.23825996016284767
1,closure_only,H_source_only,3,28,0.6812810402463869,1.7769393571702434,0.6061947994080654,1.2419551058128204
1,closure_only,H_source_only,3,42,0.8051966565141684,1.6454449150446737,1.1359761481153403,1.116833841481312
1,closure_only,H_response_only,0,0,1.3964212936073004,0.671365595791306,1.193564135387287,0.6751982136972942
1,closure_only,H_response_only,0,14,1.0458871527657136,1.4873483039979278,1.6435753896729668,1.3292841740035235
1,closure_only,H_response_only,0,28,0.6421504659457882,1.580021422443763,1.5562556619067895,0.6000100830120724
1,closure_only,H_response_only,0,42,1.8646007596580934,0.5824565490553764,1.2197352977041072,-0.30732448007733804
1,closure_only,H_response_only,1,0,1.5681138503654994,1.608780465685602,1.5230128607145494,1.0575724975787364
1,closure_only,H_response_only,1,14,0.632160448155758,1.0248030090518572,0.9954448429480499,1.093481888715447
1,closure_only,H_response_only,1,28,0.9456979487642657,1.5043581608265737,1.1377841370403214,1.6954647636432343
1,closure_only,H_response_only,1,42,1.6042564084905664,2.3501223557761035,1.7238262001773215,1.62861838621837
1,closure_only,H_response_only,2,0,1.4558103600952852,1.799188199520952,0.8837981623297606,0.746566487132869
1,closure_only,H_response_only,2,14,0.4752805006887157,0.1342708918438407,0.3038468754716031,0.21644735514515726
1,closure_only,H_response_only,2,28,1.1064527962348873,1.1225587082276898,0.7527343963697118,0.36296015935703074
1,closure_only,H_response_only,2,42,1.7418554686209387,2.208917166656821,0.8746194930223925,1.2357555299465899
1,closure_only,H_response_only,3,0,0.873998245435537,1.3552414808823088,0.4985190833607928,1.040801504874355
1,closure_only,H_response_only,3,14,1.087038577332485,0.8002378050266624,0.9691329123409951,0.23825996016284767
1,closure_only,H_response_only,3,28,1.1576130153863673,1.7769393571702434,0.6061947994080654,1.2419551058128204
1,closure_only,H_response_only,3,42,1.018487458031089,1.6454449150446737,1.1359761481153403,1.116833841481312
1,closure_only,H_source_divflow,0,0,1.556004813468833,0.671365595791306,1.193564135387287,0.6751982136972942
1,closure_only,H_source_divflow,0,14,0.750212733675899,1.4873483039979278,1.6435753896729668,1.3292841740035235
1,closure_only,H_source_divflow,0,28,1.1270655715779858,1.580021422443763,1.5562556619067895,0.6000100830120724
1,closure_only,H_source_divflow,0,42,1.7375536501486486,0.5824565490553764,1.2197352977041072,-0.30732448007733804
1,closure_only,H_source_divflow,1,0,1.6603836704933461,1.608780465685602,1.5230128607145494,1.0575724975787364
1,closure_only,H_source_divflow,1,14,0.9634998371363734,1.0248030090518572,0.9954448429480499,1.093481888715447
1,closure_only,H_source_divflow,1,28,0.4847835271642446,1.5043581608265737,1.1377841370403214,1.6954647636432343
1,closure_only,H_source_divflow,1,42,1.7879837845439992,2.3501223557761035,1.7238262001773215,1.62861838621837
1,closure_only,H_source_divflow,2,0,1.4197423661124409,1.799188199520952,0.8837981623297606,0.746566487132869
1,closure_only,H_source_divflow,2,14,0.49129633389290056,0.1342708918438407,0.3038468754716031,0.21644735514515726
1,closure_only,H_source_divflow,2,28,1.0947939062393937,1.1225587082276898,0.7527343963697118,0.36296015935703074
1,closure_only,H_source_divflow,2,42,1.7027484216011224,2.208917166656821,0.8746194930223925,1.2357555299465899
1,closure_only,H_source_divflow,3,0,0.8156024065338453,1.3552414808823088,0.4985190833607928,1.040801504874355
1,closure_only,H_source_divflow,3,14,0.8806629363035623,0.8002378050266624,0.9691329123409951,0.23825996016284767
1,closure_only,H_source_divflow,3,28,1.139612744115875,1.7769393571702434,0.6061947994080654,1.2419551058128204
1,closure_only,H_source_divflow,3,42,0.9085621068929811,1.6454449150446737,1.1359761481153403,1.116833841481312
1,closure_only,H_rho_omega,0,0,1.3664417290667654,0.671365595791306,1.193564135387287,0.6751982136972942
1,closure_only,H_rho_omega,0,14,1.1228519241269337,1.4873483039979278,1.6435753896729668,1.3292841740035235
1,closure_only,H_rho_omega,0,28,1.0906961592919227,1.580021422443763,1.5562556619067895,0.6000100830120724
1,closure_only,H_rho_omega,0,42,1.504333205148716,0.5824565490553764,1.2197352977041072,-0.30732448007733804
1,closure_only,H_rho_omega,1,0,1.208186043096553,1.608780465685602,1.5230128607145494,1.0575724975787364
1,closure_only,H_rho_omega,1,14,0.6350330906462753,1.0248030090518572,0.9954448429480499,1.093481888715447
1,closure_only,H_rho_omega,1,28,0.854599840713633,1.5043581608265737,1.1377841370403214,1.6954647636432343
1,closure_only,H_rho_omega,1,42,1.5647231062937677,2.3501223557761035,1.7238262001773215,1.62861838621837
1,closure_only,H_rho_omega,2,0,0.8393100717236662,1.799188199520952,0.8837981623297606,0.746566487132869
1,closure_only,H_rho_omega,2,14,0.5643885725655587,0.1342708918438407,0.3038468754716031,0.21644735514515726
1,closure_only,H_rho_omega,2,28,1.280593823639911,1.1225587082276898,0.7527343963697118,0.36296015935703074
1,closure_only,H_rho_omega,2,42,1.2773255593496142,2.208917166656821,0.8746194930223925,1.2357555299465899
1,closure_only,H_rho_omega,3,0,0.7692235853740133,1.3552414808823088,0.4985190833607928,1.040801504874355
1,closure_only,H_rho_omega,3,14,0.5139065320706258,0.8002378050266624,0.9691329123409951,0.23825996016284767
1,closure_only,H_rho_omega,3,28,0.8651152262640935,1.7769393571702434,0.6061947994080654,1.2419551058128204
1,closure_only,H_rho_omega,3,42,0.7507853668509448,1.6454449150446737,1.1359761481153403,1.116833841481312
1,identity_plus_closure,H_current,0,0,1.6749122403960957,0.044050636840202315,0.08903207602944056,0.2510117374997508
1,identity_plus_closure,H_current,0,14,1.027830318556426,0.05064384166391679,0.06576204168943042,-1.0343775582924841
1,identity_plus_closure,H_current,0,28,0.9376158431098276,0.048938893168619636,0.052298955103286714,0.0710341298140219
1,identity_plus_closure,H_current,0,42,1.3684276368945534,0.0506437108732044,0.08545599803025172,-0.5609828278226114
1,identity_plus_closure,H_current,1,0,1.3922290340015646,0.02718525691001223,0.15530730695054434,0.20764062027808194
1,identity_plus_closure,H_current,1,14,0.7837539085065993,0.025030133041259298,0.10082870443017153,0.3337514062767032
1,identity_plus_closure,H_current,1,28,0.42543927620269983,0.027090593661544697,0.11596387604735774,-0.7686946561532498
1,identity_plus_closure,H_current,1,42,1.6471277653020115,0.024269915134267468,0.5065425222203624,0.10516556245545516
1,identity_plus_closure,H_current,2,0,0.7199009049911271,0.0006577491883907063,0.49149574561049714,-0.02476633257322025
1,identity_plus_closure,H_current,2,14,0.46752634299452683,0.00032871524906495013,0.31743386412645996,-0.9577621239387959
1,identity_plus_closure,H_current,2,28,1.2810059457899114,0.0005595067354190451,0.7480093023071861,0.029965847742455476
1,identity_plus_closure,H_current,2,42,1.7340021167038477,0.00032614285925051674,0.7619117447683066,0.11895165256952889
1,identity_plus_closure,H_current,3,0,0.7012936743132985,0.0023516217114634896,0.543821134274366,0.06141818839274904
1,identity_plus_closure,H_current,3,14,0.7204396664577177,0.002363211186151887,0.7849694852480431,-0.017717783128321063
1,identity_plus_closure,H_current,3,28,0.8355715752693852,0.004808022851889876,0.7030654712234233,0.004081832116823669
1,identity_plus_closure,H_current,3,42,0.8056750653784972,0.0018270196897453373,1.1115280475269194,0.04362044204582893
1,identity_plus_closure,H_source_only,0,0,1.622929290612034,0.044050636840202315,0.08903207602944056,0.2510117374997508
1,identity_plus_closure,H_source_only,0,14,0.9865514303463947,0.05064384166391679,0.06576204168943042,-1.0343775582924841
1,identity_plus_closure,H_source_only,0,28,0.9091036478894705,0.048938893168619636,0.052298955103286714,0.0710341298140219
1,identity_plus_closure,H_source_only,0,42,1.411893546934657,0.0506437108732044,0.08545599803025172,-0.5609828278226114
1,identity_plus_closure,H_source_only,1,0,1.3020022849132606,0.02718525691001223,0.15530730695054434,0.20764062027808194
1,identity_plus_closure,H_source_only,1,14,0.7159180842023314,0.025030133041259298,0.10082870443017153,0.3337514062767032
1,identity_plus_closure,H_source_only,1,28,0.5324065317090633,0.027090593661544697,0.11596387604735774,-0.7686946561532498
1,identity_plus_closure,H_source_only,1,42,1.5792308658134422,0.024269915134267468,0.5065425222203624,0.10516556245545516
1,identity_plus_closure,H_source_only,2,0,0.6775741852359144,0.0006577491883907063,0.49149574561049714,-0.02476633257322025
1,identity_plus_closure,H_source_only,2,14,0.5365492421570718,0.00032871524906495013,0.31743386412645996,-0.9577621239387959
1,identity_plus_closure,H_source_only,2,28,1.2337344401130645,0.0005595067354190451,0.7480093023071861,0.029965847742455476
1,identity_plus_closure,H_source_only,2,42,1.5586790340551768,0.00032614285925051674,0.7619117447683066,0.11895165256952889
1,identity_plus_closure,H_source_only,3,0,0.5921790635372498,0.0023516217114634896,0.543821134274366,0.06141818839274904
1,identity_plus_closure,H_source_only,3,14,0.5727640227775382,0.002363211186151887,0.7849694852480431,-0.017717783128321063
1,identity_plus_closure,H_source_only,3,28,0.6610619871628772,0.004808022851889876,0.7030654712234233,0.004081832116823669
1,identity_plus_closure,H_source_only,3,42,0.7903280385841499,0.0018270196897453373,1.1115280475269194,0.04362044204582893
1,identity_plus_closure,H_response_only,0,0,1.78043829170562,0.044050636840202315,0.08903207602944056,0.2510117374997508
1,identity_plus_closure,H_response_only,0,14,1.0989706569267488,0.05064384166391679,0.06576204168943042,-1.0343775582924841
1,identity_plus_closure,H_response_only,0,28,1.0246322308816296,0.048938893168619636,0.052298955103286714,0.0710341298140219
1,identity_plus_closure,H_response_only,0,42,1.2759009052974863,0.0506437108732044,0.08545599803025172,-0.5609828278226114
1,identity_plus_closure,H_response_only,1,0,1.5507312852078232,0.02718525691001223,0.15530730695054434,0.20764062027808194
1,identity_plus_closure,H_response_only,1,14,0.8615170286323496,0.025030133041259298,0.10082870443017153,0.3337514062767032
1,identity_plus_closure,H_response_only,1,28,0.6008805048114735,0.027090593661544697,0.11596387604735774,-0.7686946561532498
1,identity_plus_closure,H_response_only,1,42,1.7520871193965237,0.024269915134267468,0.5065425222203624,0.10516556245545516
1,identity_plus_closure,H_response_only,2,0,0.7551632710653713,0.0006577491883907063,0.49149574561049714,-0.02476633257322025
1,identity_plus_closure,H_response_only,2,14,0.2961100147623498,0.00032871524906495013,0.31743386412645996,-0.9577621239387959
1,identity_plus_closure,H_response_only,2,28,1.4037028740523305,0.0005595067354190451,0.7480093023071861,0.029965847742455476
1,identity_plus_closure,H_response_only,2,42,2.0849584028698596,0.00032614285925051674,0.7619117447683066,0.11895165256952889
1,identity_plus_closure,H_response_only,3,0,0.9313821627153512,0.0023516217114634896,0.543821134274366,0.06141818839274904
1,identity_plus_closure,H_response_only,3,14,1.0520189669816893,0.002363211186151887,0.7849694852480431,-0.017717783128321063
1,identity_plus_closure,H_response_only,3,28,1.181070748973335,0.004808022851889876,0.7030654712234233,0.004081832116823669
1,identity_plus_closure,H_response_only,3,42,0.8881396206241571,0.0018270196897453373,1.1115280475269194,0.04362044204582893
1,identity_plus_closure,H_source_divflow,0,0,1.4416734218199856,0.044050636840202315,0.08903207602944056,0.2510117374997508
1,identity_plus_closure,H_source_divflow,0,14,1.096341297953201,0.05064384166391679,0.06576204168943042,-1.0343775582924841
1,identity_plus_closure,H_source_divflow,0,28,0.9666440466655667,0.048938893168619636,0.052298955103286714,0.0710341298140219
1,identity_plus_closure,H_source_divflow,0,42,1.23647051322303,0.0506437108732044,0.08545599803025172,-0.5609828278226114
1,identity_plus_closure,H_source_divflow,1,0,1.211585046103572,0.02718525691001223,0.15530730695054434,0.20764062027808194
1,identity_plus_closure,H_source_divflow,1,14,0.5079238320893279,0.025030133041259298,0.10082870443017153,0.3337514062767032
1,identity_plus_closure,H_source_divflow,1,28,0.40076601668456663,0.027090593661544697,0.11596387604735774,-0.7686946561532498
1,identity_plus_closure,H_source_divflow,1,42,1.4560585691164158,0.024269915134267468,0.5065425222203624,0.10516556245545516
1,identity_plus_closure,H_source_divflow,2,0,0.5876193038286032,0.0006577491883907063,0.49149574561049714,-0.02476633257322025
1,identity_plus_closure,H_source_divflow,2,14,0.3824404273221904,0.00032871524906495013,0.31743386412645996,-0.9577621239387959
1,identity_plus_closure,H_source_divflow,2,28,0.9797520795422835,0.0005595067354190451,0.7480093023071861,0.029965847742455476
1,identity_plus_closure,H_source_divflow,2,42,1.845311514350313,0.00032614285925051674,0.7619117447683066,0.11895165256952889
1,identity_plus_closure,H_source_divflow,3,0,0.5442138631345871,0.0023516217114634896,0.543821134274366,0.06141818839274904
1,identity_plus_closure,H_source_divflow,3,14,0.570678407416684,0.002363211186151887,0.7849694852480431,-0.017717783128321063
1,identity_plus_closure,H_source_divflow,3,28,0.5752335155849159,0.004808022851889876,0.7030654712234233,0.004081832116823669
1,identity_plus_closure,H_source_divflow,3,42,0.6308372009061127,0.0018270196897453373,1.1115280475269194,0.04362044204582893
1,identity_plus_closure,H_rho_omega,0,0,1.5276073902143785,0.044050636840202315,0.08903207602944056,0.2510117374997508
1,identity_plus_closure,H_rho_omega,0,14,1.0254828985128743,0.05064384166391679,0.06576204168943042,-1.0343775582924841
1,identity_plus_closure,H_rho_omega,0,28,0.8030006431482419,0.048938893168619636,0.052298955103286714,0.0710341298140219
1,identity_plus_closure,H_rho_omega,0,42,1.531550049907737,0.0506437108732044,0.08545599803025172,-0.5609828278226114
1,identity_plus_closure,H_rho_omega,1,0,1.197405515993725,0.02718525691001223,0.15530730695054434,0.20764062027808194
1,identity_plus_closure,H_rho_omega,1,14,0.6485749660251438,0.025030133041259298,0.10082870443017153,0.3337514062767032
1,identity_plus_closure,H_rho_omega,1,28,0.6934328621654217,0.027090593661544697,0.11596387604735774,-0.7686946561532498
1,identity_plus_closure,H_rho_omega,1,42,1.469984751441243,0.024269915134267468,0.5065425222203624,0.10516556245545516
1,identity_plus_closure,H_rho_omega,2,0,0.48809681890454354,0.0006577491883907063,0.49149574561049714,-0.02476633257322025
1,identity_plus_closure,H_rho_omega,2,14,0.5391697786006722,0.00032871524906495013,0.31743386412645996,-0.9577621239387959
1,identity_plus_closure,H_rho_omega,2,28,1.2976478042072859,0.0005595067354190451,0.7480093023071861,0.029965847742455476
1,identity_plus_closure,H_rho_omega,2,42,1.4048107541102641,0.00032614285925051674,0.7619117447683066,0.11895165256952889
1,identity_plus_closure,H_rho_omega,3,0,0.5427305315638311,0.0023516217114634896,0.543821134274366,0.06141818839274904
1,identity_plus_closure,H_rho_omega,3,14,0.44931059324149,0.002363211186151887,0.7849694852480431,-0.017717783128321063
1,identity_plus_closure,H_rho_omega,3,28,0.552884920726179,0.004808022851889876,0.7030654712234233,0.004081832116823669
1,identity_plus_closure,H_rho_omega,3,42,0.7164606471455288,0.0018270196897453373,1.1115280475269194,0.04362044204582893
1,identity_closure_momentum,H_current,0,0,1.6749122403960957,0.044050636840202315,0.08903207602944056,0.2510117374997508
1,identity_closure_momentum,H_current,0,14,1.027830318556426,0.05064384166391679,0.06576204168943042,-1.0343775582924841
1,identity_closure_momentum,H_current,0,28,0.9376158431098276,0.048938893168619636,0.052298955103286714,0.0710341298140219
1,identity_closure_momentum,H_current,0,42,1.3684276368945534,0.0506437108732044,0.08545599803025172,-0.5609828278226114
1,identity_closure_momentum,H_current,1,0,1.3922290340015646,0.02718525691001223,0.15530730695054434,0.20764062027808194
1,identity_closure_momentum,H_current,1,14,0.7837539085065993,0.025030133041259298,0.10082870443017153,0.3337514062767032
1,identity_closure_momentum,H_current,1,28,0.42543927620269983,0.027090593661544697,0.11596387604735774,-0.7686946561532498
1,identity_closure_momentum,H_current,1,42,1.6471277653020115,0.024269915134267468,0.5065425222203624,0.10516556245545516
1,identity_closure_momentum,H_current,2,0,0.7199009049911271,0.0006577491883907063,0.49149574561049714,-0.02476633257322025
1,identity_closure_momentum,H_current,2,14,0.46752634299452683,0.00032871524906495013,0.31743386412645996,-0.9577621239387959
1,identity_closure_momentum,H_current,2,28,1.2810059457899114,0.0005595067354190451,0.7480093023071861,0.029965847742455476
1,identity_closure_momentum,H_current,2,42,1.7340021167038477,0.00032614285925051674,0.7619117447683066,0.11895165256952889
1,identity_closure_momentum,H_current,3,0,0.7012936743132985,0.0023516217114634896,0.543821134274366,0.06141818839274904
1,identity_closure_momentum,H_current,3,14,0.7204396664577177,0.002363211186151887,0.7849694852480431,-0.017717783128321063
1,identity_closure_momentum,H_current,3,28,0.8355715752693852,0.004808022851889876,0.7030654712234233,0.004081832116823669
1,identity_closure_momentum,H_current,3,42,0.8056750653784972,0.0018270196897453373,1.1115280475269194,0.04362044204582893
1,identity_closure_momentum,H_source_only,0,0,1.622929290612034,0.044050636840202315,0.08903207602944056,0.2510117374997508
1,identity_closure_momentum,H_source_only,0,14,0.9865514303463947,0.05064384166391679,0.06576204168943042,-1.0343775582924841
1,identity_closure_momentum,H_source_only,0,28,0.9091036478894705,0.048938893168619636,0.052298955103286714,0.0710341298140219
1,identity_closure_momentum,H_source_only,0,42,1.411893546934657,0.0506437108732044,0.08545599803025172,-0.5609828278226114
1,identity_closure_momentum,H_source_only,1,0,1.3020022849132606,0.02718525691001223,0.15530730695054434,0.20764062027808194
1,identity_closure_momentum,H_source_only,1,14,0.7159180842023314,0.025030133041259298,0.10082870443017153,0.3337514062767032
1,identity_closure_momentum,H_source_only,1,28,0.5324065317090633,0.027090593661544697,0.11596387604735774,-0.7686946561532498
1,identity_closure_momentum,H_source_only,1,42,1.5792308658134422,0.024269915134267468,0.5065425222203624,0.10516556245545516
1,identity_closure_momentum,H_source_only,2,0,0.6775741852359144,0.0006577491883907063,0.49149574561049714,-0.02476633257322025
1,identity_closure_momentum,H_source_only,2,14,0.5365492421570718,0.00032871524906495013,0.31743386412645996,-0.9577621239387959
1,identity_closure_momentum,H_source_only,2,28,1.2337344401130645,0.0005595067354190451,0.7480093023071861,0.029965847742455476
1,identity_closure_momentum,H_source_only,2,42,1.5586790340551768,0.00032614285925051674,0.7619117447683066,0.11895165256952889
1,identity_closure_momentum,H_source_only,3,0,0.5921790635372498,0.0023516217114634896,0.543821134274366,0.06141818839274904
1,identity_closure_momentum,H_source_only,3,14,0.5727640227775382,0.002363211186151887,0.7849694852480431,-0.017717783128321063
1,identity_closure_momentum,H_source_only,3,28,0.6610619871628772,0.004808022851889876,0.7030654712234233,0.004081832116823669
1,identity_closure_momentum,H_source_only,3,42,0.7903280385841499,0.0018270196897453373,1.1115280475269194,0.04362044204582893
1,identity_closure_momentum,H_response_only,0,0,1.78043829170562,0.044050636840202315,0.08903207602944056,0.2510117374997508
1,identity_closure_momentum,H_response_only,0,14,1.0989706569267488,0.05064384166391679,0.06576204168943042,-1.0343775582924841
1,identity_closure_momentum,H_response_only,0,28,1.0246322308816296,0.048938893168619636,0.052298955103286714,0.0710341298140219
1,identity_closure_momentum,H_response_only,0,42,1.2759009052974863,0.0506437108732044,0.08545599803025172,-0.5609828278226114
1,identity_closure_momentum,H_response_only,1,0,1.5507312852078232,0.02718525691001223,0.15530730695054434,0.20764062027808194
1,identity_closure_momentum,H_response_only,1,14,0.8615170286323496,0.025030133041259298,0.10082870443017153,0.3337514062767032
1,identity_closure_momentum,H_response_only,1,28,0.6008805048114735,0.027090593661544697,0.11596387604735774,-0.7686946561532498
1,identity_closure_momentum,H_response_only,1,42,1.7520871193965237,0.024269915134267468,0.5065425222203624,0.10516556245545516
1,identity_closure_momentum,H_response_only,2,0,0.7551632710653713,0.0006577491883907063,0.49149574561049714,-0.02476633257322025
1,identity_closure_momentum,H_response_only,2,14,0.2961100147623498,0.00032871524906495013,0.31743386412645996,-0.9577621239387959
1,identity_closure_momentum,H_response_only,2,28,1.4037028740523305,0.0005595067354190451,0.7480093023071861,0.029965847742455476
1,identity_closure_momentum,H_response_only,2,42,2.0849584028698596,0.00032614285925051674,0.7619117447683066,0.11895165256952889
1,identity_closure_momentum,H_response_only,3,0,0.9313821627153512,0.0023516217114634896,0.543821134274366,0.06141818839274904
1,identity_closure_momentum,H_response_only,3,14,1.0520189669816893,0.002363211186151887,0.7849694852480431,-0.017717783128321063
1,identity_closure_momentum,H_response_only,3,28,1.181070748973335,0.004808022851889876,0.7030654712234233,0.004081832116823669
1,identity_closure_momentum,H_response_only,3,42,0.8881396206241571,0.0018270196897453373,1.1115280475269194,0.04362044204582893
1,identity_closure_momentum,H_source_divflow,0,0,1.4416734218199856,0.044050636840202315,0.08903207602944056,0.2510117374997508
1,identity_closure_momentum,H_source_divflow,0,14,1.096341297953201,0.05064384166391679,0.06576204168943042,-1.0343775582924841
1,identity_closure_momentum,H_source_divflow,0,28,0.9666440466655667,0.048938893168619636,0.052298955103286714,0.0710341298140219
1,identity_closure_momentum,H_source_divflow,0,42,1.23647051322303,0.0506437108732044,0.08545599803025172,-0.5609828278226114
1,identity_closure_momentum,H_source_divflow,1,0,1.211585046103572,0.02718525691001223,0.15530730695054434,0.20764062027808194
1,identity_closure_momentum,H_source_divflow,1,14,0.5079238320893279,0.025030133041259298,0.10082870443017153,0.3337514062767032
1,identity_closure_momentum,H_source_divflow,1,28,0.40076601668456663,0.027090593661544697,0.11596387604735774,-0.7686946561532498
1,identity_closure_momentum,H_source_divflow,1,42,1.4560585691164158,0.024269915134267468,0.5065425222203624,0.10516556245545516
1,identity_closure_momentum,H_source_divflow,2,0,0.5876193038286032,0.0006577491883907063,0.49149574561049714,-0.02476633257322025
1,identity_closure_momentum,H_source_divflow,2,14,0.3824404273221904,0.00032871524906495013,0.31743386412645996,-0.9577621239387959
1,identity_closure_momentum,H_source_divflow,2,28,0.9797520795422835,0.0005595067354190451,0.7480093023071861,0.029965847742455476
1,identity_closure_momentum,H_source_divflow,2,42,1.845311514350313,0.00032614285925051674,0.7619117447683066,0.11895165256952889
1,identity_closure_momentum,H_source_divflow,3,0,0.5442138631345871,0.0023516217114634896,0.543821134274366,0.06141818839274904
1,identity_closure_momentum,H_source_divflow,3,14,0.570678407416684,0.002363211186151887,0.7849694852480431,-0.017717783128321063
1,identity_closure_momentum,H_source_divflow,3,28,0.5752335155849159,0.004808022851889876,0.7030654712234233,0.004081832116823669
1,identity_closure_momentum,H_source_divflow,3,42,0.6308372009061127,0.0018270196897453373,1.1115280475269194,0.04362044204582893
1,identity_closure_momentum,H_rho_omega,0,0,1.5276073902143785,0.044050636840202315,0.08903207602944056,0.2510117374997508
1,identity_closure_momentum,H_rho_omega,0,14,1.0254828985128743,0.05064384166391679,0.06576204168943042,-1.0343775582924841
1,identity_closure_momentum,H_rho_omega,0,28,0.8030006431482419,0.048938893168619636,0.052298955103286714,0.0710341298140219
1,identity_closure_momentum,H_rho_omega,0,42,1.531550049907737,0.0506437108732044,0.08545599803025172,-0.5609828278226114
1,identity_closure_momentum,H_rho_omega,1,0,1.197405515993725,0.02718525691001223,0.15530730695054434,0.20764062027808194
1,identity_closure_momentum,H_rho_omega,1,14,0.6485749660251438,0.025030133041259298,0.10082870443017153,0.3337514062767032
1,identity_closure_momentum,H_rho_omega,1,28,0.6934328621654217,0.027090593661544697,0.11596387604735774,-0.7686946561532498
1,identity_closure_momentum,H_rho_omega,1,42,1.469984751441243,0.024269915134267468,0.5065425222203624,0.10516556245545516
1,identity_closure_momentum,H_rho_omega,2,0,0.48809681890454354,0.0006577491883907063,0.49149574561049714,-0.02476633257322025
1,identity_closure_momentum,H_rho_omega,2,14,0.5391697786006722,0.00032871524906495013,0.31743386412645996,-0.9577621239387959
1,identity_closure_momentum,H_rho_omega,2,28,1.2976478042072859,0.0005595067354190451,0.7480093023071861,0.029965847742455476
1,identity_closure_momentum,H_rho_omega,2,42,1.4048107541102641,0.00032614285925051674,0.7619117447683066,0.11895165256952889
1,identity_closure_momentum,H_rho_omega,3,0,0.5427305315638311,0.0023516217114634896,0.543821134274366,0.06141818839274904
1,identity_closure_momentum,H_rho_omega,3,14,0.44931059324149,0.002363211186151887,0.7849694852480431,-0.017717783128321063
1,identity_closure_momentum,H_rho_omega,3,28,0.552884920726179,0.004808022851889876,0.7030654712234233,0.004081832116823669
1,identity_closure_momentum,H_rho_omega,3,42,0.7164606471455288,0.0018270196897453373,1.1115280475269194,0.04362044204582893
1,full_stack,H_current,0,0,1.6749122403925816,0.04405063684020247,0.0890320760294406,0.25101173750681516
1,full_stack,H_current,0,14,1.0278303185621438,0.05064384166391663,0.06576204168943042,-1.0343775583161203
1,full_stack,H_current,0,28,0.9376158431008046,0.048938893168619706,0.052298955103286734,0.07103412981776258
1,full_stack,H_current,0,42,1.3684276368983421,0.050643710873204344,0.0854559980302518,-0.5609828278864776
1,full_stack,H_current,1,0,1.3922290340002874,0.0271852569100124,0.15530730695054434,0.20764062026931474
1,full_stack,H_current,1,14,0.7837539085058419,0.025030133041259138,0.10082870443017153,0.3337514063004432
1,full_stack,H_current,1,28,0.42543927620296357,0.027090593661544697,0.1159638760473578,-0.7686946561234975
1,full_stack,H_current,1,42,1.6471277653003988,0.024269915134267413,0.5065425222203623,0.1051655624476886
1,full_stack,H_current,2,0,0.7199009049895135,0.00065774918839271,0.49149574561049714,-0.024766332496478194
1,full_stack,H_current,2,14,0.4675263429991282,0.00032871524906523956,0.31743386412645996,-0.9577621239785088
1,full_stack,H_current,2,28,1.2810059457885516,0.0005595067354195786,0.7480093023071862,0.02996584774271205
1,full_stack,H_current,2,42,1.7340021167059114,0.0003261428592512189,0.7619117447683068,0.11895165257511375
1,full_stack,H_current,3,0,0.7012936743149792,0.002351621711465373,0.5438211342743658,0.061418188391846096
1,full_stack,H_current,3,14,0.7204396664515555,0.002363211186153845,0.7849694852480431,-0.01771778312883876
1,full_stack,H_current,3,28,0.8355715752726168,0.004808022851893459,0.7030654712234233,0.004081832120314988
1,full_stack,H_current,3,42,0.8056750653814952,0.0018270196897465262,1.1115280475269191,0.04362044204850157
1,full_stack,H_source_only,0,0,1.622929290612034,0.04405063684020247,0.0890320760294406,0.25101173750681516
1,full_stack,H_source_only,0,14,0.9865514303463944,0.05064384166391663,0.06576204168943042,-1.0343775583161203
1,full_stack,H_source_only,0,28,0.9091036478894705,0.048938893168619706,0.052298955103286734,0.07103412981776258
1,full_stack,H_source_only,0,42,1.4118935469346567,0.050643710873204344,0.0854559980302518,-0.5609828278864776
1,full_stack,H_source_only,1,0,1.3020022849132604,0.0271852569100124,0.15530730695054434,0.20764062026931474
1,full_stack,H_source_only,1,14,0.7159180842023316,0.025030133041259138,0.10082870443017153,0.3337514063004432
1,full_stack,H_source_only,1,28,0.5324065317090632,0.027090593661544697,0.1159638760473578,-0.7686946561234975
1,full_stack,H_source_only,1,42,1.5792308658134422,0.024269915134267413,0.5065425222203623,0.1051655624476886
1,full_stack,H_source_only,2,0,0.6775741852359144,0.00065774918839271,0.49149574561049714,-0.024766332496478194
1,full_stack,H_source_only,2,14,0.5365492421570717,0.00032871524906523956,0.31743386412645996,-0.9577621239785088
1,full_stack,H_source_only,2,28,1.2337344401130645,0.0005595067354195786,0.7480093023071862,0.02996584774271205
1,full_stack,H_source_only,2,42,1.5586790340551768,0.0003261428592512189,0.7619117447683068,0.11895165257511375
1,full_stack,H_source_only,3,0,0.5921790635372498,0.002351621711465373,0.5438211342743658,0.061418188391846096
1,full_stack,H_source_only,3,14,0.5727640227775381,0.002363211186153845,0.7849694852480431,-0.01771778312883876
1,full_stack,H_source_only,3,28,0.6610619871628772,0.004808022851893459,0.7030654712234233,0.004081832120314988
1,full_stack,H_source_only,3,42,0.7903280385841497,0.0018270196897465262,1.1115280475269191,0.04362044204850157
1,full_stack,H_response_only,0,0,1.7804382916982193,0.04405063684020247,0.0890320760294406,0.25101173750681516
1,full_stack,H_response_only,0,14,1.0989706569370379,0.05064384166391663,0.06576204168943042,-1.0343775583161203
1,full_stack,H_response_only,0,28,1.024632230866707,0.048938893168619706,0.052298955103286734,0.07103412981776258
1,full_stack,H_response_only,0,42,1.2759009053066104,0.050643710873204344,0.0854559980302518,-0.5609828278864776
1,full_stack,H_response_only,1,0,1.5507312852058925,0.0271852569100124,0.15530730695054434,0.20764062026931474
1,full_stack,H_response_only,1,14,0.8615170286307672,0.025030133041259138,0.10082870443017153,0.3337514063004432
1,full_stack,H_response_only,1,28,0.6008805047993452,0.027090593661544697,0.1159638760473578,-0.7686946561234975
1,full_stack,H_response_only,1,42,1.7520871193928678,0.024269915134267413,0.5065425222203623,0.1051655624476886
1,full_stack,H_response_only,2,0,0.7551632710604048,0.00065774918839271,0.49149574561049714,-0.024766332496478194
1,full_stack,H_response_only,2,14,0.2961100147766047,0.00032871524906523956,0.31743386412645996,-0.9577621239785088
1,full_stack,H_response_only,2,28,1.4037028740536481,0.0005595067354195786,0.7480093023071862,0.02996584774271205
1,full_stack,H_response_only,2,42,2.0849584028700305,0.0003261428592512189,0.7619117447683068,0.11895165257511375
1,full_stack,H_response_only,3,0,0.9313821627131209,0.002351621711465373,0.5438211342743658,0.061418188391846096
1,full_stack,H_response_only,3,14,1.0520189669636781,0.002363211186153845,0.7849694852480431,-0.01771778312883876
1,full_stack,H_response_only,3,28,1.1810707489863397,0.004808022851893459,0.7030654712234233,0.004081832120314988
1,full_stack,H_response_only,3,42,0.8881396206347314,0.0018270196897465262,1.1115280475269191,0.04362044204850157
1,full_stack,H_source_divflow,0,0,1.4416734218199858,0.04405063684020247,0.0890320760294406,0.25101173750681516
1,full_stack,H_source_divflow,0,14,1.096341297953201,0.05064384166391663,0.06576204168943042,-1.0343775583161203
1,full_stack,H_source_divflow,0,28,0.9666440466655667,0.048938893168619706,0.052298955103286734,0.07103412981776258
1,full_stack,H_source_divflow,0,42,1.2364705132230296,0.050643710873204344,0.0854559980302518,-0.5609828278864776
1,full_stack,H_source_divflow,1,0,1.211585046103572,0.0271852569100124,0.15530730695054434,0.20764062026931474
1,full_stack,H_source_divflow,1,14,0.507923832089328,0.025030133041259138,0.10082870443017153,0.3337514063004432
1,full_stack,H_source_divflow,1,28,0.4007660166845665,0.027090593661544697,0.1159638760473578,-0.7686946561234975
1,full_stack,H_source_divflow,1,42,1.456058569116416,0.024269915134267413,0.5065425222203623,0.1051655624476886
1,full_stack,H_source_divflow,2,0,0.5876193038286034,0.00065774918839271,0.49149574561049714,-0.024766332496478194
1,full_stack,H_source_divflow,2,14,0.38244042732219036,0.00032871524906523956,0.31743386412645996,-0.9577621239785088
1,full_stack,H_source_divflow,2,28,0.9797520795422836,0.0005595067354195786,0.7480093023071862,0.02996584774271205
1,full_stack,H_source_divflow,2,42,1.845311514350313,0.0003261428592512189,0.7619117447683068,0.11895165257511375
1,full_stack,H_source_divflow,3,0,0.5442138631345871,0.002351621711465373,0.5438211342743658,0.061418188391846096
1,full_stack,H_source_divflow,3,14,0.5706784074166839,0.002363211186153845,0.7849694852480431,-0.01771778312883876
1,full_stack,H_source_divflow,3,28,0.5752335155849159,0.004808022851893459,0.7030654712234233,0.004081832120314988
1,full_stack,H_source_divflow,3,42,0.6308372009061127,0.0018270196897465262,1.1115280475269191,0.04362044204850157
1,full_stack,H_rho_omega,0,0,1.527607390214379,0.04405063684020247,0.0890320760294406,0.25101173750681516
1,full_stack,H_rho_omega,0,14,1.025482898512874,0.05064384166391663,0.06576204168943042,-1.0343775583161203
1,full_stack,H_rho_omega,0,28,0.8030006431482426,0.048938893168619706,0.052298955103286734,0.07103412981776258
1,full_stack,H_rho_omega,0,42,1.5315500499077357,0.050643710873204344,0.0854559980302518,-0.5609828278864776
1,full_stack,H_rho_omega,1,0,1.1974055159937254,0.0271852569100124,0.15530730695054434,0.20764062026931474
1,full_stack,H_rho_omega,1,14,0.6485749660251438,0.025030133041259138,0.10082870443017153,0.3337514063004432
1,full_stack,H_rho_omega,1,28,0.693432862165423,0.027090593661544697,0.1159638760473578,-0.7686946561234975
1,full_stack,H_rho_omega,1,42,1.4699847514412423,0.024269915134267413,0.5065425222203623,0.1051655624476886
1,full_stack,H_rho_omega,2,0,0.48809681890454487,0.00065774918839271,0.49149574561049714,-0.024766332496478194
1,full_stack,H_rho_omega,2,14,0.5391697786006722,0.00032871524906523956,0.31743386412645996,-0.9577621239785088
1,full_stack,H_rho_omega,2,28,1.2976478042072854,0.0005595067354195786,0.7480093023071862,0.02996584774271205
1,full_stack,H_rho_omega,2,42,1.4048107541102628,0.0003261428592512189,0.7619117447683068,0.11895165257511375
1,full_stack,H_rho_omega,3,0,0.5427305315638314,0.002351621711465373,0.5438211342743658,0.061418188391846096
1,full_stack,H_rho_omega,3,14,0.44931059324148814,0.002363211186153845,0.7849694852480431,-0.01771778312883876
1,full_stack,H_rho_omega,3,28,0.5528849207261798,0.004808022851893459,0.7030654712234233,0.004081832120314988
1,full_stack,H_rho_omega,3,42,0.7164606471455286,0.0018270196897465262,1.1115280475269191,0.04362044204850157
2,weak_control,H_current,0,0,1.3337313027030762,0.5569949551537023,0.8844818622520042,-0.10087105210100722
2,weak_control,H_current,0,14,1.141528250474689,0.8912967267543127,0.9476889056816132,-0.06073009439254029
2,weak_control,H_current,0,28,1.3497143643582985,1.4498786960385157,1.0541148444505533,0.27977045498161834
2,weak_control,H_current,0,42,1.235322537058186,1.4731564488269004,0.7379864367532833,-0.0460507653053176
2,weak_control,H_current,1,0,1.3170235688449488,0.6759371179204764,1.0183503382857633,0.11760994638146627
2,weak_control,H_current,1,14,1.1133802582054468,0.7155195428979974,1.1041544882697771,0.1478650449215151
2,weak_control,H_current,1,28,0.7558478643488868,0.903286560303035,1.082754682001386,-0.0773468955284915
2,weak_control,H_current,1,42,1.4905586613911668,1.1941949543892636,1.4102664138054992,0.09385763128019675
2,weak_control,H_current,2,0,0.7533008691467427,0.7342348005186565,0.4912978277466292,0.10335198846534799
2,weak_control,H_current,2,14,0.5450961303514846,0.3057153549059521,0.4184869371809044,-1.0274689089292095
2,weak_control,H_current,2,28,1.3203965936106055,0.8908152067014646,0.6898828917858818,0.09088447252309073
2,weak_control,H_current,2,42,1.5461860681064747,1.0417338339076294,1.049898187202369,0.02585526749704259
2,weak_control,H_current,3,0,0.7560652607547277,0.7681670286924313,0.6053022135577251,-0.010837431711181122
2,weak_control,H_current,3,14,0.8220248930021992,0.8050241255903158,0.6663458861548474,-0.028822374376074933
2,weak_control,H_current,3,28,0.8299001059438538,0.5999618858851665,0.43175982084284703,-0.057116341290950334
2,weak_control,H_current,3,42,1.009966162650733,0.4934821214955409,1.0464388617705833,0.07650383723498788
2,weak_control,H_source_only,0,0,1.3491418796502983,0.5569949551537023,0.8844818622520042,-0.10087105210100722
2,weak_control,H_source_only,0,14,0.9980004670468672,0.8912967267543127,0.9476889056816132,-0.06073009439254029
2,weak_control,H_source_only,0,28,1.4165573928128965,1.4498786960385157,1.0541148444505533,0.27977045498161834
2,weak_control,H_source_only,0,42,1.0618593797778813,1.4731564488269004,0.7379864367532833,-0.0460507653053176
2,weak_control,H_source_only,1,0,1.2106267718243255,0.6759371179204764,1.0183503382857633,0.11760994638146627
2,weak_control,H_source_only,1,14,1.0038570759727128,0.7155195428979974,1.1041544882697771,0.1478650449215151
2,weak_control,H_source_only,1,28,0.768525505647586,0.903286560303035,1.082754682001386,-0.0773468955284915
2,weak_control,H_source_only,1,42,1.4888491699645412,1.1941949543892636,1.4102664138054992,0.09385763128019675
2,weak_control,H_source_only,2,0,0.7058435615993013,0.7342348005186565,0.4912978277466292,0.10335198846534799
2,weak_control,H_source_only,2,14,0.5554374827200633,0.3057153549059521,0.4184869371809044,-1.0274689089292095
2,weak_control,H_source_only,2,28,1.2973440907777203,0.8908152067014646,0.6898828917858818,0.09088447252309073
2,weak_control,H_source_only,2,42,1.3384198931009519,1.0417338339076294,1.049898187202369,0.02585526749704259
2,weak_control,H_source_only,3,0,0.6588955088555662,0.7681670286924313,0.6053022135577251,-0.010837431711181122
2,weak_control,H_source_only,3,14,0.7064746022476728,0.8050241255903158,0.6663458861548474,-0.028822374376074933
2,weak_control,H_source_only,3,28,0.7023857256949206,0.5999618858851665,0.43175982084284703,-0.057116341290950334
2,weak_control,H_source_only,3,42,1.0167628944180491,0.4934821214955409,1.0464388617705833,0.07650383723498788
2,weak_control,H_response_only,0,0,1.3063827745995413,0.5569949551537023,0.8844818622520042,-0.10087105210100722
2,weak_control,H_response_only,0,14,1.3666661311333221,0.8912967267543127,0.9476889056816132,-0.06073009439254029
2,weak_control,H_response_only,0,28,1.2354429571484096,1.4498786960385157,1.0541148444505533,0.27977045498161834
2,weak_control,H_response_only,0,42,1.554209403075261,1.4731564488269004,0.7379864367532833,-0.0460507653053176
2,weak_control,H_response_only,1,0,1.515207174582993,0.6759371179204764,1.0183503382857633,0.11760994638146627
2,weak_control,H_response_only,1,14,1.3246293298073217,0.7155195428979974,1.1041544882697771,0.1478650449215151
2,weak_control,H_response_only,1,28,0.8070517374269885,0.903286560303035,1.082754682001386,-0.0773468955284915
2,weak_control,H_response_only,1,42,1.4534574038299162,1.1941949543892636,1.4102664138054992,0.09385763128019675
2,weak_control,H_response_only,2,0,0.8198444684119073,0.7342348005186565,0.4912978277466292,0.10335198846534799
2,weak_control,H_response_only,2,14,0.5273269019384469,0.3057153549059521,0.4184869371809044,-1.0274689089292095
2,weak_control,H_response_only,2,28,1.3260220605766881,0.8908152067014646,0.6898828917858818,0.09088447252309073
2,weak_control,H_response_only,2,42,1.9757217962214977,1.0417338339076294,1.049898187202369,0.02585526749704259
2,weak_control,H_response_only,3,0,0.9710326868710997,0.7681670286924313,0.6053022135577251,-0.010837431711181122
2,weak_control,H_response_only,3,14,1.0770548967924412,0.8050241255903158,0.6663458861548474,-0.028822374376074933
2,weak_control,H_response_only,3,28,1.1221943023824297,0.5999618858851665,0.43175982084284703,-0.057116341290950334
2,weak_control,H_response_only,3,42,1.0290197111096728,0.4934821214955409,1.0464388617705833,0.07650383723498788
2,weak_control,H_source_divflow,0,0,1.1506552909066485,0.5569949551537023,0.8844818622520042,-0.10087105210100722
2,weak_control,H_source_divflow,0,14,1.0624308173791592,0.8912967267543127,0.9476889056816132,-0.06073009439254029
2,weak_control,H_source_divflow,0,28,1.419226700892078,1.4498786960385157,1.0541148444505533,0.27977045498161834
2,weak_control,H_source_divflow,0,42,0.9603887390350353,1.4731564488269004,0.7379864367532833,-0.0460507653053176
2,weak_control,H_source_divflow,1,0,1.2830495373516282,0.6759371179204764,1.0183503382857633,0.11760994638146627
2,weak_control,H_source_divflow,1,14,0.9245230075573274,0.7155195428979974,1.1041544882697771,0.1478650449215151
2,weak_control,H_source_divflow,1,28,0.7350875917527009,0.903286560303035,1.082754682001386,-0.0773468955284915
2,weak_control,H_source_divflow,1,42,1.3450936370358837,1.1941949543892636,1.4102664138054992,0.09385763128019675
2,weak_control,H_source_divflow,2,0,0.6066038520934467,0.7342348005186565,0.4912978277466292,0.10335198846534799
2,weak_control,H_source_divflow,2,14,0.4106399942117751,0.3057153549059521,0.4184869371809044,-1.0274689089292095
2,weak_control,H_source_divflow,2,28,1.0166518266931812,0.8908152067014646,0.6898828917858818,0.09088447252309073
2,weak_control,H_source_divflow,2,42,1.5918117195942623,1.0417338339076294,1.049898187202369,0.02585526749704259
2,weak_control,H_source_divflow,3,0,0.7167866340017919,0.7681670286924313,0.6053022135577251,-0.010837431711181122
2,weak_control,H_source_divflow,3,14,0.7061996182506873,0.8050241255903158,0.6663458861548474,-0.028822374376074933
2,weak_control,H_source_divflow,3,28,0.775275934144149,0.5999618858851665,0.43175982084284703,-0.057116341290950334
2,weak_control,H_source_divflow,3,42,0.7561617252573758,0.4934821214955409,1.0464388617705833,0.07650383723498788
2,weak_control,H_rho_omega,0,0,1.0492152087440072,0.5569949551537023,0.8844818622520042,-0.10087105210100722
2,weak_control,H_rho_omega,0,14,0.9232985151464878,0.8912967267543127,0.9476889056816132,-0.06073009439254029
2,weak_control,H_rho_omega,0,28,1.78993683830531,1.4498786960385157,1.0541148444505533,0.27977045498161834
2,weak_control,H_rho_omega,0,42,1.0851668169328534,1.4731564488269004,0.7379864367532833,-0.0460507653053176
2,weak_control,H_rho_omega,1,0,0.9834220808834261,0.6759371179204764,1.0183503382857633,0.11760994638146627
2,weak_control,H_rho_omega,1,14,0.9527615990258106,0.7155195428979974,1.1041544882697771,0.1478650449215151
2,weak_control,H_rho_omega,1,28,0.7982172760696662,0.903286560303035,1.082754682001386,-0.0773468955284915
2,weak_control,H_rho_omega,1,42,1.877561597424066,1.1941949543892636,1.4102664138054992,0.09385763128019675
2,weak_control,H_rho_omega,2,0,0.6218724196382296,0.7342348005186565,0.4912978277466292,0.10335198846534799
2,weak_control,H_rho_omega,2,14,0.5420635818279745,0.3057153549059521,0.4184869371809044,-1.0274689089292095
2,weak_control,H_rho_omega,2,28,1.699219362302,0.8908152067014646,0.6898828917858818,0.09088447252309073
2,weak_control,H_rho_omega,2,42,1.0585401828078769,1.0417338339076294,1.049898187202369,0.02585526749704259
2,weak_control,H_rho_omega,3,0,0.7686719247675341,0.7681670286924313,0.6053022135577251,-0.010837431711181122
2,weak_control,H_rho_omega,3,14,0.7811710033257027,0.8050241255903158,0.6663458861548474,-0.028822374376074933
2,weak_control,H_rho_omega,3,28,0.6199282612854325,0.5999618858851665,0.43175982084284703,-0.057116341290950334
2,weak_control,H_rho_omega,3,42,1.3044821360959202,0.4934821214955409,1.0464388617705833,0.07650383723498788
2,identity_only,H_current,0,0,1.6826038402466845,0.05036782752770487,0.08876096214816434,0.11752603938129502
2,identity_only,H_current,0,14,0.9068505906961489,0.04838764462064582,0.07203906202021886,-0.5105224552661254
2,identity_only,H_current,0,28,0.9935542833704328,0.05028060832415226,0.047910717276584296,0.21731712452302365
2,identity_only,H_current,0,42,1.4104858373426274,0.0432025662678499,0.0874600694847462,-0.6090973559997054
2,identity_only,H_current,1,0,1.446738996574313,0.028241013541755646,0.12374617404587454,0.060956558632242586
2,identity_only,H_current,1,14,0.7701172840949677,0.023551116336988604,0.07921350427312891,0.5160728808603863
2,identity_only,H_current,1,28,0.35129861458079464,0.02865359909199658,0.09195246066870717,-0.16471657538395656
2,identity_only,H_current,1,42,1.4642599536390841,0.022263790042505813,0.3964297614946187,-0.006855263859442906
2,identity_only,H_current,2,0,0.7164062707795845,0.0005373546707104133,0.47221476573512794,0.17828105769269353
2,identity_only,H_current,2,14,0.5695853941627814,0.00033073809055424896,0.37201112843584055,-0.8325253734557133
2,identity_only,H_current,2,28,1.2962169758295026,0.000546390716819447,0.6621105178978993,0.0677881346359559
2,identity_only,H_current,2,42,1.6116419886876527,0.0003432054785782663,0.9973833358872687,0.15589592492801563
2,identity_only,H_current,3,0,0.7377456477838089,0.0019039836401924595,0.6245951422574019,0.07611960008474516
2,identity_only,H_current,3,14,0.7793286693436093,0.00369528460395192,0.6796196243190508,-0.0010969810519273482
2,identity_only,H_current,3,28,0.8131934988473303,0.005225631634590198,0.43180620698284744,0.011884977542249153
2,identity_only,H_current,3,42,0.8360303312271116,0.002164648523239932,1.108384833720495,0.00260261721606847
2,identity_only,H_source_only,0,0,1.6346388665093705,0.05036782752770487,0.08876096214816434,0.11752603938129502
2,identity_only,H_source_only,0,14,0.758943529757762,0.04838764462064582,0.07203906202021886,-0.5105224552661254
2,identity_only,H_source_only,0,28,1.088982138810041,0.05028060832415226,0.047910717276584296,0.21731712452302365
2,identity_only,H_source_only,0,42,1.4075380711804817,0.0432025662678499,0.0874600694847462,-0.6090973559997054
2,identity_only,H_source_only,1,0,1.4154145491132346,0.028241013541755646,0.12374617404587454,0.060956558632242586
2,identity_only,H_source_only,1,14,0.6301969000499822,0.023551116336988604,0.07921350427312891,0.5160728808603863
2,identity_only,H_source_only,1,28,0.4838531030337374,0.02865359909199658,0.09195246066870717,-0.16471657538395656
2,identity_only,H_source_only,1,42,1.4023198217630022,0.022263790042505813,0.3964297614946187,-0.006855263859442906
2,identity_only,H_source_only,2,0,0.6567222312174852,0.0005373546707104133,0.47221476573512794,0.17828105769269353
2,identity_only,H_source_only,2,14,0.5486055042189866,0.00033073809055424896,0.37201112843584055,-0.8325253734557133
2,identity_only,H_source_only,2,28,1.3225007333198735,0.000546390716819447,0.6621105178978993,0.0677881346359559
2,identity_only,H_source_only,2,42,1.4018059519774486,0.0003432054785782663,0.9973833358872687,0.15589592492801563
2,identity_only,H_source_only,3,0,0.6711601322191985,0.0019039836401924595,0.6245951422574019,0.07611960008474516
2,identity_only,H_source_only,3,14,0.6980302363809902,0.00369528460395192,0.6796196243190508,-0.0010969810519273482
2,identity_only,H_source_only,3,28,0.6603096946934883,0.005225631634590198,0.43180620698284744,0.011884977542249153
2,identity_only,H_source_only,3,42,0.7899357527548782,0.002164648523239932,1.108384833720495,0.00260261721606847
2,identity_only,H_response_only,0,0,1.7941378079990686,0.05036782752770487,0.08876096214816434,0.11752603938129502
2,identity_only,H_response_only,0,14,1.0669940437361372,0.04838764462064582,0.07203906202021886,-0.5105224552661254
2,identity_only,H_response_only,0,28,0.925899022923754,0.05028060832415226,0.047910717276584296,0.21731712452302365
2,identity_only,H_response_only,0,42,1.4315915546887463,0.0432025662678499,0.0874600694847462,-0.6090973559997054
2,identity_only,H_response_only,1,0,1.5454909661207703,0.028241013541755646,0.12374617404587454,0.060956558632242586
2,identity_only,H_response_only,1,14,1.0577821614884375,0.023551116336988604,0.07921350427312891,0.5160728808603863
2,identity_only,H_response_only,1,28,0.26963807720648614,0.02865359909199658,0.09195246066870717,-0.16471657538395656
2,identity_only,H_response_only,1,42,1.5531903622144907,0.022263790042505813,0.3964297614946187,-0.006855263859442906
2,identity_only,H_response_only,2,0,0.8758305383671504,0.0005373546707104133,0.47221476573512794,0.17828105769269353
2,identity_only,H_response_only,2,14,0.556207395761433,0.00033073809055424896,0.37201112843584055,-0.8325253734557133
2,identity_only,H_response_only,2,28,1.2200653421692929,0.000546390716819447,0.6621105178978993,0.0677881346359559
2,identity_only,H_response_only,2,42,2.0435064495636572,0.0003432054785782663,0.9973833358872687,0.15589592492801563
2,identity_only,H_response_only,3,0,0.9188380718811334,0.0019039836401924595,0.6245951422574019,0.07611960008474516
2,identity_only,H_response_only,3,14,1.0385810835250182,0.00369528460395192,0.6796196243190508,-0.0010969810519273482
2,identity_only,H_response_only,3,28,1.13099648486263,0.005225631634590198,0.43180620698284744,0.011884977542249153
2,identity_only,H_response_only,3,42,1.061037949049568,0.002164648523239932,1.108384833720495,0.00260261721606847
2,identity_only,H_source_divflow,0,0,1.4628454849968424,0.05036782752770487,0.08876096214816434,0.11752603938129502
2,identity_only,H_source_divflow,0,14,0.8722436402224433,0.04838764462064582,0.07203906202021886,-0.5105224552661254
2,identity_only,H_source_divflow,0,28,1.1584139833209879,0.05028060832415226,0.047910717276584296,0.21731712452302365
2,identity_only,H_source_divflow,0,42,1.2196619130963575,0.0432025662678499,0.0874600694847462,-0.6090973559997054
2,identity_only,H_source_divflow,1,0,1.2476603623767437,0.028241013541755646,0.12374617404587454,0.060956558632242586
2,identity_only,H_source_divflow,1,14,0.5268481378274965,0.023551116336988604,0.07921350427312891,0.5160728808603863
2,identity_only,H_source_divflow,1,28,0.3423985466924008,0.02865359909199658,0.09195246066870717,-0.16471657538395656
2,identity_only,H_source_divflow,1,42,1.2711207280229702,0.022263790042505813,0.3964297614946187,-0.006855263859442906
2,identity_only,H_source_divflow,2,0,0.5373966709212182,0.0005373546707104133,0.47221476573512794,0.17828105769269353
2,identity_only,H_source_divflow,2,14,0.3803674792383813,0.00033073809055424896,0.37201112843584055,-0.8325253734557133
2,identity_only,H_source_divflow,2,28,1.018707768572904,0.000546390716819447,0.6621105178978993,0.0677881346359559
2,identity_only,H_source_divflow,2,42,1.6394196602641877,0.0003432054785782663,0.9973833358872687,0.15589592492801563
2,identity_only,H_source_divflow,3,0,0.6276021937882483,0.0019039836401924595,0.6245951422574019,0.07611960008474516
2,identity_only,H_source_divflow,3,14,0.6931549238843172,0.00369528460395192,0.6796196243190508,-0.0010969810519273482
2,identity_only,H_source_divflow,3,28,0.6957586714632936,0.005225631634590198,0.43180620698284744,0.011884977542249153
2,identity_only,H_source_divflow,3,42,0.6277870015053895,0.002164648523239932,1.108384833720495,0.00260261721606847
2,identity_only,H_rho_omega,0,0,1.5311894181707706,0.05036782752770487,0.08876096214816434,0.11752603938129502
2,identity_only,H_rho_omega,0,14,0.8250387697839636,0.04838764462064582,0.07203906202021886,-0.5105224552661254
2,identity_only,H_rho_omega,0,28,1.0081380489968907,0.05028060832415226,0.047910717276584296,0.21731712452302365
2,identity_only,H_rho_omega,0,42,1.527403564476616,0.0432025662678499,0.0874600694847462,-0.6090973559997054
2,identity_only,H_rho_omega,1,0,1.313391937676573,0.028241013541755646,0.12374617404587454,0.060956558632242586
2,identity_only,H_rho_omega,1,14,0.521761791778648,0.023551116336988604,0.07921350427312891,0.5160728808603863
2,identity_only,H_rho_omega,1,28,0.5722970369206325,0.02865359909199658,0.09195246066870717,-0.16471657538395656
2,identity_only,H_rho_omega,1,42,1.2351914375883017,0.022263790042505813,0.3964297614946187,-0.006855263859442906
2,identity_only,H_rho_omega,2,0,0.5175496049371546,0.0005373546707104133,0.47221476573512794,0.17828105769269353
2,identity_only,H_rho_omega,2,14,0.5478184406447667,0.00033073809055424896,0.37201112843584055,-0.8325253734557133
2,identity_only,H_rho_omega,2,28,1.3124463475572554,0.000546390716819447,0.6621105178978993,0.0677881346359559
2,identity_only,H_rho_omega,2,42,1.309145062964362,0.0003432054785782663,0.9973833358872687,0.15589592492801563
2,identity_only,H_rho_omega,3,0,0.6574157516592088,0.0019039836401924595,0.6245951422574019,0.07611960008474516
2,identity_only,H_rho_omega,3,14,0.6225224464048462,0.00369528460395192,0.6796196243190508,-0.0010969810519273482
2,identity_only,H_rho_omega,3,28,0.5292584908019802,0.005225631634590198,0.43180620698284744,0.011884977542249153
2,identity_only,H_rho_omega,3,42,0.7201637889342688,0.002164648523239932,1.108384833720495,0.00260261721606847
2,closure_only,H_current,0,0,1.464206152677324,0.7435463495823403,1.1994014499183314,0.8580945728025129
2,closure_only,H_current,0,14,0.9721886942741476,1.2981589077243485,1.4042607157026572,1.1524692709519084
2,closure_only,H_current,0,28,0.6569532272501679,1.7069834380339906,1.7316800387860996,0.9904845068855854
2,closure_only,H_current,0,42,1.6537260667353495,0.5792521813478,1.1449508424252375,-0.12269040264787628
2,closure_only,H_current,1,0,1.5035821893218577,1.4896142961248104,1.4337177871517104,1.0250973287972667
2,closure_only,H_current,1,14,0.5846356553680976,1.2506580504109814,1.0109475793995848,1.5094693889687223
2,closure_only,H_current,1,28,0.764139035103537,1.668603432581135,1.2720845188727168,1.6371321086905395
2,closure_only,H_current,1,42,1.2961829701529597,2.285959513587594,1.8128041051994666,1.6576835643976198
2,closure_only,H_current,2,0,1.2124151116971964,1.7482137724150535,0.8081798771683576,0.20434516392153196
2,closure_only,H_current,2,14,0.5422233180722779,0.20248690050692822,0.3634617520048488,1.0889806344960893
2,closure_only,H_current,2,28,1.2564558056085076,1.5009165582732606,0.6989442585425265,1.2669159274933508
2,closure_only,H_current,2,42,1.3259034293587466,2.0468779133981734,1.086174379805938,1.1901884846902182
2,closure_only,H_current,3,0,0.7911074311965118,1.0918249519061054,0.7377626434975985,0.4997350734015257
2,closure_only,H_current,3,14,0.8384870286801208,1.1329383305336596,0.6769839008244216,0.9504647147312691
2,closure_only,H_current,3,28,0.6509131137812151,1.9740969726649586,0.47542044872814165,1.1798253792478606
2,closure_only,H_current,3,42,0.8400447701395848,1.6523980874500925,1.1535764860134976,0.9755258351284437
2,closure_only,H_source_only,0,0,1.4774471694522242,0.7435463495823403,1.1994014499183314,0.8580945728025129
2,closure_only,H_source_only,0,14,0.8504059836999532,1.2981589077243485,1.4042607157026572,1.1524692709519084
2,closure_only,H_source_only,0,28,0.8815292342592476,1.7069834380339906,1.7316800387860996,0.9904845068855854
2,closure_only,H_source_only,0,42,1.536798321816744,0.5792521813478,1.1449508424252375,-0.12269040264787628
2,closure_only,H_source_only,1,0,1.4403173306044998,1.4896142961248104,1.4337177871517104,1.0250973287972667
2,closure_only,H_source_only,1,14,0.6156214708492538,1.2506580504109814,1.0109475793995848,1.5094693889687223
2,closure_only,H_source_only,1,28,0.6477596080693662,1.668603432581135,1.2720845188727168,1.6371321086905395
2,closure_only,H_source_only,1,42,1.241849954237051,2.285959513587594,1.8128041051994666,1.6576835643976198
2,closure_only,H_source_only,2,0,0.9768879275036478,1.7482137724150535,0.8081798771683576,0.20434516392153196
2,closure_only,H_source_only,2,14,0.5465862509733622,0.20248690050692822,0.3634617520048488,1.0889806344960893
2,closure_only,H_source_only,2,28,1.2740006848349639,1.5009165582732606,0.6989442585425265,1.2669159274933508
2,closure_only,H_source_only,2,42,1.2791945321866236,2.0468779133981734,1.086174379805938,1.1901884846902182
2,closure_only,H_source_only,3,0,0.7056450994809836,1.0918249519061054,0.7377626434975985,0.4997350734015257
2,closure_only,H_source_only,3,14,0.7022147514523392,1.1329383305336596,0.6769839008244216,0.9504647147312691
2,closure_only,H_source_only,3,28,0.5712129954221564,1.9740969726649586,0.47542044872814165,1.1798253792478606
2,closure_only,H_source_only,3,42,0.7635091366362201,1.6523980874500925,1.1535764860134976,0.9755258351284437
2,closure_only,H_response_only,0,0,1.4311825583704954,0.7435463495823403,1.1994014499183314,0.8580945728025129
2,closure_only,H_response_only,0,14,1.0490668395516278,1.2981589077243485,1.4042607157026572,1.1524692709519084
2,closure_only,H_response_only,0,28,0.45608428317594096,1.7069834380339906,1.7316800387860996,0.9904845068855854
2,closure_only,H_response_only,0,42,1.8812654196343128,0.5792521813478,1.1449508424252375,-0.12269040264787628
2,closure_only,H_response_only,1,0,1.6706823888539013,1.4896142961248104,1.4337177871517104,1.0250973287972667
2,closure_only,H_response_only,1,14,0.5631747143501183,1.2506580504109814,1.0109475793995848,1.5094693889687223
2,closure_only,H_response_only,1,28,0.9584162990275579,1.668603432581135,1.2720845188727168,1.6371321086905395
2,closure_only,H_response_only,1,42,1.4430020549488802,2.285959513587594,1.8128041051994666,1.6576835643976198
2,closure_only,H_response_only,2,0,1.6800386242229413,1.7482137724150535,0.8081798771683576,0.20434516392153196
2,closure_only,H_response_only,2,14,0.48152978671158625,0.20248690050692822,0.3634617520048488,1.0889806344960893
2,closure_only,H_response_only,2,28,1.1579187349452695,1.5009165582732606,0.6989442585425265,1.2669159274933508
2,closure_only,H_response_only,2,42,1.441111653618388,2.0468779133981734,1.086174379805938,1.1901884846902182
2,closure_only,H_response_only,3,0,1.0254262390567623,1.0918249519061054,0.7377626434975985,0.4997350734015257
2,closure_only,H_response_only,3,14,1.102138276550113,1.1329383305336596,0.6769839008244216,0.9504647147312691
2,closure_only,H_response_only,3,28,0.8969079878911642,1.9740969726649586,0.47542044872814165,1.1798253792478606
2,closure_only,H_response_only,3,42,1.0140330697794109,1.6523980874500925,1.1535764860134976,0.9755258351284437
2,closure_only,H_source_divflow,0,0,1.5548442217434826,0.7435463495823403,1.1994014499183314,0.8580945728025129
2,closure_only,H_source_divflow,0,14,0.6171762613420044,1.2981589077243485,1.4042607157026572,1.1524692709519084
2,closure_only,H_source_divflow,0,28,1.096745811985928,1.7069834380339906,1.7316800387860996,0.9904845068855854
2,closure_only,H_source_divflow,0,42,1.7867673626450733,0.5792521813478,1.1449508424252375,-0.12269040264787628
2,closure_only,H_source_divflow,1,0,1.7517632916658423,1.4896142961248104,1.4337177871517104,1.0250973287972667
2,closure_only,H_source_divflow,1,14,0.8725955969569407,1.2506580504109814,1.0109475793995848,1.5094693889687223
2,closure_only,H_source_divflow,1,28,0.5022531432825583,1.668603432581135,1.2720845188727168,1.6371321086905395
2,closure_only,H_source_divflow,1,42,1.6487140541096863,2.285959513587594,1.8128041051994666,1.6576835643976198
2,closure_only,H_source_divflow,2,0,1.5696922494287513,1.7482137724150535,0.8081798771683576,0.20434516392153196
2,closure_only,H_source_divflow,2,14,0.4543767547063779,0.20248690050692822,0.3634617520048488,1.0889806344960893
2,closure_only,H_source_divflow,2,28,0.9486833208941899,1.5009165582732606,0.6989442585425265,1.2669159274933508
2,closure_only,H_source_divflow,2,42,1.2726437438265805,2.0468779133981734,1.086174379805938,1.1901884846902182
2,closure_only,H_source_divflow,3,0,0.935576297866603,1.0918249519061054,0.7377626434975985,0.4997350734015257
2,closure_only,H_source_divflow,3,14,0.9466653880948053,1.1329383305336596,0.6769839008244216,0.9504647147312691
2,closure_only,H_source_divflow,3,28,0.8179268895120694,1.9740969726649586,0.47542044872814165,1.1798253792478606
2,closure_only,H_source_divflow,3,42,0.9354669860563355,1.6523980874500925,1.1535764860134976,0.9755258351284437
2,closure_only,H_rho_omega,0,0,1.4099237873863106,0.7435463495823403,1.1994014499183314,0.8580945728025129
2,closure_only,H_rho_omega,0,14,0.8704934184215515,1.2981589077243485,1.4042607157026572,1.1524692709519084
2,closure_only,H_rho_omega,0,28,1.340632678103539,1.7069834380339906,1.7316800387860996,0.9904845068855854
2,closure_only,H_rho_omega,0,42,1.4377257213185664,0.5792521813478,1.1449508424252375,-0.12269040264787628
2,closure_only,H_rho_omega,1,0,1.2066361114118707,1.4896142961248104,1.4337177871517104,1.0250973287972667
2,closure_only,H_rho_omega,1,14,0.5411302642027075,1.2506580504109814,1.0109475793995848,1.5094693889687223
2,closure_only,H_rho_omega,1,28,0.7428656187005348,1.668603432581135,1.2720845188727168,1.6371321086905395
2,closure_only,H_rho_omega,1,42,1.5950139621334538,2.285959513587594,1.8128041051994666,1.6576835643976198
2,closure_only,H_rho_omega,2,0,0.5860590375482746,1.7482137724150535,0.8081798771683576,0.20434516392153196
2,closure_only,H_rho_omega,2,14,0.5322142521477814,0.20248690050692822,0.3634617520048488,1.0889806344960893
2,closure_only,H_rho_omega,2,28,1.2960337517072211,1.5009165582732606,0.6989442585425265,1.2669159274933508
2,closure_only,H_rho_omega,2,42,1.2539063621548783,2.0468779133981734,1.086174379805938,1.1901884846902182
2,closure_only,H_rho_omega,3,0,0.7513323192582437,1.0918249519061054,0.7377626434975985,0.4997350734015257
2,closure_only,H_rho_omega,3,14,0.6486271427493687,1.1329383305336596,0.6769839008244216,0.9504647147312691
2,closure_only,H_rho_omega,3,28,0.7681554655308437,1.9740969726649586,0.47542044872814165,1.1798253792478606
2,closure_only,H_rho_omega,3,42,0.8648767892563194,1.6523980874500925,1.1535764860134976,0.9755258351284437
2,identity_plus_closure,H_current,0,0,1.6869128702150686,0.05036782752770524,0.08876096214816442,0.13515465787271896
2,identity_plus_closure,H_current,0,14,0.8067311497583278,0.04838764462064597,0.072039062020219,-0.6353347228121311
2,identity_plus_closure,H_current,0,28,1.103096306031755,0.05028060832415222,0.04791071727658441,-0.01132423222663137
2,identity_plus_closure,H_current,0,42,1.374641603081688,0.0432025662678496,0.08746006948474594,0.46516141973074593
2,identity_plus_closure,H_current,1,0,1.4833120360949823,0.028241013541755556,0.12374617404587447,0.2169880809377629
2,identity_plus_closure,H_current,1,14,0.7574694811648226,0.023551116336988753,0.07921350427312895,0.18636832279797744
2,identity_plus_closure,H_current,1,28,0.3555331499910483,0.02865359909199652,0.09195246066870716,-0.7103610845742112
2,identity_plus_closure,H_current,1,42,1.4955628215577281,0.022263790042505647,0.3964297614946188,0.08401007954605966
2,identity_plus_closure,H_current,2,0,0.6970494276622539,0.0005373546707106392,0.4722147657351279,-0.2162781176087557
2,identity_plus_closure,H_current,2,14,0.4771485503810107,0.0003307380905544008,0.37201112843584055,-0.8429824530918443
2,identity_plus_closure,H_current,2,28,1.342149015090834,0.0005463907168197181,0.6621105178978994,0.07808876215928351
2,identity_plus_closure,H_current,2,42,1.620076825481825,0.0003432054785786436,0.9973833358872686,0.09413797263157431
2,identity_plus_closure,H_current,3,0,0.7428291288694233,0.0019039836401929103,0.6245951422574019,0.05273219546988339
2,identity_plus_closure,H_current,3,14,0.8102975909106437,0.0036952846039528925,0.6796196243190508,-0.017284166214968533
2,identity_plus_closure,H_current,3,28,0.8082232562127476,0.005225631634591363,0.43180620698284755,0.02783664832578414
2,identity_plus_closure,H_current,3,42,0.8317063775020098,0.00216464852324038,1.108384833720495,0.044009452353273915
2,identity_plus_closure,H_source_only,0,0,1.6346388665093696,0.05036782752770524,0.08876096214816442,0.13515465787271896
2,identity_plus_closure,H_source_only,0,14,0.7589435297577625,0.04838764462064597,0.072039062020219,-0.6353347228121311
2,identity_plus_closure,H_source_only,0,28,1.088982138810041,0.05028060832415222,0.04791071727658441,-0.01132423222663137
2,identity_plus_closure,H_source_only,0,42,1.4075380711804817,0.0432025662678496,0.08746006948474594,0.46516141973074593
2,identity_plus_closure,H_source_only,1,0,1.4154145491132346,0.028241013541755556,0.12374617404587447,0.2169880809377629
2,identity_plus_closure,H_source_only,1,14,0.6301969000499826,0.023551116336988753,0.07921350427312895,0.18636832279797744
2,identity_plus_closure,H_source_only,1,28,0.4838531030337374,0.02865359909199652,0.09195246066870716,-0.7103610845742112
2,identity_plus_closure,H_source_only,1,42,1.4023198217630017,0.022263790042505647,0.3964297614946188,0.08401007954605966
2,identity_plus_closure,H_source_only,2,0,0.6567222312174851,0.0005373546707106392,0.4722147657351279,-0.2162781176087557
2,identity_plus_closure,H_source_only,2,14,0.5486055042189866,0.0003307380905544008,0.37201112843584055,-0.8429824530918443
2,identity_plus_closure,H_source_only,2,28,1.322500733319874,0.0005463907168197181,0.6621105178978994,0.07808876215928351
2,identity_plus_closure,H_source_only,2,42,1.4018059519774484,0.0003432054785786436,0.9973833358872686,0.09413797263157431
2,identity_plus_closure,H_source_only,3,0,0.6711601322191985,0.0019039836401929103,0.6245951422574019,0.05273219546988339
2,identity_plus_closure,H_source_only,3,14,0.6980302363809903,0.0036952846039528925,0.6796196243190508,-0.017284166214968533
2,identity_plus_closure,H_source_only,3,28,0.6603096946934884,0.005225631634591363,0.43180620698284755,0.02783664832578414
2,identity_plus_closure,H_source_only,3,42,0.7899357527548782,0.00216464852324038,1.108384833720495,0.044009452353273915
2,identity_plus_closure,H_response_only,0,0,1.7814564188999453,0.05036782752770524,0.08876096214816442,0.13515465787271896
2,identity_plus_closure,H_response_only,0,14,0.9138186029091488,0.04838764462064597,0.072039062020219,-0.6353347228121311
2,identity_plus_closure,H_response_only,0,28,1.1379058366607706,0.05028060832415222,0.04791071727658441,-0.01132423222663137
2,identity_plus_closure,H_response_only,0,42,1.316230826068648,0.0432025662678496,0.08746006948474594,0.46516141973074593
2,identity_plus_closure,H_response_only,1,0,1.5914473039646344,0.028241013541755556,0.12374617404587447,0.2169880809377629
2,identity_plus_closure,H_response_only,1,14,0.9494006094899403,0.023551116336988753,0.07921350427312895,0.18636832279797744
2,identity_plus_closure,H_response_only,1,28,0.5278832457224835,0.02865359909199652,0.09195246066870716,-0.7103610845742112
2,identity_plus_closure,H_response_only,1,42,1.6522657529479374,0.022263790042505647,0.3964297614946188,0.08401007954605966
2,identity_plus_closure,H_response_only,2,0,0.7181476487796156,0.0005373546707106392,0.4722147657351279,-0.2162781176087557
2,identity_plus_closure,H_response_only,2,14,0.2992386666396026,0.0003307380905544008,0.37201112843584055,-0.8429824530918443
2,identity_plus_closure,H_response_only,2,28,1.346683640568151,0.0005463907168197181,0.6621105178978994,0.07808876215928351
2,identity_plus_closure,H_response_only,2,42,2.082318276840919,0.0003432054785786436,0.9973833358872686,0.09413797263157431
2,identity_plus_closure,H_response_only,3,0,0.9068332384358132,0.0019039836401929103,0.6245951422574019,0.05273219546988339
2,identity_plus_closure,H_response_only,3,14,1.0855495189128563,0.0036952846039528925,0.6796196243190508,-0.017284166214968533
2,identity_plus_closure,H_response_only,3,28,1.1254658148124688,0.005225631634591363,0.43180620698284755,0.02783664832578414
2,identity_plus_closure,H_response_only,3,42,0.9811839233314564,0.00216464852324038,1.108384833720495,0.044009452353273915
2,identity_plus_closure,H_source_divflow,0,0,1.4628454849968417,0.05036782752770524,0.08876096214816442,0.13515465787271896
2,identity_plus_closure,H_source_divflow,0,14,0.8722436402224435,0.04838764462064597,0.072039062020219,-0.6353347228121311
2,identity_plus_closure,H_source_divflow,0,28,1.1584139833209874,0.05028060832415222,0.04791071727658441,-0.01132423222663137
2,identity_plus_closure,H_source_divflow,0,42,1.2196619130963575,0.0432025662678496,0.08746006948474594,0.46516141973074593
2,identity_plus_closure,H_source_divflow,1,0,1.247660362376744,0.028241013541755556,0.12374617404587447,0.2169880809377629
2,identity_plus_closure,H_source_divflow,1,14,0.5268481378274968,0.023551116336988753,0.07921350427312895,0.18636832279797744
2,identity_plus_closure,H_source_divflow,1,28,0.3423985466924008,0.02865359909199652,0.09195246066870716,-0.7103610845742112
2,identity_plus_closure,H_source_divflow,1,42,1.27112072802297,0.022263790042505647,0.3964297614946188,0.08401007954605966
2,identity_plus_closure,H_source_divflow,2,0,0.5373966709212181,0.0005373546707106392,0.4722147657351279,-0.2162781176087557
2,identity_plus_closure,H_source_divflow,2,14,0.3803674792383813,0.0003307380905544008,0.37201112843584055,-0.8429824530918443
2,identity_plus_closure,H_source_divflow,2,28,1.018707768572904,0.0005463907168197181,0.6621105178978994,0.07808876215928351
2,identity_plus_closure,H_source_divflow,2,42,1.6394196602641875,0.0003432054785786436,0.9973833358872686,0.09413797263157431
2,identity_plus_closure,H_source_divflow,3,0,0.6276021937882483,0.0019039836401929103,0.6245951422574019,0.05273219546988339
2,identity_plus_closure,H_source_divflow,3,14,0.6931549238843173,0.0036952846039528925,0.6796196243190508,-0.017284166214968533
2,identity_plus_closure,H_source_divflow,3,28,0.6957586714632936,0.005225631634591363,0.43180620698284755,0.02783664832578414
2,identity_plus_closure,H_source_divflow,3,42,0.6277870015053895,0.00216464852324038,1.108384833720495,0.044009452353273915
2,identity_plus_closure,H_rho_omega,0,0,1.53118941817077,0.05036782752770524,0.08876096214816442,0.13515465787271896
2,identity_plus_closure,H_rho_omega,0,14,0.8250387697839647,0.04838764462064597,0.072039062020219,-0.6353347228121311
2,identity_plus_closure,H_rho_omega,0,28,1.0081380489968912,0.05028060832415222,0.04791071727658441,-0.01132423222663137
2,identity_plus_closure,H_rho_omega,0,42,1.5274035644766168,0.0432025662678496,0.08746006948474594,0.46516141973074593
2,identity_plus_closure,H_rho_omega,1,0,1.3133919376765724,0.028241013541755556,0.12374617404587447,0.2169880809377629
2,identity_plus_closure,H_rho_omega,1,14,0.5217617917786466,0.023551116336988753,0.07921350427312895,0.18636832279797744
2,identity_plus_closure,H_rho_omega,1,28,0.5722970369206326,0.02865359909199652,0.09195246066870716,-0.7103610845742112
2,identity_plus_closure,H_rho_omega,1,42,1.2351914375883026,0.022263790042505647,0.3964297614946188,0.08401007954605966
2,identity_plus_closure,H_rho_omega,2,0,0.5175496049371546,0.0005373546707106392,0.4722147657351279,-0.2162781176087557
2,identity_plus_closure,H_rho_omega,2,14,0.5478184406447666,0.0003307380905544008,0.37201112843584055,-0.8429824530918443
2,identity_plus_closure,H_rho_omega,2,28,1.3124463475572554,0.0005463907168197181,0.6621105178978994,0.07808876215928351
2,identity_plus_closure,H_rho_omega,2,42,1.3091450629643622,0.0003432054785786436,0.9973833358872686,0.09413797263157431
2,identity_plus_closure,H_rho_omega,3,0,0.6574157516592087,0.0019039836401929103,0.6245951422574019,0.05273219546988339
2,identity_plus_closure,H_rho_omega,3,14,0.6225224464048457,0.0036952846039528925,0.6796196243190508,-0.017284166214968533
2,identity_plus_closure,H_rho_omega,3,28,0.5292584908019802,0.005225631634591363,0.43180620698284755,0.02783664832578414
2,identity_plus_closure,H_rho_omega,3,42,0.720163788934269,0.00216464852324038,1.108384833720495,0.044009452353273915
2,identity_closure_momentum,H_current,0,0,1.6869128702150686,0.05036782752770524,0.08876096214816442,0.13515465787271896
2,identity_closure_momentum,H_current,0,14,0.8067311497583278,0.04838764462064597,0.072039062020219,-0.6353347228121311
2,identity_closure_momentum,H_current,0,28,1.103096306031755,0.05028060832415222,0.04791071727658441,-0.01132423222663137
2,identity_closure_momentum,H_current,0,42,1.374641603081688,0.0432025662678496,0.08746006948474594,0.46516141973074593
2,identity_closure_momentum,H_current,1,0,1.4833120360949823,0.028241013541755556,0.12374617404587447,0.2169880809377629
2,identity_closure_momentum,H_current,1,14,0.7574694811648226,0.023551116336988753,0.07921350427312895,0.18636832279797744
2,identity_closure_momentum,H_current,1,28,0.3555331499910483,0.02865359909199652,0.09195246066870716,-0.7103610845742112
2,identity_closure_momentum,H_current,1,42,1.4955628215577281,0.022263790042505647,0.3964297614946188,0.08401007954605966
2,identity_closure_momentum,H_current,2,0,0.6970494276622539,0.0005373546707106392,0.4722147657351279,-0.2162781176087557
2,identity_closure_momentum,H_current,2,14,0.4771485503810107,0.0003307380905544008,0.37201112843584055,-0.8429824530918443
2,identity_closure_momentum,H_current,2,28,1.342149015090834,0.0005463907168197181,0.6621105178978994,0.07808876215928351
2,identity_closure_momentum,H_current,2,42,1.620076825481825,0.0003432054785786436,0.9973833358872686,0.09413797263157431
2,identity_closure_momentum,H_current,3,0,0.7428291288694233,0.0019039836401929103,0.6245951422574019,0.05273219546988339
2,identity_closure_momentum,H_current,3,14,0.8102975909106437,0.0036952846039528925,0.6796196243190508,-0.017284166214968533
2,identity_closure_momentum,H_current,3,28,0.8082232562127476,0.005225631634591363,0.43180620698284755,0.02783664832578414
2,identity_closure_momentum,H_current,3,42,0.8317063775020098,0.00216464852324038,1.108384833720495,0.044009452353273915
2,identity_closure_momentum,H_source_only,0,0,1.6346388665093696,0.05036782752770524,0.08876096214816442,0.13515465787271896
2,identity_closure_momentum,H_source_only,0,14,0.7589435297577625,0.04838764462064597,0.072039062020219,-0.6353347228121311
2,identity_closure_momentum,H_source_only,0,28,1.088982138810041,0.05028060832415222,0.04791071727658441,-0.01132423222663137
2,identity_closure_momentum,H_source_only,0,42,1.4075380711804817,0.0432025662678496,0.08746006948474594,0.46516141973074593
2,identity_closure_momentum,H_source_only,1,0,1.4154145491132346,0.028241013541755556,0.12374617404587447,0.2169880809377629
2,identity_closure_momentum,H_source_only,1,14,0.6301969000499826,0.023551116336988753,0.07921350427312895,0.18636832279797744
2,identity_closure_momentum,H_source_only,1,28,0.4838531030337374,0.02865359909199652,0.09195246066870716,-0.7103610845742112
2,identity_closure_momentum,H_source_only,1,42,1.4023198217630017,0.022263790042505647,0.3964297614946188,0.08401007954605966
2,identity_closure_momentum,H_source_only,2,0,0.6567222312174851,0.0005373546707106392,0.4722147657351279,-0.2162781176087557
2,identity_closure_momentum,H_source_only,2,14,0.5486055042189866,0.0003307380905544008,0.37201112843584055,-0.8429824530918443
2,identity_closure_momentum,H_source_only,2,28,1.322500733319874,0.0005463907168197181,0.6621105178978994,0.07808876215928351
2,identity_closure_momentum,H_source_only,2,42,1.4018059519774484,0.0003432054785786436,0.9973833358872686,0.09413797263157431
2,identity_closure_momentum,H_source_only,3,0,0.6711601322191985,0.0019039836401929103,0.6245951422574019,0.05273219546988339
2,identity_closure_momentum,H_source_only,3,14,0.6980302363809903,0.0036952846039528925,0.6796196243190508,-0.017284166214968533
2,identity_closure_momentum,H_source_only,3,28,0.6603096946934884,0.005225631634591363,0.43180620698284755,0.02783664832578414
2,identity_closure_momentum,H_source_only,3,42,0.7899357527548782,0.00216464852324038,1.108384833720495,0.044009452353273915
2,identity_closure_momentum,H_response_only,0,0,1.7814564188999453,0.05036782752770524,0.08876096214816442,0.13515465787271896
2,identity_closure_momentum,H_response_only,0,14,0.9138186029091488,0.04838764462064597,0.072039062020219,-0.6353347228121311
2,identity_closure_momentum,H_response_only,0,28,1.1379058366607706,0.05028060832415222,0.04791071727658441,-0.01132423222663137
2,identity_closure_momentum,H_response_only,0,42,1.316230826068648,0.0432025662678496,0.08746006948474594,0.46516141973074593
2,identity_closure_momentum,H_response_only,1,0,1.5914473039646344,0.028241013541755556,0.12374617404587447,0.2169880809377629
2,identity_closure_momentum,H_response_only,1,14,0.9494006094899403,0.023551116336988753,0.07921350427312895,0.18636832279797744
2,identity_closure_momentum,H_response_only,1,28,0.5278832457224835,0.02865359909199652,0.09195246066870716,-0.7103610845742112
2,identity_closure_momentum,H_response_only,1,42,1.6522657529479374,0.022263790042505647,0.3964297614946188,0.08401007954605966
2,identity_closure_momentum,H_response_only,2,0,0.7181476487796156,0.0005373546707106392,0.4722147657351279,-0.2162781176087557
2,identity_closure_momentum,H_response_only,2,14,0.2992386666396026,0.0003307380905544008,0.37201112843584055,-0.8429824530918443
2,identity_closure_momentum,H_response_only,2,28,1.346683640568151,0.0005463907168197181,0.6621105178978994,0.07808876215928351
2,identity_closure_momentum,H_response_only,2,42,2.082318276840919,0.0003432054785786436,0.9973833358872686,0.09413797263157431
2,identity_closure_momentum,H_response_only,3,0,0.9068332384358132,0.0019039836401929103,0.6245951422574019,0.05273219546988339
2,identity_closure_momentum,H_response_only,3,14,1.0855495189128563,0.0036952846039528925,0.6796196243190508,-0.017284166214968533
2,identity_closure_momentum,H_response_only,3,28,1.1254658148124688,0.005225631634591363,0.43180620698284755,0.02783664832578414
2,identity_closure_momentum,H_response_only,3,42,0.9811839233314564,0.00216464852324038,1.108384833720495,0.044009452353273915
2,identity_closure_momentum,H_source_divflow,0,0,1.4628454849968417,0.05036782752770524,0.08876096214816442,0.13515465787271896
2,identity_closure_momentum,H_source_divflow,0,14,0.8722436402224435,0.04838764462064597,0.072039062020219,-0.6353347228121311
2,identity_closure_momentum,H_source_divflow,0,28,1.1584139833209874,0.05028060832415222,0.04791071727658441,-0.01132423222663137
2,identity_closure_momentum,H_source_divflow,0,42,1.2196619130963575,0.0432025662678496,0.08746006948474594,0.46516141973074593
2,identity_closure_momentum,H_source_divflow,1,0,1.247660362376744,0.028241013541755556,0.12374617404587447,0.2169880809377629
2,identity_closure_momentum,H_source_divflow,1,14,0.5268481378274968,0.023551116336988753,0.07921350427312895,0.18636832279797744
2,identity_closure_momentum,H_source_divflow,1,28,0.3423985466924008,0.02865359909199652,0.09195246066870716,-0.7103610845742112
2,identity_closure_momentum,H_source_divflow,1,42,1.27112072802297,0.022263790042505647,0.3964297614946188,0.08401007954605966
2,identity_closure_momentum,H_source_divflow,2,0,0.5373966709212181,0.0005373546707106392,0.4722147657351279,-0.2162781176087557
2,identity_closure_momentum,H_source_divflow,2,14,0.3803674792383813,0.0003307380905544008,0.37201112843584055,-0.8429824530918443
2,identity_closure_momentum,H_source_divflow,2,28,1.018707768572904,0.0005463907168197181,0.6621105178978994,0.07808876215928351
2,identity_closure_momentum,H_source_divflow,2,42,1.6394196602641875,0.0003432054785786436,0.9973833358872686,0.09413797263157431
2,identity_closure_momentum,H_source_divflow,3,0,0.6276021937882483,0.0019039836401929103,0.6245951422574019,0.05273219546988339
2,identity_closure_momentum,H_source_divflow,3,14,0.6931549238843173,0.0036952846039528925,0.6796196243190508,-0.017284166214968533
2,identity_closure_momentum,H_source_divflow,3,28,0.6957586714632936,0.005225631634591363,0.43180620698284755,0.02783664832578414
2,identity_closure_momentum,H_source_divflow,3,42,0.6277870015053895,0.00216464852324038,1.108384833720495,0.044009452353273915
2,identity_closure_momentum,H_rho_omega,0,0,1.53118941817077,0.05036782752770524,0.08876096214816442,0.13515465787271896
2,identity_closure_momentum,H_rho_omega,0,14,0.8250387697839647,0.04838764462064597,0.072039062020219,-0.6353347228121311
2,identity_closure_momentum,H_rho_omega,0,28,1.0081380489968912,0.05028060832415222,0.04791071727658441,-0.01132423222663137
2,identity_closure_momentum,H_rho_omega,0,42,1.5274035644766168,0.0432025662678496,0.08746006948474594,0.46516141973074593
2,identity_closure_momentum,H_rho_omega,1,0,1.3133919376765724,0.028241013541755556,0.12374617404587447,0.2169880809377629
2,identity_closure_momentum,H_rho_omega,1,14,0.5217617917786466,0.023551116336988753,0.07921350427312895,0.18636832279797744
2,identity_closure_momentum,H_rho_omega,1,28,0.5722970369206326,0.02865359909199652,0.09195246066870716,-0.7103610845742112
2,identity_closure_momentum,H_rho_omega,1,42,1.2351914375883026,0.022263790042505647,0.3964297614946188,0.08401007954605966
2,identity_closure_momentum,H_rho_omega,2,0,0.5175496049371546,0.0005373546707106392,0.4722147657351279,-0.2162781176087557
2,identity_closure_momentum,H_rho_omega,2,14,0.5478184406447666,0.0003307380905544008,0.37201112843584055,-0.8429824530918443
2,identity_closure_momentum,H_rho_omega,2,28,1.3124463475572554,0.0005463907168197181,0.6621105178978994,0.07808876215928351
2,identity_closure_momentum,H_rho_omega,2,42,1.3091450629643622,0.0003432054785786436,0.9973833358872686,0.09413797263157431
2,identity_closure_momentum,H_rho_omega,3,0,0.6574157516592087,0.0019039836401929103,0.6245951422574019,0.05273219546988339
2,identity_closure_momentum,H_rho_omega,3,14,0.6225224464048457,0.0036952846039528925,0.6796196243190508,-0.017284166214968533
2,identity_closure_momentum,H_rho_omega,3,28,0.5292584908019802,0.005225631634591363,0.43180620698284755,0.02783664832578414
2,identity_closure_momentum,H_rho_omega,3,42,0.720163788934269,0.00216464852324038,1.108384833720495,0.044009452353273915
2,full_stack,H_current,0,0,1.6869128702148883,0.05036782752770515,0.08876096214816438,0.13515465782418257
2,full_stack,H_current,0,14,0.8067311497754281,0.048387644620646014,0.07203906202021919,-0.635334722828645
2,full_stack,H_current,0,28,1.103096306016016,0.05028060832415215,0.04791071727658437,-0.011324232222651887
2,full_stack,H_current,0,42,1.3746416030858728,0.0432025662678498,0.08746006948474602,0.465161419681303
2,full_stack,H_current,1,0,1.4833120360898244,0.028241013541755525,0.12374617404587465,0.21698808089086585
2,full_stack,H_current,1,14,0.7574694811661881,0.023551116336988667,0.07921350427312891,0.18636832282749083
2,full_stack,H_current,1,28,0.35553314998701724,0.02865359909199668,0.09195246066870717,-0.7103610845427198
2,full_stack,H_current,1,42,1.4955628215556165,0.02226379004250573,0.3964297614946188,0.084010079533965
2,full_stack,H_current,2,0,0.6970494276614295,0.0005373546707114894,0.4722147657351278,-0.21627811738528224
2,full_stack,H_current,2,14,0.4771485503940088,0.00033073809055495754,0.3720111284358404,-0.8429824531886263
2,full_stack,H_current,2,28,1.342149015086326,0.0005463907168204179,0.6621105178978994,0.07808876215726168
2,full_stack,H_current,2,42,1.6200768254816182,0.0003432054785796235,0.9973833358872687,0.09413797264325585
2,full_stack,H_current,3,0,0.7428291288681199,0.0019039836401944295,0.624595142257402,0.05273219546682828
2,full_stack,H_current,3,14,0.8102975909048762,0.003695284603955703,0.6796196243190508,-0.017284166209012297
2,full_stack,H_current,3,28,0.8082232562133699,0.00522563163459532,0.4318062069828476,0.02783664832594246
2,full_stack,H_current,3,42,0.831706377502279,0.002164648523241911,1.1083848337204951,0.0440094523496396
2,full_stack,H_source_only,0,0,1.63463886650937,0.05036782752770515,0.08876096214816438,0.13515465782418257
2,full_stack,H_source_only,0,14,0.7589435297577619,0.048387644620646014,0.07203906202021919,-0.635334722828645
2,full_stack,H_source_only,0,28,1.0889821388100405,0.05028060832415215,0.04791071727658437,-0.011324232222651887
2,full_stack,H_source_only,0,42,1.4075380711804815,0.0432025662678498,0.08746006948474602,0.465161419681303
2,full_stack,H_source_only,1,0,1.4154145491132344,0.028241013541755525,0.12374617404587465,0.21698808089086585
2,full_stack,H_source_only,1,14,0.6301969000499827,0.023551116336988667,0.07921350427312891,0.18636832282749083
2,full_stack,H_source_only,1,28,0.4838531030337374,0.02865359909199668,0.09195246066870717,-0.7103610845427198
2,full_stack,H_source_only,1,42,1.4023198217630022,0.02226379004250573,0.3964297614946188,0.084010079533965
2,full_stack,H_source_only,2,0,0.6567222312174852,0.0005373546707114894,0.4722147657351278,-0.21627811738528224
2,full_stack,H_source_only,2,14,0.5486055042189866,0.00033073809055495754,0.3720111284358404,-0.8429824531886263
2,full_stack,H_source_only,2,28,1.3225007333198737,0.0005463907168204179,0.6621105178978994,0.07808876215726168
2,full_stack,H_source_only,2,42,1.4018059519774486,0.0003432054785796235,0.9973833358872687,0.09413797264325585
2,full_stack,H_source_only,3,0,0.6711601322191985,0.0019039836401944295,0.624595142257402,0.05273219546682828
2,full_stack,H_source_only,3,14,0.6980302363809903,0.003695284603955703,0.6796196243190508,-0.017284166209012297
2,full_stack,H_source_only,3,28,0.6603096946934884,0.00522563163459532,0.4318062069828476,0.02783664832594246
2,full_stack,H_source_only,3,42,0.7899357527548782,0.002164648523241911,1.1083848337204951,0.0440094523496396
2,full_stack,H_response_only,0,0,1.7814564189007787,0.05036782752770515,0.08876096214816438,0.13515465782418257
2,full_stack,H_response_only,0,14,0.9138186029461828,0.048387644620646014,0.07203906202021919,-0.635334722828645
2,full_stack,H_response_only,0,28,1.1379058366233359,0.05028060832415215,0.04791071727658437,-0.011324232222651887
2,full_stack,H_response_only,0,42,1.3162308260832485,0.0432025662678498,0.08746006948474602,0.465161419681303
2,full_stack,H_response_only,1,0,1.5914473039511008,0.028241013541755525,0.12374617404587465,0.21698808089086585
2,full_stack,H_response_only,1,14,0.9494006095001806,0.023551116336988667,0.07921350427312891,0.18636832282749083
2,full_stack,H_response_only,1,28,0.5278832456857712,0.02865359909199668,0.09195246066870717,-0.7103610845427198
2,full_stack,H_response_only,1,42,1.6522657529428684,0.02226379004250573,0.3964297614946188,0.084010079533965
2,full_stack,H_response_only,2,0,0.7181476487767895,0.0005373546707114894,0.4722147657351278,-0.21627811738528224
2,full_stack,H_response_only,2,14,0.29923866667945015,0.00033073809055495754,0.3720111284358404,-0.8429824531886263
2,full_stack,H_response_only,2,28,1.3466836405622378,0.0005463907168204179,0.6621105178978994,0.07808876215726168
2,full_stack,H_response_only,2,42,2.082318276835096,0.0003432054785796235,0.9973833358872687,0.09413797264325585
2,full_stack,H_response_only,3,0,0.9068332384322959,0.0019039836401944295,0.624595142257402,0.05273219546682828
2,full_stack,H_response_only,3,14,1.085549518896742,0.003695284603955703,0.6796196243190508,-0.017284166209012297
2,full_stack,H_response_only,3,28,1.1254658148093428,0.00522563163459532,0.4318062069828476,0.02783664832594246
2,full_stack,H_response_only,3,42,0.9811839233397828,0.002164648523241911,1.1083848337204951,0.0440094523496396
2,full_stack,H_source_divflow,0,0,1.4628454849968422,0.05036782752770515,0.08876096214816438,0.13515465782418257
2,full_stack,H_source_divflow,0,14,0.8722436402224432,0.048387644620646014,0.07203906202021919,-0.635334722828645
2,full_stack,H_source_divflow,0,28,1.1584139833209872,0.05028060832415215,0.04791071727658437,-0.011324232222651887
2,full_stack,H_source_divflow,0,42,1.2196619130963575,0.0432025662678498,0.08746006948474602,0.465161419681303
2,full_stack,H_source_divflow,1,0,1.2476603623767433,0.028241013541755525,0.12374617404587465,0.21698808089086585
2,full_stack,H_source_divflow,1,14,0.5268481378274971,0.023551116336988667,0.07921350427312891,0.18636832282749083
2,full_stack,H_source_divflow,1,28,0.3423985466924008,0.02865359909199668,0.09195246066870717,-0.7103610845427198
2,full_stack,H_source_divflow,1,42,1.2711207280229704,0.02226379004250573,0.3964297614946188,0.084010079533965
2,full_stack,H_source_divflow,2,0,0.5373966709212182,0.0005373546707114894,0.4722147657351278,-0.21627811738528224
2,full_stack,H_source_divflow,2,14,0.38036747923838143,0.00033073809055495754,0.3720111284358404,-0.8429824531886263
2,full_stack,H_source_divflow,2,28,1.0187077685729038,0.0005463907168204179,0.6621105178978994,0.07808876215726168
2,full_stack,H_source_divflow,2,42,1.6394196602641875,0.0003432054785796235,0.9973833358872687,0.09413797264325585
2,full_stack,H_source_divflow,3,0,0.6276021937882483,0.0019039836401944295,0.624595142257402,0.05273219546682828
2,full_stack,H_source_divflow,3,14,0.6931549238843171,0.003695284603955703,0.6796196243190508,-0.017284166209012297
2,full_stack,H_source_divflow,3,28,0.6957586714632936,0.00522563163459532,0.4318062069828476,0.02783664832594246
2,full_stack,H_source_divflow,3,42,0.6277870015053894,0.002164648523241911,1.1083848337204951,0.0440094523496396
2,full_stack,H_rho_omega,0,0,1.5311894181707708,0.05036782752770515,0.08876096214816438,0.13515465782418257
2,full_stack,H_rho_omega,0,14,0.8250387697839642,0.048387644620646014,0.07203906202021919,-0.635334722828645
2,full_stack,H_rho_omega,0,28,1.008138048996891,0.05028060832415215,0.04791071727658437,-0.011324232222651887
2,full_stack,H_rho_omega,0,42,1.5274035644766157,0.0432025662678498,0.08746006948474602,0.465161419681303
2,full_stack,H_rho_omega,1,0,1.3133919376765726,0.028241013541755525,0.12374617404587465,0.21698808089086585
2,full_stack,H_rho_omega,1,14,0.5217617917786472,0.023551116336988667,0.07921350427312891,0.18636832282749083
2,full_stack,H_rho_omega,1,28,0.5722970369206322,0.02865359909199668,0.09195246066870717,-0.7103610845427198
2,full_stack,H_rho_omega,1,42,1.2351914375883029,0.02226379004250573,0.3964297614946188,0.084010079533965
2,full_stack,H_rho_omega,2,0,0.5175496049371547,0.0005373546707114894,0.4722147657351278,-0.21627811738528224
2,full_stack,H_rho_omega,2,14,0.5478184406447666,0.00033073809055495754,0.3720111284358404,-0.8429824531886263
2,full_stack,H_rho_omega,2,28,1.3124463475572548,0.0005463907168204179,0.6621105178978994,0.07808876215726168
2,full_stack,H_rho_omega,2,42,1.309145062964362,0.0003432054785796235,0.9973833358872687,0.09413797264325585
2,full_stack,H_rho_omega,3,0,0.6574157516592085,0.0019039836401944295,0.624595142257402,0.05273219546682828
2,full_stack,H_rho_omega,3,14,0.622522446404844,0.003695284603955703,0.6796196243190508,-0.017284166209012297
2,full_stack,H_rho_omega,3,28,0.52925849080198,0.00522563163459532,0.4318062069828476,0.02783664832594246
2,full_stack,H_rho_omega,3,42,0.7201637889342696,0.002164648523241911,1.1083848337204951,0.0440094523496396
3,weak_control,H_current,0,0,1.0119317049796261,0.5488655615606389,0.8790322106393434,0.1754906906599345
3,weak_control,H_current,0,14,1.3407079367800274,1.1656001214016372,1.322553491011968,0.15080605904873629
3,weak_control,H_current,0,28,1.3603886579625342,1.6730264779873751,0.8594762335727417,0.19756036124645726
3,weak_control,H_current,0,42,1.2162752217702169,1.1401682270605944,1.6351055315541874,0.003929930083898914
3,weak_control,H_current,1,0,1.3198714047328444,0.6409250207678729,1.0695696237175156,0.15390331730318985
3,weak_control,H_current,1,14,0.8375533419158108,0.6170000618150251,1.282219520894405,0.246965263784654
3,weak_control,H_current,1,28,0.8822895657172148,0.9037859335928704,1.1185854640896296,-0.22142047629159445
3,weak_control,H_current,1,42,1.604774714925696,1.2579457890942192,1.4401031024836008,0.02996535772301656
3,weak_control,H_current,2,0,0.7791332324884098,0.6257694047103262,0.5057289049112775,0.4347477078019767
3,weak_control,H_current,2,14,0.5667574666002636,0.14903083366389733,0.3970085065099167,0.1430397205574373
3,weak_control,H_current,2,28,1.266546511319126,1.0514844764492617,0.9091105733329954,0.07214181591961921
3,weak_control,H_current,2,42,1.6564861125793588,1.0242867228867067,0.8164793070049217,-0.016292741552906276
3,weak_control,H_current,3,0,0.8450302873007967,0.7483343060770314,0.4472913591951872,0.026255542218196037
3,weak_control,H_current,3,14,0.8435738768414301,0.6742803889138022,0.8051020072437695,0.035170284495675275
3,weak_control,H_current,3,28,0.8860129656161729,0.7017125742912392,0.6366849711924254,0.03484186335012107
3,weak_control,H_current,3,42,1.0097073928689266,0.7344206480959493,1.3432253109931254,0.13664889392886326
3,weak_control,H_source_only,0,0,1.035942472358443,0.5488655615606389,0.8790322106393434,0.1754906906599345
3,weak_control,H_source_only,0,14,1.23819641263362,1.1656001214016372,1.322553491011968,0.15080605904873629
3,weak_control,H_source_only,0,28,1.4062074036083074,1.6730264779873751,0.8594762335727417,0.19756036124645726
3,weak_control,H_source_only,0,42,1.0584027770242812,1.1401682270605944,1.6351055315541874,0.003929930083898914
3,weak_control,H_source_only,1,0,1.2276379306487237,0.6409250207678729,1.0695696237175156,0.15390331730318985
3,weak_control,H_source_only,1,14,0.768480981045486,0.6170000618150251,1.282219520894405,0.246965263784654
3,weak_control,H_source_only,1,28,0.9050586512749345,0.9037859335928704,1.1185854640896296,-0.22142047629159445
3,weak_control,H_source_only,1,42,1.5720422114683528,1.2579457890942192,1.4401031024836008,0.02996535772301656
3,weak_control,H_source_only,2,0,0.7267882812645693,0.6257694047103262,0.5057289049112775,0.4347477078019767
3,weak_control,H_source_only,2,14,0.5660266986048194,0.14903083366389733,0.3970085065099167,0.1430397205574373
3,weak_control,H_source_only,2,28,1.2266294440056975,1.0514844764492617,0.9091105733329954,0.07214181591961921
3,weak_control,H_source_only,2,42,1.4784562248410165,1.0242867228867067,0.8164793070049217,-0.016292741552906276
3,weak_control,H_source_only,3,0,0.7894959519381234,0.7483343060770314,0.4472913591951872,0.026255542218196037
3,weak_control,H_source_only,3,14,0.6760160658741435,0.6742803889138022,0.8051020072437695,0.035170284495675275
3,weak_control,H_source_only,3,28,0.7842503920631297,0.7017125742912392,0.6366849711924254,0.03484186335012107
3,weak_control,H_source_only,3,42,0.9905709435129805,0.7344206480959493,1.3432253109931254,0.13664889392886326
3,weak_control,H_response_only,0,0,0.9723603115693439,0.5488655615606389,0.8790322106393434,0.1754906906599345
3,weak_control,H_response_only,0,14,1.4734321243886594,1.1656001214016372,1.322553491011968,0.15080605904873629
3,weak_control,H_response_only,0,28,1.3587695698579225,1.6730264779873751,0.8594762335727417,0.19756036124645726
3,weak_control,H_response_only,0,42,1.4891076378090764,1.1401682270605944,1.6351055315541874,0.003929930083898914
3,weak_control,H_response_only,1,0,1.4944214276058336,0.6409250207678729,1.0695696237175156,0.15390331730318985
3,weak_control,H_response_only,1,14,0.9760329386221385,0.6170000618150251,1.282219520894405,0.246965263784654
3,weak_control,H_response_only,1,28,0.9511047380546072,0.9037859335928704,1.1185854640896296,-0.22142047629159445
3,weak_control,H_response_only,1,42,1.6301769050725425,1.2579457890942192,1.4401031024836008,0.02996535772301656
3,weak_control,H_response_only,2,0,0.8759198317789749,0.6257694047103262,0.5057289049112775,0.4347477078019767
3,weak_control,H_response_only,2,14,0.5600544544742797,0.14903083366389733,0.3970085065099167,0.1430397205574373
3,weak_control,H_response_only,2,28,1.3247308618089608,1.0514844764492617,0.9091105733329954,0.07214181591961921
3,weak_control,H_response_only,2,42,2.0127611612535232,1.0242867228867067,0.8164793070049217,-0.016292741552906276
3,weak_control,H_response_only,3,0,0.9946887339284711,0.7483343060770314,0.4472913591951872,0.026255542218196037
3,weak_control,H_response_only,3,14,1.1826152701577073,0.6742803889138022,0.8051020072437695,0.035170284495675275
3,weak_control,H_response_only,3,28,1.131761637972124,0.7017125742912392,0.6366849711924254,0.03484186335012107
3,weak_control,H_response_only,3,42,1.0510129719750865,0.7344206480959493,1.3432253109931254,0.13664889392886326
3,weak_control,H_source_divflow,0,0,0.8698548663584129,0.5488655615606389,0.8790322106393434,0.1754906906599345
3,weak_control,H_source_divflow,0,14,1.2276796990829038,1.1656001214016372,1.322553491011968,0.15080605904873629
3,weak_control,H_source_divflow,0,28,1.322748143732787,1.6730264779873751,0.8594762335727417,0.19756036124645726
3,weak_control,H_source_divflow,0,42,0.9511894505480994,1.1401682270605944,1.6351055315541874,0.003929930083898914
3,weak_control,H_source_divflow,1,0,1.2526089345827642,0.6409250207678729,1.0695696237175156,0.15390331730318985
3,weak_control,H_source_divflow,1,14,0.7695970860517501,0.6170000618150251,1.282219520894405,0.246965263784654
3,weak_control,H_source_divflow,1,28,0.8641328553150961,0.9037859335928704,1.1185854640896296,-0.22142047629159445
3,weak_control,H_source_divflow,1,42,1.513684309821015,1.2579457890942192,1.4401031024836008,0.02996535772301656
3,weak_control,H_source_divflow,2,0,0.7016888133327976,0.6257694047103262,0.5057289049112775,0.4347477078019767
3,weak_control,H_source_divflow,2,14,0.4858389425108541,0.14903083366389733,0.3970085065099167,0.1430397205574373
3,weak_control,H_source_divflow,2,28,0.9982220675462983,1.0514844764492617,0.9091105733329954,0.07214181591961921
3,weak_control,H_source_divflow,2,42,1.8612543900190028,1.0242867228867067,0.8164793070049217,-0.016292741552906276
3,weak_control,H_source_divflow,3,0,0.8266577731623107,0.7483343060770314,0.4472913591951872,0.026255542218196037
3,weak_control,H_source_divflow,3,14,0.7231912880051934,0.6742803889138022,0.8051020072437695,0.035170284495675275
3,weak_control,H_source_divflow,3,28,0.8212366600497849,0.7017125742912392,0.6366849711924254,0.03484186335012107
3,weak_control,H_source_divflow,3,42,0.7409952415904775,0.7344206480959493,1.3432253109931254,0.13664889392886326
3,weak_control,H_rho_omega,0,0,0.9508946575411612,0.5488655615606389,0.8790322106393434,0.1754906906599345
3,weak_control,H_rho_omega,0,14,1.1400032531758981,1.1656001214016372,1.322553491011968,0.15080605904873629
3,weak_control,H_rho_omega,0,28,1.6266142236158538,1.6730264779873751,0.8594762335727417,0.19756036124645726
3,weak_control,H_rho_omega,0,42,1.0290603923249924,1.1401682270605944,1.6351055315541874,0.003929930083898914
3,weak_control,H_rho_omega,1,0,0.9210457953728954,0.6409250207678729,1.0695696237175156,0.15390331730318985
3,weak_control,H_rho_omega,1,14,0.7399817991246912,0.6170000618150251,1.282219520894405,0.246965263784654
3,weak_control,H_rho_omega,1,28,1.0822290253671514,0.9037859335928704,1.1185854640896296,-0.22142047629159445
3,weak_control,H_rho_omega,1,42,1.9207355433492972,1.2579457890942192,1.4401031024836008,0.02996535772301656
3,weak_control,H_rho_omega,2,0,0.8856684184565218,0.6257694047103262,0.5057289049112775,0.4347477078019767
3,weak_control,H_rho_omega,2,14,0.5113108151317217,0.14903083366389733,0.3970085065099167,0.1430397205574373
3,weak_control,H_rho_omega,2,28,1.2801032341234786,1.0514844764492617,0.9091105733329954,0.07214181591961921
3,weak_control,H_rho_omega,2,42,1.6675156050001294,1.0242867228867067,0.8164793070049217,-0.016292741552906276
3,weak_control,H_rho_omega,3,0,0.7083180022195004,0.7483343060770314,0.4472913591951872,0.026255542218196037
3,weak_control,H_rho_omega,3,14,0.6588976236576125,0.6742803889138022,0.8051020072437695,0.035170284495675275
3,weak_control,H_rho_omega,3,28,1.0791865202512347,0.7017125742912392,0.6366849711924254,0.03484186335012107
3,weak_control,H_rho_omega,3,42,1.0685147888590152,0.7344206480959493,1.3432253109931254,0.13664889392886326
3,identity_only,H_current,0,0,1.6613084722993061,0.049516383331695626,0.08978458443796941,0.3162584023757713
3,identity_only,H_current,0,14,0.9653760080106191,0.04941244893469715,0.06562883118020184,-0.8742732788171549
3,identity_only,H_current,0,28,0.9375807532127763,0.050300018492567204,0.05789343551910794,0.17360715320301956
3,identity_only,H_current,0,42,1.4323556033787501,0.04633501004381651,0.08331099761274016,-0.24155491567585158
3,identity_only,H_current,1,0,1.4803993084848523,0.02815286129871759,0.11515332577922992,0.14340189735859699
3,identity_only,H_current,1,14,0.7196571119124638,0.024375464607297937,0.0717468304474976,0.49623517055543576
3,identity_only,H_current,1,28,0.5243931056566647,0.028379189419917548,0.08153217351198314,-0.1405017814453724
3,identity_only,H_current,1,42,1.4949200493005792,0.022993086486833285,0.4036929118784617,0.0029315293912274276
3,identity_only,H_current,2,0,0.7387493285459686,0.0005984795836696059,0.42522362861385554,0.20853450357665926
3,identity_only,H_current,2,14,0.4938456029103661,0.00032860057532421,0.34538576094816686,-0.5073189331975613
3,identity_only,H_current,2,28,1.377795284098825,0.0006211120406926369,0.8642690665433972,0.05826432452565056
3,identity_only,H_current,2,42,1.6335267814019425,0.0004382750297142215,0.7885018782679682,0.11936030892628569
3,identity_only,H_current,3,0,0.8098176975018057,0.0016083355358251334,0.490736862688079,0.04673440872920165
3,identity_only,H_current,3,14,0.8714364911705093,0.004415221983834363,0.8460545949128029,0.04466974308066918
3,identity_only,H_current,3,28,0.857887393810337,0.0067630219517439355,0.6463407499599301,0.02087709807497662
3,identity_only,H_current,3,42,0.9239709903058846,0.001409878743480555,1.410774627160299,0.20499010816979452
3,identity_only,H_source_only,0,0,1.6312492397804437,0.049516383331695626,0.08978458443796941,0.3162584023757713
3,identity_only,H_source_only,0,14,0.8331695364598979,0.04941244893469715,0.06562883118020184,-0.8742732788171549
3,identity_only,H_source_only,0,28,1.039775330314283,0.050300018492567204,0.05789343551910794,0.17360715320301956
3,identity_only,H_source_only,0,42,1.4072947634006239,0.04633501004381651,0.08331099761274016,-0.24155491567585158
3,identity_only,H_source_only,1,0,1.4416961724850885,0.02815286129871759,0.11515332577922992,0.14340189735859699
3,identity_only,H_source_only,1,14,0.5963384905546928,0.024375464607297937,0.0717468304474976,0.49623517055543576
3,identity_only,H_source_only,1,28,0.6237204981467108,0.028379189419917548,0.08153217351198314,-0.1405017814453724
3,identity_only,H_source_only,1,42,1.4293071775034247,0.022993086486833285,0.4036929118784617,0.0029315293912274276
3,identity_only,H_source_only,2,0,0.6615722043699838,0.0005984795836696059,0.42522362861385554,0.20853450357665926
3,identity_only,H_source_only,2,14,0.49087747513262964,0.00032860057532421,0.34538576094816686,-0.5073189331975613
3,identity_only,H_source_only,2,28,1.3622004068605063,0.0006211120406926369,0.8642690665433972,0.05826432452565056
3,identity_only,H_source_only,2,42,1.4516073186658403,0.0004382750297142215,0.7885018782679682,0.11936030892628569
3,identity_only,H_source_only,3,0,0.7494678692244147,0.0016083355358251334,0.490736862688079,0.04673440872920165
3,identity_only,H_source_only,3,14,0.6202884438782108,0.004415221983834363,0.8460545949128029,0.04466974308066918
3,identity_only,H_source_only,3,28,0.7555396666093176,0.0067630219517439355,0.6463407499599301,0.02087709807497662
3,identity_only,H_source_only,3,42,0.9137634742423901,0.001409878743480555,1.410774627160299,0.20499010816979452
3,identity_only,H_response_only,0,0,1.7540409272689488,0.049516383331695626,0.08978458443796941,0.3162584023757713
3,identity_only,H_response_only,0,14,1.099093740549705,0.04941244893469715,0.06562883118020184,-0.8742732788171549
3,identity_only,H_response_only,0,28,0.8949295280608361,0.050300018492567204,0.05789343551910794,0.17360715320301956
3,identity_only,H_response_only,0,42,1.4641538709526054,0.04633501004381651,0.08331099761274016,-0.24155491567585158
3,identity_only,H_response_only,1,0,1.6034081940806173,0.02815286129871759,0.11515332577922992,0.14340189735859699
3,identity_only,H_response_only,1,14,0.9675786479208804,0.024375464607297937,0.0717468304474976,0.49623517055543576
3,identity_only,H_response_only,1,28,0.46618398935913324,0.028379189419917548,0.08153217351198314,-0.1405017814453724
3,identity_only,H_response_only,1,42,1.585413916450284,0.022993086486833285,0.4036929118784617,0.0029315293912274276
3,identity_only,H_response_only,2,0,0.9703598636883958,0.0005984795836696059,0.42522362861385554,0.20853450357665926
3,identity_only,H_response_only,2,14,0.45357940451698303,0.00032860057532421,0.34538576094816686,-0.5073189331975613
3,identity_only,H_response_only,2,28,1.3966030843999944,0.0006211120406926369,0.8642690665433972,0.05826432452565056
3,identity_only,H_response_only,2,42,1.9955434982617624,0.0004382750297142215,0.7885018782679682,0.11936030892628569
3,identity_only,H_response_only,3,0,0.9944530556913822,0.0016083355358251334,0.490736862688079,0.04673440872920165
3,identity_only,H_response_only,3,14,1.3311663087014693,0.004415221983834363,0.8460545949128029,0.04466974308066918
3,identity_only,H_response_only,3,28,1.161336331093365,0.0067630219517439355,0.6463407499599301,0.02087709807497662
3,identity_only,H_response_only,3,42,1.067037848232893,0.001409878743480555,1.410774627160299,0.20499010816979452
3,identity_only,H_source_divflow,0,0,1.4552651205704237,0.049516383331695626,0.08978458443796941,0.3162584023757713
3,identity_only,H_source_divflow,0,14,0.9458685586073451,0.04941244893469715,0.06562883118020184,-0.8742732788171549
3,identity_only,H_source_divflow,0,28,1.1074477797989788,0.050300018492567204,0.05789343551910794,0.17360715320301956
3,identity_only,H_source_divflow,0,42,1.221148719893182,0.04633501004381651,0.08331099761274016,-0.24155491567585158
3,identity_only,H_source_divflow,1,0,1.3298824020721178,0.02815286129871759,0.11515332577922992,0.14340189735859699
3,identity_only,H_source_divflow,1,14,0.47812319617413357,0.024375464607297937,0.0717468304474976,0.49623517055543576
3,identity_only,H_source_divflow,1,28,0.5042036175707701,0.028379189419917548,0.08153217351198314,-0.1405017814453724
3,identity_only,H_source_divflow,1,42,1.3351526046540445,0.022993086486833285,0.4036929118784617,0.0029315293912274276
3,identity_only,H_source_divflow,2,0,0.606995027781042,0.0005984795836696059,0.42522362861385554,0.20853450357665926
3,identity_only,H_source_divflow,2,14,0.3579151672551266,0.00032860057532421,0.34538576094816686,-0.5073189331975613
3,identity_only,H_source_divflow,2,28,1.1258136002171895,0.0006211120406926369,0.8642690665433972,0.05826432452565056
3,identity_only,H_source_divflow,2,42,1.830638619586406,0.0004382750297142215,0.7885018782679682,0.11936030892628569
3,identity_only,H_source_divflow,3,0,0.7652923849744137,0.0016083355358251334,0.490736862688079,0.04673440872920165
3,identity_only,H_source_divflow,3,14,0.6486921820240105,0.004415221983834363,0.8460545949128029,0.04466974308066918
3,identity_only,H_source_divflow,3,28,0.7451201006868162,0.0067630219517439355,0.6463407499599301,0.02087709807497662
3,identity_only,H_source_divflow,3,42,0.6676981047540119,0.001409878743480555,1.410774627160299,0.20499010816979452
3,identity_only,H_rho_omega,0,0,1.529592321080161,0.049516383331695626,0.08978458443796941,0.3162584023757713
3,identity_only,H_rho_omega,0,14,0.8898638085909906,0.04941244893469715,0.06562883118020184,-0.8742732788171549
3,identity_only,H_rho_omega,0,28,0.9519803047669471,0.050300018492567204,0.05789343551910794,0.17360715320301956
3,identity_only,H_rho_omega,0,42,1.527977177485766,0.04633501004381651,0.08331099761274016,-0.24155491567585158
3,identity_only,H_rho_omega,1,0,1.3455867374242967,0.02815286129871759,0.11515332577922992,0.14340189735859699
3,identity_only,H_rho_omega,1,14,0.5364267273290376,0.024375464607297937,0.0717468304474976,0.49623517055543576
3,identity_only,H_rho_omega,1,28,0.7268406942924344,0.028379189419917548,0.08153217351198314,-0.1405017814453724
3,identity_only,H_rho_omega,1,42,1.317478797553249,0.022993086486833285,0.4036929118784617,0.0029315293912274276
3,identity_only,H_rho_omega,2,0,0.4642624095249388,0.0005984795836696059,0.42522362861385554,0.20853450357665926
3,identity_only,H_rho_omega,2,14,0.49249094843457897,0.00032860057532421,0.34538576094816686,-0.5073189331975613
3,identity_only,H_rho_omega,2,28,1.4032481594535298,0.0006211120406926369,0.8642690665433972,0.05826432452565056
3,identity_only,H_rho_omega,2,42,1.3056165431078122,0.0004382750297142215,0.7885018782679682,0.11936030892628569
3,identity_only,H_rho_omega,3,0,0.7284123055459515,0.0016083355358251334,0.490736862688079,0.04673440872920165
3,identity_only,H_rho_omega,3,14,0.5103193289977378,0.004415221983834363,0.8460545949128029,0.04466974308066918
3,identity_only,H_rho_omega,3,28,0.6496434688714652,0.0067630219517439355,0.6463407499599301,0.02087709807497662
3,identity_only,H_rho_omega,3,42,0.873468952731768,0.001409878743480555,1.410774627160299,0.20499010816979452
3,closure_only,H_current,0,0,1.4130864741845852,0.7309551532664,1.1600729250544632,0.8801586084895241
3,closure_only,H_current,0,14,1.0439109810209932,1.3030617219790916,1.6136683920247028,1.250664214747763
3,closure_only,H_current,0,28,0.6015914722613037,1.6798406892620459,1.6028120231268697,0.9376770920145172
3,closure_only,H_current,0,42,1.707054497404663,0.6474764936254713,1.375870744962411,-0.2072605100232749
3,closure_only,H_current,1,0,1.4500766988770348,1.4651932642091576,1.4050301327719854,1.081162607381306
3,closure_only,H_current,1,14,0.5240785472720542,1.2105053394440397,1.1645860282146103,1.3938874768250773
3,closure_only,H_current,1,28,0.8409515581966525,1.6452340572287667,1.2666862427147432,1.6218768833563253
3,closure_only,H_current,1,42,1.422703562355326,2.3259858923914307,1.7980528858163087,1.6362261610502906
3,closure_only,H_current,2,0,1.1340501199771071,1.5777954085669663,0.6884964165706842,0.7410023519903962
3,closure_only,H_current,2,14,0.49253349588278666,0.14751330270565574,0.3649860851020578,0.8135636367103604
3,closure_only,H_current,2,28,1.3594091174694518,1.3049187833250553,0.9053697358173958,1.096101181943306
3,closure_only,H_current,2,42,1.330638897306698,2.086155672605899,1.0098932145299442,0.8526744047607462
3,closure_only,H_current,3,0,0.7624270784174838,0.9408553987203988,0.5678733933645805,0.7177835820074792
3,closure_only,H_current,3,14,0.9154252292517331,1.2997262676895034,0.7876951962312757,1.081870476730133
3,closure_only,H_current,3,28,0.8506520854455181,1.5701750424761545,0.6407389681205428,0.8215441149789848
3,closure_only,H_current,3,42,0.9844921288662666,1.3638476609200545,1.5186964620714538,1.1169677767001098
3,closure_only,H_source_only,0,0,1.4348543413908015,0.7309551532664,1.1600729250544632,0.8801586084895241
3,closure_only,H_source_only,0,14,0.9410960476267842,1.3030617219790916,1.6136683920247028,1.250664214747763
3,closure_only,H_source_only,0,28,0.8402052979755579,1.6798406892620459,1.6028120231268697,0.9376770920145172
3,closure_only,H_source_only,0,42,1.586171689525337,0.6474764936254713,1.375870744962411,-0.2072605100232749
3,closure_only,H_source_only,1,0,1.4126268906779178,1.4651932642091576,1.4050301327719854,1.081162607381306
3,closure_only,H_source_only,1,14,0.5609681847442434,1.2105053394440397,1.1645860282146103,1.3938874768250773
3,closure_only,H_source_only,1,28,0.7407462064837339,1.6452340572287667,1.2666862427147432,1.6218768833563253
3,closure_only,H_source_only,1,42,1.3651366153860147,2.3259858923914307,1.7980528858163087,1.6362261610502906
3,closure_only,H_source_only,2,0,0.9290161899819844,1.5777954085669663,0.6884964165706842,0.7410023519903962
3,closure_only,H_source_only,2,14,0.4948024526198071,0.14751330270565574,0.3649860851020578,0.8135636367103604
3,closure_only,H_source_only,2,28,1.3534508360217723,1.3049187833250553,0.9053697358173958,1.096101181943306
3,closure_only,H_source_only,2,42,1.2958234427650832,2.086155672605899,1.0098932145299442,0.8526744047607462
3,closure_only,H_source_only,3,0,0.7015832642422384,0.9408553987203988,0.5678733933645805,0.7177835820074792
3,closure_only,H_source_only,3,14,0.7722546014777275,1.2997262676895034,0.7876951962312757,1.081870476730133
3,closure_only,H_source_only,3,28,0.7356318075062083,1.5701750424761545,0.6407389681205428,0.8215441149789848
3,closure_only,H_source_only,3,42,0.9590902976721772,1.3638476609200545,1.5186964620714538,1.1169677767001098
3,closure_only,H_response_only,0,0,1.3787868898724926,0.7309551532664,1.1600729250544632,0.8801586084895241
3,closure_only,H_response_only,0,14,1.0760343753012194,1.3030617219790916,1.6136683920247028,1.250664214747763
3,closure_only,H_response_only,0,28,0.4606744691133728,1.6798406892620459,1.6028120231268697,0.9376770920145172
3,closure_only,H_response_only,0,42,1.9207559225193267,0.6474764936254713,1.375870744962411,-0.2072605100232749
3,closure_only,H_response_only,1,0,1.57369657254814,1.4651932642091576,1.4050301327719854,1.081162607381306
3,closure_only,H_response_only,1,14,0.5000252964419293,1.2105053394440397,1.1645860282146103,1.3938874768250773
3,closure_only,H_response_only,1,28,0.9994030644642218,1.6452340572287667,1.2666862427147432,1.6218768833563253
3,closure_only,H_response_only,1,42,1.5720876004372124,2.3259858923914307,1.7980528858163087,1.6362261610502906
3,closure_only,H_response_only,2,0,1.5610618608051485,1.5777954085669663,0.6884964165706842,0.7410023519903962
3,closure_only,H_response_only,2,14,0.44155029816129304,0.14751330270565574,0.3649860851020578,0.8135636367103604
3,closure_only,H_response_only,2,28,1.3314784500452208,1.3049187833250553,0.9053697358173958,1.096101181943306
3,closure_only,H_response_only,2,42,1.4133790047209989,2.086155672605899,1.0098932145299442,0.8526744047607462
3,closure_only,H_response_only,3,0,0.9224199542396797,0.9408553987203988,0.5678733933645805,0.7177835820074792
3,closure_only,H_response_only,3,14,1.1702471028495638,1.2997262676895034,0.7876951962312757,1.081870476730133
3,closure_only,H_response_only,3,28,1.0871355949622332,1.5701750424761545,0.6407389681205428,0.8215441149789848
3,closure_only,H_response_only,3,42,1.073739523817199,1.3638476609200545,1.5186964620714538,1.1169677767001098
3,closure_only,H_source_divflow,0,0,1.5252633530581161,0.7309551532664,1.1600729250544632,0.8801586084895241
3,closure_only,H_source_divflow,0,14,0.6671882783843708,1.3030617219790916,1.6136683920247028,1.250664214747763
3,closure_only,H_source_divflow,0,28,1.101520866304382,1.6798406892620459,1.6028120231268697,0.9376770920145172
3,closure_only,H_source_divflow,0,42,1.822454969565303,0.6474764936254713,1.375870744962411,-0.2072605100232749
3,closure_only,H_source_divflow,1,0,1.6884055109084788,1.4651932642091576,1.4050301327719854,1.081162607381306
3,closure_only,H_source_divflow,1,14,0.8822132662896911,1.2105053394440397,1.1645860282146103,1.3938874768250773
3,closure_only,H_source_divflow,1,28,0.5391919692233814,1.6452340572287667,1.2666862427147432,1.6218768833563253
3,closure_only,H_source_divflow,1,42,1.7814184288889476,2.3259858923914307,1.7980528858163087,1.6362261610502906
3,closure_only,H_source_divflow,2,0,1.4061954312945157,1.5777954085669663,0.6884964165706842,0.7410023519903962
3,closure_only,H_source_divflow,2,14,0.34506996648227195,0.14751330270565574,0.3649860851020578,0.8135636367103604
3,closure_only,H_source_divflow,2,28,1.2497636376557164,1.3049187833250553,0.9053697358173958,1.096101181943306
3,closure_only,H_source_divflow,2,42,1.2920107136961452,2.086155672605899,1.0098932145299442,0.8526744047607462
3,closure_only,H_source_divflow,3,0,1.0548093960973441,0.9408553987203988,0.5678733933645805,0.7177835820074792
3,closure_only,H_source_divflow,3,14,1.067343148246813,1.2997262676895034,0.7876951962312757,1.081870476730133
3,closure_only,H_source_divflow,3,28,1.1857342887984594,1.5701750424761545,0.6407389681205428,0.8215441149789848
3,closure_only,H_source_divflow,3,42,0.9594262289837526,1.3638476609200545,1.5186964620714538,1.1169677767001098
3,closure_only,H_rho_omega,0,0,1.3967879262466951,0.7309551532664,1.1600729250544632,0.8801586084895241
3,closure_only,H_rho_omega,0,14,0.9800700188186631,1.3030617219790916,1.6136683920247028,1.250664214747763
3,closure_only,H_rho_omega,0,28,1.2216135433170656,1.6798406892620459,1.6028120231268697,0.9376770920145172
3,closure_only,H_rho_omega,0,42,1.482155678522253,0.6474764936254713,1.375870744962411,-0.2072605100232749
3,closure_only,H_rho_omega,1,0,1.348846113946558,1.4651932642091576,1.4050301327719854,1.081162607381306
3,closure_only,H_rho_omega,1,14,0.5495870864234829,1.2105053394440397,1.1645860282146103,1.3938874768250773
3,closure_only,H_rho_omega,1,28,0.8191716186576107,1.6452340572287667,1.2666862427147432,1.6218768833563253
3,closure_only,H_rho_omega,1,42,1.4437478071586853,2.3259858923914307,1.7980528858163087,1.6362261610502906
3,closure_only,H_rho_omega,2,0,0.7840714347007411,1.5777954085669663,0.6884964165706842,0.7410023519903962
3,closure_only,H_rho_omega,2,14,0.4943187031467474,0.14751330270565574,0.3649860851020578,0.8135636367103604
3,closure_only,H_rho_omega,2,28,1.2620593990041225,1.3049187833250553,0.9053697358173958,1.096101181943306
3,closure_only,H_rho_omega,2,42,1.4446841165123243,2.086155672605899,1.0098932145299442,0.8526744047607462
3,closure_only,H_rho_omega,3,0,0.6672747569354118,0.9408553987203988,0.5678733933645805,0.7177835820074792
3,closure_only,H_rho_omega,3,14,0.5784358520478885,1.2997262676895034,0.7876951962312757,1.081870476730133
3,closure_only,H_rho_omega,3,28,1.0423523491606932,1.5701750424761545,0.6407389681205428,0.8215441149789848
3,closure_only,H_rho_omega,3,42,0.9072498502529855,1.3638476609200545,1.5186964620714538,1.1169677767001098
3,identity_plus_closure,H_current,0,0,1.6822947341665744,0.049516383331696064,0.08978458443796937,0.14845233848874728
3,identity_plus_closure,H_current,0,14,0.8806320089873335,0.0494124489346968,0.06562883118020195,-0.8694858464025156
3,identity_plus_closure,H_current,0,28,1.0557800743727448,0.05030001849256724,0.05789343551910822,0.022383652379486918
3,identity_plus_closure,H_current,0,42,1.3727643353502321,0.046335010043816426,0.08331099761274018,0.19519764522433045
3,identity_plus_closure,H_current,1,0,1.505698008122118,0.028152861298717587,0.11515332577922995,0.24734811192191442
3,identity_plus_closure,H_current,1,14,0.7037008506883559,0.024375464607298065,0.07174683044749754,0.22195904280108925
3,identity_plus_closure,H_current,1,28,0.529508065381552,0.0283791894199174,0.08153217351198302,-0.7583171304398383
3,identity_plus_closure,H_current,1,42,1.5169775186379613,0.022993086486833195,0.40369291187846196,0.06717946228869875
3,identity_plus_closure,H_current,2,0,0.6922559923941575,0.0005984795836699203,0.42522362861385565,-0.2850620359928723
3,identity_plus_closure,H_current,2,14,0.42137113694035155,0.00032860057532427023,0.3453857609481669,-0.6971745859771854
3,identity_plus_closure,H_current,2,28,1.398877473418529,0.0006211120406929446,0.8642690665433972,0.06513734048906394
3,identity_plus_closure,H_current,2,42,1.6503572520250964,0.00043827502971503264,0.7885018782679684,0.038187783514999296
3,identity_plus_closure,H_current,3,0,0.836266360321825,0.0016083355358255337,0.490736862688079,0.02578690497683067
3,identity_plus_closure,H_current,3,14,0.7695520977308767,0.004415221983835499,0.8460545949128029,0.04770221031075583
3,identity_plus_closure,H_current,3,28,0.884530867597361,0.006763021951745575,0.6463407499599301,0.01878524572776752
3,identity_plus_closure,H_current,3,42,0.91701008104582,0.001409878743480916,1.4107746271602992,0.1044047161350955
3,identity_plus_closure,H_source_only,0,0,1.6312492397804437,0.049516383331696064,0.08978458443796937,0.14845233848874728
3,identity_plus_closure,H_source_only,0,14,0.8331695364598982,0.0494124489346968,0.06562883118020195,-0.8694858464025156
3,identity_plus_closure,H_source_only,0,28,1.0397753303142832,0.05030001849256724,0.05789343551910822,0.022383652379486918
3,identity_plus_closure,H_source_only,0,42,1.4072947634006236,0.046335010043816426,0.08331099761274018,0.19519764522433045
3,identity_plus_closure,H_source_only,1,0,1.4416961724850885,0.028152861298717587,0.11515332577922995,0.24734811192191442
3,identity_plus_closure,H_source_only,1,14,0.5963384905546928,0.024375464607298065,0.07174683044749754,0.22195904280108925
3,identity_plus_closure,H_source_only,1,28,0.6237204981467104,0.0283791894199174,0.08153217351198302,-0.7583171304398383
3,identity_plus_closure,H_source_only,1,42,1.4293071775034245,0.022993086486833195,0.40369291187846196,0.06717946228869875
3,identity_plus_closure,H_source_only,2,0,0.6615722043699839,0.0005984795836699203,0.42522362861385565,-0.2850620359928723
3,identity_plus_closure,H_source_only,2,14,0.4908774751326295,0.00032860057532427023,0.3453857609481669,-0.6971745859771854
3,identity_plus_closure,H_source_only,2,28,1.3622004068605063,0.0006211120406929446,0.8642690665433972,0.06513734048906394
3,identity_plus_closure,H_source_only,2,42,1.4516073186658403,0.00043827502971503264,0.7885018782679684,0.038187783514999296
3,identity_plus_closure,H_source_only,3,0,0.7494678692244144,0.0016083355358255337,0.490736862688079,0.02578690497683067
3,identity_plus_closure,H_source_only,3,14,0.6202884438782107,0.004415221983835499,0.8460545949128029,0.04770221031075583
3,identity_plus_closure,H_source_only,3,28,0.7555396666093175,0.006763021951745575,0.6463407499599301,0.01878524572776752
3,identity_plus_closure,H_source_only,3,42,0.9137634742423901,0.001409878743480916,1.4107746271602992,0.1044047161350955
3,identity_plus_closure,H_response_only,0,0,1.7781263834333374,0.049516383331696064,0.08978458443796937,0.14845233848874728
3,identity_plus_closure,H_response_only,0,14,0.9786103959213714,0.0494124489346968,0.06562883118020195,-0.8694858464025156
3,identity_plus_closure,H_response_only,0,28,1.1017018458356813,0.05030001849256724,0.05789343551910822,0.022383652379486918
3,identity_plus_closure,H_response_only,0,42,1.3068117410980113,0.046335010043816426,0.08331099761274018,0.19519764522433045
3,identity_plus_closure,H_response_only,1,0,1.60847425290367,0.028152861298717587,0.11515332577922995,0.24734811192191442
3,identity_plus_closure,H_response_only,1,14,0.8607308855222904,0.024375464607298065,0.07174683044749754,0.22195904280108925
3,identity_plus_closure,H_response_only,1,28,0.6573262258567049,0.0283791894199174,0.08153217351198302,-0.7583171304398383
3,identity_plus_closure,H_response_only,1,42,1.6610860620531318,0.022993086486833195,0.40369291187846196,0.06717946228869875
3,identity_plus_closure,H_response_only,2,0,0.7107294990264971,0.0005984795836699203,0.42522362861385565,-0.2850620359928723
3,identity_plus_closure,H_response_only,2,14,0.25751990287441234,0.00032860057532427023,0.3453857609481669,-0.6971745859771854
3,identity_plus_closure,H_response_only,2,28,1.464251420335622,0.0006211120406929446,0.8642690665433972,0.06513734048906394
3,identity_plus_closure,H_response_only,2,42,2.0540199373904824,0.00043827502971503264,0.7885018782679684,0.038187783514999296
3,identity_plus_closure,H_response_only,3,0,1.0519310606338979,0.0016083355358255337,0.490736862688079,0.02578690497683067
3,identity_plus_closure,H_response_only,3,14,1.0797784659354572,0.004415221983835499,0.8460545949128029,0.04770221031075583
3,identity_plus_closure,H_response_only,3,28,1.1757617645451222,0.006763021951745575,0.6463407499599301,0.01878524572776752
3,identity_plus_closure,H_response_only,3,42,0.951020491427094,0.001409878743480916,1.4107746271602992,0.1044047161350955
3,identity_plus_closure,H_source_divflow,0,0,1.4552651205704237,0.049516383331696064,0.08978458443796937,0.14845233848874728
3,identity_plus_closure,H_source_divflow,0,14,0.9458685586073453,0.0494124489346968,0.06562883118020195,-0.8694858464025156
3,identity_plus_closure,H_source_divflow,0,28,1.1074477797989788,0.05030001849256724,0.05789343551910822,0.022383652379486918
3,identity_plus_closure,H_source_divflow,0,42,1.221148719893182,0.046335010043816426,0.08331099761274018,0.19519764522433045
3,identity_plus_closure,H_source_divflow,1,0,1.3298824020721178,0.028152861298717587,0.11515332577922995,0.24734811192191442
3,identity_plus_closure,H_source_divflow,1,14,0.4781231961741334,0.024375464607298065,0.07174683044749754,0.22195904280108925
3,identity_plus_closure,H_source_divflow,1,28,0.5042036175707697,0.0283791894199174,0.08153217351198302,-0.7583171304398383
3,identity_plus_closure,H_source_divflow,1,42,1.3351526046540445,0.022993086486833195,0.40369291187846196,0.06717946228869875
3,identity_plus_closure,H_source_divflow,2,0,0.606995027781042,0.0005984795836699203,0.42522362861385565,-0.2850620359928723
3,identity_plus_closure,H_source_divflow,2,14,0.3579151672551264,0.00032860057532427023,0.3453857609481669,-0.6971745859771854
3,identity_plus_closure,H_source_divflow,2,28,1.1258136002171895,0.0006211120406929446,0.8642690665433972,0.06513734048906394
3,identity_plus_closure,H_source_divflow,2,42,1.830638619586406,0.00043827502971503264,0.7885018782679684,0.038187783514999296
3,identity_plus_closure,H_source_divflow,3,0,0.7652923849744134,0.0016083355358255337,0.490736862688079,0.02578690497683067
3,identity_plus_closure,H_source_divflow,3,14,0.6486921820240104,0.004415221983835499,0.8460545949128029,0.04770221031075583
3,identity_plus_closure,H_source_divflow,3,28,0.7451201006868162,0.006763021951745575,0.6463407499599301,0.01878524572776752
3,identity_plus_closure,H_source_divflow,3,42,0.6676981047540118,0.001409878743480916,1.4107746271602992,0.1044047161350955
3,identity_plus_closure,H_rho_omega,0,0,1.5295923210801599,0.049516383331696064,0.08978458443796937,0.14845233848874728
3,identity_plus_closure,H_rho_omega,0,14,0.8898638085909916,0.0494124489346968,0.06562883118020195,-0.8694858464025156
3,identity_plus_closure,H_rho_omega,0,28,0.9519803047669478,0.05030001849256724,0.05789343551910822,0.022383652379486918
3,identity_plus_closure,H_rho_omega,0,42,1.5279771774857667,0.046335010043816426,0.08331099761274018,0.19519764522433045
3,identity_plus_closure,H_rho_omega,1,0,1.3455867374242958,0.028152861298717587,0.11515332577922995,0.24734811192191442
3,identity_plus_closure,H_rho_omega,1,14,0.5364267273290362,0.024375464607298065,0.07174683044749754,0.22195904280108925
3,identity_plus_closure,H_rho_omega,1,28,0.7268406942924337,0.0283791894199174,0.08153217351198302,-0.7583171304398383
3,identity_plus_closure,H_rho_omega,1,42,1.3174787975532494,0.022993086486833195,0.40369291187846196,0.06717946228869875
3,identity_plus_closure,H_rho_omega,2,0,0.464262409524939,0.0005984795836699203,0.42522362861385565,-0.2850620359928723
3,identity_plus_closure,H_rho_omega,2,14,0.49249094843457897,0.00032860057532427023,0.3453857609481669,-0.6971745859771854
3,identity_plus_closure,H_rho_omega,2,28,1.4032481594535298,0.0006211120406929446,0.8642690665433972,0.06513734048906394
3,identity_plus_closure,H_rho_omega,2,42,1.3056165431078122,0.00043827502971503264,0.7885018782679684,0.038187783514999296
3,identity_plus_closure,H_rho_omega,3,0,0.7284123055459509,0.0016083355358255337,0.490736862688079,0.02578690497683067
3,identity_plus_closure,H_rho_omega,3,14,0.5103193289977374,0.004415221983835499,0.8460545949128029,0.04770221031075583
3,identity_plus_closure,H_rho_omega,3,28,0.6496434688714655,0.006763021951745575,0.6463407499599301,0.01878524572776752
3,identity_plus_closure,H_rho_omega,3,42,0.8734689527317676,0.001409878743480916,1.4107746271602992,0.1044047161350955
3,identity_closure_momentum,H_current,0,0,1.6822947341665744,0.049516383331696064,0.08978458443796937,0.14845233848874728
3,identity_closure_momentum,H_current,0,14,0.8806320089873335,0.0494124489346968,0.06562883118020195,-0.8694858464025156
3,identity_closure_momentum,H_current,0,28,1.0557800743727448,0.05030001849256724,0.05789343551910822,0.022383652379486918
3,identity_closure_momentum,H_current,0,42,1.3727643353502321,0.046335010043816426,0.08331099761274018,0.19519764522433045
3,identity_closure_momentum,H_current,1,0,1.505698008122118,0.028152861298717587,0.11515332577922995,0.24734811192191442
3,identity_closure_momentum,H_current,1,14,0.7037008506883559,0.024375464607298065,0.07174683044749754,0.22195904280108925
3,identity_closure_momentum,H_current,1,28,0.529508065381552,0.0283791894199174,0.08153217351198302,-0.7583171304398383
3,identity_closure_momentum,H_current,1,42,1.5169775186379613,0.022993086486833195,0.40369291187846196,0.06717946228869875
3,identity_closure_momentum,H_current,2,0,0.6922559923941575,0.0005984795836699203,0.42522362861385565,-0.2850620359928723
3,identity_closure_momentum,H_current,2,14,0.42137113694035155,0.00032860057532427023,0.3453857609481669,-0.6971745859771854
3,identity_closure_momentum,H_current,2,28,1.398877473418529,0.0006211120406929446,0.8642690665433972,0.06513734048906394
3,identity_closure_momentum,H_current,2,42,1.6503572520250964,0.00043827502971503264,0.7885018782679684,0.038187783514999296
3,identity_closure_momentum,H_current,3,0,0.836266360321825,0.0016083355358255337,0.490736862688079,0.02578690497683067
3,identity_closure_momentum,H_current,3,14,0.7695520977308767,0.004415221983835499,0.8460545949128029,0.04770221031075583
3,identity_closure_momentum,H_current,3,28,0.884530867597361,0.006763021951745575,0.6463407499599301,0.01878524572776752
3,identity_closure_momentum,H_current,3,42,0.91701008104582,0.001409878743480916,1.4107746271602992,0.1044047161350955
3,identity_closure_momentum,H_source_only,0,0,1.6312492397804437,0.049516383331696064,0.08978458443796937,0.14845233848874728
3,identity_closure_momentum,H_source_only,0,14,0.8331695364598982,0.0494124489346968,0.06562883118020195,-0.8694858464025156
3,identity_closure_momentum,H_source_only,0,28,1.0397753303142832,0.05030001849256724,0.05789343551910822,0.022383652379486918
3,identity_closure_momentum,H_source_only,0,42,1.4072947634006236,0.046335010043816426,0.08331099761274018,0.19519764522433045
3,identity_closure_momentum,H_source_only,1,0,1.4416961724850885,0.028152861298717587,0.11515332577922995,0.24734811192191442
3,identity_closure_momentum,H_source_only,1,14,0.5963384905546928,0.024375464607298065,0.07174683044749754,0.22195904280108925
3,identity_closure_momentum,H_source_only,1,28,0.6237204981467104,0.0283791894199174,0.08153217351198302,-0.7583171304398383
3,identity_closure_momentum,H_source_only,1,42,1.4293071775034245,0.022993086486833195,0.40369291187846196,0.06717946228869875
3,identity_closure_momentum,H_source_only,2,0,0.6615722043699839,0.0005984795836699203,0.42522362861385565,-0.2850620359928723
3,identity_closure_momentum,H_source_only,2,14,0.4908774751326295,0.00032860057532427023,0.3453857609481669,-0.6971745859771854
3,identity_closure_momentum,H_source_only,2,28,1.3622004068605063,0.0006211120406929446,0.8642690665433972,0.06513734048906394
3,identity_closure_momentum,H_source_only,2,42,1.4516073186658403,0.00043827502971503264,0.7885018782679684,0.038187783514999296
3,identity_closure_momentum,H_source_only,3,0,0.7494678692244144,0.0016083355358255337,0.490736862688079,0.02578690497683067
3,identity_closure_momentum,H_source_only,3,14,0.6202884438782107,0.004415221983835499,0.8460545949128029,0.04770221031075583
3,identity_closure_momentum,H_source_only,3,28,0.7555396666093175,0.006763021951745575,0.6463407499599301,0.01878524572776752
3,identity_closure_momentum,H_source_only,3,42,0.9137634742423901,0.001409878743480916,1.4107746271602992,0.1044047161350955
3,identity_closure_momentum,H_response_only,0,0,1.7781263834333374,0.049516383331696064,0.08978458443796937,0.14845233848874728
3,identity_closure_momentum,H_response_only,0,14,0.9786103959213714,0.0494124489346968,0.06562883118020195,-0.8694858464025156
3,identity_closure_momentum,H_response_only,0,28,1.1017018458356813,0.05030001849256724,0.05789343551910822,0.022383652379486918
3,identity_closure_momentum,H_response_only,0,42,1.3068117410980113,0.046335010043816426,0.08331099761274018,0.19519764522433045
3,identity_closure_momentum,H_response_only,1,0,1.60847425290367,0.028152861298717587,0.11515332577922995,0.24734811192191442
3,identity_closure_momentum,H_response_only,1,14,0.8607308855222904,0.024375464607298065,0.07174683044749754,0.22195904280108925
3,identity_closure_momentum,H_response_only,1,28,0.6573262258567049,0.0283791894199174,0.08153217351198302,-0.7583171304398383
3,identity_closure_momentum,H_response_only,1,42,1.6610860620531318,0.022993086486833195,0.40369291187846196,0.06717946228869875
3,identity_closure_momentum,H_response_only,2,0,0.7107294990264971,0.0005984795836699203,0.42522362861385565,-0.2850620359928723
3,identity_closure_momentum,H_response_only,2,14,0.25751990287441234,0.00032860057532427023,0.3453857609481669,-0.6971745859771854
3,identity_closure_momentum,H_response_only,2,28,1.464251420335622,0.0006211120406929446,0.8642690665433972,0.06513734048906394
3,identity_closure_momentum,H_response_only,2,42,2.0540199373904824,0.00043827502971503264,0.7885018782679684,0.038187783514999296
3,identity_closure_momentum,H_response_only,3,0,1.0519310606338979,0.0016083355358255337,0.490736862688079,0.02578690497683067
3,identity_closure_momentum,H_response_only,3,14,1.0797784659354572,0.004415221983835499,0.8460545949128029,0.04770221031075583
3,identity_closure_momentum,H_response_only,3,28,1.1757617645451222,0.006763021951745575,0.6463407499599301,0.01878524572776752
3,identity_closure_momentum,H_response_only,3,42,0.951020491427094,0.001409878743480916,1.4107746271602992,0.1044047161350955
3,identity_closure_momentum,H_source_divflow,0,0,1.4552651205704237,0.049516383331696064,0.08978458443796937,0.14845233848874728
3,identity_closure_momentum,H_source_divflow,0,14,0.9458685586073453,0.0494124489346968,0.06562883118020195,-0.8694858464025156
3,identity_closure_momentum,H_source_divflow,0,28,1.1074477797989788,0.05030001849256724,0.05789343551910822,0.022383652379486918
3,identity_closure_momentum,H_source_divflow,0,42,1.221148719893182,0.046335010043816426,0.08331099761274018,0.19519764522433045
3,identity_closure_momentum,H_source_divflow,1,0,1.3298824020721178,0.028152861298717587,0.11515332577922995,0.24734811192191442
3,identity_closure_momentum,H_source_divflow,1,14,0.4781231961741334,0.024375464607298065,0.07174683044749754,0.22195904280108925
3,identity_closure_momentum,H_source_divflow,1,28,0.5042036175707697,0.0283791894199174,0.08153217351198302,-0.7583171304398383
3,identity_closure_momentum,H_source_divflow,1,42,1.3351526046540445,0.022993086486833195,0.40369291187846196,0.06717946228869875
3,identity_closure_momentum,H_source_divflow,2,0,0.606995027781042,0.0005984795836699203,0.42522362861385565,-0.2850620359928723
3,identity_closure_momentum,H_source_divflow,2,14,0.3579151672551264,0.00032860057532427023,0.3453857609481669,-0.6971745859771854
3,identity_closure_momentum,H_source_divflow,2,28,1.1258136002171895,0.0006211120406929446,0.8642690665433972,0.06513734048906394
3,identity_closure_momentum,H_source_divflow,2,42,1.830638619586406,0.00043827502971503264,0.7885018782679684,0.038187783514999296
3,identity_closure_momentum,H_source_divflow,3,0,0.7652923849744134,0.0016083355358255337,0.490736862688079,0.02578690497683067
3,identity_closure_momentum,H_source_divflow,3,14,0.6486921820240104,0.004415221983835499,0.8460545949128029,0.04770221031075583
3,identity_closure_momentum,H_source_divflow,3,28,0.7451201006868162,0.006763021951745575,0.6463407499599301,0.01878524572776752
3,identity_closure_momentum,H_source_divflow,3,42,0.6676981047540118,0.001409878743480916,1.4107746271602992,0.1044047161350955
3,identity_closure_momentum,H_rho_omega,0,0,1.5295923210801599,0.049516383331696064,0.08978458443796937,0.14845233848874728
3,identity_closure_momentum,H_rho_omega,0,14,0.8898638085909916,0.0494124489346968,0.06562883118020195,-0.8694858464025156
3,identity_closure_momentum,H_rho_omega,0,28,0.9519803047669478,0.05030001849256724,0.05789343551910822,0.022383652379486918
3,identity_closure_momentum,H_rho_omega,0,42,1.5279771774857667,0.046335010043816426,0.08331099761274018,0.19519764522433045
3,identity_closure_momentum,H_rho_omega,1,0,1.3455867374242958,0.028152861298717587,0.11515332577922995,0.24734811192191442
3,identity_closure_momentum,H_rho_omega,1,14,0.5364267273290362,0.024375464607298065,0.07174683044749754,0.22195904280108925
3,identity_closure_momentum,H_rho_omega,1,28,0.7268406942924337,0.0283791894199174,0.08153217351198302,-0.7583171304398383
3,identity_closure_momentum,H_rho_omega,1,42,1.3174787975532494,0.022993086486833195,0.40369291187846196,0.06717946228869875
3,identity_closure_momentum,H_rho_omega,2,0,0.464262409524939,0.0005984795836699203,0.42522362861385565,-0.2850620359928723
3,identity_closure_momentum,H_rho_omega,2,14,0.49249094843457897,0.00032860057532427023,0.3453857609481669,-0.6971745859771854
3,identity_closure_momentum,H_rho_omega,2,28,1.4032481594535298,0.0006211120406929446,0.8642690665433972,0.06513734048906394
3,identity_closure_momentum,H_rho_omega,2,42,1.3056165431078122,0.00043827502971503264,0.7885018782679684,0.038187783514999296
3,identity_closure_momentum,H_rho_omega,3,0,0.7284123055459509,0.0016083355358255337,0.490736862688079,0.02578690497683067
3,identity_closure_momentum,H_rho_omega,3,14,0.5103193289977374,0.004415221983835499,0.8460545949128029,0.04770221031075583
3,identity_closure_momentum,H_rho_omega,3,28,0.6496434688714655,0.006763021951745575,0.6463407499599301,0.01878524572776752
3,identity_closure_momentum,H_rho_omega,3,42,0.8734689527317676,0.001409878743480916,1.4107746271602992,0.1044047161350955
3,full_stack,H_current,0,0,1.682294734164589,0.04951638333169604,0.08978458443796924,0.14845233848463024
3,full_stack,H_current,0,14,0.8806320089977726,0.04941244893469694,0.06562883118020175,-0.8694858464171581
3,full_stack,H_current,0,28,1.0557800743606671,0.050300018492567065,0.05789343551910823,0.022383652380627894
3,full_stack,H_current,0,42,1.3727643353558523,0.046335010043816564,0.08331099761274023,0.19519764521101512
3,full_stack,H_current,1,0,1.505698008119254,0.028152861298717666,0.11515332577923006,0.24734811190307826
3,full_stack,H_current,1,14,0.703700850689194,0.024375464607297854,0.0717468304474976,0.22195904282602708
3,full_stack,H_current,1,28,0.5295080653795841,0.028379189419917423,0.08153217351198312,-0.7583171304176413
3,full_stack,H_current,1,42,1.5169775186375105,0.022993086486833264,0.4036929118784618,0.06717946228146354
3,full_stack,H_current,2,0,0.6922559923949099,0.0005984795836709864,0.42522362861385554,-0.285062035840551
3,full_stack,H_current,2,14,0.421371136946884,0.00032860057532451873,0.34538576094816686,-0.6971745859865511
3,full_stack,H_current,2,28,1.3988774734179499,0.000621112040694095,0.8642690665433973,0.0651373404883101
3,full_stack,H_current,2,42,1.6503572520246346,0.000438275029717272,0.7885018782679682,0.038187783516953844
3,full_stack,H_current,3,0,0.8362663603190359,0.0016083355358267701,0.490736862688079,0.025786904977643132
3,full_stack,H_current,3,14,0.7695520977408588,0.004415221983838806,0.8460545949128029,0.04770221031056454
3,full_stack,H_current,3,28,0.884530867595155,0.006763021951750644,0.6463407499599301,0.018785245728126343
3,full_stack,H_current,3,42,0.9170100810456839,0.0014098787434818389,1.4107746271602992,0.10440471614759161
3,full_stack,H_source_only,0,0,1.631249239780443,0.04951638333169604,0.08978458443796924,0.14845233848463024
3,full_stack,H_source_only,0,14,0.8331695364598981,0.04941244893469694,0.06562883118020175,-0.8694858464171581
3,full_stack,H_source_only,0,28,1.0397753303142827,0.050300018492567065,0.05789343551910823,0.022383652380627894
3,full_stack,H_source_only,0,42,1.407294763400624,0.046335010043816564,0.08331099761274023,0.19519764521101512
3,full_stack,H_source_only,1,0,1.4416961724850887,0.028152861298717666,0.11515332577923006,0.24734811190307826
3,full_stack,H_source_only,1,14,0.5963384905546923,0.024375464607297854,0.0717468304474976,0.22195904282602708
3,full_stack,H_source_only,1,28,0.623720498146711,0.028379189419917423,0.08153217351198312,-0.7583171304176413
3,full_stack,H_source_only,1,42,1.4293071775034243,0.022993086486833264,0.4036929118784618,0.06717946228146354
3,full_stack,H_source_only,2,0,0.6615722043699838,0.0005984795836709864,0.42522362861385554,-0.285062035840551
3,full_stack,H_source_only,2,14,0.4908774751326296,0.00032860057532451873,0.34538576094816686,-0.6971745859865511
3,full_stack,H_source_only,2,28,1.3622004068605065,0.000621112040694095,0.8642690665433973,0.0651373404883101
3,full_stack,H_source_only,2,42,1.4516073186658403,0.000438275029717272,0.7885018782679682,0.038187783516953844
3,full_stack,H_source_only,3,0,0.7494678692244144,0.0016083355358267701,0.490736862688079,0.025786904977643132
3,full_stack,H_source_only,3,14,0.6202884438782108,0.004415221983838806,0.8460545949128029,0.04770221031056454
3,full_stack,H_source_only,3,28,0.7555396666093176,0.006763021951750644,0.6463407499599301,0.018785245728126343
3,full_stack,H_source_only,3,42,0.9137634742423901,0.0014098787434818389,1.4107746271602992,0.10440471614759161
3,full_stack,H_response_only,0,0,1.7781263834295349,0.04951638333169604,0.08978458443796924,0.14845233848463024
3,full_stack,H_response_only,0,14,0.9786103959443538,0.04941244893469694,0.06562883118020175,-0.8694858464171581
3,full_stack,H_response_only,0,28,1.101701845808588,0.050300018492567065,0.05789343551910823,0.022383652380627894
3,full_stack,H_response_only,0,42,1.306811741113642,0.046335010043816564,0.08331099761274023,0.19519764521101512
3,full_stack,H_response_only,1,0,1.6084742528966505,0.028152861298717666,0.11515332577923006,0.24734811190307826
3,full_stack,H_response_only,1,14,0.8607308855271087,0.024375464607297854,0.0717468304474976,0.22195904282602708
3,full_stack,H_response_only,1,28,0.6573262258361398,0.028379189419917423,0.08153217351198312,-0.7583171304176413
3,full_stack,H_response_only,1,42,1.6610860620534078,0.022993086486833264,0.4036929118784618,0.06717946228146354
3,full_stack,H_response_only,2,0,0.7107294990277583,0.0005984795836709864,0.42522362861385554,-0.285062035840551
3,full_stack,H_response_only,2,14,0.2575199028942364,0.00032860057532451873,0.34538576094816686,-0.6971745859865511
3,full_stack,H_response_only,2,28,1.464251420336974,0.000621112040694095,0.8642690665433973,0.0651373404883101
3,full_stack,H_response_only,2,42,2.0540199373871797,0.000438275029717272,0.7885018782679682,0.038187783516953844
3,full_stack,H_response_only,3,0,1.0519310606247356,0.0016083355358267701,0.490736862688079,0.025786904977643132
3,full_stack,H_response_only,3,14,1.0797784659588792,0.004415221983838806,0.8460545949128029,0.04770221031056454
3,full_stack,H_response_only,3,28,1.1757617645421399,0.006763021951750644,0.6463407499599301,0.018785245728126343
3,full_stack,H_response_only,3,42,0.9510204914312945,0.0014098787434818389,1.4107746271602992,0.10440471614759161
3,full_stack,H_source_divflow,0,0,1.4552651205704235,0.04951638333169604,0.08978458443796924,0.14845233848463024
3,full_stack,H_source_divflow,0,14,0.9458685586073452,0.04941244893469694,0.06562883118020175,-0.8694858464171581
3,full_stack,H_source_divflow,0,28,1.1074477797989792,0.050300018492567065,0.05789343551910823,0.022383652380627894
3,full_stack,H_source_divflow,0,42,1.2211487198931827,0.046335010043816564,0.08331099761274023,0.19519764521101512
3,full_stack,H_source_divflow,1,0,1.329882402072118,0.028152861298717666,0.11515332577923006,0.24734811190307826
3,full_stack,H_source_divflow,1,14,0.47812319617413307,0.024375464607297854,0.0717468304474976,0.22195904282602708
3,full_stack,H_source_divflow,1,28,0.5042036175707699,0.028379189419917423,0.08153217351198312,-0.7583171304176413
3,full_stack,H_source_divflow,1,42,1.3351526046540445,0.022993086486833264,0.4036929118784618,0.06717946228146354
3,full_stack,H_source_divflow,2,0,0.6069950277810421,0.0005984795836709864,0.42522362861385554,-0.285062035840551
3,full_stack,H_source_divflow,2,14,0.35791516725512657,0.00032860057532451873,0.34538576094816686,-0.6971745859865511
3,full_stack,H_source_divflow,2,28,1.1258136002171897,0.000621112040694095,0.8642690665433973,0.0651373404883101
3,full_stack,H_source_divflow,2,42,1.8306386195864062,0.000438275029717272,0.7885018782679682,0.038187783516953844
3,full_stack,H_source_divflow,3,0,0.7652923849744134,0.0016083355358267701,0.490736862688079,0.025786904977643132
3,full_stack,H_source_divflow,3,14,0.6486921820240104,0.004415221983838806,0.8460545949128029,0.04770221031056454
3,full_stack,H_source_divflow,3,28,0.7451201006868164,0.006763021951750644,0.6463407499599301,0.018785245728126343
3,full_stack,H_source_divflow,3,42,0.6676981047540118,0.0014098787434818389,1.4107746271602992,0.10440471614759161
3,full_stack,H_rho_omega,0,0,1.52959232108016,0.04951638333169604,0.08978458443796924,0.14845233848463024
3,full_stack,H_rho_omega,0,14,0.8898638085909905,0.04941244893469694,0.06562883118020175,-0.8694858464171581
3,full_stack,H_rho_omega,0,28,0.9519803047669466,0.050300018492567065,0.05789343551910823,0.022383652380627894
3,full_stack,H_rho_omega,0,42,1.5279771774857664,0.046335010043816564,0.08331099761274023,0.19519764521101512
3,full_stack,H_rho_omega,1,0,1.3455867374242967,0.028152861298717666,0.11515332577923006,0.24734811190307826
3,full_stack,H_rho_omega,1,14,0.5364267273290373,0.024375464607297854,0.0717468304474976,0.22195904282602708
3,full_stack,H_rho_omega,1,28,0.7268406942924346,0.028379189419917423,0.08153217351198312,-0.7583171304176413
3,full_stack,H_rho_omega,1,42,1.3174787975532487,0.022993086486833264,0.4036929118784618,0.06717946228146354
3,full_stack,H_rho_omega,2,0,0.4642624095249398,0.0005984795836709864,0.42522362861385554,-0.285062035840551
3,full_stack,H_rho_omega,2,14,0.49249094843457886,0.00032860057532451873,0.34538576094816686,-0.6971745859865511
3,full_stack,H_rho_omega,2,28,1.403248159453529,0.000621112040694095,0.8642690665433973,0.0651373404883101
3,full_stack,H_rho_omega,2,42,1.3056165431078124,0.000438275029717272,0.7885018782679682,0.038187783516953844
3,full_stack,H_rho_omega,3,0,0.7284123055459497,0.0016083355358267701,0.490736862688079,0.025786904977643132
3,full_stack,H_rho_omega,3,14,0.5103193289977364,0.004415221983838806,0.8460545949128029,0.04770221031056454
3,full_stack,H_rho_omega,3,28,0.6496434688714671,0.006763021951750644,0.6463407499599301,0.018785245728126343
3,full_stack,H_rho_omega,3,42,0.8734689527317678,0.0014098787434818389,1.4107746271602992,0.10440471614759161
4,weak_control,H_current,0,0,1.002422983020319,0.7174573450251749,0.8722533790272532,-0.02624228444615151
4,weak_control,H_current,0,14,1.4367886982783884,0.9048281040228712,1.2052072504025735,-0.12803424310648942
4,weak_control,H_current,0,28,1.2517423932129235,1.5352573683766408,1.0572338017769984,0.36016767816966866
4,weak_control,H_current,0,42,1.1907691584736801,1.2681119556700406,1.0391916186447674,0.20517686795499146
4,weak_control,H_current,1,0,1.08199711558312,0.840287603492348,1.2414954603513977,0.1178925274969359
4,weak_control,H_current,1,14,1.1086758643372256,0.5964740295988438,0.9949126084477014,0.13500248032376938
4,weak_control,H_current,1,28,1.1771468613352971,1.0881981245153456,1.1218599243179772,-0.08231648637807076
4,weak_control,H_current,1,42,1.3726057454615461,1.0659541080437525,1.3454693186297502,0.0791548125603273
4,weak_control,H_current,2,0,0.7195659239870604,0.6940196202174319,0.5834916318170815,-0.22263873642885457
4,weak_control,H_current,2,14,0.5446712547220413,0.269361550678761,0.3804656460296871,-1.0476454574799532
4,weak_control,H_current,2,28,1.296001544508819,0.9681796008105471,0.9809106759053358,0.08128084146621595
4,weak_control,H_current,2,42,1.5914327241566306,0.759287714138948,0.7047351244189227,0.07368906647743168
4,weak_control,H_current,3,0,0.6620581358632458,0.7144656361150301,0.5424917108803818,0.010289621539563254
4,weak_control,H_current,3,14,0.7274330176184055,0.7138888133708371,0.716998267839265,0.0838977374944826
4,weak_control,H_current,3,28,0.8275122527560903,0.5764504366741189,0.6440186035630954,-0.015241733406786806
4,weak_control,H_current,3,42,0.9242312252305062,0.7624812756431414,0.9491430846203343,0.023110241292489953
4,weak_control,H_source_only,0,0,0.9993047122639482,0.7174573450251749,0.8722533790272532,-0.02624228444615151
4,weak_control,H_source_only,0,14,1.3269925671922878,0.9048281040228712,1.2052072504025735,-0.12803424310648942
4,weak_control,H_source_only,0,28,1.3298316037367441,1.5352573683766408,1.0572338017769984,0.36016767816966866
4,weak_control,H_source_only,0,42,1.0327879652787184,1.2681119556700406,1.0391916186447674,0.20517686795499146
4,weak_control,H_source_only,1,0,0.9745722380069599,0.840287603492348,1.2414954603513977,0.1178925274969359
4,weak_control,H_source_only,1,14,1.0130849834500995,0.5964740295988438,0.9949126084477014,0.13500248032376938
4,weak_control,H_source_only,1,28,1.1556568196763146,1.0881981245153456,1.1218599243179772,-0.08231648637807076
4,weak_control,H_source_only,1,42,1.3592297170191212,1.0659541080437525,1.3454693186297502,0.0791548125603273
4,weak_control,H_source_only,2,0,0.6444722198080824,0.6940196202174319,0.5834916318170815,-0.22263873642885457
4,weak_control,H_source_only,2,14,0.558077583705349,0.269361550678761,0.3804656460296871,-1.0476454574799532
4,weak_control,H_source_only,2,28,1.214606593402704,0.9681796008105471,0.9809106759053358,0.08128084146621595
4,weak_control,H_source_only,2,42,1.4866830785284924,0.759287714138948,0.7047351244189227,0.07368906647743168
4,weak_control,H_source_only,3,0,0.5858956372673281,0.7144656361150301,0.5424917108803818,0.010289621539563254
4,weak_control,H_source_only,3,14,0.6408661449428004,0.7138888133708371,0.716998267839265,0.0838977374944826
4,weak_control,H_source_only,3,28,0.671336642357463,0.5764504366741189,0.6440186035630954,-0.015241733406786806
4,weak_control,H_source_only,3,42,0.9098122026604936,0.7624812756431414,0.9491430846203343,0.023110241292489953
4,weak_control,H_response_only,0,0,1.068853972613212,0.7174573450251749,0.8722533790272532,-0.02624228444615151
4,weak_control,H_response_only,0,14,1.5841806717407254,0.9048281040228712,1.2052072504025735,-0.12803424310648942
4,weak_control,H_response_only,0,28,1.1831370961564118,1.5352573683766408,1.0572338017769984,0.36016767816966866
4,weak_control,H_response_only,0,42,1.4352220527791852,1.2681119556700406,1.0391916186447674,0.20517686795499146
4,weak_control,H_response_only,1,0,1.2904646136620597,0.840287603492348,1.2414954603513977,0.1178925274969359
4,weak_control,H_response_only,1,14,1.2915120162272447,0.5964740295988438,0.9949126084477014,0.13500248032376938
4,weak_control,H_response_only,1,28,1.2886910352044856,1.0881981245153456,1.1218599243179772,-0.08231648637807076
4,weak_control,H_response_only,1,42,1.348542979554595,1.0659541080437525,1.3454693186297502,0.0791548125603273
4,weak_control,H_response_only,2,0,0.8773332001423375,0.6940196202174319,0.5834916318170815,-0.22263873642885457
4,weak_control,H_response_only,2,14,0.5234038269142541,0.269361550678761,0.3804656460296871,-1.0476454574799532
4,weak_control,H_response_only,2,28,1.4749152271626282,0.9681796008105471,0.9809106759053358,0.08128084146621595
4,weak_control,H_response_only,2,42,1.781384735654169,0.759287714138948,0.7047351244189227,0.07368906647743168
4,weak_control,H_response_only,3,0,0.8079397334893241,0.7144656361150301,0.5424917108803818,0.010289621539563254
4,weak_control,H_response_only,3,14,0.9192657872326924,0.7138888133708371,0.716998267839265,0.0838977374944826
4,weak_control,H_response_only,3,28,1.1562951216863089,0.5764504366741189,0.6440186035630954,-0.015241733406786806
4,weak_control,H_response_only,3,42,1.017316083529235,0.7624812756431414,0.9491430846203343,0.023110241292489953
4,weak_control,H_source_divflow,0,0,0.8853099357918132,0.7174573450251749,0.8722533790272532,-0.02624228444615151
4,weak_control,H_source_divflow,0,14,1.2185422829188743,0.9048281040228712,1.2052072504025735,-0.12803424310648942
4,weak_control,H_source_divflow,0,28,1.2750438435050944,1.5352573683766408,1.0572338017769984,0.36016767816966866
4,weak_control,H_source_divflow,0,42,0.8699321483785791,1.2681119556700406,1.0391916186447674,0.20517686795499146
4,weak_control,H_source_divflow,1,0,0.9430365496700464,0.840287603492348,1.2414954603513977,0.1178925274969359
4,weak_control,H_source_divflow,1,14,1.0099337524151446,0.5964740295988438,0.9949126084477014,0.13500248032376938
4,weak_control,H_source_divflow,1,28,1.1543101978265433,1.0881981245153456,1.1218599243179772,-0.08231648637807076
4,weak_control,H_source_divflow,1,42,1.203457757985155,1.0659541080437525,1.3454693186297502,0.0791548125603273
4,weak_control,H_source_divflow,2,0,0.6080697021836748,0.6940196202174319,0.5834916318170815,-0.22263873642885457
4,weak_control,H_source_divflow,2,14,0.43406130059721354,0.269361550678761,0.3804656460296871,-1.0476454574799532
4,weak_control,H_source_divflow,2,28,1.1320898767292435,0.9681796008105471,0.9809106759053358,0.08128084146621595
4,weak_control,H_source_divflow,2,42,1.5985304496146178,0.759287714138948,0.7047351244189227,0.07368906647743168
4,weak_control,H_source_divflow,3,0,0.6049688074673141,0.7144656361150301,0.5424917108803818,0.010289621539563254
4,weak_control,H_source_divflow,3,14,0.6259964586167993,0.7138888133708371,0.716998267839265,0.0838977374944826
4,weak_control,H_source_divflow,3,28,0.7023692600294652,0.5764504366741189,0.6440186035630954,-0.015241733406786806
4,weak_control,H_source_divflow,3,42,0.7165746822207567,0.7624812756431414,0.9491430846203343,0.023110241292489953
4,weak_control,H_rho_omega,0,0,0.7839331507469414,0.7174573450251749,0.8722533790272532,-0.02624228444615151
4,weak_control,H_rho_omega,0,14,1.1621220392414247,0.9048281040228712,1.2052072504025735,-0.12803424310648942
4,weak_control,H_rho_omega,0,28,1.5211169731681522,1.5352573683766408,1.0572338017769984,0.36016767816966866
4,weak_control,H_rho_omega,0,42,1.2735512352351586,1.2681119556700406,1.0391916186447674,0.20517686795499146
4,weak_control,H_rho_omega,1,0,0.8890702178211902,0.840287603492348,1.2414954603513977,0.1178925274969359
4,weak_control,H_rho_omega,1,14,0.8876547775588957,0.5964740295988438,0.9949126084477014,0.13500248032376938
4,weak_control,H_rho_omega,1,28,1.4190085948134559,1.0881981245153456,1.1218599243179772,-0.08231648637807076
4,weak_control,H_rho_omega,1,42,1.5406899695383554,1.0659541080437525,1.3454693186297502,0.0791548125603273
4,weak_control,H_rho_omega,2,0,0.5426177894815046,0.6940196202174319,0.5834916318170815,-0.22263873642885457
4,weak_control,H_rho_omega,2,14,0.5440243512835868,0.269361550678761,0.3804656460296871,-1.0476454574799532
4,weak_control,H_rho_omega,2,28,0.9923479015131749,0.9681796008105471,0.9809106759053358,0.08128084146621595
4,weak_control,H_rho_omega,2,42,1.938708649029069,0.759287714138948,0.7047351244189227,0.07368906647743168
4,weak_control,H_rho_omega,3,0,0.7678214215418593,0.7144656361150301,0.5424917108803818,0.010289621539563254
4,weak_control,H_rho_omega,3,14,0.6836916353995632,0.7138888133708371,0.716998267839265,0.0838977374944826
4,weak_control,H_rho_omega,3,28,0.7068322989028726,0.5764504366741189,0.6440186035630954,-0.015241733406786806
4,weak_control,H_rho_omega,3,42,0.8875425219754838,0.7624812756431414,0.9491430846203343,0.023110241292489953
4,identity_only,H_current,0,0,1.658133173876326,0.04702298517093977,0.08723305744747943,0.14463532172487614
4,identity_only,H_current,0,14,1.0341120003872348,0.05036685918849163,0.0684141135668137,-1.0444327359805934
4,identity_only,H_current,0,28,0.8812369647674223,0.04972564878449443,0.0439125049504361,0.39310113645628286
4,identity_only,H_current,0,42,1.4184096371154906,0.049334786896446804,0.09183989934536883,-0.43049734441741205
4,identity_only,H_current,1,0,1.3561308213501362,0.02780625959076552,0.1601652285324132,0.12311638020290883
4,identity_only,H_current,1,14,0.7628498988788497,0.024880069553583344,0.10530128379327704,0.7059872744169026
4,identity_only,H_current,1,28,0.35096160161272233,0.027810074294905302,0.15017855215402623,-0.30949145610445683
4,identity_only,H_current,1,42,1.67992069309901,0.023817834550061583,0.48381300035804603,-0.05210986794499328
4,identity_only,H_current,2,0,0.676206110947887,0.0005789708399788085,0.5011024816192402,0.09592264902123149
4,identity_only,H_current,2,14,0.5378370035599139,0.00032460670225888745,0.3352176153882871,-0.7970649480162353
4,identity_only,H_current,2,28,1.3460067381720178,0.0006136939595587835,0.9600979503996551,0.03754613138531471
4,identity_only,H_current,2,42,1.5353555241227408,0.00032440739229571867,0.6591747901181461,0.2030202917469277
4,identity_only,H_current,3,0,0.6576066349001456,0.0023842721861035295,0.5640422547867189,0.032561980749118424
4,identity_only,H_current,3,14,0.6576845077306868,0.0021206758355588272,0.7561063838006145,-0.05795849110810891
4,identity_only,H_current,3,28,0.7946039354349395,0.0022197247059686496,0.669909347757418,0.013411225764896062
4,identity_only,H_current,3,42,0.7422629164672049,0.0017489822219740098,0.9840622614617899,-0.030218207415101617
4,identity_only,H_source_only,0,0,1.6261906693921389,0.04702298517093977,0.08723305744747943,0.14463532172487614
4,identity_only,H_source_only,0,14,0.9221962709009479,0.05036685918849163,0.0684141135668137,-1.0444327359805934
4,identity_only,H_source_only,0,28,0.9694082478705719,0.04972564878449443,0.0439125049504361,0.39310113645628286
4,identity_only,H_source_only,0,42,1.4095131459464956,0.049334786896446804,0.09183989934536883,-0.43049734441741205
4,identity_only,H_source_only,1,0,1.3044541921776365,0.02780625959076552,0.1601652285324132,0.12311638020290883
4,identity_only,H_source_only,1,14,0.647062084661963,0.024880069553583344,0.10530128379327704,0.7059872744169026
4,identity_only,H_source_only,1,28,0.4630334538720425,0.027810074294905302,0.15017855215402623,-0.30949145610445683
4,identity_only,H_source_only,1,42,1.6355628538659257,0.023817834550061583,0.48381300035804603,-0.05210986794499328
4,identity_only,H_source_only,2,0,0.6260359229663747,0.0005789708399788085,0.5011024816192402,0.09592264902123149
4,identity_only,H_source_only,2,14,0.5258414214258327,0.00032460670225888745,0.3352176153882871,-0.7970649480162353
4,identity_only,H_source_only,2,28,1.2865304697398936,0.0006136939595587835,0.9600979503996551,0.03754613138531471
4,identity_only,H_source_only,2,42,1.3918100271851617,0.00032440739229571867,0.6591747901181461,0.2030202917469277
4,identity_only,H_source_only,3,0,0.5424927121980359,0.0023842721861035295,0.5640422547867189,0.032561980749118424
4,identity_only,H_source_only,3,14,0.5470904453033881,0.0021206758355588272,0.7561063838006145,-0.05795849110810891
4,identity_only,H_source_only,3,28,0.6180856730494667,0.0022197247059686496,0.669909347757418,0.013411225764896062
4,identity_only,H_source_only,3,42,0.741456393974165,0.0017489822219740098,0.9840622614617899,-0.030218207415101617
4,identity_only,H_response_only,0,0,1.7677333383472265,0.04702298517093977,0.08723305744747943,0.14463532172487614
4,identity_only,H_response_only,0,14,1.1200435597494207,0.05036685918849163,0.0684141135668137,-1.0444327359805934
4,identity_only,H_response_only,0,28,0.9239948606550967,0.04972564878449443,0.0439125049504361,0.39310113645628286
4,identity_only,H_response_only,0,42,1.3968225542645176,0.049334786896446804,0.09183989934536883,-0.43049734441741205
4,identity_only,H_response_only,1,0,1.5030670585973194,0.02780625959076552,0.1601652285324132,0.12311638020290883
4,identity_only,H_response_only,1,14,0.9719330990769529,0.024880069553583344,0.10530128379327704,0.7059872744169026
4,identity_only,H_response_only,1,28,0.4351829796150275,0.027810074294905302,0.15017855215402623,-0.30949145610445683
4,identity_only,H_response_only,1,42,1.7338857663201157,0.023817834550061583,0.48381300035804603,-0.05210986794499328
4,identity_only,H_response_only,2,0,0.8510162643801702,0.0005789708399788085,0.5011024816192402,0.09592264902123149
4,identity_only,H_response_only,2,14,0.5050348054194578,0.00032460670225888745,0.3352176153882871,-0.7970649480162353
4,identity_only,H_response_only,2,28,1.5126317843891184,0.0006136939595587835,0.9600979503996551,0.03754613138531471
4,identity_only,H_response_only,2,42,1.8112451360621635,0.00032440739229571867,0.6591747901181461,0.2030202917469277
4,identity_only,H_response_only,3,0,0.8368879817855713,0.0023842721861035295,0.5640422547867189,0.032561980749118424
4,identity_only,H_response_only,3,14,0.9756520831351483,0.0021206758355588272,0.7561063838006145,-0.05795849110810891
4,identity_only,H_response_only,3,28,1.1538293179554242,0.0022197247059686496,0.669909347757418,0.013411225764896062
4,identity_only,H_response_only,3,42,0.9435489073109454,0.0017489822219740098,0.9840622614617899,-0.030218207415101617
4,identity_only,H_source_divflow,0,0,1.4465529137654818,0.04702298517093977,0.08723305744747943,0.14463532172487614
4,identity_only,H_source_divflow,0,14,1.0332663314950008,0.05036685918849163,0.0684141135668137,-1.0444327359805934
4,identity_only,H_source_divflow,0,28,1.03292100754403,0.04972564878449443,0.0439125049504361,0.39310113645628286
4,identity_only,H_source_divflow,0,42,1.2280825724990703,0.049334786896446804,0.09183989934536883,-0.43049734441741205
4,identity_only,H_source_divflow,1,0,1.1913626301452485,0.02780625959076552,0.1601652285324132,0.12311638020290883
4,identity_only,H_source_divflow,1,14,0.48719520123939647,0.024880069553583344,0.10530128379327704,0.7059872744169026
4,identity_only,H_source_divflow,1,28,0.3567731904049713,0.027810074294905302,0.15017855215402623,-0.30949145610445683
4,identity_only,H_source_divflow,1,42,1.5447408866219756,0.023817834550061583,0.48381300035804603,-0.05210986794499328
4,identity_only,H_source_divflow,2,0,0.5148224066279795,0.0005789708399788085,0.5011024816192402,0.09592264902123149
4,identity_only,H_source_divflow,2,14,0.3667866965631283,0.00032460670225888745,0.3352176153882871,-0.7970649480162353
4,identity_only,H_source_divflow,2,28,1.1518571238011905,0.0006136939595587835,0.9600979503996551,0.03754613138531471
4,identity_only,H_source_divflow,2,42,1.5328022133021193,0.00032440739229571867,0.6591747901181461,0.2030202917469277
4,identity_only,H_source_divflow,3,0,0.5631553758971117,0.0023842721861035295,0.5640422547867189,0.032561980749118424
4,identity_only,H_source_divflow,3,14,0.5813581621696555,0.0021206758355588272,0.7561063838006145,-0.05795849110810891
4,identity_only,H_source_divflow,3,28,0.6132009888833196,0.0022197247059686496,0.669909347757418,0.013411225764896062
4,identity_only,H_source_divflow,3,42,0.5495435331545037,0.0017489822219740098,0.9840622614617899,-0.030218207415101617
4,identity_only,H_rho_omega,0,0,1.527669008435947,0.04702298517093977,0.08723305744747943,0.14463532172487614
4,identity_only,H_rho_omega,0,14,0.9684128517715578,0.05036685918849163,0.0684141135668137,-1.0444327359805934
4,identity_only,H_rho_omega,0,28,0.8718384552988723,0.04972564878449443,0.0439125049504361,0.39310113645628286
4,identity_only,H_rho_omega,0,42,1.5300867897194463,0.049334786896446804,0.09183989934536883,-0.43049734441741205
4,identity_only,H_rho_omega,1,0,1.1752999975139569,0.02780625959076552,0.1601652285324132,0.12311638020290883
4,identity_only,H_rho_omega,1,14,0.596841862334798,0.024880069553583344,0.10530128379327704,0.7059872744169026
4,identity_only,H_rho_omega,1,28,0.5961869962329164,0.027810074294905302,0.15017855215402623,-0.30949145610445683
4,identity_only,H_rho_omega,1,42,1.472462669614849,0.023817834550061583,0.48381300035804603,-0.05210986794499328
4,identity_only,H_rho_omega,2,0,0.48027178009001587,0.0005789708399788085,0.5011024816192402,0.09592264902123149
4,identity_only,H_rho_omega,2,14,0.5242962974614364,0.00032460670225888745,0.3352176153882871,-0.7970649480162353
4,identity_only,H_rho_omega,2,28,1.2885598761689085,0.0006136939595587835,0.9600979503996551,0.03754613138531471
4,identity_only,H_rho_omega,2,42,1.2894993713215999,0.00032440739229571867,0.6591747901181461,0.2030202917469277
4,identity_only,H_rho_omega,3,0,0.5143222260057378,0.0023842721861035295,0.5640422547867189,0.032561980749118424
4,identity_only,H_rho_omega,3,14,0.46027250567979233,0.0021206758355588272,0.7561063838006145,-0.05795849110810891
4,identity_only,H_rho_omega,3,28,0.42149468342631813,0.0022197247059686496,0.669909347757418,0.013411225764896062
4,identity_only,H_rho_omega,3,42,0.6898048459238637,0.0017489822219740098,0.9840622614617899,-0.030218207415101617
4,closure_only,H_current,0,0,1.4085111456252515,0.6886075924774185,1.2025111183937536,0.7900414510815083
4,closure_only,H_current,0,14,1.0843521198571038,1.4558201955343744,1.6049846892563109,1.2179968724662087
4,closure_only,H_current,0,28,0.5481809542348218,1.6044986417506366,1.6308907161081971,0.6975944682201318
4,closure_only,H_current,0,42,1.690890159423642,0.5883105112364762,1.15707597324967,-0.33045847606283135
4,closure_only,H_current,1,0,1.3995040138452874,1.6362741675220904,1.5418780971960324,1.0928881276908362
4,closure_only,H_current,1,14,0.6067439692856187,1.107868541918402,0.9355439663591771,1.255834206479557
4,closure_only,H_current,1,28,0.7647725581114979,1.5805349230384915,1.3174257490387298,1.6718197341788266
4,closure_only,H_current,1,42,1.4890066679345637,2.291651893213339,1.68668736983833,1.679764310206993
4,closure_only,H_current,2,0,0.9663896488592437,1.5807217422961426,0.772281345932104,0.3924138115704254
4,closure_only,H_current,2,14,0.5149819387743284,0.1651127800518892,0.32845167858280777,1.15203346791535
4,closure_only,H_current,2,28,1.2003251707930862,1.2275120492127418,1.005837389427371,1.0260401753720774
4,closure_only,H_current,2,42,1.5306462197624946,2.1327665771594613,0.8350100728355588,0.9370930162049411
4,closure_only,H_current,3,0,0.6442107784052152,1.1116715051623216,0.5309584351896833,0.9009855413116914
4,closure_only,H_current,3,14,0.7151132670145133,0.9698110100048073,0.8101657711698528,0.7038254451859727
4,closure_only,H_current,3,28,0.7421983354648382,1.4270442043287621,0.6403136131933874,0.45834005009924395
4,closure_only,H_current,3,42,0.8497129539235616,1.5534379732687194,1.0177033466296246,0.9045592740753492
4,closure_only,H_source_only,0,0,1.4319918909007756,0.6886075924774185,1.2025111183937536,0.7900414510815083
4,closure_only,H_source_only,0,14,1.0056287910974768,1.4558201955343744,1.6049846892563109,1.2179968724662087
4,closure_only,H_source_only,0,28,0.7747898902240021,1.6044986417506366,1.6308907161081971,0.6975944682201318
4,closure_only,H_source_only,0,42,1.5678101587717164,0.5883105112364762,1.15707597324967,-0.33045847606283135
4,closure_only,H_source_only,1,0,1.3364548738246251,1.6362741675220904,1.5418780971960324,1.0928881276908362
4,closure_only,H_source_only,1,14,0.6379606787878261,1.107868541918402,0.9355439663591771,1.255834206479557
4,closure_only,H_source_only,1,28,0.6624993581666903,1.5805349230384915,1.3174257490387298,1.6718197341788266
4,closure_only,H_source_only,1,42,1.4562287967976584,2.291651893213339,1.68668736983833,1.679764310206993
4,closure_only,H_source_only,2,0,0.7773272404973556,1.5807217422961426,0.772281345932104,0.3924138115704254
4,closure_only,H_source_only,2,14,0.5215982533844254,0.1651127800518892,0.32845167858280777,1.15203346791535
4,closure_only,H_source_only,2,28,1.188455618968157,1.2275120492127418,1.005837389427371,1.0260401753720774
4,closure_only,H_source_only,2,42,1.4248463841783607,2.1327665771594613,0.8350100728355588,0.9370930162049411
4,closure_only,H_source_only,3,0,0.57009603083396,1.1116715051623216,0.5309584351896833,0.9009855413116914
4,closure_only,H_source_only,3,14,0.5902508476101763,0.9698110100048073,0.8101657711698528,0.7038254451859727
4,closure_only,H_source_only,3,28,0.5786891621074691,1.4270442043287621,0.6403136131933874,0.45834005009924395
4,closure_only,H_source_only,3,42,0.7780171308846118,1.5534379732687194,1.0177033466296246,0.9045592740753492
4,closure_only,H_response_only,0,0,1.3869916973264156,0.6886075924774185,1.2025111183937536,0.7900414510815083
4,closure_only,H_response_only,0,14,1.0649452415467826,1.4558201955343744,1.6049846892563109,1.2179968724662087
4,closure_only,H_response_only,0,28,0.5613846443227879,1.6044986417506366,1.6308907161081971,0.6975944682201318
4,closure_only,H_response_only,0,42,1.8855368562069905,0.5883105112364762,1.15707597324967,-0.33045847606283135
4,closure_only,H_response_only,1,0,1.5804117965786537,1.6362741675220904,1.5418780971960324,1.0928881276908362
4,closure_only,H_response_only,1,14,0.5736092256065319,1.107868541918402,0.9355439663591771,1.255834206479557
4,closure_only,H_response_only,1,28,0.9179584508865382,1.5805349230384915,1.3174257490387298,1.6718197341788266
4,closure_only,H_response_only,1,42,1.586389169923691,2.291651893213339,1.68668736983833,1.679764310206993
4,closure_only,H_response_only,2,0,1.3653186593820885,1.5807217422961426,0.772281345932104,0.3924138115704254
4,closure_only,H_response_only,2,14,0.4533289146065919,0.1651127800518892,0.32845167858280777,1.15203346791535
4,closure_only,H_response_only,2,28,1.217547699814675,1.2275120492127418,1.005837389427371,1.0260401753720774
4,closure_only,H_response_only,2,42,1.718333847994944,2.1327665771594613,0.8350100728355588,0.9370930162049411
4,closure_only,H_response_only,3,0,0.8464402641680069,1.1116715051623216,0.5309584351896833,0.9009855413116914
4,closure_only,H_response_only,3,14,0.9326567835459019,0.9698110100048073,0.8101657711698528,0.7038254451859727
4,closure_only,H_response_only,3,28,1.1003053821766702,1.4270442043287621,0.6403136131933874,0.45834005009924395
4,closure_only,H_response_only,3,42,1.0125368636230687,1.5534379732687194,1.0177033466296246,0.9045592740753492
4,closure_only,H_source_divflow,0,0,1.5445722412104343,0.6886075924774185,1.2025111183937536,0.7900414510815083
4,closure_only,H_source_divflow,0,14,0.7313343383574034,1.4558201955343744,1.6049846892563109,1.2179968724662087
4,closure_only,H_source_divflow,0,28,1.110786453961796,1.6044986417506366,1.6308907161081971,0.6975944682201318
4,closure_only,H_source_divflow,0,42,1.7666243757467612,0.5883105112364762,1.15707597324967,-0.33045847606283135
4,closure_only,H_source_divflow,1,0,1.6449565771948442,1.6362741675220904,1.5418780971960324,1.0928881276908362
4,closure_only,H_source_divflow,1,14,0.9456696271314602,1.107868541918402,0.9355439663591771,1.255834206479557
4,closure_only,H_source_divflow,1,28,0.42595674618831464,1.5805349230384915,1.3174257490387298,1.6718197341788266
4,closure_only,H_source_divflow,1,42,1.7818795759988832,2.291651893213339,1.68668736983833,1.679764310206993
4,closure_only,H_source_divflow,2,0,1.1535789936292578,1.5807217422961426,0.772281345932104,0.3924138115704254
4,closure_only,H_source_divflow,2,14,0.4245936875232826,0.1651127800518892,0.32845167858280777,1.15203346791535
4,closure_only,H_source_divflow,2,28,1.1132232439166587,1.2275120492127418,1.005837389427371,1.0260401753720774
4,closure_only,H_source_divflow,2,42,1.4786652506991353,2.1327665771594613,0.8350100728355588,0.9370930162049411
4,closure_only,H_source_divflow,3,0,0.7000702941021472,1.1116715051623216,0.5309584351896833,0.9009855413116914
4,closure_only,H_source_divflow,3,14,0.7234413333417784,0.9698110100048073,0.8101657711698528,0.7038254451859727
4,closure_only,H_source_divflow,3,28,0.9301501277715825,1.4270442043287621,0.6403136131933874,0.45834005009924395
4,closure_only,H_source_divflow,3,42,0.7970853567346784,1.5534379732687194,1.0177033466296246,0.9045592740753492
4,closure_only,H_rho_omega,0,0,1.3681140441784354,0.6886075924774185,1.2025111183937536,0.7900414510815083
4,closure_only,H_rho_omega,0,14,1.0384965194252689,1.4558201955343744,1.6049846892563109,1.2179968724662087
4,closure_only,H_rho_omega,0,28,1.2559217752134453,1.6044986417506366,1.6308907161081971,0.6975944682201318
4,closure_only,H_rho_omega,0,42,1.438236533349183,0.5883105112364762,1.15707597324967,-0.33045847606283135
4,closure_only,H_rho_omega,1,0,1.1525075524089134,1.6362741675220904,1.5418780971960324,1.0928881276908362
4,closure_only,H_rho_omega,1,14,0.5942564894875795,1.107868541918402,0.9355439663591771,1.255834206479557
4,closure_only,H_rho_omega,1,28,0.9425214689164298,1.5805349230384915,1.3174257490387298,1.6718197341788266
4,closure_only,H_rho_omega,1,42,1.548673469612568,2.291651893213339,1.68668736983833,1.679764310206993
4,closure_only,H_rho_omega,2,0,0.5621465699451856,1.5807217422961426,0.772281345932104,0.3924138115704254
4,closure_only,H_rho_omega,2,14,0.5271747118637359,0.1651127800518892,0.32845167858280777,1.15203346791535
4,closure_only,H_rho_omega,2,28,1.2104165186856055,1.2275120492127418,1.005837389427371,1.0260401753720774
4,closure_only,H_rho_omega,2,42,1.335140429340671,2.1327665771594613,0.8350100728355588,0.9370930162049411
4,closure_only,H_rho_omega,3,0,0.6341336323146741,1.1116715051623216,0.5309584351896833,0.9009855413116914
4,closure_only,H_rho_omega,3,14,0.5294859425680263,0.9698110100048073,0.8101657711698528,0.7038254451859727
4,closure_only,H_rho_omega,3,28,0.5690223582705499,1.4270442043287621,0.6403136131933874,0.45834005009924395
4,closure_only,H_rho_omega,3,42,0.7524351750383205,1.5534379732687194,1.0177033466296246,0.9045592740753492
4,identity_plus_closure,H_current,0,0,1.6770785091033567,0.0470229851709396,0.08723305744747946,0.1880013126064719
4,identity_plus_closure,H_current,0,14,0.9670697164540963,0.050366859188491854,0.06841411356681366,-1.0178977743952828
4,identity_plus_closure,H_current,0,28,0.990791882790295,0.04972564878449435,0.04391250495043577,0.05262034677740235
4,identity_plus_closure,H_current,0,42,1.3709217216147338,0.04933478689644669,0.09183989934536874,-0.30454880661746925
4,identity_plus_closure,H_current,1,0,1.3923116613072148,0.02780625959076536,0.16016522853241297,0.1805643244963241
4,identity_plus_closure,H_current,1,14,0.7496557128863173,0.024880069553583566,0.10530128379327694,0.24647702208112976
4,identity_plus_closure,H_current,1,28,0.34453074919696636,0.02781007429490523,0.15017855215402628,-0.6879650739924248
4,identity_plus_closure,H_current,1,42,1.6952215522951148,0.02381783455006147,0.48381300035804625,0.09301345017202789
4,identity_plus_closure,H_current,2,0,0.6679460116286785,0.0005789708399792481,0.5011024816192402,-0.09735536738171269
4,identity_plus_closure,H_current,2,14,0.4564769031930204,0.0003246067022590492,0.3352176153882871,-0.9012561109341208
4,identity_plus_closure,H_current,2,28,1.3829801138222018,0.000613693959559226,0.9600979503996546,0.07257004386984056
4,identity_plus_closure,H_current,2,42,1.5416235858933989,0.00032440739229571346,0.6591747901181461,0.04679021921374371
4,identity_plus_closure,H_current,3,0,0.640548056913857,0.0023842721861041475,0.5640422547867189,0.04891309785129805
4,identity_plus_closure,H_current,3,14,0.6794784672364665,0.0021206758355593767,0.7561063838006145,-0.007608212102703793
4,identity_plus_closure,H_current,3,28,0.8064525442354724,0.002219724705969118,0.6699093477574178,0.01727971802846795
4,identity_plus_closure,H_current,3,42,0.7596845165650113,0.0017489822219744105,0.9840622614617897,0.039494112136213566
4,identity_plus_closure,H_source_only,0,0,1.626190669392139,0.0470229851709396,0.08723305744747946,0.1880013126064719
4,identity_plus_closure,H_source_only,0,14,0.9221962709009475,0.050366859188491854,0.06841411356681366,-1.0178977743952828
4,identity_plus_closure,H_source_only,0,28,0.9694082478705713,0.04972564878449435,0.04391250495043577,0.05262034677740235
4,identity_plus_closure,H_source_only,0,42,1.409513145946496,0.04933478689644669,0.09183989934536874,-0.30454880661746925
4,identity_plus_closure,H_source_only,1,0,1.304454192177636,0.02780625959076536,0.16016522853241297,0.1805643244963241
4,identity_plus_closure,H_source_only,1,14,0.6470620846619629,0.024880069553583566,0.10530128379327694,0.24647702208112976
4,identity_plus_closure,H_source_only,1,28,0.46303345387204276,0.02781007429490523,0.15017855215402628,-0.6879650739924248
4,identity_plus_closure,H_source_only,1,42,1.6355628538659255,0.02381783455006147,0.48381300035804625,0.09301345017202789
4,identity_plus_closure,H_source_only,2,0,0.6260359229663746,0.0005789708399792481,0.5011024816192402,-0.09735536738171269
4,identity_plus_closure,H_source_only,2,14,0.5258414214258326,0.0003246067022590492,0.3352176153882871,-0.9012561109341208
4,identity_plus_closure,H_source_only,2,28,1.2865304697398934,0.000613693959559226,0.9600979503996546,0.07257004386984056
4,identity_plus_closure,H_source_only,2,42,1.3918100271851617,0.00032440739229571346,0.6591747901181461,0.04679021921374371
4,identity_plus_closure,H_source_only,3,0,0.5424927121980359,0.0023842721861041475,0.5640422547867189,0.04891309785129805
4,identity_plus_closure,H_source_only,3,14,0.5470904453033881,0.0021206758355593767,0.7561063838006145,-0.007608212102703793
4,identity_plus_closure,H_source_only,3,28,0.6180856730494667,0.002219724705969118,0.6699093477574178,0.01727971802846795
4,identity_plus_closure,H_source_only,3,42,0.7414563939741649,0.0017489822219744105,0.9840622614617897,0.039494112136213566
4,identity_plus_closure,H_response_only,0,0,1.7771991256441693,0.0470229851709396,0.08723305744747946,0.1880013126064719
4,identity_plus_closure,H_response_only,0,14,1.0510563112823037,0.050366859188491854,0.06841411356681366,-1.0178977743952828
4,identity_plus_closure,H_response_only,0,28,1.056865012639444,0.04972564878449435,0.04391250495043577,0.05262034677740235
4,identity_plus_closure,H_response_only,0,42,1.2916879009813844,0.04933478689644669,0.09183989934536874,-0.30454880661746925
4,identity_plus_closure,H_response_only,1,0,1.5414433887133803,0.02780625959076536,0.16016522853241297,0.1805643244963241
4,identity_plus_closure,H_response_only,1,14,0.8906217741864033,0.024880069553583566,0.10530128379327694,0.24647702208112976
4,identity_plus_closure,H_response_only,1,28,0.5631428105344173,0.02781007429490523,0.15017855215402628,-0.6879650739924248
4,identity_plus_closure,H_response_only,1,42,1.7817770090601854,0.02381783455006147,0.48381300035804625,0.09301345017202789
4,identity_plus_closure,H_response_only,2,0,0.6952702154633162,0.0005789708399792481,0.5011024816192402,-0.09735536738171269
4,identity_plus_closure,H_response_only,2,14,0.2864120959083002,0.0003246067022590492,0.3352176153882871,-0.9012561109341208
4,identity_plus_closure,H_response_only,2,28,1.6103972141243448,0.000613693959559226,0.9600979503996546,0.07257004386984056
4,identity_plus_closure,H_response_only,2,42,1.8474543537226524,0.00032440739229571346,0.6591747901181461,0.04679021921374371
4,identity_plus_closure,H_response_only,3,0,0.8584276631864248,0.0023842721861041475,0.5640422547867189,0.04891309785129805
4,identity_plus_closure,H_response_only,3,14,0.9952393535759418,0.0021206758355593767,0.7561063838006145,-0.007608212102703793
4,identity_plus_closure,H_response_only,3,28,1.1902947875942564,0.002219724705969118,0.6699093477574178,0.01727971802846795
4,identity_plus_closure,H_response_only,3,42,0.8507593884139395,0.0017489822219744105,0.9840622614617897,0.039494112136213566
4,identity_plus_closure,H_source_divflow,0,0,1.4465529137654818,0.0470229851709396,0.08723305744747946,0.1880013126064719
4,identity_plus_closure,H_source_divflow,0,14,1.0332663314950006,0.050366859188491854,0.06841411356681366,-1.0178977743952828
4,identity_plus_closure,H_source_divflow,0,28,1.03292100754403,0.04972564878449435,0.04391250495043577,0.05262034677740235
4,identity_plus_closure,H_source_divflow,0,42,1.2280825724990707,0.04933478689644669,0.09183989934536874,-0.30454880661746925
4,identity_plus_closure,H_source_divflow,1,0,1.1913626301452485,0.02780625959076536,0.16016522853241297,0.1805643244963241
4,identity_plus_closure,H_source_divflow,1,14,0.48719520123939636,0.024880069553583566,0.10530128379327694,0.24647702208112976
4,identity_plus_closure,H_source_divflow,1,28,0.35677319040497146,0.02781007429490523,0.15017855215402628,-0.6879650739924248
4,identity_plus_closure,H_source_divflow,1,42,1.5447408866219756,0.02381783455006147,0.48381300035804625,0.09301345017202789
4,identity_plus_closure,H_source_divflow,2,0,0.5148224066279795,0.0005789708399792481,0.5011024816192402,-0.09735536738171269
4,identity_plus_closure,H_source_divflow,2,14,0.36678669656312834,0.0003246067022590492,0.3352176153882871,-0.9012561109341208
4,identity_plus_closure,H_source_divflow,2,28,1.1518571238011905,0.000613693959559226,0.9600979503996546,0.07257004386984056
4,identity_plus_closure,H_source_divflow,2,42,1.5328022133021193,0.00032440739229571346,0.6591747901181461,0.04679021921374371
4,identity_plus_closure,H_source_divflow,3,0,0.5631553758971117,0.0023842721861041475,0.5640422547867189,0.04891309785129805
4,identity_plus_closure,H_source_divflow,3,14,0.5813581621696555,0.0021206758355593767,0.7561063838006145,-0.007608212102703793
4,identity_plus_closure,H_source_divflow,3,28,0.6132009888833199,0.002219724705969118,0.6699093477574178,0.01727971802846795
4,identity_plus_closure,H_source_divflow,3,42,0.5495435331545038,0.0017489822219744105,0.9840622614617897,0.039494112136213566
4,identity_plus_closure,H_rho_omega,0,0,1.5276690084359466,0.0470229851709396,0.08723305744747946,0.1880013126064719
4,identity_plus_closure,H_rho_omega,0,14,0.968412851771557,0.050366859188491854,0.06841411356681366,-1.0178977743952828
4,identity_plus_closure,H_rho_omega,0,28,0.8718384552988726,0.04972564878449435,0.04391250495043577,0.05262034677740235
4,identity_plus_closure,H_rho_omega,0,42,1.5300867897194474,0.04933478689644669,0.09183989934536874,-0.30454880661746925
4,identity_plus_closure,H_rho_omega,1,0,1.1752999975139542,0.02780625959076536,0.16016522853241297,0.1805643244963241
4,identity_plus_closure,H_rho_omega,1,14,0.5968418623347997,0.024880069553583566,0.10530128379327694,0.24647702208112976
4,identity_plus_closure,H_rho_omega,1,28,0.5961869962329162,0.02781007429490523,0.15017855215402628,-0.6879650739924248
4,identity_plus_closure,H_rho_omega,1,42,1.4724626696148502,0.02381783455006147,0.48381300035804625,0.09301345017202789
4,identity_plus_closure,H_rho_omega,2,0,0.4802717800900158,0.0005789708399792481,0.5011024816192402,-0.09735536738171269
4,identity_plus_closure,H_rho_omega,2,14,0.5242962974614361,0.0003246067022590492,0.3352176153882871,-0.9012561109341208
4,identity_plus_closure,H_rho_omega,2,28,1.2885598761689083,0.000613693959559226,0.9600979503996546,0.07257004386984056
4,identity_plus_closure,H_rho_omega,2,42,1.2894993713215994,0.00032440739229571346,0.6591747901181461,0.04679021921374371
4,identity_plus_closure,H_rho_omega,3,0,0.5143222260057376,0.0023842721861041475,0.5640422547867189,0.04891309785129805
4,identity_plus_closure,H_rho_omega,3,14,0.46027250567979194,0.0021206758355593767,0.7561063838006145,-0.007608212102703793
4,identity_plus_closure,H_rho_omega,3,28,0.42149468342631824,0.002219724705969118,0.6699093477574178,0.01727971802846795
4,identity_plus_closure,H_rho_omega,3,42,0.6898048459238636,0.0017489822219744105,0.9840622614617897,0.039494112136213566
4,identity_closure_momentum,H_current,0,0,1.6770785091033567,0.0470229851709396,0.08723305744747946,0.1880013126064719
4,identity_closure_momentum,H_current,0,14,0.9670697164540963,0.050366859188491854,0.06841411356681366,-1.0178977743952828
4,identity_closure_momentum,H_current,0,28,0.990791882790295,0.04972564878449435,0.04391250495043577,0.05262034677740235
4,identity_closure_momentum,H_current,0,42,1.3709217216147338,0.04933478689644669,0.09183989934536874,-0.30454880661746925
4,identity_closure_momentum,H_current,1,0,1.3923116613072148,0.02780625959076536,0.16016522853241297,0.1805643244963241
4,identity_closure_momentum,H_current,1,14,0.7496557128863173,0.024880069553583566,0.10530128379327694,0.24647702208112976
4,identity_closure_momentum,H_current,1,28,0.34453074919696636,0.02781007429490523,0.15017855215402628,-0.6879650739924248
4,identity_closure_momentum,H_current,1,42,1.6952215522951148,0.02381783455006147,0.48381300035804625,0.09301345017202789
4,identity_closure_momentum,H_current,2,0,0.6679460116286785,0.0005789708399792481,0.5011024816192402,-0.09735536738171269
4,identity_closure_momentum,H_current,2,14,0.4564769031930204,0.0003246067022590492,0.3352176153882871,-0.9012561109341208
4,identity_closure_momentum,H_current,2,28,1.3829801138222018,0.000613693959559226,0.9600979503996546,0.07257004386984056
4,identity_closure_momentum,H_current,2,42,1.5416235858933989,0.00032440739229571346,0.6591747901181461,0.04679021921374371
4,identity_closure_momentum,H_current,3,0,0.640548056913857,0.0023842721861041475,0.5640422547867189,0.04891309785129805
4,identity_closure_momentum,H_current,3,14,0.6794784672364665,0.0021206758355593767,0.7561063838006145,-0.007608212102703793
4,identity_closure_momentum,H_current,3,28,0.8064525442354724,0.002219724705969118,0.6699093477574178,0.01727971802846795
4,identity_closure_momentum,H_current,3,42,0.7596845165650113,0.0017489822219744105,0.9840622614617897,0.039494112136213566
4,identity_closure_momentum,H_source_only,0,0,1.626190669392139,0.0470229851709396,0.08723305744747946,0.1880013126064719
4,identity_closure_momentum,H_source_only,0,14,0.9221962709009475,0.050366859188491854,0.06841411356681366,-1.0178977743952828
4,identity_closure_momentum,H_source_only,0,28,0.9694082478705713,0.04972564878449435,0.04391250495043577,0.05262034677740235
4,identity_closure_momentum,H_source_only,0,42,1.409513145946496,0.04933478689644669,0.09183989934536874,-0.30454880661746925
4,identity_closure_momentum,H_source_only,1,0,1.304454192177636,0.02780625959076536,0.16016522853241297,0.1805643244963241
4,identity_closure_momentum,H_source_only,1,14,0.6470620846619629,0.024880069553583566,0.10530128379327694,0.24647702208112976
4,identity_closure_momentum,H_source_only,1,28,0.46303345387204276,0.02781007429490523,0.15017855215402628,-0.6879650739924248
4,identity_closure_momentum,H_source_only,1,42,1.6355628538659255,0.02381783455006147,0.48381300035804625,0.09301345017202789
4,identity_closure_momentum,H_source_only,2,0,0.6260359229663746,0.0005789708399792481,0.5011024816192402,-0.09735536738171269
4,identity_closure_momentum,H_source_only,2,14,0.5258414214258326,0.0003246067022590492,0.3352176153882871,-0.9012561109341208
4,identity_closure_momentum,H_source_only,2,28,1.2865304697398934,0.000613693959559226,0.9600979503996546,0.07257004386984056
4,identity_closure_momentum,H_source_only,2,42,1.3918100271851617,0.00032440739229571346,0.6591747901181461,0.04679021921374371
4,identity_closure_momentum,H_source_only,3,0,0.5424927121980359,0.0023842721861041475,0.5640422547867189,0.04891309785129805
4,identity_closure_momentum,H_source_only,3,14,0.5470904453033881,0.0021206758355593767,0.7561063838006145,-0.007608212102703793
4,identity_closure_momentum,H_source_only,3,28,0.6180856730494667,0.002219724705969118,0.6699093477574178,0.01727971802846795
4,identity_closure_momentum,H_source_only,3,42,0.7414563939741649,0.0017489822219744105,0.9840622614617897,0.039494112136213566
4,identity_closure_momentum,H_response_only,0,0,1.7771991256441693,0.0470229851709396,0.08723305744747946,0.1880013126064719
4,identity_closure_momentum,H_response_only,0,14,1.0510563112823037,0.050366859188491854,0.06841411356681366,-1.0178977743952828
4,identity_closure_momentum,H_response_only,0,28,1.056865012639444,0.04972564878449435,0.04391250495043577,0.05262034677740235
4,identity_closure_momentum,H_response_only,0,42,1.2916879009813844,0.04933478689644669,0.09183989934536874,-0.30454880661746925
4,identity_closure_momentum,H_response_only,1,0,1.5414433887133803,0.02780625959076536,0.16016522853241297,0.1805643244963241
4,identity_closure_momentum,H_response_only,1,14,0.8906217741864033,0.024880069553583566,0.10530128379327694,0.24647702208112976
4,identity_closure_momentum,H_response_only,1,28,0.5631428105344173,0.02781007429490523,0.15017855215402628,-0.6879650739924248
4,identity_closure_momentum,H_response_only,1,42,1.7817770090601854,0.02381783455006147,0.48381300035804625,0.09301345017202789
4,identity_closure_momentum,H_response_only,2,0,0.6952702154633162,0.0005789708399792481,0.5011024816192402,-0.09735536738171269
4,identity_closure_momentum,H_response_only,2,14,0.2864120959083002,0.0003246067022590492,0.3352176153882871,-0.9012561109341208
4,identity_closure_momentum,H_response_only,2,28,1.6103972141243448,0.000613693959559226,0.9600979503996546,0.07257004386984056
4,identity_closure_momentum,H_response_only,2,42,1.8474543537226524,0.00032440739229571346,0.6591747901181461,0.04679021921374371
4,identity_closure_momentum,H_response_only,3,0,0.8584276631864248,0.0023842721861041475,0.5640422547867189,0.04891309785129805
4,identity_closure_momentum,H_response_only,3,14,0.9952393535759418,0.0021206758355593767,0.7561063838006145,-0.007608212102703793
4,identity_closure_momentum,H_response_only,3,28,1.1902947875942564,0.002219724705969118,0.6699093477574178,0.01727971802846795
4,identity_closure_momentum,H_response_only,3,42,0.8507593884139395,0.0017489822219744105,0.9840622614617897,0.039494112136213566
4,identity_closure_momentum,H_source_divflow,0,0,1.4465529137654818,0.0470229851709396,0.08723305744747946,0.1880013126064719
4,identity_closure_momentum,H_source_divflow,0,14,1.0332663314950006,0.050366859188491854,0.06841411356681366,-1.0178977743952828
4,identity_closure_momentum,H_source_divflow,0,28,1.03292100754403,0.04972564878449435,0.04391250495043577,0.05262034677740235
4,identity_closure_momentum,H_source_divflow,0,42,1.2280825724990707,0.04933478689644669,0.09183989934536874,-0.30454880661746925
4,identity_closure_momentum,H_source_divflow,1,0,1.1913626301452485,0.02780625959076536,0.16016522853241297,0.1805643244963241
4,identity_closure_momentum,H_source_divflow,1,14,0.48719520123939636,0.024880069553583566,0.10530128379327694,0.24647702208112976
4,identity_closure_momentum,H_source_divflow,1,28,0.35677319040497146,0.02781007429490523,0.15017855215402628,-0.6879650739924248
4,identity_closure_momentum,H_source_divflow,1,42,1.5447408866219756,0.02381783455006147,0.48381300035804625,0.09301345017202789
4,identity_closure_momentum,H_source_divflow,2,0,0.5148224066279795,0.0005789708399792481,0.5011024816192402,-0.09735536738171269
4,identity_closure_momentum,H_source_divflow,2,14,0.36678669656312834,0.0003246067022590492,0.3352176153882871,-0.9012561109341208
4,identity_closure_momentum,H_source_divflow,2,28,1.1518571238011905,0.000613693959559226,0.9600979503996546,0.07257004386984056
4,identity_closure_momentum,H_source_divflow,2,42,1.5328022133021193,0.00032440739229571346,0.6591747901181461,0.04679021921374371
4,identity_closure_momentum,H_source_divflow,3,0,0.5631553758971117,0.0023842721861041475,0.5640422547867189,0.04891309785129805
4,identity_closure_momentum,H_source_divflow,3,14,0.5813581621696555,0.0021206758355593767,0.7561063838006145,-0.007608212102703793
4,identity_closure_momentum,H_source_divflow,3,28,0.6132009888833199,0.002219724705969118,0.6699093477574178,0.01727971802846795
4,identity_closure_momentum,H_source_divflow,3,42,0.5495435331545038,0.0017489822219744105,0.9840622614617897,0.039494112136213566
4,identity_closure_momentum,H_rho_omega,0,0,1.5276690084359466,0.0470229851709396,0.08723305744747946,0.1880013126064719
4,identity_closure_momentum,H_rho_omega,0,14,0.968412851771557,0.050366859188491854,0.06841411356681366,-1.0178977743952828
4,identity_closure_momentum,H_rho_omega,0,28,0.8718384552988726,0.04972564878449435,0.04391250495043577,0.05262034677740235
4,identity_closure_momentum,H_rho_omega,0,42,1.5300867897194474,0.04933478689644669,0.09183989934536874,-0.30454880661746925
4,identity_closure_momentum,H_rho_omega,1,0,1.1752999975139542,0.02780625959076536,0.16016522853241297,0.1805643244963241
4,identity_closure_momentum,H_rho_omega,1,14,0.5968418623347997,0.024880069553583566,0.10530128379327694,0.24647702208112976
4,identity_closure_momentum,H_rho_omega,1,28,0.5961869962329162,0.02781007429490523,0.15017855215402628,-0.6879650739924248
4,identity_closure_momentum,H_rho_omega,1,42,1.4724626696148502,0.02381783455006147,0.48381300035804625,0.09301345017202789
4,identity_closure_momentum,H_rho_omega,2,0,0.4802717800900158,0.0005789708399792481,0.5011024816192402,-0.09735536738171269
4,identity_closure_momentum,H_rho_omega,2,14,0.5242962974614361,0.0003246067022590492,0.3352176153882871,-0.9012561109341208
4,identity_closure_momentum,H_rho_omega,2,28,1.2885598761689083,0.000613693959559226,0.9600979503996546,0.07257004386984056
4,identity_closure_momentum,H_rho_omega,2,42,1.2894993713215994,0.00032440739229571346,0.6591747901181461,0.04679021921374371
4,identity_closure_momentum,H_rho_omega,3,0,0.5143222260057376,0.0023842721861041475,0.5640422547867189,0.04891309785129805
4,identity_closure_momentum,H_rho_omega,3,14,0.46027250567979194,0.0021206758355593767,0.7561063838006145,-0.007608212102703793
4,identity_closure_momentum,H_rho_omega,3,28,0.42149468342631824,0.002219724705969118,0.6699093477574178,0.01727971802846795
4,identity_closure_momentum,H_rho_omega,3,42,0.6898048459238636,0.0017489822219744105,0.9840622614617897,0.039494112136213566
4,full_stack,H_current,0,0,1.6770785091016036,0.04702298517093964,0.08723305744747921,0.18800131257173136
4,full_stack,H_current,0,14,0.967069716461914,0.05036685918849172,0.06841411356681372,-1.0178977744173126
4,full_stack,H_current,0,28,0.9907918827796597,0.04972564878449439,0.04391250495043598,0.05262034677707006
4,full_stack,H_current,0,42,1.3709217216189071,0.04933478689644681,0.09183989934536882,-0.30454880664039763
4,full_stack,H_current,1,0,1.3923116613038578,0.02780625959076535,0.160165228532413,0.18056432448511506
4,full_stack,H_current,1,14,0.7496557128868137,0.024880069553583413,0.10530128379327688,0.24647702210873834
4,full_stack,H_current,1,28,0.34453074919646426,0.027810074294905264,0.1501785521540262,-0.6879650739759731
4,full_stack,H_current,1,42,1.6952215522948684,0.023817834550061732,0.48381300035804636,0.09301345016081053
4,full_stack,H_current,2,0,0.6679460116264349,0.000578970839980491,0.5011024816192402,-0.09735536727479266
4,full_stack,H_current,2,14,0.45647690320038414,0.00032460670225946983,0.33521761538828715,-0.9012561109736772
4,full_stack,H_current,2,28,1.3829801138198454,0.0006136939595606669,0.9600979503996546,0.07257004386673815
4,full_stack,H_current,2,42,1.5416235858937752,0.00032440739229645305,0.6591747901181461,0.04679021922716775
4,full_stack,H_current,3,0,0.6405480569158275,0.0023842721861059026,0.564042254786719,0.04891309784872333
4,full_stack,H_current,3,14,0.679478467232967,0.0021206758355609857,0.7561063838006145,-0.007608212102805267
4,full_stack,H_current,3,28,0.806452544234219,0.0022197247059707525,0.669909347757418,0.01727971802856898
4,full_stack,H_current,3,42,0.7596845165628286,0.0017489822219756768,0.9840622614617898,0.0394941121323511
4,full_stack,H_source_only,0,0,1.6261906693921397,0.04702298517093964,0.08723305744747921,0.18800131257173136
4,full_stack,H_source_only,0,14,0.9221962709009471,0.05036685918849172,0.06841411356681372,-1.0178977744173126
4,full_stack,H_source_only,0,28,0.9694082478705712,0.04972564878449439,0.04391250495043598,0.05262034677707006
4,full_stack,H_source_only,0,42,1.409513145946495,0.04933478689644681,0.09183989934536882,-0.30454880664039763
4,full_stack,H_source_only,1,0,1.3044541921776363,0.02780625959076535,0.160165228532413,0.18056432448511506
4,full_stack,H_source_only,1,14,0.6470620846619632,0.024880069553583413,0.10530128379327688,0.24647702210873834
4,full_stack,H_source_only,1,28,0.46303345387204253,0.027810074294905264,0.1501785521540262,-0.6879650739759731
4,full_stack,H_source_only,1,42,1.6355628538659255,0.023817834550061732,0.48381300035804636,0.09301345016081053
4,full_stack,H_source_only,2,0,0.6260359229663747,0.000578970839980491,0.5011024816192402,-0.09735536727479266
4,full_stack,H_source_only,2,14,0.5258414214258328,0.00032460670225946983,0.33521761538828715,-0.9012561109736772
4,full_stack,H_source_only,2,28,1.2865304697398936,0.0006136939595606669,0.9600979503996546,0.07257004386673815
4,full_stack,H_source_only,2,42,1.3918100271851617,0.00032440739229645305,0.6591747901181461,0.04679021922716775
4,full_stack,H_source_only,3,0,0.5424927121980359,0.0023842721861059026,0.564042254786719,0.04891309784872333
4,full_stack,H_source_only,3,14,0.5470904453033882,0.0021206758355609857,0.7561063838006145,-0.007608212102805267
4,full_stack,H_source_only,3,28,0.6180856730494668,0.0022197247059707525,0.669909347757418,0.01727971802856898
4,full_stack,H_source_only,3,42,0.7414563939741649,0.0017489822219756768,0.9840622614617898,0.0394941121323511
4,full_stack,H_response_only,0,0,1.777199125641379,0.04702298517093964,0.08723305744747921,0.18800131257173136
4,full_stack,H_response_only,0,14,1.0510563112982187,0.05036685918849172,0.06841411356681372,-1.0178977744173126
4,full_stack,H_response_only,0,28,1.056865012618596,0.04972564878449439,0.04391250495043598,0.05262034677707006
4,full_stack,H_response_only,0,42,1.2916879009918758,0.04933478689644681,0.09183989934536882,-0.30454880664039763
4,full_stack,H_response_only,1,0,1.5414433887048322,0.02780625959076535,0.160165228532413,0.18056432448511506
4,full_stack,H_response_only,1,14,0.8906217741879149,0.024880069553583413,0.10530128379327688,0.24647702210873834
4,full_stack,H_response_only,1,28,0.5631428105233919,0.027810074294905264,0.1501785521540262,-0.6879650739759731
4,full_stack,H_response_only,1,42,1.781777009060891,0.023817834550061732,0.48381300035804636,0.09301345016081053
4,full_stack,H_response_only,2,0,0.6952702154565733,0.000578970839980491,0.5011024816192402,-0.09735536727479266
4,full_stack,H_response_only,2,14,0.28641209593020783,0.00032460670225946983,0.33521761538828715,-0.9012561109736772
4,full_stack,H_response_only,2,28,1.6103972141191663,0.0006136939595606669,0.9600979503996546,0.07257004386673815
4,full_stack,H_response_only,2,42,1.8474543537222101,0.00032440739229645305,0.6591747901181461,0.04679021922716775
4,full_stack,H_response_only,3,0,0.8584276631849793,0.0023842721861059026,0.564042254786719,0.04891309784872333
4,full_stack,H_response_only,3,14,0.9952393535641727,0.0021206758355609857,0.7561063838006145,-0.007608212102805267
4,full_stack,H_response_only,3,28,1.1902947875876335,0.0022197247059707525,0.669909347757418,0.01727971802856898
4,full_stack,H_response_only,3,42,0.8507593884185529,0.0017489822219756768,0.9840622614617898,0.0394941121323511
4,full_stack,H_source_divflow,0,0,1.4465529137654822,0.04702298517093964,0.08723305744747921,0.18800131257173136
4,full_stack,H_source_divflow,0,14,1.0332663314950004,0.05036685918849172,0.06841411356681372,-1.0178977744173126
4,full_stack,H_source_divflow,0,28,1.0329210075440298,0.04972564878449439,0.04391250495043598,0.05262034677707006
4,full_stack,H_source_divflow,0,42,1.2280825724990694,0.04933478689644681,0.09183989934536882,-0.30454880664039763
4,full_stack,H_source_divflow,1,0,1.191362630145248,0.02780625959076535,0.160165228532413,0.18056432448511506
4,full_stack,H_source_divflow,1,14,0.48719520123939675,0.024880069553583413,0.10530128379327688,0.24647702210873834
4,full_stack,H_source_divflow,1,28,0.35677319040497135,0.027810074294905264,0.1501785521540262,-0.6879650739759731
4,full_stack,H_source_divflow,1,42,1.5447408866219752,0.023817834550061732,0.48381300035804636,0.09301345016081053
4,full_stack,H_source_divflow,2,0,0.5148224066279795,0.000578970839980491,0.5011024816192402,-0.09735536727479266
4,full_stack,H_source_divflow,2,14,0.36678669656312834,0.00032460670225946983,0.33521761538828715,-0.9012561109736772
4,full_stack,H_source_divflow,2,28,1.1518571238011903,0.0006136939595606669,0.9600979503996546,0.07257004386673815
4,full_stack,H_source_divflow,2,42,1.5328022133021193,0.00032440739229645305,0.6591747901181461,0.04679021922716775
4,full_stack,H_source_divflow,3,0,0.5631553758971118,0.0023842721861059026,0.564042254786719,0.04891309784872333
4,full_stack,H_source_divflow,3,14,0.5813581621696556,0.0021206758355609857,0.7561063838006145,-0.007608212102805267
4,full_stack,H_source_divflow,3,28,0.6132009888833199,0.0022197247059707525,0.669909347757418,0.01727971802856898
4,full_stack,H_source_divflow,3,42,0.5495435331545037,0.0017489822219756768,0.9840622614617898,0.0394941121323511
4,full_stack,H_rho_omega,0,0,1.527669008435947,0.04702298517093964,0.08723305744747921,0.18800131257173136
4,full_stack,H_rho_omega,0,14,0.9684128517715572,0.05036685918849172,0.06841411356681372,-1.0178977744173126
4,full_stack,H_rho_omega,0,28,0.8718384552988727,0.04972564878449439,0.04391250495043598,0.05262034677707006
4,full_stack,H_rho_omega,0,42,1.5300867897194474,0.04933478689644681,0.09183989934536882,-0.30454880664039763
4,full_stack,H_rho_omega,1,0,1.1752999975139555,0.02780625959076535,0.160165228532413,0.18056432448511506
4,full_stack,H_rho_omega,1,14,0.5968418623347982,0.024880069553583413,0.10530128379327688,0.24647702210873834
4,full_stack,H_rho_omega,1,28,0.5961869962329164,0.027810074294905264,0.1501785521540262,-0.6879650739759731
4,full_stack,H_rho_omega,1,42,1.472462669614849,0.023817834550061732,0.48381300035804636,0.09301345016081053
4,full_stack,H_rho_omega,2,0,0.4802717800900159,0.000578970839980491,0.5011024816192402,-0.09735536727479266
4,full_stack,H_rho_omega,2,14,0.5242962974614364,0.00032460670225946983,0.33521761538828715,-0.9012561109736772
4,full_stack,H_rho_omega,2,28,1.2885598761689074,0.0006136939595606669,0.9600979503996546,0.07257004386673815
4,full_stack,H_rho_omega,2,42,1.2894993713216003,0.00032440739229645305,0.6591747901181461,0.04679021922716775
4,full_stack,H_rho_omega,3,0,0.5143222260057374,0.0023842721861059026,0.564042254786719,0.04891309784872333
4,full_stack,H_rho_omega,3,14,0.4602725056797909,0.0021206758355609857,0.7561063838006145,-0.007608212102805267
4,full_stack,H_rho_omega,3,28,0.42149468342631863,0.0022197247059707525,0.669909347757418,0.01727971802856898
4,full_stack,H_rho_omega,3,42,0.6898048459238636,0.0017489822219756768,0.9840622614617898,0.0394941121323511
5,weak_control,H_current,0,0,1.098220893834671,0.8317873424089967,1.027788837839206,-0.14857734397379452
5,weak_control,H_current,0,14,1.227743523644166,0.875730570491318,1.20217483628317,0.21320411690291774
5,weak_control,H_current,0,28,1.4136964797507308,1.7340392946953702,1.0332524726985264,0.24080149817242302
5,weak_control,H_current,0,42,1.2904030649229163,0.9701188340020731,1.0710304166895437,0.059981344264459446
5,weak_control,H_current,1,0,1.2405438708077237,0.8712268127423094,1.1255816914652461,0.16286634175974468
5,weak_control,H_current,1,14,0.9744480669573827,0.5125446926453228,1.1302887404582789,0.20170476488102884
5,weak_control,H_current,1,28,0.9885998995201575,1.1171345664994736,1.0806992849528103,-0.0620408480907344
5,weak_control,H_current,1,42,1.515292507080266,1.0487650929235577,1.4124169610676351,0.06121686753418143
5,weak_control,H_current,2,0,0.6724261467085847,0.6594820999242214,0.8395864857448706,-0.016606614345507698
5,weak_control,H_current,2,14,0.6118172697123305,0.3614154315232558,0.5293006610001356,-0.0943920372075463
5,weak_control,H_current,2,28,1.1599483602110257,0.977762266415934,0.9589369826607161,0.03268794765183758
5,weak_control,H_current,2,42,1.4181190016437824,1.0297154834483855,0.8288389036309941,-0.0254204828915503
5,weak_control,H_current,3,0,0.7225708053377904,0.712829817760095,0.5325229403714374,-0.006780295789582835
5,weak_control,H_current,3,14,0.8411294622525035,0.8144226237318262,0.6577277299369201,0.06373426695164142
5,weak_control,H_current,3,28,0.8337824354704362,0.6661572623676673,0.4400898624183405,0.049505871354683206
5,weak_control,H_current,3,42,0.9900658932954918,0.6247589015672053,0.9189835623023757,0.11263084780761323
5,weak_control,H_source_only,0,0,1.112542290601473,0.8317873424089967,1.027788837839206,-0.14857734397379452
5,weak_control,H_source_only,0,14,1.1145060827027977,0.875730570491318,1.20217483628317,0.21320411690291774
5,weak_control,H_source_only,0,28,1.4760816721260643,1.7340392946953702,1.0332524726985264,0.24080149817242302
5,weak_control,H_source_only,0,42,1.1459322667692504,0.9701188340020731,1.0710304166895437,0.059981344264459446
5,weak_control,H_source_only,1,0,1.1509955438087307,0.8712268127423094,1.1255816914652461,0.16286634175974468
5,weak_control,H_source_only,1,14,0.887466442399958,0.5125446926453228,1.1302887404582789,0.20170476488102884
5,weak_control,H_source_only,1,28,0.9685826940291828,1.1171345664994736,1.0806992849528103,-0.0620408480907344
5,weak_control,H_source_only,1,42,1.4815924520564694,1.0487650929235577,1.4124169610676351,0.06121686753418143
5,weak_control,H_source_only,2,0,0.6648580013812477,0.6594820999242214,0.8395864857448706,-0.016606614345507698
5,weak_control,H_source_only,2,14,0.6005653991207013,0.3614154315232558,0.5293006610001356,-0.0943920372075463
5,weak_control,H_source_only,2,28,1.112499481028457,0.977762266415934,0.9589369826607161,0.03268794765183758
5,weak_control,H_source_only,2,42,1.3209753198595167,1.0297154834483855,0.8288389036309941,-0.0254204828915503
5,weak_control,H_source_only,3,0,0.6740724535437715,0.712829817760095,0.5325229403714374,-0.006780295789582835
5,weak_control,H_source_only,3,14,0.703013886972393,0.8144226237318262,0.6577277299369201,0.06373426695164142
5,weak_control,H_source_only,3,28,0.7470064140563754,0.6661572623676673,0.4400898624183405,0.049505871354683206
5,weak_control,H_source_only,3,42,0.9934010824109055,0.6247589015672053,0.9189835623023757,0.11263084780761323
5,weak_control,H_response_only,0,0,1.0784146359997075,0.8317873424089967,1.027788837839206,-0.14857734397379452
5,weak_control,H_response_only,0,14,1.3896087962372412,0.875730570491318,1.20217483628317,0.21320411690291774
5,weak_control,H_response_only,0,28,1.3340463660553041,1.7340392946953702,1.0332524726985264,0.24080149817242302
5,weak_control,H_response_only,0,42,1.5580536800929008,0.9701188340020731,1.0710304166895437,0.059981344264459446
5,weak_control,H_response_only,1,0,1.4083501494632114,0.8712268127423094,1.1255816914652461,0.16286634175974468
5,weak_control,H_response_only,1,14,1.1324876214620818,0.5125446926453228,1.1302887404582789,0.20170476488102884
5,weak_control,H_response_only,1,28,1.10469403547233,1.1171345664994736,1.0806992849528103,-0.0620408480907344
5,weak_control,H_response_only,1,42,1.554214963589926,1.0487650929235577,1.4124169610676351,0.06121686753418143
5,weak_control,H_response_only,2,0,0.7861972200562873,0.6594820999242214,0.8395864857448706,-0.016606614345507698
5,weak_control,H_response_only,2,14,0.6162674780101156,0.3614154315232558,0.5293006610001356,-0.0943920372075463
5,weak_control,H_response_only,2,28,1.2795753543378214,0.977762266415934,0.9589369826607161,0.03268794765183758
5,weak_control,H_response_only,2,42,1.6114752774658534,1.0297154834483855,0.8288389036309941,-0.0254204828915503
5,weak_control,H_response_only,3,0,0.8403794685881094,0.712829817760095,0.5325229403714374,-0.006780295789582835
5,weak_control,H_response_only,3,14,1.1180920522005917,0.8144226237318262,0.6577277299369201,0.06373426695164142
5,weak_control,H_response_only,3,28,1.0168265573400013,0.6661572623676673,0.4400898624183405,0.049505871354683206
5,weak_control,H_response_only,3,42,1.03018597648722,0.6247589015672053,0.9189835623023757,0.11263084780761323
5,weak_control,H_source_divflow,0,0,0.9858960897837488,0.8317873424089967,1.027788837839206,-0.14857734397379452
5,weak_control,H_source_divflow,0,14,1.0258568594637871,0.875730570491318,1.20217483628317,0.21320411690291774
5,weak_control,H_source_divflow,0,28,1.4294923705249942,1.7340392946953702,1.0332524726985264,0.24080149817242302
5,weak_control,H_source_divflow,0,42,1.0138107872695319,0.9701188340020731,1.0710304166895437,0.059981344264459446
5,weak_control,H_source_divflow,1,0,1.2379934631904472,0.8712268127423094,1.1255816914652461,0.16286634175974468
5,weak_control,H_source_divflow,1,14,0.866320494117638,0.5125446926453228,1.1302887404582789,0.20170476488102884
5,weak_control,H_source_divflow,1,28,0.9066801266509118,1.1171345664994736,1.0806992849528103,-0.0620408480907344
5,weak_control,H_source_divflow,1,42,1.4255987363969962,1.0487650929235577,1.4124169610676351,0.06121686753418143
5,weak_control,H_source_divflow,2,0,1.0363681768668505,0.6594820999242214,0.8395864857448706,-0.016606614345507698
5,weak_control,H_source_divflow,2,14,0.40685991053716325,0.3614154315232558,0.5293006610001356,-0.0943920372075463
5,weak_control,H_source_divflow,2,28,0.9721136054748024,0.977762266415934,0.9589369826607161,0.03268794765183758
5,weak_control,H_source_divflow,2,42,1.5340918265820644,1.0297154834483855,0.8288389036309941,-0.0254204828915503
5,weak_control,H_source_divflow,3,0,0.6056960797362688,0.712829817760095,0.5325229403714374,-0.006780295789582835
5,weak_control,H_source_divflow,3,14,0.6797606711613058,0.8144226237318262,0.6577277299369201,0.06373426695164142
5,weak_control,H_source_divflow,3,28,0.8003913811496453,0.6661572623676673,0.4400898624183405,0.049505871354683206
5,weak_control,H_source_divflow,3,42,0.8227774933457545,0.6247589015672053,0.9189835623023757,0.11263084780761323
5,weak_control,H_rho_omega,0,0,0.9605677563259003,0.8317873424089967,1.027788837839206,-0.14857734397379452
5,weak_control,H_rho_omega,0,14,1.0571348382206087,0.875730570491318,1.20217483628317,0.21320411690291774
5,weak_control,H_rho_omega,0,28,1.773955571947381,1.7340392946953702,1.0332524726985264,0.24080149817242302
5,weak_control,H_rho_omega,0,42,1.0791214779231453,0.9701188340020731,1.0710304166895437,0.059981344264459446
5,weak_control,H_rho_omega,1,0,1.096462728845699,0.8712268127423094,1.1255816914652461,0.16286634175974468
5,weak_control,H_rho_omega,1,14,0.7026050515908043,0.5125446926453228,1.1302887404582789,0.20170476488102884
5,weak_control,H_rho_omega,1,28,1.0738076722787488,1.1171345664994736,1.0806992849528103,-0.0620408480907344
5,weak_control,H_rho_omega,1,42,1.6736008220483731,1.0487650929235577,1.4124169610676351,0.06121686753418143
5,weak_control,H_rho_omega,2,0,0.9025429885737388,0.6594820999242214,0.8395864857448706,-0.016606614345507698
5,weak_control,H_rho_omega,2,14,0.6498546338962293,0.3614154315232558,0.5293006610001356,-0.0943920372075463
5,weak_control,H_rho_omega,2,28,1.199936409588748,0.977762266415934,0.9589369826607161,0.03268794765183758
5,weak_control,H_rho_omega,2,42,1.5531056661201634,1.0297154834483855,0.8288389036309941,-0.0254204828915503
5,weak_control,H_rho_omega,3,0,0.7999814301792592,0.712829817760095,0.5325229403714374,-0.006780295789582835
5,weak_control,H_rho_omega,3,14,0.6771946565991384,0.8144226237318262,0.6577277299369201,0.06373426695164142
5,weak_control,H_rho_omega,3,28,0.8620601244127928,0.6661572623676673,0.4400898624183405,0.049505871354683206
5,weak_control,H_rho_omega,3,42,1.0864274673903553,0.6247589015672053,0.9189835623023757,0.11263084780761323
5,identity_only,H_current,0,0,1.6723092289191486,0.05041519092433443,0.08550395801394448,0.12097591348014747
5,identity_only,H_current,0,14,0.9040839901688449,0.048175059679267954,0.06826392665367767,-0.7660481302777314
5,identity_only,H_current,0,28,1.0026703969430406,0.05022036582960061,0.04710492919261303,0.08844972558617614
5,identity_only,H_current,0,42,1.4309089683587524,0.04254158493688948,0.08689891409134051,-0.20247661100196152
5,identity_only,H_current,1,0,1.491862688810742,0.02858848048381961,0.10475374557682175,0.29562134547630003
5,identity_only,H_current,1,14,0.8158175612326104,0.02374213997755031,0.06971089311153854,0.4140481142201459
5,identity_only,H_current,1,28,0.6828479573825601,0.029035592521918317,0.08801771016219549,-0.1444026335719074
5,identity_only,H_current,1,42,1.3320321841300262,0.022377634229190008,0.3736573338293132,-0.0350327010328193
5,identity_only,H_current,2,0,0.6572422821055944,0.00041721220430306614,0.8436296261932789,-0.0921855780386952
5,identity_only,H_current,2,14,0.6125791083591383,0.00024752640387147655,0.531728069262615,-0.4334336713352235
5,identity_only,H_current,2,28,1.2241441363951062,0.0004476675187039668,0.9219081370636643,0.0704633421261186
5,identity_only,H_current,2,42,1.3737593210261254,0.00022622496471703883,0.7756769642233741,0.09918518014722666
5,identity_only,H_current,3,0,0.6905860673730194,0.002903189666619004,0.5662898601369178,0.025609594775426903
5,identity_only,H_current,3,14,0.8056382750875628,0.0028421477224367495,0.7337301188014834,0.09020996091317546
5,identity_only,H_current,3,28,0.7788734965680862,0.0028258414159800346,0.4090230269445081,-0.03500817940329071
5,identity_only,H_current,3,42,0.8916636330231699,0.0018936285025687508,0.9873586237268295,0.10605898579943096
5,identity_only,H_source_only,0,0,1.635143134746346,0.05041519092433443,0.08550395801394448,0.12097591348014747
5,identity_only,H_source_only,0,14,0.7443443928002395,0.048175059679267954,0.06826392665367767,-0.7660481302777314
5,identity_only,H_source_only,0,28,1.0977694342341993,0.05022036582960061,0.04710492919261303,0.08844972558617614
5,identity_only,H_source_only,0,42,1.4078794995612385,0.04254158493688948,0.08689891409134051,-0.20247661100196152
5,identity_only,H_source_only,1,0,1.4683364908379297,0.02858848048381961,0.10475374557682175,0.29562134547630003
5,identity_only,H_source_only,1,14,0.6810854802922796,0.02374213997755031,0.06971089311153854,0.4140481142201459
5,identity_only,H_source_only,1,28,0.7584049677791753,0.029035592521918317,0.08801771016219549,-0.1444026335719074
5,identity_only,H_source_only,1,42,1.229348455377714,0.022377634229190008,0.3736573338293132,-0.0350327010328193
5,identity_only,H_source_only,2,0,0.6696570212043129,0.00041721220430306614,0.8436296261932789,-0.0921855780386952
5,identity_only,H_source_only,2,14,0.5605943323432264,0.00024752640387147655,0.531728069262615,-0.4334336713352235
5,identity_only,H_source_only,2,28,1.1322477414870071,0.0004476675187039668,0.9219081370636643,0.0704633421261186
5,identity_only,H_source_only,2,42,1.3234732449941036,0.00022622496471703883,0.7756769642233741,0.09918518014722666
5,identity_only,H_source_only,3,0,0.5879659406074819,0.002903189666619004,0.5662898601369178,0.025609594775426903
5,identity_only,H_source_only,3,14,0.6468665500197129,0.0028421477224367495,0.7337301188014834,0.09020996091317546
5,identity_only,H_source_only,3,28,0.6939883749159333,0.0028258414159800346,0.4090230269445081,-0.03500817940329071
5,identity_only,H_source_only,3,42,0.8998087945014515,0.0018936285025687508,0.9873586237268295,0.10605898579943096
5,identity_only,H_response_only,0,0,1.7669661154757248,0.05041519092433443,0.08550395801394448,0.12097591348014747
5,identity_only,H_response_only,0,14,1.1032337654081252,0.048175059679267954,0.06826392665367767,-0.7660481302777314
5,identity_only,H_response_only,0,28,0.9058355029578649,0.05022036582960061,0.04710492919261303,0.08844972558617614
5,identity_only,H_response_only,0,42,1.483350091147629,0.04254158493688948,0.08689891409134051,-0.20247661100196152
5,identity_only,H_response_only,1,0,1.5719350958526797,0.02858848048381961,0.10475374557682175,0.29562134547630003
5,identity_only,H_response_only,1,14,1.1052139117905475,0.02374213997755031,0.06971089311153854,0.4140481142201459
5,identity_only,H_response_only,1,28,0.6419357134732386,0.029035592521918317,0.08801771016219549,-0.1444026335719074
5,identity_only,H_response_only,1,42,1.4974804156325419,0.022377634229190008,0.3736573338293132,-0.0350327010328193
5,identity_only,H_response_only,2,0,0.8357986470526013,0.00041721220430306614,0.8436296261932789,-0.0921855780386952
5,identity_only,H_response_only,2,14,0.6504544315904669,0.00024752640387147655,0.531728069262615,-0.4334336713352235
5,identity_only,H_response_only,2,28,1.4449196704409109,0.0004476675187039668,0.9219081370636643,0.0704633421261186
5,identity_only,H_response_only,2,42,1.4907144858713341,0.00022622496471703883,0.7756769642233741,0.09918518014722666
5,identity_only,H_response_only,3,0,0.9229340739687675,0.002903189666619004,0.5662898601369178,0.025609594775426903
5,identity_only,H_response_only,3,14,1.111128143661905,0.0028421477224367495,0.7337301188014834,0.09020996091317546
5,identity_only,H_response_only,3,28,1.0220198110256415,0.0028258414159800346,0.4090230269445081,-0.03500817940329071
5,identity_only,H_response_only,3,42,1.0288957954323765,0.0018936285025687508,0.9873586237268295,0.10605898579943096
5,identity_only,H_source_divflow,0,0,1.4642972012611657,0.05041519092433443,0.08550395801394448,0.12097591348014747
5,identity_only,H_source_divflow,0,14,0.8576217788122177,0.048175059679267954,0.06826392665367767,-0.7660481302777314
5,identity_only,H_source_divflow,0,28,1.1674532280806622,0.05022036582960061,0.04710492919261303,0.08844972558617614
5,identity_only,H_source_divflow,0,42,1.2198488910791467,0.04254158493688948,0.08689891409134051,-0.20247661100196152
5,identity_only,H_source_divflow,1,0,1.3162539177670427,0.02858848048381961,0.10475374557682175,0.29562134547630003
5,identity_only,H_source_divflow,1,14,0.6030997407164721,0.02374213997755031,0.06971089311153854,0.4140481142201459
5,identity_only,H_source_divflow,1,28,0.61025074244704,0.029035592521918317,0.08801771016219549,-0.1444026335719074
5,identity_only,H_source_divflow,1,42,1.1194035553569823,0.022377634229190008,0.3736573338293132,-0.0350327010328193
5,identity_only,H_source_divflow,2,0,0.9826248055255384,0.00041721220430306614,0.8436296261932789,-0.0921855780386952
5,identity_only,H_source_divflow,2,14,0.32283955188659935,0.00024752640387147655,0.531728069262615,-0.4334336713352235
5,identity_only,H_source_divflow,2,28,0.9739672095301419,0.0004476675187039668,0.9219081370636643,0.0704633421261186
5,identity_only,H_source_divflow,2,42,1.5096225006784225,0.00022622496471703883,0.7756769642233741,0.09918518014722666
5,identity_only,H_source_divflow,3,0,0.5881458843960541,0.002903189666619004,0.5662898601369178,0.025609594775426903
5,identity_only,H_source_divflow,3,14,0.5726478292103621,0.0028421477224367495,0.7337301188014834,0.09020996091317546
5,identity_only,H_source_divflow,3,28,0.745983700105332,0.0028258414159800346,0.4090230269445081,-0.03500817940329071
5,identity_only,H_source_divflow,3,42,0.771532436945363,0.0018936285025687508,0.9873586237268295,0.10605898579943096
5,identity_only,H_rho_omega,0,0,1.5314123794448296,0.05041519092433443,0.08550395801394448,0.12097591348014747
5,identity_only,H_rho_omega,0,14,0.8123840241352974,0.048175059679267954,0.06826392665367767,-0.7660481302777314
5,identity_only,H_rho_omega,0,28,1.018199328319594,0.05022036582960061,0.04710492919261303,0.08844972558617614
5,identity_only,H_rho_omega,0,42,1.5274916016897602,0.04254158493688948,0.08689891409134051,-0.20247661100196152
5,identity_only,H_rho_omega,1,0,1.4002687234048983,0.02858848048381961,0.10475374557682175,0.29562134547630003
5,identity_only,H_rho_omega,1,14,0.5710297029678133,0.02374213997755031,0.06971089311153854,0.4140481142201459
5,identity_only,H_rho_omega,1,28,0.771181939037491,0.029035592521918317,0.08801771016219549,-0.1444026335719074
5,identity_only,H_rho_omega,1,42,1.1404363675974887,0.022377634229190008,0.3736573338293132,-0.0350327010328193
5,identity_only,H_rho_omega,2,0,0.722035437333593,0.00041721220430306614,0.8436296261932789,-0.0921855780386952
5,identity_only,H_rho_omega,2,14,0.5601342022930885,0.00024752640387147655,0.531728069262615,-0.4334336713352235
5,identity_only,H_rho_omega,2,28,1.033141606427674,0.0004476675187039668,0.9219081370636643,0.0704633421261186
5,identity_only,H_rho_omega,2,42,1.306910742919244,0.00022622496471703883,0.7756769642233741,0.09918518014722666
5,identity_only,H_rho_omega,3,0,0.5615470388969275,0.002903189666619004,0.5662898601369178,0.025609594775426903
5,identity_only,H_rho_omega,3,14,0.5488419097094724,0.0028421477224367495,0.7337301188014834,0.09020996091317546
5,identity_only,H_rho_omega,3,28,0.5990345116089857,0.0028258414159800346,0.4090230269445081,-0.03500817940329071
5,identity_only,H_rho_omega,3,42,0.843907718159578,0.0018936285025687508,0.9873586237268295,0.10605898579943096
5,closure_only,H_current,0,0,1.4346963451626642,0.7600147140365108,1.2300640389503574,0.8965329993412773
5,closure_only,H_current,0,14,1.009265748530548,1.2518845176378257,1.4628752479365312,1.188951189110886
5,closure_only,H_current,0,28,0.675334466954706,1.7028490416665716,1.6521055430179061,1.0469971891273084
5,closure_only,H_current,0,42,1.6705504181943316,0.6359126481425778,1.2477783317831037,-0.09512525148924539
5,closure_only,H_current,1,0,1.5888445267038034,1.3958783420935221,1.3147214515864665,1.0581561764915253
5,closure_only,H_current,1,14,0.5609568968160832,1.2968910147873594,1.0980497886749814,1.5338617052243706
5,closure_only,H_current,1,28,0.8419891819398683,1.731066951897686,1.3105746945970105,1.661208698977068
5,closure_only,H_current,1,42,1.2660682673539658,2.266143157206378,1.8023764241413935,1.6344957856657292
5,closure_only,H_current,2,0,0.7385959978638725,2.1825048355137406,1.0444749291895523,0.7108699836232144
5,closure_only,H_current,2,14,0.5865945807676388,0.15142712644065895,0.5374830819973354,1.3572137136591342
5,closure_only,H_current,2,28,1.0404025850913017,1.4533525373078646,0.8702885365687598,1.102752985883603
5,closure_only,H_current,2,42,1.4090343286284224,1.5364982389497073,0.9104626575416006,0.9939273042921698
5,closure_only,H_current,3,0,0.8021278004273866,1.2928703784979432,0.5271549827169327,1.1209327368356292
5,closure_only,H_current,3,14,0.7063265376478081,0.9819774033168421,0.8021834183305595,0.6474743671362349
5,closure_only,H_current,3,28,0.77281508038049,2.0015350163311707,0.5285146916074092,0.8824713822354654
5,closure_only,H_current,3,42,0.8960561428197982,1.1834495484158891,0.9750475868605926,0.7852806739874781
5,closure_only,H_source_only,0,0,1.450939108626895,0.7600147140365108,1.2300640389503574,0.8965329993412773
5,closure_only,H_source_only,0,14,0.8853483909339397,1.2518845176378257,1.4628752479365312,1.188951189110886
5,closure_only,H_source_only,0,28,0.905589852196712,1.7028490416665716,1.6521055430179061,1.0469971891273084
5,closure_only,H_source_only,0,42,1.555025081219648,0.6359126481425778,1.2477783317831037,-0.09512525148924539
5,closure_only,H_source_only,1,0,1.5406997800330442,1.3958783420935221,1.3147214515864665,1.0581561764915253
5,closure_only,H_source_only,1,14,0.6008595795414596,1.2968910147873594,1.0980497886749814,1.5338617052243706
5,closure_only,H_source_only,1,28,0.730320333656517,1.731066951897686,1.3105746945970105,1.661208698977068
5,closure_only,H_source_only,1,42,1.2109606046861965,2.266143157206378,1.8023764241413935,1.6344957856657292
5,closure_only,H_source_only,2,0,0.6799384655145833,2.1825048355137406,1.0444749291895523,0.7108699836232144
5,closure_only,H_source_only,2,14,0.5612417613914349,0.15142712644065895,0.5374830819973354,1.3572137136591342
5,closure_only,H_source_only,2,28,1.0389363915487706,1.4533525373078646,0.8702885365687598,1.102752985883603
5,closure_only,H_source_only,2,42,1.3682218863089368,1.5364982389497073,0.9104626575416006,0.9939273042921698
5,closure_only,H_source_only,3,0,0.7062346447576294,1.2928703784979432,0.5271549827169327,1.1209327368356292
5,closure_only,H_source_only,3,14,0.6179600967906791,0.9819774033168421,0.8021834183305595,0.6474743671362349
5,closure_only,H_source_only,3,28,0.6414628968667367,2.0015350163311707,0.5285146916074092,0.8824713822354654
5,closure_only,H_source_only,3,42,0.8639018442754619,1.1834495484158891,0.9750475868605926,0.7852806739874781
5,closure_only,H_response_only,0,0,1.3951802746829953,0.7600147140365108,1.2300640389503574,0.8965329993412773
5,closure_only,H_response_only,0,14,1.0933303689353546,1.2518845176378257,1.4628752479365312,1.188951189110886
5,closure_only,H_response_only,0,28,0.4201086982278319,1.7028490416665716,1.6521055430179061,1.0469971891273084
5,closure_only,H_response_only,0,42,1.899777155737033,0.6359126481425778,1.2477783317831037,-0.09512525148924539
5,closure_only,H_response_only,1,0,1.7172370468767704,1.3958783420935221,1.3147214515864665,1.0581561764915253
5,closure_only,H_response_only,1,14,0.5396576695206178,1.2968910147873594,1.0980497886749814,1.5338617052243706
5,closure_only,H_response_only,1,28,1.0336195226912859,1.731066951897686,1.3105746945970105,1.661208698977068
5,closure_only,H_response_only,1,42,1.408812702024702,2.266143157206378,1.8023764241413935,1.6344957856657292
5,closure_only,H_response_only,2,0,1.0855122346594122,2.1825048355137406,1.0444749291895523,0.7108699836232144
5,closure_only,H_response_only,2,14,0.5722918737337449,0.15142712644065895,0.5374830819973354,1.3572137136591342
5,closure_only,H_response_only,2,28,1.073532279177913,1.4533525373078646,0.8702885365687598,1.102752985883603
5,closure_only,H_response_only,2,42,1.4658347612020486,1.5364982389497073,0.9104626575416006,0.9939273042921698
5,closure_only,H_response_only,3,0,1.019913681781085,1.2928703784979432,0.5271549827169327,1.1209327368356292
5,closure_only,H_response_only,3,14,0.9215068051151216,0.9819774033168421,0.8021834183305595,0.6474743671362349
5,closure_only,H_response_only,3,28,1.05159360324513,2.0015350163311707,0.5285146916074092,0.8824713822354654
5,closure_only,H_response_only,3,42,1.0014797983682184,1.1834495484158891,0.9750475868605926,0.7852806739874781
5,closure_only,H_source_divflow,0,0,1.5274101084361544,0.7600147140365108,1.2300640389503574,0.8965329993412773
5,closure_only,H_source_divflow,0,14,0.6626875191665967,1.2518845176378257,1.4628752479365312,1.188951189110886
5,closure_only,H_source_divflow,0,28,1.088773887040014,1.7028490416665716,1.6521055430179061,1.0469971891273084
5,closure_only,H_source_divflow,0,42,1.8063057440955248,0.6359126481425778,1.2477783317831037,-0.09512525148924539
5,closure_only,H_source_divflow,1,0,1.7953543804707006,1.3958783420935221,1.3147214515864665,1.0581561764915253
5,closure_only,H_source_divflow,1,14,0.8341747253450199,1.2968910147873594,1.0980497886749814,1.5338617052243706
5,closure_only,H_source_divflow,1,28,0.5879962839065126,1.731066951897686,1.3105746945970105,1.661208698977068
5,closure_only,H_source_divflow,1,42,1.593881027279938,2.266143157206378,1.8023764241413935,1.6344957856657292
5,closure_only,H_source_divflow,2,0,1.3716589857913235,2.1825048355137406,1.0444749291895523,0.7108699836232144
5,closure_only,H_source_divflow,2,14,0.4184745829726959,0.15142712644065895,0.5374830819973354,1.3572137136591342
5,closure_only,H_source_divflow,2,28,1.2406568686963113,1.4533525373078646,0.8702885365687598,1.102752985883603
5,closure_only,H_source_divflow,2,42,1.4912442728676318,1.5364982389497073,0.9104626575416006,0.9939273042921698
5,closure_only,H_source_divflow,3,0,0.9188035215231726,1.2928703784979432,0.5271549827169327,1.1209327368356292
5,closure_only,H_source_divflow,3,14,0.7512069231613105,0.9819774033168421,0.8021834183305595,0.6474743671362349
5,closure_only,H_source_divflow,3,28,0.8566731159360441,2.0015350163311707,0.5285146916074092,0.8824713822354654
5,closure_only,H_source_divflow,3,42,1.0769021459850376,1.1834495484158891,0.9750475868605926,0.7852806739874781
5,closure_only,H_rho_omega,0,0,1.337310602871729,0.7600147140365108,1.2300640389503574,0.8965329993412773
5,closure_only,H_rho_omega,0,14,0.9115947015987206,1.2518845176378257,1.4628752479365312,1.188951189110886
5,closure_only,H_rho_omega,0,28,1.4165385986153176,1.7028490416665716,1.6521055430179061,1.0469971891273084
5,closure_only,H_rho_omega,0,42,1.4402817706314703,0.6359126481425778,1.2477783317831037,-0.09512525148924539
5,closure_only,H_rho_omega,1,0,1.3945385691497905,1.3958783420935221,1.3147214515864665,1.0581561764915253
5,closure_only,H_rho_omega,1,14,0.5639264802017084,1.2968910147873594,1.0980497886749814,1.5338617052243706
5,closure_only,H_rho_omega,1,28,0.8232650683677959,1.731066951897686,1.3105746945970105,1.661208698977068
5,closure_only,H_rho_omega,1,42,1.317220840216852,2.266143157206378,1.8023764241413935,1.6344957856657292
5,closure_only,H_rho_omega,2,0,0.9016896500140578,2.1825048355137406,1.0444749291895523,0.7108699836232144
5,closure_only,H_rho_omega,2,14,0.5751687158846134,0.15142712644065895,0.5374830819973354,1.3572137136591342
5,closure_only,H_rho_omega,2,28,0.9597793526444454,1.4533525373078646,0.8702885365687598,1.102752985883603
5,closure_only,H_rho_omega,2,42,1.3011953471359594,1.5364982389497073,0.9104626575416006,0.9939273042921698
5,closure_only,H_rho_omega,3,0,0.7241615655043223,1.2928703784979432,0.5271549827169327,1.1209327368356292
5,closure_only,H_rho_omega,3,14,0.6506127030980549,0.9819774033168421,0.8021834183305595,0.6474743671362349
5,closure_only,H_rho_omega,3,28,0.7177430384629258,2.0015350163311707,0.5285146916074092,0.8824713822354654
5,closure_only,H_rho_omega,3,42,0.9123557797344496,1.1834495484158891,0.9750475868605926,0.7852806739874781
5,identity_plus_closure,H_current,0,0,1.6877575270133978,0.050415190924334476,0.08550395801394463,0.13270760420915406
5,identity_plus_closure,H_current,0,14,0.7919949936641554,0.04817505967926811,0.06826392665367764,-0.5801356943484148
5,identity_plus_closure,H_current,0,28,1.111724578494394,0.05022036582960048,0.047104929192613054,-0.01931062105436865
5,identity_plus_closure,H_current,0,42,1.3751488092588804,0.042541584936889254,0.0868989140913405,0.49492095446980244
5,identity_plus_closure,H_current,1,0,1.5246566475965544,0.028588480483819578,0.10475374557682167,0.2993323152630196
5,identity_plus_closure,H_current,1,14,0.8010370905923987,0.023742139977550467,0.06971089311153862,0.18914928959227717
5,identity_plus_closure,H_current,1,28,0.6631032735921589,0.029035592521918313,0.08801771016219545,-0.6767964255012391
5,identity_plus_closure,H_current,1,42,1.3451044471706057,0.022377634229190056,0.3736573338293135,0.08237064608998068
5,identity_plus_closure,H_current,2,0,0.70791593786269,0.0004172122043031901,0.843629626193279,-0.020182318223769258
5,identity_plus_closure,H_current,2,14,0.4961459196684068,0.00024752640387153726,0.5317280692626151,-0.8969393791391729
5,identity_plus_closure,H_current,2,28,1.1973950131072695,0.00044766751870439184,0.9219081370636643,0.04945405752154575
5,identity_plus_closure,H_current,2,42,1.4374876437305775,0.00022622496471722792,0.7756769642233743,0.01316854821178759
5,identity_plus_closure,H_current,3,0,0.6807136539527993,0.0029031896666195487,0.5662898601369178,0.02848189182986105
5,identity_plus_closure,H_current,3,14,0.7640972940298123,0.00284214772243721,0.7337301188014834,0.1027778069904175
5,identity_plus_closure,H_current,3,28,0.8402853566686665,0.0028258414159810425,0.40902302694450815,0.003042118224187873
5,identity_plus_closure,H_current,3,42,0.9295654274817913,0.0018936285025693805,0.9873586237268294,0.05899990769388197
5,identity_plus_closure,H_source_only,0,0,1.6351431347463452,0.050415190924334476,0.08550395801394463,0.13270760420915406
5,identity_plus_closure,H_source_only,0,14,0.7443443928002395,0.04817505967926811,0.06826392665367764,-0.5801356943484148
5,identity_plus_closure,H_source_only,0,28,1.0977694342341993,0.05022036582960048,0.047104929192613054,-0.01931062105436865
5,identity_plus_closure,H_source_only,0,42,1.4078794995612394,0.042541584936889254,0.0868989140913405,0.49492095446980244
5,identity_plus_closure,H_source_only,1,0,1.46833649083793,0.028588480483819578,0.10475374557682167,0.2993323152630196
5,identity_plus_closure,H_source_only,1,14,0.6810854802922792,0.023742139977550467,0.06971089311153862,0.18914928959227717
5,identity_plus_closure,H_source_only,1,28,0.7584049677791755,0.029035592521918313,0.08801771016219545,-0.6767964255012391
5,identity_plus_closure,H_source_only,1,42,1.2293484553777139,0.022377634229190056,0.3736573338293135,0.08237064608998068
5,identity_plus_closure,H_source_only,2,0,0.6696570212043129,0.0004172122043031901,0.843629626193279,-0.020182318223769258
5,identity_plus_closure,H_source_only,2,14,0.5605943323432264,0.00024752640387153726,0.5317280692626151,-0.8969393791391729
5,identity_plus_closure,H_source_only,2,28,1.1322477414870074,0.00044766751870439184,0.9219081370636643,0.04945405752154575
5,identity_plus_closure,H_source_only,2,42,1.3234732449941038,0.00022622496471722792,0.7756769642233743,0.01316854821178759
5,identity_plus_closure,H_source_only,3,0,0.5879659406074819,0.0029031896666195487,0.5662898601369178,0.02848189182986105
5,identity_plus_closure,H_source_only,3,14,0.6468665500197129,0.00284214772243721,0.7337301188014834,0.1027778069904175
5,identity_plus_closure,H_source_only,3,28,0.6939883749159333,0.0028258414159810425,0.40902302694450815,0.003042118224187873
5,identity_plus_closure,H_source_only,3,42,0.8998087945014513,0.0018936285025693805,0.9873586237268294,0.05899990769388197
5,identity_plus_closure,H_response_only,0,0,1.7822630616862483,0.050415190924334476,0.08550395801394463,0.13270760420915406
5,identity_plus_closure,H_response_only,0,14,0.900629584400569,0.04817505967926811,0.06826392665367764,-0.5801356943484148
5,identity_plus_closure,H_response_only,0,28,1.144839964497846,0.05022036582960048,0.047104929192613054,-0.01931062105436865
5,identity_plus_closure,H_response_only,0,42,1.3178964317110509,0.042541584936889254,0.0868989140913405,0.49492095446980244
5,identity_plus_closure,H_response_only,1,0,1.6075411760240246,0.028588480483819578,0.10475374557682167,0.2993323152630196
5,identity_plus_closure,H_response_only,1,14,0.989986718349085,0.023742139977550467,0.06971089311153862,0.18914928959227717
5,identity_plus_closure,H_response_only,1,28,0.7240482640830466,0.029035592521918313,0.08801771016219545,-0.6767964255012391
5,identity_plus_closure,H_response_only,1,42,1.5405665105601907,0.022377634229190056,0.3736573338293135,0.08237064608998068
5,identity_plus_closure,H_response_only,2,0,0.8322163752401522,0.0004172122043031901,0.843629626193279,-0.020182318223769258
5,identity_plus_closure,H_response_only,2,14,0.3371191902880195,0.00024752640387153726,0.5317280692626151,-0.8969393791391729
5,identity_plus_closure,H_response_only,2,28,1.3618287215061917,0.00044766751870439184,0.9219081370636643,0.04945405752154575
5,identity_plus_closure,H_response_only,2,42,1.6710266182875677,0.00022622496471722792,0.7756769642233743,0.01316854821178759
5,identity_plus_closure,H_response_only,3,0,0.8942599976923115,0.0029031896666195487,0.5662898601369178,0.02848189182986105
5,identity_plus_closure,H_response_only,3,14,1.01916709004224,0.00284214772243721,0.7337301188014834,0.1027778069904175
5,identity_plus_closure,H_response_only,3,28,1.1537710525209894,0.0028258414159810425,0.40902302694450815,0.003042118224187873
5,identity_plus_closure,H_response_only,3,42,1.0590174306042033,0.0018936285025693805,0.9873586237268294,0.05899990769388197
5,identity_plus_closure,H_source_divflow,0,0,1.4642972012611652,0.050415190924334476,0.08550395801394463,0.13270760420915406
5,identity_plus_closure,H_source_divflow,0,14,0.8576217788122177,0.04817505967926811,0.06826392665367764,-0.5801356943484148
5,identity_plus_closure,H_source_divflow,0,28,1.167453228080662,0.05022036582960048,0.047104929192613054,-0.01931062105436865
5,identity_plus_closure,H_source_divflow,0,42,1.2198488910791472,0.042541584936889254,0.0868989140913405,0.49492095446980244
5,identity_plus_closure,H_source_divflow,1,0,1.316253917767043,0.028588480483819578,0.10475374557682167,0.2993323152630196
5,identity_plus_closure,H_source_divflow,1,14,0.6030997407164715,0.023742139977550467,0.06971089311153862,0.18914928959227717
5,identity_plus_closure,H_source_divflow,1,28,0.61025074244704,0.029035592521918313,0.08801771016219545,-0.6767964255012391
5,identity_plus_closure,H_source_divflow,1,42,1.1194035553569819,0.022377634229190056,0.3736573338293135,0.08237064608998068
5,identity_plus_closure,H_source_divflow,2,0,0.9826248055255382,0.0004172122043031901,0.843629626193279,-0.020182318223769258
5,identity_plus_closure,H_source_divflow,2,14,0.3228395518865994,0.00024752640387153726,0.5317280692626151,-0.8969393791391729
5,identity_plus_closure,H_source_divflow,2,28,0.9739672095301419,0.00044766751870439184,0.9219081370636643,0.04945405752154575
5,identity_plus_closure,H_source_divflow,2,42,1.5096225006784223,0.00022622496471722792,0.7756769642233743,0.01316854821178759
5,identity_plus_closure,H_source_divflow,3,0,0.588145884396054,0.0029031896666195487,0.5662898601369178,0.02848189182986105
5,identity_plus_closure,H_source_divflow,3,14,0.572647829210362,0.00284214772243721,0.7337301188014834,0.1027778069904175
5,identity_plus_closure,H_source_divflow,3,28,0.745983700105332,0.0028258414159810425,0.40902302694450815,0.003042118224187873
5,identity_plus_closure,H_source_divflow,3,42,0.7715324369453628,0.0018936285025693805,0.9873586237268294,0.05899990769388197
5,identity_plus_closure,H_rho_omega,0,0,1.5314123794448304,0.050415190924334476,0.08550395801394463,0.13270760420915406
5,identity_plus_closure,H_rho_omega,0,14,0.8123840241352969,0.04817505967926811,0.06826392665367764,-0.5801356943484148
5,identity_plus_closure,H_rho_omega,0,28,1.0181993283195938,0.05022036582960048,0.047104929192613054,-0.01931062105436865
5,identity_plus_closure,H_rho_omega,0,42,1.5274916016897597,0.042541584936889254,0.0868989140913405,0.49492095446980244
5,identity_plus_closure,H_rho_omega,1,0,1.4002687234048976,0.028588480483819578,0.10475374557682167,0.2993323152630196
5,identity_plus_closure,H_rho_omega,1,14,0.571029702967814,0.023742139977550467,0.06971089311153862,0.18914928959227717
5,identity_plus_closure,H_rho_omega,1,28,0.7711819390374891,0.029035592521918313,0.08801771016219545,-0.6767964255012391
5,identity_plus_closure,H_rho_omega,1,42,1.140436367597489,0.022377634229190056,0.3736573338293135,0.08237064608998068
5,identity_plus_closure,H_rho_omega,2,0,0.7220354373335931,0.0004172122043031901,0.843629626193279,-0.020182318223769258
5,identity_plus_closure,H_rho_omega,2,14,0.5601342022930884,0.00024752640387153726,0.5317280692626151,-0.8969393791391729
5,identity_plus_closure,H_rho_omega,2,28,1.0331416064276735,0.00044766751870439184,0.9219081370636643,0.04945405752154575
5,identity_plus_closure,H_rho_omega,2,42,1.306910742919244,0.00022622496471722792,0.7756769642233743,0.01316854821178759
5,identity_plus_closure,H_rho_omega,3,0,0.5615470388969275,0.0029031896666195487,0.5662898601369178,0.02848189182986105
5,identity_plus_closure,H_rho_omega,3,14,0.5488419097094721,0.00284214772243721,0.7337301188014834,0.1027778069904175
5,identity_plus_closure,H_rho_omega,3,28,0.5990345116089859,0.0028258414159810425,0.40902302694450815,0.003042118224187873
5,identity_plus_closure,H_rho_omega,3,42,0.843907718159578,0.0018936285025693805,0.9873586237268294,0.05899990769388197
5,identity_closure_momentum,H_current,0,0,1.6877575270133978,0.050415190924334476,0.08550395801394463,0.13270760420915406
5,identity_closure_momentum,H_current,0,14,0.7919949936641554,0.04817505967926811,0.06826392665367764,-0.5801356943484148
5,identity_closure_momentum,H_current,0,28,1.111724578494394,0.05022036582960048,0.047104929192613054,-0.01931062105436865
5,identity_closure_momentum,H_current,0,42,1.3751488092588804,0.042541584936889254,0.0868989140913405,0.49492095446980244
5,identity_closure_momentum,H_current,1,0,1.5246566475965544,0.028588480483819578,0.10475374557682167,0.2993323152630196
5,identity_closure_momentum,H_current,1,14,0.8010370905923987,0.023742139977550467,0.06971089311153862,0.18914928959227717
5,identity_closure_momentum,H_current,1,28,0.6631032735921589,0.029035592521918313,0.08801771016219545,-0.6767964255012391
5,identity_closure_momentum,H_current,1,42,1.3451044471706057,0.022377634229190056,0.3736573338293135,0.08237064608998068
5,identity_closure_momentum,H_current,2,0,0.70791593786269,0.0004172122043031901,0.843629626193279,-0.020182318223769258
5,identity_closure_momentum,H_current,2,14,0.4961459196684068,0.00024752640387153726,0.5317280692626151,-0.8969393791391729
5,identity_closure_momentum,H_current,2,28,1.1973950131072695,0.00044766751870439184,0.9219081370636643,0.04945405752154575
5,identity_closure_momentum,H_current,2,42,1.4374876437305775,0.00022622496471722792,0.7756769642233743,0.01316854821178759
5,identity_closure_momentum,H_current,3,0,0.6807136539527993,0.0029031896666195487,0.5662898601369178,0.02848189182986105
5,identity_closure_momentum,H_current,3,14,0.7640972940298123,0.00284214772243721,0.7337301188014834,0.1027778069904175
5,identity_closure_momentum,H_current,3,28,0.8402853566686665,0.0028258414159810425,0.40902302694450815,0.003042118224187873
5,identity_closure_momentum,H_current,3,42,0.9295654274817913,0.0018936285025693805,0.9873586237268294,0.05899990769388197
5,identity_closure_momentum,H_source_only,0,0,1.6351431347463452,0.050415190924334476,0.08550395801394463,0.13270760420915406
5,identity_closure_momentum,H_source_only,0,14,0.7443443928002395,0.04817505967926811,0.06826392665367764,-0.5801356943484148
5,identity_closure_momentum,H_source_only,0,28,1.0977694342341993,0.05022036582960048,0.047104929192613054,-0.01931062105436865
5,identity_closure_momentum,H_source_only,0,42,1.4078794995612394,0.042541584936889254,0.0868989140913405,0.49492095446980244
5,identity_closure_momentum,H_source_only,1,0,1.46833649083793,0.028588480483819578,0.10475374557682167,0.2993323152630196
5,identity_closure_momentum,H_source_only,1,14,0.6810854802922792,0.023742139977550467,0.06971089311153862,0.18914928959227717
5,identity_closure_momentum,H_source_only,1,28,0.7584049677791755,0.029035592521918313,0.08801771016219545,-0.6767964255012391
5,identity_closure_momentum,H_source_only,1,42,1.2293484553777139,0.022377634229190056,0.3736573338293135,0.08237064608998068
5,identity_closure_momentum,H_source_only,2,0,0.6696570212043129,0.0004172122043031901,0.843629626193279,-0.020182318223769258
5,identity_closure_momentum,H_source_only,2,14,0.5605943323432264,0.00024752640387153726,0.5317280692626151,-0.8969393791391729
5,identity_closure_momentum,H_source_only,2,28,1.1322477414870074,0.00044766751870439184,0.9219081370636643,0.04945405752154575
5,identity_closure_momentum,H_source_only,2,42,1.3234732449941038,0.00022622496471722792,0.7756769642233743,0.01316854821178759
5,identity_closure_momentum,H_source_only,3,0,0.5879659406074819,0.0029031896666195487,0.5662898601369178,0.02848189182986105
5,identity_closure_momentum,H_source_only,3,14,0.6468665500197129,0.00284214772243721,0.7337301188014834,0.1027778069904175
5,identity_closure_momentum,H_source_only,3,28,0.6939883749159333,0.0028258414159810425,0.40902302694450815,0.003042118224187873
5,identity_closure_momentum,H_source_only,3,42,0.8998087945014513,0.0018936285025693805,0.9873586237268294,0.05899990769388197
5,identity_closure_momentum,H_response_only,0,0,1.7822630616862483,0.050415190924334476,0.08550395801394463,0.13270760420915406
5,identity_closure_momentum,H_response_only,0,14,0.900629584400569,0.04817505967926811,0.06826392665367764,-0.5801356943484148
5,identity_closure_momentum,H_response_only,0,28,1.144839964497846,0.05022036582960048,0.047104929192613054,-0.01931062105436865
5,identity_closure_momentum,H_response_only,0,42,1.3178964317110509,0.042541584936889254,0.0868989140913405,0.49492095446980244
5,identity_closure_momentum,H_response_only,1,0,1.6075411760240246,0.028588480483819578,0.10475374557682167,0.2993323152630196
5,identity_closure_momentum,H_response_only,1,14,0.989986718349085,0.023742139977550467,0.06971089311153862,0.18914928959227717
5,identity_closure_momentum,H_response_only,1,28,0.7240482640830466,0.029035592521918313,0.08801771016219545,-0.6767964255012391
5,identity_closure_momentum,H_response_only,1,42,1.5405665105601907,0.022377634229190056,0.3736573338293135,0.08237064608998068
5,identity_closure_momentum,H_response_only,2,0,0.8322163752401522,0.0004172122043031901,0.843629626193279,-0.020182318223769258
5,identity_closure_momentum,H_response_only,2,14,0.3371191902880195,0.00024752640387153726,0.5317280692626151,-0.8969393791391729
5,identity_closure_momentum,H_response_only,2,28,1.3618287215061917,0.00044766751870439184,0.9219081370636643,0.04945405752154575
5,identity_closure_momentum,H_response_only,2,42,1.6710266182875677,0.00022622496471722792,0.7756769642233743,0.01316854821178759
5,identity_closure_momentum,H_response_only,3,0,0.8942599976923115,0.0029031896666195487,0.5662898601369178,0.02848189182986105
5,identity_closure_momentum,H_response_only,3,14,1.01916709004224,0.00284214772243721,0.7337301188014834,0.1027778069904175
5,identity_closure_momentum,H_response_only,3,28,1.1537710525209894,0.0028258414159810425,0.40902302694450815,0.003042118224187873
5,identity_closure_momentum,H_response_only,3,42,1.0590174306042033,0.0018936285025693805,0.9873586237268294,0.05899990769388197
5,identity_closure_momentum,H_source_divflow,0,0,1.4642972012611652,0.050415190924334476,0.08550395801394463,0.13270760420915406
5,identity_closure_momentum,H_source_divflow,0,14,0.8576217788122177,0.04817505967926811,0.06826392665367764,-0.5801356943484148
5,identity_closure_momentum,H_source_divflow,0,28,1.167453228080662,0.05022036582960048,0.047104929192613054,-0.01931062105436865
5,identity_closure_momentum,H_source_divflow,0,42,1.2198488910791472,0.042541584936889254,0.0868989140913405,0.49492095446980244
5,identity_closure_momentum,H_source_divflow,1,0,1.316253917767043,0.028588480483819578,0.10475374557682167,0.2993323152630196
5,identity_closure_momentum,H_source_divflow,1,14,0.6030997407164715,0.023742139977550467,0.06971089311153862,0.18914928959227717
5,identity_closure_momentum,H_source_divflow,1,28,0.61025074244704,0.029035592521918313,0.08801771016219545,-0.6767964255012391
5,identity_closure_momentum,H_source_divflow,1,42,1.1194035553569819,0.022377634229190056,0.3736573338293135,0.08237064608998068
5,identity_closure_momentum,H_source_divflow,2,0,0.9826248055255382,0.0004172122043031901,0.843629626193279,-0.020182318223769258
5,identity_closure_momentum,H_source_divflow,2,14,0.3228395518865994,0.00024752640387153726,0.5317280692626151,-0.8969393791391729
5,identity_closure_momentum,H_source_divflow,2,28,0.9739672095301419,0.00044766751870439184,0.9219081370636643,0.04945405752154575
5,identity_closure_momentum,H_source_divflow,2,42,1.5096225006784223,0.00022622496471722792,0.7756769642233743,0.01316854821178759
5,identity_closure_momentum,H_source_divflow,3,0,0.588145884396054,0.0029031896666195487,0.5662898601369178,0.02848189182986105
5,identity_closure_momentum,H_source_divflow,3,14,0.572647829210362,0.00284214772243721,0.7337301188014834,0.1027778069904175
5,identity_closure_momentum,H_source_divflow,3,28,0.745983700105332,0.0028258414159810425,0.40902302694450815,0.003042118224187873
5,identity_closure_momentum,H_source_divflow,3,42,0.7715324369453628,0.0018936285025693805,0.9873586237268294,0.05899990769388197
5,identity_closure_momentum,H_rho_omega,0,0,1.5314123794448304,0.050415190924334476,0.08550395801394463,0.13270760420915406
5,identity_closure_momentum,H_rho_omega,0,14,0.8123840241352969,0.04817505967926811,0.06826392665367764,-0.5801356943484148
5,identity_closure_momentum,H_rho_omega,0,28,1.0181993283195938,0.05022036582960048,0.047104929192613054,-0.01931062105436865
5,identity_closure_momentum,H_rho_omega,0,42,1.5274916016897597,0.042541584936889254,0.0868989140913405,0.49492095446980244
5,identity_closure_momentum,H_rho_omega,1,0,1.4002687234048976,0.028588480483819578,0.10475374557682167,0.2993323152630196
5,identity_closure_momentum,H_rho_omega,1,14,0.571029702967814,0.023742139977550467,0.06971089311153862,0.18914928959227717
5,identity_closure_momentum,H_rho_omega,1,28,0.7711819390374891,0.029035592521918313,0.08801771016219545,-0.6767964255012391
5,identity_closure_momentum,H_rho_omega,1,42,1.140436367597489,0.022377634229190056,0.3736573338293135,0.08237064608998068
5,identity_closure_momentum,H_rho_omega,2,0,0.7220354373335931,0.0004172122043031901,0.843629626193279,-0.020182318223769258
5,identity_closure_momentum,H_rho_omega,2,14,0.5601342022930884,0.00024752640387153726,0.5317280692626151,-0.8969393791391729
5,identity_closure_momentum,H_rho_omega,2,28,1.0331416064276735,0.00044766751870439184,0.9219081370636643,0.04945405752154575
5,identity_closure_momentum,H_rho_omega,2,42,1.306910742919244,0.00022622496471722792,0.7756769642233743,0.01316854821178759
5,identity_closure_momentum,H_rho_omega,3,0,0.5615470388969275,0.0029031896666195487,0.5662898601369178,0.02848189182986105
5,identity_closure_momentum,H_rho_omega,3,14,0.5488419097094721,0.00284214772243721,0.7337301188014834,0.1027778069904175
5,identity_closure_momentum,H_rho_omega,3,28,0.5990345116089859,0.0028258414159810425,0.40902302694450815,0.003042118224187873
5,identity_closure_momentum,H_rho_omega,3,42,0.843907718159578,0.0018936285025693805,0.9873586237268294,0.05899990769388197
5,full_stack,H_current,0,0,1.68775752701195,0.05041519092433459,0.08550395801394464,0.1327076041686659
5,full_stack,H_current,0,14,0.7919949936786208,0.04817505967926834,0.06826392665367767,-0.5801356943963928
5,full_stack,H_current,0,28,1.1117245784825998,0.05022036582960045,0.04710492919261301,-0.019310621060174893
5,full_stack,H_current,0,42,1.375148809264471,0.04254158493688927,0.08689891409134051,0.4949209544110189
5,full_stack,H_current,1,0,1.52465664759283,0.028588480483819723,0.10475374557682161,0.29933231526056747
5,full_stack,H_current,1,14,0.8010370905932773,0.0237421399775503,0.06971089311153851,0.18914928961438493
5,full_stack,H_current,1,28,0.6631032735930609,0.029035592521918275,0.08801771016219548,-0.6767964254772778
5,full_stack,H_current,1,42,1.3451044471710183,0.022377634229190292,0.3736573338293134,0.0823706460763085
5,full_stack,H_current,2,0,0.7079159378546166,0.0004172122043036855,0.8436296261932791,-0.0201823182194375
5,full_stack,H_current,2,14,0.4961459196796853,0.00024752640387182967,0.5317280692626151,-0.896939379076197
5,full_stack,H_current,2,28,1.1973950131109266,0.00044766751870515723,0.9219081370636646,0.04945405752347909
5,full_stack,H_current,2,42,1.437487643725222,0.00022622496471758912,0.7756769642233742,0.013168548199774421
5,full_stack,H_current,3,0,0.680713653953511,0.002903189666621584,0.5662898601369177,0.02848189183057981
5,full_stack,H_current,3,14,0.7640972940341602,0.0028421477224394188,0.7337301188014834,0.10277780698722394
5,full_stack,H_current,3,28,0.840285356662171,0.0028258414159831207,0.40902302694450804,0.00304211822126621
5,full_stack,H_current,3,42,0.9295654274766442,0.0018936285025708513,0.9873586237268294,0.05899990769561747
5,full_stack,H_source_only,0,0,1.635143134746346,0.05041519092433459,0.08550395801394464,0.1327076041686659
5,full_stack,H_source_only,0,14,0.7443443928002397,0.04817505967926834,0.06826392665367767,-0.5801356943963928
5,full_stack,H_source_only,0,28,1.0977694342342,0.05022036582960045,0.04710492919261301,-0.019310621060174893
5,full_stack,H_source_only,0,42,1.4078794995612391,0.04254158493688927,0.08689891409134051,0.4949209544110189
5,full_stack,H_source_only,1,0,1.4683364908379302,0.028588480483819723,0.10475374557682161,0.29933231526056747
5,full_stack,H_source_only,1,14,0.6810854802922796,0.0237421399775503,0.06971089311153851,0.18914928961438493
5,full_stack,H_source_only,1,28,0.7584049677791757,0.029035592521918275,0.08801771016219548,-0.6767964254772778
5,full_stack,H_source_only,1,42,1.229348455377714,0.022377634229190292,0.3736573338293134,0.0823706460763085
5,full_stack,H_source_only,2,0,0.6696570212043128,0.0004172122043036855,0.8436296261932791,-0.0201823182194375
5,full_stack,H_source_only,2,14,0.5605943323432264,0.00024752640387182967,0.5317280692626151,-0.896939379076197
5,full_stack,H_source_only,2,28,1.1322477414870074,0.00044766751870515723,0.9219081370636646,0.04945405752347909
5,full_stack,H_source_only,2,42,1.3234732449941038,0.00022622496471758912,0.7756769642233742,0.013168548199774421
5,full_stack,H_source_only,3,0,0.5879659406074818,0.002903189666621584,0.5662898601369177,0.02848189183057981
5,full_stack,H_source_only,3,14,0.6468665500197129,0.0028421477224394188,0.7337301188014834,0.10277780698722394
5,full_stack,H_source_only,3,28,0.6939883749159333,0.0028258414159831207,0.40902302694450804,0.00304211822126621
5,full_stack,H_source_only,3,42,0.8998087945014515,0.0018936285025708513,0.9873586237268294,0.05899990769561747
5,full_stack,H_response_only,0,0,1.7822630616831434,0.05041519092433459,0.08550395801394464,0.1327076041686659
5,full_stack,H_response_only,0,14,0.9006295844349721,0.04817505967926834,0.06826392665367767,-0.5801356943963928
5,full_stack,H_response_only,0,28,1.1448399644683058,0.05022036582960045,0.04710492919261301,-0.019310621060174893
5,full_stack,H_response_only,0,42,1.3178964317287796,0.04254158493688927,0.08689891409134051,0.4949209544110189
5,full_stack,H_response_only,1,0,1.6075411760140839,0.028588480483819723,0.10475374557682161,0.29933231526056747
5,full_stack,H_response_only,1,14,0.9899867183552051,0.0237421399775503,0.06971089311153851,0.18914928961438493
5,full_stack,H_response_only,1,28,0.7240482640727275,0.029035592521918275,0.08801771016219548,-0.6767964254772778
5,full_stack,H_response_only,1,42,1.5405665105622688,0.022377634229190292,0.3736573338293134,0.0823706460763085
5,full_stack,H_response_only,2,0,0.8322163752194589,0.0004172122043036855,0.8436296261932791,-0.0201823182194375
5,full_stack,H_response_only,2,14,0.3371191903220016,0.00024752640387182967,0.5317280692626151,-0.896939379076197
5,full_stack,H_response_only,2,28,1.3618287215187934,0.00044766751870515723,0.9219081370636646,0.04945405752347909
5,full_stack,H_response_only,2,42,1.671026618271357,0.00022622496471758912,0.7756769642233742,0.013168548199774421
5,full_stack,H_response_only,3,0,0.8942599976908675,0.002903189666621584,0.5662898601369177,0.02848189183057981
5,full_stack,H_response_only,3,14,1.0191670900487464,0.0028421477224394188,0.7337301188014834,0.10277780698722394
5,full_stack,H_response_only,3,28,1.1537710525048384,0.0028258414159831207,0.40902302694450804,0.00304211822126621
5,full_stack,H_response_only,3,42,1.0590174305921278,0.0018936285025708513,0.9873586237268294,0.05899990769561747
5,full_stack,H_source_divflow,0,0,1.4642972012611657,0.05041519092433459,0.08550395801394464,0.1327076041686659
5,full_stack,H_source_divflow,0,14,0.8576217788122177,0.04817505967926834,0.06826392665367767,-0.5801356943963928
5,full_stack,H_source_divflow,0,28,1.1674532280806629,0.05022036582960045,0.04710492919261301,-0.019310621060174893
5,full_stack,H_source_divflow,0,42,1.2198488910791467,0.04254158493688927,0.08689891409134051,0.4949209544110189
5,full_stack,H_source_divflow,1,0,1.316253917767043,0.028588480483819723,0.10475374557682161,0.29933231526056747
5,full_stack,H_source_divflow,1,14,0.603099740716472,0.0237421399775503,0.06971089311153851,0.18914928961438493
5,full_stack,H_source_divflow,1,28,0.6102507424470403,0.029035592521918275,0.08801771016219548,-0.6767964254772778
5,full_stack,H_source_divflow,1,42,1.1194035553569825,0.022377634229190292,0.3736573338293134,0.0823706460763085
5,full_stack,H_source_divflow,2,0,0.9826248055255382,0.0004172122043036855,0.8436296261932791,-0.0201823182194375
5,full_stack,H_source_divflow,2,14,0.3228395518865994,0.00024752640387182967,0.5317280692626151,-0.896939379076197
5,full_stack,H_source_divflow,2,28,0.9739672095301422,0.00044766751870515723,0.9219081370636646,0.04945405752347909
5,full_stack,H_source_divflow,2,42,1.5096225006784227,0.00022622496471758912,0.7756769642233742,0.013168548199774421
5,full_stack,H_source_divflow,3,0,0.588145884396054,0.002903189666621584,0.5662898601369177,0.02848189183057981
5,full_stack,H_source_divflow,3,14,0.572647829210362,0.0028421477224394188,0.7337301188014834,0.10277780698722394
5,full_stack,H_source_divflow,3,28,0.7459837001053321,0.0028258414159831207,0.40902302694450804,0.00304211822126621
5,full_stack,H_source_divflow,3,42,0.7715324369453629,0.0018936285025708513,0.9873586237268294,0.05899990769561747
5,full_stack,H_rho_omega,0,0,1.5314123794448313,0.05041519092433459,0.08550395801394464,0.1327076041686659
5,full_stack,H_rho_omega,0,14,0.8123840241352978,0.04817505967926834,0.06826392665367767,-0.5801356943963928
5,full_stack,H_rho_omega,0,28,1.018199328319595,0.05022036582960045,0.04710492919261301,-0.019310621060174893
5,full_stack,H_rho_omega,0,42,1.5274916016897593,0.04254158493688927,0.08689891409134051,0.4949209544110189
5,full_stack,H_rho_omega,1,0,1.4002687234048976,0.028588480483819723,0.10475374557682161,0.29933231526056747
5,full_stack,H_rho_omega,1,14,0.5710297029678125,0.0237421399775503,0.06971089311153851,0.18914928961438493
5,full_stack,H_rho_omega,1,28,0.7711819390374901,0.029035592521918275,0.08801771016219548,-0.6767964254772778
5,full_stack,H_rho_omega,1,42,1.140436367597489,0.022377634229190292,0.3736573338293134,0.0823706460763085
5,full_stack,H_rho_omega,2,0,0.722035437333594,0.0004172122043036855,0.8436296261932791,-0.0201823182194375
5,full_stack,H_rho_omega,2,14,0.5601342022930885,0.00024752640387182967,0.5317280692626151,-0.896939379076197
5,full_stack,H_rho_omega,2,28,1.0331416064276726,0.00044766751870515723,0.9219081370636646,0.04945405752347909
5,full_stack,H_rho_omega,2,42,1.306910742919244,0.00022622496471758912,0.7756769642233742,0.013168548199774421
5,full_stack,H_rho_omega,3,0,0.5615470388969271,0.002903189666621584,0.5662898601369177,0.02848189183057981
5,full_stack,H_rho_omega,3,14,0.5488419097094711,0.0028421477224394188,0.7337301188014834,0.10277780698722394
5,full_stack,H_rho_omega,3,28,0.599034511608986,0.0028258414159831207,0.40902302694450804,0.00304211822126621
5,full_stack,H_rho_omega,3,42,0.8439077181595783,0.0018936285025708513,0.9873586237268294,0.05899990769561747
6,weak_control,H_current,0,0,1.2116949805733936,0.6431801706718949,1.0401349189365812,-0.5717961021310146
6,weak_control,H_current,0,14,1.2071789571874219,0.8175531810094058,1.057768086655626,0.026367004211213407
6,weak_control,H_current,0,28,1.4298481678684092,1.8524193055687015,0.9194775122329673,0.4093254781417845
6,weak_control,H_current,0,42,1.1011638527226812,1.0249037825090614,1.1230500919960462,0.46142949811023803
6,weak_control,H_current,1,0,1.1944032712548527,0.6658430377665945,1.03292609534337,0.135795299938541
6,weak_control,H_current,1,14,1.0185913785032195,0.5812859638579455,1.146553273502714,0.15390555555771124
6,weak_control,H_current,1,28,0.9761695667112713,1.0759608211323712,1.1194450376913456,-0.03754415002830891
6,weak_control,H_current,1,42,1.5482727913906706,0.9839699381488912,1.412348559185556,-0.011089559372453595
6,weak_control,H_current,2,0,0.723262595632581,0.7982316783166772,0.5911496165862004,0.4650300926843707
6,weak_control,H_current,2,14,0.577031795487236,0.3957363007838162,0.4273648350468326,-0.9130185200690524
6,weak_control,H_current,2,28,1.46614309678512,0.9576529492104974,1.0705516787230516,0.07103057776088773
6,weak_control,H_current,2,42,1.4075935789337002,1.2666561208959222,0.7862061395026639,-0.036573377393521955
6,weak_control,H_current,3,0,0.730154472856406,0.5960851976871456,0.47169175666687196,0.020723108298714155
6,weak_control,H_current,3,14,0.7924038501325069,0.7984884969972462,0.6459466101657819,-0.051999979149524256
6,weak_control,H_current,3,28,0.8827525603474784,0.6629207050166145,0.5627793768050117,-0.08700473892846228
6,weak_control,H_current,3,42,0.8858882813923079,0.587429899898115,1.0515463265589442,0.06262725898180665
6,weak_control,H_source_only,0,0,1.1795204497247476,0.6431801706718949,1.0401349189365812,-0.5717961021310146
6,weak_control,H_source_only,0,14,1.0991955223154344,0.8175531810094058,1.057768086655626,0.026367004211213407
6,weak_control,H_source_only,0,28,1.4755155311233488,1.8524193055687015,0.9194775122329673,0.4093254781417845
6,weak_control,H_source_only,0,42,0.9564135228707864,1.0249037825090614,1.1230500919960462,0.46142949811023803
6,weak_control,H_source_only,1,0,1.1060781666993422,0.6658430377665945,1.03292609534337,0.135795299938541
6,weak_control,H_source_only,1,14,0.948809594954283,0.5812859638579455,1.146553273502714,0.15390555555771124
6,weak_control,H_source_only,1,28,1.0150033948786519,1.0759608211323712,1.1194450376913456,-0.03754415002830891
6,weak_control,H_source_only,1,42,1.493723931724008,0.9839699381488912,1.412348559185556,-0.011089559372453595
6,weak_control,H_source_only,2,0,0.6774015986422524,0.7982316783166772,0.5911496165862004,0.4650300926843707
6,weak_control,H_source_only,2,14,0.562317477172447,0.3957363007838162,0.4273648350468326,-0.9130185200690524
6,weak_control,H_source_only,2,28,1.3720244190301631,0.9576529492104974,1.0705516787230516,0.07103057776088773
6,weak_control,H_source_only,2,42,1.2805411189278135,1.2666561208959222,0.7862061395026639,-0.036573377393521955
6,weak_control,H_source_only,3,0,0.6513784331266878,0.5960851976871456,0.47169175666687196,0.020723108298714155
6,weak_control,H_source_only,3,14,0.6750164160320046,0.7984884969972462,0.6459466101657819,-0.051999979149524256
6,weak_control,H_source_only,3,28,0.7691339450280164,0.6629207050166145,0.5627793768050117,-0.08700473892846228
6,weak_control,H_source_only,3,42,0.8575100290193429,0.587429899898115,1.0515463265589442,0.06262725898180665
6,weak_control,H_response_only,0,0,1.294539353087366,0.6431801706718949,1.0401349189365812,-0.5717961021310146
6,weak_control,H_response_only,0,14,1.3752435575624595,0.8175531810094058,1.057768086655626,0.026367004211213407
6,weak_control,H_response_only,0,28,1.3636101436713297,1.8524193055687015,0.9194775122329673,0.4093254781417845
6,weak_control,H_response_only,0,42,1.356996621678664,1.0249037825090614,1.1230500919960462,0.46142949811023803
6,weak_control,H_response_only,1,0,1.3535949477045515,0.6658430377665945,1.03292609534337,0.135795299938541
6,weak_control,H_response_only,1,14,1.1520388374461885,0.5812859638579455,1.146553273502714,0.15390555555771124
6,weak_control,H_response_only,1,28,0.9556862429295768,1.0759608211323712,1.1194450376913456,-0.03754415002830891
6,weak_control,H_response_only,1,42,1.6411407120842643,0.9839699381488912,1.412348559185556,-0.011089559372453595
6,weak_control,H_response_only,2,0,0.80207344975686,0.7982316783166772,0.5911496165862004,0.4650300926843707
6,weak_control,H_response_only,2,14,0.6050934758611218,0.3957363007838162,0.4273648350468326,-0.9130185200690524
6,weak_control,H_response_only,2,28,1.648442293959665,0.9576529492104974,1.0705516787230516,0.07103057776088773
6,weak_control,H_response_only,2,42,1.6745142048513948,1.2666561208959222,0.7862061395026639,-0.036573377393521955
6,weak_control,H_response_only,3,0,0.8938773380848851,0.5960851976871456,0.47169175666687196,0.020723108298714155
6,weak_control,H_response_only,3,14,1.0445947899708687,0.7984884969972462,0.6459466101657819,-0.051999979149524256
6,weak_control,H_response_only,3,28,1.1906300818615114,0.6629207050166145,0.5627793768050117,-0.08700473892846228
6,weak_control,H_response_only,3,42,0.9842976396798369,0.587429899898115,1.0515463265589442,0.06262725898180665
6,weak_control,H_source_divflow,0,0,1.0962819781551472,0.6431801706718949,1.0401349189365812,-0.5717961021310146
6,weak_control,H_source_divflow,0,14,1.070988960157794,0.8175531810094058,1.057768086655626,0.026367004211213407
6,weak_control,H_source_divflow,0,28,1.3608167047252708,1.8524193055687015,0.9194775122329673,0.4093254781417845
6,weak_control,H_source_divflow,0,42,0.7397621331415105,1.0249037825090614,1.1230500919960462,0.46142949811023803
6,weak_control,H_source_divflow,1,0,1.1189753133315525,0.6658430377665945,1.03292609534337,0.135795299938541
6,weak_control,H_source_divflow,1,14,0.8688463558812072,0.5812859638579455,1.146553273502714,0.15390555555771124
6,weak_control,H_source_divflow,1,28,0.83587715051656,1.0759608211323712,1.1194450376913456,-0.03754415002830891
6,weak_control,H_source_divflow,1,42,1.4999631315976945,0.9839699381488912,1.412348559185556,-0.011089559372453595
6,weak_control,H_source_divflow,2,0,0.618712524786361,0.7982316783166772,0.5911496165862004,0.4650300926843707
6,weak_control,H_source_divflow,2,14,0.4666284664007457,0.3957363007838162,0.4273648350468326,-0.9130185200690524
6,weak_control,H_source_divflow,2,28,1.1508945250916283,0.9576529492104974,1.0705516787230516,0.07103057776088773
6,weak_control,H_source_divflow,2,42,1.5117138577700808,1.2666561208959222,0.7862061395026639,-0.036573377393521955
6,weak_control,H_source_divflow,3,0,0.6222077045562601,0.5960851976871456,0.47169175666687196,0.020723108298714155
6,weak_control,H_source_divflow,3,14,0.5648883111127844,0.7984884969972462,0.6459466101657819,-0.051999979149524256
6,weak_control,H_source_divflow,3,28,0.6946427726705456,0.6629207050166145,0.5627793768050117,-0.08700473892846228
6,weak_control,H_source_divflow,3,42,0.7392052772782735,0.587429899898115,1.0515463265589442,0.06262725898180665
6,weak_control,H_rho_omega,0,0,0.9454928043818343,0.6431801706718949,1.0401349189365812,-0.5717961021310146
6,weak_control,H_rho_omega,0,14,1.0179943935935778,0.8175531810094058,1.057768086655626,0.026367004211213407
6,weak_control,H_rho_omega,0,28,1.6991067423854878,1.8524193055687015,0.9194775122329673,0.4093254781417845
6,weak_control,H_rho_omega,0,42,1.0996480633162369,1.0249037825090614,1.1230500919960462,0.46142949811023803
6,weak_control,H_rho_omega,1,0,1.0601375572049534,0.6658430377665945,1.03292609534337,0.135795299938541
6,weak_control,H_rho_omega,1,14,0.7589012515090579,0.5812859638579455,1.146553273502714,0.15390555555771124
6,weak_control,H_rho_omega,1,28,1.3295356942589485,1.0759608211323712,1.1194450376913456,-0.03754415002830891
6,weak_control,H_rho_omega,1,42,1.533485218225535,0.9839699381488912,1.412348559185556,-0.011089559372453595
6,weak_control,H_rho_omega,2,0,0.812332538801796,0.7982316783166772,0.5911496165862004,0.4650300926843707
6,weak_control,H_rho_omega,2,14,0.5801249642967794,0.3957363007838162,0.4273648350468326,-0.9130185200690524
6,weak_control,H_rho_omega,2,28,1.312423380327193,0.9576529492104974,1.0705516787230516,0.07103057776088773
6,weak_control,H_rho_omega,2,42,1.6498861469641917,1.2666561208959222,0.7862061395026639,-0.036573377393521955
6,weak_control,H_rho_omega,3,0,0.8021862538316001,0.5960851976871456,0.47169175666687196,0.020723108298714155
6,weak_control,H_rho_omega,3,14,0.7674376607503718,0.7984884969972462,0.6459466101657819,-0.051999979149524256
6,weak_control,H_rho_omega,3,28,1.0160025803663708,0.6629207050166145,0.5627793768050117,-0.08700473892846228
6,weak_control,H_rho_omega,3,42,0.8669123474154705,0.587429899898115,1.0515463265589442,0.06262725898180665
6,identity_only,H_current,0,0,1.6695425202986796,0.05042549178823103,0.09555036950179945,0.11506632131013328
6,identity_only,H_current,0,14,0.8911402742073904,0.04799011729466682,0.06329533456787449,-0.5383853378946459
6,identity_only,H_current,0,28,1.0129977057746775,0.050153095205418274,0.05075954860374108,0.19241943352106017
6,identity_only,H_current,0,42,1.4182839094589113,0.041962301153070425,0.07694444659228994,0.5148547447473928
6,identity_only,H_current,1,0,1.424756705336956,0.027906893836939433,0.10532719252170115,0.0952145485943866
6,identity_only,H_current,1,14,0.7201373696752872,0.02290482453547996,0.0656226616778021,0.4960457362151255
6,identity_only,H_current,1,28,0.5386087078952144,0.02838488805494495,0.06547206770139487,-0.34439580274824017
6,identity_only,H_current,1,42,1.5158904888416174,0.021711387703112463,0.34045889764930853,-0.023295584305738415
6,identity_only,H_current,2,0,0.7083711977391501,0.0005334970328616324,0.5085598677017193,0.4523246794471302
6,identity_only,H_current,2,14,0.5659258916313876,0.00033308373760811485,0.37787949485325967,-0.7446901349454448
6,identity_only,H_current,2,28,1.517664729441796,0.0005757859867198952,1.0540498884976968,0.10860551836998467
6,identity_only,H_current,2,42,1.4049742191560406,0.0004441109340863943,0.7416369136695334,0.09126103209163439
6,identity_only,H_current,3,0,0.7314543150525894,0.0023413747191769235,0.5672602906555649,0.17652021226174985
6,identity_only,H_current,3,14,0.7632224105517652,0.00248771438919436,0.6898341762431953,0.00411779803169765
6,identity_only,H_current,3,28,0.857330358850926,0.005829835893055786,0.5936088195773367,0.02899385759074513
6,identity_only,H_current,3,42,0.8624856886476528,0.0019556234019529667,1.1163498773632705,-0.017943699488900733
6,identity_only,H_source_only,0,0,1.6355259198278773,0.05042549178823103,0.09555036950179945,0.11506632131013328
6,identity_only,H_source_only,0,14,0.7317570755935386,0.04799011729466682,0.06329533456787449,-0.5383853378946459
6,identity_only,H_source_only,0,28,1.1051244944108467,0.050153095205418274,0.05075954860374108,0.19241943352106017
6,identity_only,H_source_only,0,42,1.4082607131028595,0.041962301153070425,0.07694444659228994,0.5148547447473928
6,identity_only,H_source_only,1,0,1.414663262519811,0.027906893836939433,0.10532719252170115,0.0952145485943866
6,identity_only,H_source_only,1,14,0.5951827087946191,0.02290482453547996,0.0656226616778021,0.4960457362151255
6,identity_only,H_source_only,1,28,0.6723354006092979,0.02838488805494495,0.06547206770139487,-0.34439580274824017
6,identity_only,H_source_only,1,42,1.4122123449652242,0.021711387703112463,0.34045889764930853,-0.023295584305738415
6,identity_only,H_source_only,2,0,0.6439395811527119,0.0005334970328616324,0.5085598677017193,0.4523246794471302
6,identity_only,H_source_only,2,14,0.5329503602650095,0.00033308373760811485,0.37787949485325967,-0.7446901349454448
6,identity_only,H_source_only,2,28,1.4127973847243795,0.0005757859867198952,1.0540498884976968,0.10860551836998467
6,identity_only,H_source_only,2,42,1.2955991712686012,0.0004441109340863943,0.7416369136695334,0.09126103209163439
6,identity_only,H_source_only,3,0,0.6188649409414012,0.0023413747191769235,0.5672602906555649,0.17652021226174985
6,identity_only,H_source_only,3,14,0.6766590471478677,0.00248771438919436,0.6898341762431953,0.00411779803169765
6,identity_only,H_source_only,3,28,0.6815130530786004,0.005829835893055786,0.5936088195773367,0.02899385759074513
6,identity_only,H_source_only,3,42,0.8025606767803302,0.0019556234019529667,1.1163498773632705,-0.017943699488900733
6,identity_only,H_response_only,0,0,1.7570731098884733,0.05042549178823103,0.09555036950179945,0.11506632131013328
6,identity_only,H_response_only,0,14,1.0917645454114453,0.04799011729466682,0.06329533456787449,-0.5383853378946459
6,identity_only,H_response_only,0,28,0.9077952397794642,0.050153095205418274,0.05075954860374108,0.19241943352106017
6,identity_only,H_response_only,0,42,1.4535413132022348,0.041962301153070425,0.07694444659228994,0.5148547447473928
6,identity_only,H_response_only,1,0,1.4764457422024133,0.027906893836939433,0.10532719252170115,0.0952145485943866
6,identity_only,H_response_only,1,14,0.9849515001975574,0.02290482453547996,0.0656226616778021,0.4960457362151255
6,identity_only,H_response_only,1,28,0.4153767360011515,0.02838488805494495,0.06547206770139487,-0.34439580274824017
6,identity_only,H_response_only,1,42,1.6844826804539184,0.021711387703112463,0.34045889764930853,-0.023295584305738415
6,identity_only,H_response_only,2,0,0.9081101761968292,0.0005334970328616324,0.5085598677017193,0.4523246794471302
6,identity_only,H_response_only,2,14,0.5670132614487426,0.00033308373760811485,0.37787949485325967,-0.7446901349454448
6,identity_only,H_response_only,2,28,1.7377118563674192,0.0005757859867198952,1.0540498884976968,0.10860551836998467
6,identity_only,H_response_only,2,42,1.638754396122911,0.0004441109340863943,0.7416369136695334,0.09126103209163439
6,identity_only,H_response_only,3,0,0.9809789253394792,0.0023413747191769235,0.5672602906555649,0.17652021226174985
6,identity_only,H_response_only,3,14,0.9311998837752833,0.00248771438919436,0.6898341762431953,0.00411779803169765
6,identity_only,H_response_only,3,28,1.2764087233682406,0.005829835893055786,0.5936088195773367,0.02899385759074513
6,identity_only,H_response_only,3,42,1.1443461205287884,0.0019556234019529667,1.1163498773632705,-0.017943699488900733
6,identity_only,H_source_divflow,0,0,1.4655304763073613,0.05042549178823103,0.09555036950179945,0.11506632131013328
6,identity_only,H_source_divflow,0,14,0.8449666101224786,0.04799011729466682,0.06329533456787449,-0.5383853378946459
6,identity_only,H_source_divflow,0,28,1.1750096230252618,0.050153095205418274,0.05075954860374108,0.19241943352106017
6,identity_only,H_source_divflow,0,42,1.220140768301196,0.041962301153070425,0.07694444659228994,0.5148547447473928
6,identity_only,H_source_divflow,1,0,1.2064128250238118,0.027906893836939433,0.10532719252170115,0.0952145485943866
6,identity_only,H_source_divflow,1,14,0.515418101440048,0.02290482453547996,0.0656226616778021,0.4960457362151255
6,identity_only,H_source_divflow,1,28,0.473871261550843,0.02838488805494495,0.06547206770139487,-0.34439580274824017
6,identity_only,H_source_divflow,1,42,1.322494371691271,0.021711387703112463,0.34045889764930853,-0.023295584305738415
6,identity_only,H_source_divflow,2,0,0.5227090832723355,0.0005334970328616324,0.5085598677017193,0.4523246794471302
6,identity_only,H_source_divflow,2,14,0.3739364922185942,0.00033308373760811485,0.37787949485325967,-0.7446901349454448
6,identity_only,H_source_divflow,2,28,1.1747615484127896,0.0005757859867198952,1.0540498884976968,0.10860551836998467
6,identity_only,H_source_divflow,2,42,1.5234284260681394,0.0004441109340863943,0.7416369136695334,0.09126103209163439
6,identity_only,H_source_divflow,3,0,0.5802349868239055,0.0023413747191769235,0.5672602906555649,0.17652021226174985
6,identity_only,H_source_divflow,3,14,0.5574414772943627,0.00248771438919436,0.6898341762431953,0.00411779803169765
6,identity_only,H_source_divflow,3,28,0.5688475251986422,0.005829835893055786,0.5936088195773367,0.02899385759074513
6,identity_only,H_source_divflow,3,42,0.7327840153381711,0.0019556234019529667,1.1163498773632705,-0.017943699488900733
6,identity_only,H_rho_omega,0,0,1.531569671517838,0.05042549178823103,0.09555036950179945,0.11506632131013328
6,identity_only,H_rho_omega,0,14,0.8015020802635592,0.04799011729466682,0.06329533456787449,-0.5383853378946459
6,identity_only,H_rho_omega,0,28,1.026632419603372,0.050153095205418274,0.05075954860374108,0.19241943352106017
6,identity_only,H_rho_omega,0,42,1.5276300456629783,0.041962301153070425,0.07694444659228994,0.5148547447473928
6,identity_only,H_rho_omega,1,0,1.2502784081405471,0.027906893836939433,0.10532719252170115,0.0952145485943866
6,identity_only,H_rho_omega,1,14,0.5371948744504028,0.02290482453547996,0.0656226616778021,0.4960457362151255
6,identity_only,H_rho_omega,1,28,0.7806069795468797,0.02838488805494495,0.06547206770139487,-0.34439580274824017
6,identity_only,H_rho_omega,1,42,1.1722403181090533,0.021711387703112463,0.34045889764930853,-0.023295584305738415
6,identity_only,H_rho_omega,2,0,0.5083374981937288,0.0005334970328616324,0.5085598677017193,0.4523246794471302
6,identity_only,H_rho_omega,2,14,0.5308840461272839,0.00033308373760811485,0.37787949485325967,-0.7446901349454448
6,identity_only,H_rho_omega,2,28,1.4016193306249902,0.0005757859867198952,1.0540498884976968,0.10860551836998467
6,identity_only,H_rho_omega,2,42,1.1930122578935862,0.0004441109340863943,0.7416369136695334,0.09126103209163439
6,identity_only,H_rho_omega,3,0,0.5984431727776794,0.0023413747191769235,0.5672602906555649,0.17652021226174985
6,identity_only,H_rho_omega,3,14,0.5858797307436714,0.00248771438919436,0.6898341762431953,0.00411779803169765
6,identity_only,H_rho_omega,3,28,0.5660289815496073,0.005829835893055786,0.5936088195773367,0.02899385759074513
6,identity_only,H_rho_omega,3,42,0.7113934837070046,0.0019556234019529667,1.1163498773632705,-0.017943699488900733
6,closure_only,H_current,0,0,1.4530280472051738,0.7552397225870872,1.2678762690029812,0.8471413374120507
6,closure_only,H_current,0,14,0.9692415046580054,1.2637636557853993,1.3957729075960126,1.1537635179957404
6,closure_only,H_current,0,28,0.6856045221641268,1.7009001610267145,1.7399758832659793,1.045337905659456
6,closure_only,H_current,0,42,1.67632834865139,0.6661749909365287,1.155239096293674,-0.06236572652379718
6,closure_only,H_current,1,0,1.4615709340195062,1.470488600824719,1.4406692527621374,1.0531727401712225
6,closure_only,H_current,1,14,0.5279103694750078,1.2595261685072887,1.0378297274190245,1.5352363024022369
6,closure_only,H_current,1,28,0.9757438371778394,1.7076748861541602,1.297905469515684,1.6415850138626085
6,closure_only,H_current,1,42,1.270014771283991,2.304853698808939,1.6993667813345277,1.5911583878410147
6,closure_only,H_current,2,0,0.9555769740807939,1.6209206044352975,0.7837232372749972,0.8110959388433078
6,closure_only,H_current,2,14,0.5410311024758243,0.20848802142354064,0.39463168479329624,0.7509821210149764
6,closure_only,H_current,2,28,1.4967060287736347,1.6701049316823027,1.0571053840873017,1.1846896777343516
6,closure_only,H_current,2,42,1.2212598552579104,2.111985127193753,0.9680160955625312,0.9375083692171823
6,closure_only,H_current,3,0,0.8465089090917095,1.2088912165710366,0.6261321117297574,0.6485976969046148
6,closure_only,H_current,3,14,0.7438872651079356,0.9782397741716552,0.8123840916361681,0.5119194594101016
6,closure_only,H_current,3,28,0.8472741479345925,1.802674029327498,0.6025380241575389,0.8165441680991454
6,closure_only,H_current,3,42,0.7410194053421159,1.6779749073509416,1.0464473601148714,1.2717565078053727
6,closure_only,H_source_only,0,0,1.4661654512574354,0.7552397225870872,1.2678762690029812,0.8471413374120507
6,closure_only,H_source_only,0,14,0.8419902240471662,1.2637636557853993,1.3957729075960126,1.1537635179957404
6,closure_only,H_source_only,0,28,0.9152956949322234,1.7009001610267145,1.7399758832659793,1.045337905659456
6,closure_only,H_source_only,0,42,1.5617036572609344,0.6661749909365287,1.155239096293674,-0.06236572652379718
6,closure_only,H_source_only,1,0,1.3958157686065586,1.470488600824719,1.4406692527621374,1.0531727401712225
6,closure_only,H_source_only,1,14,0.5686791054693504,1.2595261685072887,1.0378297274190245,1.5352363024022369
6,closure_only,H_source_only,1,28,0.8771427937983256,1.7076748861541602,1.297905469515684,1.6415850138626085
6,closure_only,H_source_only,1,42,1.2075706507871624,2.304853698808939,1.6993667813345277,1.5911583878410147
6,closure_only,H_source_only,2,0,0.7694124899219819,1.6209206044352975,0.7837232372749972,0.8110959388433078
6,closure_only,H_source_only,2,14,0.5355017128634929,0.20848802142354064,0.39463168479329624,0.7509821210149764
6,closure_only,H_source_only,2,28,1.43003929210259,1.6701049316823027,1.0571053840873017,1.1846896777343516
6,closure_only,H_source_only,2,42,1.1859469576473958,2.111985127193753,0.9680160955625312,0.9375083692171823
6,closure_only,H_source_only,3,0,0.7339501209385174,1.2088912165710366,0.6261321117297574,0.6485976969046148
6,closure_only,H_source_only,3,14,0.620464901232994,0.9782397741716552,0.8123840916361681,0.5119194594101016
6,closure_only,H_source_only,3,28,0.6932341427647305,1.802674029327498,0.6025380241575389,0.8165441680991454
6,closure_only,H_source_only,3,42,0.6865675683267259,1.6779749073509416,1.0464473601148714,1.2717565078053727
6,closure_only,H_response_only,0,0,1.4149182385181205,0.7552397225870872,1.2678762690029812,0.8471413374120507
6,closure_only,H_response_only,0,14,1.058911253797922,1.2637636557853993,1.3957729075960126,1.1537635179957404
6,closure_only,H_response_only,0,28,0.41772316019141137,1.7009001610267145,1.7399758832659793,1.045337905659456
6,closure_only,H_response_only,0,42,1.906497844531366,0.6661749909365287,1.155239096293674,-0.06236572652379718
6,closure_only,H_response_only,1,0,1.6194804507431446,1.470488600824719,1.4406692527621374,1.0531727401712225
6,closure_only,H_response_only,1,14,0.4998400124032873,1.2595261685072887,1.0378297274190245,1.5352363024022369
6,closure_only,H_response_only,1,28,1.1438484350256242,1.7076748861541602,1.297905469515684,1.6415850138626085
6,closure_only,H_response_only,1,42,1.44246617425615,2.304853698808939,1.6993667813345277,1.5911583878410147
6,closure_only,H_response_only,2,0,1.355118078303364,1.6209206044352975,0.7837232372749972,0.8110959388433078
6,closure_only,H_response_only,2,14,0.49626529490850585,0.20848802142354064,0.39463168479329624,0.7509821210149764
6,closure_only,H_response_only,2,28,1.6373203968799837,1.6701049316823027,1.0571053840873017,1.1846896777343516
6,closure_only,H_response_only,2,42,1.2713011506524021,2.111985127193753,0.9680160955625312,0.9375083692171823
6,closure_only,H_response_only,3,0,1.0766714379665545,1.2088912165710366,0.6261321117297574,0.6485976969046148
6,closure_only,H_response_only,3,14,1.0125250223683724,0.9782397741716552,0.8123840916361681,0.5119194594101016
6,closure_only,H_response_only,3,28,1.1985419346982142,1.802674029327498,0.6025380241575389,0.8165441680991454
6,closure_only,H_response_only,3,42,0.8664127701273677,1.6779749073509416,1.0464473601148714,1.2717565078053727
6,closure_only,H_source_divflow,0,0,1.5361535476238315,0.7552397225870872,1.2678762690029812,0.8471413374120507
6,closure_only,H_source_divflow,0,14,0.6098272451156139,1.2637636557853993,1.3957729075960126,1.1537635179957404
6,closure_only,H_source_divflow,0,28,1.0850440457672976,1.7009001610267145,1.7399758832659793,1.045337905659456
6,closure_only,H_source_divflow,0,42,1.8198798112694812,0.6661749909365287,1.155239096293674,-0.06236572652379718
6,closure_only,H_source_divflow,1,0,1.6832232416751125,1.470488600824719,1.4406692527621374,1.0531727401712225
6,closure_only,H_source_divflow,1,14,0.8011442823817237,1.2595261685072887,1.0378297274190245,1.5352363024022369
6,closure_only,H_source_divflow,1,28,0.6914989119920293,1.7076748861541602,1.297905469515684,1.6415850138626085
6,closure_only,H_source_divflow,1,42,1.6319952126985455,2.304853698808939,1.6993667813345277,1.5911583878410147
6,closure_only,H_source_divflow,2,0,1.264420094846009,1.6209206044352975,0.7837232372749972,0.8110959388433078
6,closure_only,H_source_divflow,2,14,0.37442884113224056,0.20848802142354064,0.39463168479329624,0.7509821210149764
6,closure_only,H_source_divflow,2,28,1.6603758519036396,1.6701049316823027,1.0571053840873017,1.1846896777343516
6,closure_only,H_source_divflow,2,42,1.1177043502204327,2.111985127193753,0.9680160955625312,0.9375083692171823
6,closure_only,H_source_divflow,3,0,0.955879969698424,1.2088912165710366,0.6261321117297574,0.6485976969046148
6,closure_only,H_source_divflow,3,14,0.7726198946326073,0.9782397741716552,0.8123840916361681,0.5119194594101016
6,closure_only,H_source_divflow,3,28,1.1255848692265735,1.802674029327498,0.6025380241575389,0.8165441680991454
6,closure_only,H_source_divflow,3,42,0.9085433524676862,1.6779749073509416,1.0464473601148714,1.2717565078053727
6,closure_only,H_rho_omega,0,0,1.327765894648218,0.7552397225870872,1.2678762690029812,0.8471413374120507
6,closure_only,H_rho_omega,0,14,0.8577484383344753,1.2637636557853993,1.3957729075960126,1.1537635179957404
6,closure_only,H_rho_omega,0,28,1.4663635395805548,1.7009001610267145,1.7399758832659793,1.045337905659456
6,closure_only,H_rho_omega,0,42,1.444651948506682,0.6661749909365287,1.155239096293674,-0.06236572652379718
6,closure_only,H_rho_omega,1,0,1.2004854665254439,1.470488600824719,1.4406692527621374,1.0531727401712225
6,closure_only,H_rho_omega,1,14,0.5354327891383726,1.2595261685072887,1.0378297274190245,1.5352363024022369
6,closure_only,H_rho_omega,1,28,1.0927723442290695,1.7076748861541602,1.297905469515684,1.6415850138626085
6,closure_only,H_rho_omega,1,42,1.3144181040322986,2.304853698808939,1.6993667813345277,1.5911583878410147
6,closure_only,H_rho_omega,2,0,0.5970905699960247,1.6209206044352975,0.7837232372749972,0.8110959388433078
6,closure_only,H_rho_omega,2,14,0.5325363345665298,0.20848802142354064,0.39463168479329624,0.7509821210149764
6,closure_only,H_rho_omega,2,28,1.3349540339129369,1.6701049316823027,1.0571053840873017,1.1846896777343516
6,closure_only,H_rho_omega,2,42,1.30820613353367,2.111985127193753,0.9680160955625312,0.9375083692171823
6,closure_only,H_rho_omega,3,0,0.8052035146734998,1.2088912165710366,0.6261321117297574,0.6485976969046148
6,closure_only,H_rho_omega,3,14,0.6457680081767512,0.9782397741716552,0.8123840916361681,0.5119194594101016
6,closure_only,H_rho_omega,3,28,0.9472682812932092,1.802674029327498,0.6025380241575389,0.8165441680991454
6,closure_only,H_rho_omega,3,42,0.7352003981588027,1.6779749073509416,1.0464473601148714,1.2717565078053727
6,identity_plus_closure,H_current,0,0,1.688458150234393,0.050425491788230796,0.09555036950179951,0.13009229300639857
6,identity_plus_closure,H_current,0,14,0.779232842084926,0.047990117294666755,0.0632953345678743,-0.5312366193755234
6,identity_plus_closure,H_current,0,28,1.1189925297042536,0.05015309520541835,0.05075954860374108,-0.026637738776080666
6,identity_plus_closure,H_current,0,42,1.3756352198625486,0.04196230115307056,0.07694444659228979,0.515045668056372
6,identity_plus_closure,H_current,1,0,1.484210002940022,0.027906893836939457,0.10532719252170117,0.17483373257654566
6,identity_plus_closure,H_current,1,14,0.7180849776377863,0.022904824535480012,0.06562266167780216,0.17908157917756262
6,identity_plus_closure,H_current,1,28,0.5524628340093785,0.028384888054945035,0.06547206770139488,-0.7428126027724022
6,identity_plus_closure,H_current,1,42,1.5222803027809284,0.021711387703112477,0.34045889764930853,0.05811293093894787
6,identity_plus_closure,H_current,2,0,0.6836080780986007,0.0005334970328617792,0.5085598677017195,-0.18171096256572106
6,identity_plus_closure,H_current,2,14,0.4609390602829044,0.00033308373760825493,0.3778794948532598,-0.8730753901796682
6,identity_plus_closure,H_current,2,28,1.507552157336772,0.0005757859867201224,1.054049888497697,0.0743472971783603
6,identity_plus_closure,H_current,2,42,1.452312848742555,0.0004441109340871227,0.7416369136695335,0.05075277085939145
6,identity_plus_closure,H_current,3,0,0.6919632698295232,0.0023413747191774674,0.5672602906555649,0.06890753359661395
6,identity_plus_closure,H_current,3,14,0.8201648655286193,0.0024877143891949343,0.6898341762431954,-0.012071103774008218
6,identity_plus_closure,H_current,3,28,0.8277495712465857,0.005829835893057176,0.5936088195773367,0.03857834310657293
6,identity_plus_closure,H_current,3,42,0.8647694405590719,0.0019556234019534953,1.1163498773632705,0.001572749281328667
6,identity_plus_closure,H_source_only,0,0,1.6355259198278775,0.050425491788230796,0.09555036950179951,0.13009229300639857
6,identity_plus_closure,H_source_only,0,14,0.7317570755935388,0.047990117294666755,0.0632953345678743,-0.5312366193755234
6,identity_plus_closure,H_source_only,0,28,1.1051244944108467,0.05015309520541835,0.05075954860374108,-0.026637738776080666
6,identity_plus_closure,H_source_only,0,42,1.4082607131028593,0.04196230115307056,0.07694444659228979,0.515045668056372
6,identity_plus_closure,H_source_only,1,0,1.4146632625198108,0.027906893836939457,0.10532719252170117,0.17483373257654566
6,identity_plus_closure,H_source_only,1,14,0.5951827087946188,0.022904824535480012,0.06562266167780216,0.17908157917756262
6,identity_plus_closure,H_source_only,1,28,0.6723354006092979,0.028384888054945035,0.06547206770139488,-0.7428126027724022
6,identity_plus_closure,H_source_only,1,42,1.4122123449652253,0.021711387703112477,0.34045889764930853,0.05811293093894787
6,identity_plus_closure,H_source_only,2,0,0.6439395811527119,0.0005334970328617792,0.5085598677017195,-0.18171096256572106
6,identity_plus_closure,H_source_only,2,14,0.5329503602650095,0.00033308373760825493,0.3778794948532598,-0.8730753901796682
6,identity_plus_closure,H_source_only,2,28,1.4127973847243798,0.0005757859867201224,1.054049888497697,0.0743472971783603
6,identity_plus_closure,H_source_only,2,42,1.2955991712686012,0.0004441109340871227,0.7416369136695335,0.05075277085939145
6,identity_plus_closure,H_source_only,3,0,0.6188649409414012,0.0023413747191774674,0.5672602906555649,0.06890753359661395
6,identity_plus_closure,H_source_only,3,14,0.6766590471478676,0.0024877143891949343,0.6898341762431954,-0.012071103774008218
6,identity_plus_closure,H_source_only,3,28,0.6815130530786004,0.005829835893057176,0.5936088195773367,0.03857834310657293
6,identity_plus_closure,H_source_only,3,42,0.8025606767803302,0.0019556234019534953,1.1163498773632705,0.001572749281328667
6,identity_plus_closure,H_response_only,0,0,1.782984768480533,0.050425491788230796,0.09555036950179951,0.13009229300639857
6,identity_plus_closure,H_response_only,0,14,0.8891378921276587,0.047990117294666755,0.0632953345678743,-0.5312366193755234
6,identity_plus_closure,H_response_only,0,28,1.1507643004958332,0.05015309520541835,0.05075954860374108,-0.026637738776080666
6,identity_plus_closure,H_response_only,0,42,1.3193014451915177,0.04196230115307056,0.07694444659228979,0.515045668056372
6,identity_plus_closure,H_response_only,1,0,1.5881334880051812,0.027906893836939457,0.10532719252170117,0.17483373257654566
6,identity_plus_closure,H_response_only,1,14,0.9065492469624669,0.022904824535480012,0.06562266167780216,0.17908157917756262
6,identity_plus_closure,H_response_only,1,28,0.6034920509980196,0.028384888054945035,0.06547206770139488,-0.7428126027724022
6,identity_plus_closure,H_response_only,1,42,1.7097664667382557,0.021711387703112477,0.34045889764930853,0.05811293093894787
6,identity_plus_closure,H_response_only,2,0,0.7044567603342504,0.0005334970328617792,0.5085598677017195,-0.18171096256572106
6,identity_plus_closure,H_response_only,2,14,0.28687486776658805,0.00033308373760825493,0.3778794948532598,-0.8730753901796682
6,identity_plus_closure,H_response_only,2,28,1.7102858655572428,0.0005757859867201224,1.054049888497697,0.0743472971783603
6,identity_plus_closure,H_response_only,2,42,1.780116272693707,0.0004441109340871227,0.7416369136695335,0.05075277085939145
6,identity_plus_closure,H_response_only,3,0,0.8428072647600371,0.0023413747191774674,0.5672602906555649,0.06890753359661395
6,identity_plus_closure,H_response_only,3,14,1.1056389970009997,0.0024877143891949343,0.6898341762431954,-0.012071103774008218
6,identity_plus_closure,H_response_only,3,28,1.138376300186937,0.005829835893057176,0.5936088195773367,0.03857834310657293
6,identity_plus_closure,H_response_only,3,42,1.0710139561976146,0.0019556234019534953,1.1163498773632705,0.001572749281328667
6,identity_plus_closure,H_source_divflow,0,0,1.465530476307362,0.050425491788230796,0.09555036950179951,0.13009229300639857
6,identity_plus_closure,H_source_divflow,0,14,0.8449666101224785,0.047990117294666755,0.0632953345678743,-0.5312366193755234
6,identity_plus_closure,H_source_divflow,0,28,1.1750096230252614,0.05015309520541835,0.05075954860374108,-0.026637738776080666
6,identity_plus_closure,H_source_divflow,0,42,1.2201407683011953,0.04196230115307056,0.07694444659228979,0.515045668056372
6,identity_plus_closure,H_source_divflow,1,0,1.2064128250238115,0.027906893836939457,0.10532719252170117,0.17483373257654566
6,identity_plus_closure,H_source_divflow,1,14,0.5154181014400477,0.022904824535480012,0.06562266167780216,0.17908157917756262
6,identity_plus_closure,H_source_divflow,1,28,0.47387126155084336,0.028384888054945035,0.06547206770139488,-0.7428126027724022
6,identity_plus_closure,H_source_divflow,1,42,1.322494371691272,0.021711387703112477,0.34045889764930853,0.05811293093894787
6,identity_plus_closure,H_source_divflow,2,0,0.5227090832723355,0.0005334970328617792,0.5085598677017195,-0.18171096256572106
6,identity_plus_closure,H_source_divflow,2,14,0.37393649221859426,0.00033308373760825493,0.3778794948532598,-0.8730753901796682
6,identity_plus_closure,H_source_divflow,2,28,1.1747615484127896,0.0005757859867201224,1.054049888497697,0.0743472971783603
6,identity_plus_closure,H_source_divflow,2,42,1.5234284260681397,0.0004441109340871227,0.7416369136695335,0.05075277085939145
6,identity_plus_closure,H_source_divflow,3,0,0.5802349868239054,0.0023413747191774674,0.5672602906555649,0.06890753359661395
6,identity_plus_closure,H_source_divflow,3,14,0.5574414772943626,0.0024877143891949343,0.6898341762431954,-0.012071103774008218
6,identity_plus_closure,H_source_divflow,3,28,0.5688475251986422,0.005829835893057176,0.5936088195773367,0.03857834310657293
6,identity_plus_closure,H_source_divflow,3,42,0.7327840153381711,0.0019556234019534953,1.1163498773632705,0.001572749281328667
6,identity_plus_closure,H_rho_omega,0,0,1.5315696715178384,0.050425491788230796,0.09555036950179951,0.13009229300639857
6,identity_plus_closure,H_rho_omega,0,14,0.80150208026356,0.047990117294666755,0.0632953345678743,-0.5312366193755234
6,identity_plus_closure,H_rho_omega,0,28,1.0266324196033725,0.05015309520541835,0.05075954860374108,-0.026637738776080666
6,identity_plus_closure,H_rho_omega,0,42,1.5276300456629779,0.04196230115307056,0.07694444659228979,0.515045668056372
6,identity_plus_closure,H_rho_omega,1,0,1.2502784081405451,0.027906893836939457,0.10532719252170117,0.17483373257654566
6,identity_plus_closure,H_rho_omega,1,14,0.5371948744504025,0.022904824535480012,0.06562266167780216,0.17908157917756262
6,identity_plus_closure,H_rho_omega,1,28,0.78060697954688,0.028384888054945035,0.06547206770139488,-0.7428126027724022
6,identity_plus_closure,H_rho_omega,1,42,1.1722403181090546,0.021711387703112477,0.34045889764930853,0.05811293093894787
6,identity_plus_closure,H_rho_omega,2,0,0.5083374981937288,0.0005334970328617792,0.5085598677017195,-0.18171096256572106
6,identity_plus_closure,H_rho_omega,2,14,0.530884046127284,0.00033308373760825493,0.3778794948532598,-0.8730753901796682
6,identity_plus_closure,H_rho_omega,2,28,1.4016193306249902,0.0005757859867201224,1.054049888497697,0.0743472971783603
6,identity_plus_closure,H_rho_omega,2,42,1.1930122578935864,0.0004441109340871227,0.7416369136695335,0.05075277085939145
6,identity_plus_closure,H_rho_omega,3,0,0.5984431727776794,0.0023413747191774674,0.5672602906555649,0.06890753359661395
6,identity_plus_closure,H_rho_omega,3,14,0.5858797307436713,0.0024877143891949343,0.6898341762431954,-0.012071103774008218
6,identity_plus_closure,H_rho_omega,3,28,0.5660289815496075,0.005829835893057176,0.5936088195773367,0.03857834310657293
6,identity_plus_closure,H_rho_omega,3,42,0.7113934837070045,0.0019556234019534953,1.1163498773632705,0.001572749281328667
6,identity_closure_momentum,H_current,0,0,1.688458150234393,0.050425491788230796,0.09555036950179951,0.13009229300639857
6,identity_closure_momentum,H_current,0,14,0.779232842084926,0.047990117294666755,0.0632953345678743,-0.5312366193755234
6,identity_closure_momentum,H_current,0,28,1.1189925297042536,0.05015309520541835,0.05075954860374108,-0.026637738776080666
6,identity_closure_momentum,H_current,0,42,1.3756352198625486,0.04196230115307056,0.07694444659228979,0.515045668056372
6,identity_closure_momentum,H_current,1,0,1.484210002940022,0.027906893836939457,0.10532719252170117,0.17483373257654566
6,identity_closure_momentum,H_current,1,14,0.7180849776377863,0.022904824535480012,0.06562266167780216,0.17908157917756262
6,identity_closure_momentum,H_current,1,28,0.5524628340093785,0.028384888054945035,0.06547206770139488,-0.7428126027724022
6,identity_closure_momentum,H_current,1,42,1.5222803027809284,0.021711387703112477,0.34045889764930853,0.05811293093894787
6,identity_closure_momentum,H_current,2,0,0.6836080780986007,0.0005334970328617792,0.5085598677017195,-0.18171096256572106
6,identity_closure_momentum,H_current,2,14,0.4609390602829044,0.00033308373760825493,0.3778794948532598,-0.8730753901796682
6,identity_closure_momentum,H_current,2,28,1.507552157336772,0.0005757859867201224,1.054049888497697,0.0743472971783603
6,identity_closure_momentum,H_current,2,42,1.452312848742555,0.0004441109340871227,0.7416369136695335,0.05075277085939145
6,identity_closure_momentum,H_current,3,0,0.6919632698295232,0.0023413747191774674,0.5672602906555649,0.06890753359661395
6,identity_closure_momentum,H_current,3,14,0.8201648655286193,0.0024877143891949343,0.6898341762431954,-0.012071103774008218
6,identity_closure_momentum,H_current,3,28,0.8277495712465857,0.005829835893057176,0.5936088195773367,0.03857834310657293
6,identity_closure_momentum,H_current,3,42,0.8647694405590719,0.0019556234019534953,1.1163498773632705,0.001572749281328667
6,identity_closure_momentum,H_source_only,0,0,1.6355259198278775,0.050425491788230796,0.09555036950179951,0.13009229300639857
6,identity_closure_momentum,H_source_only,0,14,0.7317570755935388,0.047990117294666755,0.0632953345678743,-0.5312366193755234
6,identity_closure_momentum,H_source_only,0,28,1.1051244944108467,0.05015309520541835,0.05075954860374108,-0.026637738776080666
6,identity_closure_momentum,H_source_only,0,42,1.4082607131028593,0.04196230115307056,0.07694444659228979,0.515045668056372
6,identity_closure_momentum,H_source_only,1,0,1.4146632625198108,0.027906893836939457,0.10532719252170117,0.17483373257654566
6,identity_closure_momentum,H_source_only,1,14,0.5951827087946188,0.022904824535480012,0.06562266167780216,0.17908157917756262
6,identity_closure_momentum,H_source_only,1,28,0.6723354006092979,0.028384888054945035,0.06547206770139488,-0.7428126027724022
6,identity_closure_momentum,H_source_only,1,42,1.4122123449652253,0.021711387703112477,0.34045889764930853,0.05811293093894787
6,identity_closure_momentum,H_source_only,2,0,0.6439395811527119,0.0005334970328617792,0.5085598677017195,-0.18171096256572106
6,identity_closure_momentum,H_source_only,2,14,0.5329503602650095,0.00033308373760825493,0.3778794948532598,-0.8730753901796682
6,identity_closure_momentum,H_source_only,2,28,1.4127973847243798,0.0005757859867201224,1.054049888497697,0.0743472971783603
6,identity_closure_momentum,H_source_only,2,42,1.2955991712686012,0.0004441109340871227,0.7416369136695335,0.05075277085939145
6,identity_closure_momentum,H_source_only,3,0,0.6188649409414012,0.0023413747191774674,0.5672602906555649,0.06890753359661395
6,identity_closure_momentum,H_source_only,3,14,0.6766590471478676,0.0024877143891949343,0.6898341762431954,-0.012071103774008218
6,identity_closure_momentum,H_source_only,3,28,0.6815130530786004,0.005829835893057176,0.5936088195773367,0.03857834310657293
6,identity_closure_momentum,H_source_only,3,42,0.8025606767803302,0.0019556234019534953,1.1163498773632705,0.001572749281328667
6,identity_closure_momentum,H_response_only,0,0,1.782984768480533,0.050425491788230796,0.09555036950179951,0.13009229300639857
6,identity_closure_momentum,H_response_only,0,14,0.8891378921276587,0.047990117294666755,0.0632953345678743,-0.5312366193755234
6,identity_closure_momentum,H_response_only,0,28,1.1507643004958332,0.05015309520541835,0.05075954860374108,-0.026637738776080666
6,identity_closure_momentum,H_response_only,0,42,1.3193014451915177,0.04196230115307056,0.07694444659228979,0.515045668056372
6,identity_closure_momentum,H_response_only,1,0,1.5881334880051812,0.027906893836939457,0.10532719252170117,0.17483373257654566
6,identity_closure_momentum,H_response_only,1,14,0.9065492469624669,0.022904824535480012,0.06562266167780216,0.17908157917756262
6,identity_closure_momentum,H_response_only,1,28,0.6034920509980196,0.028384888054945035,0.06547206770139488,-0.7428126027724022
6,identity_closure_momentum,H_response_only,1,42,1.7097664667382557,0.021711387703112477,0.34045889764930853,0.05811293093894787
6,identity_closure_momentum,H_response_only,2,0,0.7044567603342504,0.0005334970328617792,0.5085598677017195,-0.18171096256572106
6,identity_closure_momentum,H_response_only,2,14,0.28687486776658805,0.00033308373760825493,0.3778794948532598,-0.8730753901796682
6,identity_closure_momentum,H_response_only,2,28,1.7102858655572428,0.0005757859867201224,1.054049888497697,0.0743472971783603
6,identity_closure_momentum,H_response_only,2,42,1.780116272693707,0.0004441109340871227,0.7416369136695335,0.05075277085939145
6,identity_closure_momentum,H_response_only,3,0,0.8428072647600371,0.0023413747191774674,0.5672602906555649,0.06890753359661395
6,identity_closure_momentum,H_response_only,3,14,1.1056389970009997,0.0024877143891949343,0.6898341762431954,-0.012071103774008218
6,identity_closure_momentum,H_response_only,3,28,1.138376300186937,0.005829835893057176,0.5936088195773367,0.03857834310657293
6,identity_closure_momentum,H_response_only,3,42,1.0710139561976146,0.0019556234019534953,1.1163498773632705,0.001572749281328667
6,identity_closure_momentum,H_source_divflow,0,0,1.465530476307362,0.050425491788230796,0.09555036950179951,0.13009229300639857
6,identity_closure_momentum,H_source_divflow,0,14,0.8449666101224785,0.047990117294666755,0.0632953345678743,-0.5312366193755234
6,identity_closure_momentum,H_source_divflow,0,28,1.1750096230252614,0.05015309520541835,0.05075954860374108,-0.026637738776080666
6,identity_closure_momentum,H_source_divflow,0,42,1.2201407683011953,0.04196230115307056,0.07694444659228979,0.515045668056372
6,identity_closure_momentum,H_source_divflow,1,0,1.2064128250238115,0.027906893836939457,0.10532719252170117,0.17483373257654566
6,identity_closure_momentum,H_source_divflow,1,14,0.5154181014400477,0.022904824535480012,0.06562266167780216,0.17908157917756262
6,identity_closure_momentum,H_source_divflow,1,28,0.47387126155084336,0.028384888054945035,0.06547206770139488,-0.7428126027724022
6,identity_closure_momentum,H_source_divflow,1,42,1.322494371691272,0.021711387703112477,0.34045889764930853,0.05811293093894787
6,identity_closure_momentum,H_source_divflow,2,0,0.5227090832723355,0.0005334970328617792,0.5085598677017195,-0.18171096256572106
6,identity_closure_momentum,H_source_divflow,2,14,0.37393649221859426,0.00033308373760825493,0.3778794948532598,-0.8730753901796682
6,identity_closure_momentum,H_source_divflow,2,28,1.1747615484127896,0.0005757859867201224,1.054049888497697,0.0743472971783603
6,identity_closure_momentum,H_source_divflow,2,42,1.5234284260681397,0.0004441109340871227,0.7416369136695335,0.05075277085939145
6,identity_closure_momentum,H_source_divflow,3,0,0.5802349868239054,0.0023413747191774674,0.5672602906555649,0.06890753359661395
6,identity_closure_momentum,H_source_divflow,3,14,0.5574414772943626,0.0024877143891949343,0.6898341762431954,-0.012071103774008218
6,identity_closure_momentum,H_source_divflow,3,28,0.5688475251986422,0.005829835893057176,0.5936088195773367,0.03857834310657293
6,identity_closure_momentum,H_source_divflow,3,42,0.7327840153381711,0.0019556234019534953,1.1163498773632705,0.001572749281328667
6,identity_closure_momentum,H_rho_omega,0,0,1.5315696715178384,0.050425491788230796,0.09555036950179951,0.13009229300639857
6,identity_closure_momentum,H_rho_omega,0,14,0.80150208026356,0.047990117294666755,0.0632953345678743,-0.5312366193755234
6,identity_closure_momentum,H_rho_omega,0,28,1.0266324196033725,0.05015309520541835,0.05075954860374108,-0.026637738776080666
6,identity_closure_momentum,H_rho_omega,0,42,1.5276300456629779,0.04196230115307056,0.07694444659228979,0.515045668056372
6,identity_closure_momentum,H_rho_omega,1,0,1.2502784081405451,0.027906893836939457,0.10532719252170117,0.17483373257654566
6,identity_closure_momentum,H_rho_omega,1,14,0.5371948744504025,0.022904824535480012,0.06562266167780216,0.17908157917756262
6,identity_closure_momentum,H_rho_omega,1,28,0.78060697954688,0.028384888054945035,0.06547206770139488,-0.7428126027724022
6,identity_closure_momentum,H_rho_omega,1,42,1.1722403181090546,0.021711387703112477,0.34045889764930853,0.05811293093894787
6,identity_closure_momentum,H_rho_omega,2,0,0.5083374981937288,0.0005334970328617792,0.5085598677017195,-0.18171096256572106
6,identity_closure_momentum,H_rho_omega,2,14,0.530884046127284,0.00033308373760825493,0.3778794948532598,-0.8730753901796682
6,identity_closure_momentum,H_rho_omega,2,28,1.4016193306249902,0.0005757859867201224,1.054049888497697,0.0743472971783603
6,identity_closure_momentum,H_rho_omega,2,42,1.1930122578935864,0.0004441109340871227,0.7416369136695335,0.05075277085939145
6,identity_closure_momentum,H_rho_omega,3,0,0.5984431727776794,0.0023413747191774674,0.5672602906555649,0.06890753359661395
6,identity_closure_momentum,H_rho_omega,3,14,0.5858797307436713,0.0024877143891949343,0.6898341762431954,-0.012071103774008218
6,identity_closure_momentum,H_rho_omega,3,28,0.5660289815496075,0.005829835893057176,0.5936088195773367,0.03857834310657293
6,identity_closure_momentum,H_rho_omega,3,42,0.7113934837070045,0.0019556234019534953,1.1163498773632705,0.001572749281328667
6,full_stack,H_current,0,0,1.6884581502329525,0.05042549178823093,0.09555036950179945,0.13009229298361558
6,full_stack,H_current,0,14,0.7792328420962381,0.04799011729466677,0.06329533456787441,-0.531236619389196
6,full_stack,H_current,0,28,1.118992529695235,0.05015309520541834,0.05075954860374094,-0.02663773878210507
6,full_stack,H_current,0,42,1.3756352198657147,0.04196230115307045,0.07694444659228995,0.515045668108349
6,full_stack,H_current,1,0,1.4842100029353182,0.027906893836939454,0.10532719252170127,0.17483373256753743
6,full_stack,H_current,1,14,0.7180849776375673,0.022904824535480133,0.0656226616778022,0.17908157919176237
6,full_stack,H_current,1,28,0.5524628340073473,0.028384888054944886,0.06547206770139494,-0.7428126027632751
6,full_stack,H_current,1,42,1.5222803027816159,0.02171138770311253,0.3404588976493085,0.05811293093103831
6,full_stack,H_current,2,0,0.6836080780978913,0.000533497032862391,0.5085598677017193,-0.18171096236485995
6,full_stack,H_current,2,14,0.46093906029083404,0.0003330837376087833,0.3778794948532597,-0.8730753902198883
6,full_stack,H_current,2,28,1.507552157338578,0.000575785986720876,1.0540498884976968,0.07434729718089961
6,full_stack,H_current,2,42,1.4523128487398465,0.00044411093408941714,0.7416369136695333,0.05075277085342378
6,full_stack,H_current,3,0,0.6919632698328189,0.002341374719179319,0.567260290655565,0.06890753360122959
6,full_stack,H_current,3,14,0.8201648655239832,0.0024877143891968182,0.6898341762431954,-0.012071103771014613
6,full_stack,H_current,3,28,0.8277495712491333,0.005829835893061577,0.5936088195773367,0.03857834310713448
6,full_stack,H_current,3,42,0.8647694405579683,0.001955623401954849,1.1163498773632705,0.0015727492809097798
6,full_stack,H_source_only,0,0,1.6355259198278778,0.05042549178823093,0.09555036950179945,0.13009229298361558
6,full_stack,H_source_only,0,14,0.7317570755935389,0.04799011729466677,0.06329533456787441,-0.531236619389196
6,full_stack,H_source_only,0,28,1.1051244944108467,0.05015309520541834,0.05075954860374094,-0.02663773878210507
6,full_stack,H_source_only,0,42,1.4082607131028593,0.04196230115307045,0.07694444659228995,0.515045668108349
6,full_stack,H_source_only,1,0,1.414663262519811,0.027906893836939454,0.10532719252170127,0.17483373256753743
6,full_stack,H_source_only,1,14,0.5951827087946191,0.022904824535480133,0.0656226616778022,0.17908157919176237
6,full_stack,H_source_only,1,28,0.6723354006092979,0.028384888054944886,0.06547206770139494,-0.7428126027632751
6,full_stack,H_source_only,1,42,1.4122123449652242,0.02171138770311253,0.3404588976493085,0.05811293093103831
6,full_stack,H_source_only,2,0,0.6439395811527118,0.000533497032862391,0.5085598677017193,-0.18171096236485995
6,full_stack,H_source_only,2,14,0.5329503602650094,0.0003330837376087833,0.3778794948532597,-0.8730753902198883
6,full_stack,H_source_only,2,28,1.4127973847243795,0.000575785986720876,1.0540498884976968,0.07434729718089961
6,full_stack,H_source_only,2,42,1.2955991712686012,0.00044411093408941714,0.7416369136695333,0.05075277085342378
6,full_stack,H_source_only,3,0,0.6188649409414011,0.002341374719179319,0.567260290655565,0.06890753360122959
6,full_stack,H_source_only,3,14,0.6766590471478676,0.0024877143891968182,0.6898341762431954,-0.012071103771014613
6,full_stack,H_source_only,3,28,0.6815130530786004,0.005829835893061577,0.5936088195773367,0.03857834310713448
6,full_stack,H_source_only,3,42,0.8025606767803303,0.001955623401954849,1.1163498773632705,0.0015727492809097798
6,full_stack,H_response_only,0,0,1.7829847684774847,0.05042549178823093,0.09555036950179945,0.13009229298361558
6,full_stack,H_response_only,0,14,0.8891378921540329,0.04799011729466677,0.06329533456787441,-0.531236619389196
6,full_stack,H_response_only,0,28,1.1507643004729944,0.05015309520541834,0.05075954860374094,-0.02663773878210507
6,full_stack,H_response_only,0,42,1.3193014452017215,0.04196230115307045,0.07694444659228995,0.515045668108349
6,full_stack,H_response_only,1,0,1.588133487992243,0.027906893836939454,0.10532719252170127,0.17483373256753743
6,full_stack,H_response_only,1,14,0.9065492469645484,0.022904824535480133,0.0656226616778022,0.17908157919176237
6,full_stack,H_response_only,1,28,0.6034920509828694,0.028384888054944886,0.06547206770139494,-0.7428126027632751
6,full_stack,H_response_only,1,42,1.7097664667408918,0.02171138770311253,0.3404588976493085,0.05811293093103831
6,full_stack,H_response_only,2,0,0.7044567603320928,0.000533497032862391,0.5085598677017193,-0.18171096236485995
6,full_stack,H_response_only,2,14,0.2868748677895442,0.0003330837376087833,0.3778794948532597,-0.8730753902198883
6,full_stack,H_response_only,2,28,1.7102858655636364,0.000575785986720876,1.0540498884976968,0.07434729718089961
6,full_stack,H_response_only,2,42,1.7801162726852844,0.00044411093408941714,0.7416369136695333,0.05075277085342378
6,full_stack,H_response_only,3,0,0.8428072647704926,0.002341374719179319,0.567260290655565,0.06890753360122959
6,full_stack,H_response_only,3,14,1.1056389969847478,0.0024877143891968182,0.6898341762431954,-0.012071103771014613
6,full_stack,H_response_only,3,28,1.13837630019794,0.005829835893061577,0.5936088195773367,0.03857834310713448
6,full_stack,H_response_only,3,42,1.0710139561951444,0.001955623401954849,1.1163498773632705,0.0015727492809097798
6,full_stack,H_source_divflow,0,0,1.4655304763073624,0.05042549178823093,0.09555036950179945,0.13009229298361558
6,full_stack,H_source_divflow,0,14,0.8449666101224788,0.04799011729466677,0.06329533456787441,-0.531236619389196
6,full_stack,H_source_divflow,0,28,1.1750096230252616,0.05015309520541834,0.05075954860374094,-0.02663773878210507
6,full_stack,H_source_divflow,0,42,1.2201407683011956,0.04196230115307045,0.07694444659228995,0.515045668108349
6,full_stack,H_source_divflow,1,0,1.2064128250238115,0.027906893836939454,0.10532719252170127,0.17483373256753743
6,full_stack,H_source_divflow,1,14,0.5154181014400482,0.022904824535480133,0.0656226616778022,0.17908157919176237
6,full_stack,H_source_divflow,1,28,0.47387126155084314,0.028384888054944886,0.06547206770139494,-0.7428126027632751
6,full_stack,H_source_divflow,1,42,1.3224943716912707,0.02171138770311253,0.3404588976493085,0.05811293093103831
6,full_stack,H_source_divflow,2,0,0.5227090832723355,0.000533497032862391,0.5085598677017193,-0.18171096236485995
6,full_stack,H_source_divflow,2,14,0.3739364922185942,0.0003330837376087833,0.3778794948532597,-0.8730753902198883
6,full_stack,H_source_divflow,2,28,1.1747615484127898,0.000575785986720876,1.0540498884976968,0.07434729718089961
6,full_stack,H_source_divflow,2,42,1.5234284260681397,0.00044411093408941714,0.7416369136695333,0.05075277085342378
6,full_stack,H_source_divflow,3,0,0.5802349868239056,0.002341374719179319,0.567260290655565,0.06890753360122959
6,full_stack,H_source_divflow,3,14,0.5574414772943627,0.0024877143891968182,0.6898341762431954,-0.012071103771014613
6,full_stack,H_source_divflow,3,28,0.5688475251986422,0.005829835893061577,0.5936088195773367,0.03857834310713448
6,full_stack,H_source_divflow,3,42,0.7327840153381711,0.001955623401954849,1.1163498773632705,0.0015727492809097798
6,full_stack,H_rho_omega,0,0,1.531569671517838,0.05042549178823093,0.09555036950179945,0.13009229298361558
6,full_stack,H_rho_omega,0,14,0.8015020802635596,0.04799011729466677,0.06329533456787441,-0.531236619389196
6,full_stack,H_rho_omega,0,28,1.0266324196033716,0.05015309520541834,0.05075954860374094,-0.02663773878210507
6,full_stack,H_rho_omega,0,42,1.5276300456629783,0.04196230115307045,0.07694444659228995,0.515045668108349
6,full_stack,H_rho_omega,1,0,1.2502784081405458,0.027906893836939454,0.10532719252170127,0.17483373256753743
6,full_stack,H_rho_omega,1,14,0.537194874450402,0.022904824535480133,0.0656226616778022,0.17908157919176237
6,full_stack,H_rho_omega,1,28,0.7806069795468804,0.028384888054944886,0.06547206770139494,-0.7428126027632751
6,full_stack,H_rho_omega,1,42,1.1722403181090548,0.02171138770311253,0.3404588976493085,0.05811293093103831
6,full_stack,H_rho_omega,2,0,0.5083374981937286,0.000533497032862391,0.5085598677017193,-0.18171096236485995
6,full_stack,H_rho_omega,2,14,0.5308840461272838,0.0003330837376087833,0.3778794948532597,-0.8730753902198883
6,full_stack,H_rho_omega,2,28,1.40161933062499,0.000575785986720876,1.0540498884976968,0.07434729718089961
6,full_stack,H_rho_omega,2,42,1.1930122578935867,0.00044411093408941714,0.7416369136695333,0.05075277085342378
6,full_stack,H_rho_omega,3,0,0.5984431727776791,0.002341374719179319,0.567260290655565,0.06890753360122959
6,full_stack,H_rho_omega,3,14,0.585879730743671,0.0024877143891968182,0.6898341762431954,-0.012071103771014613
6,full_stack,H_rho_omega,3,28,0.5660289815496081,0.005829835893061577,0.5936088195773367,0.03857834310713448
6,full_stack,H_rho_omega,3,42,0.7113934837070045,0.001955623401954849,1.1163498773632705,0.0015727492809097798
7,weak_control,H_current,0,0,0.9103832401982193,0.8011183227920156,0.894919273706803,0.08972728689181142
7,weak_control,H_current,0,14,1.4743190778513808,0.8327571737815206,1.352465748855561,-0.4010379683305024
7,weak_control,H_current,0,28,1.0874331297384048,1.6837900433559096,0.877313433940365,0.34014444926352405
7,weak_control,H_current,0,42,1.514002550535258,0.907711903339521,1.6721411637344208,-0.30735989148073284
7,weak_control,H_current,1,0,1.1053811088083987,0.8295723884212381,1.4831295027034181,0.16461328623562044
7,weak_control,H_current,1,14,1.0909841242500458,0.5177285931754044,1.007705709624305,0.26961602309150934
7,weak_control,H_current,1,28,0.9696477339787655,0.9117323684442025,1.0352288865201518,-0.27483350997025124
7,weak_control,H_current,1,42,1.5194329912886775,1.2810550407442496,1.398605852094877,0.012950158847323867
7,weak_control,H_current,2,0,0.6850556805621796,0.6549697456914358,0.55185530133019,0.1260635963211494
7,weak_control,H_current,2,14,0.5236736681604977,0.19045105017404615,0.361442990887402,0.2984761690791108
7,weak_control,H_current,2,28,1.5056933221284896,0.7500960092763233,0.8999420397273966,0.0619001866492237
7,weak_control,H_current,2,42,1.3317327998606086,1.0831234037600064,0.7982427353779044,0.001197630132208971
7,weak_control,H_current,3,0,0.8656598853838753,0.8037277666072398,0.7301733005041111,0.024366166275090584
7,weak_control,H_current,3,14,0.7641833115622344,0.369953274255268,0.6273185575999526,0.021000862914659302
7,weak_control,H_current,3,28,0.9270634579803785,0.9174721698948618,0.6268852181326251,-0.024363082551277948
7,weak_control,H_current,3,42,0.8743365437009268,0.6703704510215766,1.3031841041068322,0.07401027602008181
7,weak_control,H_source_only,0,0,0.9465452107639394,0.8011183227920156,0.894919273706803,0.08972728689181142
7,weak_control,H_source_only,0,14,1.3987381293359717,0.8327571737815206,1.352465748855561,-0.4010379683305024
7,weak_control,H_source_only,0,28,1.1490778394061196,1.6837900433559096,0.877313433940365,0.34014444926352405
7,weak_control,H_source_only,0,42,1.3953618011409374,0.907711903339521,1.6721411637344208,-0.30735989148073284
7,weak_control,H_source_only,1,0,0.9972286146540174,0.8295723884212381,1.4831295027034181,0.16461328623562044
7,weak_control,H_source_only,1,14,1.005172819978027,0.5177285931754044,1.007705709624305,0.26961602309150934
7,weak_control,H_source_only,1,28,0.9839277951922518,0.9117323684442025,1.0352288865201518,-0.27483350997025124
7,weak_control,H_source_only,1,42,1.487862933438103,1.2810550407442496,1.398605852094877,0.012950158847323867
7,weak_control,H_source_only,2,0,0.5998529800200065,0.6549697456914358,0.55185530133019,0.1260635963211494
7,weak_control,H_source_only,2,14,0.5103066860379956,0.19045105017404615,0.361442990887402,0.2984761690791108
7,weak_control,H_source_only,2,28,1.467362967327606,0.7500960092763233,0.8999420397273966,0.0619001866492237
7,weak_control,H_source_only,2,42,1.1813639276427208,1.0831234037600064,0.7982427353779044,0.001197630132208971
7,weak_control,H_source_only,3,0,0.6973182803570082,0.8037277666072398,0.7301733005041111,0.024366166275090584
7,weak_control,H_source_only,3,14,0.6987887892721063,0.369953274255268,0.6273185575999526,0.021000862914659302
7,weak_control,H_source_only,3,28,0.8366017448542212,0.9174721698948618,0.6268852181326251,-0.024363082551277948
7,weak_control,H_source_only,3,42,0.8775460524911164,0.6703704510215766,1.3031841041068322,0.07401027602008181
7,weak_control,H_response_only,0,0,0.9115170629347903,0.8011183227920156,0.894919273706803,0.08972728689181142
7,weak_control,H_response_only,0,14,1.5554681908143182,0.8327571737815206,1.352465748855561,-0.4010379683305024
7,weak_control,H_response_only,0,28,1.0971459987970833,1.6837900433559096,0.877313433940365,0.34014444926352405
7,weak_control,H_response_only,0,42,1.6936968912825305,0.907711903339521,1.6721411637344208,-0.30735989148073284
7,weak_control,H_response_only,1,0,1.3120750375208823,0.8295723884212381,1.4831295027034181,0.16461328623562044
7,weak_control,H_response_only,1,14,1.242995722030753,0.5177285931754044,1.007705709624305,0.26961602309150934
7,weak_control,H_response_only,1,28,1.0595244005689097,0.9117323684442025,1.0352288865201518,-0.27483350997025124
7,weak_control,H_response_only,1,42,1.5388502832507045,1.2810550407442496,1.398605852094877,0.012950158847323867
7,weak_control,H_response_only,2,0,0.8533520743286828,0.6549697456914358,0.55185530133019,0.1260635963211494
7,weak_control,H_response_only,2,14,0.545727506566653,0.19045105017404615,0.361442990887402,0.2984761690791108
7,weak_control,H_response_only,2,28,1.589776262886145,0.7500960092763233,0.8999420397273966,0.0619001866492237
7,weak_control,H_response_only,2,42,1.6375449715348214,1.0831234037600064,0.7982427353779044,0.001197630132208971
7,weak_control,H_response_only,3,0,1.1973151472208081,0.8037277666072398,0.7301733005041111,0.024366166275090584
7,weak_control,H_response_only,3,14,0.9136688331979399,0.369953274255268,0.6273185575999526,0.021000862914659302
7,weak_control,H_response_only,3,28,1.1476924871976963,0.9174721698948618,0.6268852181326251,-0.024363082551277948
7,weak_control,H_response_only,3,42,0.8469880593275589,0.6703704510215766,1.3031841041068322,0.07401027602008181
7,weak_control,H_source_divflow,0,0,0.7556654391055261,0.8011183227920156,0.894919273706803,0.08972728689181142
7,weak_control,H_source_divflow,0,14,1.3996702742416325,0.8327571737815206,1.352465748855561,-0.4010379683305024
7,weak_control,H_source_divflow,0,28,1.135543876363911,1.6837900433559096,0.877313433940365,0.34014444926352405
7,weak_control,H_source_divflow,0,42,1.3066213781602622,0.907711903339521,1.6721411637344208,-0.30735989148073284
7,weak_control,H_source_divflow,1,0,0.9650762117561861,0.8295723884212381,1.4831295027034181,0.16461328623562044
7,weak_control,H_source_divflow,1,14,1.0074719664909855,0.5177285931754044,1.007705709624305,0.26961602309150934
7,weak_control,H_source_divflow,1,28,0.8743598087500742,0.9117323684442025,1.0352288865201518,-0.27483350997025124
7,weak_control,H_source_divflow,1,42,1.4138786598828261,1.2810550407442496,1.398605852094877,0.012950158847323867
7,weak_control,H_source_divflow,2,0,0.6025823422811541,0.6549697456914358,0.55185530133019,0.1260635963211494
7,weak_control,H_source_divflow,2,14,0.4428600267338404,0.19045105017404615,0.361442990887402,0.2984761690791108
7,weak_control,H_source_divflow,2,28,1.2669405635643733,0.7500960092763233,0.8999420397273966,0.0619001866492237
7,weak_control,H_source_divflow,2,42,1.5662080967840144,1.0831234037600064,0.7982427353779044,0.001197630132208971
7,weak_control,H_source_divflow,3,0,0.7416875169908662,0.8037277666072398,0.7301733005041111,0.024366166275090584
7,weak_control,H_source_divflow,3,14,0.6432879814816801,0.369953274255268,0.6273185575999526,0.021000862914659302
7,weak_control,H_source_divflow,3,28,0.7122701519685005,0.9174721698948618,0.6268852181326251,-0.024363082551277948
7,weak_control,H_source_divflow,3,42,0.7495767862228967,0.6703704510215766,1.3031841041068322,0.07401027602008181
7,weak_control,H_rho_omega,0,0,0.8294192897298537,0.8011183227920156,0.894919273706803,0.08972728689181142
7,weak_control,H_rho_omega,0,14,1.220502677413041,0.8327571737815206,1.352465748855561,-0.4010379683305024
7,weak_control,H_rho_omega,0,28,1.3297188080673794,1.6837900433559096,0.877313433940365,0.34014444926352405
7,weak_control,H_rho_omega,0,42,1.5699420780639233,0.907711903339521,1.6721411637344208,-0.30735989148073284
7,weak_control,H_rho_omega,1,0,0.9183259757355857,0.8295723884212381,1.4831295027034181,0.16461328623562044
7,weak_control,H_rho_omega,1,14,0.7636933563097621,0.5177285931754044,1.007705709624305,0.26961602309150934
7,weak_control,H_rho_omega,1,28,1.3111439415963524,0.9117323684442025,1.0352288865201518,-0.27483350997025124
7,weak_control,H_rho_omega,1,42,1.699650866891213,1.2810550407442496,1.398605852094877,0.012950158847323867
7,weak_control,H_rho_omega,2,0,0.5866801209480299,0.6549697456914358,0.55185530133019,0.1260635963211494
7,weak_control,H_rho_omega,2,14,0.46868043794223874,0.19045105017404615,0.361442990887402,0.2984761690791108
7,weak_control,H_rho_omega,2,28,1.5844400239430105,0.7500960092763233,0.8999420397273966,0.0619001866492237
7,weak_control,H_rho_omega,2,42,1.4252294718436636,1.0831234037600064,0.7982427353779044,0.001197630132208971
7,weak_control,H_rho_omega,3,0,0.8343405561798156,0.8037277666072398,0.7301733005041111,0.024366166275090584
7,weak_control,H_rho_omega,3,14,0.8017163085767498,0.369953274255268,0.6273185575999526,0.021000862914659302
7,weak_control,H_rho_omega,3,28,1.1894398150338081,0.9174721698948618,0.6268852181326251,-0.024363082551277948
7,weak_control,H_rho_omega,3,42,0.9930291240578513,0.6703704510215766,1.3031841041068322,0.07401027602008181
7,identity_only,H_current,0,0,1.6584742847386478,0.04372607645094987,0.09319924017671946,0.07368583985101518
7,identity_only,H_current,0,14,1.093055219179715,0.05064100480433192,0.07267488569683471,-0.9591744883527672
7,identity_only,H_current,0,28,0.8296241548519999,0.04885338976078604,0.04530889847392199,0.6144505832809848
7,identity_only,H_current,0,42,1.4044413701441483,0.05071066633877609,0.09698121519761335,-0.7778980653045542
7,identity_only,H_current,1,0,1.3354494106172088,0.027405109544342863,0.14823011819118412,0.13030149337299202
7,identity_only,H_current,1,14,0.7853923307142094,0.025231883318013633,0.0952808495308589,0.6212016449498989
7,identity_only,H_current,1,28,0.3626962436020526,0.027307925254109626,0.10912733280183004,-0.1448519290858642
7,identity_only,H_current,1,42,1.639035320508995,0.02447853142515062,0.4891672780733609,0.01842582780624802
7,identity_only,H_current,2,0,0.686544470050543,0.0006214415009390486,0.488784314234272,0.21286985403041958
7,identity_only,H_current,2,14,0.520195978066229,0.00033268067928544676,0.3013916374528433,-0.42917437512520473
7,identity_only,H_current,2,28,1.5540968435446054,0.0005560539762781538,0.8516885829893603,0.06639076798160404
7,identity_only,H_current,2,42,1.3326381897765585,0.00043820488646640737,0.7724921492155993,0.0953315203156836
7,identity_only,H_current,3,0,0.8201531482901568,0.0009661141253769522,0.7868996726331763,0.03769036640020973
7,identity_only,H_current,3,14,0.8614839093836161,0.0020726130513497383,0.7029853688524152,0.04468797193293428
7,identity_only,H_current,3,28,0.9474077441128402,0.006372615435390318,0.6586460642423102,-0.011211585985145489
7,identity_only,H_current,3,42,0.847365554249628,0.002521203117437778,1.378940395921463,0.1142464297921475
7,identity_only,H_source_only,0,0,1.6227006259014274,0.04372607645094987,0.09319924017671946,0.07368583985101518
7,identity_only,H_source_only,0,14,0.9923668122498062,0.05064100480433192,0.07267488569683471,-0.9591744883527672
7,identity_only,H_source_only,0,28,0.9031907422767765,0.04885338976078604,0.04530889847392199,0.6144505832809848
7,identity_only,H_source_only,0,42,1.412099668256205,0.05071066633877609,0.09698121519761335,-0.7778980653045542
7,identity_only,H_source_only,1,0,1.2889739427769034,0.027405109544342863,0.14823011819118412,0.13030149337299202
7,identity_only,H_source_only,1,14,0.6911941827988627,0.025231883318013633,0.0952808495308589,0.6212016449498989
7,identity_only,H_source_only,1,28,0.4814388581456621,0.027307925254109626,0.10912733280183004,-0.1448519290858642
7,identity_only,H_source_only,1,42,1.6077129962600576,0.02447853142515062,0.4891672780733609,0.01842582780624802
7,identity_only,H_source_only,2,0,0.5968744363941005,0.0006214415009390486,0.488784314234272,0.21286985403041958
7,identity_only,H_source_only,2,14,0.5061691086208002,0.00033268067928544676,0.3013916374528433,-0.42917437512520473
7,identity_only,H_source_only,2,28,1.5184115623345813,0.0005560539762781538,0.8516885829893603,0.06639076798160404
7,identity_only,H_source_only,2,42,1.1916928318925117,0.00043820488646640737,0.7724921492155993,0.0953315203156836
7,identity_only,H_source_only,3,0,0.6424523417906812,0.0009661141253769522,0.7868996726331763,0.03769036640020973
7,identity_only,H_source_only,3,14,0.6603145224065213,0.0020726130513497383,0.7029853688524152,0.04468797193293428
7,identity_only,H_source_only,3,28,0.8469807524339819,0.006372615435390318,0.6586460642423102,-0.011211585985145489
7,identity_only,H_source_only,3,42,0.9067125486737146,0.002521203117437778,1.378940395921463,0.1142464297921475
7,identity_only,H_response_only,0,0,1.7990930755699186,0.04372607645094987,0.09319924017671946,0.07368583985101518
7,identity_only,H_response_only,0,14,1.1238168487166564,0.05064100480433192,0.07267488569683471,-0.9591744883527672
7,identity_only,H_response_only,0,28,0.9544475139548921,0.04885338976078604,0.04530889847392199,0.6144505832809848
7,identity_only,H_response_only,0,42,1.3334648388785575,0.05071066633877609,0.09698121519761335,-0.7778980653045542
7,identity_only,H_response_only,1,0,1.492931257837086,0.027405109544342863,0.14823011819118412,0.13030149337299202
7,identity_only,H_response_only,1,14,0.9403306637825483,0.025231883318013633,0.0952808495308589,0.6212016449498989
7,identity_only,H_response_only,1,28,0.3187238366264679,0.027307925254109626,0.10912733280183004,-0.1448519290858642
7,identity_only,H_response_only,1,42,1.684778959584417,0.02447853142515062,0.4891672780733609,0.01842582780624802
7,identity_only,H_response_only,2,0,0.9100126261143477,0.0006214415009390486,0.488784314234272,0.21286985403041958
7,identity_only,H_response_only,2,14,0.5062687592122957,0.00033268067928544676,0.3013916374528433,-0.42917437512520473
7,identity_only,H_response_only,2,28,1.6500898127387365,0.0005560539762781538,0.8516885829893603,0.06639076798160404
7,identity_only,H_response_only,2,42,1.6354678875596127,0.00043820488646640737,0.7724921492155993,0.0953315203156836
7,identity_only,H_response_only,3,0,1.1716639108093563,0.0009661141253769522,0.7868996726331763,0.03769036640020973
7,identity_only,H_response_only,3,14,1.226156570226188,0.0020726130513497383,0.7029853688524152,0.04468797193293428
7,identity_only,H_response_only,3,28,1.2422391592140987,0.006372615435390318,0.6586460642423102,-0.011211585985145489
7,identity_only,H_response_only,3,42,0.8274038697020372,0.002521203117437778,1.378940395921463,0.1142464297921475
7,identity_only,H_source_divflow,0,0,1.4413474942088722,0.04372607645094987,0.09319924017671946,0.07368583985101518
7,identity_only,H_source_divflow,0,14,1.1020523622664526,0.05064100480433192,0.07267488569683471,-0.9591744883527672
7,identity_only,H_source_divflow,0,28,0.9599851273467644,0.04885338976078604,0.04530889847392199,0.6144505832809848
7,identity_only,H_source_divflow,0,42,1.2373662919317403,0.05071066633877609,0.09698121519761335,-0.7778980653045542
7,identity_only,H_source_divflow,1,0,1.2016339915365424,0.027405109544342863,0.14823011819118412,0.13030149337299202
7,identity_only,H_source_divflow,1,14,0.4859403719346826,0.025231883318013633,0.0952808495308589,0.6212016449498989
7,identity_only,H_source_divflow,1,28,0.35502103986775235,0.027307925254109626,0.10912733280183004,-0.1448519290858642
7,identity_only,H_source_divflow,1,42,1.4792960557764898,0.02447853142515062,0.4891672780733609,0.01842582780624802
7,identity_only,H_source_divflow,2,0,0.5085514022650435,0.0006214415009390486,0.488784314234272,0.21286985403041958
7,identity_only,H_source_divflow,2,14,0.3671386483115564,0.00033268067928544676,0.3013916374528433,-0.42917437512520473
7,identity_only,H_source_divflow,2,28,1.3405743662187668,0.0005560539762781538,0.8516885829893603,0.06639076798160404
7,identity_only,H_source_divflow,2,42,1.5645266976499628,0.00043820488646640737,0.7724921492155993,0.0953315203156836
7,identity_only,H_source_divflow,3,0,0.633652205788754,0.0009661141253769522,0.7868996726331763,0.03769036640020973
7,identity_only,H_source_divflow,3,14,0.679588602444073,0.0020726130513497383,0.7029853688524152,0.04468797193293428
7,identity_only,H_source_divflow,3,28,0.7479972844048881,0.006372615435390318,0.6586460642423102,-0.011211585985145489
7,identity_only,H_source_divflow,3,42,0.7171124365197173,0.002521203117437778,1.378940395921463,0.1142464297921475
7,identity_only,H_rho_omega,0,0,1.5277190388613446,0.04372607645094987,0.09319924017671946,0.07368583985101518
7,identity_only,H_rho_omega,0,14,1.0306427948103414,0.05064100480433192,0.07267488569683471,-0.9591744883527672
7,identity_only,H_rho_omega,0,28,0.7962354466905526,0.04885338976078604,0.04530889847392199,0.6144505832809848
7,identity_only,H_rho_omega,0,42,1.53163318774917,0.05071066633877609,0.09698121519761335,-0.7778980653045542
7,identity_only,H_rho_omega,1,0,1.1434048050712962,0.027405109544342863,0.14823011819118412,0.13030149337299202
7,identity_only,H_rho_omega,1,14,0.6653161302764199,0.025231883318013633,0.0952808495308589,0.6212016449498989
7,identity_only,H_rho_omega,1,28,0.5859020133293612,0.027307925254109626,0.10912733280183004,-0.1448519290858642
7,identity_only,H_rho_omega,1,42,1.5309398187109489,0.02447853142515062,0.4891672780733609,0.01842582780624802
7,identity_only,H_rho_omega,2,0,0.4493639744723241,0.0006214415009390486,0.488784314234272,0.21286985403041958
7,identity_only,H_rho_omega,2,14,0.5057031433024276,0.00033268067928544676,0.3013916374528433,-0.42917437512520473
7,identity_only,H_rho_omega,2,28,1.5535702929235198,0.0005560539762781538,0.8516885829893603,0.06639076798160404
7,identity_only,H_rho_omega,2,42,1.057713113004557,0.00043820488646640737,0.7724921492155993,0.0953315203156836
7,identity_only,H_rho_omega,3,0,0.5580155965808503,0.0009661141253769522,0.7868996726331763,0.03769036640020973
7,identity_only,H_rho_omega,3,14,0.6099320748056694,0.0020726130513497383,0.7029853688524152,0.04468797193293428
7,identity_only,H_rho_omega,3,28,0.7261589046372634,0.006372615435390318,0.6586460642423102,-0.011211585985145489
7,identity_only,H_rho_omega,3,42,0.88584503625003,0.002521203117437778,1.378940395921463,0.1142464297921475
7,closure_only,H_current,0,0,1.4023967835833073,0.6949280413896375,1.2370053274807424,0.6736684771451331
7,closure_only,H_current,0,14,1.0936428403954952,1.50229645443245,1.6423100894643512,1.3304580947909475
7,closure_only,H_current,0,28,0.5082668480643588,1.5670698536168872,1.5102983546374777,0.5969514697144316
7,closure_only,H_current,0,42,1.7172828420125676,0.6137414048126485,1.4240767670704968,-0.2817585692126039
7,closure_only,H_current,1,0,1.210904508533036,1.652197024213288,1.759056588767522,1.095239277721487
7,closure_only,H_current,1,14,0.692037094054698,1.0387390607682607,0.9386390776920328,0.9827023840569379
7,closure_only,H_current,1,28,0.7319255763065636,1.4990867542880597,1.2043767666533638,1.7683377454859246
7,closure_only,H_current,1,42,1.6203038990307574,2.3528092052488203,1.7456973949538395,1.638985212420488
7,closure_only,H_current,2,0,1.0124764349734028,1.4126448901806614,0.7052353980919489,0.6481321669622847
7,closure_only,H_current,2,14,0.49266645967278977,0.1364685033995472,0.3173083287426521,0.9001199741424352
7,closure_only,H_current,2,28,1.4489903501138115,1.524845375247618,0.7774888297654883,1.371809887963018
7,closure_only,H_current,2,42,1.1880936562408957,1.9823009647880023,1.0070009973475875,0.9070887063729903
7,closure_only,H_current,3,0,0.8427528585074262,1.2272543277077743,0.8353985852894781,0.8106780398641626
7,closure_only,H_current,3,14,0.796079683490282,1.6094484224340972,0.6598057051126031,1.2659586411586212
7,closure_only,H_current,3,28,0.8311344462790999,2.0443540942557537,0.8055231594943394,0.9422542457500241
7,closure_only,H_current,3,42,0.9677016443161708,1.2503290658873387,1.4407192993777744,0.8714528451288924
7,closure_only,H_source_only,0,0,1.4258643647341958,0.6949280413896375,1.2370053274807424,0.6736684771451331
7,closure_only,H_source_only,0,14,1.0398349535070255,1.50229645443245,1.6423100894643512,1.3304580947909475
7,closure_only,H_source_only,0,28,0.7174604711356949,1.5670698536168872,1.5102983546374777,0.5969514697144316
7,closure_only,H_source_only,0,42,1.5962156445020466,0.6137414048126485,1.4240767670704968,-0.2817585692126039
7,closure_only,H_source_only,1,0,1.1584639204994494,1.652197024213288,1.759056588767522,1.095239277721487
7,closure_only,H_source_only,1,14,0.7136527401735988,1.0387390607682607,0.9386390776920328,0.9827023840569379
7,closure_only,H_source_only,1,28,0.6462828552838857,1.4990867542880597,1.2043767666533638,1.7683377454859246
7,closure_only,H_source_only,1,42,1.5765542872920608,2.3528092052488203,1.7456973949538395,1.638985212420488
7,closure_only,H_source_only,2,0,0.8057132701474602,1.4126448901806614,0.7052353980919489,0.6481321669622847
7,closure_only,H_source_only,2,14,0.5019883118722119,0.1364685033995472,0.3173083287426521,0.9001199741424352
7,closure_only,H_source_only,2,28,1.4714394725586757,1.524845375247618,0.7774888297654883,1.371809887963018
7,closure_only,H_source_only,2,42,1.1402304499229823,1.9823009647880023,1.0070009973475875,0.9070887063729903
7,closure_only,H_source_only,3,0,0.6997104563975204,1.2272543277077743,0.8353985852894781,0.8106780398641626
7,closure_only,H_source_only,3,14,0.680713761361698,1.6094484224340972,0.6598057051126031,1.2659586411586212
7,closure_only,H_source_only,3,28,0.7304051115287747,2.0443540942557537,0.8055231594943394,0.9422542457500241
7,closure_only,H_source_only,3,42,0.9294478561038596,1.2503290658873387,1.4407192993777744,0.8714528451288924
7,closure_only,H_response_only,0,0,1.3904503303393216,0.6949280413896375,1.2370053274807424,0.6736684771451331
7,closure_only,H_response_only,0,14,1.0210397842807366,1.50229645443245,1.6423100894643512,1.3304580947909475
7,closure_only,H_response_only,0,28,0.6406559228170611,1.5670698536168872,1.5102983546374777,0.5969514697144316
7,closure_only,H_response_only,0,42,1.890635478670554,0.6137414048126485,1.4240767670704968,-0.2817585692126039
7,closure_only,H_response_only,1,0,1.3907292144560703,1.652197024213288,1.759056588767522,1.095239277721487
7,closure_only,H_response_only,1,14,0.6644946910668447,1.0387390607682607,0.9386390776920328,0.9827023840569379
7,closure_only,H_response_only,1,28,0.8428108309912237,1.4990867542880597,1.2043767666533638,1.7683377454859246
7,closure_only,H_response_only,1,42,1.740772151236357,2.3528092052488203,1.7456973949538395,1.638985212420488
7,closure_only,H_response_only,2,0,1.439035985765039,1.4126448901806614,0.7052353980919489,0.6481321669622847
7,closure_only,H_response_only,2,14,0.4298559295225575,0.1364685033995472,0.3173083287426521,0.9001199741424352
7,closure_only,H_response_only,2,28,1.3866172414484703,1.524845375247618,0.7774888297654883,1.371809887963018
7,closure_only,H_response_only,2,42,1.2918617662672256,1.9823009647880023,1.0070009973475875,0.9070887063729903
7,closure_only,H_response_only,3,0,1.0640732409743356,1.2272543277077743,0.8353985852894781,0.8106780398641626
7,closure_only,H_response_only,3,14,1.1050547286903474,1.6094484224340972,0.6598057051126031,1.2659586411586212
7,closure_only,H_response_only,3,28,1.0886755384038067,2.0443540942557537,0.8055231594943394,0.9422542457500241
7,closure_only,H_response_only,3,42,1.0498037334498365,1.2503290658873387,1.4407192993777744,0.8714528451288924
7,closure_only,H_source_divflow,0,0,1.543579892423342,0.6949280413896375,1.2370053274807424,0.6736684771451331
7,closure_only,H_source_divflow,0,14,0.7262077976968185,1.50229645443245,1.6423100894643512,1.3304580947909475
7,closure_only,H_source_divflow,0,28,1.1349710990340718,1.5670698536168872,1.5102983546374777,0.5969514697144316
7,closure_only,H_source_divflow,0,42,1.7632331996830366,0.6137414048126485,1.4240767670704968,-0.2817585692126039
7,closure_only,H_source_divflow,1,0,1.4883440707110427,1.652197024213288,1.759056588767522,1.095239277721487
7,closure_only,H_source_divflow,1,14,1.0332088898862102,1.0387390607682607,0.9386390776920328,0.9827023840569379
7,closure_only,H_source_divflow,1,28,0.35831811727345986,1.4990867542880597,1.2043767666533638,1.7683377454859246
7,closure_only,H_source_divflow,1,42,1.9443884787085481,2.3528092052488203,1.7456973949538395,1.638985212420488
7,closure_only,H_source_divflow,2,0,1.353464196001307,1.4126448901806614,0.7052353980919489,0.6481321669622847
7,closure_only,H_source_divflow,2,14,0.37305112831939463,0.1364685033995472,0.3173083287426521,0.9001199741424352
7,closure_only,H_source_divflow,2,28,1.4062285242245043,1.524845375247618,0.7774888297654883,1.371809887963018
7,closure_only,H_source_divflow,2,42,1.2162236219422757,1.9823009647880023,1.0070009973475875,0.9070887063729903
7,closure_only,H_source_divflow,3,0,0.8032183253997027,1.2272543277077743,0.8353985852894781,0.8106780398641626
7,closure_only,H_source_divflow,3,14,1.225752533755503,1.6094484224340972,0.6598057051126031,1.2659586411586212
7,closure_only,H_source_divflow,3,28,1.074913185330086,2.0443540942557537,0.8055231594943394,0.9422542457500241
7,closure_only,H_source_divflow,3,42,1.2805035738032564,1.2503290658873387,1.4407192993777744,0.8714528451288924
7,closure_only,H_rho_omega,0,0,1.3495110453788708,0.6949280413896375,1.2370053274807424,0.6736684771451331
7,closure_only,H_rho_omega,0,14,1.0956146743110096,1.50229645443245,1.6423100894643512,1.3304580947909475
7,closure_only,H_rho_omega,0,28,1.2290783251249242,1.5670698536168872,1.5102983546374777,0.5969514697144316
7,closure_only,H_rho_omega,0,42,1.451358166423384,0.6137414048126485,1.4240767670704968,-0.2817585692126039
7,closure_only,H_rho_omega,1,0,1.1718209232040517,1.652197024213288,1.759056588767522,1.095239277721487
7,closure_only,H_rho_omega,1,14,0.6528549602112015,1.0387390607682607,0.9386390776920328,0.9827023840569379
7,closure_only,H_rho_omega,1,28,0.8333376192375519,1.4990867542880597,1.2043767666533638,1.7683377454859246
7,closure_only,H_rho_omega,1,42,1.5829822109044518,2.3528092052488203,1.7456973949538395,1.638985212420488
7,closure_only,H_rho_omega,2,0,0.5858706649143423,1.4126448901806614,0.7052353980919489,0.6481321669622847
7,closure_only,H_rho_omega,2,14,0.5023132680999779,0.1364685033995472,0.3173083287426521,0.9001199741424352
7,closure_only,H_rho_omega,2,28,1.485009837351018,1.524845375247618,0.7774888297654883,1.371809887963018
7,closure_only,H_rho_omega,2,42,1.0377796249847926,1.9823009647880023,1.0070009973475875,0.9070887063729903
7,closure_only,H_rho_omega,3,0,0.6239518904955763,1.2272543277077743,0.8353985852894781,0.8106780398641626
7,closure_only,H_rho_omega,3,14,0.6962283953153965,1.6094484224340972,0.6598057051126031,1.2659586411586212
7,closure_only,H_rho_omega,3,28,1.2334507222505893,2.0443540942557537,0.8055231594943394,0.9422542457500241
7,closure_only,H_rho_omega,3,42,0.8758557024282851,1.2503290658873387,1.4407192993777744,0.8714528451288924
7,identity_plus_closure,H_current,0,0,1.6748476487775807,0.0437260764509498,0.09319924017671921,0.2590343048113811
7,identity_plus_closure,H_current,0,14,1.0332320530384091,0.05064100480433186,0.07267488569683496,-1.0319341432683546
7,identity_plus_closure,H_current,0,28,0.9325377274894218,0.04885338976078616,0.04530889847392211,0.0726457056010682
7,identity_plus_closure,H_current,0,42,1.3680885321729084,0.050710666338775974,0.09698121519761331,-0.5730874364225089
7,identity_plus_closure,H_current,1,0,1.3853812466181579,0.027405109544342807,0.14823011819118412,0.17848417641951642
7,identity_plus_closure,H_current,1,14,0.7636661281382453,0.025231883318013595,0.09528084953085887,0.28518827493279575
7,identity_plus_closure,H_current,1,28,0.3381937235779899,0.027307925254109577,0.10912733280182998,-0.6929216692070403
7,identity_plus_closure,H_current,1,42,1.6732030944696918,0.024478531425150427,0.48916727807336097,0.09919076520794678
7,identity_plus_closure,H_current,2,0,0.6385668114833434,0.0006214415009395238,0.488784314234272,-0.04412422791990045
7,identity_plus_closure,H_current,2,14,0.43580545246787095,0.00033268067928554596,0.3013916374528433,-0.793588972954257
7,identity_plus_closure,H_current,2,28,1.5662633659637948,0.000556053976278084,0.8516885829893603,0.07319867933326096
7,identity_plus_closure,H_current,2,42,1.377842106449577,0.00043820488646683823,0.7724921492155993,0.04665042281458753
7,identity_plus_closure,H_current,3,0,0.770784652334634,0.0009661141253772022,0.7868996726331765,0.04743964314987903
7,identity_plus_closure,H_current,3,14,0.7598666151760486,0.0020726130513501377,0.7029853688524152,0.05093816803533979
7,identity_plus_closure,H_current,3,28,0.9996402245861696,0.006372615435391925,0.6586460642423102,0.002232002758282281
7,identity_plus_closure,H_current,3,42,0.8940449074720614,0.002521203117438445,1.378940395921463,0.07996620575308311
7,identity_plus_closure,H_source_only,0,0,1.622700625901428,0.0437260764509498,0.09319924017671921,0.2590343048113811
7,identity_plus_closure,H_source_only,0,14,0.9923668122498065,0.05064100480433186,0.07267488569683496,-1.0319341432683546
7,identity_plus_closure,H_source_only,0,28,0.9031907422767761,0.04885338976078616,0.04530889847392211,0.0726457056010682
7,identity_plus_closure,H_source_only,0,42,1.4120996682562044,0.050710666338775974,0.09698121519761331,-0.5730874364225089
7,identity_plus_closure,H_source_only,1,0,1.2889739427769034,0.027405109544342807,0.14823011819118412,0.17848417641951642
7,identity_plus_closure,H_source_only,1,14,0.6911941827988624,0.025231883318013595,0.09528084953085887,0.28518827493279575
7,identity_plus_closure,H_source_only,1,28,0.4814388581456621,0.027307925254109577,0.10912733280182998,-0.6929216692070403
7,identity_plus_closure,H_source_only,1,42,1.6077129962600576,0.024478531425150427,0.48916727807336097,0.09919076520794678
7,identity_plus_closure,H_source_only,2,0,0.5968744363941005,0.0006214415009395238,0.488784314234272,-0.04412422791990045
7,identity_plus_closure,H_source_only,2,14,0.5061691086208001,0.00033268067928554596,0.3013916374528433,-0.793588972954257
7,identity_plus_closure,H_source_only,2,28,1.5184115623345813,0.000556053976278084,0.8516885829893603,0.07319867933326096
7,identity_plus_closure,H_source_only,2,42,1.1916928318925122,0.00043820488646683823,0.7724921492155993,0.04665042281458753
7,identity_plus_closure,H_source_only,3,0,0.6424523417906812,0.0009661141253772022,0.7868996726331765,0.04743964314987903
7,identity_plus_closure,H_source_only,3,14,0.6603145224065211,0.0020726130513501377,0.7029853688524152,0.05093816803533979
7,identity_plus_closure,H_source_only,3,28,0.8469807524339817,0.006372615435391925,0.6586460642423102,0.002232002758282281
7,identity_plus_closure,H_source_only,3,42,0.9067125486737149,0.002521203117438445,1.378940395921463,0.07996620575308311
7,identity_plus_closure,H_response_only,0,0,1.7809761820617063,0.0437260764509498,0.09319924017671921,0.2590343048113811
7,identity_plus_closure,H_response_only,0,14,1.1030640227692512,0.05064100480433186,0.07267488569683496,-1.0319341432683546
7,identity_plus_closure,H_response_only,0,28,1.021785549712176,0.04885338976078616,0.04530889847392211,0.0726457056010682
7,identity_plus_closure,H_response_only,0,42,1.2741708599632768,0.050710666338775974,0.09698121519761331,-0.5730874364225089
7,identity_plus_closure,H_response_only,1,0,1.5549023099914863,0.027405109544342807,0.14823011819118412,0.17848417641951642
7,identity_plus_closure,H_response_only,1,14,0.8490115780348255,0.025231883318013595,0.09528084953085887,0.28518827493279575
7,identity_plus_closure,H_response_only,1,28,0.4973093542697489,0.027307925254109577,0.10912733280182998,-0.6929216692070403
7,identity_plus_closure,H_response_only,1,42,1.778810635606233,0.024478531425150427,0.48916727807336097,0.09919076520794678
7,identity_plus_closure,H_response_only,2,0,0.6716986105109316,0.0006214415009395238,0.488784314234272,-0.04412422791990045
7,identity_plus_closure,H_response_only,2,14,0.2681518261861212,0.00033268067928554596,0.3013916374528433,-0.793588972954257
7,identity_plus_closure,H_response_only,2,28,1.6746111652051647,0.000556053976278084,0.8516885829893603,0.07319867933326096
7,identity_plus_closure,H_response_only,2,42,1.7626965441273934,0.00043820488646683823,0.7724921492155993,0.04665042281458753
7,identity_plus_closure,H_response_only,3,0,1.0612222553174293,0.0009661141253772022,0.7868996726331765,0.04743964314987903
7,identity_plus_closure,H_response_only,3,14,0.9759081804295593,0.0020726130513501377,0.7029853688524152,0.05093816803533979
7,identity_plus_closure,H_response_only,3,28,1.3283658410580617,0.006372615435391925,0.6586460642423102,0.002232002758282281
7,identity_plus_closure,H_response_only,3,42,0.8934280711171738,0.002521203117438445,1.378940395921463,0.07996620575308311
7,identity_plus_closure,H_source_divflow,0,0,1.4413474942088729,0.0437260764509498,0.09319924017671921,0.2590343048113811
7,identity_plus_closure,H_source_divflow,0,14,1.1020523622664522,0.05064100480433186,0.07267488569683496,-1.0319341432683546
7,identity_plus_closure,H_source_divflow,0,28,0.9599851273467644,0.04885338976078616,0.04530889847392211,0.0726457056010682
7,identity_plus_closure,H_source_divflow,0,42,1.2373662919317394,0.050710666338775974,0.09698121519761331,-0.5730874364225089
7,identity_plus_closure,H_source_divflow,1,0,1.2016339915365422,0.027405109544342807,0.14823011819118412,0.17848417641951642
7,identity_plus_closure,H_source_divflow,1,14,0.4859403719346824,0.025231883318013595,0.09528084953085887,0.28518827493279575
7,identity_plus_closure,H_source_divflow,1,28,0.35502103986775235,0.027307925254109577,0.10912733280182998,-0.6929216692070403
7,identity_plus_closure,H_source_divflow,1,42,1.47929605577649,0.024478531425150427,0.48916727807336097,0.09919076520794678
7,identity_plus_closure,H_source_divflow,2,0,0.5085514022650436,0.0006214415009395238,0.488784314234272,-0.04412422791990045
7,identity_plus_closure,H_source_divflow,2,14,0.36713864831155646,0.00033268067928554596,0.3013916374528433,-0.793588972954257
7,identity_plus_closure,H_source_divflow,2,28,1.3405743662187668,0.000556053976278084,0.8516885829893603,0.07319867933326096
7,identity_plus_closure,H_source_divflow,2,42,1.5645266976499625,0.00043820488646683823,0.7724921492155993,0.04665042281458753
7,identity_plus_closure,H_source_divflow,3,0,0.633652205788754,0.0009661141253772022,0.7868996726331765,0.04743964314987903
7,identity_plus_closure,H_source_divflow,3,14,0.679588602444073,0.0020726130513501377,0.7029853688524152,0.05093816803533979
7,identity_plus_closure,H_source_divflow,3,28,0.747997284404888,0.006372615435391925,0.6586460642423102,0.002232002758282281
7,identity_plus_closure,H_source_divflow,3,42,0.7171124365197175,0.002521203117438445,1.378940395921463,0.07996620575308311
7,identity_plus_closure,H_rho_omega,0,0,1.5277190388613446,0.0437260764509498,0.09319924017671921,0.2590343048113811
7,identity_plus_closure,H_rho_omega,0,14,1.0306427948103412,0.05064100480433186,0.07267488569683496,-1.0319341432683546
7,identity_plus_closure,H_rho_omega,0,28,0.7962354466905519,0.04885338976078616,0.04530889847392211,0.0726457056010682
7,identity_plus_closure,H_rho_omega,0,42,1.5316331877491698,0.050710666338775974,0.09698121519761331,-0.5730874364225089
7,identity_plus_closure,H_rho_omega,1,0,1.1434048050712962,0.027405109544342807,0.14823011819118412,0.17848417641951642
7,identity_plus_closure,H_rho_omega,1,14,0.6653161302764199,0.025231883318013595,0.09528084953085887,0.28518827493279575
7,identity_plus_closure,H_rho_omega,1,28,0.5859020133293616,0.027307925254109577,0.10912733280182998,-0.6929216692070403
7,identity_plus_closure,H_rho_omega,1,42,1.5309398187109493,0.024478531425150427,0.48916727807336097,0.09919076520794678
7,identity_plus_closure,H_rho_omega,2,0,0.4493639744723241,0.0006214415009395238,0.488784314234272,-0.04412422791990045
7,identity_plus_closure,H_rho_omega,2,14,0.5057031433024275,0.00033268067928554596,0.3013916374528433,-0.793588972954257
7,identity_plus_closure,H_rho_omega,2,28,1.5535702929235198,0.000556053976278084,0.8516885829893603,0.07319867933326096
7,identity_plus_closure,H_rho_omega,2,42,1.0577131130045567,0.00043820488646683823,0.7724921492155993,0.04665042281458753
7,identity_plus_closure,H_rho_omega,3,0,0.5580155965808503,0.0009661141253772022,0.7868996726331765,0.04743964314987903
7,identity_plus_closure,H_rho_omega,3,14,0.6099320748056692,0.0020726130513501377,0.7029853688524152,0.05093816803533979
7,identity_plus_closure,H_rho_omega,3,28,0.7261589046372635,0.006372615435391925,0.6586460642423102,0.002232002758282281
7,identity_plus_closure,H_rho_omega,3,42,0.8858450362500296,0.002521203117438445,1.378940395921463,0.07996620575308311
7,identity_closure_momentum,H_current,0,0,1.6748476487775807,0.0437260764509498,0.09319924017671921,0.2590343048113811
7,identity_closure_momentum,H_current,0,14,1.0332320530384091,0.05064100480433186,0.07267488569683496,-1.0319341432683546
7,identity_closure_momentum,H_current,0,28,0.9325377274894218,0.04885338976078616,0.04530889847392211,0.0726457056010682
7,identity_closure_momentum,H_current,0,42,1.3680885321729084,0.050710666338775974,0.09698121519761331,-0.5730874364225089
7,identity_closure_momentum,H_current,1,0,1.3853812466181579,0.027405109544342807,0.14823011819118412,0.17848417641951642
7,identity_closure_momentum,H_current,1,14,0.7636661281382453,0.025231883318013595,0.09528084953085887,0.28518827493279575
7,identity_closure_momentum,H_current,1,28,0.3381937235779899,0.027307925254109577,0.10912733280182998,-0.6929216692070403
7,identity_closure_momentum,H_current,1,42,1.6732030944696918,0.024478531425150427,0.48916727807336097,0.09919076520794678
7,identity_closure_momentum,H_current,2,0,0.6385668114833434,0.0006214415009395238,0.488784314234272,-0.04412422791990045
7,identity_closure_momentum,H_current,2,14,0.43580545246787095,0.00033268067928554596,0.3013916374528433,-0.793588972954257
7,identity_closure_momentum,H_current,2,28,1.5662633659637948,0.000556053976278084,0.8516885829893603,0.07319867933326096
7,identity_closure_momentum,H_current,2,42,1.377842106449577,0.00043820488646683823,0.7724921492155993,0.04665042281458753
7,identity_closure_momentum,H_current,3,0,0.770784652334634,0.0009661141253772022,0.7868996726331765,0.04743964314987903
7,identity_closure_momentum,H_current,3,14,0.7598666151760486,0.0020726130513501377,0.7029853688524152,0.05093816803533979
7,identity_closure_momentum,H_current,3,28,0.9996402245861696,0.006372615435391925,0.6586460642423102,0.002232002758282281
7,identity_closure_momentum,H_current,3,42,0.8940449074720614,0.002521203117438445,1.378940395921463,0.07996620575308311
7,identity_closure_momentum,H_source_only,0,0,1.622700625901428,0.0437260764509498,0.09319924017671921,0.2590343048113811
7,identity_closure_momentum,H_source_only,0,14,0.9923668122498065,0.05064100480433186,0.07267488569683496,-1.0319341432683546
7,identity_closure_momentum,H_source_only,0,28,0.9031907422767761,0.04885338976078616,0.04530889847392211,0.0726457056010682
7,identity_closure_momentum,H_source_only,0,42,1.4120996682562044,0.050710666338775974,0.09698121519761331,-0.5730874364225089
7,identity_closure_momentum,H_source_only,1,0,1.2889739427769034,0.027405109544342807,0.14823011819118412,0.17848417641951642
7,identity_closure_momentum,H_source_only,1,14,0.6911941827988624,0.025231883318013595,0.09528084953085887,0.28518827493279575
7,identity_closure_momentum,H_source_only,1,28,0.4814388581456621,0.027307925254109577,0.10912733280182998,-0.6929216692070403
7,identity_closure_momentum,H_source_only,1,42,1.6077129962600576,0.024478531425150427,0.48916727807336097,0.09919076520794678
7,identity_closure_momentum,H_source_only,2,0,0.5968744363941005,0.0006214415009395238,0.488784314234272,-0.04412422791990045
7,identity_closure_momentum,H_source_only,2,14,0.5061691086208001,0.00033268067928554596,0.3013916374528433,-0.793588972954257
7,identity_closure_momentum,H_source_only,2,28,1.5184115623345813,0.000556053976278084,0.8516885829893603,0.07319867933326096
7,identity_closure_momentum,H_source_only,2,42,1.1916928318925122,0.00043820488646683823,0.7724921492155993,0.04665042281458753
7,identity_closure_momentum,H_source_only,3,0,0.6424523417906812,0.0009661141253772022,0.7868996726331765,0.04743964314987903
7,identity_closure_momentum,H_source_only,3,14,0.6603145224065211,0.0020726130513501377,0.7029853688524152,0.05093816803533979
7,identity_closure_momentum,H_source_only,3,28,0.8469807524339817,0.006372615435391925,0.6586460642423102,0.002232002758282281
7,identity_closure_momentum,H_source_only,3,42,0.9067125486737149,0.002521203117438445,1.378940395921463,0.07996620575308311
7,identity_closure_momentum,H_response_only,0,0,1.7809761820617063,0.0437260764509498,0.09319924017671921,0.2590343048113811
7,identity_closure_momentum,H_response_only,0,14,1.1030640227692512,0.05064100480433186,0.07267488569683496,-1.0319341432683546
7,identity_closure_momentum,H_response_only,0,28,1.021785549712176,0.04885338976078616,0.04530889847392211,0.0726457056010682
7,identity_closure_momentum,H_response_only,0,42,1.2741708599632768,0.050710666338775974,0.09698121519761331,-0.5730874364225089
7,identity_closure_momentum,H_response_only,1,0,1.5549023099914863,0.027405109544342807,0.14823011819118412,0.17848417641951642
7,identity_closure_momentum,H_response_only,1,14,0.8490115780348255,0.025231883318013595,0.09528084953085887,0.28518827493279575
7,identity_closure_momentum,H_response_only,1,28,0.4973093542697489,0.027307925254109577,0.10912733280182998,-0.6929216692070403
7,identity_closure_momentum,H_response_only,1,42,1.778810635606233,0.024478531425150427,0.48916727807336097,0.09919076520794678
7,identity_closure_momentum,H_response_only,2,0,0.6716986105109316,0.0006214415009395238,0.488784314234272,-0.04412422791990045
7,identity_closure_momentum,H_response_only,2,14,0.2681518261861212,0.00033268067928554596,0.3013916374528433,-0.793588972954257
7,identity_closure_momentum,H_response_only,2,28,1.6746111652051647,0.000556053976278084,0.8516885829893603,0.07319867933326096
7,identity_closure_momentum,H_response_only,2,42,1.7626965441273934,0.00043820488646683823,0.7724921492155993,0.04665042281458753
7,identity_closure_momentum,H_response_only,3,0,1.0612222553174293,0.0009661141253772022,0.7868996726331765,0.04743964314987903
7,identity_closure_momentum,H_response_only,3,14,0.9759081804295593,0.0020726130513501377,0.7029853688524152,0.05093816803533979
7,identity_closure_momentum,H_response_only,3,28,1.3283658410580617,0.006372615435391925,0.6586460642423102,0.002232002758282281
7,identity_closure_momentum,H_response_only,3,42,0.8934280711171738,0.002521203117438445,1.378940395921463,0.07996620575308311
7,identity_closure_momentum,H_source_divflow,0,0,1.4413474942088729,0.0437260764509498,0.09319924017671921,0.2590343048113811
7,identity_closure_momentum,H_source_divflow,0,14,1.1020523622664522,0.05064100480433186,0.07267488569683496,-1.0319341432683546
7,identity_closure_momentum,H_source_divflow,0,28,0.9599851273467644,0.04885338976078616,0.04530889847392211,0.0726457056010682
7,identity_closure_momentum,H_source_divflow,0,42,1.2373662919317394,0.050710666338775974,0.09698121519761331,-0.5730874364225089
7,identity_closure_momentum,H_source_divflow,1,0,1.2016339915365422,0.027405109544342807,0.14823011819118412,0.17848417641951642
7,identity_closure_momentum,H_source_divflow,1,14,0.4859403719346824,0.025231883318013595,0.09528084953085887,0.28518827493279575
7,identity_closure_momentum,H_source_divflow,1,28,0.35502103986775235,0.027307925254109577,0.10912733280182998,-0.6929216692070403
7,identity_closure_momentum,H_source_divflow,1,42,1.47929605577649,0.024478531425150427,0.48916727807336097,0.09919076520794678
7,identity_closure_momentum,H_source_divflow,2,0,0.5085514022650436,0.0006214415009395238,0.488784314234272,-0.04412422791990045
7,identity_closure_momentum,H_source_divflow,2,14,0.36713864831155646,0.00033268067928554596,0.3013916374528433,-0.793588972954257
7,identity_closure_momentum,H_source_divflow,2,28,1.3405743662187668,0.000556053976278084,0.8516885829893603,0.07319867933326096
7,identity_closure_momentum,H_source_divflow,2,42,1.5645266976499625,0.00043820488646683823,0.7724921492155993,0.04665042281458753
7,identity_closure_momentum,H_source_divflow,3,0,0.633652205788754,0.0009661141253772022,0.7868996726331765,0.04743964314987903
7,identity_closure_momentum,H_source_divflow,3,14,0.679588602444073,0.0020726130513501377,0.7029853688524152,0.05093816803533979
7,identity_closure_momentum,H_source_divflow,3,28,0.747997284404888,0.006372615435391925,0.6586460642423102,0.002232002758282281
7,identity_closure_momentum,H_source_divflow,3,42,0.7171124365197175,0.002521203117438445,1.378940395921463,0.07996620575308311
7,identity_closure_momentum,H_rho_omega,0,0,1.5277190388613446,0.0437260764509498,0.09319924017671921,0.2590343048113811
7,identity_closure_momentum,H_rho_omega,0,14,1.0306427948103412,0.05064100480433186,0.07267488569683496,-1.0319341432683546
7,identity_closure_momentum,H_rho_omega,0,28,0.7962354466905519,0.04885338976078616,0.04530889847392211,0.0726457056010682
7,identity_closure_momentum,H_rho_omega,0,42,1.5316331877491698,0.050710666338775974,0.09698121519761331,-0.5730874364225089
7,identity_closure_momentum,H_rho_omega,1,0,1.1434048050712962,0.027405109544342807,0.14823011819118412,0.17848417641951642
7,identity_closure_momentum,H_rho_omega,1,14,0.6653161302764199,0.025231883318013595,0.09528084953085887,0.28518827493279575
7,identity_closure_momentum,H_rho_omega,1,28,0.5859020133293616,0.027307925254109577,0.10912733280182998,-0.6929216692070403
7,identity_closure_momentum,H_rho_omega,1,42,1.5309398187109493,0.024478531425150427,0.48916727807336097,0.09919076520794678
7,identity_closure_momentum,H_rho_omega,2,0,0.4493639744723241,0.0006214415009395238,0.488784314234272,-0.04412422791990045
7,identity_closure_momentum,H_rho_omega,2,14,0.5057031433024275,0.00033268067928554596,0.3013916374528433,-0.793588972954257
7,identity_closure_momentum,H_rho_omega,2,28,1.5535702929235198,0.000556053976278084,0.8516885829893603,0.07319867933326096
7,identity_closure_momentum,H_rho_omega,2,42,1.0577131130045567,0.00043820488646683823,0.7724921492155993,0.04665042281458753
7,identity_closure_momentum,H_rho_omega,3,0,0.5580155965808503,0.0009661141253772022,0.7868996726331765,0.04743964314987903
7,identity_closure_momentum,H_rho_omega,3,14,0.6099320748056692,0.0020726130513501377,0.7029853688524152,0.05093816803533979
7,identity_closure_momentum,H_rho_omega,3,28,0.7261589046372635,0.006372615435391925,0.6586460642423102,0.002232002758282281
7,identity_closure_momentum,H_rho_omega,3,42,0.8858450362500296,0.002521203117438445,1.378940395921463,0.07996620575308311
7,full_stack,H_current,0,0,1.6748476487761355,0.04372607645094988,0.09319924017671932,0.2590343047768492
7,full_stack,H_current,0,14,1.0332320530447578,0.05064100480433175,0.07267488569683489,-1.031934143281419
7,full_stack,H_current,0,28,0.9325377274803806,0.04885338976078599,0.045308898473922096,0.07264570561360317
7,full_stack,H_current,0,42,1.368088532175722,0.05071066633877609,0.09698121519761331,-0.5730874364557902
7,full_stack,H_current,1,0,1.3853812466138975,0.027405109544342953,0.14823011819118412,0.17848417641131842
7,full_stack,H_current,1,14,0.7636661281395692,0.025231883318013598,0.09528084953085894,0.28518827496745025
7,full_stack,H_current,1,28,0.33819372357878724,0.027307925254109817,0.10912733280183003,-0.6929216691789003
7,full_stack,H_current,1,42,1.6732030944679646,0.024478531425150225,0.489167278073361,0.09919076519656089
7,full_stack,H_current,2,0,0.6385668114848781,0.0006214415009408389,0.48878431423427193,-0.044124227871320865
7,full_stack,H_current,2,14,0.43580545247398217,0.00033268067928579804,0.30139163745284325,-0.7935889729174651
7,full_stack,H_current,2,28,1.5662633659637935,0.0005560539762782836,0.8516885829893603,0.07319867933280633
7,full_stack,H_current,2,42,1.3778421064466606,0.00043820488646863746,0.7724921492155993,0.04665042281150478
7,full_stack,H_current,3,0,0.7707846523389948,0.0009661141253778672,0.7868996726331764,0.047439643150103517
7,full_stack,H_current,3,14,0.7598666151842652,0.0020726130513518404,0.7029853688524151,0.05093816803482165
7,full_stack,H_current,3,28,0.9996402245820424,0.0063726154353966665,0.6586460642423101,0.0022320027582556357
7,full_stack,H_current,3,42,0.8940449074676479,0.0025212031174403162,1.3789403959214628,0.07996620575171287
7,full_stack,H_source_only,0,0,1.6227006259014285,0.04372607645094988,0.09319924017671932,0.2590343047768492
7,full_stack,H_source_only,0,14,0.9923668122498068,0.05064100480433175,0.07267488569683489,-1.031934143281419
7,full_stack,H_source_only,0,28,0.9031907422767761,0.04885338976078599,0.045308898473922096,0.07264570561360317
7,full_stack,H_source_only,0,42,1.4120996682562048,0.05071066633877609,0.09698121519761331,-0.5730874364557902
7,full_stack,H_source_only,1,0,1.2889739427769034,0.027405109544342953,0.14823011819118412,0.17848417641131842
7,full_stack,H_source_only,1,14,0.6911941827988628,0.025231883318013598,0.09528084953085894,0.28518827496745025
7,full_stack,H_source_only,1,28,0.48143885814566223,0.027307925254109817,0.10912733280183003,-0.6929216691789003
7,full_stack,H_source_only,1,42,1.6077129962600578,0.024478531425150225,0.489167278073361,0.09919076519656089
7,full_stack,H_source_only,2,0,0.5968744363941005,0.0006214415009408389,0.48878431423427193,-0.044124227871320865
7,full_stack,H_source_only,2,14,0.5061691086208001,0.00033268067928579804,0.30139163745284325,-0.7935889729174651
7,full_stack,H_source_only,2,28,1.518411562334581,0.0005560539762782836,0.8516885829893603,0.07319867933280633
7,full_stack,H_source_only,2,42,1.191692831892512,0.00043820488646863746,0.7724921492155993,0.04665042281150478
7,full_stack,H_source_only,3,0,0.6424523417906812,0.0009661141253778672,0.7868996726331764,0.047439643150103517
7,full_stack,H_source_only,3,14,0.6603145224065213,0.0020726130513518404,0.7029853688524151,0.05093816803482165
7,full_stack,H_source_only,3,28,0.8469807524339816,0.0063726154353966665,0.6586460642423101,0.0022320027582556357
7,full_stack,H_source_only,3,42,0.9067125486737148,0.0025212031174403162,1.3789403959214628,0.07996620575171287
7,full_stack,H_response_only,0,0,1.7809761820606786,0.04372607645094988,0.09319924017671932,0.2590343047768492
7,full_stack,H_response_only,0,14,1.103064022779978,0.05064100480433175,0.07267488569683489,-1.031934143281419
7,full_stack,H_response_only,0,28,1.0217855496972206,0.04885338976078599,0.045308898473922096,0.07264570561360317
7,full_stack,H_response_only,0,42,1.2741708599693646,0.05071066633877609,0.09698121519761331,-0.5730874364557902
7,full_stack,H_response_only,1,0,1.5549023099810606,0.027405109544342953,0.14823011819118412,0.17848417641131842
7,full_stack,H_response_only,1,14,0.8490115780386362,0.025231883318013598,0.09528084953085894,0.28518827496745025
7,full_stack,H_response_only,1,28,0.4973093542564082,0.027307925254109817,0.10912733280183003,-0.6929216691789003
7,full_stack,H_response_only,1,42,1.7788106356030582,0.024478531425150225,0.489167278073361,0.09919076519656089
7,full_stack,H_response_only,2,0,0.6716986105158822,0.0006214415009408389,0.48878431423427193,-0.044124227871320865
7,full_stack,H_response_only,2,14,0.2681518262047194,0.00033268067928579804,0.30139163745284325,-0.7935889729174651
7,full_stack,H_response_only,2,28,1.674611165207763,0.0005560539762782836,0.8516885829893603,0.07319867933280633
7,full_stack,H_response_only,2,42,1.7626965441173952,0.00043820488646863746,0.7724921492155993,0.04665042281150478
7,full_stack,H_response_only,3,0,1.061222255327088,0.0009661141253778672,0.7868996726331764,0.047439643150103517
7,full_stack,H_response_only,3,14,0.975908180450288,0.0020726130513518404,0.7029853688524151,0.05093816803482165
7,full_stack,H_response_only,3,28,1.3283658410475911,0.0063726154353966665,0.6586460642423101,0.0022320027582556357
7,full_stack,H_response_only,3,42,0.8934280711032104,0.0025212031174403162,1.3789403959214628,0.07996620575171287
7,full_stack,H_source_divflow,0,0,1.4413474942088738,0.04372607645094988,0.09319924017671932,0.2590343047768492
7,full_stack,H_source_divflow,0,14,1.1020523622664526,0.05064100480433175,0.07267488569683489,-1.031934143281419
7,full_stack,H_source_divflow,0,28,0.9599851273467644,0.04885338976078599,0.045308898473922096,0.07264570561360317
7,full_stack,H_source_divflow,0,42,1.2373662919317394,0.05071066633877609,0.09698121519761331,-0.5730874364557902
7,full_stack,H_source_divflow,1,0,1.2016339915365426,0.027405109544342953,0.14823011819118412,0.17848417641131842
7,full_stack,H_source_divflow,1,14,0.4859403719346827,0.025231883318013598,0.09528084953085894,0.28518827496745025
7,full_stack,H_source_divflow,1,28,0.3550210398677524,0.027307925254109817,0.10912733280183003,-0.6929216691789003
7,full_stack,H_source_divflow,1,42,1.4792960557764903,0.024478531425150225,0.489167278073361,0.09919076519656089
7,full_stack,H_source_divflow,2,0,0.5085514022650436,0.0006214415009408389,0.48878431423427193,-0.044124227871320865
7,full_stack,H_source_divflow,2,14,0.3671386483115565,0.00033268067928579804,0.30139163745284325,-0.7935889729174651
7,full_stack,H_source_divflow,2,28,1.3405743662187668,0.0005560539762782836,0.8516885829893603,0.07319867933280633
7,full_stack,H_source_divflow,2,42,1.5645266976499625,0.00043820488646863746,0.7724921492155993,0.04665042281150478
7,full_stack,H_source_divflow,3,0,0.6336522057887539,0.0009661141253778672,0.7868996726331764,0.047439643150103517
7,full_stack,H_source_divflow,3,14,0.6795886024440732,0.0020726130513518404,0.7029853688524151,0.05093816803482165
7,full_stack,H_source_divflow,3,28,0.7479972844048879,0.0063726154353966665,0.6586460642423101,0.0022320027582556357
7,full_stack,H_source_divflow,3,42,0.7171124365197172,0.0025212031174403162,1.3789403959214628,0.07996620575171287
7,full_stack,H_rho_omega,0,0,1.527719038861344,0.04372607645094988,0.09319924017671932,0.2590343047768492
7,full_stack,H_rho_omega,0,14,1.0306427948103418,0.05064100480433175,0.07267488569683489,-1.031934143281419
7,full_stack,H_rho_omega,0,28,0.7962354466905522,0.04885338976078599,0.045308898473922096,0.07264570561360317
7,full_stack,H_rho_omega,0,42,1.5316331877491711,0.05071066633877609,0.09698121519761331,-0.5730874364557902
7,full_stack,H_rho_omega,1,0,1.143404805071295,0.027405109544342953,0.14823011819118412,0.17848417641131842
7,full_stack,H_rho_omega,1,14,0.6653161302764199,0.025231883318013598,0.09528084953085894,0.28518827496745025
7,full_stack,H_rho_omega,1,28,0.5859020133293615,0.027307925254109817,0.10912733280183003,-0.6929216691789003
7,full_stack,H_rho_omega,1,42,1.5309398187109498,0.024478531425150225,0.489167278073361,0.09919076519656089
7,full_stack,H_rho_omega,2,0,0.44936397447232423,0.0006214415009408389,0.48878431423427193,-0.044124227871320865
7,full_stack,H_rho_omega,2,14,0.5057031433024276,0.00033268067928579804,0.30139163745284325,-0.7935889729174651
7,full_stack,H_rho_omega,2,28,1.5535702929235198,0.0005560539762782836,0.8516885829893603,0.07319867933280633
7,full_stack,H_rho_omega,2,42,1.0577131130045563,0.00043820488646863746,0.7724921492155993,0.04665042281150478
7,full_stack,H_rho_omega,3,0,0.5580155965808505,0.0009661141253778672,0.7868996726331764,0.047439643150103517
7,full_stack,H_rho_omega,3,14,0.6099320748056687,0.0020726130513518404,0.7029853688524151,0.05093816803482165
7,full_stack,H_rho_omega,3,28,0.7261589046372644,0.0063726154353966665,0.6586460642423101,0.0022320027582556357
7,full_stack,H_rho_omega,3,42,0.8858450362500291,0.0025212031174403162,1.3789403959214628,0.07996620575171287
