xc,yc,incl_deg,pa_deg,vsys_kms,rmse,mae,corr,n
1020.0,1021.0,62.3,42.8,107.0,12.281412698947783,9.650646103408947,0.9032954075782121,286
1017.0,1018.0,62.3,42.8,107.0,12.295483755534407,9.862841121997208,0.9004182369545645,286
1020.0,1021.0,63.0,42.8,107.0,12.356620315267133,9.708932962442471,0.903965072409576,286
1023.0,1027.0,62.3,42.8,107.0,12.388003049543983,10.044973787408257,0.9091186769251934,286
1017.0,1024.0,62.3,42.8,107.0,12.410696735805203,10.02465688308474,0.913753408172033,286
1023.0,1027.0,63.0,42.8,107.0,12.422737752250852,10.176549724539148,0.912361151985777,286
1017.0,1018.0,63.0,42.8,107.0,12.438755061605933,9.977588817247693,0.9001648886365734,286
1017.0,1027.0,63.0,42.8,107.0,12.438972009346399,10.125335361590526,0.9176839862104779,286
1017.0,1027.0,62.3,42.8,107.0,12.463278798882,10.129600790630018,0.9159624899862455,286
1020.0,1021.0,63.8,42.8,107.0,12.481153327724721,9.811068091541761,0.9049834516376107,286
1017.0,1024.0,63.8,42.8,107.0,12.481886536580362,10.091028978412794,0.9161299256186068,286
1020.0,1024.0,63.0,42.8,107.0,12.503572550615019,9.989472687137544,0.9101116681820334,286
1023.0,1021.0,62.3,42.8,107.0,12.511147414360721,10.024431500654304,0.9010232122275023,286
1020.0,1018.0,62.3,42.8,107.0,12.513984269087416,9.817485713862647,0.8974792648372956,286
1017.0,1024.0,63.0,42.8,107.0,12.534827876847018,10.17786117506522,0.9131981060473676,286
1023.0,1027.0,63.8,42.8,107.0,12.542575508785058,10.279852028425402,0.914891093635756,286
1023.0,1030.0,63.0,42.8,107.0,12.572418300849513,10.260882680799092,0.9122141270353673,286
1017.0,1024.0,64.6,42.8,107.0,12.579408233087316,10.181422409281106,0.9173273130935203,286
1020.0,1027.0,63.0,42.8,107.0,12.579726842001813,10.262953572965557,0.9151818181236827,286
1020.0,1024.0,62.3,42.8,107.0,12.58087413485402,10.185629352607222,0.9072614495828908,286
1020.0,1024.0,63.8,42.8,107.0,12.595353895802747,10.005624813233842,0.9110269747426774,286
1017.0,1021.0,62.3,42.8,107.0,12.603155386787929,10.107126340857162,0.9040341115647044,286
1020.0,1027.0,62.3,42.8,107.0,12.605740545547663,10.251949764066897,0.9139785101687642,286
1017.0,1018.0,63.8,42.8,107.0,12.61040516714703,10.100685238569376,0.9013671385367479,286
1023.0,1030.0,63.8,42.8,107.0,12.630908804367722,10.305130655121738,0.9138625557791805,286
1020.0,1024.0,64.6,42.8,107.0,12.633623747387967,10.066111463671103,0.9121520049427975,286
1023.0,1021.0,63.0,42.8,107.0,12.63961437593058,10.089191878739106,0.8998506492457344,286
1023.0,1030.0,62.3,42.8,107.0,12.65555938923358,10.336761413181328,0.9111736895725159,286
1023.0,1027.0,64.6,42.8,107.0,12.65889831780217,10.395392519903517,0.91803657746402,286
1020.0,1021.0,62.3,42.8,105.5,12.681720830403902,9.996944064831187,0.8983988317663673,286
1017.0,1021.0,63.0,42.8,107.0,12.696702970926275,10.136471919625132,0.9042036791156625,286
1017.0,1030.0,62.3,42.8,107.0,12.701909616974252,10.38061879932677,0.916022046648729,286
1020.0,1030.0,63.0,42.8,107.0,12.707290588235988,10.387608895809898,0.9138062034041702,286
1020.0,1021.0,63.0,42.8,105.5,12.715387559983892,10.032449000689418,0.898817248269927,286
1020.0,1021.0,64.6,42.8,107.0,12.731554096582329,10.153671479526842,0.905065767696811,286
1020.0,1018.0,63.0,42.8,107.0,12.753165235505808,9.969160654891722,0.8960704086087227,286
1017.0,1018.0,62.3,42.8,105.5,12.768145310043929,10.330943328854497,0.8926422306992468,286
1026.0,1024.0,62.3,42.8,107.0,12.772299700504053,10.411188330393234,0.9076870602911296,286
1026.0,1024.0,63.0,42.8,107.0,12.78082060879314,10.427344791686057,0.9094103355232953,286
1017.0,1027.0,63.8,42.8,107.0,12.791216425366406,10.547042498922343,0.9171106037189739,286
1020.0,1021.0,63.8,42.8,105.5,12.792476697784632,10.111423539480906,0.899719349324006,286
1017.0,1024.0,63.8,42.8,105.5,12.801795115380013,10.448165405629886,0.9094501789631091,286
1023.0,1027.0,63.0,42.8,105.5,12.824262388525861,10.49644836686429,0.9058927177382987,286
1020.0,1018.0,63.8,42.8,107.0,12.827048980967513,10.208731673640528,0.8981279809490499,286
1023.0,1018.0,63.0,42.8,107.0,12.83456767743816,10.239451628005385,0.9050915706582787,286
1020.0,1027.0,63.8,42.8,107.0,12.83481472956005,10.383256422121628,0.9131340760722646,286
1017.0,1024.0,64.6,42.8,105.5,12.836708033253188,10.454231578920819,0.9105404559849449,286
1017.0,1021.0,63.8,42.8,107.0,12.848865511317547,10.254801797378999,0.905219223563751,286
1026.0,1024.0,63.8,42.8,107.0,12.85307008691692,10.511867096488393,0.9114349372378011,286
1017.0,1018.0,63.0,42.8,105.5,12.853766978920161,10.367857272758185,0.8925770618720265,286
1023.0,1027.0,62.3,42.8,105.5,12.863664688601592,10.428565976729006,0.9023261915735372,286
1023.0,1018.0,62.3,42.8,107.0,12.864633796890947,10.193502329093588,0.9000734135377927,286
1017.0,1024.0,62.3,42.8,105.5,12.866287789409721,10.508003221212581,0.9070173894704947,286
1023.0,1030.0,64.6,42.8,107.0,12.877024752075153,10.575603948237493,0.9136190427331652,286
1023.0,1024.0,63.0,42.8,107.0,12.887158037590844,10.40818513430556,0.9021689492614884,286
1017.0,1018.0,64.6,42.8,107.0,12.891018819226028,10.338063323855883,0.9013651583510783,286
1023.0,1027.0,63.8,42.8,105.5,12.894929570288989,10.581069535426442,0.9089297492015793,286
1023.0,1024.0,63.8,42.8,107.0,12.90332549469451,10.387882359909742,0.9046034411838146,286
1017.0,1024.0,63.0,42.8,105.5,12.911618734300193,10.585781130460429,0.9065791563979833,286
1020.0,1030.0,62.3,42.8,107.0,12.916750585146067,10.533826602042321,0.9105954921961873,286
1020.0,1024.0,65.3,42.8,107.0,12.917965652326295,10.398183127995845,0.9107911970833759,286
1017.0,1027.0,63.0,42.8,105.5,12.918735355129101,10.560335104327086,0.9113660186107543,286
1023.0,1021.0,62.3,42.8,105.5,12.919369774074603,10.325535258822237,0.8954676819921036,286
1017.0,1024.0,65.3,42.8,107.0,12.922432031676237,10.572728060630503,0.9157142764686568,286
1023.0,1021.0,63.8,42.8,107.0,12.922526770475116,10.360091455857951,0.9002367498074478,286
1020.0,1030.0,63.8,42.8,107.0,12.93188866860509,10.656504372906275,0.9127046244393363,286
1017.0,1027.0,64.6,42.8,107.0,12.933373854561276,10.669816970855626,0.916953883405499,286
1026.0,1027.0,63.8,42.8,107.0,12.934208456908634,10.568398340547596,0.9104315696466335,286
1020.0,1024.0,63.0,42.8,105.5,12.93638720335229,10.400627884638782,0.903504928841624,286
1023.0,1024.0,62.3,42.8,107.0,12.943149178887536,10.357646223042583,0.8987357321904332,286
1020.0,1024.0,64.6,42.8,105.5,12.949165579977395,10.350335359152949,0.9054831688710961,286
1023.0,1027.0,64.6,42.8,105.5,12.950963070929955,10.65391033502619,0.9126407763462551,286
1020.0,1021.0,65.3,42.8,107.0,12.951241745050938,10.398589050147855,0.9060684217455836,286
1017.0,1021.0,64.6,42.8,107.0,12.96216800477714,10.395573278303313,0.9066888209040167,286
1020.0,1027.0,63.0,42.8,105.5,12.963023511418994,10.605645219149013,0.9085861322967739,286
1026.0,1024.0,64.6,42.8,107.0,12.964231187464256,10.651389993112838,0.9137093267069945,286
1020.0,1021.0,64.6,42.8,105.5,12.966993269045371,10.328850199048855,0.8999163556439232,286
1026.0,1027.0,63.0,42.8,107.0,12.97418024692645,10.54885069669372,0.9070106300885843,286
1020.0,1018.0,62.3,42.8,105.5,12.974537916423369,10.208763552156372,0.8903147705855923,286
1017.0,1030.0,63.0,42.8,107.0,12.978510344418204,10.77924344344448,0.9131758431120424,286
1017.0,1018.0,63.8,42.8,105.5,12.98413604988005,10.449913857043862,0.8933860580831738,286
1023.0,1021.0,64.6,42.8,107.0,12.988815260665707,10.344371864100793,0.9046646958146068,286
1020.0,1024.0,63.8,42.8,105.5,12.99077652274723,10.407715206674759,0.9041383605824835,286
1023.0,1021.0,63.0,42.8,105.5,12.991595382075488,10.344645772624803,0.8939906866600558,286
1026.0,1021.0,62.3,42.8,107.0,12.996839507398168,10.557589305742043,0.9046987046476034,286
1017.0,1027.0,62.3,42.8,105.5,12.998160763770287,10.608848079602339,0.9095560440953221,286
1020.0,1018.0,64.6,42.8,107.0,13.000626216679397,10.366964256397496,0.897277178813046,286
1023.0,1018.0,63.8,42.8,107.0,13.027619910825145,10.45416149131543,0.9066973244039795,286
1023.0,1030.0,63.0,42.8,105.5,13.031871546980286,10.745508794151185,0.9041910890533571,286
1023.0,1030.0,63.8,42.8,105.5,13.034353357707483,10.694738468812126,0.9068749789153132,286
1020.0,1027.0,62.3,42.8,105.5,13.04859044188053,10.62217091437526,0.9075539758128407,286
1026.0,1024.0,65.3,42.8,107.0,13.057624832074458,10.757425022628421,0.9157663635376618,286
1020.0,1024.0,62.3,42.8,105.5,13.058053894308063,10.575262813793247,0.9005430619824081,286
1023.0,1024.0,64.6,42.8,107.0,13.058468651930518,10.484973610760886,0.9062770384001481,286
1026.0,1021.0,63.0,42.8,107.0,13.063238277440027,10.632702299783688,0.9059040527824039,286
1026.0,1027.0,64.6,42.8,107.0,13.06325711283984,10.665095883071976,0.9112035859820277,286
1023.0,1027.0,65.3,42.8,107.0,13.066840823310507,10.772066563496717,0.915721181379377,286
1017.0,1018.0,65.3,42.8,107.0,13.085783334455558,10.501254538280369,0.9015749111164693,286
1017.0,1021.0,62.3,42.8,105.5,13.090867422721088,10.644791042053717,0.8967027764947837,286
1017.0,1021.0,65.3,42.8,107.0,13.097154803049786,10.533462194486168,0.9069795715642764,286
1023.0,1024.0,65.3,42.8,107.0,13.103751976080888,10.47558436057408,0.9079764235343442,286
1017.0,1027.0,65.3,42.8,107.0,13.116177682787116,10.787277816297985,0.9175598091308358,286
1026.0,1030.0,63.0,42.8,107.0,13.117320134544373,10.719634716837305,0.9084127302752404,286
1029.0,1018.0,62.3,42.8,107.0,13.127936280161336,10.689750361329478,0.9035261947381082,286
1017.0,1024.0,65.3,42.8,105.5,13.128191922550979,10.756439828469757,0.9087110874618651,286
1023.0,1030.0,62.3,42.8,105.5,13.134374923877283,10.826288011585097,0.904315200684382,286
1023.0,1018.0,63.0,42.8,105.5,13.135328839421165,10.421933736421378,0.8989765231979101,286
1017.0,1021.0,63.0,42.8,105.5,13.135670767497167,10.599957032745765,0.8967859735559,286
1029.0,1024.0,62.3,42.8,107.0,13.138410009042959,10.799319870393813,0.9062698753479741,286
1029.0,1018.0,63.0,42.8,107.0,13.141403672866335,10.776889222148014,0.9054097443137545,286
1020.0,1030.0,64.6,42.8,107.0,13.143848791345217,10.866966948302817,0.9119478086705292,286
1026.0,1021.0,63.8,42.8,107.0,13.147943307043345,10.691910602761665,0.9073876431117686,286
1020.0,1021.0,65.3,42.8,105.5,13.149599920725096,10.508180449920527,0.9006924755768434,286
1026.0,1024.0,63.0,42.8,105.5,13.153628642875,10.706217386065754,0.9028284608545265,286
1026.0,1024.0,63.8,42.8,105.5,13.16069781144427,10.76434690253504,0.9048303275149239,286
1020.0,1030.0,63.0,42.8,105.5,13.161160554532822,10.805114282583471,0.9075537183526711,286
1020.0,1018.0,63.0,42.8,105.5,13.163709442440917,10.304534351928877,0.8889970488782986,286
1023.0,1030.0,65.3,42.8,107.0,13.16549070558657,10.846432839587997,0.9124032107624207,286
1029.0,1021.0,62.3,42.8,107.0,13.165909658823056,10.740366578584977,0.9043958079063804,286
1020.0,1018.0,63.8,42.8,105.5,13.16864315572833,10.46026123977332,0.8910357650142878,286
1026.0,1027.0,62.3,42.8,107.0,13.180093149782486,10.643257967358572,0.9030004385593217,286
1020.0,1024.0,65.3,42.8,105.5,13.189196200513823,10.627655205777883,0.9038427883522527,286
1026.0,1024.0,62.3,42.8,105.5,13.191491093287645,10.717185919862068,0.9017847418328241,286
1017.0,1027.0,63.8,42.8,105.5,13.193266695508248,10.943101329225465,0.9105390927942855,286
1020.0,1018.0,65.3,42.8,107.0,13.193426790087726,10.5844126044586,0.8977087811785627,286
1017.0,1030.0,63.8,42.8,107.0,13.19744977860613,10.984155825995137,0.913065539834512,286
1020.0,1027.0,63.8,42.8,105.5,13.199853940689454,10.747408947511412,0.9057510013322045,286
1017.0,1030.0,62.3,42.8,105.5,13.19994287464515,10.84635376838658,0.9098758740064732,286
1026.0,1030.0,62.3,42.8,107.0,13.200441326859837,10.76524521486897,0.9058758949125302,286
1026.0,1027.0,65.3,42.8,107.0,13.200752535568979,10.784292713667355,0.9121983634752203,286
1017.0,1018.0,64.6,42.8,105.5,13.201013504030918,10.597799277811136,0.8942772023212986,286
1026.0,1030.0,63.8,42.8,107.0,13.203990256487934,10.748673503296867,0.9100256482582889,286
1020.0,1021.0,63.0,42.8,104.0,13.216229198703113,10.553542837314895,0.8927915272325971,286
1026.0,1024.0,64.6,42.8,105.5,13.217610773595869,10.875326359063896,0.9070925681729176,286
1023.0,1030.0,64.6,42.8,105.5,13.225538342218538,10.941481779875547,0.9064272590414585,286
1020.0,1021.0,63.8,42.8,104.0,13.22580039317811,10.56289590544026,0.8938850454588055,286
1020.0,1021.0,62.3,42.8,104.0,13.230816783225752,10.58056550053507,0.8924985753132203,286
1017.0,1024.0,64.6,42.8,104.0,13.235213633148117,10.890844248122848,0.9029181283813978,286
1017.0,1021.0,63.8,42.8,105.5,13.23816666549314,10.62912971078906,0.8975533407668903,286
1026.0,1024.0,65.3,42.8,105.5,13.242888971283136,10.914196968184198,0.9095110297866016,286
1026.0,1021.0,64.6,42.8,107.0,13.243114409321594,10.830473851312018,0.9096906104705529,286
1023.0,1021.0,63.8,42.8,105.5,13.249528330862596,10.62926163069788,0.8936547693204601,286
1029.0,1021.0,63.0,42.8,107.0,13.250312453042728,10.80864407555504,0.9050530939470303,286
1017.0,1027.0,64.6,42.8,105.5,13.257144637759623,10.987150146742046,0.9105026487538436,286
1023.0,1018.0,64.6,42.8,107.0,13.260571248640046,10.628899411558017,0.9075600747667193,286
1023.0,1021.0,64.6,42.8,105.5,13.261924796531263,10.547199034327544,0.8980718990087588,286
1017.0,1024.0,63.8,42.8,104.0,13.267369173123786,10.967313966849003,0.9017589097262376,286
1026.0,1027.0,63.8,42.8,105.5,13.269194264970986,10.871669772993839,0.9031623260040007,286
1023.0,1018.0,62.3,42.8,105.5,13.269632378423895,10.454173972791022,0.893142508532914,286
1026.0,1018.0,63.0,42.8,107.0,13.271686069361609,10.74511230125364,0.9017781439890066,286
1023.0,1018.0,63.8,42.8,105.5,13.271936899831209,10.53694424751374,0.9005184098002592,286
1020.0,1018.0,64.6,42.8,105.5,13.290874581452838,10.572486488821568,0.8901348088165075,286
1017.0,1021.0,64.6,42.8,105.5,13.303118250329776,10.655779021310282,0.8988828666411581,286
1029.0,1024.0,63.8,42.8,107.0,13.310204381193367,10.938003365811857,0.9091508292707678,286
1023.0,1027.0,65.3,42.8,105.5,13.3125520723186,11.033543167328553,0.9100292178731563,286
1023.0,1021.0,65.3,42.8,107.0,13.312890268534387,10.564135056203424,0.902540984855463,286
1023.0,1024.0,63.8,42.8,105.5,13.313473432879078,10.717872157013874,0.8980460506140865,286
1017.0,1030.0,64.6,42.8,107.0,13.317479344629545,11.088922334399003,0.913955661360954,286
1020.0,1030.0,63.8,42.8,105.5,13.322769586964888,11.047732088085903,0.9061770952187528,286
1029.0,1024.0,63.0,42.8,107.0,13.327704813786932,10.942315124034135,0.9060306841945013,286
1023.0,1018.0,65.3,42.8,107.0,13.328601552685019,10.766447421776421,0.9095395034098661,286
1029.0,1018.0,63.8,42.8,107.0,13.32962393711577,10.927686873916636,0.9066576895601213,286
1023.0,1027.0,63.0,42.8,104.0,13.330252134824063,10.98860423528433,0.8988460009596606,286
1020.0,1021.0,64.6,42.8,104.0,13.334619470063304,10.698000859799244,0.8940895784264866,286
1023.0,1027.0,64.6,42.8,104.0,13.335341551501344,11.028973119624558,0.9064572992309132,286
1023.0,1027.0,63.8,42.8,104.0,13.337080730170504,11.007696258387444,0.9021746915249639,286
1023.0,1024.0,65.3,42.8,105.5,13.338728253670757,10.649992540940508,0.9025832471455416,286
1029.0,1021.0,63.8,42.8,107.0,13.340976700437093,10.922454055155336,0.9067162175347174,286
1017.0,1018.0,62.3,42.8,104.0,13.341656924329838,10.974673968870269,0.8844340956926895,286
1023.0,1024.0,63.0,42.8,105.5,13.344292329635385,10.7469174225497,0.8959417562797491,286
1020.0,1024.0,64.6,42.8,104.0,13.345678139765027,10.780015925030398,0.8978655668466918,286
1026.0,1027.0,64.6,42.8,105.5,13.35201401335407,10.931384409469306,0.9040709704040234,286
1020.0,1027.0,64.6,42.8,107.0,13.363218442428217,11.018759352644336,0.9075636132885342,286
1017.0,1021.0,65.3,42.8,105.5,13.367715499540612,10.702446961003002,0.8995165728415927,286
1017.0,1018.0,65.3,42.8,105.5,13.372277065254849,10.727689530792722,0.8943001720126565,286
1026.0,1030.0,64.6,42.8,107.0,13.372812166318376,10.894683298908701,0.9104581368344222,286
1017.0,1027.0,65.3,42.8,105.5,13.381632859818286,11.050000133380674,0.9111438254544915,286
1026.0,1027.0,63.0,42.8,105.5,13.382767000960344,10.861221009976173,0.8993904019750284,286
1017.0,1030.0,63.0,42.8,105.5,13.39634399353883,11.208716286569832,0.9070913619166034,286
1026.0,1018.0,63.8,42.8,107.0,13.396888192649218,10.838114298229566,0.9032802840939517,286
1023.0,1024.0,64.6,42.8,105.5,13.406569981706598,10.747607425854735,0.899935229513757,286
1017.0,1018.0,63.0,42.8,104.0,13.407537414014122,10.974845591080658,0.8837318324770574,286
1026.0,1018.0,62.3,42.8,107.0,13.412147145352042,10.780260555164482,0.8968546706452355,286
1026.0,1021.0,65.3,42.8,107.0,13.416662721886818,10.95503208020649,0.9105355383964535,286
1029.0,1027.0,63.8,42.8,107.0,13.416859904641301,11.023898244338776,0.909839129602602,286
1026.0,1021.0,62.3,42.8,105.5,13.418926051737381,10.865001194718088,0.8989339999414817,286
1020.0,1030.0,65.3,42.8,107.0,13.423726375358367,11.080100255749388,0.9103239271677773,286
1020.0,1030.0,62.3,42.8,105.5,13.423789475435699,11.01673807610409,0.9041690863320028,286
1026.0,1027.0,65.3,42.8,105.5,13.42888839304522,10.98294563813254,0.905336885614301,286
1017.0,1024.0,63.0,42.8,104.0,13.429050050224427,11.135515549657242,0.898875487103515,286
1029.0,1024.0,64.6,42.8,107.0,13.434405504317134,11.035992632689908,0.9103159783981373,286
1020.0,1027.0,63.0,42.8,104.0,13.43544539051234,11.021763686232381,0.9023085136867509,286
1023.0,1030.0,65.3,42.8,105.5,13.436054752666635,11.134264206606757,0.905364125438699,286
1020.0,1018.0,65.3,42.8,105.5,13.43607004362681,10.738355224233759,0.8906698045524974,286
1023.0,1027.0,62.3,42.8,104.0,13.436795922641123,11.010650339035339,0.8950234211664494,286
1029.0,1018.0,63.0,42.8,105.5,13.437184789674745,10.90393945790902,0.8987480690941619,286
1023.0,1024.0,62.3,42.8,105.5,13.443763206748107,10.724363026819137,0.8925296718392761,286
1020.0,1024.0,63.8,42.8,104.0,13.44503690755419,10.867978843112091,0.8965441167343422,286
1017.0,1024.0,62.3,42.8,104.0,13.445299974399742,11.121397178371561,0.8994557582954518,286
1020.0,1024.0,63.0,42.8,104.0,13.451705676812523,10.905722385561987,0.8958910303047266,286
1026.0,1021.0,63.0,42.8,105.5,13.454998073739896,10.938187825394888,0.9001914127182575,286
1029.0,1027.0,63.0,42.8,107.0,13.456423631232685,11.019025569827402,0.9060440877680016,286
1023.0,1021.0,62.3,42.8,104.0,13.45880657721658,10.805286875435003,0.8895235852582927,286
1020.0,1030.0,64.6,42.8,105.5,13.460799111624087,11.215102495533085,0.9054441061670051,286
1017.0,1018.0,63.8,42.8,104.0,13.461433874282891,10.962625030399321,0.8848635338028534,286
1026.0,1021.0,63.8,42.8,105.5,13.461980537195767,10.91644516829708,0.9019348083311339,286
1020.0,1021.0,65.3,42.8,104.0,13.467467043658875,10.805574453282576,0.8948897338876457,286
1023.0,1018.0,64.6,42.8,105.5,13.471027815459538,10.705272580871199,0.9012801527362427,286
1029.0,1021.0,64.6,42.8,107.0,13.474378286888262,11.057888676486685,0.9087506011982596,286
1023.0,1021.0,63.0,42.8,104.0,13.480174247551666,10.794018058839837,0.8877894723347347,286
1017.0,1024.0,65.3,42.8,104.0,13.480792786723942,11.13811624940013,0.9006914548968761,286
1023.0,1018.0,65.3,42.8,105.5,13.485081163737377,10.805156643726686,0.9034107381708516,286
1020.0,1018.0,62.3,42.8,104.0,13.486344927340427,10.708091780260741,0.8832318689091971,286
1017.0,1027.0,63.0,42.8,104.0,13.490093074300848,11.088870127404675,0.9041144553234314,286
1029.0,1027.0,65.3,42.8,107.0,13.491947050600137,11.132496206631615,0.9143350399674506,286
1026.0,1030.0,63.0,42.8,105.5,13.503979154913553,11.083496027762543,0.9012649421823287,286
1029.0,1030.0,63.8,42.8,107.0,13.508758780486886,11.055046393077589,0.9081104885930624,286
1026.0,1021.0,64.6,42.8,105.5,13.5119340160334,11.03539519837302,0.9041101869210746,286
1023.0,1030.0,63.8,42.8,104.0,13.513229573207035,11.227364040580884,0.8997286955615263,286
1029.0,1018.0,62.3,42.8,105.5,13.514109435014179,10.87348076733929,0.895522954700201,286
1020.0,1024.0,65.3,42.8,104.0,13.531705133533663,10.986605044386192,0.8959878555864021,286
1029.0,1027.0,64.6,42.8,107.0,13.537212622784752,11.131782999472994,0.9112748954512007,286
1026.0,1024.0,65.3,42.8,104.0,13.541029454269934,11.198749500061341,0.9026155361866496,286
1017.0,1030.0,65.3,42.8,107.0,13.541224593261857,11.208903493345405,0.9148449622757365,286
1017.0,1030.0,63.8,42.8,105.5,13.546121786398336,11.365780966273839,0.9068821902638824,286
1026.0,1030.0,63.8,42.8,105.5,13.551701232809851,11.083058289348978,0.9027387247368314,286
1029.0,1021.0,62.3,42.8,105.5,13.554247276191782,11.00238212490862,0.8982311403791264,286
1029.0,1021.0,65.3,42.8,107.0,13.55753237610436,11.15868924277136,0.9107223461538563,286
1023.0,1030.0,63.0,42.8,104.0,13.56059819813859,11.336365672879046,0.8970628247961139,286
1029.0,1024.0,62.3,42.8,105.5,13.562253045427248,11.068710033308818,0.89935167721827,286
1023.0,1018.0,63.0,42.8,104.0,13.562815851449239,10.828566373573668,0.8921702086475961,286
1026.0,1018.0,64.6,42.8,107.0,13.568995058422857,10.965229760940735,0.9040558408808222,286
1023.0,1021.0,65.3,42.8,105.5,13.576517636150996,10.729115093034016,0.8955203938576546,286
1026.0,1024.0,63.8,42.8,104.0,13.576853036791245,11.126252390293514,0.8973510613712784,286
1029.0,1030.0,64.6,42.8,107.0,13.578186468275028,11.205113143230246,0.9125701914876388,286
1029.0,1018.0,63.8,42.8,105.5,13.582222763131977,11.037649604073923,0.8992655869096872,286
1026.0,1024.0,64.6,42.8,104.0,13.58501186950096,11.232879237421843,0.8996989427489089,286
1017.0,1030.0,64.6,42.8,105.5,13.592297846556098,11.406757226466802,0.9080971128914499,286
1017.0,1018.0,64.6,42.8,104.0,13.59382753380742,10.99847774371359,0.8868749281934463,286
1020.0,1027.0,62.3,42.8,104.0,13.594852262437591,11.132887670897372,0.9006559511969567,286
1020.0,1018.0,63.8,42.8,104.0,13.605628319165199,10.894686542253503,0.8835394967655399,286
1029.0,1021.0,63.0,42.8,105.5,13.608014969683921,11.064117643976731,0.8986337886428395,286
1029.0,1024.0,63.8,42.8,105.5,13.610151980779737,11.168717848568834,0.9025286728004411,286
1026.0,1027.0,62.3,42.8,105.5,13.611133660966722,10.991815462014017,0.8956761142418684,286
1020.0,1024.0,62.3,42.8,104.0,13.615020059025117,11.103824748245758,0.8927927244075565,286
1017.0,1027.0,62.3,42.8,104.0,13.615857783443602,11.21078946275362,0.9023804208595689,286
1029.0,1021.0,63.8,42.8,105.5,13.617966793495144,11.12622556831416,0.9008222468535259,286
1026.0,1030.0,62.3,42.8,105.5,13.62076455801458,11.184518020895553,0.8989768077862058,286
1029.0,1027.0,62.3,42.8,107.0,13.627781026022962,11.151672182684603,0.9012336284269763,286
1026.0,1024.0,63.0,42.8,104.0,13.632973830115471,11.115105979923284,0.8951764464769277,286
1020.0,1018.0,63.0,42.8,104.0,13.63454942782458,10.78706651059297,0.8820027123205878,286
1029.0,1030.0,63.0,42.8,107.0,13.635511152498013,11.120037507337855,0.904001043592323,286
1026.0,1018.0,63.0,42.8,105.5,13.636149282520789,10.951080961556583,0.8948340988456575,286
1023.0,1027.0,65.3,42.8,104.0,13.636544772680084,11.404467081604112,0.9039740000389239,286
1026.0,1030.0,64.6,42.8,105.5,13.63914303137127,11.156422731329426,0.9034871162020546,286
1029.0,1018.0,64.6,42.8,107.0,13.64151144326054,11.197399980827875,0.9061366435442161,286
1026.0,1021.0,65.3,42.8,105.5,13.643330681754012,11.10365147076338,0.9048542317315336,286
1023.0,1030.0,64.6,42.8,104.0,13.643398013895496,11.403218474303989,0.8991114498336021,286
1020.0,1018.0,64.6,42.8,104.0,13.645153958120476,10.888450934696417,0.8831892010270102,286
1023.0,1021.0,64.6,42.8,104.0,13.65130966679493,10.96701863115006,0.8914081657187072,286
1023.0,1018.0,63.8,42.8,104.0,13.651753742157682,10.821449855901887,0.8935980149347161,286
1020.0,1027.0,63.8,42.8,104.0,13.65829052239506,11.182072307176794,0.8985606715611129,286
1020.0,1027.0,65.3,42.8,107.0,13.664763813140775,11.21325987260459,0.905837795338203,286
1020.0,1030.0,65.3,42.8,105.5,13.67059579668513,11.37592108416083,0.9038665291048998,286
1017.0,1027.0,63.8,42.8,104.0,13.676581385378691,11.39099549257399,0.9030244707871621,286
1017.0,1027.0,64.6,42.8,104.0,13.681772856503871,11.400285469487462,0.9028841849111126,286
1023.0,1021.0,63.8,42.8,104.0,13.68798341953251,11.066999854781622,0.887064645269048,286
1026.0,1024.0,62.3,42.8,104.0,13.694381608764203,11.173986322776399,0.8944083785996317,286
1029.0,1024.0,64.6,42.8,105.5,13.695704583465677,11.24356368730766,0.9034454011896285,286
1026.0,1018.0,63.8,42.8,105.5,13.69684023497004,10.998618774387365,0.896394818453492,286
1017.0,1021.0,62.3,42.8,104.0,13.698014709902843,11.336556049066367,0.8886992894990489,286
1017.0,1021.0,63.0,42.8,104.0,13.699923857692683,11.250256635931581,0.8885023194978094,286
1023.0,1024.0,65.3,42.8,104.0,13.703620647551594,11.057505309557298,0.8967320633902636,286
1029.0,1030.0,62.3,42.8,107.0,13.705082436325752,11.160950393491177,0.9008908507753883,286
1026.0,1030.0,65.3,42.8,107.0,13.705952210206329,11.250661573459285,0.9091359126534995,286
1029.0,1021.0,64.6,42.8,105.5,13.70870616926314,11.235213007804083,0.902894805693272,286
1029.0,1024.0,63.0,42.8,105.5,13.712992104564123,11.214690041364362,0.8986598544367181,286
1029.0,1027.0,65.3,42.8,105.5,13.717159049117358,11.324810958213066,0.9076697631778239,286
1020.0,1030.0,63.0,42.8,104.0,13.71998376685438,11.342260035099239,0.900787702648671,286
1017.0,1018.0,65.3,42.8,104.0,13.722503949019371,11.01837727001233,0.8869776036035163,286
1023.0,1030.0,62.3,42.8,104.0,13.726185921497171,11.486972417582253,0.8972305098075797,286
1020.0,1027.0,64.6,42.8,105.5,13.733843417038981,11.395795124683872,0.8985706880136493,286
1029.0,1030.0,65.3,42.8,107.0,13.735240724072067,11.307897605834444,0.9120061763268044,286
1017.0,1024.0,64.6,42.8,102.5,13.741687861201298,11.441468765672825,0.8951661739043046,286
1017.0,1021.0,63.8,42.8,104.0,13.743781973744811,11.207882151076094,0.8891743249017472,286
1029.0,1021.0,65.3,42.8,105.5,13.7473906513063,11.269065497753374,0.9046630966024958,286
1026.0,1027.0,63.8,42.8,104.0,13.751737659677255,11.366307937516638,0.8971643672204261,286
1017.0,1021.0,64.6,42.8,104.0,13.752693782714516,11.123746025619859,0.8903843408145053,286
1017.0,1027.0,65.3,42.8,104.0,13.758037343947027,11.44219583163518,0.9034138743896691,286
1029.0,1018.0,65.3,42.8,107.0,13.758773889400443,11.277201683290917,0.9074245351648846,286
1023.0,1030.0,65.3,42.8,104.0,13.759290958018047,11.505728269846887,0.8989158665081912,286
1029.0,1027.0,63.8,42.8,105.5,13.761216095409448,11.287474386139676,0.9031591410101061,286
1017.0,1030.0,65.3,42.8,105.5,13.766747486246327,11.485183725203777,0.9086979906011303,286
1020.0,1021.0,63.8,42.8,102.5,13.767910795919127,11.14671532292366,0.8873967231472613,286
1023.0,1018.0,65.3,42.8,104.0,13.769820995751774,10.995193453159354,0.896646017267463,286
1026.0,1027.0,64.6,42.8,104.0,13.773670526167296,11.376129320734226,0.8981418694141067,286
1029.0,1024.0,65.3,42.8,107.0,13.777093109719358,11.245155042941164,0.9082244885660803,286
1017.0,1030.0,62.3,42.8,104.0,13.78060999075146,11.445227216218965,0.9037965846493466,286
1020.0,1018.0,65.3,42.8,104.0,13.781067731185793,10.99652655686037,0.883047181827813,286
1017.0,1021.0,65.3,42.8,104.0,13.78258199469598,11.061495928255196,0.8912210215270677,286
1023.0,1018.0,64.6,42.8,104.0,13.791827856069348,10.92193216905737,0.8945866503247745,286
1026.0,1027.0,65.3,42.8,104.0,13.79549994471747,11.395460198137132,0.8995620093683336,286
1023.0,1018.0,62.3,42.8,104.0,13.797635786490769,10.91940167296484,0.8852621863554923,286
1020.0,1030.0,62.3,41.3,107.0,13.79890396123485,11.212098655503459,0.8990858318046646,286
1023.0,1024.0,63.8,42.8,104.0,13.80226247759912,11.15059103510892,0.8916334704945797,286
1023.0,1027.0,64.6,42.8,102.5,13.802872283823723,11.474340955342816,0.9013434761768196,286
1020.0,1021.0,63.0,42.8,102.5,13.808656645804703,11.195005241129966,0.886435908403231,286
1020.0,1030.0,63.8,42.8,104.0,13.81184087517411,11.534048519166005,0.8992698876607879,286
1020.0,1021.0,64.6,42.8,102.5,13.817264689792589,11.202424943817554,0.8874988628341375,286
1026.0,1018.0,64.6,42.8,105.5,13.82658587246672,11.092234574825746,0.8965141219181096,286
1029.0,1027.0,64.6,42.8,105.5,13.82752076948404,11.372747666962631,0.9046864839235628,286
1017.0,1024.0,63.8,42.8,102.5,13.834270249446636,11.570065631914112,0.8940784968912198,286
1029.0,1018.0,63.0,42.8,104.0,13.834682670301705,11.161974608229734,0.8915948757325045,286
1026.0,1018.0,65.3,42.8,107.0,13.839015643407254,11.259671585259753,0.9046462533302629,286
1017.0,1027.0,62.3,41.3,107.0,13.844530889651312,11.403929928295495,0.9041495591371785,286
1020.0,1024.0,64.6,42.8,102.5,13.85246953119721,11.302256565413813,0.8899646988239196,286
1026.0,1021.0,64.6,42.8,104.0,13.855069506407203,11.322407021493866,0.8972548493509664,286
1026.0,1021.0,63.8,42.8,104.0,13.855318865377141,11.239995023502123,0.8952380906154569,286
1023.0,1024.0,64.6,42.8,104.0,13.863916900336392,11.19553637441119,0.8930066837897772,286
1029.0,1027.0,63.0,42.8,105.5,13.864081391723536,11.349457067073429,0.8994077034225103,286
1026.0,1018.0,62.3,42.8,105.5,13.86697888842755,11.05705188229298,0.8890684882066935,286
1020.0,1021.0,62.3,42.8,102.5,13.870867601186337,11.28176576318798,0.8862223912975113,286
1020.0,1030.0,64.6,42.8,104.0,13.875069512545265,11.663770886605615,0.8986549204789515,286
1029.0,1018.0,64.6,42.8,105.5,13.876679765201384,11.328977006607479,0.8988715922446471,286
1023.0,1024.0,63.0,42.8,104.0,13.879083383176797,11.229917851043417,0.8896737146751725,286
1020.0,1021.0,65.3,42.8,102.5,13.883533797169711,11.238718221139425,0.8883351885306752,286
1023.0,1027.0,63.8,42.8,102.5,13.88426259445881,11.530310255865059,0.8957994428474577,286
1017.0,1030.0,63.0,42.8,104.0,13.891906877460944,11.728968292120536,0.9008105064575708,286
1026.0,1027.0,63.0,42.8,104.0,13.913332751767012,11.435659432974326,0.8933855732328596,286
1029.0,1030.0,63.8,42.8,105.5,13.920574959912118,11.375461642626323,0.9004980520483736,286
1026.0,1021.0,63.0,42.8,104.0,13.923108026743765,11.351884990775329,0.8932135464157326,286
1029.0,1030.0,64.6,42.8,105.5,13.925222834611471,11.46968128208774,0.9057718246155588,286
1029.0,1018.0,63.8,42.8,104.0,13.930431383414753,11.244110075163547,0.8921423668692331,286
1029.0,1018.0,65.3,42.8,105.5,13.933582083223401,11.353119250346204,0.9003442839840271,286
1026.0,1021.0,62.3,42.8,104.0,13.933791992237897,11.296849836308063,0.8920800183411679,286
1026.0,1021.0,65.3,42.8,104.0,13.934047150065513,11.339328807439472,0.8981131226186639,286
1017.0,1024.0,65.3,42.8,102.5,13.937744991928264,11.63696138302174,0.892585409353496,286
1023.0,1027.0,63.0,42.8,102.5,13.943715021344273,11.59185898040103,0.8921685541465761,286
1026.0,1030.0,65.3,42.8,105.5,13.945141125628219,11.497278976822516,0.9021640269045097,286
1026.0,1024.0,65.3,42.8,102.5,13.960378217651384,11.634248414387123,0.8963708089126914,286
1017.0,1030.0,64.6,42.8,104.0,13.96098988477866,11.7887343144134,0.9017087293676718,286
1023.0,1021.0,65.3,42.8,104.0,13.97260773474134,11.108967760399665,0.8881029148937586,286
1017.0,1030.0,63.8,42.8,104.0,13.98206592065128,11.815551209645172,0.9005119587242132,286
1029.0,1021.0,63.8,42.8,104.0,13.986080484286301,11.434188543581808,0.8937136994889525,286
1017.0,1018.0,62.3,42.8,102.5,13.987002006195851,11.672862024960803,0.8757380650815614,286
1020.0,1024.0,65.3,42.8,102.5,13.988042140616583,11.469513301314523,0.8877905742341237,286
1029.0,1024.0,65.3,42.8,105.5,13.996582353014368,11.425231766630425,0.9012125650031098,286
1020.0,1027.0,65.3,42.8,105.5,13.99951160736183,11.550218921250877,0.8966068774419855,286
1029.0,1018.0,62.3,42.8,104.0,14.000200827335888,11.251511843693832,0.8875082829979324,286
1026.0,1018.0,65.3,42.8,105.5,14.00140554591819,11.357043091781975,0.8979965922395946,286
1020.0,1024.0,63.8,42.8,102.5,14.0061418449014,11.43366510143039,0.888575972365424,286
1026.0,1030.0,63.0,42.8,104.0,14.007445686656826,11.663315180518515,0.8946802752279944,286
1017.0,1018.0,63.0,42.8,102.5,14.00854280816214,11.626532458762128,0.8748832666726943,286
1026.0,1030.0,63.8,42.8,104.0,14.00878641756485,11.592806967251624,0.8960008669161955,286
1020.0,1027.0,63.0,42.8,102.5,14.018195798388497,11.581505535866116,0.8953339940365407,286
1017.0,1018.0,63.8,42.8,102.5,14.01912740169424,11.591924729548913,0.875673882824479,286
1020.0,1030.0,65.3,42.8,104.0,14.02082858424821,11.777716146001243,0.8970062600773075,286
1029.0,1024.0,63.8,42.8,104.0,14.021799864003818,11.520088454003853,0.8952710372233159,286
1023.0,1024.0,62.3,42.8,104.0,14.025147346034286,11.243387600145814,0.8863980831844961,286
1029.0,1021.0,64.6,42.8,104.0,14.02558566408449,11.491382460362074,0.8957436062067337,286
1020.0,1030.0,62.3,42.8,104.0,14.028271727609605,11.6187158259651,0.8973282197622812,286
1029.0,1021.0,62.3,42.8,104.0,14.028437482276795,11.365827330596845,0.8910261614934044,286
1029.0,1021.0,65.3,42.8,104.0,14.031947074680764,11.490171757974368,0.8972616471947932,286
1026.0,1030.0,64.6,42.8,104.0,14.034352052705243,11.575690802037457,0.8968878010101426,286
1020.0,1027.0,63.0,41.3,107.0,14.037960744437164,11.431674673153704,0.90123109754408,286
1017.0,1024.0,63.0,42.8,102.5,14.047179606476671,11.778516674198386,0.8913916105426247,286
1029.0,1030.0,65.3,42.8,105.5,14.050747004855909,11.565695722076848,0.9047734583580672,286
1029.0,1027.0,65.3,42.8,104.0,14.051499321891283,11.672191255484732,0.9012673522345909,286
1029.0,1021.0,63.0,42.8,104.0,14.053966062864562,11.413062289598424,0.8909527760274472,286
1026.0,1024.0,64.6,42.8,102.5,14.054277343593052,11.681016022063247,0.8933550301004323,286
1023.0,1021.0,63.0,42.8,102.5,14.055927842993993,11.384046391239863,0.8813995191978162,286
1029.0,1024.0,64.6,42.8,104.0,14.059558335040565,11.566383214642931,0.8960742723788072,286
1023.0,1021.0,62.3,42.8,102.5,14.063058911877404,11.374192674115859,0.8839083598984647,286
1023.0,1027.0,65.3,42.8,102.5,14.063342727057567,11.855279334306024,0.8982082629971448,286
1020.0,1024.0,63.0,42.8,102.5,14.064777346809414,11.522695278426504,0.8879359496697355,286
1023.0,1030.0,63.8,42.8,102.5,14.080699810707038,11.846188874848833,0.8927772509647045,286
1020.0,1030.0,63.0,41.3,107.0,14.081651673618707,11.42595046274479,0.8980538692683546,286
1017.0,1030.0,65.3,42.8,104.0,14.08775417572695,11.846148225600144,0.9024217193933134,286
1023.0,1018.0,63.0,42.8,102.5,14.091156110470465,11.387769523384723,0.8852987416672922,286
1026.0,1018.0,63.0,42.8,104.0,14.09148106614522,11.288832750984152,0.8876424791829759,286
1029.0,1024.0,62.3,42.8,104.0,14.092589328360033,11.50078513464541,0.8920760567711705,286
1017.0,1018.0,64.6,42.8,102.5,14.094577676997398,11.574307078023308,0.8784857324288962,286
1020.0,1018.0,64.6,42.8,102.5,14.096506964579202,11.375371249581558,0.875792559303011,286
1017.0,1027.0,63.0,41.3,107.0,14.098383488379639,11.590014401533143,0.9036778284394029,286
1020.0,1018.0,62.3,42.8,102.5,14.100280021485942,11.36978513780179,0.8758353109590021,286
1026.0,1024.0,63.8,42.8,102.5,14.10209807545451,11.632182969575002,0.8909662627622519,286
1023.0,1027.0,62.3,42.8,102.5,14.103868423327114,11.694126688226547,0.8880973354068566,286
1029.0,1027.0,62.3,42.8,105.5,14.112260963208932,11.536356404662822,0.8939116852162053,286
1029.0,1030.0,63.0,42.8,105.5,14.112805735375709,11.493025203033005,0.8956460737626694,286
1023.0,1024.0,65.3,42.8,102.5,14.115192047640319,11.51890324104633,0.8906964879800635,286
1017.0,1024.0,62.3,42.8,102.5,14.116471870949452,11.795360552785546,0.8919968322655293,286
1020.0,1030.0,64.6,41.3,107.0,14.117948544834817,11.406006968249951,0.9059594207417977,286
1026.0,1018.0,63.8,42.8,104.0,14.12182677701408,11.324263770884379,0.8887606242874957,286
1023.0,1021.0,64.6,42.8,102.5,14.122771297805325,11.481285630732573,0.884772048666702,286
1023.0,1018.0,63.8,42.8,102.5,14.126727421731587,11.359296959163194,0.8867282819591857,286
1020.0,1018.0,63.8,42.8,102.5,14.130722128192353,11.461152666098291,0.8758950126915428,286
1023.0,1030.0,64.6,42.8,102.5,14.142748555519287,11.951550766926735,0.8922972765638479,286
1017.0,1027.0,62.3,41.3,105.5,14.145643683824826,11.701934261237124,0.8977182706244364,286
1017.0,1027.0,63.0,42.8,102.5,14.153776725722311,11.797876169155735,0.8967168953356885,286
1017.0,1027.0,63.8,41.3,107.0,14.154284899926877,11.641784368463682,0.906050117767682,286
1023.0,1018.0,65.3,42.8,102.5,14.158087468033001,11.39772638381263,0.8900267255865425,286
1029.0,1018.0,64.6,42.8,104.0,14.161810720506766,11.47806161148626,0.8918075395800346,286
1020.0,1030.0,63.8,41.3,107.0,14.163228333794422,11.458994724642688,0.9026665039409242,286
1026.0,1030.0,62.3,42.8,104.0,14.167305754604492,11.80584040398954,0.8924172781881488,286
1029.0,1018.0,65.3,42.8,104.0,14.168079633985604,11.456553409783222,0.8933419770530543,286
1017.0,1018.0,65.3,42.8,102.5,14.176493881607774,11.53509330963628,0.8786578505766177,286
1017.0,1030.0,62.3,41.3,107.0,14.178160344328674,11.56713401382073,0.9025591915122699,286
1026.0,1027.0,62.3,42.8,104.0,14.179098349487596,11.604089222663902,0.8898774981724114,286
1020.0,1030.0,62.3,41.3,105.5,14.180846546912035,11.606948010279364,0.8915440907527207,286
1029.0,1027.0,63.8,42.8,104.0,14.187370323558062,11.715710116259151,0.8966591043045883,286
1023.0,1030.0,63.0,42.8,102.5,14.188123166882725,12.025529297478029,0.8889114480365394,286
1020.0,1027.0,64.6,42.8,104.0,14.194149117987823,11.860052535058568,0.8896437999825693,286
1026.0,1018.0,64.6,42.8,104.0,14.197545869754656,11.339476919389977,0.8889861437825787,286
1017.0,1027.0,64.6,42.8,102.5,14.198219125906295,11.907348766299563,0.8951580529591096,286
1029.0,1027.0,64.6,42.8,104.0,14.198502601441636,11.749307937959681,0.8983732950870867,286
1020.0,1018.0,63.0,42.8,102.5,14.20006494973334,11.437077991057336,0.8747925738169706,286
1020.0,1018.0,65.3,42.8,102.5,14.202343220986553,11.422336961396896,0.8756170652723937,286
1020.0,1027.0,62.3,41.3,107.0,14.206747757360286,11.532963380090573,0.8938417526151603,286
1023.0,1018.0,64.6,42.8,102.5,14.20795920297441,11.388160977282359,0.8881139548839515,286
1023.0,1021.0,63.8,42.8,102.5,14.208188704502422,11.613770928406094,0.8804262018379057,286
1023.0,1030.0,65.3,42.8,102.5,14.210718221590637,12.004833135371257,0.8918237743990921,286
1026.0,1024.0,63.0,42.8,102.5,14.211426012048692,11.694956778656332,0.8888799492605619,286
1029.0,1024.0,63.0,42.8,104.0,14.220572992508295,11.656160107822062,0.890982521626625,286
1017.0,1030.0,63.0,41.3,107.0,14.222442554066241,11.622780596111967,0.9042035373862204,286
1017.0,1027.0,65.3,42.8,102.5,14.2278723890806,11.923148969895704,0.895600759382774,286
1020.0,1030.0,65.3,41.3,107.0,14.232815787833077,11.464490367045551,0.9082498300181052,286
1020.0,1027.0,63.8,42.8,102.5,14.233481310004272,11.728595339298792,0.8906939031373018,286
1026.0,1027.0,65.3,42.8,102.5,14.234349951885774,11.8502051123111,0.8930659730739386,286
1029.0,1030.0,62.3,42.8,105.5,14.236791902638204,11.607533628976807,0.8924501085852258,286
1020.0,1027.0,62.3,42.8,102.5,14.23714500681861,11.832541841172741,0.8934701323690328,286
1026.0,1027.0,64.6,42.8,102.5,14.249255883357204,11.853537636130243,0.8919076789037002,286
1017.0,1027.0,63.8,42.8,102.5,14.257749202445666,11.945534054747856,0.8953965478736626,286
1020.0,1024.0,62.3,42.8,102.5,14.260364165435673,11.76137588292326,0.8847482297880406,286
1026.0,1018.0,65.3,42.8,104.0,14.262617626222236,11.513510887804317,0.8911493249906443,286
1017.0,1024.0,62.3,41.3,107.0,14.264558314754211,11.577311389180144,0.8912065145746396,286
1023.0,1027.0,63.0,41.3,107.0,14.265736288703003,11.559293086120398,0.8961608487047192,286
1017.0,1021.0,65.3,42.8,102.5,14.272275281440802,11.638222231926024,0.8819220679316702,286
1017.0,1021.0,64.6,42.8,102.5,14.281019426597584,11.753030544628473,0.8812099450678892,286
1020.0,1027.0,63.8,41.3,107.0,14.281801719070641,11.6534166161477,0.9050265525541206,286
1020.0,1027.0,63.0,41.3,105.5,14.289827863264092,11.702827317399175,0.8934279413155046,286
1026.0,1027.0,63.8,42.8,102.5,14.29445398325417,11.939932671332532,0.8906605584357884,286
1020.0,1030.0,64.6,41.3,105.5,14.302175895261936,11.64418242183275,0.8986374921204702,286
1026.0,1030.0,65.3,42.8,104.0,14.302477505046093,11.905063226692649,0.8950334621052991,286
1029.0,1024.0,65.3,42.8,104.0,14.30809401579072,11.751829453218209,0.8938996796541755,286
1026.0,1021.0,64.6,42.8,102.5,14.310731258949572,11.78701722330289,0.8902707977912439,286
1026.0,1024.0,62.3,42.8,102.5,14.316596874749118,11.821229719693035,0.8882340879914307,286
1017.0,1021.0,63.8,42.8,102.5,14.317800662419485,11.888568178549967,0.8800882100295024,286
1026.0,1021.0,65.3,42.8,102.5,14.327418944693331,11.756747207423235,0.8916201322485627,286
1017.0,1021.0,63.0,42.8,102.5,14.328254480389072,11.966402613718259,0.8793433993815549,286
1017.0,1030.0,63.8,41.3,107.0,14.333249645327605,11.709406799099387,0.9063813796039394,286
1017.0,1027.0,62.3,42.8,102.5,14.333788195401768,12.00257763240296,0.8948729306025519,286
1023.0,1027.0,63.8,41.3,107.0,14.336110988010514,11.627839908051001,0.8992588522025033,286
1017.0,1027.0,63.0,41.3,105.5,14.340147812620092,11.83039923877235,0.8971823803378851,286
1017.0,1027.0,63.8,41.3,105.5,14.340753329878124,11.858009289327395,0.8993881089414405,286
1029.0,1027.0,63.0,42.8,104.0,14.341282164758205,11.823291208578668,0.8927936454728124,286
1017.0,1024.0,64.6,42.8,101.0,14.342417936588486,12.091313682513233,0.8870507005881836,286
1026.0,1024.0,62.3,41.3,107.0,14.347392765396306,11.428166570942802,0.8859794383569903,286
1020.0,1030.0,63.0,42.8,102.5,14.3485652657277,12.009670941150066,0.8938906796428286,286
1020.0,1030.0,64.6,42.8,102.5,14.350617973480734,12.17372951064358,0.8910819756001239,286
1026.0,1021.0,63.8,42.8,102.5,14.352059758617534,11.717257787774514,0.8882283530400115,286
1023.0,1024.0,64.6,42.8,102.5,14.352541088515032,11.662815140173867,0.8865424020282616,286
1020.0,1021.0,64.6,42.8,101.0,14.353971323856642,11.75691659501855,0.8802914583294773,286
1020.0,1021.0,62.3,41.3,107.0,14.354590331369383,11.335726289836886,0.8769573496820039,286
1020.0,1030.0,63.8,42.8,102.5,14.356492286324103,12.095404036342286,0.8916223084633114,286
1029.0,1018.0,63.0,42.8,102.5,14.358740403825148,11.652257331505238,0.885093706454954,286
1020.0,1030.0,65.3,41.3,105.5,14.359695670574922,11.624065057022596,0.9012764559397433,286
1023.0,1024.0,63.8,42.8,102.5,14.366361808859745,11.679478941854528,0.884547579206657,286
1020.0,1021.0,63.8,42.8,101.0,14.367254801715545,11.762919688027834,0.8801991263149695,286
1020.0,1021.0,63.0,41.3,107.0,14.368646659872423,11.380051421562781,0.8816428862128227,286
1020.0,1021.0,65.3,42.8,101.0,14.373096965282175,11.728244130967132,0.8807471276548792,286
1017.0,1024.0,63.8,41.3,107.0,14.373162517329584,11.639072244386167,0.8987195402869832,286
1029.0,1030.0,64.6,42.8,104.0,14.375190289460445,11.860042807398113,0.8982332806393661,286
1023.0,1027.0,64.6,42.8,101.0,14.378807311012427,12.03181803968803,0.8956206146228053,286
1026.0,1021.0,62.3,41.3,107.0,14.383503333760117,11.511262038352616,0.8860016833062635,286
1029.0,1021.0,62.3,41.3,107.0,14.390036655203488,11.679628644964806,0.8949000430116549,286
1023.0,1030.0,62.3,42.8,102.5,14.390156355972442,12.213431612157759,0.8901017334367072,286
1017.0,1021.0,62.3,42.8,102.5,14.39121832162496,12.120056501630232,0.8793017627912618,286
1026.0,1018.0,62.3,42.8,104.0,14.394074661846034,11.46756668618587,0.8816250266755341,286
1029.0,1018.0,63.8,42.8,102.5,14.39784598847139,11.671423510325027,0.8857914782209685,286
1023.0,1018.0,62.3,42.8,102.5,14.401170857750962,11.531412228044367,0.8778570827632062,286
1020.0,1030.0,63.0,41.3,105.5,14.40552082748261,11.760352013348298,0.8905860039689797,286
1017.0,1024.0,63.0,41.3,107.0,14.405633063951138,11.649188036059927,0.8926977055744736,286
1029.0,1021.0,65.3,42.8,102.5,14.408723142802604,11.87757558143305,0.8895179872394774,286
1020.0,1027.0,65.3,42.8,104.0,14.411869584699181,12.00163372233823,0.8872768550423584,286
1023.0,1027.0,62.3,41.3,107.0,14.413168657318396,11.61020154269347,0.887430561142029,286
1029.0,1030.0,63.8,42.8,104.0,14.422926333946004,11.83078135408805,0.8924082756122563,286
1020.0,1030.0,63.8,41.3,105.5,14.424652517966571,11.747266552364074,0.8949232660728027,286
1023.0,1030.0,62.3,41.3,107.0,14.425142230413408,11.719241399424947,0.8968660543488335,286
1017.0,1030.0,64.6,42.8,102.5,14.425989868124788,12.253792513495819,0.8951754486718744,286
1020.0,1024.0,64.6,42.8,101.0,14.42626938775429,11.883042932911101,0.8829536934100245,286
1029.0,1021.0,64.6,42.8,102.5,14.432151132823728,11.896557832436404,0.8883545099847029,286
1023.0,1024.0,63.8,41.3,107.0,14.43325134512784,11.546774152133105,0.890833449454737,286
1020.0,1024.0,63.8,41.3,107.0,14.439174868773968,11.64658774617097,0.8985872987616276,286
1020.0,1030.0,65.3,42.8,102.5,14.44003665838878,12.25997155827038,0.889191917620576,286
1017.0,1030.0,62.3,42.8,102.5,14.445374246597611,12.20067376370686,0.8976065538936543,286
1023.0,1024.0,62.3,41.3,107.0,14.450161260638994,11.488722666063211,0.8806435498179231,286
1020.0,1027.0,63.8,41.3,105.5,14.4517560586197,11.854560466581706,0.8974958850641961,286
1029.0,1030.0,65.3,42.8,104.0,14.45385674463064,11.903554015612553,0.8973130084319779,286
1023.0,1021.0,65.3,42.8,102.5,14.455627419439862,11.62150693716656,0.8806511223400496,286
1029.0,1021.0,63.8,42.8,102.5,14.455634447587874,11.875679581724325,0.8861627219333581,286
1017.0,1027.0,64.6,41.3,107.0,14.459240692512504,11.765879586181422,0.9059097920043342,286
1026.0,1024.0,65.3,42.8,101.0,14.466898578372508,12.147454741209431,0.8909767993657519,286
1020.0,1021.0,63.0,42.8,101.0,14.468432413010927,11.885450027235057,0.8791855774245104,286
1029.0,1027.0,65.3,42.8,102.5,14.469921687068362,12.129110351734191,0.8949669870412855,286
1026.0,1018.0,62.3,41.3,107.0,14.477002209936465,11.64931179636214,0.8859221154649675,286
1017.0,1024.0,65.3,42.8,101.0,14.478393878310191,12.225492528319478,0.8843297455004419,286
1026.0,1021.0,63.0,42.8,102.5,14.479751373317235,11.86271406701321,0.8860017565532731,286
1023.0,1024.0,63.0,42.8,102.5,14.486546100932815,11.789618970794868,0.8827887461934226,286
1017.0,1030.0,63.0,42.8,102.5,14.486896879368985,12.405375763191364,0.8943591236056034,286
1017.0,1024.0,64.6,41.3,107.0,14.492530093340747,11.739676215494613,0.9010633679071135,286
1017.0,1024.0,63.8,42.8,101.0,14.495088221298657,12.263970181056818,0.8861385723501876,286
1017.0,1030.0,65.3,42.8,102.5,14.498565489290279,12.27011134601548,0.8958172299589873,286
1026.0,1027.0,63.0,42.8,102.5,14.502982264340192,12.070707795661896,0.8867718672029897,286
1017.0,1030.0,63.8,42.8,102.5,14.50714168779983,12.381895694874395,0.8940642666474476,286
1020.0,1024.0,65.3,42.8,101.0,14.508463553005226,11.984752124561602,0.8803905427766819,286
1029.0,1024.0,64.6,42.8,102.5,14.514368236625407,12.023547414859793,0.8890639798628608,286
1026.0,1021.0,62.3,42.8,102.5,14.517624493161485,11.813454318189297,0.8852487221852461,286
1017.0,1024.0,63.8,41.3,105.5,14.518516958177178,11.830369749160969,0.8914343053564917,286
1023.0,1027.0,63.8,42.8,101.0,14.518657762452168,12.184298245402822,0.889338044577538,286
1026.0,1030.0,64.6,42.8,102.5,14.524663922236375,12.135027624351643,0.8916731604688091,286
1029.0,1024.0,63.8,42.8,102.5,14.529665710411814,12.010171443571906,0.8887283541839806,286
1020.0,1027.0,62.3,41.3,105.5,14.54382875095461,11.86228074621193,0.8854066573915805,286
1023.0,1027.0,63.8,41.3,105.5,14.54531057520677,11.854470594998148,0.8918399187633727,286
1023.0,1027.0,63.0,41.3,105.5,14.54662273349227,11.82155721352996,0.8881407352747975,286
1020.0,1027.0,64.6,41.3,107.0,14.549350659994188,11.817931820680247,0.9056900191837561,286
1017.0,1027.0,62.3,41.3,104.0,14.55036132850813,12.046942741241697,0.8899723380166538,286
1017.0,1030.0,64.6,41.3,107.0,14.553249270819673,11.777589787814954,0.9071172070957747,286
1029.0,1018.0,65.3,42.8,102.5,14.553398643892141,11.781561462085763,0.8867716376309515,286
1017.0,1030.0,63.8,41.3,105.5,14.553776721932328,11.955670983352949,0.8990570816896174,286
1026.0,1030.0,63.8,42.8,102.5,14.557677073867055,12.22241975446275,0.8907190208216148,286
1017.0,1030.0,63.0,41.3,105.5,14.561447391643373,11.968627367819506,0.8960539447025216,286
1023.0,1027.0,65.3,42.8,101.0,14.567260813733025,12.345577486920257,0.8927247997033811,286
1017.0,1030.0,62.3,41.3,105.5,14.568114347476948,11.94393947026244,0.8944890971014661,286
1020.0,1030.0,64.6,41.3,104.0,14.572438585267555,11.938946938223205,0.8915200801842414,286
1023.0,1024.0,64.6,41.3,107.0,14.573886800406154,11.718697483687787,0.893161567833337,286
1020.0,1021.0,62.3,42.8,101.0,14.575054742842742,12.029419118460572,0.8789026197743114,286
1029.0,1018.0,62.3,42.8,102.5,14.582957578785978,11.792048518734669,0.8807603221437408,286
1017.0,1027.0,64.6,41.3,105.5,14.585191351389776,11.95055323958535,0.8991861793891713,286
1020.0,1030.0,65.3,41.3,104.0,14.586789044778863,11.880461120261062,0.894162083948028,286
1023.0,1024.0,63.0,41.3,107.0,14.590155066668101,11.587831801331772,0.8849830779043659,286
1029.0,1018.0,64.6,42.8,102.5,14.592230320109556,11.876535039212582,0.8850520051083444,286
1029.0,1021.0,63.0,42.8,102.5,14.600353140123241,11.91034489409842,0.8828016244184502,286
1026.0,1030.0,63.0,42.8,102.5,14.600853677584016,12.325433071500465,0.889322903913588,286
1017.0,1021.0,62.3,41.3,107.0,14.600953431261175,11.681385661533065,0.8800934064888184,286
1029.0,1024.0,62.3,41.3,107.0,14.60451808840763,11.720950857452356,0.889421036782185,286
1026.0,1024.0,64.6,42.8,101.0,14.604645482798558,12.235514819666408,0.8878613488115202,286
1017.0,1024.0,64.6,41.3,105.5,14.607104311502077,11.869255266917808,0.8934198517007554,286
1020.0,1024.0,62.3,41.3,107.0,14.608735340682019,11.742280794386298,0.8855407408901887,286
1026.0,1018.0,63.8,42.8,102.5,14.615124650333318,11.783592695993294,0.8808629222752551,286
1029.0,1021.0,62.3,42.8,102.5,14.616704033334857,11.915505511296411,0.8831045817458646,286
1023.0,1024.0,65.3,42.8,101.0,14.618678198493738,12.051320316854081,0.8842708064025042,286
1017.0,1024.0,62.3,41.3,105.5,14.619309893386859,11.87953105076562,0.8822283548407569,286
1026.0,1024.0,63.0,41.3,107.0,14.622332649088367,11.67141932463804,0.8864042848500852,286
1020.0,1024.0,63.8,41.3,105.5,14.622833803393231,11.861767788211422,0.8904158087516988,286
1020.0,1027.0,63.0,41.3,104.0,14.62304680120247,12.016807113998674,0.8854018030051788,286
1026.0,1018.0,65.3,42.8,102.5,14.624270137656362,11.876175387659057,0.8839156315395802,286
1017.0,1018.0,63.8,42.8,101.0,14.626800507464953,12.240072223042844,0.8664705532219218,286
1026.0,1018.0,64.6,42.8,102.5,14.62818368872727,11.73020667639128,0.8814911348735482,286
1023.0,1018.0,65.3,42.8,101.0,14.630261243922964,11.929893908066317,0.8830422860722841,286
1020.0,1024.0,63.8,42.8,101.0,14.634727942721318,12.085216858650316,0.8814756243157901,286
1026.0,1018.0,63.0,42.8,102.5,14.636588211668084,11.818994010877708,0.8799126180354093,286
1017.0,1027.0,63.8,41.3,104.0,14.636797836276957,12.136286048036538,0.8912642496833465,286
1023.0,1027.0,63.0,42.8,101.0,14.639408362457354,12.33141999394919,0.8854920807524598,286
1020.0,1030.0,62.3,41.3,104.0,14.64286280725323,12.038039999158634,0.8838554704109716,286
1017.0,1018.0,64.6,42.8,101.0,14.64375224290721,12.192552156066583,0.8697705169393847,286
1029.0,1027.0,64.6,42.8,102.5,14.646872221824546,12.240121745143098,0.8920944559599563,286
1023.0,1027.0,64.6,41.3,107.0,14.646933185832511,11.88059359783362,0.8992020045239104,286
1020.0,1018.0,64.6,42.8,101.0,14.648613864851098,11.977358747111355,0.8681076198425918,286
1023.0,1021.0,62.3,41.3,107.0,14.652535196305816,11.596631373503483,0.8774949842734884,286
1020.0,1021.0,63.0,41.3,105.5,14.657980437927716,11.66190882770618,0.8734571794186162,286
1029.0,1030.0,63.0,42.8,104.0,14.66474140349427,12.053584026380568,0.8870531640647682,286
1020.0,1027.0,64.6,41.3,105.5,14.66781922642721,11.99019818219526,0.8981656245815538,286
1029.0,1027.0,62.3,42.8,104.0,14.669297456538246,12.10581811679043,0.8865818968275843,286
1023.0,1030.0,63.0,41.3,107.0,14.671665384636096,11.902565851759865,0.8969614447169437,286
1023.0,1021.0,64.6,42.8,101.0,14.672816697210108,12.069634936918549,0.8786716668194707,286
1023.0,1024.0,63.8,41.3,105.5,14.673145971006187,11.797672868645,0.882096573869478,286
1026.0,1027.0,62.3,41.3,107.0,14.675719303990842,11.658099151836629,0.8802240010704968,286
1023.0,1018.0,63.8,42.8,101.0,14.676362320981275,12.02049061163422,0.8799375752515262,286
1020.0,1027.0,63.0,42.8,101.0,14.67816319665362,12.29119857923324,0.8882986595105887,286
1020.0,1030.0,62.3,42.8,102.5,14.680032412677365,12.364910823156187,0.8897365389754615,286
1017.0,1024.0,63.0,41.3,105.5,14.680597927280147,11.92114520901061,0.8841563155121563,286
1023.0,1018.0,63.0,42.8,101.0,14.688026660771964,12.033746928242515,0.8783901877388255,286
1023.0,1024.0,62.3,42.8,102.5,14.688215412619666,11.879141422540691,0.88021335808422,286
1017.0,1024.0,65.3,41.3,107.0,14.689214983333464,11.883317836975944,0.9026872741118158,286
1017.0,1018.0,63.0,42.8,101.0,14.689230245762346,12.349463421989306,0.865451999425038,286
1020.0,1018.0,62.3,41.3,107.0,14.6900706296494,11.623048440278692,0.8692473206854467,286
1017.0,1018.0,65.3,42.8,101.0,14.690894151014968,12.1502435233123,0.8699425113548843,286
1026.0,1024.0,62.3,41.3,105.5,14.690998488234241,11.691220830373219,0.8776280055301966,286
1017.0,1027.0,63.0,41.3,104.0,14.696838641270913,12.16355766013329,0.8892595181671444,286
1020.0,1021.0,62.3,41.3,105.5,14.698607554259036,11.693127032503927,0.8687865507159,286
1029.0,1021.0,63.0,41.3,107.0,14.699571933953388,11.932998895018962,0.8939251657331917,286
1029.0,1027.0,63.8,42.8,102.5,14.700690381177091,12.276462439699655,0.890238681291412,286
1023.0,1021.0,63.0,41.3,107.0,14.702165741829047,11.619442445512785,0.880940601102884,286
1023.0,1024.0,64.6,41.3,105.5,14.702965652657289,11.837056193873181,0.8854891664961383,286
1017.0,1018.0,62.3,42.8,101.0,14.70667877949378,12.452313649977897,0.8664675046205061,286
1029.0,1018.0,62.3,41.3,107.0,14.70871434749929,12.054836133519151,0.8912957975871332,286
1026.0,1024.0,63.8,42.8,101.0,14.711004810820102,12.258856931647362,0.8853195944548155,286
1023.0,1018.0,64.6,42.8,101.0,14.712143779897525,11.98440535093855,0.8813182130730404,286
1023.0,1021.0,63.0,42.8,101.0,14.712436933624842,12.09378098560311,0.8752093836638323,286
1020.0,1018.0,65.3,42.8,101.0,14.712915500305758,11.951053135127681,0.8678944013900894,286
1029.0,1024.0,62.3,42.8,102.5,14.71442311879798,12.102644216262147,0.8844625322970252,286
1020.0,1027.0,63.8,41.3,104.0,14.717555235385747,12.118780387693148,0.8895037320635,286
1029.0,1024.0,65.3,42.8,102.5,14.719077016224714,12.194691466588074,0.8867922595052027,286
1026.0,1021.0,62.3,41.3,105.5,14.72135688667443,11.733619638129468,0.8780799812371638,286
1029.0,1021.0,62.3,41.3,105.5,14.72564768864252,11.892091565785028,0.8859622816984869,286
1017.0,1030.0,64.6,41.3,105.5,14.734635551142096,12.015010518061937,0.8995646751062102,286
1020.0,1024.0,63.0,41.3,107.0,14.736192631852937,11.828061130439378,0.887682750030341,286
1026.0,1027.0,65.3,42.8,101.0,14.737968554585237,12.378462517877283,0.8868911066386223,286
1020.0,1024.0,63.0,42.8,101.0,14.738599177418,12.211830674587002,0.8809023475527665,286
1023.0,1030.0,63.8,41.3,107.0,14.73874923897888,11.981489028654725,0.9023168236557422,286
1023.0,1030.0,63.8,42.8,101.0,14.741571938545466,12.592099458671639,0.8855059546143506,286
1026.0,1030.0,65.3,42.8,102.5,14.74226662553365,12.409620171806113,0.8897200163698875,286
1023.0,1030.0,64.6,42.8,101.0,14.742480824514065,12.618964565078796,0.8850265228204612,286
1020.0,1018.0,63.8,42.8,101.0,14.749404584430877,12.159578222346802,0.867778889877365,286
1017.0,1021.0,63.0,41.3,107.0,14.750688416158033,11.732697299468787,0.8814457762144338,286
1017.0,1024.0,63.0,42.8,101.0,14.752482589338413,12.514985068277017,0.8834419188361439,286
1020.0,1027.0,64.6,42.8,102.5,14.75300038287831,12.414679004012196,0.8802117679932571,286
1023.0,1030.0,65.3,42.8,101.0,14.757587925160882,12.594056925939329,0.8847673269197994,286
1023.0,1021.0,62.3,42.8,101.0,14.758423660885446,12.077267848638773,0.8776385272432696,286
1017.0,1024.0,63.8,41.3,104.0,14.76156267830946,12.07872901202998,0.88348548024695,286
1020.0,1027.0,65.3,41.3,107.0,14.768684079084597,12.01501236869003,0.9071247467385318,286
1026.0,1027.0,63.0,41.3,107.0,14.775648149712861,11.742002912851682,0.882627744969598,286
1017.0,1024.0,65.3,41.3,105.5,14.776969652766187,11.940488676846904,0.8946746369449987,286
1020.0,1030.0,63.8,41.3,104.0,14.780643799091782,12.11969348586735,0.8871874843706357,286
1017.0,1024.0,64.6,41.3,104.0,14.782538795786236,12.077892490842782,0.8856971021700849,286
1026.0,1021.0,63.0,41.3,107.0,14.784214495789534,11.84145593838782,0.8842318200630214,286
1029.0,1027.0,62.3,41.3,107.0,14.785841919936729,11.75924533827485,0.8825894946135956,286
1017.0,1027.0,65.3,42.8,101.0,14.786103477432917,12.490345838803702,0.887289292406146,286
1020.0,1021.0,63.8,41.3,107.0,14.79057462680186,11.709790340317227,0.8816728961951316,286
1017.0,1027.0,64.6,42.8,101.0,14.792162831052211,12.503615447801387,0.8870704784458401,286
1026.0,1018.0,62.3,41.3,105.5,14.793237592837503,11.834870372131785,0.877505981426732,286
1023.0,1027.0,62.3,41.3,105.5,14.798780786634577,11.956437753146052,0.8785339700628915,286
1023.0,1021.0,63.8,42.8,101.0,14.799090272718402,12.266290157269351,0.8740831644301456,286
1020.0,1030.0,63.0,41.3,104.0,14.800984655532414,12.150072539862599,0.8830879055014124,286
1029.0,1024.0,63.0,42.8,102.5,14.80180333942814,12.228487040501811,0.8832659136497216,286
1026.0,1027.0,62.3,42.8,102.5,14.804174844168033,12.308331366147733,0.8831738491817798,286
1023.0,1027.0,64.6,41.3,105.5,14.806665138768892,12.034986467183748,0.8920262419803003,286
1026.0,1027.0,64.6,42.8,101.0,14.808191704311568,12.454711101500491,0.885393369741624,286
1026.0,1030.0,62.3,42.8,102.5,14.809128284076792,12.53115826721689,0.8863026968500446,286
1020.0,1018.0,62.3,42.8,101.0,14.813898604237577,12.145487163580443,0.8680647410056653,286
1026.0,1021.0,65.3,42.8,101.0,14.816375121585736,12.250725702680034,0.8848446072768936,286
1026.0,1027.0,63.8,41.3,107.0,14.830940236158325,11.87581011322306,0.8909855395313498,286
1023.0,1021.0,63.8,41.3,107.0,14.837938925250457,11.829405939528984,0.8845558927365653,286
1017.0,1027.0,64.6,41.3,104.0,14.838333186291651,12.21066867398386,0.8908026817960567,286
1023.0,1030.0,62.3,41.3,105.5,14.84029619906558,12.08615597936977,0.887946302893407,286
1029.0,1030.0,62.3,42.8,104.0,14.841456680826573,12.240354226823923,0.8837807596693239,286
1023.0,1024.0,65.3,41.3,107.0,14.842764480853115,11.967550625184227,0.8938049693285679,286
1017.0,1021.0,65.3,42.8,101.0,14.847088020574356,12.345047584610835,0.8724952978329942,286
1023.0,1018.0,62.3,41.3,107.0,14.850450612796266,11.842413118315852,0.8745382432388616,286
1026.0,1021.0,64.6,42.8,101.0,14.853102161313801,12.321358210986284,0.8833175788962463,286
1023.0,1027.0,62.3,42.8,101.0,14.854430203014445,12.517268307232348,0.8814633863675606,286
1023.0,1027.0,63.8,41.3,104.0,14.860923372265352,12.15136631175018,0.8844574131582225,286
1017.0,1024.0,62.3,42.8,101.0,14.862354482054265,12.568328506827893,0.8842670063288586,286
1029.0,1021.0,65.3,42.8,101.0,14.86407682479969,12.340229639064034,0.8817079914032466,286
1017.0,1030.0,65.3,41.3,107.0,14.86574543691541,12.025115986458548,0.9086397171858432,286
1026.0,1024.0,63.0,42.8,101.0,14.874308408536839,12.399690088095188,0.8831607430345036,286
1020.0,1027.0,65.3,41.3,105.5,14.874706802276268,12.155851069650852,0.8992028809287044,286
1020.0,1018.0,63.0,42.8,101.0,14.87563694987784,12.197073392595042,0.8668471717044639,286
1017.0,1021.0,64.6,42.8,101.0,14.883893390952256,12.490814325512606,0.8722260763179679,286
1023.0,1024.0,62.3,41.3,105.5,14.885261632509371,11.868473850646545,0.8708507260296502,286
1020.0,1027.0,63.8,42.8,101.0,14.885694335804724,12.37840319303753,0.8833567898113294,286
1020.0,1027.0,64.6,41.3,104.0,14.887690238319717,12.219210015251443,0.8900820729997361,286
1017.0,1030.0,63.8,41.3,104.0,14.892477991499623,12.29691002724515,0.8906037477030606,286
1017.0,1027.0,63.0,42.8,101.0,14.893264954156598,12.61431207377078,0.8890372868892225,286
1017.0,1027.0,65.3,41.3,107.0,14.902049678939655,12.024222330719178,0.9027558649280671,286
1029.0,1027.0,63.0,42.8,102.5,14.905226863286895,12.44481490485302,0.8860838809709966,286
1026.0,1027.0,63.8,42.8,101.0,14.906010109871062,12.60843643358862,0.8841748904836364,286
1020.0,1030.0,65.3,41.3,102.5,14.906726363577384,12.232988271550681,0.8862521808485745,286
1020.0,1024.0,63.8,41.3,104.0,14.909896487679587,12.115191491248641,0.8815776961937093,286
1023.0,1030.0,63.0,42.8,101.0,14.914690610315114,12.848031678973324,0.8808364694459597,286
1026.0,1027.0,64.6,41.3,107.0,14.916321509926375,12.043898840321145,0.8954297347846457,286
1026.0,1024.0,63.0,41.3,105.5,14.916492317140134,11.890538268681132,0.8780838829170609,286
1029.0,1030.0,64.6,42.8,102.5,14.917350628678191,12.41884231695336,0.8908629789755554,286
1020.0,1030.0,64.6,42.8,101.0,14.919192470203017,12.792838621912917,0.8832152701986221,286
1017.0,1027.0,63.8,42.8,101.0,14.920092628211242,12.680320282009637,0.8874189263210837,286
1023.0,1027.0,65.3,41.3,107.0,14.920732760510074,12.091844250626345,0.8993217047987888,286
1023.0,1021.0,65.3,41.3,107.0,14.923076194166727,12.102784128910836,0.8921064114803443,286
1029.0,1021.0,64.6,42.8,101.0,14.924605044899247,12.385047385500199,0.8807317866897022,286
1017.0,1030.0,65.3,41.3,105.5,14.926056536794523,12.203231543766114,0.9026620945517765,286
1020.0,1027.0,65.3,42.8,102.5,14.928548536177118,12.532320046999619,0.8776846631726919,286
1023.0,1027.0,63.0,41.3,104.0,14.936600645020341,12.15598143154326,0.8804713745941505,286
1020.0,1027.0,62.3,42.8,101.0,14.936949989725681,12.568066496463842,0.8866767088495563,286
1023.0,1024.0,64.6,41.3,104.0,14.936966856932278,12.089504378483786,0.877802435947902,286
1017.0,1024.0,65.3,41.3,104.0,14.94059604310602,12.130469002039439,0.8863016557949847,286
1020.0,1030.0,64.6,41.3,102.5,14.942789596987186,12.332598613251763,0.8833352402351092,286
1023.0,1024.0,65.3,41.3,105.5,14.943806785345865,12.023602157325943,0.886032854676792,286
1029.0,1024.0,62.3,41.3,105.5,14.944088972231159,11.929630876483914,0.8812434379374041,286
1026.0,1021.0,63.8,42.8,101.0,14.94426882572957,12.329511190186462,0.8813259731156896,286
1020.0,1030.0,65.3,42.8,101.0,14.947740867799311,12.823253428803456,0.8814391665495801,286
1029.0,1018.0,63.0,41.3,107.0,14.950956274073738,12.26027343797025,0.8915304516720588,286
1029.0,1018.0,63.0,42.8,101.0,14.952202982302358,12.259071383445109,0.8779536852728784,286
1023.0,1030.0,63.8,41.3,105.5,14.95396177820561,12.197618840081594,0.8947528134913563,286
1029.0,1018.0,63.8,42.8,101.0,14.957196920009622,12.22044318485685,0.878416039262641,286
1029.0,1030.0,65.3,42.8,102.5,14.959237816052443,12.401221465371075,0.8900216282933928,286
1023.0,1024.0,64.6,42.8,101.0,14.959392769084303,12.260106327356374,0.8786524303003181,286
1029.0,1021.0,63.0,41.3,105.5,14.960347468789076,12.037648910219025,0.8854012704096067,286
1026.0,1018.0,63.0,41.3,107.0,14.962261206345524,12.057322961111613,0.8840237752319638,286
1020.0,1024.0,62.3,42.8,101.0,14.967103302311349,12.450665164578202,0.8769609570386887,286
1020.0,1027.0,62.3,41.3,104.0,14.968591736596089,12.242489188653913,0.8765749120276929,286
1029.0,1027.0,65.3,42.8,101.0,14.972055796315372,12.670522945988129,0.8887231375209186,286
1017.0,1021.0,63.8,42.8,101.0,14.974103480061554,12.650777172361408,0.8710030967057066,286
1026.0,1030.0,62.3,41.3,107.0,14.976985594408523,12.029959881941014,0.8875629059105871,286
1017.0,1030.0,64.6,42.8,101.0,14.978528196917985,12.869790405206986,0.8881899159764524,286
1023.0,1024.0,63.0,41.3,105.5,14.978955744941603,11.945316190840325,0.8750608717247192,286
1020.0,1024.0,64.6,41.3,107.0,14.982487367676084,12.062768195596682,0.8951640196429679,286
1026.0,1027.0,65.3,41.3,107.0,14.983376857282886,12.176670631156737,0.8986034874895171,286
1023.0,1030.0,63.0,41.3,105.5,14.986354640643128,12.202751619624784,0.888724451942785,286
1017.0,1030.0,63.0,41.3,104.0,14.988979035933086,12.34491534587411,0.887248123986979,286
1020.0,1030.0,63.8,42.8,101.0,14.99115445502206,12.808750091703507,0.8836022215590346,286
1026.0,1024.0,63.8,41.3,107.0,14.9920466475971,12.059304794658436,0.8868881217823361,286
1023.0,1021.0,65.3,41.3,105.5,14.99543566572985,12.073459583365544,0.8858977747672053,286
1029.0,1021.0,63.8,42.8,101.0,14.99733214561721,12.430413824213543,0.8786077373259553,286
1023.0,1024.0,63.8,41.3,104.0,14.998091581212153,12.113534888521963,0.873591000114216,286
1023.0,1021.0,65.3,42.8,101.0,14.999508559237439,12.163353901148087,0.8740100232199959,286
1020.0,1021.0,63.8,41.3,105.5,15.000906811665326,11.86558756902696,0.8737044578258033,286
1020.0,1018.0,63.0,41.3,107.0,15.001902271248456,11.894299319687915,0.8696013248785018,286
1020.0,1024.0,62.3,41.3,105.5,15.002917458786625,12.093052428589791,0.876480491537041,286
1017.0,1030.0,65.3,42.8,101.0,15.00530550855963,12.822692069635389,0.8887218956148921,286
1023.0,1024.0,63.8,42.8,101.0,15.00997046515367,12.312568863352991,0.8769555622054912,286
1029.0,1018.0,65.3,42.8,101.0,15.015395106580222,12.227674637459895,0.8792994095531673,286
1026.0,1024.0,62.3,42.8,101.0,15.015962951723372,12.548224528964418,0.8824885690859592,286
1017.0,1030.0,64.6,41.3,104.0,15.018029158140262,12.337210404161583,0.8910083731246303,286
1023.0,1021.0,62.3,41.3,105.5,15.020078099994224,11.930822975191802,0.8691699191386817,286
1029.0,1030.0,63.8,42.8,102.5,15.023014289879951,12.490136332940637,0.8851744509433631,286
1017.0,1027.0,63.8,41.3,102.5,15.024296529103365,12.506835080351363,0.8829776440792637,286
1023.0,1021.0,63.0,41.3,105.5,15.026389491851898,11.893052947237143,0.8724917617487933,286
1029.0,1021.0,63.8,41.3,107.0,15.033284866894528,12.23426571903098,0.8941117505795496,286
1023.0,1030.0,64.6,41.3,107.0,15.033306581603943,12.240203489682465,0.9027553302236198,286
1026.0,1018.0,62.3,42.8,102.5,15.037159975378769,12.078575463031312,0.8730161571948127,286
1020.0,1027.0,65.3,41.3,104.0,15.040217607447557,12.336661226461292,0.891242004818348,286
1029.0,1018.0,62.3,41.3,105.5,15.041413236597698,12.20967888909753,0.8815634289724853,286
1026.0,1030.0,63.8,41.3,107.0,15.041675405745174,12.158253835361215,0.8952852949030156,286
1029.0,1024.0,63.0,41.3,107.0,15.043213914777132,12.085294476752978,0.887571161384354,286
1020.0,1030.0,63.0,42.8,101.0,15.044185407335561,12.819950637470606,0.8858884460057292,286
1017.0,1024.0,62.3,41.3,104.0,15.047108905537497,12.268109311193916,0.8730993001324022,286
1023.0,1027.0,65.3,41.3,105.5,15.04734430597127,12.189427362411656,0.8921118477273426,286
1020.0,1027.0,63.0,41.3,102.5,15.047812127492998,12.393424365607546,0.8774473625342855,286
1017.0,1021.0,62.3,41.3,105.5,15.048609783937051,12.162399007723689,0.8699504306000917,286
1017.0,1024.0,63.0,41.3,104.0,15.048799231813886,12.250081134930335,0.875149887455618,286
1026.0,1030.0,63.0,41.3,107.0,15.049124070279236,12.113006067331,0.8905365416612909,286
1017.0,1030.0,62.3,41.3,104.0,15.051363844992236,12.36746161687648,0.8857234801870486,286
1017.0,1021.0,63.0,42.8,101.0,15.051676797297294,12.771867881232334,0.8699930205239955,286
1017.0,1027.0,62.3,41.3,102.5,15.05486452756761,12.585764190622113,0.881808847884142,286
1017.0,1027.0,65.3,41.3,105.5,15.059223242753674,12.205808073910665,0.8948730191667219,286
1023.0,1027.0,64.6,41.3,104.0,15.0627505779586,12.286384935933716,0.8848087054025128,286
1023.0,1021.0,63.8,41.3,105.5,15.065487194344456,12.008609010286113,0.8767652001848075,286
1020.0,1021.0,63.0,41.3,104.0,15.068738435801809,12.066384707336908,0.8644088110883715,286
1029.0,1024.0,64.6,42.8,101.0,15.068786353154389,12.603754115121134,0.8822290964220975,286
1029.0,1027.0,63.0,41.3,107.0,15.070421228987069,11.957123839751056,0.8836212502586006,286
1026.0,1018.0,65.3,42.8,101.0,15.074193646709162,12.325911242198064,0.8764385726211967,286
1020.0,1024.0,63.0,41.3,105.5,15.07583028204775,12.132619788805421,0.8786180165306394,286
1020.0,1027.0,63.8,41.3,102.5,15.08459374040507,12.46066330719369,0.8813409015244361,286
1023.0,1018.0,62.3,42.8,101.0,15.085850651955932,12.246196738160538,0.869980494838278,286
1026.0,1030.0,64.6,42.8,101.0,15.086454182707655,12.762449652875413,0.8853158530618587,286
1020.0,1021.0,64.6,41.3,107.0,15.087569666136863,12.011787243655208,0.8835147410930144,286
1026.0,1027.0,65.3,41.3,105.5,15.088081488008399,12.176110611531747,0.8908035233925472,286
1026.0,1021.0,63.0,41.3,105.5,15.089363575889085,12.050869324867847,0.8761182352736533,286
1026.0,1024.0,64.6,41.3,107.0,15.0913502893064,12.217927683314269,0.8903642868277386,286
1029.0,1018.0,64.6,42.8,101.0,15.094931769220267,12.374900133006955,0.8774290841327081,286
1026.0,1027.0,64.6,41.3,105.5,15.100240953721665,12.122423453527258,0.8870501104131249,286
1020.0,1018.0,62.3,41.3,105.5,15.100943796010405,11.949559217346613,0.8591822336655085,286
1020.0,1018.0,63.8,41.3,107.0,15.101864871685034,12.011329697837137,0.8736979782921638,286
1017.0,1018.0,62.3,41.3,107.0,15.10642585764973,11.99804595661922,0.862927393539189,286
1026.0,1027.0,62.3,41.3,105.5,15.106890769267205,11.984440792277532,0.8694142425476852,286
1023.0,1030.0,65.3,41.3,107.0,15.10899455573712,12.307846089505794,0.9047983048400972,286
1026.0,1027.0,63.8,41.3,105.5,15.1093821561963,12.034962439579859,0.8816301774768196,286
1017.0,1030.0,65.3,41.3,104.0,15.114163513631924,12.492453420713023,0.8951875692747531,286
1026.0,1027.0,63.0,41.3,105.5,15.114758515028477,11.977929538274479,0.8724063935803218,286
1020.0,1024.0,64.6,41.3,105.5,15.118913302595766,12.205068328750981,0.8869786104681752,286
1017.0,1030.0,63.8,42.8,101.0,15.121902834123,13.08080404008697,0.887251457011655,286
1029.0,1024.0,63.8,42.8,101.0,15.122616969492775,12.640366304564267,0.8829337740961428,286
1017.0,1027.0,62.3,42.8,101.0,15.12287385550446,12.860263991947551,0.8872131394513751,286
1026.0,1021.0,63.0,42.8,101.0,15.127508767798952,12.531639963637367,0.8790434284075703,286
1017.0,1021.0,63.0,41.3,105.5,15.128727582649752,12.09541651532335,0.8717361355853033,286
1017.0,1024.0,63.8,41.3,102.5,15.129033480657009,12.456657471880755,0.8752359339421604,286
1017.0,1024.0,64.6,41.3,102.5,15.129897133264274,12.423615669584928,0.8767760940767512,286
1023.0,1024.0,65.3,41.3,104.0,15.136992729726524,12.244098998799169,0.87842767856048,286
1026.0,1024.0,62.3,41.3,104.0,15.13989504827474,11.998623538389452,0.8685276705085643,286
1017.0,1027.0,63.0,41.3,102.5,15.140995481816018,12.5674393560676,0.8810668730585632,286
1023.0,1030.0,62.3,42.8,101.0,15.142693219453049,13.022621035132405,0.883063601538354,286
1023.0,1021.0,64.6,41.3,107.0,15.146087331955524,12.109862574350808,0.8852779144013757,286
1020.0,1021.0,62.3,41.3,104.0,15.147300568158625,12.186222030026276,0.8600361707848472,286
1029.0,1021.0,62.3,41.3,104.0,15.147321483561552,12.133335633083979,0.8765897382123792,286
1023.0,1018.0,63.0,41.3,107.0,15.14864193645324,12.06207756092111,0.8744540025101208,286
1017.0,1030.0,63.0,42.8,101.0,15.150832974611278,13.16271458331771,0.88775501148338,286
1017.0,1018.0,63.0,41.3,107.0,15.157689759374236,12.053743295884992,0.8667910992392054,286
1026.0,1018.0,64.6,42.8,101.0,15.158121235950574,12.248853529812758,0.873585840509791,286
1017.0,1021.0,62.3,42.8,101.0,15.159406730064475,12.947273681480283,0.8699137387298657,286
1026.0,1027.0,63.0,42.8,101.0,15.166545685821987,12.812541200176202,0.8797915896385683,286
1026.0,1021.0,62.3,41.3,104.0,15.169279767854265,12.053351998949527,0.8690753830408003,286
1023.0,1021.0,65.3,41.3,104.0,15.170477249036233,12.268997328200012,0.8795736025894185,286
1026.0,1030.0,63.8,42.8,101.0,15.176178193758544,12.94291362568495,0.884139990317349,286
1017.0,1027.0,64.6,41.3,102.5,15.178367242849955,12.54081323164568,0.8822055821494712,286
1023.0,1024.0,63.0,42.8,101.0,15.180126869153229,12.503933737746733,0.8750746809703086,286
1020.0,1024.0,65.3,41.3,107.0,15.181583457949257,12.25533124851714,0.8961326795524863,286
1029.0,1018.0,63.0,41.3,105.5,15.182733640221988,12.300397407670113,0.8827318455720755,286
1026.0,1021.0,62.3,42.8,101.0,15.183295080997636,12.452715087029631,0.8787899391333976,286
1020.0,1030.0,62.3,41.3,102.5,15.183478169373469,12.615893707540097,0.8746570856887981,286
1026.0,1030.0,64.6,41.3,107.0,15.190864727238031,12.323138670333336,0.8974601251967611,286
1017.0,1030.0,62.3,42.8,101.0,15.190997727867114,13.025216294257149,0.8909212688356596,286
1017.0,1024.0,65.3,41.3,102.5,15.192920929826398,12.38086999217378,0.8782746656636728,286
1023.0,1030.0,64.6,41.3,105.5,15.194647309957135,12.392189437239985,0.8951045247494054,286
1029.0,1027.0,64.6,42.8,101.0,15.197193210764176,12.852731921357234,0.8858223119341067,286
1026.0,1018.0,62.3,41.3,104.0,15.197255461461344,12.154509277829948,0.8681177916040901,286
1026.0,1018.0,63.8,42.8,101.0,15.197495667617481,12.37131669214403,0.872754953013489,286
1029.0,1021.0,63.0,42.8,101.0,15.201782970365752,12.502504884276028,0.8749700661986166,286
1026.0,1018.0,63.0,41.3,105.5,15.202603062202574,12.19457476245483,0.8751575399736516,286
1020.0,1027.0,64.6,41.3,102.5,15.20343299463198,12.51555700689991,0.881880636052113,286
1029.0,1030.0,62.3,41.3,107.0,15.208677993028001,12.241096905205527,0.884295689030516,286
1023.0,1018.0,62.3,41.3,105.5,15.21701751779911,12.074244863894537,0.8648303727980401,286
1029.0,1027.0,62.3,41.3,105.5,15.22025276286159,12.046540900183361,0.8718712945630092,286
1023.0,1030.0,65.3,41.3,105.5,15.220409090925052,12.378643741261397,0.8973913689527162,286
1020.0,1030.0,63.8,41.3,102.5,15.222940294935702,12.568450845070835,0.8785767890153053,286
1029.0,1024.0,65.3,42.8,101.0,15.224275141413571,12.734609455028911,0.8800261257654758,286
1017.0,1021.0,65.3,41.3,107.0,15.228769227029694,12.258024721838149,0.8907610449251481,286
1020.0,1021.0,64.6,41.3,105.5,15.230894943963943,12.091492518172192,0.8758961732119543,286
1026.0,1024.0,64.6,41.3,105.5,15.23131154953331,12.261620991792816,0.8828291110610569,286
1026.0,1024.0,63.8,41.3,105.5,15.234139382719858,12.204157584309485,0.8785275082214212,286
1026.0,1030.0,65.3,42.8,101.0,15.238362361934913,12.97614197112569,0.8838558745524525,286
1020.0,1024.0,65.3,41.3,105.5,15.241029134271296,12.314406275726823,0.8886293501203093,286
1029.0,1021.0,63.8,41.3,105.5,15.249818330611506,12.274280773957836,0.8854560333126877,286
1023.0,1030.0,63.8,41.3,104.0,15.250485014222177,12.499762303951206,0.8869891877314411,286
1029.0,1018.0,62.3,42.8,101.0,15.25190012523829,12.430396591090904,0.8729906564141977,286
1023.0,1024.0,64.6,41.3,102.5,15.256223753642285,12.398146862300546,0.8689611063177596,286
1023.0,1027.0,65.3,41.3,104.0,15.258394298983305,12.41181930404634,0.8848988081146241,286
1026.0,1030.0,63.0,42.8,101.0,15.263731173308699,13.08509573639587,0.8828635171990732,286
1029.0,1021.0,62.3,42.8,101.0,15.26601831778807,12.526216954820065,0.874983101349195,286
1026.0,1021.0,63.8,41.3,107.0,15.275650559430016,12.31998676342502,0.8869474773503895,286
1026.0,1018.0,63.0,42.8,101.0,15.276562574154987,12.49976916858184,0.871823687175216,286
1023.0,1027.0,63.8,41.3,102.5,15.278603891704298,12.523362394577099,0.8773105861748632,286
1020.0,1030.0,63.0,41.3,102.5,15.28528548417163,12.653020871394718,0.873973259576452,286
1023.0,1027.0,62.3,41.3,104.0,15.286272964522817,12.357029210044065,0.8701999712699449,286
1026.0,1027.0,65.3,41.3,104.0,15.286848479903563,12.342442929649707,0.8838134514375368,286
1026.0,1024.0,63.0,41.3,104.0,15.290692433436899,12.167634641049146,0.8693491908612389,286
1020.0,1030.0,65.3,41.3,101.0,15.290868265660395,12.672041902618195,0.8778180300219007,286
1029.0,1027.0,64.6,41.3,107.0,15.292740968531467,12.30369279729713,0.8917218130470572,286
1029.0,1027.0,62.3,42.8,102.5,15.301648079862916,12.805323841926578,0.8792113652720139,286
1020.0,1024.0,63.8,41.3,102.5,15.305166316906371,12.472013503940078,0.872381894946339,286
1017.0,1027.0,65.3,41.3,104.0,15.308749449720843,12.472273041668497,0.8859622334025243,286
1029.0,1030.0,63.0,42.8,102.5,15.310199637270335,12.756811748467218,0.8807119729089914,286
1029.0,1027.0,63.8,42.8,101.0,15.313458682262743,12.967510902467314,0.8836330363162699,286
1017.0,1021.0,63.8,41.3,107.0,15.31781031238693,12.059602686371628,0.8780871964954428,286
1023.0,1030.0,62.3,41.3,104.0,15.318713222013406,12.493572163472928,0.8789617716029834,286
1017.0,1030.0,63.8,41.3,102.5,15.320293080184799,12.713405112297455,0.8820565465071849,286
1023.0,1021.0,64.6,41.3,105.5,15.321000063687347,12.20369757835284,0.8778875013751912,286
1020.0,1018.0,63.0,41.3,105.5,15.3235990201706,12.070470263738667,0.8600328878008052,286
1020.0,1027.0,65.3,41.3,102.5,15.325567214051764,12.62540138886692,0.8829513779686177,286
1020.0,1021.0,63.8,41.3,104.0,15.330867971734776,12.16661605536394,0.8648581524424384,286
1026.0,1030.0,63.8,41.3,105.5,15.339641450089534,12.37720327156883,0.8864902818815401,286
1026.0,1024.0,65.3,41.3,107.0,15.343637653862295,12.439750545654768,0.891313687005796,286
1029.0,1024.0,63.8,41.3,107.0,15.343987507451029,12.352887694748494,0.8888674633611054,286
1029.0,1021.0,63.0,41.3,104.0,15.34997428695899,12.27956021133321,0.8756869159938175,286
1020.0,1024.0,64.6,41.3,104.0,15.355322985629607,12.430665825056872,0.8779612823791775,286
1026.0,1027.0,64.6,41.3,104.0,15.358832172762956,12.337062300523932,0.8797099977458092,286
1029.0,1027.0,63.8,41.3,107.0,15.360241519794027,12.245631159608527,0.8855399805506478,286
1029.0,1024.0,63.0,41.3,105.5,15.368091323202492,12.260016538162532,0.8788734226255532,286
1020.0,1027.0,64.6,42.8,101.0,15.368950543833,13.034864948695585,0.8713414909676171,286
1023.0,1030.0,63.0,41.3,104.0,15.371143580517506,12.558504809380464,0.8803581779280083,286
1029.0,1018.0,63.8,41.3,107.0,15.37347477080195,12.669574760854589,0.8905844983395024,286
1020.0,1030.0,64.6,41.3,101.0,15.379822606831652,12.814805641583655,0.8745490768237307,286
1026.0,1021.0,65.3,41.3,107.0,15.38079365144086,12.695993461706022,0.8958268139771973,286
1020.0,1018.0,63.8,41.3,105.5,15.383586298306957,12.126063836223862,0.8644877364588364,286
1017.0,1030.0,65.3,41.3,102.5,15.388032548215033,12.817575584531637,0.887527060635594,286
1017.0,1030.0,64.6,41.3,102.5,15.38803346785922,12.714575541469214,0.8822453382157377,286
1026.0,1030.0,64.6,41.3,105.5,15.390710777257395,12.435539979983353,0.8895368755065337,286
1017.0,1021.0,65.3,41.3,105.5,15.391070072466986,12.319222705202236,0.8817897679710016,286
1023.0,1021.0,63.8,41.3,104.0,15.39464849070855,12.275730658750067,0.8690985559005868,286
1029.0,1024.0,62.3,41.3,104.0,15.396855966428902,12.200448665657685,0.8720905967663184,286
1020.0,1030.0,62.3,42.8,101.0,15.402155516268113,13.181657006182256,0.882185491555191,286
1023.0,1024.0,63.8,41.3,102.5,15.404284853908155,12.470369109588983,0.8639384693729457,286
1026.0,1030.0,63.0,41.3,105.5,15.407368695853028,12.406342416676488,0.8815308433671665,286
1023.0,1018.0,63.8,41.3,107.0,15.408988097131031,12.29096100723849,0.8767326346401698,286
1023.0,1024.0,65.3,41.3,102.5,15.410610582998329,12.518097407288549,0.869702770869978,286
1026.0,1030.0,62.3,41.3,105.5,15.412946441410647,12.42072761581512,0.8781788465450018,286
1026.0,1018.0,63.8,41.3,107.0,15.414621655969023,12.432492631335002,0.8822535409478757,286
1023.0,1024.0,62.3,42.8,101.0,15.41515735910992,12.622223652843028,0.8729339721058869,286
1023.0,1030.0,65.3,41.3,104.0,15.418243667474107,12.594637414069826,0.8898681401442485,286
1020.0,1024.0,65.3,41.3,104.0,15.418481853957061,12.508926907438639,0.8798768603794055,286
1023.0,1027.0,64.6,41.3,102.5,15.419048963503053,12.615138200161702,0.8775881104101679,286
1023.0,1024.0,62.3,41.3,104.0,15.420737111665362,12.309451506470634,0.8613553067798965,286
1029.0,1024.0,62.3,42.8,101.0,15.426796088622035,12.865963809120874,0.8780589771738568,286
1023.0,1021.0,63.0,41.3,104.0,15.427611355646013,12.269981608363654,0.8643995406280721,286
1029.0,1030.0,63.0,41.3,107.0,15.429602565490194,12.422245222852474,0.8848523785537116,286
1023.0,1030.0,64.6,41.3,104.0,15.430366301966783,12.638452630170761,0.8875592410053135,286
1029.0,1027.0,65.3,41.3,107.0,15.431650223639645,12.4860689768421,0.8944674850113101,286
1023.0,1021.0,65.3,41.3,102.5,15.43217834597562,12.484519910158015,0.8728911247807166,286
1023.0,1027.0,63.0,41.3,102.5,15.435305794401678,12.579060106274232,0.8726645085689855,286
1020.0,1018.0,64.6,41.3,107.0,15.440168656739644,12.240538596640908,0.8733923142424658,286
1029.0,1027.0,63.0,41.3,105.5,15.444485565252041,12.146214115007533,0.8732783627978036,286
1023.0,1024.0,63.0,41.3,104.0,15.44752618552465,12.328308304294048,0.86533769317895,286
1026.0,1024.0,65.3,41.3,105.5,15.447746596718101,12.429806419759155,0.8838360133127472,286
1026.0,1021.0,64.6,41.3,107.0,15.451207382368667,12.537858058806796,0.8883982864927289,286
1026.0,1024.0,64.6,41.3,104.0,15.457484038825143,12.422061590693927,0.8748171265099575,286
1026.0,1030.0,65.3,41.3,107.0,15.459852044726844,12.557343210264357,0.8977372464949996,286
1029.0,1027.0,64.6,41.3,105.5,15.460479248308658,12.320219109966233,0.8829053926042896,286
1017.0,1018.0,63.0,41.3,105.5,15.46098767254983,12.260570474416221,0.8575903588995699,286
1017.0,1018.0,62.3,41.3,105.5,15.46181990474753,12.296643277268918,0.8539025306165688,286
1029.0,1018.0,62.3,41.3,104.0,15.467264529662193,12.468628054087937,0.8716462551045776,286
1026.0,1027.0,63.8,41.3,104.0,15.472002015748282,12.313627217687374,0.8736543431465325,286
1026.0,1027.0,62.3,42.8,101.0,15.475354383766057,13.068709920614072,0.8770041212047833,286
1029.0,1024.0,63.0,42.8,101.0,15.476438844143317,12.966542450548811,0.8766062137841154,286
1023.0,1018.0,63.0,41.3,105.5,15.481283646198758,12.239092824092124,0.8644400863261734,286
1020.0,1024.0,62.3,41.3,104.0,15.487192193119018,12.494324867718017,0.8659379644232846,286
1026.0,1021.0,63.0,41.3,104.0,15.488631012743582,12.312225188444145,0.867037201906429,286
1020.0,1021.0,64.6,41.3,104.0,15.488740816782677,12.299572015949137,0.8675492045690062,286
1023.0,1018.0,64.6,41.3,107.0,15.489292199166567,12.433900958395862,0.8804641886118559,286
1020.0,1027.0,62.3,41.3,102.5,15.496937926982742,12.707866579978136,0.8675420842433396,286
1017.0,1027.0,63.8,41.3,101.0,15.497328984524763,12.999604423681173,0.8745701414029523,286
1026.0,1021.0,65.3,41.3,105.5,15.502051599411134,12.619746074139492,0.8886530124991402,286
1017.0,1030.0,63.0,41.3,102.5,15.510668726431724,12.842482029834695,0.878103395315401,286
1020.0,1027.0,65.3,42.8,101.0,15.510879258051473,13.134315889389288,0.8685752937862291,286
1017.0,1024.0,63.0,41.3,102.5,15.512925464927543,12.706862461061688,0.86621304409608,286
1020.0,1024.0,63.0,41.3,104.0,15.514652457893265,12.48660091409799,0.8679714924682799,286
1026.0,1030.0,62.3,42.8,101.0,15.516165830900066,13.343381379876519,0.8791911873673635,286
1017.0,1021.0,64.6,41.3,107.0,15.520192918376079,12.3138777783878,0.8814932428093939,286
1023.0,1021.0,62.3,41.3,104.0,15.52641510514752,12.40888260042035,0.8601028856366519,286
1017.0,1024.0,65.3,41.3,101.0,15.527726008386223,12.795082356245635,0.8701442678067892,286
1017.0,1024.0,64.6,41.3,101.0,15.527987472596507,12.882536783338406,0.8682148986450616,286
1029.0,1018.0,63.0,41.3,104.0,15.529809026895654,12.517395082461174,0.8732601449850315,286
1029.0,1027.0,63.0,42.8,101.0,15.534719601126477,13.15654183531907,0.8791128262258763,286
1020.0,1027.0,63.8,41.3,101.0,15.536661724447887,12.90117652081041,0.8730404323020617,286
1020.0,1021.0,63.0,41.3,102.5,15.537533965885187,12.497932483446904,0.8542636361900047,286
1026.0,1024.0,63.8,41.3,104.0,15.537840298068096,12.429664841281312,0.8700093702089978,286
1029.0,1030.0,62.3,42.8,102.5,15.53834421883885,12.98495973279653,0.8768481886255468,286
1029.0,1018.0,63.8,41.3,105.5,15.54626283464704,12.604367728656197,0.8819018446668735,286
1029.0,1030.0,63.8,41.3,107.0,15.547967532482238,12.575626161909524,0.8888466445054883,286
1026.0,1027.0,63.0,41.3,104.0,15.549710382186282,12.310985174279704,0.8634032481953778,286
1029.0,1021.0,64.6,41.3,107.0,15.55888908492553,12.745125107876431,0.8921231766898776,286
1023.0,1018.0,65.3,41.3,107.0,15.5604244155277,12.562799139001815,0.8831545444722045,286
1020.0,1027.0,63.0,41.3,101.0,15.56392705351072,12.936457577435002,0.8690766819103312,286
1029.0,1030.0,65.3,42.8,101.0,15.564656812736834,13.044013146180363,0.8831342195417498,286
1029.0,1030.0,64.6,42.8,101.0,15.564838771718039,13.117890371489507,0.8841181189628523,286
1029.0,1027.0,65.3,41.3,105.5,15.565394604266618,12.448899635521464,0.8855912921898452,286
1017.0,1024.0,62.3,41.3,102.5,15.56654855246764,12.7924967104327,0.8639516796298626,286
1017.0,1021.0,62.3,41.3,104.0,15.568922164469223,12.73555514981756,0.8595452616108894,286
1017.0,1021.0,63.0,41.3,104.0,15.56991111503183,12.582281370296956,0.8619453330679934,286
1029.0,1021.0,63.8,41.3,104.0,15.571084508509989,12.462626070298073,0.8761562792994904,286
1023.0,1027.0,65.3,41.3,102.5,15.574304795510686,12.710664608178831,0.8776286843319504,286
1026.0,1021.0,63.8,41.3,105.5,15.576359506546206,12.479094831870015,0.8781252891436311,286
1026.0,1027.0,65.3,41.3,102.5,15.579778622426087,12.582063381027794,0.8768655089081693,286
1017.0,1024.0,63.8,41.3,101.0,15.58514229498969,13.002846694861432,0.8666048279997257,286
1026.0,1018.0,63.0,41.3,104.0,15.592640924099644,12.546526294775978,0.8647646984647925,286
1017.0,1021.0,65.3,41.3,104.0,15.605696970191259,12.511847256818363,0.8731497968254806,286
1017.0,1021.0,63.8,41.3,105.5,15.608342845687416,12.274736485237554,0.867798631543158,286
1017.0,1027.0,64.6,41.3,101.0,15.612289769593772,13.004988294637569,0.8734305414660312,286
1023.0,1021.0,64.6,41.3,104.0,15.615016392879266,12.457877537106796,0.8701672837289351,286
1020.0,1027.0,64.6,41.3,101.0,15.615468871592357,12.93297111347663,0.8733617520187054,286
1020.0,1018.0,62.3,41.3,104.0,15.618588445608921,12.495447560574394,0.8481977304259632,286
1026.0,1024.0,65.3,41.3,104.0,15.619246226018625,12.550958950381517,0.8760641534489091,286
1020.0,1027.0,62.3,39.8,107.0,15.622469450406706,12.539260857950106,0.8821320778888841,286
1026.0,1030.0,65.3,41.3,105.5,15.623771482941143,12.599372129577421,0.8896809517668302,286
1017.0,1030.0,62.3,41.3,102.5,15.625946984436627,12.990075966784392,0.8765783223233101,286
1026.0,1018.0,63.8,41.3,105.5,15.635084001325088,12.500342945285846,0.8730905605541974,286
1017.0,1027.0,62.3,41.3,101.0,15.636441508178923,13.262048911717248,0.8736882592935553,286
1026.0,1027.0,62.3,41.3,104.0,15.637468620916394,12.380509863419883,0.859682537063102,286
1029.0,1021.0,62.3,41.3,102.5,15.638865466745857,12.386178086230164,0.8668362491912972,286
1017.0,1027.0,65.3,41.3,102.5,15.640176558532549,12.788396448047726,0.876834188645924,286
1020.0,1030.0,62.3,39.8,107.0,15.643511252071972,12.430572689975948,0.8870565735012289,286
1029.0,1024.0,63.8,41.3,105.5,15.650035085259285,12.490194462483965,0.8794296317087315,286
1023.0,1024.0,64.6,41.3,101.0,15.650179400762905,12.769412878745875,0.860714874518299,286
1023.0,1030.0,63.8,41.3,102.5,15.651328167327668,12.874210099428398,0.8789412344955667,286
1020.0,1024.0,65.3,41.3,102.5,15.651820030364123,12.733533368586595,0.871613094637865,286
1026.0,1018.0,62.3,39.8,107.0,15.65340089124261,12.676348375221421,0.8804389510161907,286
1029.0,1030.0,62.3,41.3,105.5,15.657883415107866,12.586534017793193,0.8740622854204899,286
1023.0,1018.0,64.6,41.3,105.5,15.664564386315659,12.443486302706932,0.8718348695312924,286
1017.0,1018.0,63.8,41.3,107.0,15.67017473307289,12.32173352311241,0.8629344726527313,286
1020.0,1021.0,62.3,41.3,102.5,15.674511864133843,12.69913240607908,0.8496876473509272,286
1017.0,1027.0,63.0,41.3,101.0,15.674939645153394,13.189229173063708,0.8726679143130404,286
1023.0,1027.0,62.3,39.8,107.0,15.675566052094965,12.555618344355715,0.872087402618671,286
1026.0,1021.0,62.3,41.3,102.5,15.676231887455373,12.432834693570502,0.86082808798277,286
1020.0,1024.0,64.6,41.3,102.5,15.677611936997906,12.71504981099115,0.8690815682271508,286
1029.0,1027.0,63.8,41.3,105.5,15.679711711300053,12.367941423859097,0.875119453505782,286
1023.0,1018.0,62.3,41.3,104.0,15.67978026369581,12.508642770564801,0.8548535850098493,286
1026.0,1021.0,65.3,41.3,104.0,15.680091877881068,12.743484043315934,0.8815868900342507,286
1020.0,1027.0,65.3,41.3,101.0,15.682390505759038,13.011961413061673,0.8746723480446693,286
1020.0,1018.0,64.6,41.3,105.5,15.684297371481867,12.311994154472632,0.8641438930452762,286
1026.0,1027.0,64.6,41.3,102.5,15.68698617492716,12.600256621869379,0.8728218725017076,286
1026.0,1030.0,64.6,41.3,104.0,15.687363855070315,12.714787808088893,0.880989376735164,286
1026.0,1030.0,63.8,41.3,104.0,15.688240660127033,12.721752681286818,0.8779117590301487,286
1026.0,1024.0,62.3,41.3,102.5,15.688285227143783,12.354048943496503,0.8597463961458897,286
1020.0,1021.0,65.3,41.3,107.0,15.689588669938168,12.476266273816229,0.8797784190203412,286
1017.0,1018.0,64.6,41.3,107.0,15.696958772792279,12.376867768189772,0.8692563969226483,286
1020.0,1021.0,63.8,41.3,102.5,15.702773116928649,12.523542032559766,0.855127923557489,286
1026.0,1018.0,62.3,41.3,102.5,15.70442473396348,12.578448507818447,0.8581025242667605,286
1023.0,1018.0,65.3,41.3,105.5,15.705737035428719,12.50481443822651,0.8745035285669679,286
1023.0,1018.0,63.8,41.3,105.5,15.705987414546193,12.38861916740427,0.8666813833533159,286
1023.0,1030.0,65.3,41.3,102.5,15.707346291817446,12.913300577359594,0.8823943913554251,286
1026.0,1021.0,64.6,41.3,105.5,15.715132909629597,12.601053396569306,0.8795170728657317,286
1029.0,1030.0,63.8,42.8,101.0,15.718919782688747,13.24278202804986,0.8790086718159014,286
1023.0,1021.0,65.3,41.3,101.0,15.721789835380092,12.744466825664501,0.8663956584195011,286
1017.0,1027.0,62.3,39.8,107.0,15.722671811260383,12.566607948049347,0.8826536772570659,286
1029.0,1027.0,64.6,41.3,104.0,15.731571513525779,12.48055718116979,0.8740616027638074,286
1029.0,1021.0,64.6,41.3,105.5,15.736332276411474,12.70572203631227,0.8835605623292249,286
1020.0,1030.0,63.8,41.3,101.0,15.738365881068818,13.147006285963979,0.8690769529854961,286
1029.0,1027.0,62.3,41.3,104.0,15.74163486091828,12.468942977896873,0.8615049441956711,286
1020.0,1018.0,63.0,41.3,104.0,15.743752421294257,12.541598982970164,0.8496863570319763,286
1026.0,1018.0,62.3,42.8,101.0,15.74461459191445,12.801727963672654,0.8644276239042125,286
1017.0,1021.0,64.6,41.3,105.5,15.74619135148295,12.43593708982446,0.8713472907926229,286
1017.0,1030.0,65.3,41.3,101.0,15.746204443105759,13.258727074143852,0.8797443767380608,286
1029.0,1024.0,64.6,41.3,107.0,15.747911715411767,12.727944194776105,0.888432710798263,286
1020.0,1018.0,63.8,41.3,104.0,15.758999575234935,12.445062382788096,0.8548658830686107,286
1023.0,1024.0,65.3,41.3,101.0,15.759148263477615,12.845817981685729,0.8614826396088179,286
1026.0,1018.0,64.6,41.3,107.0,15.762494611530439,12.760699069789778,0.880852141014664,286
1026.0,1024.0,63.0,41.3,102.5,15.76270071190493,12.491368063392768,0.8608834525673842,286
1029.0,1021.0,65.3,41.3,107.0,15.773161297249079,13.05923341353092,0.8962989816062755,286
1023.0,1027.0,63.8,41.3,101.0,15.774037990890493,13.026992854213063,0.8692344083915183,286
1029.0,1027.0,65.3,41.3,104.0,15.774704109583032,12.55697687193217,0.8770384153384636,286
1023.0,1030.0,64.6,41.3,102.5,15.77630159813166,12.98225920698702,0.8796066562700572,286
1026.0,1024.0,64.6,41.3,102.5,15.778065054524474,12.661869312477325,0.8675091917252942,286
1029.0,1030.0,64.6,41.3,107.0,15.782112535933273,12.767487100668134,0.890196346794434,286
1020.0,1024.0,63.8,41.3,101.0,15.782501134266687,12.94691455520029,0.8629550054571595,286
1029.0,1024.0,65.3,41.3,107.0,15.797992007401323,12.877051928015964,0.8940468940051114,286
1029.0,1021.0,63.0,41.3,102.5,15.803822653417727,12.5324219146629,0.865698835451699,286
1020.0,1030.0,62.3,41.3,101.0,15.80542663043807,13.358402800603479,0.8657119415071303,286
1029.0,1030.0,63.0,41.3,105.5,15.806375473289302,12.682007462255047,0.8750225141996478,286
1029.0,1024.0,63.0,41.3,104.0,15.806603820062147,12.552200541325929,0.868604291284507,286
1029.0,1030.0,65.3,41.3,107.0,15.813265127818386,12.866345032101545,0.893859714095383,286
1020.0,1021.0,64.6,41.3,102.5,15.813658754548749,12.552165493215073,0.8579531609993648,286
1017.0,1021.0,65.3,41.3,102.5,15.828136968641132,12.75166953764167,0.8644444067633493,286
1023.0,1030.0,63.0,41.3,102.5,15.83361317861149,13.012417250378133,0.8720959486438954,286
1023.0,1021.0,63.8,41.3,102.5,15.834275430514545,12.648663897134965,0.8605501951105964,286
1020.0,1018.0,65.3,41.3,107.0,15.835632588193986,12.516960964843014,0.8740550163200191,286
1017.0,1030.0,63.8,41.3,101.0,15.839575182442488,13.272427151895357,0.8731461714891635,286
1020.0,1027.0,62.3,39.8,105.5,15.8418413003545,12.638298296554076,0.8734301430939421,286
1026.0,1030.0,63.0,41.3,104.0,15.844632436835441,12.82912657173796,0.8723917251891229,286
1020.0,1030.0,63.0,41.3,101.0,15.848571990296161,13.294530462935299,0.8650090078851985,286
1026.0,1018.0,65.3,41.3,107.0,15.851503218254601,12.966590751851708,0.8853473310674845,286
1017.0,1030.0,64.6,41.3,101.0,15.854081225282831,13.231845654126333,0.873473163173752,286
1017.0,1018.0,63.0,41.3,104.0,15.854179773010403,12.662490521309318,0.8477396112011104,286
1029.0,1018.0,63.8,41.3,104.0,15.855081068680164,12.80523108245848,0.8722973294045205,286
1020.0,1021.0,65.3,41.3,105.5,15.855216283659313,12.536153859402217,0.8712943033769159,286
1026.0,1024.0,65.3,41.3,102.5,15.856658224119943,12.751475101594282,0.8695233851580964,286
1023.0,1030.0,62.3,41.3,102.5,15.858106910203302,13.03370532536916,0.8703053623591357,286
1029.0,1030.0,63.8,41.3,105.5,15.859996279011483,12.774399367665724,0.8790827388257852,286
1023.0,1024.0,62.3,39.8,107.0,15.86362199771403,12.711777170970352,0.8712996911309816,286
1023.0,1027.0,64.6,41.3,101.0,15.864106064531644,13.061027975848122,0.8696212835375647,286
1023.0,1027.0,62.3,41.3,102.5,15.871918506066,12.833235918971917,0.8615541548282544,286
1017.0,1018.0,63.8,41.3,105.5,15.878204615178122,12.399590674072817,0.8537180476040492,286
1017.0,1018.0,62.3,41.3,104.0,15.878372855334794,12.746980339465818,0.8447122167480913,286
1023.0,1024.0,63.8,41.3,101.0,15.88075929263154,12.9130582443513,0.8549863682550347,286
1017.0,1018.0,64.6,41.3,105.5,15.884179374745568,12.44143096152501,0.8595837146695957,286
1026.0,1030.0,65.3,41.3,104.0,15.884358753764088,12.821884823174612,0.881321269590757,286
1026.0,1027.0,63.8,41.3,102.5,15.889539115627809,12.644918601800798,0.8657595618006716,286
1026.0,1030.0,62.3,41.3,104.0,15.89412149138885,12.86676236249985,0.8691716986413269,286
1029.0,1027.0,63.0,41.3,104.0,15.894496964525166,12.49957904893387,0.8633071652462241,286
1023.0,1021.0,63.0,41.3,102.5,15.895917657442167,12.71298322125273,0.8562390670418799,286
1029.0,1021.0,65.3,41.3,105.5,15.900843419180799,12.934647200757773,0.8876070779470606,286
1029.0,1018.0,64.6,41.3,107.0,15.906636265862556,13.21490024789792,0.8885960791961734,286
1026.0,1018.0,62.3,39.8,105.5,15.907952167770155,12.668285964544902,0.8690330368816849,286
1020.0,1024.0,62.3,39.8,107.0,15.916187117731583,12.86406735876033,0.8784796232088563,286
1023.0,1018.0,65.3,41.3,104.0,15.916725667962401,12.616320671790655,0.8660920925171351,286
1017.0,1018.0,65.3,41.3,107.0,15.918670352681357,12.542301108909724,0.8755963660629194,286
1020.0,1030.0,62.3,39.8,105.5,15.922707567569926,12.584227172526266,0.879626412085749,286
1023.0,1018.0,63.0,41.3,104.0,15.923395311709399,12.624226847557825,0.853949779749757,286
1017.0,1030.0,62.3,39.8,107.0,15.930543991731057,12.674334463307574,0.890945592090656,286
1029.0,1024.0,65.3,41.3,105.5,15.933649519937196,12.871944257628343,0.886298939651627,286
1026.0,1021.0,63.8,41.3,104.0,15.935310343747219,12.714532674150146,0.8689781753363205,286
1023.0,1018.0,64.6,41.3,104.0,15.938318211212266,12.621832799596785,0.8628480102878922,286
1017.0,1027.0,63.0,39.8,107.0,15.948270200249322,12.785344645292769,0.884183036739432,286
1020.0,1030.0,63.0,39.8,107.0,15.948653289031094,12.744618039555968,0.889085564248266,286
1026.0,1024.0,63.8,41.3,102.5,15.953005498932404,12.716728141237336,0.8615554710128175,286
1029.0,1018.0,63.0,41.3,102.5,15.955298952761417,12.816263416719895,0.864207452266488,286
1029.0,1024.0,64.6,41.3,105.5,15.956235303254013,12.79539595047362,0.8800936228109608,286
1020.0,1018.0,64.6,41.3,104.0,15.95624462900863,12.49921014417331,0.8555370250315424,286
1029.0,1024.0,62.3,41.3,102.5,15.957922252688252,12.608467155383256,0.8634102841841581,286
1026.0,1021.0,65.3,41.3,102.5,15.960438935931329,12.957742114095016,0.8741818292642624,286
1029.0,1021.0,63.8,41.3,102.5,15.961384165154781,12.665927887708031,0.8665502398579922,286
1017.0,1021.0,63.8,41.3,104.0,15.961715289468753,12.612714223784668,0.8575495465783441,286
1026.0,1027.0,62.3,39.8,107.0,15.966515914118684,12.932196410641787,0.8716558393450226,286
1026.0,1018.0,64.6,41.3,105.5,15.967286995276874,12.74849907434664,0.8717524536158637,286
1023.0,1027.0,62.3,39.8,105.5,15.970793435761946,12.613976586446437,0.8609215041391903,286
1026.0,1018.0,65.3,41.3,105.5,15.973095441632026,12.83349339563044,0.8768082225005032,286
1026.0,1024.0,62.3,39.8,107.0,15.976250407170653,13.088435755757239,0.8738523985398828,286
1020.0,1024.0,65.3,41.3,101.0,15.97666867357418,13.06173147923491,0.8631877826475735,286
1029.0,1018.0,62.3,41.3,102.5,15.978969380123475,12.797749457347573,0.8619221498219912,286
1026.0,1027.0,65.3,41.3,101.0,15.97914846258705,12.962449437627779,0.8699810585528479,286
1029.0,1030.0,65.3,41.3,105.5,15.982499323197393,12.90138115449509,0.8850413293390067,286
1029.0,1030.0,62.3,39.8,107.0,15.982795029118064,12.912131679329457,0.8850496812822606,286
1023.0,1027.0,65.3,41.3,101.0,15.983186805152718,13.104536846335519,0.8695205909938782,286
1029.0,1030.0,64.6,41.3,105.5,15.98465204821182,12.866830438586723,0.8814152697920705,286
1026.0,1030.0,62.3,39.8,107.0,15.98673826718593,12.96946988476524,0.8854511695264359,286
1017.0,1027.0,62.3,39.8,105.5,15.990584996645481,12.72779122903103,0.8740385287734996,286
1026.0,1021.0,63.0,41.3,102.5,15.991382789804934,12.695156608306343,0.8579285901761493,286
1029.0,1021.0,64.6,41.3,104.0,15.993239483295344,12.812073755902675,0.8740953899075657,286
1023.0,1024.0,63.0,41.3,102.5,15.993999852344226,12.757311524155087,0.8543671451186766,286
1023.0,1021.0,62.3,39.8,107.0,15.996895589378804,12.844952258416349,0.8680061000696638,286
1029.0,1027.0,62.3,42.8,101.0,16.002336193268665,13.589268158966213,0.8715890259621717,286
1023.0,1021.0,64.6,41.3,102.5,16.00251643528804,12.752915425272661,0.8619025588508983,286
1023.0,1024.0,63.0,39.8,107.0,16.00454451882109,12.890056676193426,0.8757093511316191,286
1020.0,1021.0,62.3,39.8,107.0,16.006347284519652,12.766066839793625,0.8630824476128399,286
1023.0,1027.0,63.0,39.8,107.0,16.00655952310137,12.84334584074591,0.8734330143567746,286
1023.0,1030.0,62.3,39.8,107.0,16.006671293119904,12.877342748565875,0.8859922566976792,286
1026.0,1018.0,63.8,41.3,104.0,16.009741214280055,12.848925117750804,0.8623892103336644,286
1023.0,1027.0,63.0,41.3,101.0,16.0119361955466,13.139605666112713,0.8640028684795383,286
1020.0,1018.0,65.3,41.3,105.5,16.015763940287176,12.512721991634992,0.8645895340276109,286
1017.0,1018.0,65.3,41.3,105.5,16.016571840331856,12.528250341418847,0.8661561427018767,286
1017.0,1021.0,63.0,41.3,102.5,16.017801368377125,13.104797306836396,0.8523720305425431,286
1023.0,1018.0,62.3,39.8,107.0,16.01828396710527,13.009203295143472,0.869399042960998,286
1029.0,1027.0,63.8,41.3,104.0,16.021818675429657,12.603577674404795,0.8658269089275134,286
1023.0,1024.0,62.3,41.3,102.5,16.02218644548325,12.785825191076734,0.8506146194290675,286
1026.0,1021.0,62.3,39.8,107.0,16.022461864386464,13.024390542456757,0.8728615979249039,286
1029.0,1024.0,63.8,41.3,104.0,16.02685886807346,12.722712629566308,0.8695438380778905,286
1029.0,1021.0,62.3,39.8,107.0,16.02750409835891,13.298428463409241,0.8803192848012342,286
1026.0,1018.0,63.0,41.3,102.5,16.034959882716585,12.982571547480354,0.8545430362789902,286
1029.0,1030.0,63.0,42.8,101.0,16.037998194272102,13.546932418212515,0.874038190171291,286
1026.0,1021.0,64.6,41.3,104.0,16.038646962669063,12.809535115677644,0.8706502380022125,286
1020.0,1024.0,63.0,41.3,102.5,16.03873509902542,12.93078413242211,0.8573208718393611,286
1023.0,1018.0,63.8,41.3,104.0,16.04858489222702,12.672992940339297,0.857129742859608,286
1029.0,1024.0,62.3,39.8,107.0,16.06267013067932,13.199816304891174,0.8777369316828889,286
1020.0,1024.0,62.3,41.3,102.5,16.064048953460066,13.013615810418782,0.8551831529529634,286
1017.0,1024.0,63.0,41.3,101.0,16.06443800232918,13.316386639233093,0.8569129759874514,286
1026.0,1030.0,64.6,41.3,102.5,16.069002446952666,13.106069201010682,0.8734679794096731,286
1017.0,1027.0,65.3,41.3,101.0,16.07038752313951,13.224656001227693,0.8674856679518326,286
1026.0,1027.0,63.0,41.3,102.5,16.075372248063246,12.737105773913449,0.8538971779341616,286
1017.0,1021.0,64.6,41.3,104.0,16.07967283139459,12.722277160571005,0.8604974899609964,286
1020.0,1021.0,63.0,41.3,101.0,16.08165507283857,13.024283172265918,0.84421531265605,286
1029.0,1018.0,64.6,41.3,105.5,16.08911427399557,13.12043694752335,0.8793611911122649,286
1029.0,1021.0,65.3,41.3,104.0,16.09265454442238,13.01303964517628,0.878381830504696,286
1023.0,1021.0,62.3,41.3,102.5,16.099735362011327,12.933702023794291,0.8508167460728854,286
1020.0,1024.0,64.6,41.3,101.0,16.102265157081263,13.135566501561783,0.8596064945648585,286
1017.0,1021.0,62.3,41.3,102.5,16.104124614565084,13.307396715717811,0.8492076740816068,286
1023.0,1030.0,65.3,41.3,101.0,16.106857841379046,13.327016315460915,0.8744688647556933,286
1020.0,1021.0,65.3,41.3,104.0,16.108553769674245,12.72521472970473,0.8619311850801282,286
1020.0,1027.0,62.3,41.3,101.0,16.113177289662826,13.408420749786648,0.8579913255036545,286
1029.0,1024.0,65.3,41.3,104.0,16.116834496701482,12.976039104416348,0.8783009614619558,286
1029.0,1027.0,64.6,41.3,102.5,16.11713676518651,12.806149941043254,0.8662410624493151,286
1026.0,1027.0,64.6,41.3,101.0,16.118431150045076,13.023462688136302,0.8660199288269148,286
1029.0,1027.0,62.3,39.8,107.0,16.119151344054348,13.128906191566081,0.8765334345843396,286
1017.0,1030.0,63.0,41.3,101.0,16.124213758579913,13.53729010787193,0.8685682366252016,286
1029.0,1027.0,65.3,41.3,102.5,16.126261807155437,12.856688537273499,0.869081023057082,286
1020.0,1021.0,63.8,41.3,101.0,16.139690767661897,12.974362185826678,0.8458804286677059,286
1017.0,1021.0,62.3,39.8,107.0,16.143941146184144,12.778936098755148,0.8652209390853148,286
1023.0,1030.0,63.8,41.3,101.0,16.145981477006096,13.398491321100837,0.8709304965813711,286
1017.0,1018.0,62.3,39.8,107.0,16.151578626004884,12.691561419673375,0.8677345471216976,286
1017.0,1018.0,64.6,41.3,104.0,16.15357395404377,12.658742997296692,0.8491137345521821,286
1026.0,1030.0,63.8,41.3,102.5,16.16355412562982,13.186675262123877,0.8695093949379047,286
1017.0,1024.0,62.3,41.3,101.0,16.17165165819117,13.467650172516525,0.8544610242263815,286
1020.0,1024.0,62.3,39.8,105.5,16.173379074152038,12.949436900012607,0.8684416861579983,286
1017.0,1021.0,65.3,41.3,101.0,16.174859162987868,13.166957854071613,0.8555215466419891,286
1029.0,1030.0,62.3,41.3,104.0,16.177206139609705,13.064921481511128,0.8641515585971413,286
1017.0,1018.0,63.8,41.3,104.0,16.17753743935704,12.671129221513002,0.8438976892157787,286
1020.0,1030.0,63.0,39.8,105.5,16.17789495605143,12.803942611545812,0.881622452615255,286
1023.0,1024.0,62.3,39.8,105.5,16.1801185028179,12.808814614438374,0.8616061927036548,286
1026.0,1018.0,65.3,41.3,104.0,16.1822908984129,12.959928854929045,0.8675120841167302,286
1020.0,1027.0,62.3,39.8,104.0,16.18525368660355,12.883039051207463,0.8634897488383951,286
1017.0,1030.0,62.3,39.8,105.5,16.190691530739613,12.914829197393237,0.8826779419226666,286
1029.0,1018.0,65.3,41.3,107.0,16.190991736819626,13.47395464696533,0.8924283824457405,286
1017.0,1027.0,63.0,39.8,105.5,16.193290866360268,12.90738907869363,0.8758240581645036,286
1020.0,1024.0,63.0,39.8,107.0,16.19345538143729,13.052674027260075,0.8797842316949096,286
1026.0,1024.0,65.3,41.3,101.0,16.19991027044885,13.046612610321592,0.8632193426923943,286
1026.0,1024.0,64.6,41.3,101.0,16.20102681842727,12.997293822941737,0.8605059113351622,286
1020.0,1027.0,63.0,39.8,107.0,16.20294063914398,13.000461820409058,0.882227590736313,286
1020.0,1018.0,62.3,41.3,102.5,16.20906238209678,13.096722437760576,0.8371249997902983,286
1017.0,1018.0,65.3,41.3,104.0,16.210436910439395,12.663045597107315,0.8556763765485206,286
1026.0,1024.0,63.0,39.8,107.0,16.211212333041594,13.308496458446436,0.8748676442542049,286
1020.0,1018.0,63.8,41.3,102.5,16.21328193654681,12.911794749877716,0.8447341360084891,286
1026.0,1030.0,65.3,41.3,102.5,16.21336772650413,13.168994836452809,0.8736054055172778,286
1020.0,1021.0,63.0,39.8,107.0,16.21813413932346,12.98402755585681,0.8647537008772926,286
1029.0,1030.0,65.3,41.3,104.0,16.22005113828564,13.086431133574468,0.8763932927096887,286
1029.0,1021.0,62.3,41.3,101.0,16.221239512969152,12.785229787752932,0.8564874239717664,286
1023.0,1030.0,64.6,41.3,101.0,16.225427077074922,13.446906169331948,0.871469082973803,286
1029.0,1024.0,64.6,41.3,104.0,16.23201805679744,12.959053387309257,0.8712581559441999,286
1029.0,1018.0,63.8,41.3,102.5,16.236096479766616,13.109204374601028,0.863011440055833,286
1023.0,1018.0,65.3,41.3,102.5,16.23948301407944,12.866923360119818,0.8571402704645783,286
1023.0,1024.0,63.0,39.8,105.5,16.240110404479715,12.906053695309785,0.8661711117002493,286
1020.0,1018.0,63.0,41.3,102.5,16.24022807103322,13.083199615417156,0.8391678379691492,286
1029.0,1030.0,63.8,41.3,104.0,16.240715364023934,13.105614135611392,0.8701234029709152,286
1023.0,1018.0,62.3,41.3,102.5,16.241806434915734,13.04550867066868,0.8444635714868076,286
1020.0,1021.0,64.6,41.3,101.0,16.244432764059304,12.994720412377903,0.8481737901483798,286
1026.0,1018.0,62.3,39.8,104.0,16.248355307773473,12.816689586704605,0.857826866560084,286
1023.0,1021.0,63.0,39.8,107.0,16.254999110069225,13.127646596654943,0.8700917227796164,286
1026.0,1018.0,62.3,41.3,101.0,16.255360108604457,13.053630806856662,0.8486480737222484,286
1020.0,1018.0,65.3,41.3,104.0,16.259132931725947,12.653723136854865,0.8550862411099655,286
1023.0,1027.0,63.0,39.8,105.5,16.260268976818274,12.81696634963895,0.8618658452071634,286
1026.0,1027.0,62.3,41.3,102.5,16.26076625622116,12.875962715391273,0.849326701000029,286
1026.0,1024.0,62.3,39.8,105.5,16.26833227767468,13.045100442261182,0.8621503346888142,286
1020.0,1021.0,62.3,41.3,101.0,16.274420372861755,13.277312712302367,0.8394734016383547,286
1026.0,1021.0,62.3,41.3,101.0,16.284279604747308,12.931013224199509,0.8513841200148723,286
1026.0,1018.0,64.6,41.3,104.0,16.287499339078945,13.00780413761143,0.8611733510456929,286
1017.0,1030.0,62.3,41.3,101.0,16.288105046814668,13.756141823785624,0.8672062604651942,286
1029.0,1018.0,62.3,39.8,107.0,16.295051002843632,13.578201779641088,0.8832645326436077,286
1023.0,1018.0,64.6,41.3,102.5,16.295473675786216,12.945268270336891,0.8537684352422431,286
1017.0,1018.0,63.0,41.3,102.5,16.300235918867116,13.143113129795799,0.8378112942459014,286
1029.0,1030.0,63.0,41.3,104.0,16.304278000476625,13.147984013582931,0.8651975848645408,286
1029.0,1030.0,64.6,41.3,104.0,16.305827603894983,13.130461194658553,0.8720781262504603,286
1026.0,1024.0,62.3,41.3,101.0,16.309291490503888,12.927614712201171,0.852009643809637,286
1026.0,1030.0,62.3,39.8,105.5,16.309324362874147,13.031809816154032,0.8756310000598742,286
1029.0,1030.0,62.3,42.8,101.0,16.3100545547788,13.829370555087271,0.8703852717369575,286
1020.0,1018.0,64.6,41.3,102.5,16.31126909720604,12.831794859115988,0.8467026274004079,286
1020.0,1021.0,62.3,39.8,105.5,16.312279884552943,12.882154753104167,0.8529773021505068,286
1023.0,1030.0,63.0,39.8,107.0,16.314233220060007,13.053332608153475,0.883133304090449,286
1023.0,1021.0,63.8,41.3,101.0,16.314998499040048,13.122354123470274,0.8518587190758731,286
1020.0,1030.0,62.3,39.8,104.0,16.315179048807114,12.903591865931825,0.8718938242994085,286
1026.0,1024.0,63.0,41.3,101.0,16.31904402112797,12.934442777215743,0.8532077477050645,286
1026.0,1021.0,65.3,41.3,101.0,16.322181545054832,13.247900349761808,0.8658901015160013,286
1026.0,1018.0,63.0,39.8,107.0,16.32581545297535,13.334861430758961,0.873447421229321,286
1017.0,1027.0,62.3,39.8,104.0,16.326820199651767,12.994039511055494,0.8646704893756956,286
1029.0,1030.0,62.3,39.8,105.5,16.332023942848675,12.93726901554576,0.8745708212428149,286
1029.0,1018.0,65.3,41.3,105.5,16.3341493040533,13.332988734136409,0.8825384206159825,286
1029.0,1021.0,62.3,39.8,105.5,16.33481630471455,13.234250802800421,0.8684374016802962,286
1029.0,1021.0,63.0,41.3,101.0,16.33716408536683,12.862532702193532,0.8555433910271574,286
1029.0,1024.0,63.0,41.3,102.5,16.337438545124872,12.927031095510317,0.8599526522775174,286
1023.0,1021.0,62.3,39.8,105.5,16.33927423087619,12.93988774862845,0.8575915085521469,286
1026.0,1021.0,62.3,39.8,105.5,16.34039559682578,13.034865339624812,0.862430129942581,286
1026.0,1027.0,62.3,39.8,105.5,16.344531895317964,12.9712845944074,0.8598169236491868,286
1029.0,1021.0,64.6,41.3,102.5,16.345194277697885,13.002124741041548,0.864346728032162,286
1026.0,1027.0,63.0,39.8,107.0,16.35098962057245,13.297811044340596,0.8725587338525636,286
1029.0,1024.0,62.3,39.8,105.5,16.351243493714126,13.113544778332843,0.8672122955910206,286
1029.0,1030.0,63.0,39.8,107.0,16.353567731385006,13.238408280562211,0.8840805534809097,286
1017.0,1018.0,62.3,41.3,102.5,16.35786332365267,13.234635421784166,0.8351264661834497,286
1023.0,1030.0,62.3,39.8,105.5,16.35894765202426,13.053314096561007,0.8755016485927525,286
1026.0,1030.0,63.0,41.3,102.5,16.36174833692305,13.352172814147623,0.8641163149872058,286
1023.0,1018.0,63.0,39.8,107.0,16.366421026933384,13.326942413294043,0.8703612097380704,286
1023.0,1018.0,62.3,39.8,105.5,16.368631495626193,13.123897919141498,0.856789476675266,286
1020.0,1018.0,62.3,39.8,107.0,16.372038823081493,13.02464993190498,0.8540819287003686,286
1029.0,1018.0,64.6,41.3,104.0,16.37397290228237,13.253485592262548,0.8696092961662755,286
1029.0,1024.0,63.0,39.8,107.0,16.37700166419017,13.501435622495197,0.8781057573029983,286
1029.0,1027.0,62.3,41.3,102.5,16.38378197739782,13.06091249900836,0.8516251336522745,286
1023.0,1030.0,63.0,41.3,101.0,16.383798088171726,13.60743692672167,0.8640132108831317,286
1017.0,1021.0,63.8,41.3,102.5,16.387217405255296,13.104013428495056,0.8461776821782199,286
1023.0,1027.0,62.3,39.8,104.0,16.38778560509183,12.906830383996802,0.8499653576557739,286
1029.0,1021.0,65.3,41.3,102.5,16.388285611014226,13.189484794939688,0.8686925613175442,286
1017.0,1021.0,64.6,41.3,102.5,16.392775577736113,13.02015876988854,0.8500229288653078,286
1026.0,1021.0,63.0,39.8,107.0,16.397056385337518,13.419674014278332,0.87221104033259,286
1023.0,1027.0,63.8,39.8,107.0,16.399472573329085,13.214077654077844,0.8734642700091577,286
1026.0,1030.0,63.0,39.8,107.0,16.40147257510356,13.350818563113204,0.8851519405480713,286
1017.0,1030.0,63.0,39.8,107.0,16.402653924893208,13.063906104279816,0.888127905690675,286
1029.0,1024.0,65.3,41.3,102.5,16.405770920093996,13.209375357010396,0.8707827593643034,286
1020.0,1024.0,63.0,39.8,105.5,16.40833757781986,13.097862034009342,0.8694822831730793,286
1026.0,1027.0,63.8,41.3,101.0,16.408794129311836,13.158017559803852,0.8583355668511318,286
1026.0,1021.0,63.8,41.3,102.5,16.41512093251291,13.063969168222387,0.8594778404192482,286
1029.0,1027.0,63.0,39.8,107.0,16.420266735286177,13.411438970443049,0.8763536393321157,286
1023.0,1021.0,64.6,41.3,101.0,16.42413447857266,13.134151843260156,0.8536921542218786,286
1020.0,1027.0,63.0,39.8,105.5,16.42724215728057,13.061423026703372,0.8724767198777849,286
1029.0,1021.0,63.8,41.3,101.0,16.429807460465057,12.940825322224594,0.8568253812726778,286
1023.0,1018.0,63.0,41.3,102.5,16.43041855317248,13.098228317853204,0.8436476332132612,286
1017.0,1024.0,62.3,39.8,107.0,16.431483860260755,13.105871809869514,0.8673050946488932,286
1020.0,1021.0,65.3,41.3,102.5,16.43359607289321,12.954893746552237,0.8513929192298818,286
1017.0,1018.0,62.3,39.8,105.5,16.4361849415081,12.770257002783524,0.8552645548993825,286
1023.0,1021.0,63.0,41.3,101.0,16.436848625834443,13.246244212957833,0.8471626509919207,286
1026.0,1018.0,63.8,41.3,102.5,16.446619206312008,13.264955142897453,0.8515487056355229,286
1017.0,1021.0,62.3,39.8,105.5,16.448151261989864,12.918424799311133,0.8549382533588503,286
1029.0,1027.0,63.8,41.3,102.5,16.453142965526204,12.973685754334324,0.8581671218983725,286
1029.0,1018.0,63.0,41.3,101.0,16.455282762003726,13.16122640726473,0.8542609250854107,286
1020.0,1021.0,63.0,39.8,105.5,16.45751426221107,13.041220536959957,0.8547191337852841,286
1017.0,1018.0,64.6,41.3,102.5,16.463689128050863,12.9743094522307,0.8386036572884099,286
1029.0,1027.0,62.3,39.8,105.5,16.46591262300696,13.075795230481942,0.8650169467730051,286
1026.0,1024.0,63.8,41.3,101.0,16.466809212294695,13.106132717882994,0.8536933741446662,286
1026.0,1030.0,62.3,41.3,102.5,16.467975846053523,13.432580417755927,0.8605030027785985,286
1026.0,1021.0,64.6,41.3,102.5,16.474643567269624,13.115527792512417,0.8612335018769265,286
1026.0,1024.0,63.0,39.8,105.5,16.476293425552708,13.220083346259926,0.8628123844782278,286
1023.0,1018.0,63.8,41.3,102.5,16.481768731644927,13.094904194609068,0.8473723048309912,286
1023.0,1030.0,62.3,41.3,101.0,16.49273224462647,13.726904656563718,0.861653267774901,286
1023.0,1021.0,63.0,39.8,105.5,16.494626702235415,13.115356757806834,0.860358895837506,286
1029.0,1027.0,63.0,41.3,102.5,16.494644619504847,13.013664751930433,0.8539267668487855,286
1026.0,1018.0,65.3,41.3,102.5,16.502257014447654,13.227851723290897,0.8573276396102834,286
1020.0,1018.0,63.0,39.8,107.0,16.505909306230055,13.2256779933074,0.8601621240884888,286
1017.0,1027.0,63.0,39.8,104.0,16.5093691897818,13.157139286191894,0.8665139860164981,286
1017.0,1018.0,65.3,41.3,102.5,16.5110208405958,13.000268598248484,0.8440887259616309,286
1029.0,1024.0,63.8,41.3,102.5,16.517870517176767,13.05764479134486,0.8606504918098135,286
1020.0,1027.0,63.8,39.8,107.0,16.527242662672812,13.284447573975777,0.8816101299105615,286
1017.0,1018.0,63.8,41.3,102.5,16.53091530609676,13.051615583415852,0.8337196913883248,286
1026.0,1030.0,64.6,41.3,101.0,16.535610014884593,13.643292936956563,0.8644996060034758,286
1029.0,1018.0,62.3,39.8,105.5,16.535798221753083,13.518770182041475,0.8730880944608035,286
1020.0,1030.0,63.0,39.8,104.0,16.53663122610429,13.068442303548368,0.8736264831943727,286
1029.0,1030.0,65.3,41.3,102.5,16.537384887716147,13.406294658599455,0.8682667495729989,286
1023.0,1027.0,62.3,41.3,101.0,16.537453780326995,13.485067301836322,0.8521477094663251,286
1023.0,1024.0,63.8,39.8,107.0,16.540580309615205,13.454796298671676,0.8760915781399884,286
1029.0,1027.0,65.3,41.3,101.0,16.54316155328486,13.230695524658953,0.8606139706207934,286
1026.0,1021.0,63.0,41.3,101.0,16.544971440589343,13.146649286939304,0.8484816145085269,286
1020.0,1018.0,65.3,41.3,102.5,16.553054748940525,12.889178309189413,0.845892710169844,286
1017.0,1030.0,62.3,39.8,104.0,16.554651495830043,13.222866623200549,0.8735836304786823,286
1026.0,1018.0,63.0,41.3,101.0,16.557506736929525,13.452188445281616,0.844553079102047,286
1029.0,1018.0,62.3,41.3,101.0,16.563037898177438,13.208328075137869,0.8513446720407594,286
1017.0,1027.0,63.8,39.8,107.0,16.56562405136444,13.339840171341665,0.882280124898816,286
1026.0,1018.0,63.0,39.8,105.5,16.567893366624237,13.297570055826487,0.8630081989505243,286
1017.0,1021.0,63.0,41.3,101.0,16.57101183525877,13.724151695113997,0.842416614352333,286
1029.0,1018.0,65.3,41.3,104.0,16.57224075969175,13.404523198214163,0.8723878460352742,286
1029.0,1027.0,64.6,41.3,101.0,16.577391503842126,13.230672302870476,0.8577468581236265,286
1020.0,1024.0,62.3,39.8,104.0,16.57840685543338,13.202258886754207,0.8568576178738938,286
1023.0,1024.0,63.0,39.8,104.0,16.585370691190924,13.066984581372974,0.8564968434287422,286
1029.0,1024.0,64.6,41.3,102.5,16.60302530016041,13.229779265626984,0.8631303074003137,286
1023.0,1027.0,63.8,39.8,105.5,16.60697992511579,13.105780429966185,0.8622420451151345,286
1029.0,1024.0,62.3,41.3,101.0,16.611990460078296,13.205278772019502,0.855079475184715,286
1017.0,1030.0,63.0,39.8,105.5,16.614734829372352,13.226139188615237,0.8797740288746003,286
1023.0,1024.0,62.3,39.8,104.0,16.615717462861856,13.035376804001213,0.8515812463322536,286
1023.0,1030.0,63.0,39.8,105.5,16.61664392843089,13.130372993603505,0.8722976666281357,286
1023.0,1024.0,63.0,41.3,101.0,16.618304791579163,13.337900903959175,0.8436541762709381,286
1023.0,1030.0,63.8,39.8,107.0,16.62134789052367,13.496604376570332,0.8875716387394254,286
1026.0,1021.0,63.0,39.8,105.5,16.624649320938914,13.309739878661938,0.8625911530281875,286
1029.0,1024.0,63.0,39.8,105.5,16.62633896627995,13.361926818574904,0.8674873935920251,286
1020.0,1027.0,62.3,39.8,102.5,16.62799258156453,13.243717360654587,0.853337635303366,286
1023.0,1027.0,63.0,39.8,104.0,16.640029144017912,13.061171447066013,0.8507597501607633,286
1029.0,1021.0,63.0,39.8,107.0,16.643179915906156,13.915899529989064,0.8806461113814124,286
1023.0,1018.0,65.3,41.3,101.0,16.646296244595707,13.292722833389421,0.8482083936219799,286
1020.0,1024.0,63.0,41.3,101.0,16.648701029397824,13.560914900973808,0.8462233961837348,286
1026.0,1030.0,65.3,41.3,101.0,16.650482873917305,13.666424129753164,0.8651740675262601,286
1020.0,1018.0,63.0,39.8,105.5,16.651301336460772,13.176225143977684,0.8499376041024183,286
1023.0,1018.0,63.0,39.8,105.5,16.659710974994407,13.374011661921651,0.858664073697718,286
1029.0,1030.0,63.0,39.8,105.5,16.66028231962648,13.159648619834172,0.8737676217897563,286
1020.0,1021.0,62.3,39.8,104.0,16.663997423318676,13.070875830881134,0.8429089006994868,286
1020.0,1024.0,63.8,39.8,107.0,16.670682977088664,13.464353659680967,0.8772880696963232,286
1029.0,1018.0,63.0,39.8,107.0,16.670788304609093,14.047015877875674,0.8800770746322746,286
1029.0,1018.0,63.8,41.3,101.0,16.67619727110594,13.444045877473053,0.8530567596491393,286
1026.0,1018.0,62.3,39.8,102.5,16.679755371445903,13.041619401088361,0.846096143452839,286
1023.0,1024.0,62.3,41.3,101.0,16.680269369513145,13.401098061533904,0.8402569541676407,286
1026.0,1024.0,62.3,39.8,104.0,16.68882598881177,13.246073618729096,0.8513141282287295,286
1026.0,1027.0,63.0,39.8,105.5,16.689900374246527,13.263095044012198,0.8609799253163297,286
1026.0,1018.0,64.6,41.3,102.5,16.694437199823362,13.369758057389513,0.8500847473561052,286
1026.0,1027.0,63.0,41.3,101.0,16.69486786491706,13.368040444460396,0.8449287608037811,286
1026.0,1030.0,63.0,39.8,105.5,16.695037294023216,13.326733822133821,0.8743921813231716,286
1029.0,1030.0,63.8,41.3,102.5,16.695953973984594,13.542161444265526,0.8615418014863963,286
1026.0,1030.0,63.8,41.3,101.0,16.7013583699175,13.790193788867073,0.8603295826150793,286
1020.0,1018.0,63.8,41.3,101.0,16.701908155668164,13.431417059916546,0.835443743277807,286
1029.0,1030.0,64.6,41.3,102.5,16.704611400502746,13.520858662260236,0.8634053598334511,286
1029.0,1021.0,62.3,39.8,104.0,16.70477631822614,13.368995282294213,0.8572545345480519,286
1020.0,1021.0,63.8,39.8,107.0,16.705180072818496,13.418003701638659,0.8623096533353203,286
1023.0,1021.0,62.3,41.3,101.0,16.707501299707634,13.493740389170794,0.8415803737231561,286
1020.0,1024.0,63.0,39.8,104.0,16.70774419989385,13.250660272491864,0.8585152100459713,286
1023.0,1024.0,63.8,39.8,105.5,16.712490765515575,13.307068762119286,0.8662023611575507,286
1020.0,1018.0,64.6,41.3,101.0,16.71308874799634,13.251145999571506,0.8382294090054135,286
1026.0,1030.0,62.3,39.8,104.0,16.713777524204346,13.305322993534261,0.8651124188155237,286
1026.0,1024.0,63.8,39.8,107.0,16.715810505570772,13.770363324307187,0.8725184008137088,286
1020.0,1024.0,62.3,41.3,101.0,16.717686979086285,13.704915296299157,0.8441659419429504,286
1017.0,1021.0,62.3,41.3,101.0,16.717793978975802,13.951499689060556,0.8390222879076744,286
1029.0,1024.0,62.3,39.8,104.0,16.72374418245432,13.226179480327437,0.8569695197281746,286
1029.0,1027.0,63.0,39.8,105.5,16.724455919425992,13.298871032807748,0.8643441835920338,286
1023.0,1018.0,64.6,41.3,101.0,16.732300188683,13.396758537168868,0.8446953614588506,286
1020.0,1018.0,62.3,39.8,105.5,16.73294031980067,13.131504882659266,0.8421052847452042,286
1017.0,1030.0,63.8,39.8,107.0,16.736285934739005,13.320178863485696,0.8882755882775375,286
1020.0,1027.0,63.8,39.8,105.5,16.736488467215292,13.250493181532404,0.8712821455125502,286
1020.0,1018.0,63.8,39.8,107.0,16.743756671526192,13.486916943730686,0.8637072005902499,286
1029.0,1018.0,64.6,41.3,102.5,16.750959723286517,13.544244952346324,0.8595073543757966,286
1029.0,1021.0,65.3,41.3,101.0,16.753804758146792,13.414369969905644,0.8588847712882974,286
1029.0,1021.0,64.6,41.3,101.0,16.753984905239044,13.246373413903447,0.8546533443739153,286
1023.0,1021.0,62.3,39.8,104.0,16.760933252133682,13.144012768509402,0.8472302145318251,286
1026.0,1021.0,62.3,39.8,104.0,16.765070875896736,13.224537918674812,0.8515018166512199,286
1026.0,1027.0,63.8,39.8,107.0,16.769437835826086,13.694591219019868,0.8714796386800978,286
1023.0,1018.0,62.3,39.8,104.0,16.76953014505839,13.29588369607869,0.8444021604430682,286
1023.0,1027.0,64.6,39.8,107.0,16.769894339949037,13.614668224818622,0.8726131155286472,286
1020.0,1021.0,63.0,39.8,104.0,16.774049777338835,13.184885056117745,0.8442931784619446,286
1020.0,1027.0,63.0,39.8,104.0,16.776097361741773,13.295539756163524,0.8615702547669379,286
1017.0,1024.0,62.3,39.8,105.5,16.777003329466293,13.288835870522549,0.8559854103372252,286
1020.0,1030.0,63.8,39.8,107.0,16.780064137061927,13.439622211843117,0.8835507405414874,286
1029.0,1030.0,62.3,41.3,102.5,16.780679549194844,13.630310957856963,0.8542229516716311,286
1020.0,1030.0,62.3,39.8,102.5,16.784773589442175,13.317458725306729,0.8633519430721266,286
1017.0,1027.0,63.8,39.8,105.5,16.785052773477165,13.38531997919226,0.8736036477802843,286
1023.0,1030.0,62.3,39.8,104.0,16.78703960593794,13.380186368140928,0.8657414276225139,286
1029.0,1030.0,62.3,39.8,104.0,16.790013135827298,13.209151381145748,0.8641413686172602,286
1020.0,1018.0,63.0,41.3,101.0,16.7919502780546,13.659873978431149,0.8289166463649531,286
1023.0,1021.0,63.8,39.8,107.0,16.79519937508576,13.709075083040318,0.8668837193553764,286
1017.0,1027.0,62.3,39.8,102.5,16.795411744096832,13.427144554378687,0.8542182179291541,286
1029.0,1024.0,65.3,41.3,101.0,16.79951934352802,13.520717051457437,0.8636795632840646,286
1017.0,1024.0,63.0,39.8,107.0,16.799988069783513,13.329807459646348,0.8657354864390145,286
1017.0,1021.0,63.0,39.8,107.0,16.803586363348693,13.280606534271294,0.8603437091238993,286
1026.0,1021.0,63.8,39.8,107.0,16.804851560602977,13.806069061461697,0.8701230866681344,286
1017.0,1018.0,62.3,39.8,104.0,16.820057979616085,12.949664196581178,0.8416872350344435,286
1029.0,1027.0,63.8,39.8,107.0,16.824127527165757,13.803048220887247,0.8757770806132549,286
1017.0,1021.0,64.6,41.3,101.0,16.824154253156717,13.522958427999546,0.8393741427628404,286
1017.0,1018.0,63.0,41.3,101.0,16.826916472315407,13.703883255026254,0.8273216182081595,286
1026.0,1027.0,62.3,39.8,104.0,16.827322835681915,13.318648769348064,0.8481780806004058,286
1017.0,1021.0,62.3,39.8,104.0,16.82745482586258,13.164198548192386,0.8433063995407258,286
1023.0,1021.0,63.0,39.8,104.0,16.8324981011694,13.249039767848883,0.8503136159544732,286
1026.0,1024.0,63.0,39.8,104.0,16.84658492851816,13.350207087765359,0.8518859459042452,286
1029.0,1024.0,63.8,39.8,107.0,16.848983635688196,13.985401210053327,0.877292823862849,286
1017.0,1021.0,63.8,41.3,101.0,16.851825377040687,13.658721783818669,0.8359210709558679,286
1017.0,1018.0,65.3,41.3,101.0,16.85236137404429,13.367437288578008,0.832524235925924,286
1020.0,1021.0,65.3,41.3,101.0,16.86079265659907,13.346583963221299,0.8408421280119027,286
1020.0,1018.0,62.3,41.3,101.0,16.860916480089244,13.749084750218993,0.8261565021995508,286
1029.0,1030.0,63.0,41.3,102.5,16.86757427686852,13.644002194211172,0.8556209815335087,286
1023.0,1030.0,63.8,39.8,105.5,16.868585013653586,13.413433839673148,0.8765881455930553,286
1020.0,1024.0,63.8,39.8,105.5,16.870563160188215,13.410467344142088,0.8664014352248712,286
1023.0,1018.0,62.3,41.3,101.0,16.87907105946229,13.631220479294036,0.8338701992331895,286
1029.0,1018.0,65.3,41.3,102.5,16.88170689529092,13.623177977596573,0.8623276849656312,286
1029.0,1030.0,63.8,39.8,107.0,16.88210483940933,13.79266450857414,0.8821559563803494,286
1026.0,1018.0,63.0,39.8,104.0,16.889019959175272,13.419038429160477,0.8519642283796824,286
1026.0,1018.0,65.3,41.3,101.0,16.889071588214595,13.635887057319033,0.8476679499451668,286
1023.0,1027.0,62.3,39.8,102.5,16.897199268153333,13.320943188676557,0.8391720139493896,286
1020.0,1018.0,63.8,39.8,105.5,16.9017497727808,13.388048440217055,0.8527804812378283,286
1029.0,1021.0,63.0,39.8,105.5,16.906298544194325,13.806291133844242,0.8704870902051818,286
1029.0,1027.0,62.3,39.8,104.0,16.911547196684356,13.285451518313167,0.8530789338190373,286
1023.0,1027.0,64.6,39.8,105.5,16.911786248451104,13.41553105572988,0.8617789913752304,286
1020.0,1021.0,63.8,39.8,105.5,16.912427827292323,13.377227069373848,0.851874898623822,286
1017.0,1030.0,63.0,39.8,104.0,16.926368603348642,13.51621085837938,0.8705179480059997,286
1017.0,1030.0,63.8,39.8,105.5,16.92821497533042,13.365359436217004,0.8795244106011901,286
1026.0,1024.0,63.8,39.8,105.5,16.92856245030874,13.600436613066144,0.860820506021568,286
1020.0,1018.0,65.3,41.3,101.0,16.93391738456642,13.240400880076647,0.8364246820211899,286
1029.0,1018.0,63.0,39.8,105.5,16.935575864089092,13.945757930154718,0.8696393075676582,286
1026.0,1021.0,63.8,41.3,101.0,16.937469549361534,13.46709428988536,0.849718752183064,286
1017.0,1027.0,63.0,39.8,102.5,16.938889152854582,13.535682232398822,0.8563971682073956,286
1017.0,1018.0,64.6,41.3,101.0,16.940519739406774,13.463335120277934,0.8260339314497881,286
1026.0,1018.0,63.8,41.3,101.0,16.942466510453603,13.716932061281298,0.8412978970907908,286
1029.0,1018.0,62.3,39.8,104.0,16.94586910511108,13.720327842028244,0.8608973412054541,286
1023.0,1021.0,63.8,39.8,105.5,16.949503358297072,13.560623662069718,0.8578289193472133,286
1029.0,1024.0,63.0,41.3,101.0,16.952149883199194,13.444256366005943,0.852024465779953,286
1023.0,1027.0,63.8,39.8,104.0,16.952790502469774,13.315333340426475,0.8511888669069494,286
1017.0,1018.0,62.3,41.3,101.0,16.9529521277856,13.847659693045966,0.8242862897466509,286
1026.0,1024.0,64.6,39.8,107.0,16.954371744400163,14.020405852105187,0.8727459419724201,286
1026.0,1030.0,63.0,41.3,101.0,16.960243641668082,14.018448388286004,0.8546570446268246,286
1029.0,1027.0,63.8,41.3,101.0,16.964335852260703,13.474282270304977,0.8494980654616742,286
1020.0,1030.0,63.0,39.8,102.5,16.966505093114158,13.436859585526891,0.864770405537674,286
1026.0,1027.0,62.3,41.3,101.0,16.971542064748903,13.610317382166256,0.8395118140036893,286
1026.0,1021.0,63.8,39.8,105.5,16.973603929205943,13.565695842981988,0.8601527398753447,286
1026.0,1021.0,64.6,41.3,101.0,16.974286014308294,13.471480188057548,0.8512033046360782,286
1029.0,1024.0,63.0,39.8,104.0,16.97940989639067,13.383781672904629,0.8572071796731165,286
1026.0,1021.0,63.0,39.8,104.0,16.981085995548117,13.42578943507785,0.8523783296360613,286
1023.0,1024.0,63.8,39.8,104.0,16.98309175574666,13.408124670559227,0.8560032828412759,286
1023.0,1018.0,63.8,41.3,101.0,16.98429117339368,13.586912674728945,0.8378215382608419,286
1020.0,1018.0,63.0,39.8,104.0,16.986439282823948,13.295047875299813,0.8375116002845262,286
1029.0,1030.0,65.3,41.3,101.0,16.98803846481668,13.895624811860355,0.861425429673753,286
1023.0,1018.0,63.0,39.8,104.0,16.990490491530384,13.487594297775434,0.8476359705384833,286
1026.0,1018.0,63.8,39.8,107.0,16.991149907285596,14.026145256186258,0.8671389211379331,286
1026.0,1030.0,63.8,39.8,107.0,16.993225175725552,13.922655266225668,0.882668969666644,286
1023.0,1024.0,63.0,39.8,102.5,16.99427175766222,13.349986447634327,0.8458324149333545,286
1017.0,1018.0,63.8,41.3,101.0,16.99815657678285,13.56427813981097,0.8223225428213099,286
1029.0,1021.0,63.8,39.8,107.0,17.001476605256038,14.31540667651238,0.8813988965980566,286
1026.0,1027.0,63.8,39.8,105.5,17.002544708975762,13.56232928899176,0.8606575642146024,286
1023.0,1018.0,63.0,41.3,101.0,17.008486489475366,13.625512522797342,0.8334279029201817,286
1020.0,1030.0,63.8,39.8,105.5,17.020478098682922,13.426215751687943,0.8750682532724081,286
1017.0,1030.0,62.3,39.8,102.5,17.028886708886418,13.639279885261248,0.8634854895811167,286
1023.0,1030.0,63.0,39.8,104.0,17.036926835245904,13.423378706731347,0.8616945293496154,286
1020.0,1024.0,62.3,39.8,102.5,17.0428433767586,13.570038787905489,0.845618548759447,286
1020.0,1027.0,63.8,39.8,104.0,17.04352934748161,13.447443488952231,0.8601304196647046,286
1029.0,1030.0,63.0,39.8,104.0,17.051839871328866,13.342668446354697,0.8633965819356108,286
1023.0,1018.0,63.8,39.8,107.0,17.059292139581203,13.91000647722072,0.8640634675653338,286
1017.0,1024.0,63.8,39.8,107.0,17.062362157755835,13.535367488907134,0.866540051516129,286
1029.0,1024.0,63.8,39.8,105.5,17.07485091947986,13.795874913085655,0.8664796981695194,286
1029.0,1027.0,62.3,41.3,101.0,17.07579570972847,13.771483162800221,0.8412865795061063,286
1026.0,1030.0,63.0,39.8,104.0,17.07615014190722,13.547736857519766,0.8632937358047152,286
1029.0,1024.0,64.6,41.3,101.0,17.079179852803982,13.589858369710017,0.8553785055237787,286
1029.0,1027.0,63.8,39.8,105.5,17.082452632950694,13.630635153967487,0.8636158993331319,286
1017.0,1021.0,63.0,39.8,105.5,17.083812303286486,13.367336607960723,0.8496899647437938,286
1020.0,1021.0,62.3,39.8,102.5,17.08844496123934,13.400289616545246,0.8310833426959977,286
1026.0,1024.0,64.6,39.8,105.5,17.095735069750912,13.752778379330985,0.8623953248309539,286
1020.0,1027.0,64.6,39.8,107.0,17.096038063126144,13.828135028624093,0.8781663208675027,286
1029.0,1024.0,63.8,41.3,101.0,17.09736742750553,13.497969244160421,0.8524456939760398,286
1017.0,1027.0,63.8,39.8,104.0,17.101328466965516,13.64243569435814,0.8633570146186179,286
1023.0,1027.0,63.0,39.8,102.5,17.117191379055548,13.4388157482351,0.8394819838041069,286
1026.0,1027.0,63.0,39.8,104.0,17.11992942249248,13.54008288153954,0.8488651287198486,286
1023.0,1024.0,62.3,39.8,102.5,17.1212477514625,13.384188648935924,0.8403585358297538,286
1026.0,1030.0,62.3,41.3,101.0,17.12535180968447,14.174868218331275,0.8507964250913426,286
1029.0,1027.0,63.0,39.8,104.0,17.125600419932756,13.420278838942389,0.8526594525925326,286
1020.0,1021.0,63.0,39.8,102.5,17.130124917814573,13.427805347561428,0.8328435773801283,286
1020.0,1024.0,63.0,39.8,102.5,17.132624318310615,13.576124899724132,0.8469772166860227,286
1029.0,1027.0,63.0,41.3,101.0,17.132723556814007,13.618673683437684,0.8441601665523156,286
1020.0,1024.0,64.6,39.8,107.0,17.136092912946584,13.952119467729759,0.8751899568891729,286
1029.0,1021.0,62.3,39.8,102.5,17.140234185855395,13.570914297568612,0.8460522659356053,286
1020.0,1024.0,63.8,39.8,104.0,17.14157158396179,13.520626142041753,0.8550618519771862,286
1026.0,1018.0,64.6,41.3,101.0,17.141654227935938,13.784535711893254,0.8400792147097691,286
1020.0,1018.0,63.8,39.8,104.0,17.145136210064813,13.40635044308138,0.8408125254270349,286
1020.0,1027.0,62.3,39.8,101.0,17.148717596019964,13.725006533520379,0.8430079127216107,286
1017.0,1024.0,63.0,39.8,105.5,17.150589822285337,13.485012950873093,0.853973774316007,286
1026.0,1024.0,62.3,39.8,102.5,17.15786909366232,13.558569554207823,0.8400961355365985,286
1023.0,1030.0,64.6,39.8,107.0,17.158850741770955,13.95933844252719,0.8835865523840511,286
1029.0,1030.0,63.8,39.8,105.5,17.169731798190078,13.639330619267616,0.8713312749307928,286
1017.0,1030.0,64.6,39.8,107.0,17.172026010000668,13.769396511794854,0.8882189706714264,286
1029.0,1024.0,62.3,39.8,102.5,17.173868495018276,13.506113600113787,0.8470737380165727,286
1023.0,1027.0,64.6,39.8,104.0,17.174383369495192,13.496592407481588,0.8516306855895946,286
1023.0,1027.0,65.3,39.8,107.0,17.17928823294667,14.008600214489622,0.8723440765183618,286
1023.0,1021.0,63.8,39.8,104.0,17.18292997059542,13.629360824696215,0.8487209165285697,286
1029.0,1018.0,64.6,41.3,101.0,17.182951930587894,13.90547380708189,0.8489525639816066,286
1023.0,1024.0,64.6,39.8,107.0,17.18738619905576,14.1047376182475,0.8759020726978674,286
1020.0,1018.0,62.3,39.8,104.0,17.189405556205667,13.382707451858026,0.8295370468330143,286
1017.0,1024.0,62.3,39.8,104.0,17.195248124632887,13.593680673160142,0.8441468748458307,286
1017.0,1018.0,63.0,39.8,107.0,17.196139047379976,13.636841358503647,0.8583318281579592,286
1020.0,1021.0,63.8,39.8,104.0,17.196843498412175,13.4761602586572,0.8411862566678979,286
1029.0,1021.0,63.8,39.8,105.5,17.204337093780723,14.118226650890174,0.8714495945541765,286
1026.0,1018.0,62.3,39.8,101.0,17.20802742699438,13.413626789522624,0.8340085879659042,286
1026.0,1030.0,62.3,39.8,102.5,17.211950066580414,13.685505233607643,0.8553466977401281,286
1017.0,1030.0,65.3,39.8,107.0,17.220755918506036,13.966316102440805,0.8927944271710889,286
1026.0,1018.0,63.8,39.8,105.5,17.22467599707058,13.925751993861226,0.8568307086026047,286
1017.0,1030.0,63.8,39.8,104.0,17.22662312004245,13.658886896347507,0.8696872962488768,286
1020.0,1027.0,63.0,39.8,102.5,17.22961496755445,13.629345678465219,0.8500451657765951,286
1029.0,1021.0,63.0,39.8,104.0,17.230454468989187,13.849782990901511,0.8594545180310568,286
1029.0,1030.0,64.6,41.3,101.0,17.231068627772466,14.068654046385268,0.8559365434013916,286
1023.0,1030.0,63.8,39.8,104.0,17.23298067935919,13.625836022836339,0.866063632618533,286
1023.0,1018.0,62.3,39.8,102.5,17.23380054819644,13.577371776295868,0.8323585515108946,286
1026.0,1024.0,63.8,39.8,104.0,17.235916534900646,13.62803830037832,0.8499144184306227,286
1020.0,1018.0,64.6,39.8,107.0,17.24002324395289,13.80600776892004,0.867764071882788,286
1017.0,1024.0,64.6,39.8,107.0,17.243272587655007,13.778675107544872,0.8679276028277028,286
1026.0,1021.0,62.3,39.8,102.5,17.246215638773158,13.504873517118988,0.8410244554522713,286
1029.0,1030.0,63.8,41.3,101.0,17.249288091740617,14.100751411676233,0.8536522960035574,286
1029.0,1018.0,63.8,39.8,107.0,17.250573337755487,14.582629105846523,0.8774761165991737,286
1026.0,1030.0,63.8,39.8,105.5,17.25509855697351,13.804527686375096,0.8716054927789075,286
1026.0,1027.0,64.6,39.8,107.0,17.257194148670436,14.183862159446624,0.8698766129030219,286
1020.0,1027.0,64.6,39.8,105.5,17.2582335185355,13.647474320754105,0.8678437289295691,286
1023.0,1021.0,64.6,39.8,107.0,17.26218286634811,14.17064445513013,0.8646471819975096,286
1023.0,1021.0,62.3,39.8,102.5,17.262265713490663,13.488513381512766,0.8368713129508304,286
1020.0,1030.0,64.6,39.8,107.0,17.265027102712097,13.889989721109462,0.8821902261684907,286
1023.0,1021.0,63.0,39.8,102.5,17.26605573707704,13.514791918586353,0.8400414613978815,286
1023.0,1018.0,63.8,39.8,105.5,17.267957907131365,13.821943349230903,0.8535013693844217,286
1026.0,1021.0,63.8,39.8,104.0,17.273982406791376,13.61618646395118,0.8497641246479719,286
1029.0,1018.0,65.3,41.3,101.0,17.276485566208244,13.969134195591073,0.8511007131078095,286
1029.0,1018.0,63.0,39.8,104.0,17.27911726980549,14.043154760720293,0.8582570241122716,286
1026.0,1024.0,63.0,39.8,102.5,17.28221320120876,13.627403835989748,0.8403200575128834,286
1029.0,1024.0,64.6,39.8,107.0,17.284526012143154,14.44587273334056,0.8771475809968273,286
1020.0,1030.0,62.3,39.8,101.0,17.284751355012162,13.800536205747335,0.8546365174282119,286
1017.0,1018.0,62.3,39.8,102.5,17.28484587797537,13.272904408793599,0.8269292837166555,286
1023.0,1024.0,64.6,39.8,105.5,17.288030202733047,13.819463678048548,0.8657505792085255,286
1020.0,1024.0,64.6,39.8,105.5,17.294975849555318,13.754600895351713,0.8643635246874002,286
1017.0,1030.0,64.6,39.8,105.5,17.29528638894972,13.685500048752328,0.8796101533758252,286
1017.0,1030.0,65.3,39.8,105.5,17.29706000316652,13.794621799130093,0.8845897395774017,286
1023.0,1027.0,65.3,39.8,105.5,17.298586790141478,13.766266598752235,0.8613622757442632,286
1026.0,1018.0,63.0,39.8,102.5,17.298822182581024,13.633949485083772,0.8404835239556866,286
1026.0,1030.0,64.6,39.8,107.0,17.29947545646689,14.247133603729957,0.8842752492188113,286
1020.0,1021.0,64.6,39.8,107.0,17.303805966190424,13.98957539200768,0.8610113236690823,286
1017.0,1021.0,62.3,39.8,102.5,17.306330589660448,13.602902883308786,0.8312864497069989,286
1026.0,1024.0,65.3,39.8,107.0,17.30952681952507,14.38266326864677,0.8717887041329855,286
1017.0,1027.0,62.3,39.8,101.0,17.313110642855616,13.963798153521658,0.8442605260539768,286
1017.0,1027.0,64.6,39.8,107.0,17.314571565218415,13.995638295505602,0.8779797902202633,286
1023.0,1030.0,62.3,39.8,102.5,17.319458658843605,13.814370896708352,0.855163089653479,286
1020.0,1018.0,64.6,39.8,105.5,17.324361359751364,13.536573459224254,0.8563253434555761,286
1017.0,1021.0,63.8,39.8,107.0,17.325606561402793,13.644690295324787,0.8591894533390421,286
1017.0,1030.0,62.3,38.3,107.0,17.32670898689688,14.126527347988642,0.882045133184923,286
1017.0,1024.0,63.8,39.8,105.5,17.326783334561707,13.58704483117587,0.8554110542396914,286
1017.0,1030.0,63.0,39.8,102.5,17.32835839554749,13.899378746468027,0.8606594335367789,286
1029.0,1030.0,62.3,39.8,102.5,17.33617903332315,13.650245656104131,0.8540607286009376,286
1020.0,1030.0,62.3,38.3,107.0,17.336225818541187,14.18266908561853,0.8772823627485403,286
1026.0,1024.0,64.6,39.8,104.0,17.336464900873324,13.68008074335738,0.8528028128216777,286
1023.0,1024.0,63.8,39.8,102.5,17.339189048593976,13.651155375163254,0.8453549954400117,286
1023.0,1030.0,64.6,39.8,105.5,17.34460036915479,13.7840327877412,0.8736472067131099,286
1026.0,1027.0,63.8,39.8,104.0,17.35943877004582,13.720159638303864,0.8489049100326133,286
1023.0,1018.0,63.0,39.8,102.5,17.3602067947799,13.697796849758047,0.837144995955274,286
1029.0,1027.0,64.6,39.8,107.0,17.361042576864428,14.326498078666305,0.8731734505633164,286
1023.0,1027.0,63.8,39.8,102.5,17.371551388183228,13.621646741633072,0.8403972168502027,286
1029.0,1030.0,64.6,39.8,107.0,17.372185926096492,14.309179032263781,0.8805564404579026,286
1023.0,1021.0,64.6,39.8,105.5,17.372604294387774,13.909085633909376,0.8556791671593692,286
1026.0,1027.0,62.3,39.8,102.5,17.384278608136597,13.744094137879848,0.8357292451561412,286
1017.0,1021.0,63.0,39.8,104.0,17.385342780894515,13.560231844689252,0.8384340827433748,286
1029.0,1024.0,63.8,39.8,104.0,17.38606950341339,13.746499595377507,0.8563276963360793,286
1020.0,1030.0,63.8,39.8,104.0,17.389094913486396,13.683770410266092,0.8660420552773153,286
1026.0,1021.0,63.0,39.8,102.5,17.391106283938285,13.637210939405078,0.8424383515924703,286
1020.0,1018.0,63.0,39.8,102.5,17.398989949079766,13.54792642285769,0.8245448954298051,286
1029.0,1027.0,62.3,39.8,102.5,17.41085194599001,13.626088226916272,0.8426132049922018,286
1026.0,1024.0,65.3,39.8,105.5,17.413421373540423,14.0639451418426,0.8615412551464043,286
1029.0,1024.0,63.0,39.8,102.5,17.41821866271876,13.656868950797817,0.8472493352301479,286
1029.0,1027.0,63.8,39.8,104.0,17.422535240209395,13.640561194382038,0.8521890511794663,286
1020.0,1027.0,65.3,39.8,107.0,17.42647640070091,14.212858943781566,0.8794563001020731,286
1017.0,1024.0,64.6,39.8,105.5,17.43097590924705,13.671383594260055,0.8572446054481085,286
1017.0,1027.0,63.0,39.8,101.0,17.438872876137463,14.054816617736286,0.8463574347950071,286
1029.0,1018.0,62.3,39.8,102.5,17.4392299966035,13.999848368135952,0.848131869329437,286
1017.0,1030.0,62.3,38.3,105.5,17.44363042303234,13.979122918915163,0.8742786753875806,286
1023.0,1024.0,65.3,39.8,107.0,17.443644636939048,14.358025637415219,0.8750870880569601,286
1017.0,1030.0,65.3,39.8,104.0,17.444366412124015,13.919882112877627,0.8759163692418791,286
1020.0,1027.0,63.8,39.8,102.5,17.450800026255255,13.741327052411613,0.8485848500570513,286
1020.0,1030.0,63.0,39.8,101.0,17.454581188865944,13.890933451346163,0.8553899213505545,286
1029.0,1018.0,63.8,39.8,105.5,17.455855451629795,14.410735266762012,0.8673389910888273,286
1026.0,1027.0,64.6,39.8,105.5,17.46299817118561,14.001723809099218,0.8588325400064951,286
1023.0,1024.0,63.0,39.8,101.0,17.46888283809229,13.70053411467848,0.8353892040679953,286
1020.0,1030.0,64.6,39.8,105.5,17.469344568555666,13.776682721303368,0.873594389694563,286
1017.0,1027.0,63.8,39.8,102.5,17.476566417806648,13.995201525670284,0.8531741390962673,286
1023.0,1027.0,62.3,39.8,101.0,17.482457418792826,13.839417516676756,0.827594258840728,286
1017.0,1030.0,64.6,39.8,104.0,17.487660055540303,13.886858527268204,0.8708265660045426,286
1020.0,1018.0,63.8,39.8,102.5,17.492460852519784,13.58466239983842,0.828116945028117,286
1017.0,1018.0,63.0,39.8,105.5,17.494320541390348,13.684576045938138,0.844590985084129,286
1029.0,1024.0,64.6,39.8,105.5,17.494629110720876,14.225584758362611,0.86602239292341,286
1020.0,1018.0,64.6,39.8,104.0,17.495035049863684,13.44690444386655,0.8435827936915,286
1029.0,1030.0,62.3,41.3,101.0,17.495954439630022,14.389039061411442,0.8457264525973155,286
1029.0,1021.0,63.8,39.8,104.0,17.49981641956588,14.073872097535693,0.8602274944547769,286
1026.0,1030.0,64.6,39.8,105.5,17.502706153542242,14.039717462600283,0.8736249786404041,286
1029.0,1030.0,63.8,39.8,104.0,17.506966011260467,13.704544014477197,0.8606293177926664,286
1023.0,1027.0,64.6,39.8,102.5,17.509219335935843,13.753648371854085,0.8416699741716127,286
1020.0,1027.0,64.6,39.8,104.0,17.510173681214333,13.747421948354742,0.8567063218778384,286
1020.0,1027.0,65.3,39.8,105.5,17.51087700980256,13.931598867747507,0.8703355074316574,286
1023.0,1021.0,63.8,39.8,102.5,17.511914037858276,13.811509161333522,0.8392563633848319,286
1029.0,1030.0,63.0,41.3,101.0,17.512149394162712,14.272484928977406,0.8468959722310223,286
1020.0,1024.0,64.6,39.8,104.0,17.519084251525964,13.809174079440217,0.8530984936697988,286
1020.0,1021.0,64.6,39.8,105.5,17.519800989343235,13.86056827105084,0.8495940304236463,286
1020.0,1024.0,63.8,39.8,102.5,17.522989579795407,13.80544703568447,0.8434044671674831,286
1023.0,1027.0,65.3,39.8,104.0,17.523377687923578,13.740472814696119,0.8512735217901893,286
1020.0,1021.0,63.8,39.8,102.5,17.532869501071126,13.683801987760003,0.8290978106145969,286
1023.0,1030.0,63.0,39.8,102.5,17.534219227657964,13.82802973510054,0.8508205931155404,286
1023.0,1024.0,65.3,39.8,105.5,17.536338205712212,14.036481524767154,0.8646842484324547,286
1026.0,1021.0,64.6,39.8,107.0,17.536497711701507,14.433907159822843,0.8655085615396293,286
1023.0,1024.0,64.6,39.8,104.0,17.53659566476364,13.854819103002876,0.8555886540097698,286
1026.0,1018.0,63.8,39.8,104.0,17.537290316774797,13.975501246085871,0.84578245072637,286
1026.0,1030.0,63.0,39.8,102.5,17.5401148328592,13.900777847699894,0.8530974404203061,286
1017.0,1027.0,64.6,39.8,105.5,17.54353576731906,13.922431810418555,0.8681067924872734,286
1029.0,1030.0,64.6,39.8,105.5,17.54652783073384,14.03000036103876,0.870492357700576,286
1026.0,1027.0,65.3,39.8,107.0,17.553546132496045,14.512203705825401,0.8702818462774042,286
1017.0,1024.0,63.0,39.8,104.0,17.556003188702196,13.748610108913537,0.8417472188640505,286
1026.0,1030.0,65.3,39.8,107.0,17.55608451780389,14.55249712486816,0.8850512951836242,286
1017.0,1030.0,62.3,39.8,101.0,17.55771857235106,14.158385206346933,0.8536799712553882,286
1029.0,1030.0,63.0,39.8,102.5,17.55797543317354,13.72769290543755,0.8536835357307551,286
1023.0,1018.0,63.8,39.8,104.0,17.5677351838788,13.884369726155217,0.8426649866011914,286
1017.0,1021.0,63.8,39.8,105.5,17.575502697059413,13.649094394543368,0.8480410151926863,286
1023.0,1021.0,64.6,39.8,104.0,17.576597637827874,13.882834684739644,0.8463311351947069,286
1020.0,1024.0,62.3,39.8,101.0,17.57839310613026,14.049534671014046,0.8341729554784295,286
1020.0,1024.0,65.3,39.8,107.0,17.58040499527829,14.346390399424722,0.8725142894292698,286
1029.0,1027.0,64.6,39.8,105.5,17.58490307575661,14.090837358765206,0.8605381339698295,286
1029.0,1027.0,63.0,39.8,102.5,17.585560877058125,13.711350955472879,0.8416814262363375,286
1017.0,1027.0,65.3,39.8,107.0,17.58646131030815,14.26765041966145,0.8808173445194769,286
1020.0,1021.0,65.3,39.8,107.0,17.588859168669718,14.329653082366269,0.8623347937142034,286
1023.0,1030.0,65.3,39.8,107.0,17.590916312390853,14.395926049756744,0.885006659202037,286
1017.0,1030.0,63.8,39.8,102.5,17.594794686253163,14.032085998066995,0.8597368026073009,286
1020.0,1021.0,63.0,39.8,101.0,17.594952796934457,13.849916503891272,0.8209468659721791,286
1020.0,1021.0,62.3,39.8,101.0,17.60262764046464,13.887906818805803,0.8191777813256064,286
1023.0,1018.0,64.6,39.8,107.0,17.602845604116627,14.448603880374735,0.8620094172060164,286
1026.0,1030.0,63.8,39.8,104.0,17.612197066726786,13.956391339545021,0.8599769026038419,286
1020.0,1030.0,65.3,39.8,107.0,17.61460322233088,14.221118975053612,0.8813480491037551,286
1020.0,1030.0,62.3,38.3,105.5,17.61518484042034,14.057220490615643,0.8684427676972113,286
1029.0,1021.0,64.6,39.8,107.0,17.616074892312767,14.870535297104793,0.8781558201445007,286
1029.0,1021.0,63.0,39.8,102.5,17.617812807613483,14.034274403478824,0.8484130180208358,286
1017.0,1030.0,62.3,38.3,104.0,17.619292628234906,14.052095491421843,0.8666883658386761,286
1020.0,1024.0,63.0,39.8,101.0,17.625970587278353,14.009031064808658,0.8353846758243669,286
1026.0,1024.0,63.8,39.8,102.5,17.63670894030321,13.850472770795042,0.8382680776417792,286
1026.0,1027.0,63.0,39.8,102.5,17.638118318303324,13.935374735441714,0.8361285409163046,286
1026.0,1024.0,65.3,39.8,104.0,17.639414990140153,13.929856000098539,0.8516707725242109,286
1026.0,1021.0,63.8,39.8,102.5,17.654126944080662,13.792727723545058,0.8392501017286601,286
1026.0,1024.0,64.6,39.8,102.5,17.65535702028951,13.845298353330923,0.8427110015217818,286
1023.0,1030.0,64.6,39.8,104.0,17.664132627371337,13.889642631141058,0.8635198935015552,286
1023.0,1027.0,63.0,39.8,101.0,17.665233446813403,13.909754002222462,0.827518199651497,286
1029.0,1021.0,62.3,39.8,101.0,17.6678518588427,13.903313012910242,0.8343118974923527,286
1023.0,1030.0,63.8,39.8,102.5,17.667941501016244,13.966349615260537,0.8553073070744833,286
1017.0,1024.0,63.8,39.8,104.0,17.673875576437588,13.77935369275943,0.8431073405014099,286
1026.0,1018.0,64.6,39.8,107.0,17.677672980249014,14.650753608259508,0.8618491851389953,286
1026.0,1021.0,65.3,39.8,107.0,17.68216170093417,14.691973904273814,0.8675189077806863,286
1017.0,1030.0,65.3,39.8,102.5,17.691011519378826,14.251827430823422,0.8663666395375939,286
1029.0,1018.0,63.0,39.8,102.5,17.691329916809778,14.248419194120697,0.8465828928235326,286
1026.0,1027.0,65.3,39.8,105.5,17.691568968897865,14.234510098473223,0.8602761739645538,286
1020.0,1021.0,65.3,39.8,105.5,17.69387288943884,14.064319604753713,0.8525018933114599,286
1023.0,1021.0,65.3,39.8,107.0,17.69514351706827,14.592344852690916,0.8633245842496396,286
1023.0,1024.0,62.3,39.8,101.0,17.696069633715318,13.847287618317667,0.8293492520870381,286
1017.0,1024.0,64.6,39.8,104.0,17.70052499840722,13.770773330719956,0.8453273416843564,286
1020.0,1018.0,64.6,39.8,102.5,17.70440204766253,13.479119906976146,0.8314904971020061,286
1026.0,1030.0,65.3,39.8,105.5,17.704666294814828,14.271583509090458,0.8749803976672125,286
1020.0,1027.0,65.3,39.8,104.0,17.707799695444447,13.939409979870417,0.8601467012257561,286
1017.0,1024.0,62.3,39.8,102.5,17.714111447876743,14.054494893984522,0.8320927298994675,286
1023.0,1030.0,62.3,38.3,107.0,17.71415298410855,14.849520989533296,0.8770772316048355,286
1026.0,1024.0,62.3,39.8,101.0,17.715559450111066,13.978139235027344,0.829757531202584,286
1017.0,1024.0,65.3,39.8,107.0,17.722281108399528,14.280567184632359,0.8674088997250061,286
1026.0,1021.0,64.6,39.8,105.5,17.726383643936394,14.174622647861963,0.8552770036639465,286
1020.0,1018.0,62.3,39.8,102.5,17.730254747975152,13.765830327159271,0.816414923712313,286
1020.0,1021.0,64.6,39.8,104.0,17.731660804091046,13.899922308348742,0.8393965716123432,286
1017.0,1030.0,63.0,38.3,107.0,17.73346773683041,14.576932693117167,0.8823195717909567,286
1029.0,1024.0,62.3,39.8,101.0,17.734338440854298,13.911900876789405,0.8378126037556123,286
1020.0,1027.0,63.0,39.8,101.0,17.734420601905963,14.051477160426725,0.8388810994129519,286
1017.0,1021.0,63.0,39.8,102.5,17.734609022203635,13.905516042569829,0.8277127274627875,286
1020.0,1024.0,65.3,39.8,105.5,17.738247077846637,14.10679542877226,0.8612640977789885,286
1026.0,1021.0,65.3,39.8,105.5,17.751520972937666,14.35720505449349,0.8584895498004884,286
1023.0,1024.0,65.3,39.8,104.0,17.761247782422288,13.982879936607162,0.8542310105709645,286
1029.0,1018.0,64.6,39.8,107.0,17.76226062984738,15.08349237737032,0.876787657802038,286
1023.0,1018.0,64.6,39.8,105.5,17.76891206636546,14.230313264026814,0.8516715102848307,286
1017.0,1027.0,65.3,39.8,105.5,17.770211221938744,14.097903162992427,0.8711081920606127,286
1023.0,1030.0,65.3,39.8,105.5,17.77042104284459,14.161633062970292,0.8747837609941957,286
1026.0,1030.0,62.3,39.8,101.0,17.772319811941923,14.215211546446696,0.8445078522540386,286
1023.0,1024.0,63.8,39.8,101.0,17.774260130136813,13.971635416457362,0.8347610047212571,286
1023.0,1021.0,63.0,39.8,101.0,17.774681714004753,13.924935618189647,0.8286536633243203,286
1026.0,1027.0,64.6,39.8,104.0,17.774873867008107,14.043565958678483,0.8470868127025712,286
1017.0,1030.0,64.6,39.8,102.5,17.775252574499824,14.240938091715396,0.8613516708986526,286
1029.0,1024.0,64.6,39.8,104.0,17.775365292004857,14.125213623608005,0.8558640696150169,286
1026.0,1021.0,62.3,39.8,101.0,17.77559721740187,13.930038068776692,0.8315844279235309,286
1029.0,1024.0,63.8,39.8,102.5,17.77939591303392,13.96464578837214,0.846405103831558,286
1029.0,1018.0,63.8,39.8,104.0,17.781486695525928,14.433538372586115,0.8556758778882287,286
1023.0,1018.0,62.3,39.8,101.0,17.78236885567486,14.002463706514233,0.8203191214436519,286
1017.0,1018.0,62.3,39.8,101.0,17.788995614599628,13.759104614564714,0.8125985987966197,286
1020.0,1030.0,64.6,39.8,104.0,17.790202106066662,13.953032384961036,0.8645875616128699,286
1026.0,1027.0,63.8,39.8,102.5,17.79150996768042,14.0376589252682,0.8367697221299276,286
1023.0,1021.0,65.3,39.8,105.5,17.792177766523817,14.305081384006995,0.8538358548293588,286
1026.0,1018.0,63.0,39.8,101.0,17.79236755442939,13.982406196938685,0.8289692014861484,286
1023.0,1027.0,65.3,39.8,102.5,17.79677943617156,13.957034838294119,0.8417793897619996,286
1026.0,1024.0,63.0,39.8,101.0,17.79873142186405,14.010168384084215,0.8297475132716812,286
1020.0,1030.0,65.3,39.8,105.5,17.808385535566536,14.044785660097485,0.8721273870132821,286
1026.0,1030.0,64.6,39.8,104.0,17.809988295802057,14.081511272886948,0.8625606481071855,286
1017.0,1027.0,64.6,39.8,104.0,17.814508675818644,14.104363909404924,0.8577690949650675,286
1029.0,1030.0,64.6,39.8,104.0,17.820483143940514,14.00222654058585,0.8606767507988633,286
1023.0,1021.0,62.3,39.8,101.0,17.82190604375214,13.983759504216279,0.8255995825734128,286
1020.0,1018.0,63.0,39.8,101.0,17.826165461291918,13.899472705324195,0.8127905967446284,286
1017.0,1018.0,63.0,39.8,104.0,17.828842009507603,13.799810584271995,0.8307529610239659,286
1020.0,1030.0,63.8,39.8,102.5,17.829654119867882,14.066778056237098,0.8560815430811669,286
1029.0,1030.0,65.3,39.8,107.0,17.830268592776253,14.82472420570855,0.8809092165894518,286
1017.0,1030.0,63.0,39.8,101.0,17.833867462356963,14.369196669775551,0.8504010140572016,286
1020.0,1024.0,64.6,39.8,102.5,17.834786064769478,14.05093885470609,0.8418401707087884,286
1029.0,1021.0,63.8,39.8,102.5,17.83819240248091,14.183227086711293,0.8493155927633056,286
1029.0,1021.0,64.6,39.8,105.5,17.843186252047314,14.657375313577491,0.8671428540714793,286
1023.0,1027.0,63.8,39.8,101.0,17.846141781685542,13.996789519759007,0.8293458057995352,286
1026.0,1018.0,64.6,39.8,105.5,17.847243785150944,14.446382564826557,0.8517708509170046,286
1029.0,1027.0,63.8,39.8,102.5,17.85092541849716,13.89893255490491,0.8409340382370667,286
1017.0,1021.0,64.6,39.8,107.0,17.853007363584826,14.27063639068399,0.8567297354159142,286
1017.0,1027.0,62.3,38.3,107.0,17.857680497230056,14.562267680136172,0.8691616302525366,286
1023.0,1024.0,64.6,39.8,102.5,17.859566626437307,14.06492421467916,0.844695185416299,286
1020.0,1027.0,64.6,39.8,102.5,17.861439793431625,14.009833704130656,0.8452462648515345,286
1026.0,1024.0,62.3,38.3,107.0,17.863991889127014,14.930012197696199,0.8485279915271844,286
1017.0,1021.0,62.3,39.8,101.0,17.86426477169989,14.127403402566278,0.8192463704395981,286
1029.0,1027.0,62.3,38.3,107.0,17.864333045137148,15.224799492193759,0.8699157061452751,286
1029.0,1024.0,65.3,39.8,107.0,17.87089855165982,14.99638870613285,0.8750095504212682,286
1023.0,1018.0,63.0,39.8,101.0,17.872471040203113,14.072424485034597,0.8256193250011378,286
1023.0,1030.0,62.3,39.8,101.0,17.876292739689408,14.364003074426147,0.8452960453495098,286
1020.0,1027.0,62.3,38.3,107.0,17.876624836363362,14.699440662895267,0.8618644222387513,286
1020.0,1018.0,63.8,39.8,101.0,17.878805585711557,13.878859483602525,0.8161476310565258,286
1017.0,1024.0,65.3,39.8,105.5,17.879696504835543,14.097392441833582,0.8571727690721586,286
1017.0,1021.0,63.8,39.8,104.0,17.882363520959498,13.78445703240099,0.8357213371027542,286
1026.0,1030.0,62.3,38.3,107.0,17.88350775958305,15.023649867019733,0.8701901051152058,286
1029.0,1027.0,64.6,39.8,104.0,17.884291825652884,14.027140631484476,0.8492878966403231,286
1023.0,1021.0,64.6,39.8,102.5,17.88606462602784,14.033800556903767,0.8364826958365772,286
1026.0,1021.0,63.0,39.8,101.0,17.88694278440177,13.990484368167055,0.8329328096788488,286
1023.0,1027.0,64.6,39.8,101.0,17.8891780617903,14.052545568361474,0.8313979482047078,286
1026.0,1018.0,63.8,39.8,102.5,17.89062590930647,14.13184601825773,0.8351233899626243,286
1026.0,1027.0,62.3,38.3,107.0,17.89118464884433,15.032442824474197,0.8559897960302139,286
1023.0,1027.0,62.3,38.3,107.0,17.896619701449335,14.823553596873591,0.8555010222355354,286
1026.0,1021.0,62.3,38.3,107.0,17.897056123760205,15.049027834716735,0.8573304873649318,286
1029.0,1027.0,65.3,39.8,107.0,17.901744100421283,14.897015092976144,0.8705579062448175,286
1020.0,1021.0,62.3,38.3,107.0,17.907344018656065,14.546080901757383,0.8603808104680116,286
1026.0,1021.0,65.3,39.8,104.0,17.91142193467293,14.155606270270226,0.849063643032059,286
1020.0,1027.0,63.8,39.8,101.0,17.913282198646584,14.113024380313245,0.8373770340379094,286
1017.0,1030.0,63.0,38.3,105.5,17.916208970370533,14.380545121848265,0.8729356021068535,286
1017.0,1027.0,63.8,39.8,101.0,17.91729329710468,14.45444390791181,0.8432335656278847,286
1023.0,1021.0,62.3,38.3,107.0,17.917884140384427,14.820281220796536,0.8551459216157073,286
1023.0,1021.0,63.8,39.8,101.0,17.920666275931865,14.132720158693752,0.8283072079622124,286
1020.0,1021.0,65.3,39.8,104.0,17.925820023211756,14.071493071524811,0.8406790045886985,286
1029.0,1024.0,63.0,39.8,101.0,17.927785174742986,13.991163055817076,0.8378918443298192,286
1026.0,1024.0,65.3,39.8,102.5,17.929069052265874,14.048323602798929,0.842326256276469,286
1020.0,1024.0,65.3,39.8,104.0,17.933729837093427,14.059381334069792,0.8500331944358511,286
1017.0,1030.0,62.3,38.3,102.5,17.943243725846656,14.28437554011723,0.8572825431184146,286
1026.0,1027.0,63.0,38.3,107.0,17.94403999531264,15.037289751233926,0.8556317609133782,286
1020.0,1030.0,62.3,38.3,104.0,17.947982850177805,14.175547522807662,0.8603470707512973,286
1029.0,1030.0,63.8,39.8,102.5,17.95287712420538,13.985617370216074,0.8509090544722275,286
1029.0,1030.0,62.3,39.8,101.0,17.95534171721771,14.28556032815591,0.8444276241416538,286
1020.0,1024.0,63.8,39.8,101.0,17.957248621766976,14.178769534009437,0.8319003623598249,286
1020.0,1021.0,63.8,39.8,101.0,17.959504694778605,14.052478240109876,0.8170855334807188,286
1023.0,1018.0,63.8,39.8,102.5,17.960862333069937,14.072999717788791,0.8315379582828173,286
1023.0,1021.0,65.3,39.8,104.0,17.96156549765765,14.188269032752698,0.8444725675149988,286
1026.0,1030.0,65.3,39.8,104.0,17.961636580157005,14.237777867223368,0.8644199205161532,286
1026.0,1027.0,65.3,39.8,104.0,17.969254217029974,14.182672165300264,0.8496404271040812,286
1029.0,1018.0,64.6,39.8,105.5,17.973576101072876,14.913164094063093,0.8659557643036868,286
1020.0,1027.0,65.3,39.8,102.5,17.99332298050446,14.16929938578603,0.8496333311773461,286
1023.0,1018.0,64.6,39.8,104.0,18.008685233438246,14.215561929844329,0.8411958854416647,286
1017.0,1027.0,65.3,39.8,104.0,18.01203847229697,14.1853234188876,0.8603987615849932,286
1029.0,1030.0,62.3,38.3,107.0,18.016511648531832,15.162489836479175,0.8698754607064674,286
1026.0,1021.0,64.6,39.8,104.0,18.016976018290993,14.132287544591437,0.8445130327436138,286
1020.0,1021.0,64.6,39.8,102.5,18.018247978940362,14.041819458154267,0.827488788502152,286
1026.0,1018.0,62.3,38.3,107.0,18.02090114499536,15.10463361496122,0.8624348447153267,286
1029.0,1027.0,62.3,39.8,101.0,18.023062622838996,14.142293227599506,0.8319355101120234,286
1029.0,1018.0,62.3,39.8,101.0,18.024257572049194,14.399460250551554,0.8345282529264189,286
1017.0,1018.0,63.8,39.8,107.0,18.024264315160938,14.445585498730685,0.8476426107127781,286
1023.0,1030.0,62.3,38.3,105.5,18.025781699551246,14.742434022573399,0.8660034645352023,286
1026.0,1027.0,62.3,39.8,101.0,18.026831519776056,14.307868231148488,0.8236521559135955,286
1029.0,1030.0,65.3,39.8,105.5,18.02774723128233,14.553012764622025,0.8701487405423431,286
1017.0,1030.0,63.8,39.8,101.0,18.030055582717374,14.442433274764149,0.8497777171754485,286
1017.0,1030.0,65.3,39.8,101.0,18.03390745065393,14.671659611523372,0.8563372830476645,286
1017.0,1024.0,63.0,39.8,102.5,18.03507314638667,14.178775084358444,0.8297165844850356,286
1029.0,1024.0,65.3,39.8,105.5,18.038477781342007,14.72777525056694,0.8638383466822487,286
1029.0,1021.0,65.3,39.8,107.0,18.03916171869434,15.311750835421885,0.8777273090422952,286
1017.0,1024.0,64.6,39.8,102.5,18.039777110540363,14.083026932030998,0.833888109117061,286
1026.0,1018.0,65.3,39.8,107.0,18.043113927404704,15.152577989586984,0.8657235025211737,286
1026.0,1024.0,64.6,39.8,101.0,18.043753334431695,14.104675446710724,0.833790540733749,286
1023.0,1024.0,65.3,39.8,102.5,18.04568179543642,14.162964456163985,0.8434202754132445,286
1020.0,1030.0,63.0,38.3,107.0,18.046790083886957,14.86527856936335,0.8723426108878565,286
1026.0,1030.0,63.8,39.8,102.5,18.04964572051832,14.287759231554157,0.8493084750876211,286
1023.0,1030.0,64.6,39.8,102.5,18.050497742047305,14.180073865727636,0.8535036216360607,286
1023.0,1018.0,65.3,39.8,107.0,18.06051813388987,14.91087006948887,0.8595980031684958,286
1029.0,1018.0,62.3,38.3,107.0,18.06365072168104,15.28329320575711,0.8650201540259406,286
1020.0,1018.0,64.6,39.8,101.0,18.06893957588802,13.764010018173545,0.8186644633579293,286
1029.0,1027.0,62.3,38.3,105.5,18.07002279202875,15.01022723506701,0.858443772851594,286
1029.0,1021.0,63.0,39.8,101.0,18.073273955316047,14.332601884893126,0.8373670759331967,286
1017.0,1024.0,62.3,38.3,107.0,18.074380954127296,14.72195443561089,0.8577766887438415,286
1023.0,1030.0,65.3,39.8,104.0,18.07673048958339,14.216060162766178,0.8646281927386928,286
1026.0,1018.0,64.6,39.8,104.0,18.080824615344582,14.403043993788005,0.8412564315647274,286
1029.0,1027.0,65.3,39.8,105.5,18.08436967526217,14.61088226777196,0.857921315813257,286
1020.0,1021.0,62.3,38.3,105.5,18.08624057910792,14.42853282773178,0.8489684664362724,286
1026.0,1030.0,63.0,39.8,101.0,18.0878703277989,14.376339378083037,0.8415119808148757,286
1020.0,1030.0,65.3,39.8,104.0,18.09162237973499,14.152009960516711,0.8629680695760974,286
1017.0,1021.0,64.6,39.8,105.5,18.092709002874898,14.201242464365764,0.8449258471851172,286
1023.0,1030.0,63.0,39.8,101.0,18.094027747281753,14.34426588581441,0.8402100965242372,286
1017.0,1024.0,63.8,39.8,102.5,18.096733349186746,14.148855066683419,0.8310451395018277,286
1023.0,1018.0,62.3,38.3,107.0,18.10651707425881,14.78535684196912,0.8563069349915825,286
1017.0,1024.0,65.3,39.8,104.0,18.111903668696538,14.14673489132866,0.8457235003710969,286
1026.0,1024.0,63.8,39.8,101.0,18.11251010545839,14.194030214387363,0.8276870929981652,286
1026.0,1021.0,63.8,39.8,101.0,18.119246170064432,14.120364370218136,0.8291568324827953,286
1026.0,1024.0,63.0,38.3,107.0,18.127436697527628,15.223042254029265,0.8521603277988162,286
1029.0,1021.0,64.6,39.8,104.0,18.13407839713428,14.558801042301251,0.8554145528422439,286
1026.0,1024.0,62.3,38.3,105.5,18.135649314165793,14.77616841443772,0.8358004753197191,286
1029.0,1024.0,64.6,39.8,102.5,18.136090311383473,14.284608588474898,0.8458058349893783,286
1026.0,1021.0,62.3,38.3,105.5,18.136441838483815,14.929436305971898,0.8453995847816349,286
1017.0,1021.0,65.3,39.8,107.0,18.14198027684608,14.530269105750538,0.8596410250332766,286
1029.0,1030.0,63.0,39.8,101.0,18.145454381264788,14.291074269310846,0.8434854530945355,286
1029.0,1018.0,63.0,39.8,101.0,18.14568937387683,14.494562910750606,0.8349959046193791,286
1029.0,1018.0,63.8,39.8,102.5,18.14685080373455,14.575129115113903,0.8442592637156782,286
1017.0,1027.0,62.3,38.3,105.5,18.147798809356033,14.486816540684625,0.8592543877922848,286
1023.0,1018.0,65.3,39.8,105.5,18.148005411036472,14.618154625900802,0.849869026553577,286
1020.0,1021.0,65.3,39.8,102.5,18.148880406641872,14.160988600605508,0.8293387729698276,286
1029.0,1027.0,63.0,39.8,101.0,18.149865294717852,14.149154161453362,0.8310273533325846,286
1029.0,1021.0,65.3,39.8,105.5,18.150811972951296,15.035410886387421,0.8679497990589945,286
1026.0,1018.0,65.3,39.8,105.5,18.161712654400944,14.90473438272754,0.8562981359028259,286
1026.0,1030.0,62.3,38.3,105.5,18.165649407841293,14.865266309729295,0.8589378986423677,286
1026.0,1021.0,65.3,39.8,102.5,18.16605621419657,14.20622263400262,0.8392092768230521,286
1023.0,1030.0,63.8,39.8,101.0,18.168099116998324,14.392118977485183,0.8447201420678684,286
1023.0,1027.0,65.3,39.8,101.0,18.16980160479895,14.253718128546598,0.8309770039632675,286
1026.0,1027.0,64.6,39.8,102.5,18.171073455172188,14.313000281256885,0.8347203610637532,286
1017.0,1030.0,64.6,39.8,101.0,18.1726935440965,14.660621517121625,0.8513414841827688,286
1017.0,1030.0,63.0,38.3,104.0,18.173925538352794,14.426127830078737,0.8635544195989384,286
1020.0,1030.0,64.6,39.8,102.5,18.183502553688903,14.311206383655652,0.855033990642952,286
1017.0,1021.0,63.0,39.8,101.0,18.184601903610407,14.372724673487733,0.8167675239943825,286
1023.0,1021.0,62.3,38.3,105.5,18.187095640242514,14.705260390860168,0.8433095585756218,286
1020.0,1027.0,62.3,38.3,105.5,18.193780599217806,14.591922713980232,0.8494930179055841,286
1026.0,1030.0,64.6,39.8,102.5,18.20164912048144,14.326672254237883,0.8517075389043571,286
1017.0,1027.0,64.6,39.8,102.5,18.20368807032304,14.482430566525961,0.8462989092277025,286
1029.0,1021.0,62.3,38.3,107.0,18.205556484860633,15.585325416666702,0.8667560345247498,286
1020.0,1024.0,65.3,39.8,102.5,18.21021536892745,14.25353045000971,0.8388219926095323,286
1026.0,1027.0,63.0,39.8,101.0,18.210240894365477,14.403964143976214,0.8242567172274124,286
1029.0,1030.0,64.6,39.8,102.5,18.211524080722736,14.191949646685222,0.8511247329964288,286
1020.0,1024.0,62.3,38.3,107.0,18.22284533427732,14.978046896694885,0.854355277457675,286
1020.0,1024.0,64.6,39.8,101.0,18.22370598023264,14.374062905398898,0.8303369667658853,286
1026.0,1018.0,62.3,38.3,105.5,18.227469871649006,14.939373928708198,0.8495957438789592,286
1026.0,1027.0,62.3,38.3,105.5,18.231162104329965,14.956330027941544,0.843839631545101,286
1029.0,1018.0,64.6,39.8,104.0,18.23192043539526,14.831800703165383,0.8546409589164439,286
1026.0,1021.0,63.0,38.3,107.0,18.233428747249324,15.404345823925429,0.8574111172106128,286
1023.0,1024.0,64.6,39.8,101.0,18.235349435507338,14.347544893042224,0.8343708073715789,286
1023.0,1021.0,65.3,39.8,102.5,18.239388436129094,14.307357010963203,0.8346500115978149,286
1026.0,1027.0,63.0,38.3,105.5,18.24135150529543,14.937816941988048,0.8421216558329753,286
1023.0,1021.0,64.6,39.8,101.0,18.243542787345767,14.287957531164727,0.8257922201766652,286
1023.0,1018.0,62.3,38.3,105.5,18.246585734997957,14.598481698051655,0.844137721194544,286
1029.0,1024.0,63.8,39.8,101.0,18.24999504332088,14.26848810224986,0.8368964954346332,286
1017.0,1018.0,63.0,39.8,102.5,18.257213876748413,14.055772332058012,0.8154295196912823,286
1020.0,1030.0,63.0,38.3,105.5,18.27213362586756,14.664905378735966,0.8635501831148004,286
1029.0,1021.0,63.8,39.8,101.0,18.274344141280334,14.445491810681768,0.8378983367518689,286
1029.0,1018.0,62.3,38.3,105.5,18.27475319434585,15.136597771298394,0.8536167867737964,286
1023.0,1024.0,62.3,38.3,107.0,18.282002701050274,15.18171975090989,0.8555192533633951,286
1017.0,1024.0,62.3,38.3,105.5,18.28707200369374,14.653875711106146,0.8480658214817208,286
1026.0,1024.0,65.3,39.8,101.0,18.28752396883648,14.302161988349045,0.8337449407709139,286
1029.0,1024.0,65.3,39.8,104.0,18.294021959166134,14.573188862147227,0.8532633629991149,286
1023.0,1018.0,63.0,38.3,107.0,18.295572587032424,14.973006492126041,0.8604786937322543,286
1026.0,1027.0,63.8,39.8,101.0,18.295625771524207,14.457896014680033,0.8252369666866771,286
1029.0,1027.0,64.6,39.8,102.5,18.29734444321889,14.227548106740688,0.8379664046037255,286
1020.0,1027.0,64.6,39.8,101.0,18.29861495359915,14.372713663042674,0.8336432790043232,286
1023.0,1027.0,62.3,38.3,105.5,18.30153660817673,14.780347615555021,0.8421139869986627,286
1029.0,1024.0,62.3,38.3,107.0,18.303907100628805,15.567442438815483,0.8595029434930477,286
1017.0,1030.0,63.8,38.3,107.0,18.303959489316917,15.160685747509449,0.8793628159084217,286
1023.0,1018.0,64.6,39.8,102.5,18.304366341242826,14.322674694543789,0.8311506162077289,286
1017.0,1021.0,63.8,39.8,102.5,18.307462423933224,14.10784252617283,0.8223406899806095,286
1023.0,1027.0,63.0,38.3,107.0,18.30786374790842,15.390070870715876,0.8605486461010813,286
1023.0,1018.0,65.3,39.8,104.0,18.310924327083608,14.495561241511464,0.8399045141671293,286
1017.0,1018.0,63.8,39.8,105.5,18.311246335425242,14.412709377380684,0.8337386030935583,286
1026.0,1027.0,65.3,39.8,102.5,18.312324296692363,14.354301978668534,0.8386239044553158,286
1029.0,1018.0,65.3,39.8,107.0,18.315142125258358,15.631823618720054,0.8735083784043111,286
1017.0,1027.0,65.3,39.8,102.5,18.315195881771825,14.49334881347464,0.8496027752909794,286
1029.0,1030.0,62.3,38.3,105.5,18.32344186999296,15.041809256285957,0.8593972123941054,286
1029.0,1030.0,65.3,39.8,104.0,18.324741465961235,14.510263465650928,0.8593790990403867,286
1029.0,1018.0,63.0,38.3,107.0,18.326023496662586,15.55425027637202,0.8591905976319197,286
1026.0,1030.0,65.3,39.8,102.5,18.32795984325725,14.396430641496288,0.8532866558278278,286
1020.0,1030.0,63.8,39.8,101.0,18.329612292624823,14.519800248426442,0.8454349789569955,286
1026.0,1018.0,65.3,39.8,104.0,18.33085662503306,14.7480716465371,0.8461278538417076,286
1017.0,1027.0,63.0,38.3,107.0,18.332041869316992,15.084860511393268,0.8680581213821525,286
1017.0,1021.0,65.3,39.8,105.5,18.333423244441065,14.30236082616512,0.8477153660705533,286
1017.0,1024.0,62.3,39.8,101.0,18.335725071782942,14.658855893963153,0.8192822796937458,286
1020.0,1030.0,62.3,38.3,102.5,18.336718801950155,14.395875854409987,0.8513400291662091,286
1020.0,1018.0,62.3,39.8,101.0,18.337038320616966,14.287056824718626,0.8037791362657207,286
1020.0,1021.0,64.6,39.8,101.0,18.337710142333687,14.305405276242928,0.8163828461058303,286
1020.0,1018.0,65.3,39.8,107.0,18.338095116231074,14.914625105429096,0.854963737051112,286
1020.0,1021.0,62.3,38.3,104.0,18.345251345230686,14.430688422886961,0.8360386602622123,286
1020.0,1027.0,65.3,39.8,101.0,18.352104906720548,14.493143985010796,0.8391498854329548,286
1026.0,1018.0,63.8,39.8,101.0,18.35252251227417,14.421340035787512,0.823911906982398,286
1029.0,1027.0,63.8,39.8,101.0,18.363101315725956,14.260124160461089,0.8303707301663145,286
1029.0,1021.0,65.3,39.8,104.0,18.369443816767394,14.8735072438762,0.8567828645006407,286
1029.0,1027.0,65.3,39.8,104.0,18.37189926247376,14.51717945541767,0.8460901787721491,286
1026.0,1024.0,63.0,38.3,105.5,18.377400956239825,15.06823010292371,0.8383529857019698,286
1026.0,1018.0,64.6,39.8,102.5,18.383435950165204,14.491898383993455,0.8309182615848781,286
1023.0,1024.0,65.3,39.8,101.0,18.385226242543716,14.419786140566792,0.8331861668863499,286
1017.0,1021.0,64.6,39.8,104.0,18.38978581796485,14.292877839256292,0.832025627064329,286
1026.0,1021.0,64.6,39.8,102.5,18.39756222825833,14.300026603335285,0.8333686993329257,286
1029.0,1027.0,63.0,38.3,107.0,18.40005966645884,15.700638267749817,0.8676198938278005,286
1017.0,1024.0,65.3,39.8,102.5,18.400391693654974,14.400546741503915,0.8347736574388074,286
1026.0,1021.0,63.0,38.3,105.5,18.405136190983573,15.243085010278795,0.8458228725476225,286
1017.0,1024.0,64.6,39.8,101.0,18.407940672896377,14.462814561666248,0.8229027134135155,286
1017.0,1027.0,62.3,38.3,104.0,18.413060171299236,14.570604328377199,0.8500954124213284,286
1026.0,1021.0,62.3,36.8,104.0,18.417866308099274,15.46388167202477,0.8524949351016067,282
1023.0,1030.0,62.3,38.3,104.0,18.42969261876339,14.880406136272821,0.8554909994458938,286
1017.0,1030.0,62.3,38.3,101.0,18.432135164667613,14.687204172590494,0.8463778919187562,286
1020.0,1030.0,65.3,39.8,102.5,18.437183277860118,14.454527386713558,0.8534640610052805,286
1023.0,1030.0,65.3,39.8,102.5,18.438780605289196,14.462840246594386,0.8544602331122112,286
1023.0,1018.0,63.8,39.8,101.0,18.445420546875003,14.39715462482651,0.8202244218062171,286
1020.0,1021.0,65.3,39.8,101.0,18.445545143963347,14.376273583937753,0.8181689109171695,286
1026.0,1021.0,62.3,36.8,105.5,18.448048636290775,15.786825465926563,0.8607675776036159,282
1029.0,1018.0,65.3,39.8,105.5,18.449504048891292,15.409087688619152,0.8633097453581067,286
1026.0,1030.0,63.0,38.3,107.0,18.454793265129293,15.594261113544633,0.8720001410132441,286
1029.0,1027.0,62.3,38.3,104.0,18.456920468419064,15.03419356918575,0.847538991903597,286
1020.0,1018.0,65.3,39.8,105.5,18.457011457255614,14.644776660855761,0.8427522779384886,286
1017.0,1030.0,63.8,38.3,105.5,18.46199773496131,14.920505591861433,0.869606566397078,286
1029.0,1021.0,62.3,38.3,105.5,18.474809090187847,15.487523072415062,0.8562300881813097,286
1017.0,1030.0,63.0,38.3,102.5,18.47646894899788,14.609916263453256,0.853648830208062,286
1026.0,1018.0,62.3,38.3,104.0,18.477438710997717,14.856985770302876,0.8367101810126832,286
1023.0,1030.0,64.6,39.8,101.0,18.478442090891612,14.570275296101165,0.8440827839850249,286
1029.0,1018.0,63.0,38.3,105.5,18.479170824725287,15.36746020777652,0.8470609557244512,286
1029.0,1030.0,63.8,39.8,101.0,18.479434098050916,14.413895751563958,0.8405478881528984,286
1023.0,1021.0,62.3,38.3,104.0,18.48038000857775,14.72024379857728,0.8331224595005049,286
1023.0,1018.0,63.0,38.3,105.5,18.48669305265045,14.737476387317,0.8465211843309124,286
1026.0,1024.0,62.3,36.8,105.5,18.487592919686627,15.725112064525973,0.8516013205346988,286
1023.0,1021.0,63.0,38.3,107.0,18.489652208185884,15.341814391009553,0.8573632771944933,286
1026.0,1024.0,62.3,36.8,107.0,18.49743026725247,16.054141260679476,0.8600663402854531,286
1026.0,1021.0,65.3,39.8,101.0,18.500767288060477,14.456022740705457,0.8296519299099674,286
1029.0,1021.0,64.6,39.8,102.5,18.501830433128763,14.620754073073924,0.8433562480030105,286
1020.0,1021.0,63.0,38.3,107.0,18.504426619340432,15.024481002286631,0.8563483769045099,286
1023.0,1018.0,62.3,38.3,104.0,18.506288428115955,14.583369285091019,0.8309175372204453,286
1026.0,1021.0,62.3,38.3,104.0,18.508873990850464,14.944969611162048,0.8323179777798535,286
1026.0,1018.0,63.0,38.3,107.0,18.513361070398382,15.588527381995958,0.8596413348760582,286
1029.0,1030.0,63.0,38.3,107.0,18.51416982636395,15.609959610896201,0.8683240549458311,286
1020.0,1024.0,62.3,38.3,105.5,18.524310626183677,14.88387919926941,0.8425217499884157,286
1026.0,1030.0,62.3,38.3,104.0,18.527719233118084,14.913417952525242,0.8486526283735317,286
1026.0,1027.0,63.8,38.3,107.0,18.533679889937208,15.66167022527107,0.8559576664518239,286
1026.0,1024.0,62.3,38.3,104.0,18.535610518420192,14.802857151333136,0.8217852582266993,286
1029.0,1024.0,63.0,38.3,107.0,18.538021625604056,15.804636167653374,0.8587968694530437,286
1023.0,1018.0,65.3,39.8,102.5,18.542794347842335,14.533086606913297,0.8300422454296794,286
1023.0,1030.0,63.0,38.3,107.0,18.544966362571753,15.52968034029802,0.8697441427148829,286
1020.0,1018.0,62.3,38.3,107.0,18.548607851531038,15.091178746981148,0.847993352297961,286
1026.0,1024.0,62.3,36.8,104.0,18.55375819325762,15.435480544479825,0.8441865361429772,286
1029.0,1018.0,64.6,39.8,102.5,18.55543516172553,14.912264103665583,0.8431885675232078,286
1017.0,1027.0,63.0,38.3,105.5,18.556733728119976,14.912018298303357,0.8582856636084869,286
1029.0,1018.0,63.8,39.8,101.0,18.556999732806567,14.806213711831417,0.8327574416699606,286
1020.0,1024.0,65.3,39.8,101.0,18.558033377864227,14.564783433047467,0.8274056339202039,286
1026.0,1030.0,63.8,39.8,101.0,18.55974536976423,14.709365493314627,0.8373689315688848,286
1029.0,1024.0,64.6,39.8,101.0,18.56151556658574,14.572729553254932,0.8363193768125468,286
1017.0,1024.0,62.3,38.3,104.0,18.56263988911933,14.758352592838028,0.8377109157505825,286
1026.0,1021.0,62.3,36.8,102.5,18.562755527643578,15.27884525869022,0.843244608384124,282
1023.0,1021.0,65.3,39.8,101.0,18.568440053785533,14.546624513191128,0.8236411957622498,286
1020.0,1030.0,63.0,38.3,104.0,18.574226049332697,14.69161465329527,0.854904140782877,286
1020.0,1027.0,62.3,38.3,104.0,18.57425728294704,14.709846604815997,0.8369206261744863,286
1029.0,1018.0,62.3,38.3,104.0,18.57433468843964,15.040440953424623,0.8402484604976032,286
1023.0,1024.0,62.3,38.3,105.5,18.57706221904189,15.077538305780699,0.8438299778365352,286
1017.0,1024.0,63.8,39.8,101.0,18.577431889954813,14.623207311168844,0.8191068704521683,286
1023.0,1024.0,63.0,38.3,107.0,18.58744118971947,15.555823163990388,0.8568138176695119,286
1017.0,1021.0,65.3,39.8,104.0,18.59294474124389,14.33128655319651,0.8345442027972264,286
1023.0,1027.0,63.0,38.3,105.5,18.59448732249241,15.277266392164432,0.8483505988717518,286
1017.0,1018.0,64.6,39.8,107.0,18.595052465437828,15.004337953656801,0.848541286214062,286
1026.0,1018.0,65.3,39.8,102.5,18.60109478906947,14.795058516278278,0.8354804888390406,286
1017.0,1024.0,63.0,39.8,101.0,18.60357693393316,14.738196050544357,0.817125294893636,286
1026.0,1024.0,63.8,38.3,107.0,18.60758158199069,15.715953306120873,0.8518224192230501,286
1029.0,1021.0,62.3,36.8,105.5,18.614034277192776,16.23479962733092,0.8638590189348127,286
1026.0,1027.0,64.6,39.8,101.0,18.621838629719623,14.67573450240215,0.8234438451559782,286
1020.0,1018.0,65.3,39.8,104.0,18.62249134340736,14.537335588902355,0.8297751665225565,286
1026.0,1021.0,62.3,36.8,107.0,18.622787080946715,16.18864013353245,0.8677728481994385,282
1017.0,1027.0,63.8,38.3,107.0,18.628375580517815,15.590786671382887,0.8705446697084953,286
1029.0,1024.0,65.3,39.8,102.5,18.63728969893336,14.656004774314608,0.8429209783064124,286
1026.0,1027.0,63.0,38.3,104.0,18.63836602930405,14.957528160493773,0.8291603942775251,286
1029.0,1018.0,65.3,39.8,104.0,18.64025268725246,15.224650765227398,0.8525425452210622,286
1020.0,1030.0,64.6,39.8,101.0,18.640675886891476,14.752099098577247,0.8449303625166179,286
1017.0,1021.0,62.3,38.3,107.0,18.64225276137656,15.007837600914893,0.8499374195212349,286
1029.0,1030.0,64.6,39.8,101.0,18.648863010550667,14.51422831277863,0.8413586815182401,286
1017.0,1030.0,63.8,38.3,104.0,18.648955240865405,14.783168769226627,0.8604976757799532,286
1029.0,1027.0,63.0,38.3,105.5,18.652732650539978,15.53139504307748,0.854928354188308,286
1029.0,1021.0,62.3,36.8,104.0,18.654596044624657,15.921962768079272,0.8560328703532171,286
1020.0,1021.0,63.0,38.3,105.5,18.657403011322426,14.821021808491432,0.8442884692507469,286
1017.0,1018.0,63.8,39.8,104.0,18.660674285350545,14.493769291705442,0.8195598962832106,286
1026.0,1030.0,64.6,39.8,101.0,18.66777758248088,14.703373255847385,0.8410635379102925,286
1026.0,1021.0,63.0,38.3,104.0,18.66955547050141,15.151054713570076,0.833834659183874,286
1020.0,1021.0,62.3,38.3,102.5,18.670211712863605,14.525242879460484,0.8223834016413224,286
1029.0,1021.0,62.3,36.8,107.0,18.67447194049831,16.587026423629975,0.8714246217110091,286
1029.0,1021.0,65.3,39.8,102.5,18.6757956317133,14.892462415567616,0.8449880411000515,286
1017.0,1027.0,64.6,39.8,101.0,18.686960614791722,14.968394997756548,0.8345444935180891,286
1026.0,1027.0,62.3,38.3,104.0,18.68706324644466,15.09469359133344,0.8311316636378362,286
1020.0,1024.0,63.0,38.3,107.0,18.687732199035626,15.507331767443779,0.8563530464271767,286
1029.0,1024.0,62.3,38.3,105.5,18.690853284585078,15.538437988433431,0.8454797985123474,286
1023.0,1018.0,63.0,38.3,104.0,18.69348528486459,14.636726376596519,0.8332084937186408,286
1023.0,1018.0,64.6,39.8,101.0,18.694642635650347,14.576065157662493,0.8208211924367128,286
1029.0,1021.0,63.0,38.3,107.0,18.700251855943847,16.019197787922575,0.8635064499080733,286
1026.0,1027.0,65.3,39.8,101.0,18.705602851022096,14.636671588281239,0.8288372483553553,286
1029.0,1030.0,62.3,38.3,104.0,18.710302851182256,15.04803566113393,0.8482086157075419,286
1026.0,1018.0,63.0,38.3,105.5,18.72090973736647,15.40331428477866,0.8465747616096987,286
1026.0,1024.0,62.3,36.8,102.5,18.72239202126149,15.270265121322211,0.8372891395890907,286
1023.0,1021.0,63.0,38.3,105.5,18.724278442380133,15.184845259905385,0.8450975305739782,286
1029.0,1030.0,65.3,39.8,102.5,18.724758594363742,14.655063975082202,0.8489410657327319,286
1023.0,1024.0,62.3,36.8,107.0,18.72799261054484,16.244284605204502,0.876140286610989,282
1017.0,1027.0,65.3,39.8,101.0,18.728303233101197,14.908890415369802,0.838159248310235,286
1026.0,1021.0,62.3,36.8,101.0,18.729704370000405,15.170998546275936,0.8342289792050526,282
1023.0,1027.0,62.3,36.8,107.0,18.730700420682545,16.260078549510595,0.865572115650524,286
1017.0,1024.0,65.3,39.8,101.0,18.74637161415367,14.757828504225134,0.8239858260247951,286
1026.0,1030.0,63.0,38.3,105.5,18.74768249671865,15.434877844895613,0.8603941135439821,286
1023.0,1027.0,62.3,38.3,104.0,18.749054414712553,14.950010053614756,0.8304019028501192,286
1017.0,1018.0,63.0,39.8,101.0,18.74980550933585,14.496696031563104,0.7998149576642034,286
1020.0,1030.0,62.3,38.3,101.0,18.752477068928048,14.705901642322663,0.8421040544517079,286
1023.0,1024.0,62.3,36.8,105.5,18.754331841011517,15.958124236878975,0.8682835254935463,282
1029.0,1027.0,65.3,39.8,102.5,18.755327375406953,14.639736167888271,0.8345479262788414,286
1029.0,1027.0,63.8,38.3,107.0,18.75974617680694,16.074786000277857,0.866627441316508,286
1017.0,1021.0,63.8,39.8,101.0,18.761108224011355,14.544685105106163,0.8099930665997158,286
1029.0,1030.0,63.0,38.3,105.5,18.763431605434963,15.437651837874407,0.8580455437964761,286
1026.0,1018.0,64.6,39.8,101.0,18.764701729518027,14.70783898174439,0.8204219542543955,286
1029.0,1027.0,64.6,39.8,101.0,18.765080262916083,14.52310815710917,0.8270308560765657,286
1017.0,1027.0,62.3,38.3,102.5,18.769047971204138,14.76172627059776,0.8405266617822023,286
1020.0,1027.0,63.0,38.3,107.0,18.770233416713488,15.566933037480226,0.855361546357738,286
1026.0,1030.0,65.3,39.8,101.0,18.771791570847046,14.748579725222088,0.8422298172170573,286
1026.0,1024.0,63.0,38.3,104.0,18.776008619462967,15.035022558883087,0.8234536760334035,286
1017.0,1027.0,63.8,38.3,105.5,18.776388785217442,15.360963977660342,0.8612612444295561,286
1023.0,1030.0,63.0,38.3,105.5,18.78100407116766,15.321853601977452,0.8592049536773084,286
1017.0,1024.0,63.0,38.3,107.0,18.782978609381896,15.258395774311062,0.8547867724681402,286
1023.0,1018.0,62.3,38.3,102.5,18.787035288154577,14.625785213525067,0.8186576710561485,286
1017.0,1021.0,64.6,39.8,102.5,18.788718419076282,14.573835929795315,0.8185784851838419,286
1029.0,1018.0,63.0,38.3,104.0,18.79146220895679,15.246253897193357,0.8324575857313838,286
1017.0,1027.0,63.0,38.3,104.0,18.79208572683154,14.877909799659296,0.8487682416141037,286
1020.0,1030.0,65.3,39.8,101.0,18.793003004212146,14.839440352002928,0.8443982085514311,286
1017.0,1018.0,62.3,38.3,107.0,18.794619307965984,15.086970940237887,0.8450903152639324,286
1017.0,1027.0,62.3,36.8,107.0,18.79613072479289,15.908723753926274,0.8771581160736996,286
1023.0,1024.0,62.3,36.8,104.0,18.79813381215355,15.65732964789525,0.8599310404842595,282
1029.0,1024.0,63.0,38.3,105.5,18.804643808769214,15.685924377784835,0.8459215198112248,286
1020.0,1018.0,62.3,38.3,105.5,18.80493938418118,15.000035427139588,0.8336701552670972,286
1026.0,1027.0,63.8,38.3,105.5,18.804994663178753,15.546454639653767,0.8424829091545178,286
1029.0,1021.0,62.3,36.8,102.5,18.805070527608358,15.672195193931898,0.8466191185576003,286
1023.0,1024.0,63.0,38.3,105.5,18.80608266243021,15.388853646136191,0.8454796804952052,286
1029.0,1024.0,62.3,36.8,107.0,18.811127446517098,16.597378808315266,0.8603186349526165,286
1017.0,1027.0,62.3,36.8,105.5,18.811211229459598,15.589180111084836,0.8695766706040756,286
1029.0,1024.0,62.3,36.8,105.5,18.816229595006163,16.254991035781078,0.8509479928539803,286
1026.0,1018.0,62.3,36.8,104.0,18.82132218392928,15.780236906200194,0.852276801719111,282
1026.0,1018.0,62.3,38.3,102.5,18.826255653198107,14.916317068693594,0.8240654612152889,286
1026.0,1024.0,63.8,38.3,105.5,18.82906469835658,15.575306981006722,0.8386560103819193,286
1029.0,1030.0,63.8,38.3,107.0,18.83308749605319,15.9725679487747,0.8688975065820943,286
1023.0,1027.0,63.8,38.3,107.0,18.83483835824349,15.874967312957194,0.8599293306837461,286
1020.0,1018.0,63.0,38.3,107.0,18.840937591309206,15.360005334843615,0.8469669024957786,286
1026.0,1021.0,64.6,39.8,101.0,18.844128568031767,14.59891754635634,0.8226852150566977,286
1017.0,1018.0,64.6,39.8,105.5,18.845272014078848,14.895452991127001,0.8340137983174525,286
1023.0,1018.0,65.3,39.8,101.0,18.847766029126134,14.71888119500517,0.8203625507317552,286
1023.0,1027.0,62.3,36.8,105.5,18.848884211176497,16.06253800246335,0.8556359395324996,286
1017.0,1030.0,63.0,38.3,101.0,18.852024100334543,14.91833417064162,0.8437083533594242,286
1026.0,1027.0,62.3,36.8,107.0,18.854666068309687,16.423198209788286,0.8614038705545648,286
1017.0,1021.0,62.3,38.3,105.5,18.854753597529573,14.930966787971661,0.8372422492661777,286
1017.0,1024.0,62.3,38.3,102.5,18.85727779204983,14.948159104260613,0.8281438703415052,286
1023.0,1021.0,62.3,38.3,102.5,18.859482967770763,14.840438509314216,0.8228421138707304,286
1023.0,1021.0,62.3,36.8,104.0,18.868932841608892,15.786440850473987,0.8555963465175469,282
1029.0,1021.0,62.3,38.3,104.0,18.8695146760866,15.464274291938,0.8434591334035287,286
1017.0,1030.0,64.6,38.3,107.0,18.876014828006774,15.784361239692888,0.8769669687891859,286
1017.0,1027.0,62.3,36.8,104.0,18.877841663756406,15.3319283071831,0.8618326794944119,286
1029.0,1027.0,62.3,38.3,102.5,18.878503814834,15.209973505805287,0.8357267128182495,286
1026.0,1018.0,62.3,36.8,105.5,18.881644930156295,16.168017107647362,0.8627385310500247,282
1023.0,1030.0,62.3,38.3,102.5,18.88356691812376,15.13720429087997,0.8450527980853849,286
1020.0,1021.0,63.0,38.3,104.0,18.883700762313715,14.769517278941901,0.8312035663113905,286
1020.0,1024.0,62.3,36.8,107.0,18.887113710957532,16.317263381188546,0.873942870085708,286
1020.0,1018.0,65.3,39.8,102.5,18.88784946479652,14.581296179825745,0.8159313163852877,286
1023.0,1030.0,65.3,39.8,101.0,18.889294886209363,14.861792077635652,0.8440885930087297,286
1020.0,1024.0,62.3,38.3,104.0,18.893169241761015,14.947878068530665,0.8304506468095975,286
1026.0,1018.0,62.3,36.8,102.5,18.902265439879226,15.516915582368492,0.8416654635544242,282
1023.0,1021.0,62.3,36.8,102.5,18.904453287263728,15.542311446578724,0.8475377293030834,282
1023.0,1021.0,62.3,36.8,105.5,18.906828584164312,16.121189016569012,0.8622716127228249,282
1020.0,1030.0,63.8,38.3,107.0,18.908376738041845,15.75733696390306,0.8660840537177209,286
1029.0,1021.0,63.0,38.3,105.5,18.90947720818793,15.8899807631512,0.8521421555898023,286
1020.0,1024.0,62.3,36.8,104.0,18.912508596036965,15.677950904979049,0.8556490226086892,286
1029.0,1018.0,64.6,39.8,101.0,18.9151594286494,15.077477093740539,0.8317300268120148,286
1020.0,1024.0,62.3,36.8,105.5,18.92164128284392,16.025969363402222,0.8642288506431749,286
1029.0,1018.0,65.3,39.8,102.5,18.92234912917896,15.261469828087659,0.8412857891716412,286
1023.0,1027.0,63.0,38.3,104.0,18.92333612109401,15.268662702429614,0.837806337409766,286
1020.0,1024.0,63.0,38.3,105.5,18.928090527877,15.359134711752144,0.8447014957817005,286
1026.0,1027.0,62.3,36.8,105.5,18.930526376992294,16.154680674283814,0.8521685979364917,286
1026.0,1021.0,63.8,38.3,107.0,18.931069443135524,16.06924957183881,0.8550178954674322,286
1029.0,1027.0,63.8,38.3,105.5,18.93389984312168,15.829855836369864,0.8548501249183377,286
1017.0,1021.0,65.3,39.8,102.5,18.936655878618378,14.548429154658676,0.8210086661396595,286
1023.0,1024.0,62.3,36.8,102.5,18.94202883693662,15.475156292000698,0.8508094936004299,282
1029.0,1021.0,64.6,39.8,101.0,18.94224663626758,14.857862373097229,0.8312855228957579,286
1017.0,1030.0,63.8,38.3,102.5,18.94528025839127,14.869502923706035,0.8499432093111664,286
1020.0,1030.0,63.0,38.3,102.5,18.94769067021169,14.875994478186529,0.8452658453514994,286
1017.0,1027.0,63.8,38.3,104.0,18.948582809421666,15.183869936167987,0.8518730636825002,286
1023.0,1024.0,62.3,38.3,104.0,18.95165161798774,15.149592126736804,0.8317471610633562,286
1029.0,1018.0,62.3,38.3,102.5,18.956055990868194,15.082438269073197,0.8257490074574757,286
1026.0,1024.0,62.3,38.3,102.5,18.957412410414552,14.995211696976268,0.8096725165133355,286
1026.0,1018.0,65.3,39.8,101.0,18.960914165653314,14.993511018944856,0.8245969357771273,286
1026.0,1030.0,62.3,38.3,102.5,18.96251356539878,15.122614924235334,0.8382948086653679,286
1023.0,1018.0,63.0,38.3,102.5,18.971335085405286,14.670535643101077,0.8199646334060419,286
1026.0,1018.0,63.0,38.3,104.0,18.971855463093323,15.285627615271258,0.8331026797547825,286
1026.0,1021.0,62.3,38.3,102.5,18.98247619593281,15.144471848006672,0.8194890536101361,286
1026.0,1024.0,64.6,38.3,107.0,18.98348262764176,16.099274365819152,0.8498360817666117,286
1017.0,1030.0,64.6,38.3,105.5,18.991048185053568,15.497428172402381,0.8671657453222619,286
1023.0,1021.0,63.0,38.3,104.0,18.99147194716437,15.130303811642785,0.8333317081664746,286
1023.0,1021.0,62.3,36.8,107.0,18.99209203057096,16.452621003832522,0.8698421722392934,282
1029.0,1027.0,64.6,38.3,107.0,18.999194365258415,16.38504112771313,0.8687250049045869,286
1023.0,1018.0,63.8,38.3,107.0,19.000662187623707,15.793098724691221,0.8584699395910007,286
1029.0,1024.0,62.3,36.8,104.0,19.003577457671398,16.04424694344406,0.8394037641155133,286
1026.0,1024.0,62.3,36.8,101.0,19.00586717326713,15.228192428203087,0.8296010019276507,286
1023.0,1024.0,63.8,38.3,107.0,19.011517759782425,15.974558725252136,0.8584967379928893,286
1023.0,1021.0,62.3,36.8,101.0,19.018378788224357,15.42335068821005,0.8387629470402787,282
1029.0,1030.0,63.8,38.3,105.5,19.02001474301019,15.731326203362842,0.8587054039588548,286
1029.0,1021.0,65.3,39.8,101.0,19.02018799276309,15.096333411663,0.8337138266763645,286
1020.0,1024.0,62.3,36.8,102.5,19.022020391090408,15.483836826016711,0.8465943414204847,286
1029.0,1027.0,63.0,38.3,104.0,19.02467198424614,15.477865020169364,0.8429074873880019,286
1029.0,1021.0,62.3,36.8,101.0,19.026338086751096,15.530671747832594,0.8362690944764908,286
1029.0,1024.0,65.3,39.8,101.0,19.02724332571589,14.924864141654394,0.8334221893815191,286
1020.0,1027.0,63.0,36.8,107.0,19.028024480780253,16.322785300538495,0.8666767938839667,286
1017.0,1024.0,63.0,38.3,105.5,19.03283913092266,15.11473106171748,0.8431317955847492,286
1020.0,1021.0,62.3,38.3,101.0,19.03467249234351,14.731316990413205,0.8093656291112484,286
1020.0,1027.0,62.3,38.3,102.5,19.036742630824172,14.943041842728938,0.8253845048847496,286
1020.0,1027.0,62.3,36.8,107.0,19.04112498597889,16.316531549156405,0.862514843465654,286
1026.0,1018.0,62.3,36.8,107.0,19.04377734286373,16.59368510218448,0.8723260180991442,282
1026.0,1021.0,63.0,38.3,102.5,19.044635760176735,15.25241577959049,0.8218197034315008,286
1017.0,1018.0,62.3,38.3,105.5,19.05339195939506,14.996904134951034,0.8296376231239825,286
1023.0,1027.0,62.3,36.8,104.0,19.053695183898967,15.907375197300343,0.8462165933363809,286
1020.0,1027.0,63.0,38.3,105.5,19.05591907644457,15.438942949496802,0.8428430817925512,286
1020.0,1018.0,63.0,38.3,105.5,19.05827527098304,15.160736205478843,0.8323856580017498,286
1026.0,1027.0,63.0,38.3,102.5,19.058928498670515,15.144346955389384,0.8164795395011775,286
1026.0,1018.0,62.3,36.8,101.0,19.061619644822173,15.385509751300896,0.8307305551535066,282
1020.0,1027.0,63.8,38.3,107.0,19.065605082446726,16.029562735709398,0.8580720045526203,286
1023.0,1024.0,63.0,38.3,104.0,19.071478910163947,15.303254798129363,0.8344190680811279,286
1023.0,1027.0,63.8,38.3,105.5,19.078275844986592,15.724300626291681,0.8473625984681674,286
1017.0,1018.0,63.8,39.8,102.5,19.086341455077694,14.700744729686251,0.8042488816927658,286
1017.0,1027.0,62.3,36.8,102.5,19.091130850637157,15.253657933084476,0.852816483475785,286
1017.0,1021.0,62.3,38.3,104.0,19.09420705507446,14.93935588293815,0.8243927265769874,286
1020.0,1027.0,63.0,36.8,105.5,19.098852703617364,16.068495447592888,0.8564064618954932,286
1029.0,1030.0,63.0,38.3,104.0,19.10212248485864,15.362661962915707,0.8470273355811052,286
1026.0,1030.0,63.0,38.3,104.0,19.103876611377313,15.403320748203177,0.8498037261157251,286
1026.0,1027.0,62.3,36.8,104.0,19.109146133853095,15.920075509324144,0.8427357314147857,286
1029.0,1027.0,64.6,38.3,105.5,19.110563404082495,16.090828027383896,0.857332591783576,286
1029.0,1024.0,63.8,38.3,107.0,19.118878159876374,16.43295141330241,0.8583180017210216,286
1026.0,1021.0,63.8,38.3,105.5,19.12180813227139,15.922768608701345,0.8420811393188823,286
1017.0,1027.0,63.0,38.3,102.5,19.125425046258176,15.02299242916894,0.8387536153932146,286
1020.0,1018.0,62.3,38.3,104.0,19.125671154110904,15.047159248415076,0.8188528404409116,286
1023.0,1030.0,63.0,38.3,104.0,19.12761541965675,15.342832930477204,0.8490892047271905,286
1026.0,1030.0,63.8,38.3,107.0,19.128765952630285,16.18789848299791,0.8699708499354303,286
1029.0,1024.0,62.3,38.3,104.0,19.134500655129717,15.612632947589569,0.8324476308492517,286
1029.0,1024.0,63.0,38.3,104.0,19.137956507237927,15.63008311230666,0.8340533313181127,286
1023.0,1024.0,62.3,36.8,101.0,19.140218865543428,15.40412118855218,0.8421605288258048,282
1026.0,1030.0,62.3,36.8,107.0,19.149440454926204,16.67310712890872,0.8698900652244387,286
1026.0,1024.0,64.6,38.3,105.5,19.150992267305444,15.906957938017007,0.8374250482105469,286
1026.0,1024.0,63.8,38.3,104.0,19.15255650679326,15.475006527391868,0.8249715084390388,286
1023.0,1018.0,62.3,38.3,101.0,19.153200347773346,14.777854197947722,0.806267430614866,286
1026.0,1024.0,63.0,38.3,102.5,19.153789246065866,15.147283433788482,0.8108197111743081,286
1020.0,1030.0,64.6,38.3,107.0,19.154601003005837,16.116473880319358,0.8681575354418516,286
1020.0,1030.0,63.8,38.3,105.5,19.1552517384135,15.582072713350142,0.856176799598158,286
1017.0,1030.0,64.6,38.3,104.0,19.15561575047525,15.297782257443604,0.857560446438857,286
1020.0,1018.0,65.3,39.8,101.0,19.15623146094292,14.749710882649069,0.8038366074729496,286
1026.0,1027.0,62.3,38.3,102.5,19.15806484264322,15.348190753145662,0.8194399125661324,286
1026.0,1027.0,63.8,38.3,104.0,19.158363228339876,15.482660754499358,0.8295369663327824,286
1020.0,1027.0,62.3,36.8,105.5,19.160237616402643,16.081403829491368,0.8518594810956541,286
1017.0,1018.0,64.6,39.8,104.0,19.162970114543,14.933311061808505,0.8188071557049014,286
1023.0,1018.0,63.8,38.3,105.5,19.16512197477809,15.542482499417423,0.8438212213689326,286
1029.0,1030.0,62.3,38.3,102.5,19.167754343034012,15.257934905689734,0.8382555767966865,286
1023.0,1024.0,63.0,36.8,107.0,19.172850940470283,16.70186709460157,0.8704764485349002,286
1023.0,1030.0,63.8,38.3,107.0,19.17677450856937,16.100465797827052,0.8665485290773268,286
1029.0,1018.0,63.0,38.3,102.5,19.183190634037345,15.274405031557238,0.8179779369830201,286
1020.0,1024.0,63.8,38.3,107.0,19.184530459070828,16.089492355941456,0.860631063228433,286
1029.0,1030.0,65.3,39.8,101.0,19.186713636516657,14.987882340147758,0.8382295192537543,286
1026.0,1024.0,63.0,36.8,107.0,19.18721256559157,16.71960730689152,0.8601876255742195,286
1029.0,1027.0,62.3,36.8,107.0,19.189174255724534,16.956657647048992,0.8655876465574796,286
1029.0,1027.0,65.3,39.8,101.0,19.19227263817078,14.932193307758066,0.8233207612290958,286
1017.0,1021.0,64.6,39.8,101.0,19.199480117574673,14.958281027606361,0.8064425094016103,286
1026.0,1027.0,64.6,38.3,107.0,19.211606072255403,16.25078477632519,0.8503864103535272,286
1020.0,1024.0,62.3,36.8,101.0,19.213354198806567,15.403975690377873,0.8372233451246693,286
1017.0,1027.0,64.6,38.3,107.0,19.219362892455642,16.18488532673192,0.8683124252909263,286
1020.0,1027.0,63.0,36.8,104.0,19.22174976272813,15.801429105719508,0.8458542505851047,286
1020.0,1021.0,63.0,38.3,102.5,19.22793285790105,14.842523888488467,0.8165443935590226,286
1029.0,1027.0,63.8,38.3,104.0,19.228183010852497,15.676577906446722,0.8433723833445276,286
1020.0,1024.0,63.0,36.8,104.0,19.228929415806608,15.885425501269761,0.8549672759114513,282
1023.0,1024.0,63.8,38.3,105.5,19.229032654683877,15.822626855033397,0.8461292192970868,286
1023.0,1027.0,62.3,38.3,102.5,19.23168603808697,15.239375460713894,0.8192417911977089,286
1026.0,1024.0,63.0,36.8,105.5,19.231704886924096,16.450789638254275,0.8496470894413702,286
1029.0,1018.0,65.3,39.8,101.0,19.23339192797079,15.372589573496912,0.8299534274003416,286
1023.0,1024.0,63.0,36.8,105.5,19.233645562099166,16.48447529380965,0.8622350484984131,286
1026.0,1018.0,62.3,38.3,101.0,19.238947165215112,15.074763768004715,0.8115776715308889,286
1026.0,1024.0,63.0,36.8,104.0,19.242468650006312,16.133891284274707,0.8425198827873992,286
1023.0,1024.0,63.0,36.8,104.0,19.243670230039616,16.201948828051506,0.8542971149138324,286
1029.0,1027.0,62.3,36.8,105.5,19.245907467834346,16.651167236403893,0.8551145199827164,286
1026.0,1018.0,63.8,38.3,107.0,19.250199485922472,16.193947393329797,0.8574525326794007,286
1029.0,1021.0,63.0,38.3,104.0,19.251448579732052,15.800013272468684,0.8381181465891431,286
1020.0,1024.0,63.0,36.8,107.0,19.252868278917372,16.523777592693175,0.8740556576352579,282
1020.0,1024.0,63.0,36.8,105.5,19.25478785198682,16.2298243624922,0.8639796863870811,282
1023.0,1018.0,63.0,38.3,101.0,19.256650437863502,14.714337249215065,0.8078393314829019,286
1026.0,1030.0,62.3,36.8,105.5,19.258213389399508,16.402038285634898,0.8610069874403387,286
1020.0,1024.0,63.0,38.3,104.0,19.26165220406005,15.348590564984267,0.8323505851605408,286
1017.0,1027.0,63.8,38.3,102.5,19.26361488194241,15.244868674192915,0.8410732323582635,286
1020.0,1027.0,63.8,38.3,105.5,19.267066340528697,15.859989377351003,0.8460053641046289,286
1017.0,1024.0,62.3,38.3,101.0,19.26802173106723,15.232285430024838,0.8178674309638762,286
1023.0,1021.0,63.8,38.3,107.0,19.274754370733746,16.081366199530915,0.8510121519054243,286
1023.0,1021.0,63.0,38.3,102.5,19.278126826268032,15.16896246054182,0.8224378123017043,286
1017.0,1027.0,62.3,38.3,101.0,19.2832418409245,15.139436539068118,0.8297134413765543,286
1023.0,1027.0,63.0,36.8,107.0,19.28550042458433,16.71438431568683,0.8622833007217119,286
1029.0,1024.0,62.3,36.8,102.5,19.28573767822484,15.942667513743313,0.8287202542956876,286
1029.0,1030.0,63.8,38.3,104.0,19.286215892438054,15.564818425818684,0.8484746460146919,286
1029.0,1021.0,62.3,38.3,102.5,19.300696987965505,15.60795352105806,0.8319125632415254,286
1020.0,1030.0,64.6,38.3,105.5,19.303333166029713,15.870936318611703,0.8591719289729064,286
1017.0,1021.0,65.3,39.8,101.0,19.30456480922498,14.90078470632865,0.8086228687324343,286
1023.0,1030.0,62.3,36.8,107.0,19.307644295050068,16.606766154570497,0.8664146961035468,286
1017.0,1024.0,62.3,36.8,107.0,19.308265853101272,16.505303003598556,0.8624779906594716,286
1029.0,1027.0,64.6,38.3,104.0,19.313498080332742,15.875798988377326,0.8464819860287204,286
1029.0,1018.0,63.8,38.3,107.0,19.320261555536543,16.457133858351693,0.8502496779919145,286
1023.0,1018.0,63.8,38.3,104.0,19.322540992361017,15.317191430850809,0.8300006508511941,286
1026.0,1018.0,63.0,38.3,102.5,19.322635231036173,15.347448708493408,0.8196236399007191,286
1020.0,1024.0,63.0,36.8,102.5,19.32305355708358,15.65766666939333,0.8455937686548745,282
1023.0,1027.0,63.0,38.3,102.5,19.324799132067294,15.482624331140224,0.8270733188200388,286
1017.0,1024.0,63.0,38.3,104.0,19.325253324765562,15.152748177545316,0.8312942019053314,286
1023.0,1021.0,62.3,38.3,101.0,19.325603667531215,15.1091942376964,0.8110815448505726,286
1017.0,1027.0,62.3,36.8,101.0,19.32769107437071,15.266118936191344,0.8442888140908652,286
1020.0,1024.0,62.3,38.3,102.5,19.329846102628963,15.181588667209148,0.8188398949024812,286
1017.0,1024.0,62.3,36.8,105.5,19.334218613120797,16.219459454454697,0.8546019097261619,286
1029.0,1024.0,63.8,38.3,105.5,19.336031228085595,16.273785835875845,0.8455571056286688,286
1020.0,1027.0,62.3,36.8,104.0,19.336595401697352,15.87357522123653,0.8409587621236552,286
1020.0,1027.0,63.0,38.3,104.0,19.34134609567975,15.409721001438792,0.8308217709317031,286
1023.0,1027.0,63.8,38.3,104.0,19.341452759022257,15.606728383499707,0.8368709897324842,286
1023.0,1021.0,63.0,36.8,104.0,19.346860623847796,16.14711596532542,0.8556307913136515,282
1029.0,1018.0,62.3,36.8,107.0,19.34978527576345,17.178316920238498,0.863844559169862,286
1026.0,1021.0,63.0,36.8,107.0,19.351231929070703,16.848961033849683,0.8565243454469488,286
1020.0,1018.0,63.0,38.3,104.0,19.35203283622036,15.143825011011975,0.8174139091705969,286
1023.0,1027.0,63.0,36.8,105.5,19.356150853091137,16.464155441434887,0.8523519163093015,286
1026.0,1030.0,63.8,38.3,105.5,19.359412698375206,15.969430637266967,0.8584862101505301,286
1023.0,1027.0,62.3,36.8,102.5,19.360280211607417,15.893889540259746,0.83608619555754,286
1026.0,1024.0,63.0,36.8,102.5,19.361453051847985,15.916561221873227,0.8350783656541769,286
1017.0,1027.0,64.6,38.3,105.5,19.363875571682932,15.948211763348542,0.8585382102198547,286
1026.0,1021.0,63.0,36.8,105.5,19.364576956265736,16.574344215678284,0.8465259004063298,286
1017.0,1030.0,63.8,38.3,101.0,19.366704994357846,15.196115286320817,0.8384858904444559,286
1017.0,1024.0,62.3,36.8,104.0,19.368028418198488,15.94301192088794,0.8460945821100881,286
1023.0,1030.0,63.8,38.3,105.5,19.368631763250885,15.851732227195688,0.8559708303202049,286
1023.0,1021.0,63.0,36.8,105.5,19.373863579454323,16.484014260194296,0.8632523698460706,282
1023.0,1024.0,63.0,36.8,102.5,19.375790728622686,16.018611315071865,0.8452024754406285,286
1026.0,1021.0,63.0,36.8,104.0,19.378567551328935,16.277690749599522,0.8373771285988902,286
1026.0,1027.0,62.3,36.8,102.5,19.38362743340935,15.820151651181265,0.8335048803992587,286
1026.0,1021.0,63.8,38.3,104.0,19.38540511649425,15.801055803342301,0.8290803156937089,286
1020.0,1024.0,63.8,38.3,105.5,19.38562618010555,15.916261358897579,0.8486384876320555,286
1023.0,1027.0,64.6,38.3,107.0,19.38757223634583,16.403985286956893,0.85871364468915,286
1026.0,1027.0,64.6,38.3,105.5,19.391530348703814,16.03965073070749,0.838137276969731,286
1020.0,1030.0,63.0,38.3,101.0,19.39313490238343,15.161971275284301,0.834821917825046,286
1023.0,1021.0,64.6,38.3,107.0,19.393287401582725,16.175820879319115,0.8563485876774077,286
1017.0,1027.0,63.0,36.8,105.5,19.394471722031195,16.2383799855327,0.8639597410714742,286
1029.0,1027.0,62.3,38.3,101.0,19.395714266557636,15.481019728093113,0.8233776458051464,286
1020.0,1027.0,63.0,36.8,102.5,19.40009133830316,15.613899227594569,0.8370196954247653,286
1029.0,1018.0,62.3,36.8,105.5,19.400201963756817,16.92836369534178,0.8549029135078794,286
1017.0,1030.0,62.3,36.8,107.0,19.40579141954444,16.267219090903634,0.8662812398358872,286
1029.0,1021.0,63.8,38.3,107.0,19.40594326791022,16.679509993626745,0.8563845290108828,286
1017.0,1027.0,63.0,36.8,104.0,19.40607384925247,15.919742291263459,0.8565070502768092,286
1017.0,1027.0,63.0,36.8,107.0,19.40622458538527,16.542854524338136,0.871585615730162,286
1023.0,1030.0,62.3,38.3,101.0,19.406316422038923,15.496156185958005,0.8347678822020606,286
1017.0,1018.0,62.3,38.3,104.0,19.406485036614015,15.066522974757136,0.8136248584719054,286
1017.0,1021.0,63.0,38.3,107.0,19.412291311062212,15.814987412643077,0.84971477517742,286
1029.0,1027.0,62.3,36.8,104.0,19.414203644577743,16.400472486143826,0.8451274135563666,286
1023.0,1021.0,63.0,36.8,107.0,19.416426726751837,16.799473232327404,0.8722360969809007,282
1026.0,1024.0,64.6,38.3,104.0,19.41700923837502,15.765860858913536,0.8238165686767384,286
1017.0,1030.0,64.6,38.3,102.5,19.417280226822953,15.269765617735665,0.8467231641500305,286
1026.0,1018.0,63.8,38.3,105.5,19.419081639797323,15.992852582598887,0.844039164881829,286
1023.0,1018.0,62.3,36.8,105.5,19.421509510294715,16.40376434074547,0.8424493115638892,282
1029.0,1018.0,62.3,38.3,101.0,19.422117290744406,15.25174114751901,0.8114196110531166,286
1026.0,1027.0,63.0,36.8,107.0,19.42764219291701,16.931572442320444,0.8579155865289861,286
1023.0,1018.0,62.3,36.8,104.0,19.429482907533185,16.095476040757124,0.8318395267292085,282
1026.0,1030.0,62.3,36.8,104.0,19.4303387786392,16.13920676638086,0.8513650282452007,286
1020.0,1030.0,63.8,38.3,104.0,19.433866191019995,15.479344457557103,0.8471591717687642,286
1026.0,1024.0,63.8,38.3,102.5,19.444411506433127,15.45357756096773,0.8135581225042475,286
1020.0,1027.0,64.6,38.3,107.0,19.447943608793228,16.460451570550013,0.8598785653114883,286
1023.0,1021.0,63.0,36.8,102.5,19.4521816929984,15.90981386402672,0.845990977308119,282
1029.0,1027.0,63.0,38.3,102.5,19.458659000298216,15.584993916449713,0.8304816926377616,286
1023.0,1024.0,62.3,38.3,102.5,19.4592454865962,15.417625704151359,0.8185017031620444,286
1026.0,1030.0,64.6,38.3,107.0,19.462252207922337,16.557170156033504,0.8702182018481959,286
1023.0,1021.0,63.8,38.3,105.5,19.465440264298746,15.887636549432894,0.8382694589628654,286
1026.0,1021.0,63.0,38.3,101.0,19.46643313695287,15.480009286069807,0.8107216529424136,286
1017.0,1021.0,62.3,38.3,102.5,19.468679690734938,15.071371155189281,0.809597800298953,286
1017.0,1024.0,62.3,36.8,102.5,19.469259033681343,15.776678069005127,0.837128535095152,286
1023.0,1024.0,63.0,38.3,102.5,19.471424082773627,15.481454235311165,0.822074366836103,286
1023.0,1024.0,63.8,38.3,104.0,19.48060846277608,15.695416217866423,0.8342274567521063,286
1029.0,1018.0,63.8,38.3,105.5,19.484605950520184,16.26820041898127,0.8367141532516962,286
1023.0,1018.0,62.3,36.8,107.0,19.487746653168625,16.750870943069092,0.8530192633916157,282
1023.0,1027.0,63.0,36.8,104.0,19.491112397617343,16.245741293994627,0.8432680432674173,286
1026.0,1027.0,63.0,36.8,105.5,19.49525539861681,16.67032329544106,0.8480398706807534,286
1026.0,1030.0,62.3,38.3,101.0,19.49596945532977,15.495796320161046,0.8289590746688758,286
1020.0,1027.0,63.8,38.3,104.0,19.496724702167047,15.71883391562204,0.8338370300691812,286
1026.0,1024.0,62.3,38.3,101.0,19.499118347317854,15.327602515443425,0.7973956302719213,286
1026.0,1021.0,63.0,36.8,102.5,19.500864077844977,16.075476648593355,0.8283000043238532,286
1029.0,1030.0,64.6,38.3,107.0,19.501932215039854,16.62714415602824,0.864939600741083,286
1020.0,1018.0,62.3,38.3,102.5,19.509059662105543,15.188537021975815,0.8040757694057096,286
1017.0,1027.0,64.6,38.3,104.0,19.516472422483606,15.739304347082959,0.8489193599338631,286
1023.0,1018.0,63.8,38.3,102.5,19.51693180854672,15.254205457965018,0.8168449630617979,286
1023.0,1024.0,64.6,38.3,107.0,19.518380530587727,16.50624798970401,0.8575229604816823,286
1017.0,1018.0,65.3,39.8,107.0,19.51867616326709,15.77016685135532,0.8442387925587919,286
1020.0,1021.0,62.3,36.8,104.0,19.518784224600907,16.212125717722877,0.8452219425287109,282
1020.0,1021.0,62.3,36.8,107.0,19.518816357931648,16.823383998107893,0.8640323118779136,282
1029.0,1030.0,63.0,38.3,102.5,19.520787537952657,15.479811045891337,0.8366445287076174,286
1029.0,1024.0,63.0,36.8,107.0,19.524764482580636,17.052842222768195,0.8509349368412472,286
1029.0,1024.0,63.0,38.3,102.5,19.52540304370916,15.72709409597629,0.8223626792850396,286
1020.0,1030.0,64.6,38.3,104.0,19.526337922459714,15.695923142509747,0.8502903982715877,286
1020.0,1021.0,62.3,36.8,105.5,19.534630924333538,16.55053594292232,0.8544701385838888,282
1020.0,1024.0,63.0,36.8,101.0,19.534917378222335,15.568577313877501,0.8352053726487233,282
1023.0,1021.0,64.6,38.3,105.5,19.535632880345954,15.97725951256236,0.8438840242649592,286
1026.0,1030.0,63.0,38.3,102.5,19.535948418935877,15.57918159286039,0.8385466635333453,286
1026.0,1021.0,62.3,38.3,101.0,19.540194839014163,15.479957826932251,0.8068186199612449,286
1026.0,1027.0,63.0,38.3,101.0,19.541483768809442,15.438964949961814,0.8048276698750298,286
1017.0,1018.0,64.6,39.8,102.5,19.54408614344517,15.086967635332797,0.8029539506466525,286
1026.0,1027.0,63.8,38.3,102.5,19.546953911669704,15.558977039651422,0.8164219537165253,286
1029.0,1024.0,63.0,36.8,105.5,19.547043758110153,16.710560812118917,0.8398403296367685,286
1023.0,1030.0,64.6,38.3,107.0,19.552150058790115,16.470361317016174,0.8683514099563495,286
1017.0,1018.0,63.8,39.8,101.0,19.55329231718272,15.088759671572522,0.7889275392370566,286
1023.0,1027.0,64.6,38.3,105.5,19.55400440431863,16.20369560888292,0.8464772837189922,286
1020.0,1021.0,63.8,38.3,107.0,19.5556968940441,16.115858933103453,0.8523743723350465,286
1017.0,1027.0,63.0,36.8,102.5,19.556654451373042,15.784784778819896,0.8478916042899417,286
1023.0,1030.0,63.0,38.3,102.5,19.55702411402734,15.551704039955656,0.8384925484454223,286
1029.0,1018.0,62.3,36.8,104.0,19.558941481765597,16.725275451127214,0.8441409607156748,286
1020.0,1018.0,63.8,38.3,107.0,19.56288094697146,15.985805725963095,0.8411538878413073,286
1029.0,1021.0,63.8,38.3,105.5,19.56807770126574,16.513841082537912,0.8451130750751855,286
1023.0,1018.0,62.3,36.8,102.5,19.5783898665397,15.924575259564813,0.8201439170626007,282
1020.0,1027.0,65.3,38.3,107.0,19.580113169693174,16.678334751067737,0.8642839095551453,286
1029.0,1030.0,62.3,36.8,107.0,19.58536509045197,17.215321340588186,0.865398648659942,286
1023.0,1030.0,63.0,36.8,107.0,19.58673358533438,16.961612232858435,0.8702004027630731,286
1029.0,1024.0,62.3,36.8,101.0,19.587838146542328,15.890809964809065,0.8175676789027931,286
1029.0,1030.0,63.8,38.3,102.5,19.587989552825622,15.508042696078506,0.8393781483180214,286
1029.0,1027.0,63.8,38.3,102.5,19.591750238121673,15.66554528755688,0.8315149961964404,286
1023.0,1024.0,63.0,36.8,101.0,19.59585728135887,15.950640412678291,0.8359835835441445,286
1029.0,1027.0,64.6,38.3,102.5,19.596428092870504,15.739088680320641,0.8350713811426442,286
1029.0,1027.0,65.3,38.3,107.0,19.597291501880814,16.91011082355377,0.8655883756859247,286
1020.0,1021.0,63.0,38.3,101.0,19.597399510166994,15.022281778998712,0.8026966617375998,286
1020.0,1027.0,64.6,38.3,105.5,19.597612187714144,16.23938696894742,0.8480126516083238,286
1020.0,1030.0,65.3,38.3,107.0,19.59818062597104,16.495864970075303,0.8676483022847519,286
1020.0,1027.0,62.3,36.8,102.5,19.59881637131556,15.7919740181621,0.8312351088445415,286
1023.0,1030.0,62.3,36.8,105.5,19.59897033092418,16.481700563025317,0.8555835682369372,286
1017.0,1027.0,65.3,38.3,107.0,19.601803620808226,16.552930844171897,0.8710051020059569,286
1020.0,1027.0,62.3,38.3,101.0,19.60834522564369,15.293495650293721,0.8132059570629642,286
1017.0,1030.0,62.3,36.8,105.5,19.60870957884091,16.06291872101308,0.8564162500220208,286
1017.0,1027.0,63.0,38.3,101.0,19.608908481861665,15.336229007378025,0.827300561022076,286
1026.0,1024.0,63.0,36.8,101.0,19.61076759369461,15.865111434587911,0.8267295955376476,286
1023.0,1021.0,63.0,36.8,101.0,19.61425398226961,15.769834075255131,0.8358997441260241,282
1020.0,1021.0,62.3,36.8,102.5,19.615757799321848,16.023658391638026,0.834563725362029,282
1017.0,1027.0,63.8,36.8,105.5,19.61660909895832,16.52305460517085,0.8680371151862342,282
1026.0,1030.0,64.6,38.3,105.5,19.62435268932592,16.283833485421162,0.8601325623541441,286
1017.0,1021.0,63.0,38.3,105.5,19.62781709186549,15.694807086573517,0.8366013387243648,286
1029.0,1024.0,62.3,38.3,102.5,19.631936359542706,15.863355760658692,0.8197851219317834,286
1029.0,1021.0,63.0,38.3,102.5,19.633124509234072,15.83671284057498,0.8249755301277257,286
1029.0,1024.0,63.8,38.3,104.0,19.63331854525158,16.192980007027565,0.8343347567118418,286
1020.0,1024.0,63.8,38.3,104.0,19.633965442578575,15.814164977445712,0.836511805686098,286
1026.0,1024.0,63.0,38.3,101.0,19.638208685351277,15.442464557973835,0.7983901767696112,286
1026.0,1018.0,63.8,38.3,104.0,19.639713800026364,15.806115284384237,0.8299423510473334,286
1029.0,1018.0,63.0,38.3,101.0,19.642955974929475,15.431216474209164,0.804660751405301,286
1020.0,1027.0,63.8,36.8,107.0,19.64937929441313,16.921928134124247,0.8630181182177651,286
1020.0,1024.0,63.0,38.3,102.5,19.650911820005163,15.465078837653316,0.8206355805137943,286
1026.0,1027.0,63.0,36.8,104.0,19.65114779869435,16.440177270746076,0.8382004216881226,286
1020.0,1027.0,63.8,36.8,105.5,19.653557910675616,16.6316155842444,0.8529063509301545,286
1017.0,1024.0,63.0,36.8,107.0,19.66333000452121,16.82798200219297,0.8615719093279032,286
1026.0,1027.0,64.6,38.3,104.0,19.664923436577254,15.932773633118009,0.8258801741828729,286
1026.0,1027.0,65.3,38.3,107.0,19.6661140368522,16.74479998493033,0.8524379603696072,286
1029.0,1030.0,64.6,38.3,105.5,19.66837324748114,16.36215712418402,0.8552230322561504,286
1026.0,1024.0,64.6,38.3,102.5,19.669286641650597,15.639541251134236,0.8126614057446857,286
1017.0,1030.0,65.3,38.3,107.0,19.66928879095464,16.52277147173059,0.8712500117690496,286
1017.0,1027.0,63.8,36.8,104.0,19.669912036643076,16.22028010082743,0.858523744943624,282
1023.0,1021.0,63.0,38.3,101.0,19.670504959712368,15.345637173939757,0.809701247285451,286
1029.0,1024.0,63.0,36.8,104.0,19.670511497186833,16.449740896241003,0.8284897203643534,286
1029.0,1027.0,65.3,38.3,105.5,19.67218985850628,16.581627949336742,0.8541581069908483,286
1023.0,1021.0,64.6,38.3,104.0,19.673344701049324,15.793128178798124,0.8328863099803356,286
1017.0,1027.0,63.8,38.3,101.0,19.67751810127094,15.48726160163258,0.8298517517784366,286
1017.0,1027.0,65.3,38.3,105.5,19.681303279570777,16.26679311725009,0.8612159263993452,286
1017.0,1024.0,63.0,36.8,105.5,19.682519309369848,16.540352657926167,0.8532878994286435,286
1029.0,1027.0,62.3,36.8,102.5,19.68256376577524,16.23102916318821,0.8365670469079955,286
1017.0,1024.0,63.8,38.3,107.0,19.68518791170286,16.265717082109166,0.8526689220145175,286
1020.0,1018.0,63.0,38.3,102.5,19.68585104904392,15.20336019992339,0.8028830236394561,286
1017.0,1027.0,63.8,36.8,107.0,19.686284144233067,16.88072869465504,0.8760392406663764,282
1020.0,1027.0,65.3,38.3,105.5,19.6873618935085,16.453515039122877,0.8522113261849046,286
1020.0,1027.0,63.8,36.8,104.0,19.688785795705087,16.3459154676735,0.8427484127999939,286
1026.0,1021.0,64.6,38.3,107.0,19.689874610002676,16.745593095211348,0.849699600815606,286
1026.0,1030.0,63.8,38.3,104.0,19.690132217346747,15.860642221681148,0.8476250792484509,286
1020.0,1030.0,62.3,36.8,107.0,19.69038495420993,16.64671439958027,0.8544969708403267,286
1029.0,1030.0,62.3,36.8,105.5,19.691808095293432,16.95426681564193,0.8561999602300621,286
1023.0,1018.0,63.8,38.3,101.0,19.69525295911198,15.189386787899004,0.8049681731880054,286
1020.0,1027.0,63.0,36.8,101.0,19.700100993994578,15.627757961535668,0.8271461930714071,286
1029.0,1030.0,62.3,38.3,101.0,19.701599101392013,15.56264785083664,0.827470623733114,286
1020.0,1024.0,64.6,38.3,107.0,19.705150656875066,16.580119318759255,0.8586971209707155,286
1026.0,1030.0,62.3,36.8,102.5,19.706654983631804,16.04510786896222,0.842980360862835,286
1023.0,1021.0,63.8,38.3,104.0,19.707705469343374,15.763633217984587,0.8259064123409797,286
1026.0,1027.0,62.3,38.3,101.0,19.70792942281598,15.670681231451816,0.8078188665644053,286
1026.0,1021.0,63.8,38.3,102.5,19.71244340193747,15.820777290911225,0.8169719536288393,286
1023.0,1027.0,62.3,36.8,101.0,19.714404992740718,15.960334789301415,0.8243207324017846,286
1026.0,1027.0,62.3,36.8,101.0,19.715569339026608,15.860465844706987,0.8247258344203795,286
1017.0,1030.0,63.0,36.8,107.0,19.71756087183329,16.589002101004553,0.8688467506537868,286
1023.0,1027.0,63.0,36.8,102.5,19.718641843282125,16.11364766135775,0.832927469118697,286
1017.0,1018.0,63.0,38.3,107.0,19.719151627569495,15.763181714742748,0.8345191929437613,286
1023.0,1030.0,63.8,38.3,104.0,19.71946422801605,15.777384169640134,0.8450819137481158,286
1020.0,1030.0,65.3,38.3,105.5,19.720520954875155,16.230550139837916,0.8582691254365042,286
1023.0,1027.0,63.8,38.3,102.5,19.72102235995653,15.74688024180473,0.8257317303097759,286
1029.0,1018.0,63.8,38.3,104.0,19.726796578667496,16.11107046316406,0.8225073035474332,286
1023.0,1030.0,64.6,38.3,105.5,19.732734546081552,16.20685438757789,0.8579299197509391,286
1026.0,1021.0,63.0,36.8,101.0,19.733209427365296,16.007801442491214,0.818126965100677,286
1023.0,1024.0,64.6,38.3,105.5,19.734075622951092,16.364827684069585,0.8450670350689891,286
1017.0,1024.0,62.3,36.8,101.0,19.735294195307944,15.781975908027148,0.8264690024482889,286
1029.0,1024.0,64.6,38.3,107.0,19.737390891113574,16.976808639574116,0.8540322711412871,286
1020.0,1021.0,63.8,38.3,105.5,19.739181927237876,15.894956272518252,0.8389789951586066,286
1017.0,1018.0,65.3,39.8,105.5,19.746695427973794,15.59740656989922,0.8292665319088203,286
1020.0,1018.0,63.8,38.3,105.5,19.746799114211544,15.733708650090044,0.8269060264829249,286
1026.0,1018.0,63.0,38.3,101.0,19.750024732011155,15.516711387200624,0.8060648244732468,286
1017.0,1024.0,63.0,38.3,102.5,19.754134235611815,15.35068602779394,0.8186932678979231,286
1020.0,1027.0,63.0,38.3,102.5,19.759639590271604,15.591714078903838,0.819058680342077,286
1017.0,1024.0,63.0,36.8,104.0,19.761640091263857,16.26466657755048,0.8436021707515234,286
1023.0,1027.0,64.6,38.3,104.0,19.77124409774329,16.041929872560328,0.8358835310333101,286
1026.0,1027.0,65.3,38.3,105.5,19.774722504953363,16.4894768673847,0.8411580571434047,286
1020.0,1027.0,64.6,38.3,104.0,19.779147397237526,16.044079499431927,0.8360592742656501,286
1017.0,1024.0,64.6,38.3,107.0,19.78081094585016,16.46949933534713,0.8662064174496369,286
1023.0,1030.0,63.0,36.8,105.5,19.781230618912016,16.788912597214328,0.8597939709109125,286
1020.0,1030.0,63.8,38.3,102.5,19.78267751725823,15.57801120964542,0.8370733799549168,286
1020.0,1024.0,62.3,38.3,101.0,19.783429525590776,15.474897179046357,0.8079080383447821,286
1029.0,1018.0,62.3,36.8,102.5,19.783963868087195,16.54248827788223,0.832697063902379,286
1017.0,1027.0,64.6,38.3,102.5,19.786267337525018,15.705048223982367,0.8380831650649581,286
1020.0,1021.0,62.3,36.8,101.0,19.790353379964802,15.928876518691817,0.8236753848352538,282
1017.0,1030.0,65.3,38.3,105.5,19.792575747659185,16.260321765285052,0.8607347772556837,286
1023.0,1027.0,62.3,38.3,101.0,19.793752642339374,15.58943372926812,0.8070635598161581,286
1023.0,1018.0,62.3,36.8,101.0,19.79402176271822,15.861287243186942,0.8081495342080227,282
1017.0,1030.0,64.6,38.3,101.0,19.795114661219266,15.488208990907948,0.835339864841875,286
1026.0,1030.0,63.0,36.8,107.0,19.798427675973297,17.259098037320427,0.8657948511154262,286
1029.0,1021.0,62.3,38.3,101.0,19.803839255506475,15.842767285588547,0.8192396058869627,286
1017.0,1027.0,65.3,38.3,104.0,19.80420270988117,16.02501582296687,0.8511528583012286,286
1023.0,1027.0,63.0,38.3,101.0,19.808638483797775,15.79538410588682,0.8153516419327983,286
1017.0,1018.0,62.3,38.3,102.5,19.810583899988618,15.199351276167283,0.7969414022991588,286
1017.0,1027.0,63.0,36.8,101.0,19.81144606425357,15.78885394966586,0.838379084774266,286
1017.0,1027.0,63.8,36.8,102.5,19.813511522590336,16.029794924512835,0.8484042826756341,282
1026.0,1021.0,64.6,38.3,105.5,19.813624225494703,16.538582010371897,0.8376650413297401,286
1026.0,1024.0,63.8,38.3,101.0,19.816818555536976,15.637491358799306,0.8029033972121442,286
1020.0,1030.0,64.6,38.3,102.5,19.819809390676504,15.666308913357208,0.8407204242355433,286
1023.0,1024.0,63.8,36.8,105.5,19.821270462200427,16.99892360685016,0.857718408814228,286
1023.0,1024.0,63.8,38.3,102.5,19.821364759881916,15.770521832671356,0.8215355092938409,286
1026.0,1024.0,65.3,38.3,107.0,19.82149338796295,16.781540199489086,0.8421702007795558,286
1023.0,1024.0,63.8,36.8,107.0,19.8230361513214,17.278904796248515,0.8657665606107823,286
1020.0,1027.0,65.3,38.3,104.0,19.823700102841276,16.223401970737374,0.8399014433523688,286
1017.0,1021.0,63.0,38.3,104.0,19.831405965361068,15.66066737566411,0.8230675717723169,286
1020.0,1027.0,63.8,36.8,102.5,19.83151651887692,16.119809014952654,0.8333815794183697,286
1017.0,1030.0,62.3,36.8,104.0,19.832392404432124,15.912558123931824,0.8469928744248701,286
1029.0,1027.0,65.3,38.3,104.0,19.83424075141227,16.327866346418062,0.8434400084573208,286
1020.0,1027.0,63.8,38.3,102.5,19.839687711421803,15.802063771546216,0.8222809489489031,286
1017.0,1021.0,62.3,38.3,101.0,19.843910117702798,15.288122092704242,0.7959880450146694,286
1029.0,1030.0,65.3,38.3,107.0,19.860830035101255,17.012709987658994,0.8675664583881172,286
1020.0,1024.0,64.6,38.3,105.5,19.862347030898277,16.371720906167326,0.8466219886474705,286
1020.0,1030.0,63.8,36.8,107.0,19.867340397405503,16.986691705590967,0.8637798494233025,286
1023.0,1021.0,64.6,38.3,102.5,19.86781357914816,15.700912645303182,0.8201880369806053,286
1029.0,1030.0,62.3,36.8,104.0,19.87264802276036,16.683424456916402,0.8474376475949674,286
1026.0,1030.0,64.6,38.3,104.0,19.875129225809314,16.109314234873697,0.8491911384916254,286
1023.0,1024.0,63.8,36.8,104.0,19.880923632435408,16.772296390241223,0.8481842921391827,286
1020.0,1024.0,63.8,36.8,104.0,19.881759449662134,16.542658980446124,0.8481978298433295,282
1017.0,1030.0,63.0,36.8,105.5,19.882825139093345,16.368382020437494,0.8585657022039042,286
1029.0,1024.0,63.0,36.8,102.5,19.884422124735536,16.262329334268518,0.8182652182089061,286
1017.0,1024.0,64.6,38.3,105.5,19.884996228722837,16.17223725492258,0.8539820940252826,286
1029.0,1021.0,63.8,38.3,104.0,19.88845216414134,16.422081496033986,0.8308199271830623,286
1017.0,1024.0,63.0,36.8,102.5,19.889460019571068,16.092254020671405,0.8335918140060025,286
1020.0,1027.0,62.3,36.8,101.0,19.88948508716127,15.799257900355839,0.8219695995259038,286
1029.0,1030.0,64.6,38.3,104.0,19.891259204332567,16.160585911569274,0.8446740883014134,286
1020.0,1024.0,63.8,36.8,105.5,19.89528096894244,16.87588881040345,0.8579123526040895,282
1026.0,1018.0,63.0,36.8,105.5,19.903679495470257,17.081468435589517,0.8461027663058612,286
1020.0,1030.0,63.0,36.8,107.0,19.905485653339962,16.876835149680417,0.8593344029131753,286
1023.0,1024.0,64.6,38.3,104.0,19.905987256527826,16.18782003069186,0.8340441464671964,286
1020.0,1030.0,65.3,38.3,104.0,19.910226744658416,16.015294301768666,0.8491382874456871,286
1026.0,1030.0,63.0,36.8,105.5,19.914012323391546,17.018489354297,0.8565598989743831,286
1023.0,1030.0,65.3,38.3,107.0,19.91677516323245,16.845609819950216,0.8672576766271018,286
1026.0,1027.0,63.0,36.8,102.5,19.917209064903673,16.292223362451132,0.8283970863037308,286
1023.0,1024.0,63.0,38.3,101.0,19.9181850548167,15.732933691932516,0.8101755537716278,286
1017.0,1030.0,65.3,38.3,104.0,19.921000858689144,16.012449077507,0.8510372779812303,286
1017.0,1024.0,63.8,38.3,105.5,19.92220830958539,16.08324013905705,0.8400880451585263,286
1023.0,1027.0,63.8,36.8,107.0,19.93167153242773,17.277219751884566,0.8578254770853969,286
1023.0,1030.0,62.3,36.8,104.0,19.936091302998364,16.347996657402387,0.8453146946223917,286
1029.0,1027.0,63.0,36.8,107.0,19.936228692180848,17.58412073381069,0.8620211247909934,286
1026.0,1018.0,63.8,38.3,102.5,19.940590645440956,15.822014982005554,0.8163011529719699,286
1029.0,1027.0,64.6,38.3,101.0,19.942211526124243,15.771790145864475,0.8236418622528101,286
1020.0,1018.0,62.3,38.3,101.0,19.944233781371455,15.422720433391218,0.7897563211627154,286
1029.0,1021.0,63.0,36.8,107.0,19.946348104535023,17.64779230967144,0.8574906037965199,286
1029.0,1024.0,64.6,38.3,105.5,19.95504766708103,16.80527478121295,0.8413293698307837,286
1017.0,1018.0,64.6,39.8,101.0,19.959588560507274,15.37724710651058,0.7871180104351556,286
1023.0,1024.0,63.8,36.8,102.5,19.960135576489662,16.54335302677123,0.8393762390675517,286
1029.0,1027.0,63.0,38.3,101.0,19.96585933672695,15.834912762108532,0.8175569097815374,286
1026.0,1018.0,63.0,36.8,104.0,19.971857058680214,16.804300265679526,0.8343424454238054,286
1020.0,1024.0,63.8,36.8,107.0,19.979756923343153,17.239778453583693,0.8670682676858833,282
1029.0,1030.0,65.3,38.3,105.5,19.981078079665462,16.72255626942533,0.8580617443789131,286
1026.0,1027.0,65.3,38.3,104.0,19.98245745059109,16.316340475872607,0.829372667101126,286
1029.0,1024.0,63.8,38.3,102.5,19.982632274932822,16.198560798575514,0.8234441665056746,286
1020.0,1024.0,63.8,38.3,102.5,19.984346917256882,15.886941836654971,0.8242255311726578,286
1017.0,1021.0,63.8,38.3,107.0,19.98537317355794,16.344822404994712,0.8486647140226365,286
1026.0,1030.0,65.3,38.3,107.0,19.985520511670458,17.04849023954055,0.8673785865082416,286
1020.0,1030.0,63.8,36.8,105.5,19.986619966292192,16.74130567441336,0.8546053688630284,286
1023.0,1024.0,62.3,38.3,101.0,19.98692821033389,15.699133165436047,0.8062754017025335,286
1017.0,1018.0,63.0,38.3,105.5,19.989226463136994,15.613139499512059,0.8189156781115025,286
1029.0,1024.0,63.0,38.3,101.0,19.989773324011217,15.95762109836321,0.8103046686309517,286
1029.0,1027.0,62.3,36.8,101.0,19.993486017711028,16.23607043336079,0.8276810816356519,286
1026.0,1018.0,63.0,36.8,107.0,19.99544760384443,17.454270655306075,0.8561590451411805,286
1020.0,1024.0,63.8,36.8,102.5,19.99693701989947,16.313730310947374,0.8378366615010291,282
1029.0,1030.0,63.8,38.3,101.0,19.998698276597846,15.687075724267599,0.8288796166631551,286
1020.0,1021.0,63.8,38.3,104.0,19.99903435986505,15.769922158254612,0.8241457481612503,286
1020.0,1030.0,62.3,36.8,105.5,19.999591096519055,16.516555884280336,0.8442886538659841,286
1026.0,1027.0,63.8,38.3,101.0,20.000884424927207,15.811675041420852,0.8044510709946829,286
1029.0,1027.0,63.0,36.8,105.5,20.001074479204178,17.310015381688807,0.8515815107552742,286
1023.0,1030.0,64.6,38.3,104.0,20.001809757582066,16.049179858430666,0.8477543667129934,286
1029.0,1030.0,63.0,38.3,101.0,20.00465737809451,15.747617701854884,0.8255543615427663,286
1017.0,1018.0,65.3,39.8,104.0,20.010738307645948,15.557955678265994,0.8139898657849373,286
1023.0,1021.0,65.3,38.3,107.0,20.011091529310818,16.821914558236823,0.846916165470377,286
1023.0,1027.0,63.8,36.8,105.5,20.012241441559258,17.018807246590388,0.8470233088776817,286
1029.0,1027.0,63.8,38.3,101.0,20.013078028003328,15.837180356831993,0.8193520591001308,286
1029.0,1021.0,63.0,36.8,105.5,20.014382369693124,17.373966998184052,0.8471060337588233,286
1023.0,1027.0,65.3,38.3,107.0,20.01604304665289,17.00059427232513,0.8555398446593843,286
1020.0,1024.0,64.6,38.3,104.0,20.0163366277886,16.159810194473675,0.8352704864179447,286
1017.0,1024.0,64.6,38.3,104.0,20.017229569158886,15.905234619297014,0.8412210847328733,286
1017.0,1027.0,65.3,38.3,102.5,20.01911954753182,15.93780793317882,0.8401024525386837,286
1017.0,1027.0,63.8,36.8,101.0,20.02022660592755,15.946358399264208,0.8381880234437606,282
1026.0,1024.0,64.6,38.3,101.0,20.02432294578371,15.748138040875915,0.8016841595573356,286
1020.0,1027.0,65.3,38.3,102.5,20.03245543824469,16.091233752399418,0.8288378490445889,286
1020.0,1024.0,65.3,38.3,107.0,20.033771518683682,16.941039810192333,0.8599639415999419,286
1020.0,1018.0,63.8,38.3,104.0,20.034643448416325,15.624450712000417,0.811397505125488,286
1023.0,1021.0,63.8,38.3,102.5,20.036418520462544,15.824741176699444,0.8133515914009402,286
1023.0,1030.0,63.0,36.8,104.0,20.036489398254904,16.624221570191004,0.8497085736310286,286
1026.0,1021.0,64.6,38.3,104.0,20.040747459633852,16.39990347366983,0.8247330331104793,286
1029.0,1018.0,64.6,38.3,107.0,20.04557457863948,17.076961148054306,0.847115409596996,286
1026.0,1024.0,65.3,38.3,105.5,20.051430395557233,16.6315110503457,0.8283172076932774,286
1026.0,1030.0,63.0,38.3,101.0,20.052606957580537,15.92793111491719,0.8274615261745283,286
1020.0,1018.0,64.6,38.3,107.0,20.053437429921875,16.49990947290988,0.8412415883720692,286
1026.0,1027.0,64.6,38.3,102.5,20.056295686927495,15.946720512242111,0.8127183647465135,286
1026.0,1027.0,63.8,36.8,107.0,20.056343707292363,17.419871581983944,0.8539968447682459,286
1023.0,1027.0,63.0,36.8,101.0,20.05776793537729,16.14465795140307,0.82069448951206,286
1023.0,1030.0,63.0,38.3,101.0,20.058847365940995,15.894882999650168,0.8279602972480907,286
1029.0,1018.0,62.3,36.8,101.0,20.061174054278222,16.47620579928724,0.821723939486277,286
1029.0,1021.0,64.6,38.3,107.0,20.064048507728852,17.278166537593098,0.8503504450470226,286
1017.0,1030.0,63.0,36.8,104.0,20.070073093629393,16.1347629270163,0.8487790791707418,286
1017.0,1030.0,62.3,36.8,102.5,20.07156247070301,15.914134078433808,0.8380994140946225,286
1029.0,1027.0,65.3,38.3,102.5,20.07435875693175,16.127919228320195,0.8321643028021504,286
1029.0,1018.0,63.8,38.3,102.5,20.07475553100441,16.081355552292578,0.807855032832454,286
1023.0,1030.0,65.3,38.3,105.5,20.075331015166544,16.560024565445485,0.8567187027049529,286
1029.0,1021.0,63.0,38.3,101.0,20.0782590987891,16.029332467942677,0.8119040606320183,286
1020.0,1027.0,64.6,38.3,102.5,20.080065743072492,16.015352652403276,0.8244901213641297,286
1026.0,1030.0,62.3,36.8,101.0,20.080314542291816,16.120282575362886,0.8336576894448705,286
1026.0,1030.0,63.0,36.8,104.0,20.082149433248734,16.75766040629533,0.8462955968212472,286
1026.0,1030.0,63.8,38.3,102.5,20.085906643803234,15.917533308969354,0.8361900887123193,286
1023.0,1030.0,63.8,38.3,102.5,20.09296953832529,15.877236151846903,0.8346532533889923,286
1029.0,1024.0,65.3,38.3,107.0,20.096217586864316,17.310041613125463,0.8526413277589804,286
1029.0,1018.0,63.0,36.8,107.0,20.099246548646033,17.842282391659833,0.8558909334219901,286
1029.0,1018.0,63.0,36.8,105.5,20.10206676003135,17.555836659085738,0.8472158676196128,286
1023.0,1027.0,64.6,38.3,102.5,20.10221493523296,16.027795842640824,0.8247017885257618,286
1020.0,1018.0,63.0,38.3,101.0,20.102587467537578,15.386158188580533,0.7883298832107817,286
1023.0,1021.0,65.3,38.3,105.5,20.11037876778894,16.534453492511624,0.8351752971072486,286
1017.0,1021.0,63.0,38.3,102.5,20.11061262946907,15.698714287586753,0.8091905555575533,286
1029.0,1030.0,62.3,36.8,102.5,20.112184607994976,16.500920488271824,0.8385109860141889,286
1017.0,1024.0,63.0,36.8,101.0,20.113587364109407,16.047465882574496,0.8230368232509699,286
1020.0,1030.0,63.8,36.8,104.0,20.117963508253208,16.499272632434145,0.846586427364927,286
1023.0,1027.0,63.8,36.8,104.0,20.123592334035198,16.783803312301508,0.8376857180183459,286
1026.0,1027.0,63.8,36.8,105.5,20.131607317933295,17.156077255712702,0.8436702921949973,286
1029.0,1027.0,63.0,36.8,104.0,20.1323666352729,17.04424973836067,0.841638457128896,286
1029.0,1021.0,63.0,36.8,104.0,20.132383416365062,17.118721110790418,0.8365191834360023,286
1023.0,1021.0,63.8,36.8,107.0,20.134392940896728,17.456844329388645,0.858333985066962,286
1023.0,1027.0,65.3,38.3,105.5,20.136885313137185,16.767399237330388,0.8436504244641475,286
1020.0,1024.0,65.3,38.3,105.5,20.137398044157457,16.692663402023268,0.8481767099797951,286
1020.0,1027.0,63.8,36.8,101.0,20.13890747208735,16.107212124636053,0.8223422635867788,286
1026.0,1030.0,65.3,38.3,105.5,20.143379993416378,16.771479440160377,0.8569538946058362,286
1029.0,1024.0,62.3,38.3,101.0,20.145920661560243,16.152912926837317,0.8072258172803912,286
1023.0,1027.0,63.8,38.3,101.0,20.150285252932584,15.995734493196103,0.814008286902239,286
1026.0,1018.0,63.0,36.8,102.5,20.150642571336324,16.612968197151364,0.822421653883639,286
1020.0,1024.0,63.0,38.3,101.0,20.15127269641901,15.724119853573901,0.808064372211649,286
1023.0,1021.0,64.6,38.3,101.0,20.15330586069942,15.758887498047786,0.8073988647754677,286
1029.0,1030.0,65.3,38.3,104.0,20.15456604235106,16.46337121165837,0.8476901479222936,286
1026.0,1021.0,63.8,38.3,101.0,20.157415986340382,16.03704899539682,0.8045086572948812,286
1017.0,1027.0,64.6,38.3,101.0,20.157904081710633,15.837188925101724,0.8267479937104281,286
1023.0,1024.0,65.3,38.3,107.0,20.15842755348208,17.148476014838977,0.8543187161201627,286
1029.0,1024.0,63.0,36.8,101.0,20.16076237736323,16.165086383522052,0.8069005217970686,286
1020.0,1018.0,62.3,36.8,107.0,20.161690414696388,17.205157995288697,0.8489342398024416,286
1020.0,1021.0,63.0,36.8,107.0,20.166198586186933,17.37809332569672,0.8606942142054563,282
1023.0,1024.0,63.8,36.8,101.0,20.166466143477326,16.448204233786434,0.8294744702929413,286
1020.0,1021.0,63.8,38.3,102.5,20.174882003030184,15.665995670870782,0.8107758729986957,286
1023.0,1021.0,63.8,36.8,105.5,20.17835721197831,17.23645680470342,0.848618922619769,286
1020.0,1030.0,65.3,38.3,102.5,20.181645839638474,15.933268432672241,0.8389837996635774,286
1020.0,1030.0,63.0,36.8,105.5,20.18287525435319,16.74521315807514,0.8484089397137029,286
1017.0,1027.0,64.6,36.8,104.0,20.185724672617244,16.787287195216496,0.8510028015953502,286
1023.0,1024.0,64.6,38.3,102.5,20.186621469557036,16.1342698316821,0.8221751065602978,286
1026.0,1030.0,64.6,38.3,102.5,20.188097530110607,16.025193575428307,0.8389270288196397,286
1020.0,1024.0,63.8,36.8,101.0,20.189646091848857,16.197222674150545,0.8270401308151131,282
1017.0,1030.0,65.3,38.3,102.5,20.191000968633364,15.977210662322591,0.8391845439685296,286
1029.0,1018.0,64.6,38.3,105.5,20.20316371877188,16.898191152474347,0.8341830921775737,286
1020.0,1021.0,63.0,36.8,105.5,20.205712312328686,17.115862553653443,0.8501677419197778,282
1017.0,1024.0,63.8,38.3,104.0,20.206879271847722,16.00265654553784,0.8269268907396825,286
1029.0,1021.0,65.3,38.3,107.0,20.20837315360407,17.357073464146566,0.8506232054154826,286
1020.0,1030.0,64.6,38.3,101.0,20.2128573451325,15.873176542921152,0.8296200798777866,286
1029.0,1030.0,64.6,38.3,102.5,20.213213835527736,16.074641606078227,0.8353905442003522,286
1020.0,1018.0,62.3,36.8,105.5,20.215023857091715,16.97783826253945,0.8381283179289248,286
1026.0,1024.0,63.8,36.8,107.0,20.217241644439277,17.598328055058243,0.8515335408465963,286
1020.0,1030.0,63.8,38.3,101.0,20.217728974894282,15.860159918394679,0.8257972627203617,286
1029.0,1021.0,63.8,38.3,102.5,20.221646461585678,16.37819720967929,0.8177795304947838,286
1017.0,1027.0,64.6,36.8,105.5,20.221929983555228,17.129548878935292,0.8590756124205157,286
1020.0,1021.0,63.0,36.8,104.0,20.224176939447414,16.79043562748283,0.839944183334805,282
1029.0,1021.0,64.6,38.3,105.5,20.224607522733567,17.08162608961636,0.8378247108299743,286
1020.0,1027.0,64.6,36.8,104.0,20.225657227627,16.913410046029245,0.8400034654208268,286
1017.0,1027.0,64.6,36.8,102.5,20.23267822340303,16.50682670303652,0.8424477992430922,286
1020.0,1018.0,64.6,38.3,105.5,20.23447472108299,16.254846588728746,0.8267203882914117,286
1017.0,1030.0,63.8,36.8,107.0,20.237279315143397,17.112970754377777,0.870015204470713,282
1017.0,1021.0,63.8,38.3,105.5,20.244190479004388,16.151356995882963,0.8341941216444384,286
1023.0,1024.0,63.8,38.3,101.0,20.24576362391765,15.994019914388087,0.8087952329669785,286
1023.0,1018.0,63.0,36.8,104.0,20.246740935783112,16.798353033125,0.8259274768629089,282
1026.0,1027.0,63.0,36.8,101.0,20.249211504841153,16.30371892353916,0.818900884066076,286
1029.0,1018.0,63.0,36.8,104.0,20.254787872323032,17.362864213852017,0.8357793951731354,286
1020.0,1027.0,63.0,38.3,101.0,20.25702450014133,15.894265304116011,0.8070748333305561,286
1017.0,1024.0,64.6,38.3,102.5,20.258285634923126,15.829740932843471,0.8279015352278636,286
1026.0,1027.0,65.3,38.3,102.5,20.259483605405638,16.19926850273297,0.8175262428176419,286
1029.0,1024.0,64.6,38.3,104.0,20.2595707266851,16.71647838082581,0.8293855828067748,286
1026.0,1024.0,63.8,36.8,105.5,20.259756298702392,17.32129764976533,0.8404028747408216,286
1020.0,1030.0,63.8,36.8,102.5,20.265312847131565,16.276921032929085,0.8382315367713485,286
1020.0,1027.0,64.6,36.8,102.5,20.26613747813123,16.62573224409551,0.8314202147326345,286
1026.0,1024.0,65.3,38.3,104.0,20.267719707833304,16.447570709598672,0.8151411470747725,286
1023.0,1018.0,63.0,36.8,105.5,20.269406697495008,17.129368175557673,0.8368917657685988,282
1020.0,1027.0,63.8,38.3,101.0,20.27082801801545,16.03281034776776,0.8103550247284962,286
1023.0,1021.0,63.8,36.8,104.0,20.27254971817129,17.063022744552057,0.8399821077271387,286
1020.0,1027.0,64.6,36.8,105.5,20.274967559548507,17.2522339715236,0.8497735898466786,286
1020.0,1024.0,65.3,38.3,104.0,20.275142199071126,16.447234367715605,0.8364276122507122,286
1029.0,1030.0,63.0,36.8,107.0,20.276588277517106,17.762340383005185,0.8591720112315195,286
1026.0,1027.0,63.8,36.8,104.0,20.276632955373174,16.932699865698318,0.8335675013668038,286
1017.0,1024.0,63.0,38.3,101.0,20.279342321313816,15.679891993912937,0.8056161951843708,286
1017.0,1018.0,62.3,38.3,101.0,20.282611419272968,15.462387664661362,0.7796683468606833,286
1023.0,1030.0,65.3,38.3,104.0,20.28392014095477,16.32694456912595,0.8468503639289361,286
1023.0,1030.0,63.8,36.8,107.0,20.287939493665558,17.558119234680053,0.8638176458888562,286
1023.0,1030.0,63.0,36.8,102.5,20.29555259369507,16.516370648013694,0.8402415271374764,286
1023.0,1021.0,65.3,38.3,104.0,20.295568010666752,16.32811138259201,0.8232639908084616,286
1023.0,1021.0,63.8,38.3,101.0,20.29729598009105,15.898073406795874,0.8017680450039375,286
1020.0,1024.0,64.6,38.3,102.5,20.298747692304236,16.11693330010377,0.823348112173548,286
1020.0,1027.0,64.6,36.8,107.0,20.300527099470845,17.570521530886754,0.8601047076975669,286
1023.0,1018.0,63.0,36.8,102.5,20.302897046726457,16.53784384753934,0.8148400602570626,282
1029.0,1024.0,65.3,38.3,105.5,20.304688311799463,17.129617490892496,0.8395103744116468,286
1017.0,1024.0,63.8,36.8,104.0,20.306739831801405,16.74079970880894,0.8436750492611794,282
1017.0,1027.0,64.6,36.8,107.0,20.309427309950856,17.502903762743834,0.8667013884367393,286
1023.0,1030.0,64.6,38.3,102.5,20.30960037740258,16.006328441321653,0.8376449082430493,286
1023.0,1024.0,65.3,38.3,105.5,20.310480852235557,16.966436476426573,0.8426977426478499,286
1023.0,1027.0,65.3,38.3,104.0,20.31247004591929,16.564250909833728,0.8331401551360479,286
1017.0,1024.0,65.3,38.3,107.0,20.31293632435211,16.998570748861926,0.8635928127712496,286
1020.0,1018.0,63.8,38.3,102.5,20.316888905115476,15.61369409029151,0.7971172203801442,286
1020.0,1021.0,63.0,36.8,102.5,20.32620626060979,16.559514595490143,0.8285570382988966,282
1023.0,1030.0,62.3,36.8,102.5,20.327188129056736,16.379572021931445,0.8348768251026253,286
1029.0,1021.0,63.0,36.8,102.5,20.327525941125323,16.89419250922521,0.8259126999347862,286
1017.0,1018.0,63.0,38.3,104.0,20.32870597797715,15.619239505701556,0.8025631411708826,286
1017.0,1018.0,65.3,39.8,102.5,20.331626737830035,15.627214563446303,0.7979336588971555,286
1026.0,1030.0,63.0,36.8,102.5,20.33618266318478,16.611782762877546,0.8376881403035908,286
1017.0,1027.0,65.3,38.3,101.0,20.33754186571192,16.003220058306983,0.8285858555164737,286
1026.0,1021.0,64.6,38.3,102.5,20.342788257774536,16.328303024083528,0.8116524869232967,286
1026.0,1030.0,65.3,38.3,104.0,20.34698645547457,16.538668653223635,0.8463057893933619,286
1023.0,1018.0,63.0,36.8,107.0,20.35009964346751,17.478480161102137,0.8478669820197842,282
1017.0,1024.0,63.8,36.8,105.5,20.352163675884857,17.122847462964085,0.8528346438443213,282
1023.0,1027.0,63.8,36.8,102.5,20.35299625120275,16.620525748744296,0.8265433207103865,286
1020.0,1030.0,62.3,36.8,104.0,20.356106708484003,16.41807955381901,0.8345632623172112,286
1017.0,1030.0,63.8,36.8,105.5,20.35794818642062,16.850547326262323,0.859156310161256,282
1017.0,1018.0,63.8,38.3,107.0,20.35951532934191,16.363744657730393,0.8321701737089531,286
1020.0,1018.0,62.3,36.8,104.0,20.361065151340316,16.771427293443505,0.8261284308144818,286
1029.0,1021.0,65.3,38.3,105.5,20.36218045896592,17.1452891092663,0.8371827702221457,286
1017.0,1030.0,63.0,36.8,102.5,20.362352383394235,16.12076030090704,0.8380965785713892,286
1020.0,1027.0,65.3,38.3,101.0,20.367896785121687,16.146043330894113,0.8166471143280363,286
1020.0,1030.0,64.6,36.8,107.0,20.36954614464695,17.46358364774294,0.8624273081937038,286
1029.0,1027.0,63.0,36.8,102.5,20.37003343838426,16.838220780021658,0.8328826390358782,286
1026.0,1021.0,63.8,36.8,107.0,20.372594627173427,17.70793867247479,0.8454361945929716,286
1017.0,1024.0,65.3,38.3,105.5,20.376042490514376,16.663959956458093,0.8516277869944759,286
1029.0,1024.0,63.8,38.3,101.0,20.376993261301074,16.351151503914316,0.8127735241853555,286
1026.0,1018.0,63.8,38.3,101.0,20.37770926324426,15.993268025223236,0.8012985355206039,286
1017.0,1027.0,64.6,36.8,101.0,20.383760333552537,16.391736759493668,0.8330702408221848,286
1029.0,1027.0,65.3,38.3,101.0,20.395522489360594,16.058085226901813,0.8207855998542246,286
1017.0,1030.0,64.6,36.8,107.0,20.397115897028762,17.42502172719909,0.8665374219349002,286
1017.0,1024.0,63.8,36.8,107.0,20.39741312014973,17.463202265894214,0.8613033675669595,282
1029.0,1030.0,63.0,36.8,105.5,20.404074942632036,17.54068391185294,0.8493057874757266,286
1020.0,1021.0,64.6,38.3,107.0,20.412149864805777,16.91671603830906,0.8465377378209341,286
1017.0,1024.0,63.8,36.8,102.5,20.413494649517155,16.51665040858952,0.8327320833428846,282
1017.0,1030.0,62.3,36.8,101.0,20.423636442394443,16.035912732085695,0.8286402844862827,286
1020.0,1024.0,63.8,38.3,101.0,20.426124239280075,16.08684509200641,0.8113452378103847,286
1023.0,1030.0,63.8,36.8,105.5,20.426730372903748,17.31187177999851,0.8536754613259752,286
1023.0,1021.0,63.8,36.8,102.5,20.426971574130103,16.887227545264626,0.8302957482821968,286
1020.0,1030.0,64.6,36.8,105.5,20.428137647118774,17.163888505901788,0.8537979139535602,286
1029.0,1030.0,65.3,38.3,102.5,20.428299925199255,16.31901388175028,0.8385298428927773,286
1026.0,1018.0,63.0,36.8,101.0,20.432496334056093,16.575115398324137,0.809717267937125,286
1026.0,1024.0,63.8,36.8,104.0,20.43272779111534,17.146826079712163,0.830003165579588,286
1020.0,1018.0,64.6,38.3,104.0,20.434134321051697,16.004806066132414,0.8121651458367283,286
1029.0,1018.0,63.8,38.3,101.0,20.442266561985537,16.165025941812367,0.7952643769242317,286
1017.0,1030.0,64.6,36.8,105.5,20.44536911326293,17.13582937747692,0.8566457363607604,286
1029.0,1018.0,64.6,38.3,104.0,20.450525720773534,16.750932532080114,0.820280042122647,286
1029.0,1030.0,62.3,36.8,101.0,20.45158138815643,16.514768601218083,0.8300073276472871,286
1017.0,1024.0,65.3,38.3,104.0,20.467349173360898,16.34889509112407,0.8392150674762285,286
1023.0,1027.0,64.6,36.8,107.0,20.46896083680602,17.68141476879203,0.8548131960417702,286
1023.0,1018.0,63.0,36.8,101.0,20.473224109771895,16.4349547535301,0.8025913460220373,282
1020.0,1030.0,63.0,36.8,104.0,20.4736592016578,16.582065657452848,0.838637898110028,286
1017.0,1021.0,63.0,38.3,101.0,20.48286514434897,15.877460689590942,0.7950662306312608,286
1026.0,1027.0,63.8,36.8,102.5,20.48937147452312,16.719006961527253,0.8241006009975959,286
1020.0,1027.0,64.6,38.3,101.0,20.495135095174753,16.197898183400326,0.8119477029795888,286
1020.0,1027.0,64.6,36.8,101.0,20.49762432198031,16.53147175198803,0.820246603863656,286
1026.0,1021.0,63.8,36.8,105.5,20.49771046481251,17.479231244799102,0.8326647275868437,286
1017.0,1027.0,65.3,36.8,104.0,20.504326742777216,17.059965028991275,0.8491953963669301,286
1020.0,1021.0,63.8,38.3,101.0,20.507300538430744,15.743855719877422,0.7958404857376081,286
1029.0,1018.0,63.0,36.8,102.5,20.509408368013318,17.20142954044252,0.8229969828319451,286
1023.0,1024.0,65.3,38.3,104.0,20.512681333772186,16.790362401341074,0.8307223723249971,286
1026.0,1027.0,64.6,38.3,101.0,20.513930501073183,16.151769864212383,0.8005984826035464,286
1023.0,1027.0,64.6,38.3,101.0,20.5150927473521,16.199756170940912,0.8123408355072839,286
1023.0,1024.0,64.6,38.3,101.0,20.51986771088219,16.247263082215916,0.8108612538816468,286
1023.0,1030.0,63.8,38.3,101.0,20.524838127182367,16.15780401778122,0.8245643691904985,286
1029.0,1024.0,65.3,38.3,104.0,20.52494996393208,16.95713901443598,0.8282718554059657,286
1020.0,1030.0,65.3,38.3,101.0,20.524955139606636,16.013259096284052,0.827969556961014,286
1029.0,1021.0,64.6,38.3,104.0,20.525098524289202,16.987403364868513,0.8233574689018189,286
1017.0,1021.0,63.8,38.3,104.0,20.531446373173868,16.102816820730315,0.8188878907252652,286
1020.0,1021.0,63.0,36.8,101.0,20.531502627788537,16.431724675371775,0.816508017298165,282
1023.0,1021.0,65.3,38.3,102.5,20.53257122241435,16.205572132422404,0.8104196216196504,286
1020.0,1024.0,65.3,38.3,102.5,20.54047527742636,16.359767653229287,0.8242060635645773,286
1023.0,1027.0,64.6,36.8,105.5,20.5422102592435,17.425591531830044,0.8438370497150407,286
1017.0,1030.0,63.8,36.8,104.0,20.542519641883292,16.633382535779816,0.8479602848083633,282
1017.0,1027.0,65.3,36.8,102.5,20.547948975858358,16.787846675144234,0.8404406662713096,286
1020.0,1030.0,64.6,36.8,104.0,20.54835670342162,16.94060321700669,0.8455536255016033,286
1020.0,1018.0,62.3,36.8,102.5,20.549040104485734,16.660441591637667,0.8125402186652142,286
1020.0,1030.0,63.8,36.8,101.0,20.549163271461786,16.294084365927375,0.8280620979648822,286
1026.0,1030.0,63.8,38.3,101.0,20.54993551532335,16.184014499403787,0.8251426969263866,286
1026.0,1030.0,63.8,36.8,107.0,20.550566252901618,17.849738273820574,0.8591632095154701,286
1017.0,1024.0,63.8,38.3,102.5,20.552004277054454,16.053122895912033,0.8141424043111902,286
1017.0,1030.0,65.3,38.3,101.0,20.561658414598096,16.145640928391423,0.8268006424645145,286
1017.0,1030.0,64.6,36.8,104.0,20.562613569626443,16.91663393203423,0.8464523803709105,286
1026.0,1024.0,65.3,38.3,102.5,20.565951518671813,16.319770506523447,0.8031361633528116,286
1026.0,1030.0,64.6,38.3,101.0,20.574474754825506,16.13445252807705,0.8288805009257365,286
1017.0,1024.0,64.6,38.3,101.0,20.57862665345967,15.883287326942861,0.8144812178048407,286
1026.0,1021.0,65.3,38.3,107.0,20.580309001072166,17.416297735120892,0.8374749145854669,286
1026.0,1027.0,65.3,38.3,101.0,20.587225060117085,16.21793433496003,0.8071872878936733,286
1029.0,1021.0,65.3,38.3,104.0,20.589090798822227,16.986093738572027,0.823478720323602,286
1029.0,1030.0,64.6,38.3,101.0,20.599508223373178,16.142702108015747,0.8258909007768381,286
1017.0,1018.0,63.8,38.3,105.5,20.599624299124766,16.120480315994577,0.8166316447563333,286
1023.0,1027.0,65.3,38.3,102.5,20.600604253452275,16.476080147395784,0.8223885510745789,286
1017.0,1027.0,65.3,36.8,105.5,20.601257307368954,17.455415395563943,0.8567323696787592,286
1023.0,1030.0,65.3,38.3,102.5,20.61121044245547,16.24454328605822,0.8359641687229721,286
1023.0,1030.0,63.8,36.8,104.0,20.615304859440407,17.12259505727139,0.8440798448800563,286
1029.0,1021.0,63.0,36.8,101.0,20.61697641152242,16.788656488924914,0.8133691245078798,286
1029.0,1030.0,63.0,36.8,104.0,20.61889944766648,17.332072719823014,0.8403903558554868,286
1023.0,1027.0,64.6,36.8,104.0,20.62193979256566,17.188302066291534,0.8344877548847627,286
1026.0,1030.0,65.3,38.3,102.5,20.623445063955597,16.399702305222338,0.8361375316792544,286
1020.0,1021.0,64.6,38.3,105.5,20.62950283963559,16.693141279835206,0.8323669462305945,286
1020.0,1024.0,64.6,36.8,104.0,20.630670273187807,17.230105931395737,0.8382640791570971,286
1017.0,1027.0,65.3,36.8,101.0,20.631870532978695,16.583415100238835,0.8317027155084339,286
1029.0,1024.0,64.6,38.3,102.5,20.633039079094488,16.659036652466753,0.8176744457122213,286
1017.0,1018.0,64.6,38.3,107.0,20.63341048146936,16.808317627978326,0.8382212813921842,286
1017.0,1024.0,63.8,36.8,101.0,20.63819836321963,16.434750435344252,0.8208066680504413,282
1029.0,1021.0,63.8,38.3,101.0,20.63900182427732,16.5277502318218,0.8044846637413532,286
1023.0,1030.0,63.0,36.8,101.0,20.641985383057094,16.599221868162815,0.8294678385819526,286
1023.0,1027.0,63.8,36.8,101.0,20.651888189214883,16.570531114670008,0.8141642795392249,286
1026.0,1030.0,63.8,36.8,105.5,20.660328628557092,17.577308465915724,0.8494676676421377,286
1020.0,1018.0,64.6,38.3,102.5,20.663990133744534,15.904120592853062,0.7980645849554739,286
1017.0,1024.0,65.3,38.3,102.5,20.66840018151456,16.214799380438492,0.8261397297685484,286
1023.0,1021.0,63.8,36.8,101.0,20.668741250400746,16.823697206594353,0.819655406990068,286
1020.0,1024.0,64.6,36.8,105.5,20.670272324509426,17.566191173644388,0.8475781134032043,286
1026.0,1021.0,63.8,36.8,104.0,20.672766305690068,17.28089579981559,0.8198963352304269,286
1026.0,1030.0,63.0,36.8,101.0,20.676232198867133,16.64671050693039,0.8282426452662194,286
1023.0,1018.0,64.6,38.3,107.0,20.67670455298542,17.1232795815674,0.8372781808699636,286
1020.0,1024.0,64.6,38.3,101.0,20.677493774131587,16.253525178171913,0.8107444067075595,286
1026.0,1024.0,63.8,36.8,102.5,20.682646923189683,16.998693295468605,0.8197059979090447,286
1029.0,1027.0,63.0,36.8,101.0,20.68401304231415,16.796848482524613,0.8233788827216543,286
1029.0,1018.0,65.3,38.3,107.0,20.68805723531267,17.544178202626618,0.8483312740233845,286
1020.0,1018.0,63.8,38.3,101.0,20.702420655586256,15.71497701502889,0.7824150085226887,286
1017.0,1018.0,65.3,39.8,101.0,20.706675221660944,15.869285967600533,0.7815182079709522,286
1017.0,1030.0,65.3,36.8,105.5,20.70872607225071,17.337489698327918,0.8541479762410145,286
1017.0,1018.0,63.0,38.3,102.5,20.710695758735106,15.697720119097921,0.7859416837789676,286
1020.0,1021.0,63.8,36.8,107.0,20.720853606780835,17.856191880181104,0.8578617580108568,282
1020.0,1024.0,64.6,36.8,107.0,20.722571127167924,17.913802696303627,0.8573949477786457,286
1020.0,1030.0,62.3,36.8,102.5,20.725752159291275,16.452219869098577,0.8251589517827957,286
1020.0,1024.0,64.6,36.8,102.5,20.7288538640157,16.980886481175098,0.8282460511499171,286
1017.0,1030.0,65.3,36.8,107.0,20.73126014265552,17.68826123542275,0.8635988138938391,286
1026.0,1018.0,65.3,38.3,107.0,20.731319777799744,17.50338254076966,0.8492634422019919,286
1023.0,1030.0,64.6,38.3,101.0,20.73593339155673,16.18779844150021,0.8268163230931811,286
1026.0,1018.0,64.6,38.3,107.0,20.73769106059833,17.25859966153137,0.8420533279633476,286
1026.0,1021.0,64.6,38.3,101.0,20.739501296845226,16.46227655753329,0.7986776507500688,286
1026.0,1021.0,65.3,38.3,105.5,20.739878067197896,17.226796097703268,0.8246208244361501,286
1017.0,1027.0,65.3,36.8,107.0,20.751518810020265,17.878131239801366,0.8639379334823717,286
1017.0,1030.0,63.0,36.8,101.0,20.756415762740883,16.2616826949255,0.827068115222586,286
1020.0,1030.0,64.6,36.8,102.5,20.758119188550754,16.7450639075375,0.8356568982675638,286
1026.0,1030.0,63.8,36.8,104.0,20.75925423472147,17.27269981728958,0.8398448913407255,286
1023.0,1030.0,62.3,36.8,101.0,20.761508142410182,16.500404967171395,0.823867654286671,286
1029.0,1030.0,65.3,38.3,101.0,20.763164900556713,16.281332043295812,0.8293597615398336,286
1017.0,1030.0,64.6,36.8,102.5,20.763786111666576,16.7518142397915,0.8352608856250079,286
1029.0,1021.0,65.3,38.3,102.5,20.76625461836135,16.791196472959868,0.8119386440140559,286
1017.0,1030.0,65.3,36.8,104.0,20.77247516169254,17.042060616619064,0.8440222935976187,286
1026.0,1027.0,63.8,36.8,101.0,20.779051824012893,16.62876778829991,0.8147131937457983,286
1020.0,1021.0,63.8,36.8,105.5,20.782968558989705,17.613255420462217,0.8463623548547007,282
1017.0,1021.0,63.0,36.8,107.0,20.786592011364565,17.70301322460153,0.8465328773322005,286
1017.0,1030.0,63.8,36.8,102.5,20.789268919843746,16.494614144990383,0.8365463022674761,282
1029.0,1018.0,64.6,38.3,102.5,20.790552114484928,16.681689580728175,0.80542056289574,286
1029.0,1024.0,65.3,38.3,102.5,20.80120553358064,16.820800696361047,0.8176983312158611,286
1023.0,1027.0,64.6,36.8,102.5,20.802765809849863,17.001969916760505,0.8237069408224537,286
1017.0,1021.0,64.6,38.3,107.0,20.803073127690123,17.126711284350346,0.8438357763873453,286
1020.0,1021.0,63.8,36.8,104.0,20.806569363057086,17.290886356519692,0.8352952157091664,282
1023.0,1024.0,65.3,38.3,102.5,20.810088944853867,16.70809068758391,0.818279323524535,286
1020.0,1018.0,62.3,36.8,101.0,20.812694342898894,16.638676895114074,0.7989040354492356,286
1020.0,1030.0,63.0,36.8,102.5,20.817180578788303,16.54766621552763,0.8280397575319502,286
1020.0,1021.0,64.6,38.3,104.0,20.82360057766304,16.463540876878646,0.8187270899448342,286
1017.0,1021.0,63.0,36.8,105.5,20.827115310630163,17.434111039932656,0.83570023803971,286
1029.0,1018.0,65.3,38.3,105.5,20.831043589814318,17.334595689658684,0.8338959061253517,286
1029.0,1018.0,63.0,36.8,101.0,20.840113738623458,17.14345519161882,0.8100685150368125,286
1029.0,1021.0,64.6,38.3,102.5,20.84222061784789,16.886662783200407,0.809991687019511,286
1023.0,1030.0,63.8,36.8,102.5,20.843390646145032,16.941917855578236,0.8345618272543436,286
1017.0,1018.0,64.6,38.3,105.5,20.845776576114943,16.564764356647263,0.8238353080017918,286
1029.0,1027.0,63.8,36.8,107.0,20.846463601130385,18.36503363089833,0.8568271738547333,286
1017.0,1021.0,62.3,36.8,107.0,20.847933297297967,17.556334977152154,0.8415742851757585,286
1023.0,1018.0,64.6,38.3,105.5,20.853427193405025,16.846530574936217,0.8206745418339237,286
1023.0,1021.0,65.3,38.3,101.0,20.856575047725944,16.252733013813884,0.7972524349269954,286
1029.0,1024.0,63.8,36.8,107.0,20.857586438024395,18.277166150500214,0.8433987194853958,286
1029.0,1027.0,63.8,36.8,105.5,20.85852587067464,18.047239330340997,0.8466404137474055,286
1020.0,1024.0,65.3,38.3,101.0,20.866355641827386,16.395027815929232,0.8118139146321195,286
1020.0,1018.0,63.0,36.8,107.0,20.872610612681846,17.961880970584616,0.8490528561456027,286
1026.0,1018.0,65.3,38.3,105.5,20.875059798127495,17.25344591619501,0.8346443552549531,286
1017.0,1018.0,65.3,38.3,107.0,20.875595493079565,17.131424795198775,0.8344880163230233,286
1029.0,1030.0,63.0,36.8,102.5,20.878520211299364,17.122771120909732,0.8301486672400721,286
1029.0,1024.0,63.8,36.8,105.5,20.88131722435143,17.96794444040032,0.8332903619933886,286
1026.0,1027.0,64.6,36.8,107.0,20.88621373172245,18.079881916972653,0.8480735719745538,286
1029.0,1030.0,63.8,36.8,107.0,20.889922200696372,18.25945211656747,0.8556026015061425,286
1029.0,1021.0,63.8,36.8,107.0,20.89249991117414,18.378897308088852,0.8459987242639335,286
1017.0,1021.0,63.8,38.3,102.5,20.904902077662424,16.180239428764327,0.8031183161543838,286
1017.0,1030.0,65.3,36.8,102.5,20.90984536861078,16.8078561498736,0.8333032112132551,286
1017.0,1018.0,63.8,38.3,104.0,20.91506959989933,16.06486802659789,0.8001719853942577,286
1020.0,1024.0,64.6,36.8,101.0,20.91856268482002,16.865370274992923,0.8176108365034249,286
1023.0,1024.0,64.6,36.8,105.5,20.92348100155532,17.83902788059729,0.8441857482272941,286
1029.0,1027.0,63.8,36.8,104.0,20.9261368132076,17.748623505183385,0.836872725761857,286
1020.0,1021.0,65.3,38.3,107.0,20.92672576187234,17.50329539244032,0.8465555486305598,286
1020.0,1018.0,63.0,36.8,105.5,20.930297476032177,17.76044645576376,0.8375376718857707,286
1023.0,1024.0,64.6,36.8,104.0,20.93320728182952,17.557120162355012,0.8348986251141088,286
1020.0,1027.0,65.3,36.8,104.0,20.933712087679044,17.470519674757686,0.8313794249528051,286
1020.0,1030.0,65.3,36.8,107.0,20.935542605576835,17.963438123148816,0.8578682611871058,286
1023.0,1024.0,64.6,36.8,107.0,20.937617114994364,18.142573361891436,0.8539938158776184,286
1023.0,1030.0,64.6,36.8,107.0,20.93782031478089,18.095158056481555,0.8600378682346519,286
1017.0,1024.0,65.3,38.3,101.0,20.937953749267635,16.201256447047346,0.8130271575521525,286
1026.0,1024.0,65.3,38.3,101.0,20.94139281968281,16.36735369614813,0.7914077589573182,286
1029.0,1024.0,63.8,36.8,104.0,20.947518670634135,17.685266351949803,0.8231841640719523,286
1029.0,1018.0,63.8,36.8,107.0,20.96268303909088,18.584034981507923,0.8486117142762899,286
1029.0,1021.0,63.8,36.8,105.5,20.963759114213477,18.109858169133783,0.8347775263537726,286
1023.0,1027.0,65.3,38.3,101.0,20.96704591590439,16.514577260321687,0.8103141359090982,286
1020.0,1030.0,65.3,36.8,105.5,20.970467105445827,17.66590995956403,0.8488718975965228,286
1026.0,1021.0,65.3,38.3,104.0,20.97224947700601,17.07494897367826,0.8113971584718047,286
1026.0,1030.0,63.8,36.8,102.5,20.97697313408068,17.044315256404882,0.831325581154726,286
1017.0,1030.0,64.6,36.8,101.0,20.97739485325083,16.706885332338004,0.8252701556843385,286
1026.0,1018.0,64.6,38.3,105.5,20.979389873555515,17.066424406566927,0.8254323824149358,286
1029.0,1018.0,63.8,36.8,105.5,20.979719949671214,18.319494926230583,0.8389128849875402,286
1020.0,1030.0,64.6,36.8,101.0,20.980463999110427,16.652263868473728,0.8257178274079701,286
1020.0,1030.0,65.3,36.8,104.0,20.98323964934036,17.347177347204546,0.841521295954974,286
1026.0,1024.0,63.8,36.8,101.0,20.98594119584024,16.952271420868442,0.8099352770910171,286
1020.0,1021.0,63.8,36.8,102.5,20.988072546622025,17.096596709566896,0.8220781260500277,282
1026.0,1027.0,64.6,36.8,105.5,20.98958471802544,17.840417721646013,0.837019225925407,286
1026.0,1030.0,65.3,38.3,101.0,20.989963332048447,16.414780728084025,0.8258881515145811,286
1017.0,1024.0,63.8,38.3,101.0,20.99550219464274,16.260961297803,0.8007372351183102,286
1020.0,1018.0,64.6,38.3,101.0,20.999021633645242,15.917206544534686,0.7827289498865184,286
1020.0,1027.0,65.3,36.8,102.5,21.000496046809968,17.193548785942927,0.8214492683137717,286
1023.0,1030.0,65.3,38.3,101.0,21.00115702033655,16.28382822102702,0.8253922237203165,286
1017.0,1024.0,64.6,36.8,104.0,21.002559380858795,17.406189030163922,0.8391372676664558,282
1029.0,1030.0,63.8,36.8,105.5,21.00617638917944,18.03083570337361,0.8453159741843949,286
1020.0,1027.0,65.3,36.8,105.5,21.006291875715544,17.84080535767715,0.8412488337433306,286
1017.0,1021.0,62.3,36.8,105.5,21.008742585460208,17.34085209577377,0.8281305702390444,286
1017.0,1021.0,63.0,36.8,104.0,21.011007897634343,17.216306167583863,0.8224963440739939,286
1017.0,1018.0,65.3,38.3,105.5,21.02002825781303,16.851095001070846,0.821397139127757,286
1026.0,1021.0,63.8,36.8,102.5,21.03082554794458,17.20343702677666,0.8060298144619219,286
1023.0,1027.0,64.6,36.8,101.0,21.042172866945474,16.885245075633808,0.8113997739125173,286
1029.0,1018.0,65.3,38.3,104.0,21.046115846498537,17.151272222427483,0.8188116407833912,286
1017.0,1024.0,64.6,36.8,102.5,21.046788478359332,17.093213003589998,0.8286192348016085,282
1023.0,1018.0,64.6,38.3,104.0,21.049698679991728,16.587256477703946,0.8046628882427114,286
1029.0,1024.0,64.6,38.3,101.0,21.04998090373199,16.764620710082074,0.806250432975742,286
1020.0,1018.0,63.0,36.8,104.0,21.05202615101045,17.550795142186026,0.8251564822743446,286
1029.0,1021.0,65.3,38.3,101.0,21.05286118850255,16.742110265128378,0.7995958015466325,286
1026.0,1018.0,65.3,38.3,104.0,21.057713833782014,17.004726333705346,0.8196288965386525,286
1029.0,1018.0,63.8,36.8,104.0,21.05862116978798,18.05562989144882,0.827483273264943,286
1017.0,1021.0,64.6,38.3,105.5,21.062362172698908,16.919167056472997,0.8290073224294813,286
1020.0,1021.0,65.3,38.3,105.5,21.06414826965159,17.233956068474757,0.8332797162971128,286
1023.0,1030.0,64.6,36.8,105.5,21.071762799981787,17.837362894297698,0.8495912313448584,286
1017.0,1030.0,65.3,36.8,101.0,21.075708911054075,16.652000229165196,0.8237278875282145,286
1017.0,1024.0,64.6,36.8,105.5,21.07590990790164,17.791905165264016,0.84908471155187,282
1017.0,1021.0,65.3,38.3,107.0,21.083320899208758,17.548685532361272,0.8461650537069585,286
1020.0,1027.0,65.3,36.8,107.0,21.09002085954677,18.205282916676264,0.8512493104321462,286
1023.0,1024.0,64.6,36.8,102.5,21.098663281879656,17.376378620797382,0.8238320254587763,286
1029.0,1027.0,63.8,36.8,102.5,21.101207251729278,17.493477882973167,0.8284473164847699,286
1026.0,1027.0,64.6,36.8,104.0,21.119438798645845,17.618321973262624,0.8271377886046859,286
1017.0,1030.0,63.8,36.8,101.0,21.12788391460711,16.583513491989162,0.8247207120210472,282
1029.0,1024.0,63.8,36.8,102.5,21.131390490437816,17.46281550851812,0.8139613279328453,286
1017.0,1018.0,64.6,38.3,104.0,21.13304773994715,16.411107734544846,0.8084564074981997,286
1023.0,1030.0,63.8,36.8,101.0,21.152056802927927,16.929223601228212,0.8238644265983803,286
1017.0,1024.0,64.6,36.8,107.0,21.159755082189477,18.17487167898229,0.8574749351399112,282
1029.0,1024.0,65.3,38.3,101.0,21.169221872619108,16.84415906510745,0.8063733117424748,286
1029.0,1018.0,64.6,38.3,101.0,21.17051734592219,16.756857481513517,0.7919425556864575,286
1017.0,1021.0,62.3,36.8,104.0,21.171080407860536,17.101675023226942,0.8146858968220932,286
1029.0,1021.0,63.8,36.8,104.0,21.17130918693555,17.924822376174607,0.8223507918326804,286
1023.0,1018.0,63.8,36.8,105.5,21.175452647503135,17.766580245785413,0.8265204584992545,282
1023.0,1018.0,63.8,36.8,104.0,21.17601241848891,17.444336803309344,0.81417403311852,282
1020.0,1030.0,65.3,36.8,102.5,21.178153621206203,17.155226334373,0.8309318710429683,286
1017.0,1018.0,63.0,38.3,101.0,21.181583065049306,15.919767522327952,0.7683864763774081,286
1020.0,1021.0,64.6,38.3,102.5,21.190127289666645,16.492532270121327,0.8022350046376143,286
1026.0,1018.0,64.6,38.3,104.0,21.193900128160134,16.827037740525444,0.8096215251491389,286
1029.0,1030.0,63.8,36.8,104.0,21.196665673680922,17.82785964933041,0.8362750983813456,286
1020.0,1024.0,65.3,36.8,104.0,21.19822895645965,17.769935707123977,0.8331065705694504,286
1026.0,1030.0,64.6,36.8,107.0,21.200763332638502,18.319368816104916,0.8564437764298523,286
1023.0,1024.0,65.3,38.3,101.0,21.20239322704997,16.80156817304166,0.8055731915070015,286
1017.0,1024.0,64.6,36.8,101.0,21.204752617260677,16.969201199464717,0.8171241002991438,282
1020.0,1027.0,65.3,36.8,101.0,21.207204729413824,17.051533926024177,0.8102267993339314,286
1020.0,1018.0,63.0,36.8,102.5,21.209648090215353,17.378280936597214,0.8114609769570347,286
1017.0,1021.0,63.8,36.8,107.0,21.210253420860013,18.156472244358795,0.8480079566150045,282
1023.0,1030.0,64.6,36.8,104.0,21.218763816321964,17.617309265189867,0.8401053868827436,286
1020.0,1030.0,62.3,36.8,101.0,21.219969634912548,16.634377879070673,0.8137268559647234,286
1029.0,1021.0,64.6,38.3,101.0,21.220508324853963,16.963448697781587,0.796833782382523,286
1023.0,1030.0,65.3,36.8,107.0,21.222781579315726,18.33887120320206,0.8613466174854612,286
1017.0,1018.0,65.3,38.3,104.0,21.223581724078297,16.5775918400113,0.8074668347076673,286
1029.0,1030.0,63.0,36.8,101.0,21.228618330585913,17.097555920732464,0.8204963957844441,286
1020.0,1024.0,65.3,36.8,105.5,21.242668931657803,18.1128594759435,0.8430689219953653,286
1029.0,1018.0,63.8,36.8,102.5,21.246380793665384,17.843265099971152,0.8150845360678485,286
1017.0,1021.0,63.0,36.8,102.5,21.247890370018027,17.113181745606592,0.8088533896143237,286
1023.0,1018.0,63.8,36.8,107.0,21.249050224226448,18.155982186334523,0.8381786535230938,282
1026.0,1027.0,64.6,36.8,102.5,21.254255415923634,17.365780227780004,0.8179668914685396,286
1017.0,1018.0,63.8,38.3,102.5,21.254297014458945,16.08574343065718,0.7834667061873528,286
1020.0,1021.0,65.3,38.3,104.0,21.254527547229298,16.963787553792006,0.8188032133790816,286
1023.0,1021.0,64.6,36.8,107.0,21.256378796897277,18.463999163231374,0.8509497589221072,286
1023.0,1021.0,64.6,36.8,105.5,21.262642429864535,18.15227082432194,0.8416447567396814,286
1017.0,1021.0,65.3,38.3,105.5,21.266356044876762,17.302401038602447,0.832024152976465,286
1026.0,1030.0,64.6,36.8,105.5,21.26720300465991,18.002881028068106,0.845839753391891,286
1023.0,1018.0,64.6,38.3,102.5,21.26775609210724,16.481703148370904,0.7894577319115471,286
1020.0,1021.0,63.8,36.8,101.0,21.26812403352518,17.034254170614275,0.8083295066380557,282
1023.0,1030.0,65.3,36.8,105.5,21.269701559825847,18.0341617280358,0.8518725133097451,286
1020.0,1030.0,63.0,36.8,101.0,21.283483521733633,16.70663737201661,0.8157428148279183,286
1026.0,1021.0,65.3,38.3,102.5,21.28529724065321,16.985683610478006,0.7979888377665479,286
1017.0,1021.0,63.8,38.3,101.0,21.28697091141256,16.334641511113773,0.7885575347192985,286
1023.0,1018.0,63.8,36.8,102.5,21.288976650577514,17.19854373794166,0.8011058350907123,282
1026.0,1030.0,63.8,36.8,101.0,21.294769350085883,16.996214999468833,0.8217672663968772,286
1017.0,1021.0,63.8,36.8,105.5,21.30597608384696,17.918965658764993,0.8360626974904801,282
1017.0,1021.0,64.6,38.3,104.0,21.312269101983414,16.730056608273586,0.8136264743639395,286
1020.0,1024.0,65.3,36.8,102.5,21.314561053300284,17.5530855991416,0.8219380823587087,286
1026.0,1024.0,64.6,36.8,107.0,21.334228840700085,18.533564143589356,0.8418089453354108,286
1026.0,1018.0,65.3,38.3,102.5,21.338408234787593,16.87297708671044,0.8046586108476309,286
1023.0,1030.0,65.3,36.8,104.0,21.344976647980356,17.751453313282287,0.8430043992181195,286
1023.0,1024.0,64.6,36.8,101.0,21.3535724532556,17.290627115689606,0.8127493984302355,286
1029.0,1027.0,63.8,36.8,101.0,21.35582564965285,17.323542109408407,0.8193217822672568,286
1023.0,1021.0,64.6,36.8,104.0,21.358627501432,17.93163216405997,0.8315477181196947,286
1029.0,1018.0,65.3,38.3,102.5,21.363476103166043,17.04084183911182,0.8027769741620687,286
1029.0,1024.0,63.8,36.8,101.0,21.370842164140306,17.29539358796185,0.8034254038950871,286
1020.0,1030.0,65.3,36.8,101.0,21.37428337176262,17.002076130158386,0.8203598428386801,286
1020.0,1024.0,65.3,36.8,107.0,21.376035199119293,18.507081987017052,0.8520432088572334,286
1026.0,1030.0,64.6,36.8,104.0,21.392830975886117,17.73493941593416,0.8367022446183199,286
1017.0,1021.0,62.3,36.8,102.5,21.39387214278278,16.993746182481857,0.8006390738219663,286
1017.0,1021.0,63.8,36.8,104.0,21.39764143798036,17.659145884523724,0.824257068761307,282
1026.0,1018.0,63.8,36.8,107.0,21.403129834326606,18.737559324190933,0.8387522703582748,286
1029.0,1030.0,63.8,36.8,102.5,21.40568785400237,17.574586404180025,0.8261839390748225,286
1026.0,1021.0,63.8,36.8,101.0,21.408068732862542,17.174918361965887,0.7929969950884621,286
1020.0,1018.0,63.0,36.8,101.0,21.419382967719027,17.292103387864504,0.79801483509131,286
1023.0,1027.0,65.3,36.8,107.0,21.42000572481589,18.393383420294533,0.8422765395991748,286
1017.0,1024.0,65.3,36.8,104.0,21.431976745889305,17.820421108731363,0.8325008467633173,286
1023.0,1030.0,64.6,36.8,102.5,21.43487923897135,17.43234295671136,0.8302918867560494,286
1023.0,1018.0,63.8,36.8,101.0,21.436745668944344,17.062388801449185,0.7887262121582448,282
1026.0,1024.0,64.6,36.8,105.5,21.439051277324072,18.309965946722325,0.8297094727294377,286
1017.0,1018.0,64.6,38.3,102.5,21.442383944725066,16.372634319398273,0.7924427153698419,286
1017.0,1021.0,65.3,38.3,104.0,21.445637535260374,17.019638930202863,0.8170870366055827,286
1023.0,1030.0,65.3,36.8,102.5,21.46391552587701,17.499256854576156,0.8341444421740883,286
1017.0,1024.0,65.3,36.8,102.5,21.46682794995494,17.514415026195604,0.8224271849598921,286
1020.0,1018.0,65.3,38.3,107.0,21.46734842963072,17.6493895144942,0.8240678537076094,286
1029.0,1018.0,63.8,36.8,101.0,21.471000965302366,17.65653138094623,0.8036133445902762,286
1023.0,1018.0,65.3,38.3,107.0,21.475980872485763,17.890267971735383,0.8312965560812527,286
1020.0,1021.0,64.6,36.8,107.0,21.478662770257294,18.566537793815687,0.8464973612874758,286
1020.0,1021.0,64.6,36.8,105.5,21.481366931368623,18.254630016118167,0.8362458965359092,286
1026.0,1018.0,63.8,36.8,105.5,21.486173816559127,18.509257979274746,0.8254897380962575,286
1023.0,1027.0,65.3,36.8,105.5,21.499350201146253,18.143125584460346,0.8307055280882327,286
1020.0,1021.0,65.3,38.3,102.5,21.50753017570354,16.82492229139906,0.8035905568483334,286
1017.0,1018.0,65.3,38.3,102.5,21.51218072622158,16.469451923640264,0.7919421516289294,286
1017.0,1021.0,63.0,36.8,101.0,21.51552820212294,17.091779013696396,0.7958286265624663,286
1029.0,1021.0,63.8,36.8,102.5,21.516939650611533,17.804379133462394,0.8088002825206966,286
1017.0,1021.0,63.8,36.8,102.5,21.529771172588486,17.460547659785252,0.8122352281833589,282
1026.0,1018.0,64.6,38.3,102.5,21.532738108394547,16.77626200277797,0.7936137781814436,286
1017.0,1024.0,65.3,36.8,105.5,21.533987900902776,18.22799615835567,0.8415549139661774,286
1020.0,1021.0,64.6,36.8,104.0,21.542139927992185,17.9895663910011,0.8244810555042689,286
1026.0,1027.0,64.6,36.8,101.0,21.557369876260992,17.269508452311022,0.8078461543695827,286
1026.0,1030.0,64.6,36.8,102.5,21.559794475189186,17.50447486003204,0.8287618364927559,286
1020.0,1024.0,65.3,36.8,101.0,21.561023557587422,17.44829242767957,0.8096481158936795,286
1020.0,1021.0,64.6,38.3,101.0,21.564237942408912,16.555377621629734,0.7864341768158036,286
1023.0,1021.0,64.6,36.8,102.5,21.56565954826744,17.793729095491578,0.8199920198514977,286
1029.0,1030.0,64.6,36.8,107.0,21.569347579094813,18.760847753957055,0.8504398316000754,286
1017.0,1018.0,63.8,36.8,107.0,21.570683180708276,18.42947272004019,0.8360706961252125,286
1026.0,1024.0,64.6,36.8,104.0,21.578624526947902,18.113391149783734,0.819610916603217,286
1023.0,1018.0,64.6,38.3,101.0,21.579544876990262,16.485972919462963,0.7736564693207104,286
1029.0,1024.0,64.6,36.8,107.0,21.581236856750152,18.839902003079672,0.8359874568109523,286
1017.0,1018.0,62.3,36.8,107.0,21.585349903121035,18.12401500798773,0.827025102297709,286
1017.0,1018.0,63.8,36.8,105.5,21.585453623160397,18.121083605106435,0.8234342998761693,286
1026.0,1018.0,63.8,36.8,104.0,21.594635176534286,18.25780754448254,0.8119504655024758,286
1017.0,1024.0,65.3,36.8,101.0,21.598425435514606,17.342143332189295,0.8118389526809476,286
1023.0,1018.0,65.3,38.3,105.5,21.605123265093173,17.58824751549032,0.8150229870709857,286
1017.0,1024.0,65.3,36.8,107.0,21.629441322373925,18.605973203271592,0.8495802987254322,286
1017.0,1021.0,64.6,36.8,107.0,21.630851696260738,18.548635069570512,0.8464952997724802,282
1017.0,1021.0,64.6,36.8,105.5,21.631232975510727,18.24125345146523,0.8354801756238919,282
1029.0,1030.0,64.6,36.8,105.5,21.63496260983644,18.47874410932423,0.8412733085631241,286
1017.0,1021.0,64.6,38.3,102.5,21.6464650909831,16.722531172469687,0.7976572891503483,286
1029.0,1024.0,64.6,36.8,105.5,21.656359797421953,18.55906948228641,0.8240093181446674,286
1017.0,1018.0,63.8,38.3,101.0,21.658919768472803,16.21005865883538,0.7664558718434102,286
1026.0,1021.0,65.3,38.3,101.0,21.66166949889781,17.057561078456462,0.785202329237343,286
1020.0,1018.0,65.3,38.3,105.5,21.662173903840298,17.394569666616505,0.8079314071491115,286
1020.0,1018.0,63.8,36.8,107.0,21.663528566477424,18.63283505242913,0.8435446620507319,286
1017.0,1021.0,64.6,36.8,104.0,21.672745841010144,17.964009014190808,0.8236686223431732,282
1026.0,1027.0,65.3,36.8,107.0,21.67507886452484,18.74129697537256,0.8411982914240351,286
1020.0,1021.0,64.6,36.8,102.5,21.683295449070688,17.756899578710318,0.8120676111352328,286
1020.0,1018.0,63.8,36.8,105.5,21.684689226001655,18.372650751843462,0.8321751148951151,286
1017.0,1021.0,62.3,36.8,101.0,21.689590882891874,17.00581018549835,0.7863854890964926,286
1023.0,1027.0,65.3,36.8,104.0,21.692138924503027,17.976461989446353,0.8189104005052249,286
1017.0,1018.0,62.3,36.8,105.5,21.69896689089648,17.887107713296665,0.8123602695807586,286
1026.0,1021.0,64.6,36.8,107.0,21.706882733502496,18.87853475942789,0.8337575183515721,286
1026.0,1018.0,65.3,38.3,101.0,21.707058691560395,16.929297919315026,0.7893223709709356,286
1017.0,1021.0,65.3,38.3,102.5,21.710026531917475,16.92721424248117,0.8015326884637782,286
1029.0,1030.0,63.8,36.8,101.0,21.71439135175841,17.451497124650952,0.8166773486921309,286
1017.0,1018.0,63.8,36.8,104.0,21.72381176635421,17.89207029991743,0.8094911128116515,286
1023.0,1030.0,65.3,36.8,101.0,21.72739647799821,17.357911844694726,0.8242904295250862,286
1023.0,1030.0,64.6,36.8,101.0,21.729284349105882,17.361944918992222,0.820282094961972,286
1026.0,1030.0,65.3,36.8,107.0,21.734616727715892,18.802580981707447,0.8528002371699364,286
1020.0,1018.0,63.8,36.8,104.0,21.735680915210676,18.09139479660194,0.8201154555008943,286
1017.0,1021.0,63.8,36.8,101.0,21.740648127181867,17.367955045505074,0.7997072610400623,282
1026.0,1030.0,65.3,36.8,105.5,21.74780456947661,18.459797509315536,0.8428853906355446,286
1029.0,1018.0,65.3,38.3,101.0,21.75340645836507,17.062827992594645,0.7872698649453829,286
1029.0,1021.0,64.6,36.8,107.0,21.786615994657296,19.034004909547658,0.8350754886498386,286
1029.0,1030.0,64.6,36.8,104.0,21.787250880157362,18.226742990395994,0.8321357819196159,286
1023.0,1018.0,65.3,38.3,104.0,21.79812541054357,17.330116132690307,0.7983344118472342,286
1026.0,1027.0,65.3,36.8,105.5,21.805523513532783,18.52515604715868,0.8292919730614771,286
1026.0,1030.0,64.6,36.8,101.0,21.830501715518707,17.356191405570534,0.8193232021615191,286
1026.0,1030.0,65.3,36.8,104.0,21.83391390930171,18.154043082239653,0.8340429636490881,286
1017.0,1018.0,64.6,38.3,101.0,21.836663889485337,16.45728521559396,0.7756753174991037,286
1017.0,1021.0,64.6,36.8,102.5,21.83744839469451,17.7629947012396,0.8101686385290625,282
1026.0,1018.0,63.8,36.8,102.5,21.839089620700584,18.09680220031116,0.7976550836953017,286
1020.0,1018.0,63.8,36.8,102.5,21.8450537464524,17.847432410698307,0.8065247875355901,286
1026.0,1018.0,64.6,36.8,107.0,21.849421229836064,19.095006646662547,0.8351626952522835,286
1017.0,1018.0,65.3,38.3,101.0,21.851929527346698,16.480577787600364,0.7764471223096377,286
1023.0,1021.0,64.6,36.8,101.0,21.85449257897113,17.74073512214829,0.8075604245662407,286
1029.0,1024.0,64.6,36.8,104.0,21.85666679673067,18.374234759827253,0.8113854832216002,286
1020.0,1021.0,65.3,38.3,101.0,21.861878804472205,16.85426950878396,0.7876925643311747,286
1020.0,1018.0,65.3,38.3,104.0,21.8638927672994,17.12030852047615,0.7922242416666451,286
1026.0,1024.0,64.6,36.8,102.5,21.86845716807423,18.021652681372068,0.8082349502585143,286
1026.0,1021.0,64.6,36.8,105.5,21.87483043818282,18.72808464082641,0.8216838721320622,286
1029.0,1021.0,64.6,36.8,105.5,21.878240833529112,18.78060402060262,0.8233842173214024,286
1017.0,1018.0,62.3,36.8,104.0,21.889176618926076,17.672733260796154,0.7975354136848686,286
1029.0,1021.0,63.8,36.8,101.0,21.889316166054783,17.711634239458437,0.7947108724482272,286
1029.0,1027.0,64.6,36.8,107.0,21.90750333605716,19.200619886918872,0.846974067929101,286
1026.0,1018.0,64.6,38.3,101.0,21.91219753723488,16.873131214069364,0.7781633573010239,286
1023.0,1018.0,64.6,36.8,107.0,21.91270424815655,18.865308586164772,0.8252171654277631,286
1026.0,1018.0,64.6,36.8,105.5,21.919268107768513,18.83431496221682,0.822214765134198,286
1017.0,1018.0,63.8,36.8,102.5,21.933009736578956,17.73220931079788,0.7947590176153577,286
1020.0,1021.0,64.6,36.8,101.0,21.957095125851144,17.689444979623968,0.7985877202159063,286
1023.0,1027.0,65.3,36.8,102.5,21.96273458829268,17.867680970716027,0.8060942357437233,286
1026.0,1030.0,65.3,36.8,102.5,21.966035416482182,17.91221085989467,0.8263078131218187,286
1029.0,1027.0,64.6,36.8,105.5,21.98159836672003,18.95196094206925,0.8359761748274833,286
1029.0,1030.0,64.6,36.8,102.5,21.98420786351274,17.988083152214287,0.823336616137735,286
1026.0,1027.0,65.3,36.8,104.0,21.984626680031166,18.32423635927223,0.8180859854675064,286
1023.0,1018.0,64.6,36.8,105.5,22.00727523566827,18.632591669714888,0.81214235349595,286
1023.0,1018.0,65.3,38.3,102.5,22.00750365727828,17.142681496040925,0.7824228792317764,286
1026.0,1018.0,64.6,36.8,104.0,22.0289356744414,18.577828271596662,0.8089526198131304,286
1017.0,1021.0,64.6,36.8,101.0,22.03258478298356,17.649842235356576,0.7973558708927186,282
1017.0,1021.0,64.6,38.3,101.0,22.036934599979773,16.834430519791507,0.7824622054150926,286
1020.0,1018.0,63.8,36.8,101.0,22.05669720808015,17.769583231181148,0.7926775586780896,286
1026.0,1018.0,63.8,36.8,101.0,22.072376794252875,17.977033198520484,0.7846720194208332,286
1029.0,1021.0,64.6,36.8,104.0,22.082614702405984,18.597404592953797,0.8108813303406073,286
1017.0,1021.0,65.3,38.3,101.0,22.084116885845898,16.98624775797172,0.7855597917751131,286
1026.0,1021.0,64.6,36.8,104.0,22.091743315313042,18.58904025770574,0.8082924395208891,286
1029.0,1018.0,64.6,36.8,107.0,22.097612223457922,19.433219613635465,0.8358295825829385,286
1029.0,1027.0,64.6,36.8,104.0,22.12389444898074,18.72162206309075,0.8253958944165688,286
1020.0,1021.0,65.3,36.8,105.5,22.12855780365748,18.81217272465515,0.8304780445213292,286
1020.0,1021.0,65.3,36.8,107.0,22.130649648997736,19.13520686669099,0.8409393426779533,286
1023.0,1018.0,64.6,36.8,104.0,22.139194331114545,18.44364695993103,0.7992473395867475,286
1023.0,1024.0,65.3,36.8,107.0,22.140532008219882,19.024843018002063,0.837677567401793,286
1029.0,1024.0,64.6,36.8,102.5,22.141444534847434,18.230890377380206,0.799916645169166,286
1017.0,1018.0,62.3,36.8,102.5,22.14511847996726,17.59909028292378,0.781691038132267,286
1026.0,1027.0,65.3,36.8,102.5,22.14917198474043,18.115905313826865,0.807972321636937,286
1020.0,1018.0,65.3,38.3,102.5,22.15396326020168,16.97743896742721,0.7757219999294995,286
1020.0,1021.0,65.3,36.8,104.0,22.200538695494078,18.53233141542153,0.8182222250652139,286
1017.0,1018.0,63.8,36.8,101.0,22.200834208778215,17.690379513824475,0.7796380910496524,286
1023.0,1024.0,65.3,36.8,105.5,22.20494402703114,18.75629055668501,0.8260156791194311,286
1026.0,1030.0,65.3,36.8,101.0,22.22183542494796,17.722440010931752,0.816665812018319,286
1029.0,1018.0,64.6,36.8,105.5,22.234962813517193,19.258896168467402,0.823396318971079,286
1017.0,1018.0,63.0,36.8,107.0,22.239940239216228,18.70396959318999,0.8213017018986017,286
1023.0,1027.0,65.3,36.8,101.0,22.247309132287068,17.750393973593457,0.7926000421913184,286
1029.0,1030.0,64.6,36.8,101.0,22.258486222048546,17.76547080128581,0.812946288255216,286
1026.0,1024.0,64.6,36.8,101.0,22.279438704834153,18.02063946570715,0.7956947791681047,286
1026.0,1018.0,64.6,36.8,102.5,22.29282140692922,18.424228948443204,0.7944651167841137,286
1023.0,1018.0,65.3,38.3,101.0,22.313469016480838,17.153521988662607,0.76615874043807,286
1023.0,1021.0,65.3,36.8,107.0,22.317899199234247,19.278996666045746,0.8380520859660161,286
1017.0,1018.0,63.0,36.8,105.5,22.329016406499985,18.439419197880472,0.8064079085414272,286
1023.0,1024.0,65.3,36.8,104.0,22.35414760935443,18.53934525613886,0.8138004322162198,286
1023.0,1018.0,64.6,36.8,102.5,22.36173716272486,18.326107593552344,0.786360875152396,286
1026.0,1021.0,64.6,36.8,102.5,22.37143604879581,18.4973795595984,0.795732370173884,286
1029.0,1027.0,64.6,36.8,102.5,22.38467233608165,18.547793583300436,0.8150953260782471,286
1023.0,1021.0,65.3,36.8,105.5,22.39845424129654,19.011456059556778,0.8271932674164596,286
1029.0,1021.0,64.6,36.8,102.5,22.402029783170327,18.45020667516279,0.7971143807918588,286
1029.0,1018.0,64.6,36.8,104.0,22.403795499476917,19.0849985182548,0.8104629834683753,286
1026.0,1027.0,65.3,36.8,101.0,22.40879894439724,17.96548629899846,0.7981073422697055,286
1029.0,1030.0,65.3,36.8,107.0,22.412816133574836,19.45749736343302,0.8430615162126879,286
1020.0,1021.0,65.3,36.8,102.5,22.43036890265296,18.388921399568037,0.8039290259908546,286
1017.0,1018.0,62.3,36.8,101.0,22.465109451016755,17.609614207302368,0.765374086784841,286
1029.0,1021.0,65.3,36.8,107.0,22.483604825816197,19.52656933518687,0.8266351947914203,286
1020.0,1018.0,65.3,38.3,101.0,22.490910112624082,16.94960933484892,0.759135237503638,286
1029.0,1024.0,64.6,36.8,101.0,22.507019494292003,18.136827462040447,0.7870552177861486,286
1026.0,1024.0,65.3,36.8,107.0,22.526898643305262,19.435739728616095,0.8264381351759781,286
1017.0,1018.0,63.0,36.8,104.0,22.540253221479237,18.242519515377282,0.7909000926427986,286
1023.0,1018.0,64.6,36.8,101.0,22.55012336785566,18.236994590902402,0.7751496955214794,286
1029.0,1024.0,65.3,36.8,107.0,22.55072966324793,19.62958788063216,0.8288342518181951,286
1029.0,1030.0,65.3,36.8,105.5,22.557605120549244,19.23021934209823,0.832459350055366,286
1023.0,1021.0,65.3,36.8,104.0,22.570611808691403,18.7951224316539,0.8151293676127682,286
1029.0,1021.0,65.3,36.8,105.5,22.589134853637066,19.30718037765297,0.8152132066341868,286
1023.0,1024.0,65.3,36.8,102.5,22.59926311718279,18.412266367677148,0.8012943007328335,286
1017.0,1021.0,65.3,36.8,107.0,22.614130888477344,19.43340935644213,0.8397381756081821,282
1026.0,1018.0,64.6,36.8,101.0,22.642610021596862,18.37283780742941,0.7792479995895121,286
1026.0,1018.0,65.3,36.8,107.0,22.644827006013713,19.618009688274334,0.8242760604213775,286
1017.0,1021.0,65.3,36.8,105.5,22.651951045616936,19.131530188070823,0.8270234337593376,282
1029.0,1027.0,65.3,36.8,107.0,22.657768876151618,19.731308643385727,0.8387445560492202,286
1029.0,1024.0,65.3,36.8,105.5,22.672603787757613,19.40877137095012,0.8164773355504592,286
1029.0,1018.0,64.6,36.8,102.5,22.678597261931536,18.94583900427591,0.7960567101145717,286
1026.0,1024.0,65.3,36.8,105.5,22.690185468516706,19.253600262918916,0.8132705554802874,286
1020.0,1021.0,65.3,36.8,101.0,22.70153550104351,18.307248710546034,0.7902661820072401,286
1026.0,1021.0,65.3,36.8,107.0,22.701614467073163,19.581728698132068,0.8225008424243044,286
1026.0,1018.0,65.3,36.8,105.5,22.719229118328464,19.357902463590534,0.8112532436226917,286
1026.0,1021.0,64.6,36.8,101.0,22.72031663920993,18.446629621790922,0.7820518295736069,286
1017.0,1021.0,65.3,36.8,104.0,22.727331141493792,18.87301621163067,0.8140497329316878,282
1029.0,1018.0,65.3,36.8,107.0,22.750578361789866,19.89951078559464,0.8274052333636429,286
1029.0,1030.0,65.3,36.8,104.0,22.75151869220549,19.001843451768003,0.8225784150134804,286
1029.0,1027.0,64.6,36.8,101.0,22.7517109575975,18.430411305775973,0.8034360555326856,286
1029.0,1021.0,64.6,36.8,101.0,22.78224845549126,18.34743166632564,0.7824653966602261,286
1017.0,1021.0,65.3,36.8,102.5,22.796756247315813,18.582711001579234,0.8010854488199604,282
1017.0,1018.0,63.0,36.8,102.5,22.80550571474585,18.14547675815844,0.7745029135047983,286
1029.0,1021.0,65.3,36.8,104.0,22.81435144507148,19.12631037890837,0.8020381525271948,286
1029.0,1027.0,65.3,36.8,105.5,22.81763464191965,19.510508150228283,0.8261831766278637,286
1023.0,1021.0,65.3,36.8,102.5,22.838249243690264,18.66421100272129,0.8019647791904141,286
1026.0,1024.0,65.3,36.8,104.0,22.8426183341834,19.05956614053087,0.8027100668894237,286
1029.0,1018.0,65.3,36.8,105.5,22.862204050879246,19.714205021302252,0.8153774745949721,286
1026.0,1021.0,65.3,36.8,105.5,22.86423206216468,19.41733161860164,0.8102401458334729,286
1026.0,1018.0,65.3,36.8,104.0,22.90500198218783,19.145300781482007,0.7968367617986457,286
1029.0,1024.0,65.3,36.8,104.0,22.914531654310103,19.245493584952886,0.8029787147825233,286
1017.0,1018.0,64.6,36.8,107.0,22.91548915164929,19.57087584189797,0.8221913928300898,286
1017.0,1021.0,65.3,36.8,101.0,22.939630792772718,18.409271984832213,0.787917158164701,282
1017.0,1018.0,64.6,36.8,105.5,22.95549797735486,19.278866722490445,0.8088625160293496,286
1023.0,1024.0,65.3,36.8,101.0,22.976787928966477,18.373227531884638,0.7880633940899417,286
1029.0,1018.0,64.6,36.8,101.0,22.99172668954867,18.827995191982023,0.7825341636233043,286
1029.0,1030.0,65.3,36.8,102.5,23.01183127331595,18.83401042389374,0.8126435663249274,286
1017.0,1018.0,64.6,36.8,104.0,23.013287419074896,19.0035915798302,0.7958030768803478,286
1029.0,1018.0,65.3,36.8,104.0,23.015887922117606,19.504215882712597,0.8024157750439783,286
1023.0,1018.0,65.3,36.8,107.0,23.03207858157521,19.85783440586419,0.8136878525274001,286
1029.0,1027.0,65.3,36.8,104.0,23.06164796248743,19.337252758489413,0.813604678393732,286
1026.0,1021.0,65.3,36.8,104.0,23.068937331306714,19.246008470873395,0.7969512355016126,286
1026.0,1024.0,65.3,36.8,102.5,23.080400656193802,18.929921494147493,0.7916552504505858,286
1020.0,1018.0,65.3,36.8,107.0,23.09065222759727,19.919159515254808,0.8329559417079612,282
1020.0,1018.0,65.3,36.8,105.5,23.091005801379065,19.601072747339806,0.8212674392779853,282
1023.0,1021.0,65.3,36.8,101.0,23.108520586325533,18.574483705889904,0.7899110394799248,286
1023.0,1018.0,65.3,36.8,105.5,23.108892186893417,19.612331140768173,0.8008712084471307,286
1017.0,1018.0,63.0,36.8,101.0,23.12274050428632,18.128397153470637,0.7577988924509848,286
1020.0,1018.0,65.3,36.8,104.0,23.124905783730544,19.322054957382164,0.8099330303070779,282
1029.0,1021.0,65.3,36.8,102.5,23.136673093700477,19.007071130658282,0.7885796588233374,286
1017.0,1018.0,64.6,36.8,102.5,23.148162604997175,18.763317812259984,0.7808798324608984,286
1026.0,1018.0,65.3,36.8,102.5,23.1507216416637,18.988468473364097,0.7821475076954003,286
1020.0,1018.0,65.3,36.8,102.5,23.166524302603428,19.0634581585195,0.7971562635208898,282
1023.0,1018.0,65.3,36.8,104.0,23.168471820859317,19.338814633995515,0.7893150231544851,286
1029.0,1024.0,65.3,36.8,102.5,23.253175026385613,19.160144077966066,0.7900186017785928,286
1029.0,1018.0,65.3,36.8,102.5,23.25460677664563,19.337360088972535,0.7881302375075868,286
1020.0,1018.0,65.3,36.8,101.0,23.297861853254798,18.901763102278387,0.7840654981488897,282
1020.0,1018.0,64.6,36.8,107.0,23.30361309192831,20.013196935765247,0.8234601750522741,286
1029.0,1027.0,65.3,36.8,102.5,23.347828822405933,19.19985343044267,0.8026616848625806,286
1029.0,1030.0,65.3,36.8,101.0,23.353574756184198,18.685452571379113,0.8010963500259595,286
1026.0,1021.0,65.3,36.8,102.5,23.366976183077423,19.161282806125083,0.7837456004176259,286
1026.0,1024.0,65.3,36.8,101.0,23.38030645182303,18.82757189782652,0.780741676332301,286
1020.0,1018.0,64.6,36.8,105.5,23.385981789020516,19.760655983829817,0.8100752453460978,286
1017.0,1018.0,64.6,36.8,101.0,23.399072500684913,18.70082864832837,0.7651900329458037,286
1026.0,1018.0,65.3,36.8,101.0,23.424230079800623,18.836623999852765,0.7680652668453511,286
1023.0,1018.0,65.3,36.8,102.5,23.457523100428848,19.2737657346887,0.7751494158936291,286
1020.0,1018.0,64.6,36.8,104.0,23.48666446372425,19.54867621135812,0.7974011290715295,286
1029.0,1021.0,65.3,36.8,101.0,23.49269492055871,18.879110578374885,0.7749841519058646,286
1029.0,1018.0,65.3,36.8,101.0,23.554867756173426,19.187032602739404,0.7747644335734194,286
1017.0,1018.0,65.3,36.8,107.0,23.567550812106678,20.195201328516497,0.8188696336413775,282
1017.0,1018.0,65.3,36.8,105.5,23.60157609638619,19.900274451817424,0.8056821948444198,282
1029.0,1024.0,65.3,36.8,101.0,23.611035057633,19.064016383421798,0.7769541681912482,286
1020.0,1018.0,64.6,36.8,102.5,23.613127041833113,19.320903709668173,0.7829498553284445,286
1029.0,1027.0,65.3,36.8,101.0,23.68964762161554,19.04621152096844,0.791434110746881,286
1017.0,1018.0,65.3,36.8,104.0,23.718643973634332,19.662045758965455,0.7916417084347629,282
1026.0,1021.0,65.3,36.8,101.0,23.752953527555096,19.105429765165365,0.7689534944102963,286
1020.0,1018.0,64.6,36.8,101.0,23.79256449129473,19.188458934841634,0.7685184800789603,286
1023.0,1018.0,65.3,36.8,101.0,23.79533182138825,19.25695780401107,0.7610126869683349,286
1017.0,1018.0,65.3,36.8,102.5,23.79924311720691,19.37602050326539,0.7773856447287042,282
1017.0,1018.0,65.3,36.8,101.0,23.961861851354378,19.21091655572985,0.7625389973660829,282
