C_rms,C_norm,delta_source_rms,flux_div_rms,corr_delta_flux,family,kind,seed,transition
2.1353713632105506e-12,1.0240207865722032e-11,0.20852812569540344,4.633958348786743,0.9999999999999996,calibration,legitimate_native,10000,0->1
0.025937762771650493,0.03820548796309289,0.6789014907623034,15.196351551780939,0.999306591089829,calibration,legitimate_native,10000,1->2
2.2961534131801464,0.4134894505930192,5.553112442103552,136.09124969502787,0.9285657724460791,calibration,legitimate_native,10000,2->3
21.915568931658974,0.6518276535095362,33.62172318558517,892.1412142745335,0.8391830425154252,calibration,legitimate_native,10000,3->4
92.30191702875865,0.6688445590630077,138.0020451349663,3689.438271240787,0.8325862261402187,calibration,legitimate_native,10000,4->5
408.20912614228644,0.7027550969361367,580.8696769632678,15776.905645602152,0.8196505702050034,calibration,legitimate_native,10000,5->6
0.8926451778707736,1.1240231100511096,0.7941519785177386,4.633958348786743,-0.37032557353701123,calibration,source_shuffled_control,10000,0->1
1.4556899719033736,1.7957603321942122,0.8106259749756962,27.91121484020759,0.05696314482575095,calibration,source_shuffled_control,10000,1->2
1.9256471454279998,2.416297943666509,0.7969411007691005,42.329265318731196,0.18374155285811172,calibration,source_shuffled_control,10000,2->3
1.373364638949179,1.762683425247695,0.7791328933574718,28.107426077179603,0.16351471348009852,calibration,source_shuffled_control,10000,3->4
1.7106769367773116,2.1225003686570605,0.8059725029575301,37.7621120583038,0.2241582452148682,calibration,source_shuffled_control,10000,4->5
1.3646543706407457,1.7147282357761096,0.7958429449366105,27.820911767249733,0.17068359914030856,calibration,source_shuffled_control,10000,5->6
0.20895177487740033,26.519382552503007,0.007879208648404074,4.633958348786743,-0.03683250024320487,calibration,forged_static_control,10000,0->1
0.208233705082726,25.106648926711504,0.008293965498300046,4.623674668764501,-0.00037390988456389665,calibration,forged_static_control,10000,1->2
0.20829279447783097,24.303018200463672,0.008570654412415278,4.628396992717894,0.01928983637702848,calibration,forged_static_control,10000,2->3
0.2079262051735086,23.292595473539016,0.008926707292758447,4.6296496556907885,0.06785670992761478,calibration,forged_static_control,10000,3->4
0.20887915677615615,24.065021548097732,0.008679781661265368,4.647465384386984,0.051072139860331364,calibration,forged_static_control,10000,4->5
0.2108876491514677,22.86648161733962,0.009222565579353071,4.6693617567647125,-0.06192296816814804,calibration,forged_static_control,10000,5->6
2.423570639971115e-17,2.388526495975026e-16,0.10146718573856635,2.2548263497459193,0.9999999999999999,calibration,legitimate_native,10001,0->1
3.332898194977404e-17,1.2360851929950534e-16,0.2696333716724563,5.991852703832362,1.0,calibration,legitimate_native,10001,1->2
0.334440781772166,0.2613424570853821,1.2797032110307274,30.318832335947487,0.9706498650910985,calibration,legitimate_native,10001,2->3
6.813885170396273,0.5834587591584461,11.678434958523626,302.0076927295891,0.8673297906003785,calibration,legitimate_native,10001,3->4
63.15966517310185,0.7531039761157594,83.86579698875536,2333.087051651074,0.8007169997054882,calibration,legitimate_native,10001,4->5
539.4603705325864,0.7372000079149607,731.7693498913776,20202.72408984945,0.8067943269486786,calibration,legitimate_native,10001,5->6
0.7000744330985671,1.060034715990482,0.6604259478279373,2.2548263497459193,-0.32566163229483513,calibration,source_shuffled_control,10001,0->1
0.9106806675848399,1.4258949507289893,0.6386730422836263,15.93142108838441,0.10150765747952069,calibration,source_shuffled_control,10001,1->2
0.952853991227566,1.4934469448640344,0.6380233278530483,17.659659598651835,0.12954066532377817,calibration,source_shuffled_control,10001,2->3
0.8918322300984621,1.3691276168608537,0.6513872174853461,15.419688476751082,0.12296528539913522,calibration,source_shuffled_control,10001,3->4
0.8689630461060764,1.378970617249341,0.6301534157852058,12.977617018876053,-0.023121276816627782,calibration,source_shuffled_control,10001,4->5
1.0663013249095206,1.6626858605455845,0.6413125585231985,21.16539835133068,0.14930960465979615,calibration,source_shuffled_control,10001,5->6
0.10183413789915524,11.895513660843058,0.00856071699861546,2.2548263497459193,-0.0008063778490863771,calibration,forged_static_control,10001,0->1
0.10263092209279874,12.266540482566205,0.008366736324077863,2.262734703201308,-0.05699842504226654,calibration,forged_static_control,10001,1->2
0.10142786543595007,11.321767672020247,0.008958658846607803,2.251252458784737,0.03122287774317639,calibration,forged_static_control,10001,2->3
0.10178441461699132,11.462358386916227,0.00887988315483272,2.26677508591341,0.06962992975144429,calibration,forged_static_control,10001,3->4
0.10386555551767597,11.846607919256604,0.008767534502617844,2.2914163532250678,-0.04394301927294283,calibration,forged_static_control,10001,4->5
0.10288764864541527,11.678345439348712,0.008810121048517963,2.282328792089048,0.02224923705762623,calibration,forged_static_control,10001,5->6
3.661620924785386e-17,2.2025915045959686e-16,0.16624148849748419,3.6942552999440923,1.0,calibration,legitimate_native,10002,0->1
1.1826831515402135e-12,2.750863347077455e-12,0.42993162493725634,9.554036109716806,1.0,calibration,legitimate_native,10002,1->2
0.6911192786276247,0.31388135014693014,2.201848813222657,52.985901776274304,0.9585907223439603,calibration,legitimate_native,10002,2->3
9.61385292028609,0.7094518387587345,13.551100151346638,371.47354115356984,0.8203611236220786,calibration,legitimate_native,10002,3->4
66.32102446399001,0.8182850763080324,81.04880118601365,2327.7129974853992,0.7759890166012505,calibration,legitimate_native,10002,4->5
400.8095762526778,0.8167966468460597,490.7091352535889,14079.909019610635,0.7762381461100619,calibration,legitimate_native,10002,5->6
0.9095800961272693,1.0873124981818048,0.8365397220770932,3.6942552999440923,-0.3591814572309103,calibration,source_shuffled_control,10002,0->1
1.6541185561976035,2.003794258188575,0.8254932099112452,35.768648968761916,0.20366584106295416,calibration,source_shuffled_control,10002,1->2
1.349271749743914,1.63191561881928,0.8268023986976855,24.214112979283485,0.028124863701653367,calibration,source_shuffled_control,10002,2->3
1.142376194543489,1.4113207555563028,0.8094376764705595,19.499431133521085,0.08493498971941417,calibration,source_shuffled_control,10002,3->4
1.4565904153850484,1.7673797809816967,0.8241524709582232,29.677339434080714,0.15602776329556797,calibration,source_shuffled_control,10002,4->5
1.4241502032874696,1.7309392828880412,0.822761500438283,26.83056057753783,0.053807887340116274,calibration,source_shuffled_control,10002,5->6
0.1664576700359899,20.446607832330276,0.008141088778852522,3.6942552999440923,-0.002214633376689477,calibration,forged_static_control,10002,0->1
0.16601363665414304,18.83847198740986,0.008812477887093039,3.697030673243472,0.06839132804501519,calibration,forged_static_control,10002,1->2
0.1671731458253355,19.031282062934054,0.008784123226235256,3.711247818699517,0.007521824523715082,calibration,forged_static_control,10002,2->3
0.1676710859164774,18.148404081428158,0.009238887728957748,3.7171798627866934,-0.015671471770851073,calibration,forged_static_control,10002,3->4
0.16765978467346623,18.46033148994505,0.009082164440246126,3.7176057216832423,-0.013416192510703816,calibration,forged_static_control,10002,4->5
0.1672231341256882,18.66452953744615,0.008959406939546126,3.7121392818153884,0.007170150422577294,calibration,forged_static_control,10002,5->6
2.486315099277734e-17,2.2100841177216718e-16,0.1124986627088195,2.4999702824182113,1.0,calibration,legitimate_native,10003,0->1
1.2436444270057965e-11,4.419161153870435e-11,0.28142092566536386,6.253798348119197,1.0,calibration,legitimate_native,10003,1->2
0.3570937619710437,0.2680627956240542,1.3321272758931773,31.72420436580756,0.9695414739507664,calibration,legitimate_native,10003,2->3
5.781688949129466,0.5152429556737518,11.22128674433571,282.3887674226619,0.89253715880375,calibration,legitimate_native,10003,3->4
69.28022370185018,0.7763060135143821,89.24344587701736,2511.4037532160137,0.7924524535257683,calibration,legitimate_native,10003,4->5
565.9691584826884,0.7122574270761515,794.6132072013693,21679.269695371797,0.8169897488316843,calibration,legitimate_native,10003,5->6
0.6648600510533147,1.0792292815609341,0.6160507885891223,2.4999702824182113,-0.3597463640045487,calibration,source_shuffled_control,10003,0->1
0.7602913815731427,1.260900198391237,0.6029750659745209,10.227264128657815,-0.0048138945932058,calibration,source_shuffled_control,10003,1->2
0.8414588516164131,1.3431552798193884,0.6264792037942234,13.126584922858765,0.04527797372077893,calibration,source_shuffled_control,10003,2->3
0.7272866197443433,1.1806822150727598,0.6159884592814349,8.287209090768942,-0.022789740484209984,calibration,source_shuffled_control,10003,3->4
0.9328716017680949,1.513711915896035,0.6162808064453756,16.98795774553229,0.10026580235726468,calibration,source_shuffled_control,10003,4->5
0.921421262909105,1.4681214639582911,0.6276192291043031,16.31568191769352,0.09138031547361897,calibration,source_shuffled_control,10003,5->6
0.11248909378057437,13.259425925236528,0.008483706697063645,2.4999702824182113,0.04062193817825974,calibration,forged_static_control,10003,0->1
0.1129617184139833,13.010902508998415,0.008682080687712158,2.5115321110713227,0.046565671188807035,calibration,forged_static_control,10003,1->2
0.11344796758024644,12.610531830196665,0.008996286318238917,2.524904551530262,0.0598696148456559,calibration,forged_static_control,10003,2->3
0.11490410282593451,12.406733440676874,0.009261429768650874,2.5427893843274867,-0.011383220795657548,calibration,forged_static_control,10003,3->4
0.11441670515579332,13.305076725094766,0.008599476291250147,2.542904179549785,0.03991643974070837,calibration,forged_static_control,10003,4->5
0.11528415670732695,12.53187968664205,0.00919926994657718,2.5522652607634373,-0.006983144128700625,calibration,forged_static_control,10003,5->6
2.398239468039022e-12,1.508892013354823e-11,0.15894042991306792,3.532009553623732,0.9999999999999993,calibration,legitimate_native,10004,0->1
0.012242746317159672,0.027880461632269815,0.4391156233621695,9.797608048532538,0.9996224574156559,calibration,legitimate_native,10004,1->2
0.9350451596482773,0.39816929393648004,2.3483607939874833,57.76211138603776,0.9348967020618514,calibration,legitimate_native,10004,2->3
12.763945870924072,0.7888412759158813,16.180626267706007,458.80051662890946,0.7884505528945845,calibration,legitimate_native,10004,3->4
80.6351985296208,0.7930047050517642,101.68312749615305,2883.88401158223,0.7857279119405628,calibration,legitimate_native,10004,4->5
491.0030311627902,0.8063778679219806,608.8994387051924,17382.302665741267,0.7804073710806033,calibration,legitimate_native,10004,5->6
0.7883515940969896,1.1014858341890812,0.7157165063097627,3.532009553623732,-0.36914907665431035,calibration,source_shuffled_control,10004,0->1
1.1291468821947515,1.6229723672318521,0.6957277297934877,22.433544390965096,0.16309276714079468,calibration,source_shuffled_control,10004,1->2
1.0672095970224613,1.5432300162610058,0.6915427928656455,20.640846142418898,0.15817899837314545,calibration,source_shuffled_control,10004,2->3
1.3563219456285605,1.9235851623140245,0.7051010635127556,28.683189374410855,0.17863055162067507,calibration,source_shuffled_control,10004,3->4
1.0171317580314976,1.4497453337925246,0.701593399111651,18.815979122678602,0.1473505550853721,calibration,source_shuffled_control,10004,4->5
1.0585721095707528,1.5260264334352929,0.6936787494969774,19.7658908201402,0.12319428199651054,calibration,source_shuffled_control,10004,5->6
0.1586889654653339,19.585524410166393,0.008102358790936317,3.532009553623732,0.06114871552046325,calibration,forged_static_control,10004,0->1
0.15956743692914077,18.387342913088812,0.008678111856401596,3.5485585272182014,0.04222559964119571,calibration,forged_static_control,10004,1->2
0.16044835817189296,18.46166559835983,0.008690891883800664,3.560595711066157,0.0017036513391420127,calibration,forged_static_control,10004,2->3
0.16093561640445184,18.514603116389228,0.00869236012666065,3.5632633761179853,-0.04141645878896504,calibration,forged_static_control,10004,3->4
0.15990404293995755,18.67562325765026,0.008562178732044802,3.555646286827514,0.03888092503599412,calibration,forged_static_control,10004,4->5
0.16080485049945636,18.058483743142396,0.008904669668185034,3.569573609626079,0.008438664717577059,calibration,forged_static_control,10004,5->6
2.589189816599988e-17,2.4644551389175955e-16,0.10506134808737584,2.3346966241639078,1.0,calibration,legitimate_native,10005,0->1
4.346504352115655e-12,1.6884358619287932e-11,0.2574278616817606,5.720619148483569,1.0,calibration,legitimate_native,10005,1->2
0.2723325298301838,0.23248378931089536,1.171404382236371,27.575980771346252,0.976621141230809,calibration,legitimate_native,10005,2->3
5.6166180362145175,0.5507852709728915,10.197473192670342,260.6950448163666,0.8801540481103496,calibration,legitimate_native,10005,3->4
53.010098655799325,0.7401639838702561,71.61939760682998,1980.074672392453,0.8061436268875467,calibration,legitimate_native,10005,4->5
382.9234693618988,0.7478632480444535,512.0233817645626,14208.297469276813,0.8032343268563898,calibration,legitimate_native,10005,5->6
0.6330969667157518,1.0721971090062532,0.5904669582912132,2.3346966241639078,-0.3314458352362611,calibration,source_shuffled_control,10005,0->1
0.7383190781108816,1.2763822475994842,0.5784466825851502,9.528144893904827,-0.05388897490002104,calibration,source_shuffled_control,10005,1->2
0.7316553629217867,1.2284512513848944,0.5955916939060495,10.339606982493686,0.06495129476071737,calibration,source_shuffled_control,10005,2->3
0.7500868644684815,1.2534257439250787,0.5984294377632401,10.167307991621886,0.008829126489418311,calibration,source_shuffled_control,10005,3->4
0.8657990553791612,1.4970354002604225,0.5783424050837492,14.871053849051274,0.042348082378899914,calibration,source_shuffled_control,10005,4->5
0.7810624232082901,1.330207620918141,0.5871733176050928,13.90189071800647,0.17285799866377355,calibration,source_shuffled_control,10005,5->6
0.10544906036663244,12.579834935065833,0.008382387235691156,2.3346966241639078,-0.006709726285489164,calibration,forged_static_control,10005,0->1
0.10561677830934876,12.635528348497164,0.008358713839329259,2.337367289529886,-0.012573245914791949,calibration,forged_static_control,10005,1->2
0.10527938653051373,12.346763128201893,0.008526880534646076,2.335534641461157,0.019529755216863297,calibration,forged_static_control,10005,2->3
0.10551033225090962,11.261487676520725,0.009369128131215052,2.339346128442045,0.019075050182183775,calibration,forged_static_control,10005,3->4
0.1063273978754774,11.525973961157005,0.00922502399431328,2.3492255160234254,-0.02309696734305071,calibration,forged_static_control,10005,4->5
0.10659440248127694,11.655134189534742,0.009145702579885772,2.3481573321500893,-0.05861946259510772,calibration,forged_static_control,10005,5->6
1.710847395572458e-11,7.606211918878544e-11,0.22492765205764773,4.998392267947727,0.9999999999999997,calibration,legitimate_native,10006,0->1
0.05232144917012348,0.06478984701352637,0.8075562995913592,18.151307437780716,0.9980084529857476,calibration,legitimate_native,10006,1->2
2.9586368148221522,0.4061706187115451,7.284221650008494,177.5914052600226,0.9304831964033214,calibration,legitimate_native,10006,2->3
36.86954729082117,0.6781673593025733,54.36644330399447,1460.2863695587846,0.8291118032259258,calibration,legitimate_native,10006,3->4
258.94291075976844,0.7298937819058036,354.7679363467388,9760.381486486183,0.8089039682169991,calibration,legitimate_native,10006,4->5
1690.1909258374594,0.7710114393210229,2192.173604227097,61513.30470112989,0.7929986602468618,calibration,legitimate_native,10006,5->6
0.8888076181325858,1.1417752721663137,0.7784435682377826,4.998392267947727,-0.38097404130573576,calibration,source_shuffled_control,10006,0->1
1.5402127642773829,1.9867363652613652,0.7752476821895913,32.212006176614416,0.14742507776123184,calibration,source_shuffled_control,10006,1->2
0.8679755789344509,1.121975313838305,0.7736137926627903,5.414884158015806,-0.25341370488409176,calibration,source_shuffled_control,10006,2->3
1.5074980549868984,1.9343651378378155,0.7793244530541822,31.26696667923417,0.14390032521702054,calibration,source_shuffled_control,10006,3->4
1.1686821063526276,1.5211139553417086,0.7683067404170759,19.996358746732227,0.024792225548091226,calibration,source_shuffled_control,10006,4->5
1.4116765935260092,1.8106158447511134,0.7796665404247812,27.697512987486263,0.08698994198403574,calibration,source_shuffled_control,10006,5->6
0.22494529875850058,27.63447039239101,0.008140024684025339,4.998392267947727,0.01711334492068599,calibration,forged_static_control,10006,0->1
0.22540322072573965,26.296851651784927,0.008571489751458081,5.002143473825864,-0.017430045247201265,calibration,forged_static_control,10006,1->2
0.22546108891902253,26.118478532417825,0.008632243356775374,5.005332644105106,-0.006552481396274256,calibration,forged_static_control,10006,2->3
0.22518744337582786,24.86845003324533,0.009055144900721056,4.999223329360464,-0.004455798632426483,calibration,forged_static_control,10006,3->4
0.22533043792241875,25.12315375669902,0.008969033704185378,4.997565581953777,-0.029513219991090106,calibration,forged_static_control,10006,4->5
0.22518488042423054,24.092038408658894,0.009346857767388363,4.99448012202957,-0.02578844014879367,calibration,forged_static_control,10006,5->6
2.7867896007947824e-17,2.4786867385965883e-16,0.11243008374611195,2.4984463054691544,0.9999999999999999,calibration,legitimate_native,10007,0->1
6.403457813890349e-17,2.4728626054321584e-16,0.25894919414831996,5.7544265366293335,1.0,calibration,legitimate_native,10007,1->2
0.16040745075315377,0.14706442019825872,1.0907291538622514,25.089615317034944,0.9903950932299004,calibration,legitimate_native,10007,2->3
4.940931354779409,0.5093643284147069,9.700191157177596,243.29896387372972,0.8946181393682643,calibration,legitimate_native,10007,3->4
43.85130542357507,0.7073255245947611,61.99593242162569,1687.811677854058,0.8188902094264587,calibration,legitimate_native,10007,4->5
324.80236679547204,0.739017509438182,439.5056445166708,12144.435072520217,0.8066406182282332,calibration,legitimate_native,10007,5->6
0.6708115705527591,1.0798934977785821,0.6211830804174419,2.4984463054691544,-0.3685528811267639,calibration,source_shuffled_control,10007,0->1
0.8810074667457031,1.430827164967214,0.6157329738250136,14.272078474394489,0.019596207902152996,calibration,source_shuffled_control,10007,1->2
0.7982887343060394,1.2649418496197729,0.6310872972390423,11.652681747147197,0.054913120414021716,calibration,source_shuffled_control,10007,2->3
0.9451732524730785,1.482545021104234,0.6375342654259137,16.59204328444613,0.07456581916626556,calibration,source_shuffled_control,10007,3->4
0.8531300333484142,1.3610807007004122,0.6268034155126238,13.526052877339106,0.04694989113197453,calibration,source_shuffled_control,10007,4->5
0.9212431420601279,1.4834014527006114,0.6210342715382638,16.830068125080118,0.11860784854556722,calibration,source_shuffled_control,10007,5->6
0.11245541254065003,12.975188048219659,0.008666957206904769,2.4984463054691544,0.03650509034828057,calibration,forged_static_control,10007,0->1
0.11325210642650484,12.729368963297347,0.008896913430954528,2.508877826240934,-0.0002560996835455762,calibration,forged_static_control,10007,1->2
0.11363313297132813,12.854793270599144,0.008839746989664237,2.513899679551467,-0.01868836582383734,calibration,forged_static_control,10007,2->3
0.11387488410253255,12.531954728840963,0.009086760528148646,2.5154082616323685,-0.035127718376920594,calibration,forged_static_control,10007,3->4
0.11315309268251397,11.999083525251914,0.009430143597659044,2.509141859476411,0.016510664177936386,calibration,forged_static_control,10007,4->5
0.1137066203522055,12.375386869734662,0.009188125524778571,2.516870307912719,-0.008145260758071537,calibration,forged_static_control,10007,5->6
3.062021912984175e-17,2.525996700049797e-16,0.12122034394042731,2.6937854208983847,1.0,calibration,legitimate_native,10008,0->1
4.0352298496665244e-17,1.376498433911111e-16,0.29315179272932756,6.514484282873946,1.0,calibration,legitimate_native,10008,1->2
0.3477861396529898,0.2537453325909182,1.370610981680347,32.28784497776307,0.9717699488043275,calibration,legitimate_native,10008,2->3
6.678381114257692,0.5882984033713448,11.352029982399726,295.27830532233014,0.8663384894134137,calibration,legitimate_native,10008,3->4
60.040320370255515,0.6891608314372931,87.12091231933199,2351.6682929250055,0.8251120448924767,calibration,legitimate_native,10008,4->5
491.3969596862957,0.7615873718240943,645.2272948126473,18023.157037821267,0.7972022104646452,calibration,legitimate_native,10008,5->6
0.7988713090442805,1.0662132133064683,0.7492603711978597,2.6937854208983847,-0.34191842857206706,calibration,source_shuffled_control,10008,0->1
1.050836454860017,1.4051993713451367,0.7478201847250311,16.09612516877528,-0.01887573743761504,calibration,source_shuffled_control,10008,1->2
1.0230294526726098,1.3434776349159792,0.7614785871691212,16.6137012114272,0.08146610542990239,calibration,source_shuffled_control,10008,2->3
1.14440630988584,1.5307673102010444,0.7476030489603095,21.35020442197983,0.12068374981264436,calibration,source_shuffled_control,10008,3->4
0.9917071095900217,1.3125965742658152,0.7555307759599513,13.723889113400386,-0.03357026383434176,calibration,source_shuffled_control,10008,4->5
0.9284884081000194,1.2666129586460049,0.7330482453187201,12.414564751868445,-0.015442613650727095,calibration,source_shuffled_control,10008,5->6
0.12104890909311371,14.027870232012644,0.008629171289951122,2.6937854208983847,0.05772682926352768,calibration,forged_static_control,10008,0->1
0.12183749731767135,13.595325958354609,0.008961718468211772,2.7072657127121826,0.03653650971933382,calibration,forged_static_control,10008,1->2
0.12167681132507244,13.613552365261482,0.008937916749930023,2.7124224883250405,0.08006071234288385,calibration,forged_static_control,10008,2->3
0.12307253408071663,13.99097527096867,0.008796564764510543,2.7318472286728306,0.02015754289099818,calibration,forged_static_control,10008,3->4
0.12352181808148369,13.480528987675255,0.009162979042876291,2.7362459832207797,-0.005440649449271798,calibration,forged_static_control,10008,4->5
0.12328422436182931,13.335866190764696,0.00924455969056884,2.7360672180617867,0.02028702809683287,calibration,forged_static_control,10008,5->6
4.0769439528620416e-17,1.4186217055029392e-16,0.28738767515406366,6.3863927812014145,1.0,calibration,legitimate_native,10009,0->1
0.08874153146831647,0.07497856684155384,1.1835586505790143,26.692380142245277,0.9973772723098406,calibration,legitimate_native,10009,1->2
4.384786446747167,0.4798715160028163,9.137417621265026,228.1839622128129,0.906074400894895,calibration,legitimate_native,10009,2->3
37.688058497525844,0.6556245456696066,57.484209134327656,1527.4967908451451,0.8375777321408799,calibration,legitimate_native,10009,3->4
160.49410327167027,0.6201047317138959,258.81773684819905,6767.568927024869,0.8508727421459427,calibration,legitimate_native,10009,4->5
543.1406513060314,0.6700310741038099,810.6200925559028,21683.545579954465,0.8321351367162341,calibration,legitimate_native,10009,5->6
0.9849828253290689,1.1533282666120066,0.8540351023123762,6.3863927812014145,-0.322327400270865,calibration,source_shuffled_control,10009,0->1
1.156722202611793,1.3641762822816093,0.8479272189903332,15.675526462702882,-0.10169723554161438,calibration,source_shuffled_control,10009,1->2
1.5391025337952629,1.7578915137215427,0.8755389738352031,30.977392530062183,0.14037387027374174,calibration,source_shuffled_control,10009,2->3
1.4234672418527656,1.6578280406767782,0.8586338300888149,24.252262367928573,-0.05232559704334069,calibration,source_shuffled_control,10009,3->4
1.320960444443669,1.522009296670449,0.8679056335670194,22.99953996636531,0.044379156971592545,calibration,source_shuffled_control,10009,4->5
1.6648833931590936,1.9182850508281748,0.8679019786564224,35.159162126713895,0.1774019021994445,calibration,source_shuffled_control,10009,5->6
0.28714224599618854,33.48671418941186,0.008574810024217474,6.3863927812014145,0.045941063373296544,calibration,forged_static_control,10009,0->1
0.28820888626522234,33.21563717111097,0.008676902736047843,6.398845244613264,-0.015210579805084518,calibration,forged_static_control,10009,1->2
0.2877007113085703,32.80941961494075,0.008768843883118785,6.3933201290260735,0.015558724982521987,calibration,forged_static_control,10009,2->3
0.288282280584201,32.45964027741892,0.008881252092159167,6.402394647434193,-0.004290994928846715,calibration,forged_static_control,10009,3->4
0.28759764656516895,31.707031334389615,0.009070468055651988,6.399868024796914,0.059782105358131464,calibration,forged_static_control,10009,4->5
0.28957862604022405,32.906323013109066,0.008800089667221102,6.432917742149318,0.004184257421619814,calibration,forged_static_control,10009,5->6
2.5847795811586253e-17,2.6088731172436043e-16,0.09907647627573524,2.2016994727941164,1.0,calibration,legitimate_native,10010,0->1
3.610632402423932e-17,1.4780233476157703e-16,0.2442879128714769,5.428620286032819,1.0,calibration,legitimate_native,10010,1->2
0.2832693390889104,0.2504645171053578,1.1309759247026945,26.885248082867868,0.9734337907331733,calibration,legitimate_native,10010,2->3
4.657534689428721,0.5070161170307448,9.186166933307327,229.43002070741628,0.8938360256108039,calibration,legitimate_native,10010,3->4
48.04068459163296,0.7439226198505982,64.57752904534216,1790.9932372177411,0.8048478774505958,calibration,legitimate_native,10010,4->5
422.8006443873852,0.7118318837311247,593.9613749394441,16201.668868038889,0.816673700488193,calibration,legitimate_native,10010,5->6
0.6492798635444967,1.0670887060333545,0.608459126974504,2.2016994727941164,-0.3444172030458557,calibration,source_shuffled_control,10010,0->1
0.7364045883775788,1.1989963617945432,0.6141841715652936,8.766385730312537,-0.01962333875752669,calibration,source_shuffled_control,10010,1->2
0.7832493875868346,1.2695297827704817,0.6169602296434731,10.991319815795555,0.019454956821824534,calibration,source_shuffled_control,10010,2->3
0.7783351606317053,1.2703377517120127,0.6126993851142489,11.101858359807183,0.031549088844071635,calibration,source_shuffled_control,10010,3->4
0.7894016430186681,1.3241927072366144,0.596138037447612,12.886009990400103,0.09991674968641304,calibration,source_shuffled_control,10010,4->5
0.782558961073634,1.2821870871443304,0.6103313374761491,11.07664274201709,0.014144957768122864,calibration,source_shuffled_control,10010,5->6
0.09929030376438899,11.445289321789614,0.008675210344405203,2.2016994727941164,0.019527431743949136,calibration,forged_static_control,10010,0->1
0.09957539545769657,11.235169343702209,0.008862828959346614,2.2052603283431917,0.0064618244153765774,calibration,forged_static_control,10010,1->2
0.0996219545501036,10.943808934671521,0.00910304119899959,2.2087106088358515,0.020624632621774358,calibration,forged_static_control,10010,2->3
0.10048404702598272,11.060407258195248,0.009085021339618526,2.218844124153019,-0.024861962027801547,calibration,forged_static_control,10010,3->4
0.1005915349918077,11.12191434544478,0.009044443316639351,2.2250823126519554,-0.006196850382219447,calibration,forged_static_control,10010,4->5
0.09984197722903508,10.963599405297165,0.009106677704513365,2.2239454947641777,0.07213306372756459,calibration,forged_static_control,10010,5->6
2.7247538960966932e-17,2.8520488699829865e-16,0.09553671734918268,2.1230381633151705,0.9999999999999999,calibration,legitimate_native,10011,0->1
3.36541692369321e-17,1.5429683672667375e-16,0.21811314992964706,4.846958887325491,0.9999999999999999,calibration,legitimate_native,10011,1->2
0.1033880624146729,0.11794131189803972,0.876606005418276,20.012698115822833,0.9936775900453898,calibration,legitimate_native,10011,2->3
3.9269355327094346,0.4751729185144804,8.264224199710137,205.70082629428757,0.9075637690250985,calibration,legitimate_native,10011,3->4
48.62129556086491,0.7321103336656503,66.41252462137463,1830.178118111809,0.8093596906722956,calibration,legitimate_native,10011,4->5
427.1297847815955,0.7161537797171721,596.4218815539368,16302.07006380514,0.815336366907523,calibration,legitimate_native,10011,5->6
0.6848053529642328,1.0574875681738694,0.6475776855602253,2.1230381633151705,-0.32710456523753245,calibration,source_shuffled_control,10011,0->1
1.0041372461413873,1.543778026394165,0.6504414672509583,18.30183517331839,0.0873267664055542,calibration,source_shuffled_control,10011,1->2
0.8592879769059819,1.2830955424674368,0.669699135553418,14.40120308524809,0.15126746522313825,calibration,source_shuffled_control,10011,2->3
0.8135205728178733,1.2239042577527177,0.6646929826747411,10.984763239251228,0.03728477736622301,calibration,source_shuffled_control,10011,3->4
0.8282945564138209,1.2741705017518448,0.6500657125563936,11.5237336067035,0.008109346097131901,calibration,source_shuffled_control,10011,4->5
0.8164906278501373,1.2784304336682342,0.63866644994435,11.099590872707637,-0.014626224310509953,calibration,source_shuffled_control,10011,5->6
0.09613924301849978,11.266768630576163,0.00853299068295634,2.1230381633151705,-0.02738836497652192,calibration,forged_static_control,10011,0->1
0.09620927580099765,11.327264110183368,0.00849360123838201,2.1261698382573844,-0.0186687897140043,calibration,forged_static_control,10011,1->2
0.09577897008825761,10.87049219056911,0.00881091283988596,2.1248912236794455,0.028341173968010364,calibration,forged_static_control,10011,2->3
0.09658924652855437,10.71831354896473,0.009011607597500287,2.134973528433723,-0.010559324879245055,calibration,forged_static_control,10011,3->4
0.0969629825760199,10.710749735886223,0.009052865042714707,2.1428362819476905,-0.012399156123421805,calibration,forged_static_control,10011,4->5
0.09677721708784363,10.96055439315977,0.008829590425433742,2.1405732410062983,-0.005410220705022601,calibration,forged_static_control,10011,5->6
2.8931371033302e-14,2.5963348330664733e-13,0.11143158580782248,2.4762574623960547,1.0,calibration,legitimate_native,10012,0->1
6.316521936487568e-14,2.3599108169272823e-13,0.2676593482932069,5.947985517626821,0.9999999999999996,calibration,legitimate_native,10012,1->2
0.23167069071146038,0.19720741905412917,1.1747564651746918,27.45253853221905,0.9832558199653161,calibration,legitimate_native,10012,2->3
5.428239903214617,0.4984816897079365,10.889547228698762,272.8678773463719,0.8991994286520765,calibration,legitimate_native,10012,3->4
65.65629484349586,0.7341133461168009,89.43618201475323,2466.0809626646774,0.8086059839760447,calibration,legitimate_native,10012,4->5
563.2499288527074,0.7120025144870493,791.0785669876176,21580.235373633004,0.817087894657354,calibration,legitimate_native,10012,5->6
0.6405263882539635,1.080792673019652,0.5926450124644065,2.4762574623960547,-0.3530389707086644,calibration,source_shuffled_control,10012,0->1
0.6814915136248354,1.1379157354587761,0.5988945325658592,5.914179748062212,-0.11019626747833389,calibration,source_shuffled_control,10012,1->2
0.7665204183400823,1.323861531609971,0.57900346729166,12.596780403473705,0.10588888779538828,calibration,source_shuffled_control,10012,2->3
0.8223040956312745,1.3414770464882861,0.6129840957341925,12.427218665150775,0.017990605596694343,calibration,source_shuffled_control,10012,3->4
0.7613950259163231,1.258149407267526,0.6051705944143682,10.06524820238392,-0.015298055208114588,calibration,source_shuffled_control,10012,4->5
0.7795405706116892,1.2800537078244896,0.6089905170123688,11.618866418848283,0.05760605325078154,calibration,source_shuffled_control,10012,5->6
0.11156731617905413,13.990493377570878,0.007974508058981106,2.4762574623960547,0.019620859019246952,calibration,forged_static_control,10012,0->1
0.11221510169751588,13.780576656644744,0.00814298927489592,2.482588576653319,-0.02548365553732255,calibration,forged_static_control,10012,1->2
0.1119281760786381,13.036566863654132,0.008585708508436088,2.48242032964559,0.01304176926720486,calibration,forged_static_control,10012,2->3
0.11242688112989782,12.80171574548482,0.008782171902843193,2.4884410229950524,-0.011826269238532753,calibration,forged_static_control,10012,3->4
0.11212985220656391,12.666654763527275,0.00885236407190784,2.487464088558569,0.017763792265966107,calibration,forged_static_control,10012,4->5
0.11257795974071821,12.684381284171897,0.008875320327749563,2.498997958425478,0.025909032917440566,calibration,forged_static_control,10012,5->6
3.388883704484765e-17,2.0185664304477544e-16,0.16788566544958272,3.7307925655462832,1.0,calibration,legitimate_native,10013,0->1
5.5290185610193344e-17,1.0726506599790697e-16,0.5154537965231583,11.454528811625739,1.0,calibration,legitimate_native,10013,1->2
1.3018509893320749,0.35055368853960184,3.713699303536074,89.97449882347534,0.9485022975069404,calibration,legitimate_native,10013,2->3
16.780219873525756,0.6809398102212783,24.642735849724975,665.1760702841594,0.8299377640678041,calibration,legitimate_native,10013,3->4
167.15943472827126,0.8812623889671212,189.68179831583228,5618.376428688932,0.7520107602170106,calibration,legitimate_native,10013,4->5
1273.0449556215915,0.8546171755836095,1489.608437545603,43544.084409243056,0.7619928110148394,calibration,legitimate_native,10013,5->6
0.8964269840351125,1.0939910474636643,0.8194097977487291,3.7307925655462832,-0.3778638921627864,calibration,source_shuffled_control,10013,0->1
1.4776472012139918,1.8104523154846206,0.8161757074546335,29.65033276037878,0.1211466963602304,calibration,source_shuffled_control,10013,1->2
1.8749399116194203,2.275345438287864,0.8240242900238113,40.7093426231962,0.17292542673581293,calibration,source_shuffled_control,10013,2->3
1.2808853748676161,1.585685199386136,0.8077803676150841,24.587768726197964,0.13262017582865318,calibration,source_shuffled_control,10013,3->4
1.5308312166964164,1.9292627456820095,0.7934799022027417,32.1687176033106,0.16700925004761624,calibration,source_shuffled_control,10013,4->5
1.1969427337859193,1.4518859334982697,0.8244054885565567,19.476636734733464,0.010494273798181363,calibration,source_shuffled_control,10013,5->6
0.16829892502755048,20.466863158522493,0.008222994567225946,3.7307925655462832,-0.027205386903773457,calibration,forged_static_control,10013,0->1
0.16816329518351833,20.44045870023518,0.008226981459135495,3.7268811577935064,-0.03149134427271248,calibration,forged_static_control,10013,1->2
0.16754184309254425,19.492172738084353,0.008595338541866275,3.7263504020869416,0.04358325282559549,calibration,forged_static_control,10013,2->3
0.16961238444582658,19.71265841700763,0.00860423597594683,3.747554117296119,-0.08887694330382212,calibration,forged_static_control,10013,3->4
0.1678135866896844,18.846263748083977,0.008904341469830145,3.73011107705417,0.031443414394570865,calibration,forged_static_control,10013,4->5
0.16887695258428687,19.333382371361225,0.00873499163297282,3.7441209726668228,-0.019098922734858515,calibration,forged_static_control,10013,5->6
9.841931681353186e-14,4.835736237818206e-13,0.20352498872925126,4.522777527316695,1.0,calibration,legitimate_native,10014,0->1
0.00929492730722536,0.013642236476186368,0.6813345678187132,15.1636758664412,0.9999085297981454,calibration,legitimate_native,10014,1->2
2.3205300603810595,0.3927886925236605,5.907833153441627,143.98022396024464,0.9352190332887708,calibration,legitimate_native,10014,2->3
25.503582989297783,0.6360740896298233,40.09530242538894,1057.331340261459,0.8454393513566051,calibration,legitimate_native,10014,3->4
195.35330630444918,0.7805151712304287,250.2876478309929,7055.575554381161,0.7892882585980386,calibration,legitimate_native,10014,4->5
1214.6864524436635,0.8419918623873135,1442.634432355202,41909.11556419697,0.7658550044761884,calibration,legitimate_native,10014,5->6
0.9630563166942334,1.1029318728783273,0.8731784249538536,4.522777527316695,-0.3477912384251161,calibration,source_shuffled_control,10014,0->1
1.690492850095029,2.0100529014013495,0.8410190830830445,35.54077821191702,0.1521696423760891,calibration,source_shuffled_control,10014,1->2
1.5534093711232138,1.8060420891516429,0.8601180330447664,32.457421746200744,0.18398312016658447,calibration,source_shuffled_control,10014,2->3
2.2736868951027334,2.650411396404818,0.8578618759097142,51.64613871148478,0.2442569522923431,calibration,source_shuffled_control,10014,3->4
1.6325773261463088,1.9187390146080787,0.8508595029329926,34.423040991989225,0.1747227225245122,calibration,source_shuffled_control,10014,4->5
2.0601343358493915,2.4478947471509542,0.8415943274518799,46.64894190148213,0.2480163701774482,calibration,source_shuffled_control,10014,5->6
0.2035390462764844,24.355365964422695,0.008357050442947142,4.522777527316695,0.019695741359520586,calibration,forged_static_control,10014,0->1
0.20419189356067732,23.71823149893498,0.008609068085519558,4.53493034541617,0.0073453629354830585,calibration,forged_static_control,10014,1->2
0.20400511863587262,23.810653559177005,0.008567807444604655,4.538316594094067,0.04760749094429097,calibration,forged_static_control,10014,2->3
0.20479987910259398,22.832583834392967,0.008969631197040343,4.551829583825822,0.026077790473210342,calibration,forged_static_control,10014,3->4
0.20527707582534263,22.331616679011628,0.009192216418735846,4.561197251411615,0.02004662217758428,calibration,forged_static_control,10014,4->5
0.2057945344727511,23.452366362743827,0.008774999837428245,4.569356994126241,0.001597434016987658,calibration,forged_static_control,10014,5->6
1.3734829950455294e-11,7.715290859839246e-11,0.17802089542465493,3.956019898325666,1.0,calibration,legitimate_native,10015,0->1
0.034594617805458874,0.0656934767711796,0.5266065892700995,11.862987201689293,0.9979817213798621,calibration,legitimate_native,10015,1->2
1.438684742690337,0.44092496888672295,3.262878820135544,80.96489497613301,0.9205746411329595,calibration,legitimate_native,10015,2->3
14.573521648212246,0.7743180931165463,18.821104371694435,530.6321115313079,0.7943127109852118,calibration,legitimate_native,10015,3->4
93.71900872635942,0.7925389519202125,118.25161211130211,3353.0304232215126,0.7857788632978479,calibration,legitimate_native,10015,4->5
568.649739910138,0.8121546193630423,700.1742357327317,20044.475081077628,0.7781820165115942,calibration,legitimate_native,10015,5->6
0.765558627158443,1.1309091817680188,0.6769408528726327,3.956019898325666,-0.3988878924832294,calibration,source_shuffled_control,10015,0->1
0.7751251777336333,1.1042914864952578,0.7019208117680897,6.733848564063896,-0.038448414137558264,calibration,source_shuffled_control,10015,1->2
1.0916842130548876,1.6046290547182944,0.6803343166697879,21.85636183570549,0.1790121935037246,calibration,source_shuffled_control,10015,2->3
0.9331248715389848,1.3517721385527866,0.6902974573704563,14.479857668733496,0.033840074268616294,calibration,source_shuffled_control,10015,3->4
1.0408704925504393,1.5162546252935434,0.686474734303069,20.25703396359684,0.1755984708841983,calibration,source_shuffled_control,10015,4->5
1.176701532842162,1.7070665760805086,0.6893120324790425,23.48709073721665,0.1430889586530209,calibration,source_shuffled_control,10015,5->6
0.1780910128999197,22.879685621534897,0.007783804068208466,3.956019898325666,0.01389809498390222,calibration,forged_static_control,10015,0->1
0.178324149919714,20.68352695450561,0.008621553259674685,3.9580744916811805,-0.0002255200187730761,calibration,forged_static_control,10015,1->2
0.17790015212840427,20.413376171449915,0.008714880391213223,3.9597067690135597,0.05865887361217102,calibration,forged_static_control,10015,2->3
0.17924300136713878,20.047308850829555,0.008940999645067716,3.97822062072345,7.2484376524533e-05,calibration,forged_static_control,10015,3->4
0.1791985446138658,19.881041703576003,0.009013537992860388,3.9796739722075154,0.012839902305910084,calibration,forged_static_control,10015,4->5
0.17891258096986964,19.82454556724495,0.009024800116524833,3.9841066755646315,0.06721416302362242,calibration,forged_static_control,10015,5->6
3.890618438948306e-17,1.367744793908622e-16,0.28445499793514745,6.321222176336611,1.0,calibration,legitimate_native,10016,0->1
0.10546512297772571,0.09243380832022176,1.140979959626085,25.883650516789896,0.9960928289330397,calibration,legitimate_native,10016,1->2
4.027505404703967,0.4625312480507311,8.707531482931707,216.47054791927326,0.9124507708696264,calibration,legitimate_native,10016,2->3
37.880259678830114,0.6472304246440528,58.526698121484785,1549.239314151656,0.8407313723783366,calibration,legitimate_native,10016,3->4
145.44337791543083,0.6572867113432462,221.27843968964794,5884.397618731326,0.8369276712979605,calibration,legitimate_native,10016,4->5
622.5837769777204,0.6488730104503103,959.4847789169188,25417.225619901124,0.8399862627942469,calibration,legitimate_native,10016,5->6
1.025800262688296,1.1535152664040995,0.8892819119182965,6.321222176336611,-0.3568325541009155,calibration,source_shuffled_control,10016,0->1
1.456534138730018,1.6418824772173124,0.8871122978038549,27.458316351462972,0.08804969189307714,calibration,source_shuffled_control,10016,1->2
1.6643633510846403,1.9097196384037032,0.8715223510850677,34.12030301413337,0.13013890469567482,calibration,source_shuffled_control,10016,2->3
1.668486423839615,1.8733943953166323,0.8906220847768795,34.318796006272464,0.1437626810607919,calibration,source_shuffled_control,10016,3->4
1.437655240327773,1.6393533556050834,0.8769648311469632,26.783432509701015,0.07349582348020181,calibration,source_shuffled_control,10016,4->5
1.4483820274253498,1.6130452061238856,0.8979178142767225,28.356115553019656,0.1478132267509364,calibration,source_shuffled_control,10016,5->6
0.28493092064048914,35.342627597486775,0.008061960999134175,6.321222176336611,-0.04729638521720549,calibration,forged_static_control,10016,0->1
0.2844656398514035,34.44457556954516,0.008258647427153777,6.313728286372981,-0.02857186194764906,calibration,forged_static_control,10016,1->2
0.2841228853845254,32.59078489733413,0.00871788923429645,6.307016950145311,-0.020155585110535782,calibration,forged_static_control,10016,2->3
0.28442409754140235,31.901443136083415,0.008915711569118637,6.308737351877181,-0.04472354542014411,calibration,forged_static_control,10016,3->4
0.2834823217882677,31.982097684033807,0.008863780375096874,6.292060414298006,-0.02282558674406514,calibration,forged_static_control,10016,4->5
0.2827493155877985,30.58056184192388,0.009246046114810308,6.287338007232568,0.03625840440687026,calibration,forged_static_control,10016,5->6
7.142255127055412e-14,2.315475446756712e-13,0.30845738890925484,6.854608642427886,0.9999999999999998,calibration,legitimate_native,10017,0->1
0.20794527929286494,0.15121792313634924,1.3751364575622969,31.7266643299575,0.9899265300091888,calibration,legitimate_native,10017,1->2
5.442120517663889,0.514381968907501,10.57992084891323,267.4802580678754,0.8938188752385627,calibration,legitimate_native,10017,2->3
44.10090527475785,0.6618287215047206,66.63492205933444,1775.7075008139582,0.8351148521629632,calibration,legitimate_native,10017,3->4
172.28051116349417,0.7446850446266515,231.34681219376773,6409.942972302932,0.80374079013364,calibration,legitimate_native,10017,4->5
902.6778448127801,0.6949642749314919,1298.8838093887189,35149.95349246749,0.8225178845571338,calibration,legitimate_native,10017,5->6
0.9976087054295614,1.1870488340339804,0.8404108370607734,6.854608642427886,-0.3737725114914977,calibration,source_shuffled_control,10017,0->1
1.0936217120469949,1.2808646141505649,0.8538152265931641,16.15845955884641,0.04979258433300904,calibration,source_shuffled_control,10017,1->2
1.6354815015292612,1.9328864119799083,0.846134304354236,34.93460510222969,0.19329007447205357,calibration,source_shuffled_control,10017,2->3
1.8761928921300328,2.1996341064728964,0.8529568096845279,40.42505014171739,0.1669183549188002,calibration,source_shuffled_control,10017,3->4
1.6578760112768205,1.9582279577514625,0.8466205391236731,32.72362565010552,0.05496082065590739,calibration,source_shuffled_control,10017,4->5
1.2831765313401657,1.5428396585329123,0.8316979166956986,22.898412051491228,0.06266075304878789,calibration,source_shuffled_control,10017,5->6
0.3089970273547926,41.0257069659512,0.007531789435963505,6.854608642427886,-0.06258967775807785,calibration,forged_static_control,10017,0->1
0.30787039206428457,38.570297702476566,0.007982058004032953,6.833623635823418,-0.03328798752106371,calibration,forged_static_control,10017,1->2
0.30714642514001916,36.50025131919254,0.008414911611259627,6.822307464354941,-0.0032673946078019536,calibration,forged_static_control,10017,2->3
0.30690082928848417,34.332245185192576,0.008939141419408382,6.822472336876673,0.02738479508162062,calibration,forged_static_control,10017,3->4
0.30809684726088576,34.72636744166716,0.00887212902564758,6.834929421914333,-0.045538518383955104,calibration,forged_static_control,10017,4->5
0.3070522259885517,33.60259957675832,0.009137751133942888,6.819602534670219,-0.0037195008197385016,calibration,forged_static_control,10017,5->6
3.977154649753899e-17,2.934928011952245e-16,0.13551114726521382,3.011358828115862,1.0,calibration,legitimate_native,10018,0->1
5.888979113344756e-17,1.7106785466456446e-16,0.34424814105404405,7.649958690089868,1.0,calibration,legitimate_native,10018,1->2
0.41979986873813185,0.24707295812756563,1.6990927363014492,40.28863782789525,0.9739330780950631,calibration,legitimate_native,10018,2->3
9.384251683925642,0.7233849721516934,12.97269371699691,358.29538046171496,0.8156746879447672,calibration,legitimate_native,10018,3->4
78.87546260999923,0.8451431156070985,93.3279360058383,2715.4284749638873,0.7661925781637692,calibration,legitimate_native,10018,4->5
540.8243376786877,0.821040270908794,658.7062253100429,18939.603237103493,0.7752404598152571,calibration,legitimate_native,10018,5->6
0.9554503576309543,1.0662207468152436,0.8961093276590458,3.011358828115862,-0.3767935246332557,calibration,source_shuffled_control,10018,0->1
1.6440743995812375,1.8751989588776867,0.8767466459612493,34.44730502560435,0.17380362470478022,calibration,source_shuffled_control,10018,1->2
1.4089200910725146,1.6098432306679742,0.8751908649378651,24.902605101592492,0.01877440661512291,calibration,source_shuffled_control,10018,2->3
1.2740051877379923,1.4489261414959045,0.8792754508340599,21.89032953029721,0.06984025430495548,calibration,source_shuffled_control,10018,3->4
1.6202784891352722,1.7803187375638856,0.9101058440647968,33.06891189046923,0.15546035489003646,calibration,source_shuffled_control,10018,4->5
1.6363372419156585,1.8016804566968385,0.9082283342929761,31.940622390931804,0.08184580022592909,calibration,source_shuffled_control,10018,5->6
0.13550051312954536,16.31381836289586,0.008305872592274858,3.011358828115862,0.03286094889804325,calibration,forged_static_control,10018,0->1
0.1369602290978228,16.01806584339771,0.008550358977092663,3.0242835339035015,-0.0708812742655992,calibration,forged_static_control,10018,1->2
0.13550933197104115,15.641471037247637,0.0086634636861761,3.0079174949323555,0.014514250150369177,calibration,forged_static_control,10018,2->3
0.13538179403753942,15.558512677191874,0.00870146017732728,3.0143598555239417,0.06366658550080674,calibration,forged_static_control,10018,3->4
0.13724761584246287,15.21611635602807,0.009019883747929808,3.037599217363626,-0.028907296303398305,calibration,forged_static_control,10018,4->5
0.13612631565089017,14.59015289283122,0.009330011964961799,3.027345072082027,0.045651569965847565,calibration,forged_static_control,10018,5->6
2.6127263846049598e-17,2.5465262741904106e-16,0.10259962308734995,2.2799916241633325,1.0,calibration,legitimate_native,10019,0->1
3.1644983379437327e-17,1.2079257911996037e-16,0.2619778755383456,5.821730567518792,1.0,calibration,legitimate_native,10019,1->2
0.34909114066023084,0.27324642208417405,1.2775689347524055,30.394431024356475,0.9679585509586928,calibration,legitimate_native,10019,2->3
5.734336121060187,0.5488197557537627,10.448487067736268,266.32567981214936,0.8797225277081786,calibration,legitimate_native,10019,3->4
56.783835931896796,0.7433718425643924,76.38685336166024,2115.4383509310896,0.8043363704023035,calibration,legitimate_native,10019,4->5
450.53697724149345,0.7821282452471235,576.0397735007746,16251.197692175108,0.7896221456625064,calibration,legitimate_native,10019,5->6
0.687857097209466,1.0619190555032285,0.6477490846245161,2.2799916241633325,-0.32382332483814774,calibration,source_shuffled_control,10019,0->1
0.8422990445811106,1.3178850450862012,0.6391293735396564,12.814464734450222,0.042993665983510426,calibration,source_shuffled_control,10019,1->2
0.8539476776903925,1.365005842380403,0.6256000156279232,13.451341284575749,0.037952493300009604,calibration,source_shuffled_control,10019,2->3
0.8115829755449779,1.2441550444888605,0.6523165885922584,11.05085542727714,0.021974043829648272,calibration,source_shuffled_control,10019,3->4
0.8515010321478038,1.3675298609923736,0.6226562615330142,14.33826897070723,0.0991152187966079,calibration,source_shuffled_control,10019,4->5
0.8929363142427414,1.4204418198452162,0.6286327960406022,16.981917134521414,0.19084280439679707,calibration,source_shuffled_control,10019,5->6
0.10298691653235612,11.645146230279918,0.008843762272338108,2.2799916241633325,-0.0008215218129477325,calibration,forged_static_control,10019,0->1
0.10336824654019801,11.703892170756397,0.00883195379179791,2.287225941513356,-0.007512223613358575,calibration,forged_static_control,10019,1->2
0.10304323725812722,11.449181346548732,0.009000051854363148,2.2882062480207996,0.036047643366350336,calibration,forged_static_control,10019,2->3
0.10406781230686217,11.76077372425841,0.008848720584720762,2.299640081968275,-0.02365236360729237,calibration,forged_static_control,10019,3->4
0.1044142029281024,11.877324486122058,0.008791053167973953,2.299804210005807,-0.06416392333729072,calibration,forged_static_control,10019,4->5
0.10343523423084937,11.082176788828535,0.009333475283749414,2.287564015754622,-0.007875149730132112,calibration,forged_static_control,10019,5->6
3.371600524952414e-17,3.2211670386718987e-16,0.10467015377541145,2.3260034172313655,1.0,holdout_shifted,legitimate_native,110000,0->1
4.243729703011284e-17,1.853907559836078e-16,0.22890729702010804,5.086828822669068,0.9999999999999999,holdout_shifted,legitimate_native,110000,1->2
0.08436097611687177,0.0938747067472553,0.8986550152441738,20.391487662847872,0.9959421670802922,holdout_shifted,legitimate_native,110000,2->3
3.3768349381168195,0.3906663213911995,8.643783077335478,209.55239954733278,0.9352037647874774,holdout_shifted,legitimate_native,110000,3->4
54.755455037537885,0.7054915799984507,77.61319424528446,2110.939060644028,0.8188696948296191,holdout_shifted,legitimate_native,110000,4->5
490.7163202728795,0.7078478087218085,693.251168154747,18874.500484228254,0.8178583496113817,holdout_shifted,legitimate_native,110000,5->6
0.8023952301054784,1.052938007573731,0.762053628305704,2.3260034172313655,-0.3269417226770805,holdout_shifted,source_shuffled_control,110000,0->1
1.1320695142956594,1.4407597641502452,0.7857448139680595,19.345272133930408,0.06906669861203134,holdout_shifted,source_shuffled_control,110000,1->2
1.201477819515573,1.4993594141360984,0.8013274246912184,19.624760606247523,-0.015288912354373943,holdout_shifted,source_shuffled_control,110000,2->3
1.1015427577258092,1.4072897583559103,0.7827405477642466,17.88576233108696,0.037615015603238,holdout_shifted,source_shuffled_control,110000,3->4
1.332453095266416,1.7313403858792449,0.769607816234473,25.96464454242111,0.1019481206631758,holdout_shifted,source_shuffled_control,110000,4->5
1.3062997072761855,1.6468793372238506,0.7931969732714842,25.480047152243184,0.1314339083239291,holdout_shifted,source_shuffled_control,110000,5->6
0.10507053407075462,11.904662194705242,0.008825997785373864,2.3260034172313655,-0.0034329770848609,holdout_shifted,forged_static_control,110000,0->1
0.10527454182890252,12.1816686381197,0.008642045090423961,2.3325382783865987,0.005237303124628304,holdout_shifted,forged_static_control,110000,1->2
0.1051784721157093,12.122821059724759,0.00867607131002858,2.337862757534418,0.04451895015666829,holdout_shifted,forged_static_control,110000,2->3
0.10568854742666102,11.478831765492068,0.009207255416492173,2.3507951447100406,0.054490906947811224,holdout_shifted,forged_static_control,110000,3->4
0.1072833793571978,11.61130257067972,0.009239563528109397,2.363357645397588,-0.058547973466970056,holdout_shifted,forged_static_control,110000,4->5
0.10609300597477385,11.930661179164769,0.008892465593557317,2.3613058606736264,0.06068248949633094,holdout_shifted,forged_static_control,110000,5->6
2.7609667637797322e-17,2.7317030316781134e-16,0.10107126230213288,2.2460280511585085,1.0,holdout_shifted,legitimate_native,110001,0->1
3.616874503382307e-17,1.606299814164527e-16,0.22516808228609103,5.003735161913134,1.0,holdout_shifted,legitimate_native,110001,1->2
0.07498195927351727,0.08281892089531812,0.9053723277253809,20.453017772617972,0.9967914488821501,holdout_shifted,legitimate_native,110001,2->3
3.767601594596763,0.44625570716445123,8.442696717741013,207.47897159473033,0.916496640714914,holdout_shifted,legitimate_native,110001,3->4
43.60590836287351,0.7006733877339393,62.23428651000933,1690.1485648469004,0.8211861269345158,holdout_shifted,legitimate_native,110001,4->5
406.75715183878026,0.7187739624377673,565.9041271591404,15487.133048627173,0.8139563087621495,holdout_shifted,legitimate_native,110001,5->6
0.7513468212155451,1.0589604498727905,0.7095135802728436,2.2460280511585085,-0.3548745498086277,holdout_shifted,source_shuffled_control,110001,0->1
0.9840604377626482,1.4162996098225817,0.6948109210237097,14.919503745043885,-0.03765911517897963,holdout_shifted,source_shuffled_control,110001,1->2
0.9645926065265815,1.3703412934022947,0.7039068367861423,12.051969934701187,-0.1848374567282344,holdout_shifted,source_shuffled_control,110001,2->3
0.9194088187317616,1.3058131195356244,0.7040891255196688,12.898951299631786,-0.015517452855616554,holdout_shifted,source_shuffled_control,110001,3->4
1.0736036271924962,1.5425563916145055,0.6959898720631279,18.735259928018714,0.03644782730673529,holdout_shifted,source_shuffled_control,110001,4->5
0.9677025896798125,1.371157260335183,0.7057560910789313,15.42762253576162,0.04473722752663803,holdout_shifted,source_shuffled_control,110001,5->6
0.10142724418500736,11.039913446277204,0.00918732140778662,2.2460280511585085,0.006744665172335521,holdout_shifted,forged_static_control,110001,0->1
0.10095608296142873,10.990997488289686,0.009185342101842393,2.24921632743393,0.0740299243514576,holdout_shifted,forged_static_control,110001,1->2
0.10228876896821444,11.298832313264027,0.009053037945284169,2.2668195447625807,0.013357917156631594,holdout_shifted,forged_static_control,110001,2->3
0.10257899898783336,11.244838797627224,0.009122317321671146,2.2730438597270206,0.012752584353092561,holdout_shifted,forged_static_control,110001,3->4
0.10290487818914164,11.189549122387062,0.009196515951988588,2.2779763822705443,0.0017455807320078066,holdout_shifted,forged_static_control,110001,4->5
0.1033882092256971,10.875755106716054,0.009506300696868133,2.283619206617359,-0.019750294983628795,holdout_shifted,forged_static_control,110001,5->6
1.547152483370546e-13,1.3307037192547067e-12,0.11626573576648826,2.583683017033073,1.0,holdout_shifted,legitimate_native,110002,0->1
4.4228648724646605e-09,1.481825335476583e-08,0.2984741016203458,6.632757813785476,0.9999999999999997,holdout_shifted,legitimate_native,110002,1->2
0.35643905261368475,0.23617394764871738,1.5092225705930717,35.51316378239455,0.975813183646788,holdout_shifted,legitimate_native,110002,2->3
6.820501252053418,0.5451965488556089,12.510169526613382,317.78625175569096,0.8807375749661414,holdout_shifted,legitimate_native,110002,3->4
67.66453149791651,0.7422853052015982,91.15704032265212,2523.0276201075935,0.8050371088181238,holdout_shifted,legitimate_native,110002,4->5
543.9786601070089,0.7750602672725565,701.8533694424812,19732.919601356858,0.7926364695164823,holdout_shifted,legitimate_native,110002,5->6
0.6651647889925726,1.0735213015509781,0.6196102368514247,2.583683017033073,-0.3123957484791726,holdout_shifted,source_shuffled_control,110002,0->1
0.7809474326748644,1.2264552846778027,0.636751654303947,9.599873983061599,-0.03249509514402197,holdout_shifted,source_shuffled_control,110002,1->2
0.7702335688725769,1.218757953632078,0.6319823926961129,9.476361730214064,-0.022333902368329512,holdout_shifted,source_shuffled_control,110002,2->3
0.8078379835212177,1.2407332396983695,0.6510972354354554,10.469888365886058,-0.01098489029910602,holdout_shifted,source_shuffled_control,110002,3->4
0.8795174661951786,1.4240499325586513,0.617617012340896,15.422705422859837,0.1050780024594009,holdout_shifted,source_shuffled_control,110002,4->5
0.8503486699365479,1.3461125356786567,0.6317069680669182,14.164790697024051,0.10266764734354249,holdout_shifted,source_shuffled_control,110002,5->6
0.11683955894749667,14.520729682540402,0.008046396219830044,2.583683017033073,-0.038486631612062366,holdout_shifted,forged_static_control,110002,0->1
0.11635575470157754,13.243793320444635,0.008785680857625903,2.5770068253628486,-0.006670250637539992,holdout_shifted,forged_static_control,110002,1->2
0.1162925001660641,13.4517293303612,0.008645169989546031,2.578368464391517,0.006669529682626832,holdout_shifted,forged_static_control,110002,2->3
0.116502466041756,13.217362334154911,0.008814349631873247,2.5806726475704753,-0.0043210200786159845,holdout_shifted,forged_static_control,110002,3->4
0.11627126090448044,13.339178212653888,0.008716522540721762,2.5811917559299506,0.024202145188533655,holdout_shifted,forged_static_control,110002,4->5
0.11643239451804877,12.509427091105614,0.009307571095034944,2.588078588193084,0.04344675189084074,holdout_shifted,forged_static_control,110002,5->6
3.2239294890787734e-17,2.0690403600353008e-16,0.15581762108948735,3.462613801988608,1.0,holdout_shifted,legitimate_native,110003,0->1
0.007134755332817503,0.014922857240344523,0.4781091987267397,10.644790226827727,0.9998910149227442,holdout_shifted,legitimate_native,110003,1->2
1.2911814834335231,0.36908224625713293,3.4983570631162197,84.69422257838313,0.9421756317259531,holdout_shifted,legitimate_native,110003,2->3
16.721606791627096,0.673586049865931,24.824752226210357,666.151376507493,0.8313424950970453,holdout_shifted,legitimate_native,110003,3->4
122.33248464364095,0.7356266924287754,166.2969627148892,4588.075845544827,0.8068293155788064,holdout_shifted,legitimate_native,110003,4->5
956.1542067212215,0.7809535030460616,1224.3420421203302,34521.37861956735,0.7894390207700369,holdout_shifted,legitimate_native,110003,5->6
0.7994683998997016,1.0897580539537597,0.7336200874215942,3.462613801988608,-0.33536667999772696,holdout_shifted,source_shuffled_control,110003,0->1
0.9820884658561027,1.3042193485647198,0.7530086604164106,13.848671162413202,-0.009744046886249838,holdout_shifted,source_shuffled_control,110003,1->2
1.3326316155929405,1.7752636289155672,0.7506668824346526,26.84628268842909,0.13688345287259013,holdout_shifted,source_shuffled_control,110003,2->3
1.0141330122447858,1.404430552063448,0.7220955207435134,17.21028544052291,0.08337402290264358,holdout_shifted,source_shuffled_control,110003,3->4
1.0059572372733951,1.3629205341189452,0.738089426879735,15.89179789730346,0.04215626373568119,holdout_shifted,source_shuffled_control,110003,4->5
1.1695383697749595,1.5739281395938203,0.7430697366544646,22.056875438466054,0.11554845376305806,holdout_shifted,source_shuffled_control,110003,5->6
0.1558951639081259,19.525770991792342,0.007984071125687454,3.462613801988608,0.016643719068796033,holdout_shifted,forged_static_control,110003,0->1
0.15652149369130283,18.144347337696605,0.008626459394423478,3.470624527276409,-0.012580102236434769,holdout_shifted,forged_static_control,110003,1->2
0.15651014294945387,18.634978612790935,0.00839872841104565,3.4702339776865374,-0.014958964273566107,holdout_shifted,forged_static_control,110003,2->3
0.15589369292984057,17.86431493344298,0.008726540908304528,3.463223915498697,0.02290508237824855,holdout_shifted,forged_static_control,110003,3->4
0.1564659046946114,17.555298573617065,0.008912744291028875,3.4716602223520354,0.00151368343337912,holdout_shifted,forged_static_control,110003,4->5
0.15723068889453837,17.551598854076122,0.008958196495382232,3.47620733337496,-0.061380084647907736,holdout_shifted,forged_static_control,110003,5->6
4.527889764293654e-17,1.714480915772896e-16,0.2640968298622123,5.868818441382496,1.0,holdout_shifted,legitimate_native,110004,0->1
0.0012783199635850466,0.0014622114243332373,0.8742374330071618,19.42903185008416,0.9999989350924389,holdout_shifted,legitimate_native,110004,1->2
2.4967708766575387,0.3788030250719976,6.591211555937771,160.32900841604334,0.9401351445579219,holdout_shifted,legitimate_native,110004,2->3
23.90510722725631,0.6631688361495808,36.046789178738244,963.3577508160241,0.835923186129607,holdout_shifted,legitimate_native,110004,3->4
138.3891955492777,0.6218428105282892,222.54690929221607,5823.693464676484,0.8502824442162873,holdout_shifted,legitimate_native,110004,4->5
493.10741813793953,0.6778210997341418,727.4890355739451,19530.22631228732,0.8291763465751569,holdout_shifted,legitimate_native,110004,5->6
1.1814002282326932,1.1159778211136648,1.058623392656463,5.868818441382496,-0.36711594223762983,holdout_shifted,source_shuffled_control,110004,0->1
2.4249389591915835,2.3268989739937878,1.042133321629613,53.08052296673016,0.18402368574444908,holdout_shifted,source_shuffled_control,110004,1->2
2.1424073876313323,2.031031614859713,1.0548370443501347,43.44319390816329,0.08397571661858148,holdout_shifted,source_shuffled_control,110004,2->3
2.378694041723676,2.3111900884365837,1.0292074422236577,50.779588876481874,0.13306852686341394,holdout_shifted,source_shuffled_control,110004,3->4
1.8066995669787609,1.731729611774194,1.043291950985367,34.14115377848092,0.05785766520699221,holdout_shifted,source_shuffled_control,110004,4->5
1.6807526773038453,1.5761653147853227,1.0663555782894525,28.684185016923745,-0.007897107729765108,holdout_shifted,source_shuffled_control,110004,5->6
0.26366859710189733,30.66086100645479,0.008599516053561844,5.868818441382496,0.06837936732679506,holdout_shifted,forged_static_control,110004,0->1
0.2652708423305141,30.511255596165206,0.008694195195709973,5.893968077220764,0.011713963950194483,holdout_shifted,forged_static_control,110004,1->2
0.2665667865011349,29.09897499285356,0.009160692342861777,5.90403382705979,-0.08065655810357686,holdout_shifted,forged_static_control,110004,2->3
0.26494669504407914,29.409438332630707,0.00900889920569051,5.886534789638141,0.011351441808610526,holdout_shifted,forged_static_control,110004,3->4
0.2651174003771861,29.831159025982284,0.008887263492347572,5.893435784759246,0.026869265813904412,holdout_shifted,forged_static_control,110004,4->5
0.2655712008592604,29.353731850892036,0.009047271156340487,5.9049374416533755,0.0338831474680082,holdout_shifted,forged_static_control,110004,5->6
2.9753613013819564e-17,2.7258919148709407e-16,0.10915184339816011,2.4255965199591136,1.0,holdout_shifted,legitimate_native,110005,0->1
3.533335889183277e-17,1.4222598331441613e-16,0.2484311089029073,5.520691308953495,1.0,holdout_shifted,legitimate_native,110005,1->2
0.13656323436675855,0.125303118828635,1.089863009940078,24.84432413292498,0.9927602629056734,holdout_shifted,legitimate_native,110005,2->3
4.902376154012055,0.5344342843058293,9.173019578721942,232.19706393643258,0.8845784413388503,holdout_shifted,legitimate_native,110005,3->4
27.460964174372094,0.5822587138271944,47.16282216420352,1213.2294584274312,0.8655929233328641,holdout_shifted,legitimate_native,110005,4->5
104.49045750033451,0.6982782147059755,149.6401510157869,4055.9913401507965,0.8222402665909717,holdout_shifted,legitimate_native,110005,5->6
0.7701410215210116,1.0637194021493768,0.7240076837003508,2.4255965199591136,-0.3607381383801143,holdout_shifted,source_shuffled_control,110005,0->1
0.9396532334666258,1.2968597137214661,0.7245604302668475,13.975866043169244,0.041632941157282125,holdout_shifted,source_shuffled_control,110005,1->2
1.0522199946804842,1.4470302583376977,0.7271582519927474,17.36148190427174,0.028280679850332485,holdout_shifted,source_shuffled_control,110005,2->3
1.0749606900627502,1.5071056429055871,0.7132616705509779,19.158409783698826,0.07928401345618909,holdout_shifted,source_shuffled_control,110005,3->4
1.1296716038938808,1.5420322518737155,0.7325862354559642,20.698358957726352,0.09446360284123324,holdout_shifted,source_shuffled_control,110005,4->5
0.9814643361958427,1.3923401965063815,0.7049026791485038,16.42361264474574,0.07720964692728872,holdout_shifted,source_shuffled_control,110005,5->6
0.1092745690419933,12.078962892199694,0.009046683720967246,2.4255965199591136,0.028368266482511874,holdout_shifted,forged_static_control,110005,0->1
0.10912411450757921,12.514643347940497,0.008719713295776355,2.4316995750795867,0.07556390645430536,holdout_shifted,forged_static_control,110005,1->2
0.11051483778537861,12.311013696796051,0.008976907035943471,2.446512970305062,-0.006301118038830005,holdout_shifted,forged_static_control,110005,2->3
0.11064124175310903,11.836224847493252,0.009347678955280785,2.4477059220796717,-0.010623410062886038,holdout_shifted,forged_static_control,110005,3->4
0.11047504087739478,11.808499061426396,0.009355552174261764,2.449647510152029,0.016828078346718733,holdout_shifted,forged_static_control,110005,4->5
0.11160651641783485,11.957888226904341,0.009333295506880593,2.457205024083376,-0.06905755326226251,holdout_shifted,forged_static_control,110005,5->6
7.311592232061901e-17,3.9702042118410326e-16,0.18416161492532857,4.0924803316739675,0.9999999999999999,holdout_shifted,legitimate_native,110006,0->1
0.018574498454474994,0.03210991358485785,0.5784661604048758,12.932511572111842,0.9995087308861613,holdout_shifted,legitimate_native,110006,1->2
1.978861317261114,0.46055561041525794,4.296682685107943,107.66401864784851,0.9148335179920492,holdout_shifted,legitimate_native,110006,2->3
22.760749264144334,0.8034054140364536,28.330340903463448,809.1876721417649,0.7824169257225508,holdout_shifted,legitimate_native,110006,3->4
184.3079912470052,1.107835001945408,166.36772707329544,5517.543569067968,0.6722158857029978,holdout_shifted,legitimate_native,110006,4->5
1136.2112618311835,0.8474043322347102,1340.8136099965482,39055.24525489927,0.7648810470508771,holdout_shifted,legitimate_native,110006,5->6
0.8154196049979792,1.1048480299585268,0.738037795047469,4.0924803316739675,-0.31744764297413347,holdout_shifted,source_shuffled_control,110006,0->1
1.2810234654006984,1.7414774682424343,0.735595772566658,25.595637755004926,0.1345123610949718,holdout_shifted,source_shuffled_control,110006,1->2
1.3775325328683867,1.860148346293363,0.7405498242939537,29.66643873338335,0.22034099737645627,holdout_shifted,source_shuffled_control,110006,2->3
1.6050070691253755,2.206495830646573,0.7274009062815958,34.8829615016644,0.18335078624000126,holdout_shifted,source_shuffled_control,110006,3->4
1.3900053480618588,1.8627901984358965,0.7461953296545125,30.043368740200716,0.2256124086383289,holdout_shifted,source_shuffled_control,110006,4->5
1.1932823077975947,1.6075894830062274,0.7422804881495874,23.04696713256691,0.1320528393191359,holdout_shifted,source_shuffled_control,110006,5->6
0.1843906991468677,23.151128781238846,0.007964651647792007,4.0924803316739675,-0.007647053022613392,holdout_shifted,forged_static_control,110006,0->1
0.18471372995373403,22.034434874518947,0.008382956448449955,4.093387986654961,-0.0394139413685262,holdout_shifted,forged_static_control,110006,1->2
0.18397529523988357,21.81726689413539,0.008432553642732873,4.081825542118118,-0.01193813728449839,holdout_shifted,forged_static_control,110006,2->3
0.1839737086257978,20.48461592766491,0.008981066024905135,4.080767711971344,-0.013458089365762382,holdout_shifted,forged_static_control,110006,3->4
0.1834616289159021,20.727895963198296,0.008850951804936509,4.079273750618013,0.03656531778860973,holdout_shifted,forged_static_control,110006,4->5
0.18459534502688488,19.738504429805783,0.00935204214406617,4.094356406944782,-0.012084769515684227,holdout_shifted,forged_static_control,110006,5->6
2.7682780689323828e-17,2.314429377073816e-16,0.1196095276533382,2.6579895034075154,1.0,holdout_shifted,legitimate_native,110007,0->1
4.0181283907059825e-17,1.3031747781087177e-16,0.3083338048872997,6.851862330828883,1.0,holdout_shifted,legitimate_native,110007,1->2
0.46422488787880106,0.2847304415602885,1.630401319402921,39.02606579154683,0.9657919993450166,holdout_shifted,legitimate_native,110007,2->3
6.829728247695609,0.5576646433691774,12.247016783914383,312.28447257896005,0.8754235385337911,holdout_shifted,legitimate_native,110007,3->4
40.24885441222606,0.6562025577634211,61.33602183562452,1632.2496672688042,0.8384131606763385,holdout_shifted,legitimate_native,110007,4->5
324.07815192375676,0.7278077169186247,445.27990620256605,12238.390236203704,0.8103054755351601,holdout_shifted,legitimate_native,110007,5->6
0.7096746954377211,1.0740462487504192,0.660748729572245,2.6579895034075154,-0.33368100952400415,holdout_shifted,source_shuffled_control,110007,0->1
0.9955706985456954,1.4771612347397587,0.6739756457553738,16.840481212652097,0.036830280830034166,holdout_shifted,source_shuffled_control,110007,1->2
1.112214428061619,1.6484594997403113,0.6746992732234983,21.521626899594807,0.12037833623916604,holdout_shifted,source_shuffled_control,110007,2->3
0.9570670756597182,1.4797112436677387,0.6467931349955406,16.545628353180433,0.059208974661530966,holdout_shifted,source_shuffled_control,110007,3->4
0.9425167545970019,1.444997517406897,0.652261849448286,17.301546031160523,0.14246045876356123,holdout_shifted,source_shuffled_control,110007,4->5
0.8254037164519066,1.2371637323047628,0.6671741934085512,10.317568902049894,-0.03339346652565041,holdout_shifted,source_shuffled_control,110007,5->6
0.11965006554611475,13.838624824498227,0.008646094046546876,2.6579895034075154,0.03241048916590959,holdout_shifted,forged_static_control,110007,0->1
0.12055242919242942,13.128431481453175,0.009182545244213294,2.667539795909235,-0.018022692846202386,holdout_shifted,forged_static_control,110007,1->2
0.12047533500939482,13.184753915055985,0.00913747215919345,2.6602113576824626,-0.046312255184064635,holdout_shifted,forged_static_control,110007,2->3
0.11927087811845907,13.628481313829498,0.00875158880461227,2.6531420635315213,0.05090956389180613,holdout_shifted,forged_static_control,110007,3->4
0.12018850776760487,13.464504935955926,0.008926321084568494,2.6638916081330444,0.0021297667152207957,holdout_shifted,forged_static_control,110007,4->5
0.12021764613527434,13.559961689401081,0.008865632169837085,2.660413841782749,-0.019342061859830017,holdout_shifted,forged_static_control,110007,5->6
2.876613380042213e-17,2.699277923396229e-16,0.10656973585847292,2.3682163524105095,1.0,holdout_shifted,legitimate_native,110008,0->1
3.4736588641975757e-17,1.5218167735167646e-16,0.228257363792366,5.0723858620525775,0.9999999999999998,holdout_shifted,legitimate_native,110008,1->2
0.06004328291321117,0.06800827893234952,0.8828819636051999,19.885216443531053,0.99782704937459,holdout_shifted,legitimate_native,110008,2->3
3.6730740561848414,0.48835056738020743,7.521387914835375,188.33784681420235,0.9031085618485641,holdout_shifted,legitimate_native,110008,3->4
27.156230483959437,0.6306299999979756,43.062065685768175,1131.9351788215065,0.8477742526142359,holdout_shifted,legitimate_native,110008,4->5
123.55445035933741,0.71944833851545,171.73498602216128,4701.384493071557,0.8146130277742698,holdout_shifted,legitimate_native,110008,5->6
0.7414574210052016,1.0633117879641083,0.6973095082125784,2.3682163524105095,-0.35096206326073476,holdout_shifted,source_shuffled_control,110008,0->1
1.191860164111167,1.654822594726651,0.7202344023186484,21.42830626081483,0.020291531331142348,holdout_shifted,source_shuffled_control,110008,1->2
1.0631172370964415,1.4330050306731121,0.7418796256172725,16.968365129472176,0.0028551711811955066,holdout_shifted,source_shuffled_control,110008,2->3
0.9666567327644059,1.3551275294656213,0.7133326645577543,14.639736135543716,0.00901628079165472,holdout_shifted,source_shuffled_control,110008,3->4
0.9810492707473919,1.3604076216100827,0.7211436144601157,14.528361262866394,-0.01596766009802138,holdout_shifted,source_shuffled_control,110008,4->5
0.9305214081113498,1.3153301811552303,0.7074432109348847,10.68688919475615,-0.19737541036898396,holdout_shifted,source_shuffled_control,110008,5->6
0.10741044432408979,12.061183735474339,0.00890546356134105,2.3682163524105095,-0.05343414027889443,holdout_shifted,forged_static_control,110008,0->1
0.10619082463327988,12.078786647463435,0.00879151322511301,2.358699120241645,0.036182994060033266,holdout_shifted,forged_static_control,110008,1->2
0.10732142808880152,11.760663803480972,0.009125455681878456,2.3686705431744097,-0.03812586791500486,holdout_shifted,forged_static_control,110008,2->3
0.10687190373716067,12.290164944712206,0.008695724746393817,2.364659125821359,-0.012457091269061416,holdout_shifted,forged_static_control,110008,3->4
0.10637635664330568,11.51093403468341,0.009241330443893674,2.36235398998656,0.03611779279005709,holdout_shifted,forged_static_control,110008,4->5
0.1071583546348539,11.29096827682624,0.00949062478227125,2.3732959166119767,0.006452422635264272,holdout_shifted,forged_static_control,110008,5->6
3.526417895290552e-17,2.102268111389958e-16,0.16774348881391282,3.7276330847536183,1.0,holdout_shifted,legitimate_native,110009,0->1
0.015884973269080057,0.029140840970638012,0.5451103232039439,12.172812081195652,0.9995916421475242,holdout_shifted,legitimate_native,110009,1->2
1.8441425756678356,0.41784191838260915,4.413493462762993,108.59123182652856,0.9275878857082306,holdout_shifted,legitimate_native,110009,2->3
16.89168853607764,0.6347566209687543,26.6112837226701,702.1063168247077,0.8463737879818672,holdout_shifted,legitimate_native,110009,3->4
129.35820189214144,0.7647707027666348,169.1463878302482,4732.071811009269,0.7955556521157415,holdout_shifted,legitimate_native,110009,4->5
796.1051212286781,0.7941686930419802,1002.4383083882171,28446.752742588404,0.784285675760889,holdout_shifted,legitimate_native,110009,5->6
0.8180915885035521,1.09037414139318,0.7502852061109003,3.7276330847536183,-0.310705947237168,holdout_shifted,source_shuffled_control,110009,0->1
1.2064639793706065,1.5945258842432946,0.7566286566421125,22.754764959377237,0.10735543162873268,holdout_shifted,source_shuffled_control,110009,1->2
1.1743263076204942,1.524444163823768,0.7703308090671447,20.153978216830748,0.02652007141418231,holdout_shifted,source_shuffled_control,110009,2->3
1.2892360106274159,1.6593395177092576,0.7769573346555897,26.490335403030734,0.19691676865815255,holdout_shifted,source_shuffled_control,110009,3->4
1.4061908749051915,1.7989380269708004,0.7816783302280363,28.218068242870764,0.12460790125916864,holdout_shifted,source_shuffled_control,110009,4->5
1.2885508568068558,1.6826691285242565,0.7657779139588057,26.14251939454227,0.17315930080755756,holdout_shifted,source_shuffled_control,110009,5->6
0.1679361998897799,20.284271715241434,0.008279132815960178,3.7276330847536183,0.0014441380516393885,holdout_shifted,forged_static_control,110009,0->1
0.16754405912545892,20.496908975184756,0.008174112439655781,3.7271325115578495,0.047039279056535245,holdout_shifted,forged_static_control,110009,1->2
0.16851124848468965,19.024501211626774,0.008857589882945433,3.7413752458801213,0.00968557314892419,holdout_shifted,forged_static_control,110009,2->3
0.1691104694716107,19.489903720359056,0.0086768232623466,3.753447651283993,0.0020576610734033655,holdout_shifted,forged_static_control,110009,3->4
0.1696095135326994,19.116155155632246,0.008872573644421993,3.7614504408673772,-0.012700063887466148,holdout_shifted,forged_static_control,110009,4->5
0.1684987650597944,18.021088753030877,0.009350086964660593,3.7530357924968034,0.06952127684676296,holdout_shifted,forged_static_control,110009,5->6
2.8971209253457116e-17,2.7609326384768974e-16,0.10493269040184254,2.3318375644853897,1.0,holdout_shifted,legitimate_native,110010,0->1
1.121623193608229e-11,4.8154997823619366e-11,0.23291937275150043,5.175986061144455,0.9999999999999993,holdout_shifted,legitimate_native,110010,1->2
0.08629504345362932,0.09128106035082531,0.9453773108099969,21.393773249666538,0.9961125374391082,holdout_shifted,legitimate_native,110010,2->3
4.054408073869196,0.4874728480435819,8.317197746815314,207.58894313207347,0.9026640519821086,holdout_shifted,legitimate_native,110010,3->4
31.619925191850346,0.6514906051292623,48.53473702038289,1288.7624682264302,0.8401352874237544,holdout_shifted,legitimate_native,110010,4->5
245.56549167230594,0.732085289261192,335.4329000646829,9238.075833030605,0.8085267955931698,holdout_shifted,legitimate_native,110010,5->6
0.7584227094415775,1.0581454973558266,0.7167470922275203,2.3318375644853897,-0.3355112898897793,holdout_shifted,source_shuffled_control,110010,0->1
1.0295681449018357,1.4333954092585288,0.7182722484098218,16.228062035796167,-0.010368484980652412,holdout_shifted,source_shuffled_control,110010,1->2
1.1377811181063318,1.5712168796673216,0.7241400797425374,20.388248104594634,0.05428345456418447,holdout_shifted,source_shuffled_control,110010,2->3
0.8899912670190309,1.2521744298942896,0.7107566202593603,10.941894554454953,-0.06400639709576206,holdout_shifted,source_shuffled_control,110010,3->4
1.0499571253428395,1.4571030312727726,0.7205785049864345,16.81013871129497,-0.010082729837732576,holdout_shifted,source_shuffled_control,110010,4->5
0.9832152164454242,1.4358396297430116,0.6847667348376237,16.607410425109205,0.05973439793425324,holdout_shifted,source_shuffled_control,110010,5->6
0.10553424202717397,11.601846625512641,0.009096330423232449,2.3318375644853897,-0.023449194612897524,holdout_shifted,forged_static_control,110010,0->1
0.1051585583837223,11.591390857257226,0.009072125000986659,2.3281743871693603,0.00018537775721763186,holdout_shifted,forged_static_control,110010,1->2
0.10541068290758059,11.683033819851158,0.009022542675981888,2.3275379899507556,-0.031793921047283374,holdout_shifted,forged_static_control,110010,2->3
0.10486423140747816,11.286512614526295,0.009291109105393651,2.323344017279481,0.010768391673080333,holdout_shifted,forged_static_control,110010,3->4
0.10481697359383683,11.742483667029722,0.008926302545828175,2.3251449580894374,0.021980945900981836,holdout_shifted,forged_static_control,110010,4->5
0.10568345480751722,11.322817355304714,0.009333670249055763,2.3321942544641834,-0.03463720140363379,holdout_shifted,forged_static_control,110010,5->6
2.9414970645433813e-17,1.7098213011200085e-16,0.172035349279972,3.8230077617771556,1.0,holdout_shifted,legitimate_native,110011,0->1
0.028135966401079928,0.055756789095410896,0.5046195593719885,11.321951437595294,0.9985144934748059,holdout_shifted,legitimate_native,110011,1->2
1.29205630434728,0.3956462442415926,3.2656857552846326,80.0919921430426,0.9352816505808698,holdout_shifted,legitimate_native,110011,2->3
16.845758170222712,0.7559124882817767,22.285328567276313,621.850087194638,0.8004719636761488,holdout_shifted,legitimate_native,110011,3->4
117.79409320777509,0.8335196530647542,141.32131470904915,4088.355209822117,0.7701073010178879,holdout_shifted,legitimate_native,110011,4->5
739.0663834829231,0.8143545098999149,907.5487082068729,26009.15106729383,0.7772489782953005,holdout_shifted,legitimate_native,110011,5->6
0.8228899459705284,1.1037112349755007,0.7455663390842289,3.8230077617771556,-0.3573984258592686,holdout_shifted,source_shuffled_control,110011,0->1
1.2433922768782377,1.6973930220061721,0.7325305683837808,25.680888810887296,0.1936463395385661,holdout_shifted,source_shuffled_control,110011,1->2
1.143537495682787,1.5356636316250376,0.7446536276547966,21.23020706346214,0.11273818227028463,holdout_shifted,source_shuffled_control,110011,2->3
1.3605940244538965,1.8075712844960166,0.7527194276189685,28.395411818297,0.1817545415772076,holdout_shifted,source_shuffled_control,110011,3->4
1.1191289184675361,1.4894514294516719,0.751369863326179,21.042589500013467,0.14734910237760612,holdout_shifted,source_shuffled_control,110011,4->5
1.0206415860154354,1.3578305839449663,0.7516707877445866,16.56846560091418,0.07082278514432312,holdout_shifted,source_shuffled_control,110011,5->6
0.17189914056842695,22.02368521240533,0.007805193222064205,3.8230077617771556,0.04227140470376351,holdout_shifted,forged_static_control,110011,0->1
0.17258920722689186,20.828927112536064,0.008286033431558293,3.8299302197327343,-0.00535932049129935,holdout_shifted,forged_static_control,110011,1->2
0.17289658130910093,19.961760838358362,0.008661388278688493,3.830913318065633,-0.033905714704820955,holdout_shifted,forged_static_control,110011,2->3
0.17219387224027752,19.20709818151272,0.008965115469598627,3.8242759959749297,0.01493978940424083,holdout_shifted,forged_static_control,110011,3->4
0.17264783651574525,20.16082352836548,0.008563529962554014,3.8279788394346617,-0.020783687831215845,holdout_shifted,forged_static_control,110011,4->5
0.17298502808898145,19.29066227765131,0.00896729237744867,3.8323735686146536,-0.03327288493819765,holdout_shifted,forged_static_control,110011,5->6
2.7716307231417184e-17,2.345835467826592e-16,0.11815111237325052,2.625580274961123,0.9999999999999999,holdout_shifted,legitimate_native,110012,0->1
4.91621708993426e-17,1.487173973489038e-16,0.33057444271490655,7.346098726997923,0.9999999999999998,holdout_shifted,legitimate_native,110012,1->2
0.6261154669849548,0.3241329860788652,1.931662291564737,46.60182272942267,0.9557755262762163,holdout_shifted,legitimate_native,110012,2->3
8.19240180178832,0.5818717976279716,14.079393149149293,363.1632271209829,0.86666959638079,holdout_shifted,legitimate_native,110012,3->4
70.08459332870699,0.7318798565829222,95.75969702895424,2637.0459381581236,0.8082858226363933,holdout_shifted,legitimate_native,110012,4->5
459.0875236952044,0.7637889580942252,601.065934286268,16807.478346122032,0.7959359092246123,holdout_shifted,legitimate_native,110012,5->6
0.7251194397035433,1.0587383861431565,0.6848900995139308,2.625580274961123,-0.26423498216978614,holdout_shifted,source_shuffled_control,110012,0->1
1.0020148915510514,1.4194960234454665,0.7058948201203258,16.324432424480193,0.03281333803452932,holdout_shifted,source_shuffled_control,110012,1->2
1.129049153757325,1.5964766570938422,0.7072130664385167,21.701107891798458,0.13038303148450395,holdout_shifted,source_shuffled_control,110012,2->3
1.0471397823776076,1.5226535152276417,0.6877071969314065,19.726338792111378,0.1357988058516981,holdout_shifted,source_shuffled_control,110012,3->4
1.0212667288134945,1.4598009851723401,0.6995931210672018,17.18787035046158,0.041495711876512055,holdout_shifted,source_shuffled_control,110012,4->5
1.2553659195792612,1.8078597243415448,0.6943934315637396,26.18254488822798,0.18118990083465034,holdout_shifted,source_shuffled_control,110012,5->6
0.11816101449094003,12.903137321789679,0.009157540421449508,2.625580274961123,0.03901484677878251,holdout_shifted,forged_static_control,110012,0->1
0.11900409904394346,13.880800052767638,0.008573287181628675,2.640730644395165,0.016337678864592243,holdout_shifted,forged_static_control,110012,1->2
0.11956659774921191,12.627608817657018,0.009468664008217829,2.6498653512055794,0.005690558643806575,holdout_shifted,forged_static_control,110012,2->3
0.12005235827690582,13.164445037631275,0.00911943836365944,2.6571715002857483,-0.014636831451676402,holdout_shifted,forged_static_control,110012,3->4
0.12011587872011655,13.066292430704573,0.009192804025383895,2.656109396591083,-0.02628379511692836,holdout_shifted,forged_static_control,110012,4->5
0.12074490423178,13.05839431387058,0.009246534318934673,2.6599766875997197,-0.07514624246385768,holdout_shifted,forged_static_control,110012,5->6
2.7686109363158413e-17,2.253570546719537e-16,0.12285441508855047,2.7300981130788995,1.0,holdout_shifted,legitimate_native,110013,0->1
4.163031542469841e-12,1.3136465102324462e-11,0.31690652674871705,7.042367261082602,0.9999999999999997,holdout_shifted,legitimate_native,110013,1->2
0.43183499689639077,0.2605487484757839,1.6574057605806458,39.206129673512635,0.9706556232646157,holdout_shifted,legitimate_native,110013,2->3
7.833026919008792,0.5839933442528991,13.412870190234045,347.23756119619776,0.8672788651614427,holdout_shifted,legitimate_native,110013,3->4
66.7638573148664,0.7168942157537117,93.12930115352773,2546.406762546059,0.8147227762864097,holdout_shifted,legitimate_native,110013,4->5
457.1814321108794,0.7502220644710507,609.3948095654428,16929.43811906272,0.8019562828048273,holdout_shifted,legitimate_native,110013,5->6
0.7096808278801123,1.0817890343234502,0.6560251622832884,2.7300981130788995,-0.360966762404707,holdout_shifted,source_shuffled_control,110013,0->1
0.8578717190317205,1.2763493726386697,0.6721292274244975,12.349065356853705,0.033194732112251095,holdout_shifted,source_shuffled_control,110013,1->2
0.831031339136005,1.2726095370552963,0.6530136021032241,12.584250547812546,0.07680817850233519,holdout_shifted,source_shuffled_control,110013,2->3
0.8275836366783016,1.291974003607703,0.6405574981194563,11.944720379388146,0.020907807391236308,holdout_shifted,source_shuffled_control,110013,3->4
0.7957967360884135,1.2117154647965334,0.6567521485007416,10.963465742510781,0.06424638477445639,holdout_shifted,source_shuffled_control,110013,4->5
0.907637628119366,1.3827524468641388,0.6563992193938911,15.953125418015205,0.13073243717676164,holdout_shifted,source_shuffled_control,110013,5->6
0.12340741994657374,15.35206214096336,0.008038490429583921,2.7300981130788995,-0.037541127875521656,holdout_shifted,forged_static_control,110013,0->1
0.12304240015400983,14.322547646486417,0.00859081700186536,2.7214758558362693,-0.03308681597009612,holdout_shifted,forged_static_control,110013,1->2
0.12280908454807761,13.95438711234691,0.008800749872061987,2.7170561802339965,-0.025991315536016933,holdout_shifted,forged_static_control,110013,2->3
0.12262065721208909,13.596378087574692,0.009018625609401832,2.7182676599734346,0.003866970278360514,holdout_shifted,forged_static_control,110013,3->4
0.12276967988561815,14.264426594560026,0.008606701770123154,2.7193451681377523,-0.011284550297892321,holdout_shifted,forged_static_control,110013,4->5
0.1222408195743278,12.68617330636679,0.009635750981488302,2.718169299410565,0.04770033386767758,holdout_shifted,forged_static_control,110013,5->6
3.285554258224347e-17,2.9639321079282817e-16,0.11085119729282701,2.4633599398406,1.0,holdout_shifted,legitimate_native,110014,0->1
4.3914993228683356e-17,1.5591638973365922e-16,0.28165732382454334,6.259051640545408,1.0,holdout_shifted,legitimate_native,110014,1->2
0.33294261169645173,0.23114378792113635,1.440413408725932,33.75115721204797,0.976419610708248,holdout_shifted,legitimate_native,110014,2->3
6.804718433138174,0.5565089164453627,12.227510164699657,313.1453719256946,0.8770807180858483,holdout_shifted,legitimate_native,110014,3->4
61.27794483638791,0.7398705048816179,82.82252695754204,2289.582136635445,0.8052346664088412,holdout_shifted,legitimate_native,110014,4->5
405.95870262700697,0.7740423242523858,524.4657687398825,14738.323452258695,0.7920726801409665,holdout_shifted,legitimate_native,110014,5->6
0.7486371915154539,1.0544034289108926,0.7100102009667475,2.4633599398406,-0.2798735959611512,holdout_shifted,source_shuffled_control,110014,0->1
0.994475335859088,1.4413790852602668,0.6899471100887652,17.180401849405133,0.08006667055225727,holdout_shifted,source_shuffled_control,110014,1->2
0.9449457550853495,1.3535830073602095,0.6981069861202105,13.129515247626655,-0.06875324596495876,holdout_shifted,source_shuffled_control,110014,2->3
1.0058790095521803,1.4380522043572994,0.6994732215327886,17.150181364808194,0.06816607249102571,holdout_shifted,source_shuffled_control,110014,3->4
1.0408324470629042,1.452598581711023,0.7165313657296182,15.941279189379104,-0.05392657606883341,holdout_shifted,source_shuffled_control,110014,4->5
0.8986705749505185,1.2579870842473317,0.71437186036788,10.915195693970972,-0.08011239775837167,holdout_shifted,source_shuffled_control,110014,5->6
0.11070933730357793,12.54235469848509,0.008826837338175032,2.4633599398406,0.0571795066798,holdout_shifted,forged_static_control,110014,0->1
0.11176686332967156,12.31328209950123,0.009076934168585057,2.477362020321903,0.009257429755622925,holdout_shifted,forged_static_control,110014,1->2
0.11190014366370998,13.029539390543995,0.008588187754003072,2.4843692435309332,0.026492267434314543,holdout_shifted,forged_static_control,110014,2->3
0.11230382073765395,12.175483037116438,0.00922376617172539,2.491138911582905,0.01930622517609207,holdout_shifted,forged_static_control,110014,3->4
0.11296732520505845,12.070724226672267,0.009358785025070345,2.499310540335707,-0.01183003773975825,holdout_shifted,forged_static_control,110014,4->5
0.11254789640675057,11.831321067172738,0.009512706479389324,2.4986698338135347,0.03108961658522951,holdout_shifted,forged_static_control,110014,5->6
7.761948396531128e-16,6.355451540088645e-15,0.12213055648392766,2.714012366309504,1.0,holdout_shifted,legitimate_native,110015,0->1
8.992734781537744e-15,2.907402288561079e-14,0.3093047972014348,6.873439937809661,0.9999999999999998,holdout_shifted,legitimate_native,110015,1->2
0.3939907011365342,0.24655649142390643,1.5979733432067158,37.80759582713683,0.9739193744239272,holdout_shifted,legitimate_native,110015,2->3
6.650916612006888,0.5495224700567736,12.103083993581247,307.4849851268581,0.8783623863277841,holdout_shifted,legitimate_native,110015,3->4
37.139460591155625,0.6033893557137846,61.55140165941077,1597.5901325490001,0.8576974706711882,holdout_shifted,legitimate_native,110015,4->5
220.5915470785676,0.8574731029003004,257.2576869543611,7530.748430322311,0.7611437669113006,holdout_shifted,legitimate_native,110015,5->6
0.7441976399871921,1.0693554355851915,0.6959310385985776,2.714012366309504,-0.3211636010100231,holdout_shifted,source_shuffled_control,110015,0->1
0.9931271889287385,1.416294802807135,0.7012150193194514,17.126415684876008,0.09259571631218927,holdout_shifted,source_shuffled_control,110015,1->2
0.9604286899470829,1.3642565737712313,0.7039941804552947,14.788531955761089,0.017250759881720097,holdout_shifted,source_shuffled_control,110015,2->3
0.9920625418063292,1.393088010716221,0.7121319922229447,17.390332314487726,0.12223266713209442,holdout_shifted,source_shuffled_control,110015,3->4
1.016365233503419,1.4617323782586487,0.695315535975522,17.02964875470622,0.03553368138347464,holdout_shifted,source_shuffled_control,110015,4->5
1.1320497956352795,1.646879181796844,0.6873909188367213,21.467261157643595,0.09397192095545434,holdout_shifted,source_shuffled_control,110015,5->6
0.12233174839450044,14.396375567494543,0.008497398072493794,2.714012366309504,0.011365609867380274,holdout_shifted,forged_static_control,110015,0->1
0.12276946244798136,14.352031103986592,0.00855415147907869,2.7127693409761298,-0.04734318829828997,holdout_shifted,forged_static_control,110015,1->2
0.122381736872271,13.984837407947168,0.008751029369700623,2.705749143509413,-0.0358410049442807,holdout_shifted,forged_static_control,110015,2->3
0.12176622654514747,12.886745318469115,0.00944895011495947,2.7002009271052407,0.011887607215939485,holdout_shifted,forged_static_control,110015,3->4
0.12177618280570746,13.467763266428557,0.009042048551707083,2.704243766534517,0.028144749983143227,holdout_shifted,forged_static_control,110015,4->5
0.12308836337140201,13.258714203623454,0.009283581214764339,2.7129559983536455,-0.07083777482322991,holdout_shifted,forged_static_control,110015,5->6
3.2894469319930556e-17,3.1584334738631214e-16,0.10414805084956737,2.314401129990386,1.0,holdout_shifted,legitimate_native,110016,0->1
3.987339610270091e-17,1.8109551717926843e-16,0.22017881250000398,4.8928625000000885,0.9999999999999999,holdout_shifted,legitimate_native,110016,1->2
0.03943662309136569,0.04876719788890309,0.8086710893752672,18.15947665965479,0.9988886192861893,holdout_shifted,legitimate_native,110016,2->3
3.209740755798492,0.4343577975720118,7.389623884516529,181.89902425308426,0.9217231740943531,holdout_shifted,legitimate_native,110016,3->4
37.60583997340029,0.7010187358564834,53.644557626200395,1456.208266797288,0.820858046695874,holdout_shifted,legitimate_native,110016,4->5
264.89043159809864,0.7457086155653087,355.2197548321795,9846.927655064874,0.8034668486138896,holdout_shifted,legitimate_native,110016,5->6
0.8566558082665061,1.0493080824283898,0.8164006563588636,2.314401129990386,-0.33226288881875077,holdout_shifted,source_shuffled_control,110016,0->1
1.1961129597362443,1.4719643302042702,0.8125964289489888,20.488427530092487,0.053518569589243725,holdout_shifted,source_shuffled_control,110016,1->2
1.2043978622309242,1.5196789405903568,0.7925344153570801,20.941730991371728,0.044225826039335184,holdout_shifted,source_shuffled_control,110016,2->3
1.2082932422721755,1.4939950428983964,0.8087665662089845,21.294182961777164,0.0730505580601085,holdout_shifted,source_shuffled_control,110016,3->4
1.13894605505983,1.4035500713229967,0.8114751849092929,18.346578436584604,0.032273428612100495,holdout_shifted,source_shuffled_control,110016,4->5
1.1803303965815166,1.4811160915010666,0.7969195675297615,19.169037899079964,-0.010268329790539939,holdout_shifted,source_shuffled_control,110016,5->6
0.10413359580530472,11.630546955975058,0.008953455462493133,2.314401129990386,0.045528822287475235,holdout_shifted,forged_static_control,110016,0->1
0.10548918623198805,11.799993666264541,0.008939765343568063,2.3339923800508324,-0.009123252172059738,holdout_shifted,forged_static_control,110016,1->2
0.10553757441504327,11.786535787810298,0.008954078155657495,2.334997489157593,-0.009236219914238482,holdout_shifted,forged_static_control,110016,2->3
0.10553168545493034,11.404992580151488,0.009253112030392573,2.335740027919139,-0.0017504516829742226,holdout_shifted,forged_static_control,110016,3->4
0.10611901083774959,11.623145340937894,0.00912997266246361,2.342212234495015,-0.03594893625402557,holdout_shifted,forged_static_control,110016,4->5
0.10573417379846323,10.794282549556197,0.009795385892370207,2.3455982488042872,0.02797323829245724,holdout_shifted,forged_static_control,110016,5->6
4.032987656461291e-17,1.7397794986851367e-16,0.23181027492917836,5.15133944287063,1.0,holdout_shifted,legitimate_native,110017,0->1
0.035439581775748664,0.04390134543697992,0.807255025537215,18.06843518169503,0.9990753860117498,holdout_shifted,legitimate_native,110017,1->2
2.6928286311887297,0.39576293573010746,6.8041455823173775,165.837305222032,0.9343659579473208,holdout_shifted,legitimate_native,110017,2->3
28.623646250236707,0.6356685138426396,45.02920252659683,1186.309318638282,0.8454148243487071,holdout_shifted,legitimate_native,110017,3->4
217.47939763559228,0.7256639721273186,299.69711324831985,8228.695592504182,0.8105661307980057,holdout_shifted,legitimate_native,110017,4->5
1399.3365988971507,0.7542740642330541,1855.209751006409,51639.52040612926,0.7994609802716156,holdout_shifted,legitimate_native,110017,5->6
0.9496160044963665,1.1273563097186197,0.8423388374932037,5.15133944287063,-0.35464982847508125,holdout_shifted,source_shuffled_control,110017,0->1
1.5043300030142934,1.824586015080781,0.8244774369396366,30.968738243207625,0.1569317811209136,holdout_shifted,source_shuffled_control,110017,1->2
2.0358607200173555,2.4641472295836397,0.8261928074391894,45.27439615818594,0.2056304607683749,holdout_shifted,source_shuffled_control,110017,2->3
1.5720155282767183,1.892763517784053,0.8305398490691469,33.39624886957738,0.19231526420091746,holdout_shifted,source_shuffled_control,110017,3->4
1.2518201925646066,1.481573365507266,0.8449262252054801,20.977839154457964,0.023930417959186687,holdout_shifted,source_shuffled_control,110017,4->5
1.7191302113990188,2.0561856756004504,0.8360773201285969,37.386338972441415,0.20525455769691922,holdout_shifted,source_shuffled_control,110017,5->6
0.23194109454943967,28.586614447714833,0.008113624871075498,5.15133944287063,0.0014596324933356204,holdout_shifted,forged_static_control,110017,0->1
0.23187698656322683,27.666883165558456,0.008381029316124748,5.149717965261096,0.0014513572355541176,holdout_shifted,forged_static_control,110017,1->2
0.2320104373379183,26.895156995336674,0.008626475409048156,5.148755908630243,-0.018470365443336887,holdout_shifted,forged_static_control,110017,2->3
0.23195527296716795,26.888690866784263,0.008626498301001801,5.144258009894293,-0.035769899255481435,holdout_shifted,forged_static_control,110017,3->4
0.23144420298061227,26.263761880969902,0.00881230106204052,5.138945991526888,-0.0026899172073919773,holdout_shifted,forged_static_control,110017,4->5
0.23158166801249747,25.404841839750503,0.009115649846136966,5.141047432897422,-0.006057616257928382,holdout_shifted,forged_static_control,110017,5->6
7.989355749760067e-11,6.207539408673393e-10,0.1287040671303941,2.860090380675424,0.9999999999999998,holdout_shifted,legitimate_native,110018,0->1
4.124058789481707e-09,1.1359353112900147e-08,0.3630540169966988,8.067867044371097,0.9999999999999997,holdout_shifted,legitimate_native,110018,1->2
0.7996063069388079,0.3624843768346395,2.205905571872669,53.64432704917432,0.9450121139716511,holdout_shifted,legitimate_native,110018,2->3
8.77076670034285,0.57183318081524,15.337981414906494,393.8145389623942,0.8703926033514343,holdout_shifted,legitimate_native,110018,3->4
82.06927013492208,0.7692134572789191,106.69245234537583,2991.9717501504474,0.7943980470337053,holdout_shifted,legitimate_native,110018,4->5
695.583664088974,0.7529712518268742,923.7851543476352,25697.342372858453,0.8007748008468234,holdout_shifted,legitimate_native,110018,5->6
0.6626915246097648,1.0780073730580104,0.6147374684941939,2.860090380675424,-0.2824419212493141,holdout_shifted,source_shuffled_control,110018,0->1
0.9560990644521009,1.514673065070078,0.6312247078171902,17.611285496203443,0.11308658511423654,holdout_shifted,source_shuffled_control,110018,1->2
0.8004370663394609,1.2725237910494713,0.6290154028529428,11.84451115322259,0.05854527807030162,holdout_shifted,source_shuffled_control,110018,2->3
0.8849988667214045,1.4621443694835352,0.6052746115432248,16.689957795844208,0.16296077942635848,holdout_shifted,source_shuffled_control,110018,3->4
0.8736330498413994,1.433326281733169,0.609514427762869,14.933625314653568,0.07370082316088815,holdout_shifted,source_shuffled_control,110018,4->5
0.8922093328875879,1.4273730778424987,0.6250708699149672,15.008037863021256,0.06070382594718354,holdout_shifted,source_shuffled_control,110018,5->6
0.12904609206619705,15.306277553602099,0.008430924913520236,2.860090380675424,-0.008490296439815668,holdout_shifted,forged_static_control,110018,0->1
0.12952181920432257,15.154249063623404,0.008546896880623437,2.865240786022185,-0.03597747763222958,holdout_shifted,forged_static_control,110018,1->2
0.1291157661506139,14.851816787779622,0.008693599789423486,2.861698516106204,-0.005359724180980266,holdout_shifted,forged_static_control,110018,2->3
0.12969622081220442,14.125426036167438,0.009181755393054894,2.869271788054598,-0.028026050935115322,holdout_shifted,forged_static_control,110018,3->4
0.12890199496179483,13.976293797335712,0.009222901496967207,2.8674798568108404,0.051331774885227,holdout_shifted,forged_static_control,110018,4->5
0.13058091012286346,14.350671287248996,0.009099288330032146,2.881700594944381,-0.06515100653090009,holdout_shifted,forged_static_control,110018,5->6
3.380011402864792e-17,1.147521156410921e-16,0.29454893903317425,6.545531978514982,1.0,holdout_shifted,legitimate_native,110019,0->1
0.09713514582608362,0.0810586577378319,1.1983315349137567,27.061934038587466,0.9969461404157851,holdout_shifted,legitimate_native,110019,1->2
3.980829286727011,0.4722828481605207,8.428909289760432,209.68213554541552,0.9084760028511764,holdout_shifted,legitimate_native,110019,2->3
30.247025544518948,0.7639094662701863,39.595039568546206,1107.6529556892579,0.7963211543693971,holdout_shifted,legitimate_native,110019,3->4
102.93884828923231,0.7641740844704894,134.70601840652108,3767.4445530455237,0.7959858972507597,holdout_shifted,legitimate_native,110019,4->5
375.7747281566198,0.7817485888797585,480.6848819443617,13558.553440016682,0.7893381191969815,holdout_shifted,legitimate_native,110019,5->6
1.0373179008643822,1.152820837638046,0.8998084228221165,6.545531978514982,-0.33884652856773023,holdout_shifted,source_shuffled_control,110019,0->1
1.7610768933833707,1.897609746112193,0.9280500877979999,36.20304061796887,0.13744700453146833,holdout_shifted,source_shuffled_control,110019,1->2
1.6185103765837596,1.7431662698873795,0.9284888095873725,33.04884485514725,0.1651843943315054,holdout_shifted,source_shuffled_control,110019,2->3
2.0006686192134584,2.1956109721395394,0.9112127068067399,43.462175198393005,0.1838427945028278,holdout_shifted,source_shuffled_control,110019,3->4
2.016406868596165,2.274858570754158,0.8863877922981515,44.29082577788099,0.19663658616482096,holdout_shifted,source_shuffled_control,110019,4->5
1.8131033235072231,1.9991692321766021,0.9069283842138925,38.24606257821333,0.1598352857406386,holdout_shifted,source_shuffled_control,110019,5->6
0.2946630791081769,36.812776627198296,0.008004368843987038,6.545531978514982,-0.0007424019823181729,holdout_shifted,forged_static_control,110019,0->1
0.29486170548917123,36.04242057201235,0.008180961898982906,6.553606714281313,0.020531089897942795,holdout_shifted,forged_static_control,110019,1->2
0.29528306374421776,33.9642700645459,0.008693931275978848,6.55073255892973,-0.04392063833630389,holdout_shifted,forged_static_control,110019,2->3
0.29475840769698014,34.928043149619725,0.008439017654275491,6.545514503863948,-0.010671267505371342,holdout_shifted,forged_static_control,110019,3->4
0.2944161461467252,33.49825893278183,0.0087889974592186,6.545557153922682,0.030534194411018355,holdout_shifted,forged_static_control,110019,4->5
0.29518099631261435,31.54159790557812,0.009358465783967585,6.562414669872734,0.030038099028322638,holdout_shifted,forged_static_control,110019,5->6
2.8707524502298285e-17,1.962930416805437e-16,0.14624830335415143,3.249962296758921,0.9999999999999998,ood_multi,legitimate_native,210000,0->1
0.019799977517388833,0.040442141820312666,0.48958775637846796,10.964563159447673,0.9992259798139064,ood_multi,legitimate_native,210000,1->2
1.5359664043930878,0.37938334352933056,4.04858681913893,98.26357386101617,0.9391326494285562,ood_multi,legitimate_native,210000,2->3
26.811205111164497,0.7100560998044143,37.75927721463081,1029.1532871007923,0.8169244592032009,ood_multi,legitimate_native,210000,3->4
240.88377030235804,0.7074120348031294,340.5140970900896,9268.968293875425,0.8179281991677616,ood_multi,legitimate_native,210000,4->5
2171.6829860578764,0.7073251240100094,3070.27548200937,83570.91750153825,0.8179444688019546,ood_multi,legitimate_native,210000,5->6
0.7007522526670743,1.0973329160838983,0.6385958548209305,3.249962296758921,-0.3311817613305622,ood_multi,source_shuffled_control,210000,0->1
0.8808690370730201,1.3828274097998645,0.6370057676378285,14.069834831815768,0.03830105587755823,ood_multi,source_shuffled_control,210000,1->2
1.0552444041884095,1.6950251390961175,0.6225538360192698,19.709489488061955,0.0551117392707977,ood_multi,source_shuffled_control,210000,2->3
0.931626620323348,1.4896717175536565,0.6253905527343947,17.01596724179586,0.11535782659329633,ood_multi,source_shuffled_control,210000,3->4
0.9109724777421175,1.4031957581781116,0.6492126782949479,15.424905888873678,0.08177536133804904,ood_multi,source_shuffled_control,210000,4->5
0.8389068610404652,1.336242961168916,0.6278101244180662,13.254600161511075,0.06186873425482511,ood_multi,source_shuffled_control,210000,5->6
0.14651331556449182,17.600012046573628,0.008324613504625584,3.249962296758921,-0.0034784467050332202,ood_multi,forged_static_control,210000,0->1
0.14687387363696644,16.41102974595871,0.008949703918616382,3.254536021306904,-0.01679869887151991,ood_multi,forged_static_control,210000,1->2
0.14657419954183046,16.412515212247648,0.00893063502051995,3.256920475336086,0.029437309716764674,ood_multi,forged_static_control,210000,2->3
0.14740038367008804,16.492752068858245,0.00893728145320626,3.2604850425195795,-0.04587771306241824,ood_multi,forged_static_control,210000,3->4
0.14620719708704008,15.280209540926457,0.009568401625333067,3.2416052249704514,-0.0022386260315585085,ood_multi,forged_static_control,210000,4->5
0.14648684968884718,15.903102226640193,0.00921121122772867,3.2437282177263818,-0.025175019737031838,ood_multi,forged_static_control,210000,5->6
5.998961984870487e-17,1.4797688244354478e-16,0.40539859138886,9.00885758641911,1.0,ood_multi,legitimate_native,210001,0->1
0.33160028763896304,0.17769994578769469,1.8660685910250043,43.33762765443866,0.9862180434695278,ood_multi,legitimate_native,210001,1->2
5.995913435233983,0.5578559782842867,10.748138709773896,277.6358559907379,0.8798548524023942,ood_multi,legitimate_native,210001,2->3
46.58798766247932,0.7416038623926082,62.82058390504153,1738.0187227942272,0.8050902764265201,ood_multi,legitimate_native,210001,3->4
222.98610759109678,0.785035941972443,284.0457304796106,8024.800483882495,0.788199034445329,ood_multi,legitimate_native,210001,4->5
1029.3331376599276,0.8152393051046665,1262.6147086062772,36200.55664976493,0.776709889363349,ood_multi,legitimate_native,210001,5->6
1.2814114818345699,1.1930048734817738,1.0741041458630234,9.00885758641911,-0.372000072066078,ood_multi,source_shuffled_control,210001,0->1
2.153370951521731,2.03540983727364,1.0579544768097837,44.95022409576893,0.13457965281643444,ood_multi,source_shuffled_control,210001,1->2
1.8587912647391525,1.702773623316905,1.0916255910844803,32.81259487800866,-0.02586611808982142,ood_multi,source_shuffled_control,210001,2->3
2.0202907428350323,1.8955568178515116,1.0658033153705946,40.97156748661918,0.11590423411245993,ood_multi,source_shuffled_control,210001,3->4
3.3343062840073876,3.042172453464867,1.096028029958533,75.2042994074423,0.20847003034887815,ood_multi,source_shuffled_control,210001,4->5
2.9344626094466397,2.844936620146484,1.0314685345962502,65.23315061187921,0.17725348328068571,ood_multi,source_shuffled_control,210001,5->6
0.4052685454206165,50.5495637821739,0.008017250091759824,9.00885758641911,0.02698357591416214,ood_multi,forged_static_control,210001,0->1
0.40573308055161983,47.98224760502636,0.008455898854702043,9.01784443875706,0.019032798024150838,ood_multi,forged_static_control,210001,1->2
0.40581309627574785,46.310473213590505,0.0087628784982094,9.023787353574916,0.04096559835142395,ood_multi,forged_static_control,210001,2->3
0.40690963461445356,47.63033233968148,0.008543076795731684,9.039241783473773,-0.0063767036594105575,ood_multi,forged_static_control,210001,3->4
0.40684437471510965,44.750136273898875,0.009091465721463531,9.035969526769675,-0.013849900897905292,ood_multi,forged_static_control,210001,4->5
0.40708402403250954,45.43997298381799,0.008958719643990693,9.0360903417374,-0.040719184682214984,ood_multi,forged_static_control,210001,5->6
3.065112076716679e-17,2.0187466591813244e-16,0.15183242744150113,3.3740539431444705,1.0,ood_multi,legitimate_native,210002,0->1
5.494179218445026e-17,1.307680577017795e-16,0.4201468846388971,9.336597436419936,1.0,ood_multi,legitimate_native,210002,1->2
0.963830474746232,0.3818797141775092,2.523911165169498,62.016930515036584,0.9404426375796326,ood_multi,legitimate_native,210002,2->3
13.743645386567678,0.6837992265089907,20.098948423866307,543.2387240785383,0.8289486629944591,ood_multi,legitimate_native,210002,3->4
122.87467425002741,0.8195323230549281,149.93267598180185,4308.042510208915,0.7754400115507526,ood_multi,legitimate_native,210002,4->5
951.8979593782075,0.7631940123608523,1247.2555391686817,34866.63341902537,0.7968767107063086,ood_multi,legitimate_native,210002,5->6
0.848399595883637,1.0807996105924322,0.7849740011821373,3.3740539431444705,-0.3378988051584928,ood_multi,source_shuffled_control,210002,0->1
1.2089370817188523,1.5611603809140948,0.7743836539394062,21.149456246828024,0.029908424995001445,ood_multi,source_shuffled_control,210002,1->2
1.4843920368652064,1.873473879763271,0.7923206461673743,30.11108027390336,0.12184515719835648,ood_multi,source_shuffled_control,210002,2->3
1.0943986130965841,1.405207927447742,0.778816138391075,16.933503557983393,-0.008889137434034048,ood_multi,source_shuffled_control,210002,3->4
1.1460229198622638,1.4757663995919692,0.7765611947143927,19.566589293819202,0.04798376576578938,ood_multi,source_shuffled_control,210002,4->5
1.3471576503795708,1.7261836963746608,0.7804254271910307,27.578797650547312,0.17420609096239273,ood_multi,source_shuffled_control,210002,5->6
0.15228566706426636,17.313622667783218,0.008795712640429276,3.3740539431444705,-0.02318977379425815,ood_multi,forged_static_control,210002,0->1
0.15206054549092207,17.085935199682442,0.008899748631132177,3.3690012587189715,-0.02203202094197328,ood_multi,forged_static_control,210002,1->2
0.15173162624656242,16.825153700235003,0.009018141059792484,3.367747092524575,0.009606615566751653,ood_multi,forged_static_control,210002,2->3
0.1517276728001944,16.295487366296342,0.009311022928870637,3.36975263452093,0.021326211154990754,ood_multi,forged_static_control,210002,3->4
0.15164813650080552,16.923552058970607,0.008960773663166647,3.378905180939026,0.07448490967244334,ood_multi,forged_static_control,210002,4->5
0.1529502347202827,15.906662338970833,0.009615481585907375,3.395834070526773,0.01734225855763716,ood_multi,forged_static_control,210002,5->6
4.257868209833149e-17,1.5792612693813736e-16,0.26961138581638383,5.9913641292529745,1.0,ood_multi,legitimate_native,210003,0->1
0.1302897741374189,0.11743150386648052,1.1094959165994052,25.269663794319705,0.9936506139668544,ood_multi,legitimate_native,210003,1->2
4.344976554907268,0.49020531029529696,8.8635852430886,222.14599668569417,0.9023139081539238,ood_multi,legitimate_native,210003,2->3
28.493064439771715,0.7069187967137418,40.305993519369835,1097.5044779745695,0.8183523818187003,ood_multi,legitimate_native,210003,3->4
151.24197350846478,0.6384056405832578,236.90576005821197,6245.926574506639,0.8439539775981375,ood_multi,legitimate_native,210003,4->5
538.6130665646643,0.6522889298830283,825.7277440851232,21908.117274942895,0.8388505825561461,ood_multi,legitimate_native,210003,5->6
1.0559735457016903,1.1338069333252911,0.9313521672255667,5.9913641292529745,-0.34840855555749567,ood_multi,source_shuffled_control,210003,0->1
1.5208380359457399,1.619542915779947,0.9390538648330814,28.701487181511396,0.09810820089039918,ood_multi,source_shuffled_control,210003,1->2
1.6859385129700826,1.7809505602954903,0.9466509339312631,31.963837556142465,0.04521164697746175,ood_multi,source_shuffled_control,210003,2->3
2.0277898486988684,2.1773682665756295,0.9313031137863633,42.93505334405767,0.13622407829733846,ood_multi,source_shuffled_control,210003,3->4
1.7932349584297957,1.9235102489144469,0.9322721090351956,37.52909180537652,0.16223949145106126,ood_multi,source_shuffled_control,210003,4->5
1.4394157203851048,1.5472030893081319,0.930334051673572,24.413800355366025,0.00028048250100808395,ood_multi,source_shuffled_control,210003,5->6
0.2698582506033187,33.11270148885618,0.008149688951879563,5.9913641292529745,-0.015996989178861686,ood_multi,forged_static_control,210003,0->1
0.2699981353406886,30.844581795592433,0.008753501872237687,5.988719503727013,-0.042684179610383365,ood_multi,forged_static_control,210003,1->2
0.2691578798009738,31.592613244805477,0.008519644960127382,5.985429678100364,0.03811560209153655,ood_multi,forged_static_control,210003,2->3
0.27042521355117705,31.02831940136562,0.008715431184808407,6.007997498084648,0.008731271808789921,ood_multi,forged_static_control,210003,3->4
0.27039611796892166,31.143202274073264,0.008682346935492382,6.0061992688619394,0.0026008544267104748,ood_multi,forged_static_control,210003,4->5
0.2711703121838116,29.182694967785057,0.00929216041563204,6.011482711701411,-0.05365420540997959,ood_multi,forged_static_control,210003,5->6
4.0742592116167825e-17,3.1876520298157856e-16,0.12781379967548445,2.8403066594552104,1.0,ood_multi,legitimate_native,210004,0->1
4.973047516801109e-17,1.6533188498004569e-16,0.3007917983193701,6.68426218487489,1.0,ood_multi,legitimate_native,210004,1->2
0.1857324772137703,0.13901697895181098,1.336041672572498,30.693991041004445,0.9913704552315167,ood_multi,legitimate_native,210004,2->3
5.218537181274164,0.4958552004116007,10.524316728848447,263.8145511635668,0.9002555502501104,ood_multi,legitimate_native,210004,3->4
45.782685672064595,0.6728642901624329,68.04148524561997,1822.5551588400592,0.831562431534499,ood_multi,legitimate_native,210004,4->5
285.00650142893716,0.8460584281433311,336.8638523624612,9805.666312127269,0.7657804569431558,ood_multi,legitimate_native,210004,5->6
0.9235462006856654,1.0513061805939536,0.87847500250839,2.8403066594552104,-0.28893025437252756,ood_multi,source_shuffled_control,210004,0->1
1.4134351433154977,1.6023555411319985,0.8820983267637394,25.081451448049904,0.02736345941675345,ood_multi,source_shuffled_control,210004,1->2
1.5099291403407284,1.699487045954123,0.88846169333026,27.12023912098045,-0.000518112989195915,ood_multi,source_shuffled_control,210004,2->3
1.3857374015775354,1.6034858698082102,0.8642030628806195,25.52579345133625,0.07427756568366917,ood_multi,source_shuffled_control,210004,3->4
1.1497372340995144,1.3018756183849418,0.8831390776209174,15.528803086745562,-0.0437261434780511,ood_multi,source_shuffled_control,210004,4->5
1.5041487162966014,1.6927166084621736,0.8886004349956712,28.420417717866005,0.07225406202915433,ood_multi,source_shuffled_control,210004,5->6
0.12840679783651415,15.293845498805688,0.008395977489944964,2.8403066594552104,-0.03908239780012416,ood_multi,forged_static_control,210004,0->1
0.12842869825326425,14.336222948277163,0.008958334728777015,2.845015379727213,-0.010169996052160422,ood_multi,forged_static_control,210004,1->2
0.12829652498173094,14.031585573041378,0.009143407940770362,2.8396219806972662,-0.020709287651718516,ood_multi,forged_static_control,210004,2->3
0.1278511433092417,14.317417428775775,0.008929761923045105,2.841609028735849,0.03774949360604108,ood_multi,forged_static_control,210004,3->4
0.1289381685392232,13.919762275433726,0.00926295665602115,2.8561425836657612,-0.008495357792983818,ood_multi,forged_static_control,210004,4->5
0.12872873495924927,13.82182394154173,0.009313439505659521,2.8583598931779393,0.0253860684664702,ood_multi,forged_static_control,210004,5->6
5.740837230044699e-17,2.1642769412930463e-16,0.26525427956424413,5.8945395458720915,1.0,ood_multi,legitimate_native,210005,0->1
0.025768622554744866,0.033249545107127125,0.775006768918825,17.27653354240558,0.9994547145334741,ood_multi,legitimate_native,210005,1->2
1.7600383110221502,0.32017677843580106,5.497082953050202,131.89694739951446,0.9567241861192629,ood_multi,legitimate_native,210005,2->3
13.840715057605765,0.7112654275522159,19.459282738550392,532.2954534568695,0.8184151012166553,ood_multi,legitimate_native,210005,3->4
81.2008687156351,0.7900962544411548,102.77338774663527,2910.6834776675514,0.7866253378503092,ood_multi,legitimate_native,210005,4->5
336.8511514872193,0.828845351981249,406.4101351128902,11730.259663350209,0.7722855883620731,ood_multi,legitimate_native,210005,5->6
1.299486485075114,1.092155838227133,1.1898361373889457,5.8945395458720915,-0.3209591241638005,ood_multi,source_shuffled_control,210005,0->1
2.2514745670057823,1.9064687763411623,1.1809658742065925,42.6129698091382,0.0005909833165837585,ood_multi,source_shuffled_control,210005,1->2
2.5949335825430464,2.169969696152437,1.1958386262140623,52.737721089853295,0.058147187588706774,ood_multi,source_shuffled_control,210005,2->3
3.46957275204064,2.9534351140285846,1.1747584135527498,77.96372721764646,0.20187680466085392,ood_multi,source_shuffled_control,210005,3->4
2.552386829687099,2.0689073988969886,1.2336882883105178,53.676222209560684,0.14232156172522192,ood_multi,source_shuffled_control,210005,4->5
2.842602592541263,2.3209686674491614,1.2247483691128107,57.542526649321516,0.019713355400034625,ood_multi,source_shuffled_control,210005,5->6
0.265327656455661,31.175335740867055,0.008510818535709085,5.8945395458720915,0.007469072150509233,ood_multi,forged_static_control,210005,0->1
0.2656242881227556,28.92617945961732,0.009182832443095486,5.898371287330244,-0.004292253424820141,ood_multi,forged_static_control,210005,1->2
0.2659974622504406,29.4405957787434,0.009035056043325706,5.901310395456566,-0.031743299206958384,ood_multi,forged_static_control,210005,2->3
0.26537202035833235,27.822423955132503,0.009538061563717717,5.895622073670123,0.010898867053434508,ood_multi,forged_static_control,210005,3->4
0.26602965577103976,28.34107235360539,0.009386717062458812,5.909516789711572,0.006938306776701024,ood_multi,forged_static_control,210005,4->5
0.26675383421997173,27.50719326152835,0.009697601793704675,5.9156448016238565,-0.03863613122575556,ood_multi,forged_static_control,210005,5->6
4.800924536015443e-17,1.7889882187091986e-16,0.2683597615634133,5.963550256964741,0.9999999999999998,ood_multi,legitimate_native,210006,0->1
0.10696520953965917,0.12276578962926443,0.8712949245869994,20.038561024690026,0.9934287708283082,ood_multi,legitimate_native,210006,1->2
3.512130744945967,0.49936079414905715,7.033252881679473,177.8391586845247,0.9007690382494645,ood_multi,legitimate_native,210006,2->3
35.34048980290315,0.7842655898887104,45.06189007620978,1274.4428165491352,0.7898638943335641,ood_multi,legitimate_native,210006,3->4
247.19829137594246,0.8235962021050678,300.14501128501234,8640.81680692083,0.7741849303649371,ood_multi,legitimate_native,210006,4->5
1608.658022375248,0.811426222866454,1982.5068219901398,56734.660437234896,0.7787796103080117,ood_multi,legitimate_native,210006,5->6
1.0873193501595504,1.1206543081306106,0.9702540213785272,5.963550256964741,-0.3242480177198021,ood_multi,source_shuffled_control,210006,0->1
2.0606741852579606,2.188221620600968,0.9417118283036616,43.898982864600605,0.14703094825721444,ood_multi,source_shuffled_control,210006,1->2
2.0349822222395733,2.0195530562990904,1.007639890357327,43.28904608932237,0.17131328056679518,ood_multi,source_shuffled_control,210006,2->3
1.8599524141887769,1.8474050704385465,1.0067918736954893,38.056402892601525,0.14194245414282183,ood_multi,source_shuffled_control,210006,3->4
2.2303982659919654,2.250322702708506,0.9911459636687298,49.22456616815847,0.20980422200253368,ood_multi,source_shuffled_control,210006,4->5
1.8674132309809834,1.916133141288045,0.9745738377081435,38.10655744449716,0.12109749533866145,ood_multi,source_shuffled_control,210006,5->6
0.26854194072109766,34.00848640843389,0.007896320450357196,5.963550256964741,-0.008720330971330239,ood_multi,forged_static_control,210006,0->1
0.26899411367009496,31.21020570336585,0.008618785951509436,5.969450503066136,-0.027307042057870677,ood_multi,forged_static_control,210006,1->2
0.268674552308983,30.386168295063143,0.008842000719336055,5.9633497237506115,-0.020608250004184633,ood_multi,forged_static_control,210006,2->3
0.26796141875466,30.06198209617172,0.008913630107137938,5.952959919867676,0.007934655616814163,ood_multi,forged_static_control,210006,3->4
0.2682411657732674,30.893247805724087,0.008682840229906752,5.953843185219432,-0.020601670920718306,ood_multi,forged_static_control,210006,4->5
0.2683069502938384,29.08938996226367,0.009223532069682818,5.951796599720012,-0.03474960384325726,ood_multi,forged_static_control,210006,5->6
3.6965431349991974e-17,2.551076431510123e-16,0.14490130769230797,3.2200290598290655,1.0,ood_multi,legitimate_native,210007,0->1
5.255296550790243e-17,1.5765424624543386e-16,0.33334316456300506,7.407625879177891,1.0,ood_multi,legitimate_native,210007,1->2
0.2699418968369934,0.1846458500973092,1.4619440215422492,34.02257324592241,0.9850655285972642,ood_multi,legitimate_native,210007,2->3
5.475215804360588,0.5439810615506333,10.065085332583731,256.3207783003284,0.8820442805663878,ood_multi,legitimate_native,210007,3->4
38.344896905826175,0.7750264818236294,49.475595743291244,1391.6648535061163,0.7926024298735844,ood_multi,legitimate_native,210007,4->5
188.2971803085068,0.7301364527581878,257.8931370930173,7095.980565951014,0.8100740814564168,ood_multi,legitimate_native,210007,5->6
0.9259921409025271,1.0640999517782677,0.8702116171426922,3.2200290598290655,-0.31403674078191063,ood_multi,source_shuffled_control,210007,0->1
1.462938160751849,1.6709116771775174,0.875532907611319,28.070499997495666,0.10141260904336291,ood_multi,source_shuffled_control,210007,1->2
1.4892758071666996,1.6979308967426863,0.8771121417990556,28.172206169161004,0.07187955586162362,ood_multi,source_shuffled_control,210007,2->3
1.4559890337590706,1.6798576824742677,0.8667335615804561,25.575865310564943,-0.02216696223141614,ood_multi,source_shuffled_control,210007,3->4
1.1704700279249882,1.3305979777366095,0.8796571512797561,15.320401910064321,-0.10009894132394263,ood_multi,source_shuffled_control,210007,4->5
1.4914792860428698,1.7154736372002068,0.8694271086331657,27.900196136491775,0.04965063901149624,ood_multi,source_shuffled_control,210007,5->6
0.14504749101406292,15.96558100624244,0.009085010748545216,3.2200290598290655,0.015596105338071726,ood_multi,forged_static_control,210007,0->1
0.1456044430101992,15.761574709421323,0.009237936559828056,3.230394045039754,0.006147664310540626,ood_multi,forged_static_control,210007,1->2
0.14564564973307545,16.42021798811735,0.00886989645437444,3.237074874068774,0.03313571861588287,ood_multi,forged_static_control,210007,2->3
0.1463810472873929,16.57969636528657,0.0088289331410302,3.2467329607853426,-0.0013097726142073823,ood_multi,forged_static_control,210007,3->4
0.14664405117226992,15.77294934161935,0.00929718546755094,3.2548295999761248,0.012777255157395593,ood_multi,forged_static_control,210007,4->5
0.1474383357461127,15.917650073144362,0.009262568227782242,3.268221954883382,-0.008350734386480638,ood_multi,forged_static_control,210007,5->6
3.125619296586702e-17,2.0226837302741017e-16,0.15452832440276265,3.4339627645058366,0.9999999999999998,ood_multi,legitimate_native,210008,0->1
0.01742744897116863,0.03588327785936616,0.4856704842736791,10.854281782073555,0.9993790668846656,ood_multi,legitimate_native,210008,1->2
1.3989442384386674,0.37599085955808426,3.720686826554525,90.02497326704,0.9396423209083273,ood_multi,legitimate_native,210008,2->3
19.627365489049723,0.7040654976159596,27.877186930485866,757.6381112852252,0.8190033010218296,ood_multi,legitimate_native,210008,3->4
134.16688536227508,0.7377158668085954,181.86796759835417,5022.274267406736,0.8059270405492402,ood_multi,legitimate_native,210008,4->5
870.7052036365882,0.7765013165780805,1121.3183867773373,31548.378504778568,0.7909649339467855,ood_multi,legitimate_native,210008,5->6
0.7701581129775743,1.0842312349481968,0.7103264387417692,3.4339627645058366,-0.29472299733262497,ood_multi,source_shuffled_control,210008,0->1
1.37729536530636,1.9126021575632866,0.720115972863104,27.68206648613975,0.09700694543320867,ood_multi,source_shuffled_control,210008,1->2
0.9550539817482778,1.3449565314244092,0.7101002583271951,15.301787619540955,0.06802577971335266,ood_multi,source_shuffled_control,210008,2->3
1.1218611435962704,1.5413456011664612,0.7278452938821258,21.690500288328177,0.15881235131665059,ood_multi,source_shuffled_control,210008,3->4
1.1621099034128262,1.6176852646194453,0.7183782452691891,21.635449028233108,0.08158850897041606,ood_multi,source_shuffled_control,210008,4->5
0.9519393692361776,1.3216914326947957,0.7202432764307004,14.678323340347921,0.051570599486288345,ood_multi,source_shuffled_control,210008,5->6
0.15500287251651168,18.844160509647757,0.008225511218342332,3.4339627645058366,-0.0323939311725962,ood_multi,forged_static_control,210008,0->1
0.15437095058724934,16.96435395876133,0.009099723691108775,3.4257161112247947,0.006103480973550459,ood_multi,forged_static_control,210008,1->2
0.15410083202058414,18.005332221396703,0.008558620975186764,3.428282419947739,0.048817360211925044,ood_multi,forged_static_control,210008,2->3
0.1550789763703856,17.611652846141187,0.00880547442727452,3.446094551530326,0.02836943380633936,ood_multi,forged_static_control,210008,3->4
0.15562522947016064,16.65065315983545,0.009346492976918478,3.4574097176613634,0.025852404198494473,ood_multi,forged_static_control,210008,4->5
0.15663132853722636,17.0288083717697,0.009198019502532007,3.469029454342255,-0.027847477475258803,ood_multi,forged_static_control,210008,5->6
4.246592676412287e-17,2.163097898702019e-16,0.19631994730009694,4.36266549555771,0.9999999999999999,ood_multi,legitimate_native,210009,0->1
6.61362167047582e-17,1.0837803591941816e-16,0.6102363457255687,13.560807682790413,1.0,ood_multi,legitimate_native,210009,1->2
1.5721455077463866,0.3397236372419701,4.6277189310995555,111.69713445635348,0.9514823637871482,ood_multi,legitimate_native,210009,2->3
17.593638946801317,0.5643575803466468,31.174630338854264,795.8972343308725,0.8722679371431576,ood_multi,legitimate_native,210009,3->4
89.54107550215745,0.6508697060231853,137.57142892484993,3647.773095319991,0.8392368973118299,ood_multi,legitimate_native,210009,4->5
318.48002949517945,0.8063439023146737,394.9679889438627,11274.996761359353,0.7808211849567891,ood_multi,legitimate_native,210009,5->6
1.030157626529373,1.0787176626956814,0.9549835523007235,4.36266549555771,-0.29520017736893345,ood_multi,source_shuffled_control,210009,0->1
1.7074500760173754,1.7468662951833767,0.9774360401700178,30.22567773487,-0.04149972210329157,ood_multi,source_shuffled_control,210009,1->2
1.4960486023222137,1.505248300555092,0.9938882510382281,25.38183998982129,0.024026983118793352,ood_multi,source_shuffled_control,210009,2->3
2.0122720733063844,2.115986629052506,0.9509852489433975,43.149323126377844,0.17035788312518144,ood_multi,source_shuffled_control,210009,3->4
2.13933378959399,2.177746171865421,0.9823614042143977,46.20598121289275,0.1755126046863427,ood_multi,source_shuffled_control,210009,4->5
1.7064366717639363,1.7861611949654008,0.9553654366625236,31.926870660515917,0.02374346206198397,ood_multi,source_shuffled_control,210009,5->6
0.19679621381383122,22.691907473963102,0.008672527479134554,4.36266549555771,-0.03340700803907095,ood_multi,forged_static_control,210009,0->1
0.1960571302708222,21.825333210645233,0.008983006424381315,4.352290717679025,0.00023588111893500696,ood_multi,forged_static_control,210009,1->2
0.1962933076644998,23.032473215250537,0.008522457957404875,4.3606965781876985,0.01463513020553268,ood_multi,forged_static_control,210009,2->3
0.19672797290948485,21.395856798414666,0.009194675089066996,4.363858511371377,-0.015243324773079634,ood_multi,forged_static_control,210009,3->4
0.1964598303720835,22.21289547137507,0.008844403396772765,4.360649073175145,-0.0035307620404675982,ood_multi,forged_static_control,210009,4->5
0.19621545480127736,21.31693683734859,0.009204673025092376,4.354337391686362,-0.00586481619611931,ood_multi,forged_static_control,210009,5->6
3.263202939289954e-17,2.605801143024153e-16,0.12522839365420052,2.7828531923155673,1.0,ood_multi,legitimate_native,210010,0->1
5.088450567087337e-17,1.6488102705700196e-16,0.30861346762718045,6.858077058381787,1.0,ood_multi,legitimate_native,210010,1->2
0.27094895732201013,0.1843655353545805,1.469629107287014,34.11811495591275,0.985041024717352,ood_multi,legitimate_native,210010,2->3
6.28811927145462,0.527089235709822,11.929895063137513,302.02136654664434,0.8886834867134937,ood_multi,legitimate_native,210010,3->4
60.99231977962408,0.7152123217540567,85.27861996186718,2330.0244420208355,0.8155358239393213,ood_multi,legitimate_native,210010,4->5
423.56175485130757,0.7409585930643587,571.6402492868809,15810.279695266776,0.8056883198778776,ood_multi,legitimate_native,210010,5->6
0.776571760576474,1.0637509753393235,0.7300315370004773,2.7828531923155673,-0.29771987953305523,ood_multi,source_shuffled_control,210010,0->1
1.1758966165351779,1.587479688398749,0.7407317545799882,22.503988596268982,0.12880265977287822,ood_multi,source_shuffled_control,210010,1->2
1.0325019752497075,1.3717268537822827,0.7527023117109998,15.411274786041936,-0.017889894576211113,ood_multi,source_shuffled_control,210010,2->3
1.0823509538420755,1.4958191374862466,0.7235841053385427,19.868359053432663,0.11819263665696154,ood_multi,source_shuffled_control,210010,3->4
0.9445275647117145,1.26993988047092,0.743757699058576,11.95932685026238,-0.06211714504728216,ood_multi,source_shuffled_control,210010,4->5
1.2567586290548793,1.6950130596625022,0.7414448049209145,25.022041118799823,0.14410386999927213,ood_multi,source_shuffled_control,210010,5->6
0.1255451485324351,14.994252016635059,0.008372884049094257,2.7828531923155673,-0.004599626982703849,ood_multi,forged_static_control,210010,0->1
0.12661461986446804,14.059649867474084,0.009005530507394164,2.787489817162732,-0.09727588438140111,ood_multi,forged_static_control,210010,1->2
0.12467968865709486,13.55445757203454,0.009198426011519304,2.773897247211764,0.053187813571404355,ood_multi,forged_static_control,210010,2->3
0.12604573550462175,13.56990133043266,0.009288624792874718,2.793358015514635,-0.00021033142320564988,ood_multi,forged_static_control,210010,3->4
0.12638846939847645,13.713984580688729,0.009216027256036518,2.8033209398590704,0.010654341468372736,ood_multi,forged_static_control,210010,4->5
0.12727192160243772,13.799436652185756,0.009222978517955796,2.817293072454913,-0.01732862837796631,ood_multi,forged_static_control,210010,5->6
4.0546563375048135e-17,2.1798356968412776e-16,0.18600742806358822,4.133498401413072,0.9999999999999999,ood_multi,legitimate_native,210011,0->1
0.01576805079165693,0.02618800038473719,0.6021097653052891,13.444098567157372,0.999671848923626,ood_multi,legitimate_native,210011,1->2
1.9998959897224788,0.4162456420872008,4.804605230887361,118.36072443127011,0.9285620104840737,ood_multi,legitimate_native,210011,2->3
22.010815251117087,0.6902772493667035,31.886919742206025,862.8551037303296,0.8254348260507361,ood_multi,legitimate_native,210011,3->4
135.92484691925367,0.8324093535166058,163.29086926305146,4721.350418872494,0.7707551521548568,ood_multi,legitimate_native,210011,4->5
932.85549737055,0.777718968318607,1199.4763344740882,33767.27211340971,0.7913911809108399,ood_multi,legitimate_native,210011,5->6
0.9536929336997165,1.087751464639617,0.8767562845138831,4.133498401413072,-0.32569227894490976,ood_multi,source_shuffled_control,210011,0->1
1.2671725274740737,1.4337757010422691,0.8838010890539848,19.333837225159883,-0.04413604148209251,ood_multi,source_shuffled_control,210011,1->2
1.4071184222799211,1.6023604254225525,0.8781535030150878,24.87996361932937,0.0227563552991153,ood_multi,source_shuffled_control,210011,2->3
1.3117558770152462,1.4910139798102042,0.8797743638132821,23.13245228078793,0.0754469917716399,ood_multi,source_shuffled_control,210011,3->4
1.6990703131832852,1.9238494003054847,0.8831618062149997,34.51272166046413,0.11176905979456522,ood_multi,source_shuffled_control,210011,4->5
1.4120036983157402,1.6014626473171856,0.8816963037381517,25.717305876612,0.06067278102241786,ood_multi,source_shuffled_control,210011,5->6
0.18594506553557064,21.280925226453583,0.00873763909585583,4.133498401413072,0.031703930606692174,ood_multi,forged_static_control,210011,0->1
0.18736308767400775,20.991627515829254,0.008925609343110461,4.147949764172058,-0.056226958714682716,ood_multi,forged_static_control,210011,1->2
0.1869185293297763,20.803600024148725,0.008984911664769661,4.136418603140778,-0.06340730698715025,ood_multi,forged_static_control,210011,2->3
0.18524185600728854,20.036342738444578,0.009245291837392783,4.11949590338226,0.039993718094194025,ood_multi,forged_static_control,210011,3->4
0.18666945694730888,20.816144480128973,0.008967531730448858,4.14049836335592,-0.01477905803764651,ood_multi,forged_static_control,210011,4->5
0.1871688072376909,19.558304522411152,0.009569785942585996,4.140895041597556,-0.06122406601779491,ood_multi,forged_static_control,210011,5->6
3.0191066557884174e-17,2.4017143586514563e-16,0.12570631561142342,2.793473680253854,0.9999999999999998,ood_multi,legitimate_native,210012,0->1
5.133606249001738e-17,1.4493932144265738e-16,0.3541900281725014,7.8708895149444755,1.0,ood_multi,legitimate_native,210012,1->2
0.6374369893946271,0.28936452765618437,2.2028857312553844,51.90487853397339,0.9627673163344969,ood_multi,legitimate_native,210012,2->3
13.141730922023745,0.6563452729827021,20.02258790049022,534.2863735084331,0.8388445807219267,ood_multi,legitimate_native,210012,3->4
129.20970589947842,0.7098416922009537,182.02608739159515,4960.532577428512,0.8169278122574273,ood_multi,legitimate_native,210012,4->5
1163.1322091962077,0.7071683840767429,1644.7740529492844,44766.39493853272,0.8179505299673315,ood_multi,legitimate_native,210012,5->6
0.7950848646434031,1.0592607564249634,0.7506035305863473,2.793473680253854,-0.28059914700982297,ood_multi,source_shuffled_control,210012,0->1
1.0111487061122673,1.3533519278035324,0.7471439497633057,14.316458473615237,-0.05123844060440375,ood_multi,source_shuffled_control,210012,1->2
0.9804146498408646,1.360373115089082,0.7206954015820067,15.679690106976075,0.05543502625309101,ood_multi,source_shuffled_control,210012,2->3
1.0019224235642477,1.3681740267050704,0.7323062729154209,14.303232688271526,-0.05687288169750294,ood_multi,source_shuffled_control,210012,3->4
1.1067006379981883,1.504183259963988,0.7357485393904071,18.10932912241326,-0.016229564642725274,ood_multi,source_shuffled_control,210012,4->5
1.1953750837109036,1.6014549691804556,0.7464306553191326,21.955669400567558,0.07129618056071285,ood_multi,source_shuffled_control,210012,5->6
0.12653296223519653,14.217734288432199,0.008899656263826206,2.793473680253854,-0.058612237516046266,ood_multi,forged_static_control,210012,0->1
0.12567960035202114,13.872467392932718,0.009059641873339764,2.7858103810397243,0.0009767186417375519,ood_multi,forged_static_control,210012,1->2
0.12649150016531907,14.425654436530145,0.008768509345361117,2.791489289904919,-0.06562939794434913,ood_multi,forged_static_control,210012,2->3
0.12541101012128583,13.931935092454177,0.009001692539988643,2.7837956736939646,0.02047969921850589,ood_multi,forged_static_control,210012,3->4
0.12584951783443907,13.660058889691717,0.009212954731062685,2.7969608405586515,0.03857431787078746,ood_multi,forged_static_control,210012,4->5
0.12658179586569587,13.687071334581914,0.009248273723744066,2.810091937474699,0.023044664815129248,ood_multi,forged_static_control,210012,5->6
4.1458589536493e-17,1.7602434006385928e-16,0.23552759433966935,5.233946540881542,0.9999999999999999,ood_multi,legitimate_native,210013,0->1
0.07458013135693169,0.08699661688746461,0.8572762245043274,19.36884070493202,0.9964481500294773,ood_multi,legitimate_native,210013,1->2
3.3118087929187867,0.44015103999066996,7.524255293248511,185.5739684333625,0.9195747549708657,ood_multi,legitimate_native,210013,2->3
40.34369352751273,0.7427214832459087,54.318737826804664,1503.6067003403712,0.8042849143058229,ood_multi,legitimate_native,210013,3->4
235.91731553040336,0.8613917609520035,273.8792338445494,8032.872335197918,0.7596838231919957,ood_multi,legitimate_native,210013,4->5
1663.227703304845,0.7644240908481341,2175.7918454122987,60859.67079853066,0.7961978165751489,ood_multi,legitimate_native,210013,5->6
0.9818092743647998,1.1252186852727966,0.8725497417433595,5.233946540881542,-0.3579715826355564,ood_multi,source_shuffled_control,210013,0->1
1.4077500013088953,1.5851045858946782,0.8881117449604857,25.963581554646307,0.0832655384921135,ood_multi,source_shuffled_control,210013,1->2
1.6556159947035145,1.8746288330168404,0.8831700247373784,34.97418980106477,0.18664378151189154,ood_multi,source_shuffled_control,210013,2->3
1.3815226834268046,1.5706523522991422,0.8795852754009253,25.71410217804338,0.10080309651204883,ood_multi,source_shuffled_control,210013,3->4
1.952660030151632,2.2096639317086937,0.8836909540501984,41.712358535814104,0.1485728981672562,ood_multi,source_shuffled_control,210013,4->5
1.2904261772129249,1.4557581484673567,0.8864289560156309,23.058282187777824,0.10771833302846387,ood_multi,source_shuffled_control,210013,5->6
0.23518893701642785,30.095621216723618,0.007814721790494765,5.233946540881542,0.06235545708333532,ood_multi,forged_static_control,210013,0->1
0.2365719387548163,27.835653898063637,0.00849888103169796,5.2527289271133375,-0.005614281406410201,ood_multi,forged_static_control,210013,1->2
0.23657873372024357,26.681917279302198,0.008866630705801869,5.252091031013002,-0.007854311004630068,ood_multi,forged_static_control,210013,2->3
0.23647390557575304,27.738330604888787,0.008525166175492361,5.251813486021289,0.0013694290895072431,ood_multi,forged_static_control,210013,3->4
0.23683976830189588,26.269490784383173,0.00901577209761534,5.258255477925218,-0.005230174578381599,ood_multi,forged_static_control,210013,4->5
0.23665535551561082,25.74224477733183,0.009193267013829368,5.258612624463044,0.017544723253397464,ood_multi,forged_static_control,210013,5->6
2.991599973163334e-17,2.1233504819413278e-16,0.14089053961523498,3.1309008803385554,0.9999999999999998,ood_multi,legitimate_native,210014,0->1
5.638581517082375e-17,1.3468659612713028e-16,0.41864459164826434,9.303213147739209,0.9999999999999999,ood_multi,legitimate_native,210014,1->2
1.0766485157015597,0.38182751562096756,2.8197248005261604,68.95838812921563,0.9394356290975273,ood_multi,legitimate_native,210014,2->3
9.824666107968396,0.5721104973770864,17.172672328927227,440.5605069837217,0.8699581822362193,ood_multi,legitimate_native,210014,3->4
45.68320746367179,0.6387061047093199,71.52461378746938,1886.074810970561,0.8444874815861453,ood_multi,legitimate_native,210014,4->5
222.3852546701423,0.7316130932266958,303.96565715986026,8369.61089482186,0.8095221368554867,ood_multi,legitimate_native,210014,5->6
0.7753296943850265,1.0697245507267008,0.7247937731153257,3.1309008803385554,-0.27400043290833204,ood_multi,source_shuffled_control,210014,0->1
0.9844805731953152,1.3635852527999455,0.7219794800583439,14.550519855972434,-0.02049642447550322,ood_multi,source_shuffled_control,210014,1->2
1.0385729334506766,1.4369645392189343,0.7227547400565856,16.28107055255909,-0.018433473548569633,ood_multi,source_shuffled_control,210014,2->3
1.1149634342960855,1.5458953354311071,0.7212412167860368,21.272708850001052,0.14112832050523041,ood_multi,source_shuffled_control,210014,3->4
1.208493087711995,1.651516791164916,0.7317473806657782,22.564023956713264,0.0716450901919323,ood_multi,source_shuffled_control,210014,4->5
0.9217895818049774,1.2538670697338055,0.735157340679507,11.045029493259023,-0.08590579705160666,ood_multi,source_shuffled_control,210014,5->6
0.14134108594792008,16.023779712678675,0.008820707252503323,3.1309008803385554,-0.020180308683239518,ood_multi,forged_static_control,210014,0->1
0.14130797252673802,16.532733149790058,0.008547162451224787,3.130109142544734,-0.023009898732964978,ood_multi,forged_static_control,210014,1->2
0.141034643196897,15.538071354613704,0.00907671386236416,3.124945801464278,-0.013271709730524092,ood_multi,forged_static_control,210014,2->3
0.14086916222425608,15.052068332346408,0.009358790038805798,3.124117109933671,0.0029743056803713842,ood_multi,forged_static_control,210014,3->4
0.14092844554565778,15.099876538057831,0.009333084948779831,3.1271742275462557,0.01123553550354422,ood_multi,forged_static_control,210014,4->5
0.14124129407784972,15.22706777143347,0.009275671519355532,3.1314243199435543,-0.0023716857426255796,ood_multi,forged_static_control,210014,5->6
3.0334446320746407e-17,2.3618553461596147e-16,0.12843481771178236,2.854107060261831,0.9999999999999998,ood_multi,legitimate_native,210015,0->1
4.1611269655757333e-17,1.202771943095909e-16,0.34596142497615656,7.688031666136813,1.0,ood_multi,legitimate_native,210015,1->2
0.5619375184322393,0.284040478869846,1.9783712532244098,46.95272392301849,0.9650223969795901,ood_multi,legitimate_native,210015,2->3
8.72809315813848,0.556518563569958,15.683381883243834,401.2947090256733,0.8769333449501128,ood_multi,legitimate_native,210015,3->4
101.94043967457742,0.7422980557371008,137.33087253287823,3800.742775333441,0.8045690943484372,ood_multi,legitimate_native,210015,4->5
873.7977176687549,0.7085948100354267,1233.1415715906248,33585.42224646812,0.8175469553419102,ood_multi,legitimate_native,210015,5->6
0.7662677099322074,1.0712958342438366,0.7152718085586265,2.854107060261831,-0.3214304886659219,ood_multi,source_shuffled_control,210015,0->1
0.906711342122371,1.2526509007576587,0.7238340229678524,10.75846931657569,-0.09145101396626652,ood_multi,source_shuffled_control,210015,1->2
0.9254263251326051,1.287813408743132,0.7186028018981263,13.334101162092837,0.023398790715595787,ood_multi,source_shuffled_control,210015,2->3
1.153187849645949,1.6199215633145554,0.711878818173434,21.73101724291364,0.09623102035460818,ood_multi,source_shuffled_control,210015,3->4
0.8799378421930634,1.2621462760548698,0.6971758009549942,10.771519973019382,-0.07950625050907958,ood_multi,source_shuffled_control,210015,4->5
0.98015370021086,1.4051493571629439,0.6975441392114234,16.264134640404038,0.060851933962577,ood_multi,source_shuffled_control,210015,5->6
0.12889010185647254,14.288218309385435,0.009020724962159265,2.854107060261831,-0.01571808766983164,ood_multi,forged_static_control,210015,0->1
0.12847136601192302,15.059482812053771,0.008530927161031744,2.852701851570539,0.02181471936173027,ood_multi,forged_static_control,210015,1->2
0.12964529766442154,14.432643755722758,0.008982781354966341,2.8623158263152204,-0.059695203026502115,ood_multi,forged_static_control,210015,2->3
0.12932726978367173,14.484715468075326,0.008928532671835824,2.8543791710133823,-0.06457771945844287,ood_multi,forged_static_control,210015,3->4
0.1280463267416144,13.756074718514178,0.00930834671995517,2.8418925994784985,0.019252860066862366,ood_multi,forged_static_control,210015,4->5
0.12872950756793863,13.591120291851952,0.009471588155539562,2.8457770030999727,-0.03406903093865631,ood_multi,forged_static_control,210015,5->6
3.054930985559218e-17,1.9456140389179937e-16,0.15701628920204563,3.4892508711565697,1.0,ood_multi,legitimate_native,210016,0->1
0.01772389887657197,0.03342987132389865,0.5301814856365145,11.85273246710064,0.9994657550390307,ood_multi,legitimate_native,210016,1->2
1.827381995046333,0.40939219566472,4.463646386003685,109.1779420657936,0.9295896408590556,ood_multi,legitimate_native,210016,2->3
24.68047713527489,0.7152062051356218,34.50819771604138,943.3743536431632,0.8149576899350773,ood_multi,legitimate_native,210016,3->4
204.70529945598693,0.7595242203925237,269.51780332881987,7520.983320112328,0.797668068094284,ood_multi,legitimate_native,210016,4->5
1606.0662233386483,0.7682035967259181,2090.6778231486164,58585.737419278325,0.7943702351139813,ood_multi,legitimate_native,210016,5->6
0.7809242513557723,1.0801953311025037,0.7229472557324654,3.4892508711565697,-0.27545308932183116,ood_multi,source_shuffled_control,210016,0->1
1.0632720169975418,1.46922329152119,0.7236966781457966,16.62664511871408,-0.04370594608345415,ood_multi,source_shuffled_control,210016,1->2
1.1258878787982527,1.5262704111348975,0.7376726096883445,19.38098415691762,0.02899657206155577,ood_multi,source_shuffled_control,210016,2->3
0.9952179141526418,1.373285253335654,0.7246986089466939,16.055900582344666,0.05466575766137987,ood_multi,source_shuffled_control,210016,3->4
1.0415342239913905,1.4303018101992904,0.7281919208477874,17.56512631579983,0.06128115580158094,ood_multi,source_shuffled_control,210016,4->5
1.0919154741729664,1.4825855907646424,0.736494054368373,17.885228366458428,-0.0017772308304349219,ood_multi,source_shuffled_control,210016,5->6
0.15723856382502024,17.174135673076922,0.009155543524521003,3.4892508711565697,0.004929752746250688,ood_multi,forged_static_control,210016,0->1
0.15767666361457572,17.721463174688793,0.008897495897422223,3.485335319734614,-0.0672145822213167,ood_multi,forged_static_control,210016,1->2
0.15636260984316996,16.734855460515835,0.009343528151601664,3.4719621402566125,0.01680073313886438,ood_multi,forged_static_control,210016,2->3
0.15583398418577538,17.106370717134624,0.00910970361020607,3.4663120753246273,0.0463007607895936,ood_multi,forged_static_control,210016,3->4
0.15717243141957268,18.42316289009954,0.008531239393257116,3.485814141049544,-0.009300197765506902,ood_multi,forged_static_control,210016,4->5
0.15689038011164658,17.608984384137685,0.008909676962629958,3.4816221543165318,0.004111615152080527,ood_multi,forged_static_control,210016,5->6
3.5856462703783825e-17,1.607871901116247e-16,0.22300571655057652,4.955682590012811,1.0,ood_multi,legitimate_native,210017,0->1
0.1198888354539086,0.14210716557472963,0.8436508801433783,19.370992297645262,0.9909126684669685,ood_multi,legitimate_native,210017,1->2
3.735475915738894,0.5062567729675586,7.378619140907791,185.24729594196234,0.8954945651851809,ood_multi,legitimate_native,210017,2->3
23.143837429211167,0.6374438086259021,36.307258954265244,959.0394842282201,0.8458558880940564,ood_multi,legitimate_native,210017,3->4
204.50868561998823,0.8665701223858681,235.9978498405437,6939.555172188946,0.757828799900277,ood_multi,legitimate_native,210017,4->5
1458.5084288882451,0.8562670760835908,1703.3335388280257,49832.27166809225,0.7619605933696094,ood_multi,legitimate_native,210017,5->6
0.908905413481644,1.1110198778591605,0.8180820437902574,4.955682590012811,-0.2935788433590671,ood_multi,source_shuffled_control,210017,0->1
1.2285034974485947,1.504008035021606,0.8168197691357004,21.871025739227317,0.0790052058451598,ood_multi,source_shuffled_control,210017,1->2
1.3072222643260127,1.5480514226628928,0.8444307751284726,25.202933850180543,0.15290771888228089,ood_multi,source_shuffled_control,210017,2->3
1.2353835416121246,1.4998228061185022,0.8236863281932874,22.072272536160018,0.08529804812109491,ood_multi,source_shuffled_control,210017,3->4
1.1652125593918714,1.4190893756942242,0.8210987820289722,20.698550344795244,0.12118661184403465,ood_multi,source_shuffled_control,210017,4->5
1.1166058711226459,1.3606716982042264,0.820628422885283,17.101501470692483,0.014985533060926811,ood_multi,source_shuffled_control,210017,5->6
0.2228339771255481,26.64660608377327,0.008362564064571025,4.955682590012811,0.04031522514845865,ood_multi,forged_static_control,210017,0->1
0.2236858842461557,26.19163914716665,0.008540353537923356,4.969251378893756,0.011296428287018188,ood_multi,forged_static_control,210017,1->2
0.22365256299042083,25.985839550574465,0.008606708148462998,4.973656170336509,0.03865208027093734,ood_multi,forged_static_control,210017,2->3
0.22518068162265933,25.065727077274005,0.00898360761141031,4.99099833209452,-0.04576297731325967,ood_multi,forged_static_control,210017,3->4
0.2240610018028396,25.636575402240478,0.008739894960646057,4.976062353031789,0.0037336706758015013,ood_multi,forged_static_control,210017,4->5
0.22426040617274084,25.09891056626894,0.00893506435196512,4.98340273738353,0.01921727244544189,ood_multi,forged_static_control,210017,5->6
3.309250520545746e-17,1.3303558899295515e-16,0.24874926568840364,5.527761459742303,1.0,ood_multi,legitimate_native,210018,0->1
0.19236756125554746,0.17316771798268799,1.1108742629594,25.79404378677913,0.9868358838386548,ood_multi,legitimate_native,210018,1->2
4.136625390162988,0.42548163463022726,9.722218429786087,238.20602648919646,0.9239489888952108,ood_multi,legitimate_native,210018,2->3
61.60595171060002,0.7130019691541514,86.40362071225609,2358.165966763347,0.8156568880228682,ood_multi,legitimate_native,210018,3->4
538.5859174136228,0.7071682646834788,761.609286375402,20728.986235267712,0.8179113884465635,ood_multi,legitimate_native,210018,4->5
4746.788054212042,0.7071129942439521,6712.913060361192,182702.8871744985,0.8179282666390828,ood_multi,legitimate_native,210018,5->6
0.8870983167260137,1.1422170208734261,0.7766460308089733,5.527761459742303,-0.3154616886304452,ood_multi,source_shuffled_control,210018,0->1
1.4132493148894476,1.8182705787318392,0.777249178203639,29.665049060122822,0.18821815309161713,ood_multi,source_shuffled_control,210018,1->2
1.2595660953627736,1.6798033906786942,0.7498294744922889,24.89175884320881,0.13794843786423944,ood_multi,source_shuffled_control,210018,2->3
1.228460897141916,1.5742566454919005,0.780343471368233,24.002061073043315,0.1585514015151184,ood_multi,source_shuffled_control,210018,3->4
2.1127784007237667,2.759325102049348,0.7656866515639216,46.792322730615616,0.17297221973316682,ood_multi,source_shuffled_control,210018,4->5
1.397105090813704,1.8127487065291379,0.7707108458932437,28.24179440335811,0.13175893303939687,ood_multi,source_shuffled_control,210018,5->6
0.24877778868484243,30.837469374788345,0.008067385647758931,5.527761459742303,0.013324147480944968,ood_multi,forged_static_control,210018,0->1
0.24927526292233174,29.36988655940348,0.008487442845523477,5.531292654649778,-0.02657352107706598,ood_multi,forged_static_control,210018,1->2
0.24781545092485807,27.860583477293286,0.008894839667168032,5.520003919844335,0.08469310916547089,ood_multi,forged_static_control,210018,2->3
0.24990090281990118,27.15365141619612,0.00920321439779526,5.552807959921339,0.016100001181354337,ood_multi,forged_static_control,210018,3->4
0.2504869542863993,27.483315947425528,0.009114145006456088,5.566295872290121,0.01789703601429309,ood_multi,forged_static_control,210018,4->5
0.25080453137666203,27.783919624903493,0.009026966208466117,5.568612462398664,-0.006029314488418182,ood_multi,forged_static_control,210018,5->6
4.258404988700679e-17,2.3794967332053896e-16,0.17896242114899938,3.976942692199985,0.9999999999999999,ood_multi,legitimate_native,210019,0->1
4.404899215465826e-17,8.163221961064794e-17,0.5396030180622503,11.99117817916112,1.0,ood_multi,legitimate_native,210019,1->2
1.2122669290958354,0.30656013993871584,3.954417978252549,93.9504980667249,0.9590996127669323,ood_multi,legitimate_native,210019,2->3
17.83104856211804,0.6235744370983473,28.594899823775545,750.1407200472153,0.8505635449843818,ood_multi,legitimate_native,210019,3->4
140.03521343772778,0.7249371104529473,193.16877480517942,5302.014268057821,0.8110131425984155,ood_multi,legitimate_native,210019,4->5
921.5847660811976,0.7601840753545994,1212.3179055685298,33840.82701445728,0.797405335316119,ood_multi,legitimate_native,210019,5->6
1.0107891612816218,1.078122903164928,0.9375453923075331,3.976942692199985,-0.32981362542867826,ood_multi,source_shuffled_control,210019,0->1
1.6196771173673359,1.7362697838341996,0.9328487604353385,30.93161048188852,0.07137350456906992,ood_multi,source_shuffled_control,210019,1->2
1.8495023222141096,2.0235517979321114,0.9139881282409392,38.72525324318976,0.14263215062505596,ood_multi,source_shuffled_control,210019,2->3
1.5830059428513894,1.7494007940016765,0.9048846590957199,30.063151133939623,0.05872763183403112,ood_multi,source_shuffled_control,210019,3->4
1.6627999323612046,1.8420475910819623,0.9026910806047521,33.4318941706318,0.11617273501053785,ood_multi,source_shuffled_control,210019,4->5
1.6057023779898818,1.7327018993066685,0.9267043436033015,31.050485724767334,0.09028873382838926,ood_multi,source_shuffled_control,210019,5->6
0.17925692067881635,21.78894342785104,0.008226966097894558,3.976942692199985,-0.013294741372606587,ood_multi,forged_static_control,210019,0->1
0.1792526010260791,20.5373957191068,0.008728106666509678,3.9828966615517065,0.02215792136803544,ood_multi,forged_static_control,210019,1->2
0.17940127182451776,20.45417143791664,0.008770888222721344,3.990331594946423,0.04332257978459905,ood_multi,forged_static_control,210019,2->3
0.1811130159857413,20.27101774472568,0.008934578322385782,4.010424052715781,-0.047918623668986755,ood_multi,forged_static_control,210019,3->4
0.18050560319072542,19.011248512494564,0.009494672801780752,4.001496694493431,-0.02011225918318597,ood_multi,forged_static_control,210019,4->5
0.18015117509392983,20.490336567210868,0.00879200563703163,3.9948373158535477,-0.019220318116549888,ood_multi,forged_static_control,210019,5->6
