ordered_update,mode,weight,entropy,source_inconsistency,retained_order_inconsistency,closure_imbalance,repair_cost,accessibility_loss,U_info,accessibility_capacity
0,legitimate,0.8038731100549984,0.7966446911122261,0.0,0.053652219982157204,1.9053278884662659,0.018718525614639936,1.459945776004113,3.4376444100671764,0.684956945959699
0,raw_shift,0.05130047950621719,0.7966446911122261,0.9282138268414838,0.053945228932023984,1.2873296750566632,0.9471655343724074,1.4717816603991836,4.688435925601762,0.6794486077012969
0,retained_order_shuffle,0.01154891224840332,0.7966446911122261,1.0027669472497354,0.053945228932023984,1.7963980162105337,1.0217186547806543,1.4913838258503576,5.3662126730233055,0.6705182010595618
0,source_event_shuffle,0.042945991421441794,0.7966446911122261,0.9505119521773524,0.053945228932023984,1.3157748444815094,0.9694636597082714,1.4795387795935477,4.769234464892705,0.6758863057805325
0,valid_prefix_invalid_suffix,0.041042472710583776,0.7966446911122261,0.9702391706723852,0.0898163206098022,1.2344199156797366,1.0301440951573109,1.4652221730065091,4.789841675125744,0.68249035431031
0,geometry_matched_counterfeit,0.0004707445711982326,0.7966446911122261,1.9052167003482654,0.05394522893206585,1.4684893910078178,1.9274754860772292,1.465645366047161,6.820772172412539,0.6822932908357838
0,genesis_valid_source_shuffled,0.048818289481530046,0.7966446911122261,0.9244061387210872,0.053945228932023984,1.3060462026742707,0.9466843059960094,1.4798972638830334,4.710979140206424,0.6757225818329218
1,legitimate,0.9842549632107513,0.10323689738970787,0.004220901752840963,0.05365406843931169,1.9014126732674894,0.019316727760298465,1.4599121256789742,3.438516496898915,0.6849727339126397
1,raw_shift,0.005290656077212222,0.10323689738970787,0.8514551422291042,0.054043053456724874,1.3211157105923457,0.8670165089602053,1.4695230716286434,4.563153486867023,0.6804928886827549
1,retained_order_shuffle,0.00028046577786910434,0.10323689738970787,0.923275315038333,0.053989318937370925,1.8140542634556107,0.9376150713632445,1.4915545096652891,5.220488478459848,0.6704414713096288
1,source_event_shuffle,0.002332503839257097,0.10323689738970787,0.8758266523442995,0.053842036762491136,1.527910504101953,0.9204511433419604,1.4765973203961296,4.854627656946834,0.6772327067004642
1,valid_prefix_invalid_suffix,0.003796400631810954,0.10323689738970787,0.8828539718549288,0.08925746612987036,1.2488478291490972,0.9298558321658464,1.4617912037885368,4.612606303088279,0.684092226993041
1,geometry_matched_counterfeit,3.811301644855502e-07,0.10323689738970787,1.882750016077665,0.053942385896927146,1.4629292930957545,1.9016009371771616,1.4651909089226653,6.766413541170174,0.6825049172150686
1,genesis_valid_source_shuffled,0.004044629331710305,0.10323689738970787,0.8506317554547967,0.05387455200584855,1.3877309086430276,0.8927882898143293,1.4776540164313452,4.662679522349348,0.6767484058369793
2,legitimate,0.9986797705648909,0.011731398244234041,0.0058659496618189986,0.05393898808151969,1.8985250034070573,0.01813654067204506,1.459886610739737,3.436353092562178,0.6849847054161499
2,raw_shift,0.0005690418103143503,0.011731398244234041,0.7782058492366006,0.054038450225968634,1.3644446165497701,0.7924658984686592,1.4673313837103592,4.4564861981913575,0.6815093107801513
2,retained_order_shuffle,7.686431556371324e-06,0.011731398244234041,0.8472461097798375,0.05384776551664616,1.8264879421544067,0.8590346745305821,1.4913476366646157,5.077964128646088,0.6705344719189678
2,source_event_shuffle,9.03344542425801e-05,0.011731398244234041,0.8086938789471811,0.05398085191508048,1.7071916935974094,0.8771024635328639,1.473805951302748,4.920774839295283,0.6785153765423404
2,valid_prefix_invalid_suffix,0.00039433134317112323,0.011731398244234041,0.8072736791955806,0.08990573835011136,1.2700313803543117,0.8439151586167928,1.4612118501902902,4.4723378067070865,0.6843634616488439
2,geometry_matched_counterfeit,2.878963798283376e-10,0.011731398244234041,1.855799050165281,0.05397409998632133,1.463931275960269,1.8720973284589437,1.4645717091430495,6.710373463713864,0.6827934704430797
2,genesis_valid_source_shuffled,0.00025883510691387317,0.011731398244234041,0.7826947752529558,0.0540563851221446,1.5362557387115519,0.8441137084170711,1.475370297719046,4.692490905222769,0.6777959414965491
3,legitimate,0.9998542992405461,0.0015874542510178143,0.006343992686212154,0.05392148230917555,1.896513344629148,0.017398710728218254,1.4598548242229576,3.4340323545757117,0.6849996201031934
3,raw_shift,7.239742113527167e-05,0.0015874542510178143,0.7091032637437433,0.05381498747207944,1.4216913772291115,0.7217114639000162,1.4654197272401275,4.371740819585078,0.682398347319827
3,retained_order_shuffle,2.7964289327414877e-07,0.0015874542510178143,0.7745754781226423,0.05392467640853346,1.8364478153092127,0.7851719291148506,1.4906733193635013,4.94079321831874,0.6708377932366139
3,source_event_shuffle,3.3648540480201635e-06,0.0015874542510178143,0.7469851231582852,0.05418153107749676,1.8287006471726523,0.828843156886053,1.471371779210432,4.930082237504919,0.6796378822320142
3,valid_prefix_invalid_suffix,5.311695093219684e-05,0.0015874542510178143,0.7364137255207676,0.08967911570119891,1.291143537747748,0.7674047932806655,1.4611506436090655,4.345791815859446,0.6843921291568698
3,geometry_matched_counterfeit,2.4846679072276e-13,0.0015874542510178143,1.823252690637791,0.05383341202300289,1.46205143528846,1.8383941650217988,1.4638743310510125,6.641406034022065,0.6831187478235032
3,genesis_valid_source_shuffled,1.6541889195471672e-05,0.0015874542510178143,0.7196077016529369,0.054002276018034694,1.6465735502863714,0.7913566763873466,1.4731606473069778,4.684700851651668,0.6788125937429731
4,legitimate,0.9999790543278134,0.00026558247974947663,0.00694666956445413,0.053903174823098865,1.8944510819328257,0.016955081673283814,1.4598285126690735,3.4320845206627357,0.685011966350892
4,raw_shift,1.0621955561667996e-05,0.00026558247974947663,0.6451592986344703,0.053978139849432755,1.4851747747915796,0.6563746716528823,1.4638395930902997,4.304526478018665,0.6831349587200634
4,retained_order_shuffle,1.3572319185693857e-08,0.00026558247974947663,0.7068875880622125,0.05406938613141514,1.8405801204479189,0.7162082311485555,1.48961456255308,4.807359888343182,0.6713145971697475
4,source_event_shuffle,1.376319035499867e-07,0.00026558247974947663,0.6891476982874474,0.053979831291393165,1.894361712204028,0.7783434049833491,1.4692890908315177,4.885121737597736,0.6806012555586313
4,valid_prefix_invalid_suffix,9.004422702753106e-06,0.00026558247974947663,0.670414874482098,0.08952621839913619,1.3201442559054872,0.6974068810060543,1.461367291476358,4.238859521269134,0.6842906679458254
4,geometry_matched_counterfeit,2.528191606728875e-16,0.00026558247974947663,1.7852953330311057,0.05406605775687076,1.4618370605113689,1.7996596776737255,1.4632785684749097,6.564136697447981,0.683396874349618
4,genesis_valid_source_shuffled,1.1680886989400202e-06,0.00026558247974947663,0.6609122114608442,0.05402517463052936,1.714129207885172,0.7367659005828515,1.4710937742665404,4.636926268825937,0.6797663191098134
5,legitimate,0.9999962556254185,5.3557555896752494e-05,0.006974917736215821,0.05409324746413069,1.8941707890087593,0.01588088101540976,1.4597883183824718,3.430908153606987,0.6850308276932897
5,raw_shift,1.777505007985775e-06,5.3557555896752494e-05,0.5859722641662377,0.054024753972702136,1.5442555430961447,0.5965938151692283,1.46266615891422,4.243512535318533,0.6836830085279793
5,retained_order_shuffle,8.667504976645411e-10,5.3557555896752494e-05,0.6430042508261091,0.054045739674386445,1.8446529754845953,0.651467268456283,1.4882168675088374,4.681387101950212,0.6719450785908886
5,source_event_shuffle,6.6299269329808825e-09,5.3557555896752494e-05,0.6355060543083365,0.05401029223565729,1.9246718345217821,0.7277513118664127,1.4676078306105427,4.8095473235427315,0.6813809378371334
5,valid_prefix_invalid_suffix,1.863204542487701e-06,5.3557555896752494e-05,0.6093145559934899,0.08936019459947367,1.3528077689720999,0.6338348497578744,1.4616976897257967,4.1470150590487345,0.6841359927073092
5,geometry_matched_counterfeit,3.169940044596033e-19,5.3557555896752494e-05,1.7406763527986673,0.05398603547807955,1.4558072483756286,1.7545774626244255,1.462935633135549,6.4679827324123496,0.6835570734272228
5,genesis_valid_source_shuffled,9.616735350373671e-08,5.3557555896752494e-05,0.6056508519307005,0.05417352706325965,1.7546889391852232,0.6822340056246095,1.469184176839691,4.565931500643484,0.6806498570857159
6,legitimate,0.9999991951009352,1.269699008211266e-05,0.007566096713902773,0.05397642370411273,1.8940689680553722,0.015599745998959615,1.4597888396834164,3.431000074155764,0.6850305830639243
6,raw_shift,3.36837093405233e-07,1.269699008211266e-05,0.5316435584717403,0.0541999265714445,1.5979272106482532,0.5414012182772239,1.4619052090373006,4.187077123005962,0.6840388787293958
6,retained_order_shuffle,7.184288326716509e-11,1.269699008211266e-05,0.58416558799229,0.054189163193349134,1.8455852963501316,0.592354759961771,1.486647330506626,4.562942138004168,0.6726544887130219
6,source_event_shuffle,3.8832782057340517e-10,1.269699008211266e-05,0.5854588799145858,0.05400172786767163,1.9361711716646672,0.678943007647991,1.466198978266409,4.720773765361325,0.6820356682971535
6,valid_prefix_invalid_suffix,4.581594879212789e-07,1.269699008211266e-05,0.5528833134895605,0.0893299026764077,1.388577054860419,0.5757960038538292,1.462067774572371,4.068654049452587,0.6839628212796225
6,geometry_matched_counterfeit,5.046041408152874e-22,1.269699008211266e-05,1.6894132027432103,0.05398202519063448,1.449373382203286,1.7037839378992041,1.4630233608824688,6.359575908918803,0.6835160850715025
6,genesis_valid_source_shuffled,9.441312853524873e-09,1.269699008211266e-05,0.5550835647172431,0.05417837484195696,1.7786973413923788,0.630500397133841,1.4675394119502414,4.485999090035661,0.6814127047324836
7,legitimate,0.999999796721283,3.474740756462764e-06,0.007341804188080196,0.05399943970321682,1.8941603269747533,0.015124147841619046,1.4597412426302236,3.430366961337893,0.6850529195138022
7,raw_shift,7.230834601977298e-08,3.474740756462764e-06,0.4815020912640267,0.05415688039821699,1.6418911220263104,0.4906826595787608,1.4615253236512293,4.129758076918544,0.6842166767937393
7,retained_order_shuffle,7.548850242505846e-12,3.474740756462764e-06,0.5297783259994377,0.05411598731162638,1.847847645371706,0.5378148031118674,1.4849406056664263,4.454497367461064,0.6734276079343424
7,source_event_shuffle,2.782654177273252e-11,3.474740756462764e-06,0.5392670523192963,0.053783694264600335,1.938400387674027,0.6319865699253423,1.4650475197249457,4.6284852239082115,0.682571716299195
7,valid_prefix_invalid_suffix,1.2981698771610032e-07,3.474740756462764e-06,0.5007041801622933,0.08957069054203305,1.4285104310404069,0.5223630153105406,1.4624424080220533,4.003590725077327,0.6837876107210492
7,geometry_matched_counterfeit,1.0562811873936696e-24,3.474740756462764e-06,1.631223417283496,0.05386302560001017,1.440276147835874,1.6453029855573207,1.4638015751285476,6.234467151405248,0.6831527011512599
7,genesis_valid_source_shuffled,1.1170077588164776e-09,3.474740756462764e-06,0.5077313324389267,0.05414722269856359,1.7911898402567275,0.5814397845806211,1.4660597719955675,4.400567951970406,0.682100429396106
8,legitimate,0.9999999408624312,1.0805710053438029e-06,0.007586760687661395,0.05363768417424056,1.8940789730857148,0.01446752085956225,1.459705686835787,3.429476625642966,0.6850696061657788
8,raw_shift,1.758096829531939e-08,1.0805710053438029e-06,0.4363430451037994,0.05403196126554512,1.6752513921633674,0.44517158448104027,1.4614617028527954,4.072259685866547,0.6842464623236609
8,retained_order_shuffle,9.938542282476707e-13,1.0805710053438029e-06,0.47919484669763013,0.05406310206880477,1.847648590016568,0.48697614808576667,1.4832121864046075,4.351094873273377,0.6742123677007906
8,source_event_shuffle,2.443339885846836e-12,1.0805710053438029e-06,0.495010926719406,0.053877423392920225,1.936024349298306,0.5862514055092445,1.464050948164078,4.535215053083955,0.6830363391742189
8,valid_prefix_invalid_suffix,4.139374535404648e-08,1.0805710053438029e-06,0.45358994320366197,0.08979285091747334,1.4684423548430492,0.47438370192627066,1.4628114224441404,3.949020273334596,0.6836151158347437
8,geometry_matched_counterfeit,3.0150948484925083e-27,1.0805710053438029e-06,1.5664440290364632,0.054015680555918016,1.4258357066488856,1.5809148642348105,1.4653929635073668,6.0926032439834445,0.6824108105480933
8,genesis_valid_source_shuffled,1.5841781241375493e-10,1.0805710053438029e-06,0.46431238546703174,0.054225469516334404,1.798320830297887,0.5356621412732477,1.4647616918800728,4.317282518434573,0.6827049106636591
9,legitimate,0.999999980342677,3.7978128358405026e-07,0.007649933012199432,0.05378483372200847,1.894026022226318,0.014743104097251474,1.4597064600450536,3.429910353102831,0.6850692432831157
9,raw_shift,4.852200686325378e-09,3.7978128358405026e-07,0.39476374949873877,0.05392339509794189,1.7016970759654504,0.4030433517042656,1.4616576252892794,4.015085197555676,0.6841547450625631
9,retained_order_shuffle,1.602103073914609e-13,3.7978128358405026e-07,0.4341342933445835,0.054072818483115785,1.8480808341678683,0.44165016953982944,1.4815646059242358,4.259502721459633,0.6749621285496992
9,source_event_shuffle,2.6122484416307634e-13,3.7978128358405026e-07,0.45483234629074576,0.053788711848086736,1.9303815959013713,0.5439756405222987,1.4631773854148753,4.446155679977378,0.6834441332723256
9,valid_prefix_invalid_suffix,1.4776932827915558e-08,3.7978128358405026e-07,0.41015019089788773,0.09002270972898481,1.5046255433258566,0.4301618490717044,1.4631602683969571,3.8981205614213907,0.6834521286544638
9,geometry_matched_counterfeit,1.2088690351849973e-29,3.7978128358405026e-07,1.4962159737529908,0.05409220030877878,1.409770790652031,1.510793841918037,1.4677267615466376,5.938599568178475,0.6813257250585036
9,genesis_valid_source_shuffled,2.6768004318625206e-11,3.7978128358405026e-07,0.42433972405563164,0.054108533335930645,1.802393916358536,0.493608429654919,1.4636545947275965,4.238105198132613,0.683221303441915
10,legitimate,0.9999999926427219,1.4904852575338612e-07,0.007405441284541018,0.053688875875385456,1.8943127180917136,0.014103248367873494,1.4597165143328117,3.4292267979523254,0.6850645246386127
10,raw_shift,1.5126406061430507e-09,1.4904852575338612e-07,0.35591377205534835,0.05407837145065174,1.7231850366430534,0.36379319624165257,1.4620634646310084,3.9590338410217147,0.6839648374982923
10,retained_order_shuffle,3.1066720482794963e-14,1.4904852575338612e-07,0.3925268871031003,0.05405733541832266,1.8485699143311136,0.39971699730556065,1.4799694003098869,4.174840534467984,0.6756896458731733
10,source_event_shuffle,3.3657965719408587e-14,1.4904852575338612e-07,0.41689405595078566,0.053826171145578014,1.9240698663109177,0.5035059460806623,1.4623542902212894,4.360650329709233,0.6838288140469801
10,valid_prefix_invalid_suffix,5.838240617042209e-09,1.4904852575338612e-07,0.37025003306824095,0.09011939389075403,1.5372681591713386,0.39017267585741044,1.4635246710767202,3.8513349330644644,0.6832819560621639
10,geometry_matched_counterfeit,6.940429072434463e-32,1.4904852575338612e-07,1.4206727558021934,0.05430107137803162,1.3939381294281732,1.4351181015879515,1.4706862549975601,5.77471631319391,0.6799546787089462
10,genesis_valid_source_shuffled,5.332233803352481e-12,1.4904852575338612e-07,0.3876048523419246,0.05392290098041019,1.8037642991281504,0.45458893197189987,1.462726298727162,4.162607283149548,0.6836548989846694
11,legitimate,0.9999999969526573,6.435010575952898e-08,0.008002431039958915,0.05376906774778273,1.8944017321350997,0.014632169770260425,1.4596792342483713,3.430484634941473,0.68508202112875
11,raw_shift,5.301736454472052e-10,6.435010575952898e-08,0.3207019054638532,0.053980729832791924,1.7417503113352093,0.3280215213229108,1.462579060999387,3.907033528954152,0.6837237224736643
11,retained_order_shuffle,7.18221522861136e-15,6.435010575952898e-08,0.3540787518673856,0.0538805580353975,1.8487375843506355,0.3610258583416334,1.478457021652634,4.096179774247686,0.6763808385046672
11,source_event_shuffle,5.180930210096319e-15,6.435010575952898e-08,0.382588150111671,0.05380334408498022,1.9164956309736294,0.4665500089383825,1.46162256343041,4.281059697539074,0.6841711567804145
11,valid_prefix_invalid_suffix,2.5149142496985006e-09,6.435010575952898e-08,0.33425026215088927,0.08999642062676963,1.571575776352639,0.3535885389551444,1.4638876296436096,3.8132986277290515,0.6831125420753715
11,geometry_matched_counterfeit,5.854671569494612e-34,6.435010575952898e-08,1.3413546910767786,0.054388389253204356,1.3757907880628013,1.3555367368923734,1.4740021603161169,5.601072765601275,0.6784250572496207
11,genesis_valid_source_shuffled,1.2422980193669214e-12,6.435010575952898e-08,0.35360360506910476,0.05390515817947336,1.8049891782909444,0.41823545906930537,1.4619363928995608,4.092669793508389,0.6840242878249772
12,legitimate,0.9999999986171283,3.03091611968578e-08,0.008250105593878775,0.05397870903817789,1.8954086384756494,0.014898243471954207,1.4596332255422515,3.432168922121912,0.6851036154147847
12,raw_shift,2.0699604754485555e-10,3.03091611968578e-08,0.289419758022004,0.05386523010622995,1.7566647093313716,0.2965088985965727,1.4632125480534959,3.8596711441096745,0.6834277093432746
12,retained_order_shuffle,1.951182823886786e-15,3.03091611968578e-08,0.31937307099518825,0.05425884043595114,1.8475299450875542,0.32624336863511766,1.4771146514075115,4.024519876561323,0.6769955189637067
12,source_event_shuffle,9.386642078978036e-16,3.03091611968578e-08,0.3516514150964304,0.05359508224354665,1.909627230089558,0.4328256654637651,1.4609613877991898,4.20866078069249,0.6844807866585382
12,valid_prefix_invalid_suffix,1.1745395190513662e-09,3.03091611968578e-08,0.30155510242518485,0.09027899220851898,1.601852639291662,0.3203406839567015,1.4642153846868962,3.778242802568964,0.6829596317978677
12,geometry_matched_counterfeit,7.40855528555112e-36,3.03091611968578e-08,1.2590378413517658,0.05425892880050566,1.3545532764807258,1.2731538382782783,1.4774262358553139,5.41843012076659,0.6768527427831963
12,genesis_valid_source_shuffled,3.333379699356943e-13,3.03091611968578e-08,0.32353510582991724,0.053928141637242855,1.8054640040832075,0.3859371587069719,1.4612869148331826,4.030151325090522,0.6843283066780192
13,legitimate,0.9999999993212327,1.5404159896782383e-08,0.008317035201256918,0.054212597635679725,1.8953889197352518,0.014689285627591734,1.4596334325362035,3.4322412707359837,0.6851035182586758
13,raw_shift,8.905055115806209e-11,1.5404159896782383e-08,0.2610178900826178,0.053815267197357367,1.7690929632109604,0.26783283566115423,1.4638893603904328,3.8156483165425223,0.6831117344358777
13,retained_order_shuffle,6.16118629158814e-16,1.5404159896782383e-08,0.28700450547920814,0.05434898773417864,1.8451787226853762,0.29382794359779063,1.4758590748418572,3.956219234338411,0.6775714680655924
13,source_event_shuffle,1.975948313215047e-16,1.5404159896782383e-08,0.3223614200702204,0.05376886269022019,1.903166092398319,0.4009019523184989,1.4603334806185506,4.140531808095809,0.6847750964217924
13,valid_prefix_invalid_suffix,5.886141900858284e-10,1.5404159896782383e-08,0.27201482145834666,0.09029890141473018,1.6292744678042805,0.29014285558528563,1.4645377281473038,3.746268774409947,0.682809312986135
13,geometry_matched_counterfeit,1.3888472632522453e-37,1.5404159896782383e-08,1.1759768574347458,0.05419346000661073,1.3393887132140645,1.189587091546326,1.480707171134745,5.239853293336492,0.6753529796388883
13,genesis_valid_source_shuffled,1.0165000405994082e-13,1.5404159896782383e-08,0.2955350569543191,0.0538256413212225,1.80560266671533,0.35634172845034856,1.4607640503464576,3.972069143787678,0.6845732544974417
14,legitimate,0.9999999996433186,8.377514763699339e-09,0.008078598086594665,0.0541511210303479,1.8953887337084576,0.014328801241967394,1.4596439675722355,3.4315912216396027,0.685098573497891
14,raw_shift,4.182146028758189e-11,8.377514763699339e-09,0.23511253846791833,0.05391369779977233,1.7796495036688846,0.24190234448257533,1.4645561315638962,3.775134215983047,0.6828007328955743
14,retained_order_shuffle,2.2110063709649268e-16,8.377514763699339e-09,0.2586644551661659,0.05426003531923114,1.8441705908675536,0.2655363510523397,1.4747877691310378,3.8974192015363283,0.6780636651114464
14,source_event_shuffle,4.774966745822114e-17,8.377514763699339e-09,0.29596182968802565,0.05369143248101714,1.895974588397258,0.3717427953438353,1.4597871781554475,4.0771578240655835,0.6850313627648905
14,valid_prefix_invalid_suffix,3.13824875551773e-10,8.377514763699339e-09,0.2461715342224531,0.09044300860417742,1.652373881901946,0.26366043765290065,1.4648222842028682,3.7174711465843453,0.6826766705987946
14,geometry_matched_counterfeit,3.838944862381214e-39,8.377514763699339e-09,1.0919868322838395,0.054148009835260476,1.3273231404543824,1.1054987088558992,1.4837466797349086,5.06270337116429,0.67396949469648
14,genesis_valid_source_shuffled,3.4887604618744836e-14,8.377514763699339e-09,0.2695101777111362,0.05379107004139913,1.8054824981297826,0.32856525369428846,1.4603349414871176,3.917683941063724,0.6847744113964702
15,legitimate,0.9999999997996019,4.876153526755802e-09,0.007854080067124437,0.054085307639081814,1.8948129702411294,0.013980731300232457,1.459625512469717,3.430358601717285,0.6851072356953527
15,raw_shift,2.116003511251224e-11,4.876153526755802e-09,0.21183440288354236,0.05380795431293886,1.790570026571889,0.2185859157605624,1.4652400047243404,3.7400383042532734,0.6824820485205545
15,retained_order_shuffle,8.88833186982984e-17,4.876153526755802e-09,0.23303379220866824,0.05413619240772892,1.843859004730897,0.2397497648919134,1.4738041591949855,3.844582913434193,0.6785162015994999
15,source_event_shuffle,1.3121183678410086e-17,4.876153526755802e-09,0.27111335898798516,0.05364989498359313,1.8890296253403374,0.3444277374135904,1.4592943958988727,4.017515012624378,0.6852626877817733
15,valid_prefix_invalid_suffix,1.782246527927977e-10,4.876153526755802e-09,0.22185326717095008,0.0904733622071938,1.6710635772395672,0.23906016666411314,1.4650856195470354,3.6875359928288596,0.682553965895664
15,geometry_matched_counterfeit,1.5396520359961406e-40,4.876153526755802e-09,1.0099231777167643,0.054248223360466426,1.3186952154224465,1.0230822400134287,1.4863307480804229,4.892279604593528,0.6727977613932841
15,genesis_valid_source_shuffled,1.3312452824362993e-14,4.876153526755802e-09,0.24646609869156183,0.05388073366598897,1.8040260950368667,0.3039153025351973,1.4599938708815363,3.868282100811151,0.6849343822208962
16,legitimate,0.9999999998803282,3.0252260207683846e-09,0.008222136480934174,0.05413449474290678,1.8950629750905423,0.014224922300782167,1.4596121440573753,3.431256672672541,0.6851135105102495
16,raw_shift,1.1470817749972408e-11,3.0252260207683846e-09,0.19180987279928696,0.05380106530104926,1.799582013066446,0.19849269479471846,1.465892864516325,3.709578510477826,0.6821780937780106
16,retained_order_shuffle,3.9708924169577383e-17,3.0252260207683846e-09,0.2102902265934216,0.05416040301099319,1.843262839953552,0.2168708748329039,1.4729216606487077,3.7975060050395784,0.6789227334453787
16,source_event_shuffle,4.071234452860661e-18,3.0252260207683846e-09,0.2489780709666956,0.05344344562913763,1.8823082614600817,0.31961703395706015,1.4588561061505931,3.963202918163568,0.6854685638854325
16,valid_prefix_invalid_suffix,1.0719531754228727e-10,3.0252260207683846e-09,0.1992321192962587,0.09029441146158523,1.6914416681093816,0.21597134205040053,1.4654045321653335,3.6623440730829597,0.6824054232457568
16,geometry_matched_counterfeit,8.938791762910395e-42,3.0252260207683846e-09,0.9301984466748254,0.05403028463047048,1.3095027035259814,0.9429081831329066,1.4884016891731309,4.725041307137315,0.6718616400886063
16,genesis_valid_source_shuffled,5.607224926762509e-15,3.0252260207683846e-09,0.22592391188744304,0.05385239605488691,1.8028589291607822,0.28190805136210345,1.459733369729241,3.8242766581944565,0.6850566142664982
17,legitimate,0.9999999999243235,1.995985212401468e-09,0.008502901437675788,0.05398267127314876,1.8952531493253775,0.014540743012818127,1.4595862843091867,3.4318657493582068,0.6851256487874127
17,raw_shift,6.640174684429403e-12,1.995985212401468e-09,0.17225016073425473,0.053732987252744294,1.8089780683435004,0.17887185149601442,1.4665181143885166,3.6803511822150305,0.6818872472062824
17,retained_order_shuffle,1.9629012632998833e-17,1.995985212401468e-09,0.18895164619515092,0.05414641925839455,1.8414374320767968,0.19546801178754375,1.472120078448176,3.7521235877660617,0.6792924127851514
17,source_event_shuffle,1.4134061246101479e-18,1.995985212401468e-09,0.22844280054755473,0.053714322162530095,1.8752933479468763,0.29681635212035146,1.4584824612947518,3.9127492840720643,0.6856441723068802
17,valid_prefix_invalid_suffix,6.803383610802324e-11,1.995985212401468e-09,0.17939820476343613,0.09026524253448523,1.7071981538553833,0.19597595477611188,1.4656861010836344,3.6385236570130512,0.6822743282202093
17,geometry_matched_counterfeit,7.347969085976162e-43,1.995985212401468e-09,0.8537008749782019,0.054271065981779186,1.3037363961644173,0.8659315964315092,1.4899356173103673,4.567575550866275,0.6711699407546956
17,genesis_valid_source_shuffled,2.591674284302062e-15,1.995985212401468e-09,0.20680635677281678,0.05375704828389491,1.8012145196150062,0.26132692779029015,1.4595571801037637,3.782662032565772,0.6851393104910408
18,legitimate,0.9999999999497527,1.39053291089853e-09,0.008097500387902464,0.054032804781902706,1.8954448793193897,0.013912100563587469,1.459613821981556,3.4311011070343382,0.6851127229262266
18,raw_shift,4.045926823184997e-12,1.39053291089853e-09,0.1557251948643447,0.05381111054577174,1.8173893319457501,0.16224099615761514,1.4671288456545075,3.6562954791679894,0.6816033935672625
18,retained_order_shuffle,1.053569492400214e-17,1.39053291089853e-09,0.17085607456084048,0.05422840386965837,1.8404945656508613,0.17694252999983337,1.4714157601023927,3.713937334183586,0.6796175677287436
18,source_event_shuffle,5.404874934671983e-19,1.39053291089853e-09,0.2104872309284166,0.05386979681921761,1.8693093096320317,0.2762143316235334,1.4581687396350076,3.868049408638207,0.6857916870778965
18,valid_prefix_invalid_suffix,4.52000144237316e-11,1.39053291089853e-09,0.1616718919654512,0.09017986882045306,1.7215142620398307,0.1776539041932324,1.4659483460705531,3.6169682730895207,0.6821522754734266
18,geometry_matched_counterfeit,8.35626215272036e-44,1.39053291089853e-09,0.7803828058208532,0.0542446229314401,1.3015594546071778,0.7922383223363894,1.490856736354371,4.419281942050231,0.6707552614638439
18,genesis_valid_source_shuffled,1.2975132748958327e-15,1.39053291089853e-09,0.18958936652912095,0.053889394194150286,1.7998801935078677,0.24283056528182054,1.4593909245939591,3.7455804441069187,0.6852173623573594
19,legitimate,0.9999999999653496,1.013440120550232e-09,0.007706505906895425,0.053888634485377604,1.8944673300875072,0.0134516553701969,1.4596053203716972,3.4291194462216743,0.6851167134303706
19,raw_shift,2.574090837078173e-12,1.013440120550232e-09,0.1408304525425992,0.05385102180875584,1.825328156198822,0.1469685413191746,1.4676932078040839,3.6346713796734353,0.6813413012210506
19,retained_order_shuffle,6.072881220034376e-18,1.013440120550232e-09,0.1543632312653934,0.05431002011925831,1.8397555546645126,0.1603010815656118,1.4708149451656811,3.679544832780457,0.6798951855128745
19,source_event_shuffle,2.257582769989302e-19,1.013440120550232e-09,0.19344178767091677,0.05391997176638202,1.8639814759023596,0.2567226688495071,1.4578747429115995,3.825940647100765,0.6859299846304963
19,valid_prefix_invalid_suffix,3.107573441367483e-11,1.013440120550232e-09,0.14617456666707068,0.0902448653479182,1.7348053398996681,0.16201856518185725,1.466180716061368,3.599424053157882,0.6820441634813305
19,geometry_matched_counterfeit,1.283161698876981e-44,1.013440120550232e-09,0.7121991010025023,0.05430095180509731,1.2993003204090927,0.7238287210205799,1.4911649459194378,4.28079404015671,0.6706166227518973
19,genesis_valid_source_shuffled,6.978728463104181e-16,1.013440120550232e-09,0.17381012405256635,0.053680142665689684,1.7983310504990178,0.22591529985892758,1.4592773421359058,3.7110139592121074,0.6852706960658124
20,legitimate,0.999999999975204,7.719254569227168e-10,0.007484440590542373,0.05395344042489009,1.8939794823163139,0.013191109910305237,1.459611336201622,3.4282198094436733,0.6851138897022148
20,raw_shift,1.7129671296442161e-12,7.719254569227168e-10,0.1266071918013579,0.05375666233724133,1.8318820863949188,0.1328935058144081,1.4682028032817336,3.6133422496296594,0.6811048158764765
20,retained_order_shuffle,3.75881066077875e-18,7.719254569227168e-10,0.1386924942259203,0.05393496287087565,1.838636103475396,0.14478071292526526,1.4702348833533987,3.6462791568508557,0.6801634292050469
20,source_event_shuffle,1.0245404018276396e-19,7.719254569227168e-10,0.17798758860319497,0.05402848318770961,1.85889681696842,0.23879065365745372,1.4576301518089199,3.7873336942256985,0.6860450840410661
20,valid_prefix_invalid_suffix,2.2082701156673056e-11,7.719254569227168e-10,0.132052841896308,0.09016334517899428,1.7473403871137438,0.14757324232561236,1.4663775937436536,3.5835074102583118,0.6819525913823733
20,geometry_matched_counterfeit,2.6099088978217386e-45,7.719254569227168e-10,0.64856847686559,0.05419016590926558,1.298903052794581,0.6595451407998397,1.490920648929058,4.152127485298335,0.6707265076225339
20,genesis_valid_source_shuffled,4.0259925613258393e-16,7.719254569227168e-10,0.15858334897461904,0.05353604053421525,1.7974375145416626,0.20950315392345603,1.4592030478436149,3.678263105817568,0.6853055861391761
21,legitimate,0.9999999999815785,6.138071544119264e-10,0.007547158756845289,0.05399965443979632,1.8947959386194473,0.013154400071884134,1.4595838425961816,3.4290809944841545,0.685126794922467
21,raw_shift,1.1870819199406006e-12,6.138071544119264e-10,0.11424871640893336,0.053538859186443494,1.838749263012061,0.12055899009157346,1.468680121639932,3.5957759503389433,0.6808834580547933
21,retained_order_shuffle,2.4819443819357344e-18,6.138071544119264e-10,0.12552130635451836,0.054240401941917656,1.8367247795200925,0.13151700889531237,1.4697412776740644,3.617744774385905,0.6803918588862646
21,source_event_shuffle,5.035742680121249e-20,6.138071544119264e-10,0.163755341193031,0.05428188764476281,1.8540921772625367,0.2223537542527675,1.4574470149406384,3.7519301752937366,0.6861312896779801
21,valid_prefix_invalid_suffix,1.6234223946160698e-11,6.138071544119264e-10,0.11923653830740444,0.09021066790596322,1.7586963304279624,0.13420746763891198,1.4665813292032381,3.56893233348348,0.6818578554670485
21,geometry_matched_counterfeit,6.9337277114548135e-46,6.138071544119264e-10,0.5892055844566425,0.05402062332384094,1.298496821672349,0.5996346449678542,1.4902246067886415,4.031582281209328,0.6710397851726922
21,genesis_valid_source_shuffled,2.472880767601905e-16,6.138071544119264e-10,0.14576965731271016,0.053645699961198584,1.7964988716147046,0.1955522396432537,1.459154392249281,3.650620860781148,0.6853284376967435
22,legitimate,0.9999999999858137,5.07641383393552e-10,0.007622200548353258,0.05402295871020188,1.8946634533789295,0.012999235905209905,1.4595733735772607,3.428881222119955,0.6851317091018492
22,raw_shift,8.506707866986545e-13,5.07641383393552e-10,0.10272473063719391,0.05332383502273662,1.8462105545503804,0.10896177868745291,1.469127690232042,3.580348589129806,0.6806760274463178
22,retained_order_shuffle,1.731283827372366e-18,5.07641383393552e-10,0.11344303595257807,0.053907140073932186,1.836701261252099,0.11924436044444839,1.469303173455581,3.5925989711786386,0.6805947322952284
22,source_event_shuffle,2.6557836427236885e-20,5.07641383393552e-10,0.15119890169723088,0.05394394256665651,1.8496917652144986,0.20757104096565288,1.4573034127298585,3.719709063173897,0.6861989008351506
22,valid_prefix_invalid_suffix,1.2335545456453797e-11,5.07641383393552e-10,0.10759751203214205,0.08975830528476206,1.7673762550982743,0.1222219790915306,1.4667620042068992,3.5537160557136085,0.6817738645604259
22,geometry_matched_counterfeit,2.351472631928188e-46,5.07641383393552e-10,0.5337797478174124,0.053859035691717266,1.2997021649472604,0.5438562023136775,1.489209432308723,3.9204065830787904,0.6714972241669257
22,genesis_valid_source_shuffled,1.6012794483138737e-16,5.07641383393552e-10,0.13464091914954013,0.05349932691602387,1.7958726759132748,0.1832827625833507,1.4591222688424579,3.6264179534046477,0.6853435255921733
23,legitimate,0.999999999988745,4.334818638121738e-10,0.00700068148603665,0.05402062948098431,1.8947722541606842,0.01223103995588214,1.459533101069352,3.427557706152939,0.6851506137585186
23,raw_shift,6.247055246345593e-13,4.334818638121738e-10,0.09286362408433735,0.0534898752543005,1.8530750663236202,0.09893355711584223,1.4695341383588814,3.5678962611369816,0.6804877640442513
23,retained_order_shuffle,1.2692062738134942e-18,4.334818638121738e-10,0.10210108277340721,0.05397191832387875,1.835529360955895,0.10818937149266301,1.468889384517513,3.568681118063357,0.6807864571279489
23,source_event_shuffle,1.493325537914979e-20,4.334818638121738e-10,0.1389793513623496,0.053793134842798906,1.8458906177575167,0.19340486601170712,1.457187113852321,3.6892550838266933,0.6862536667338991
23,valid_prefix_invalid_suffix,9.630174479572995e-12,4.334818638121738e-10,0.09740881498007098,0.08943448175396135,1.774711495098173,0.11162489211058883,1.4669160336865978,3.540095717629392,0.6817022767727005
23,geometry_matched_counterfeit,9.866844556274788e-47,4.334818638121738e-10,0.48273118604488535,0.053562308959423974,1.3055084783622255,0.4925179724407823,1.4879862944008602,3.822306240208177,0.6720492008302829
23,genesis_valid_source_shuffled,1.088224290622363e-16,4.334818638121738e-10,0.12385084421284241,0.053247222375183395,1.7954556294554513,0.17145199527691474,1.4591227822116435,3.6031284735320357,0.6853432844649344
24,legitimate,0.9999999999907732,3.8176343360711887e-10,0.007310026676515942,0.05370339650985087,1.8952392728163878,0.01270283606015039,1.4594941006017315,3.4284496326646368,0.685168922290438
24,raw_shift,4.71038264482279e-13,3.8176343360711887e-10,0.08325572138593988,0.053558105648592445,1.8607262172079955,0.08933968498393853,1.4699067427414096,3.556786471967876,0.680315268255391
24,retained_order_shuffle,9.767226207076536e-19,3.8176343360711887e-10,0.09188649086014147,0.05375352581596502,1.8350212749978942,0.0983133149119548,1.4685406171215725,3.547515223707528,0.6809481388118439
24,source_event_shuffle,8.922613641754224e-21,3.8176343360711887e-10,0.12865421598158602,0.05363657681681477,1.8421267612783303,0.181037587010458,1.4570861814668228,3.662541322554012,0.6863012035375016
24,valid_prefix_invalid_suffix,7.755709340074239e-12,3.8176343360711887e-10,0.08758305294327595,0.08952720976695462,1.7810740708363952,0.10159693420808141,1.4670647661820801,3.5268460339367875,0.6816331651130534
24,geometry_matched_counterfeit,4.996948098064244e-47,3.8176343360711887e-10,0.4364389799881589,0.053718806592048876,1.3150107938432547,0.4458831986414451,1.4866491064018093,3.737700885466717,0.6726536851852349
24,genesis_valid_source_shuffled,7.771254547469389e-17,3.8176343360711887e-10,0.11393143111317323,0.0532679013795027,1.7944344250271398,0.16073061472584155,1.4591310594580844,3.5814954317037415,0.6853393967022654
25,legitimate,0.9999999999922377,3.4416685680979964e-10,0.007391611633362572,0.05373103575535973,1.8950136948427625,0.012905836904539975,1.4594888394641632,3.428531018600188,0.6851713921743181
25,raw_shift,3.6220983296401454e-13,3.4416685680979964e-10,0.07581083333903837,0.05340231788631455,1.866822181186593,0.08170265577766023,1.470209229815598,3.547947218005204,0.6801752973105437
25,retained_order_shuffle,7.86516749791264e-19,3.4416685680979964e-10,0.08285908540981221,0.0537712479345175,1.8332046342133261,0.08889968686987317,1.4682457658268697,3.5269804202543984,0.6810848859729988
25,source_event_shuffle,5.6636943224245946e-21,3.4416685680979964e-10,0.11790573227475709,0.0534755008799421,1.8382375457038789,0.1685153702845747,1.4569934723676112,3.6351276215107644,0.6863448731678565
25,valid_prefix_invalid_suffix,6.400083765126055e-12,3.4416685680979964e-10,0.07879116999085187,0.08952577257682937,1.7877348923822014,0.09259642742872762,1.4672092028604236,3.5158574652390335,0.6815660630051701
25,geometry_matched_counterfeit,3.001541070750635e-47,3.4416685680979964e-10,0.394382858829577,0.05378591293749729,1.3231365745973795,0.40366779661488217,1.4852403750144054,3.6602135179937414,0.6732916885516365
25,genesis_valid_source_shuffled,5.771861385241114e-17,3.4416685680979964e-10,0.10559621416661012,0.05330030616092927,1.7942511421737983,0.1514309627935666,1.459151023385372,3.563729648680276,0.6853300199717804
26,legitimate,0.9999999999933513,3.154136569510814e-10,0.007045494269417181,0.05381956709027289,1.8948999660691646,0.012477051260649567,1.4594795346090834,3.427721613298588,0.6851757604579136
26,raw_shift,2.838308327482808e-13,3.154136569510814e-10,0.06840642647243438,0.053328159601460395,1.8718987784491774,0.0744448060106446,1.4704822116823495,3.5385603822160663,0.6800490288518686
26,retained_order_shuffle,6.572754240305785e-19,3.154136569510814e-10,0.07451535422453665,0.05391727537985835,1.8322934783845448,0.08062084090948807,1.467970516034297,3.5093174649327246,0.6812125918577839
26,source_event_shuffle,3.765976969828401e-21,3.154136569510814e-10,0.10918941374747772,0.05365553543896755,1.8352508895657622,0.15819901350976984,1.4569127026314452,3.613207554893423,0.6863829234190656
26,valid_prefix_invalid_suffix,5.3648329095975225e-12,3.154136569510814e-10,0.07152126625582432,0.08983499926288574,1.7940716897498,0.08516469585984254,1.4673316201312323,3.5079242712595846,0.6815092009733265
26,geometry_matched_counterfeit,2.1011433076737438e-47,3.154136569510814e-10,0.3555342861150707,0.053993822714504494,1.332029219982874,0.3644245024367325,1.483850790331338,3.58983262158052,0.6739222073502553
26,genesis_valid_source_shuffled,4.435308723761437e-17,3.154136569510814e-10,0.0982523923751795,0.05332129658727167,1.7934846010028411,0.1431899373974205,1.4591994775201236,3.5474477048828366,0.6853072629233792
27,legitimate,0.9999999999942082,2.9317700327579864e-10,0.007100340091422156,0.053839507441040046,1.8942359639829052,0.012509140670319427,1.4594525091481878,3.4271374613338748,0.6851884482230891
27,raw_shift,2.2612532737193141e-13,2.9317700327579864e-10,0.061726489192519364,0.05350415886523856,1.8767381255133488,0.06772417054327046,1.4707577035319912,3.530450647646368,0.6799216469150915
27,retained_order_shuffle,5.670495233307229e-19,2.9317700327579864e-10,0.067569673270975,0.05413618700432542,1.831402710298803,0.07343537948083342,1.4677101033923052,3.4942540534472424,0.6813334579405301
27,source_event_shuffle,2.6260780524395622e-21,2.9317700327579864e-10,0.10036508176232067,0.053417830404008645,1.832635709600953,0.14772624737392864,1.4568634178978304,3.591008287039041,0.6864061433030457
27,valid_prefix_invalid_suffix,4.565668876919162e-12,2.9317700327579864e-10,0.06532410280561299,0.0898889136401175,1.7989365198884588,0.07887047128987038,1.4674357286558775,3.500455736279937,0.6814608507007659
27,geometry_matched_counterfeit,1.6966104187520546e-47,2.9317700327579864e-10,0.320589902560148,0.05392548409498529,1.338012215810391,0.32927784402956944,1.4825362145997498,3.5243416610948435,0.6745197791127782
27,genesis_valid_source_shuffled,3.531545022634927e-17,2.9317700327579864e-10,0.09097848241022709,0.05332599721179336,1.7922359038639102,0.13490826143992612,1.459262346159458,3.530710991085315,0.6852777381876389
28,legitimate,0.9999999999948818,2.756193014739566e-10,0.0069342198890952,0.053977264231749006,1.894493995191808,0.012142572863215996,1.4594299411326734,3.426977993308542,0.685199043691288
28,raw_shift,1.832893289392133e-13,2.756193014739566e-10,0.0552905511902912,0.053400766390829205,1.88162919396472,0.06111299134832838,1.4710096970882784,3.5224431999824475,0.6798051719019477
28,retained_order_shuffle,5.046186280024869e-19,2.756193014739566e-10,0.06114744884464128,0.05393309268751752,1.8303902759912989,0.06705921566301007,1.4674678195535913,3.479997852740059,0.6814459483702586
28,source_event_shuffle,1.9054293797162534e-21,2.756193014739566e-10,0.09312756891701368,0.05348158200749694,1.8304240788768524,0.13888845448316767,1.456867272215808,3.5727889565003386,0.6864043273328551
28,valid_prefix_invalid_suffix,3.934949416014983e-12,2.756193014739566e-10,0.05974114834500039,0.09004832959018932,1.804208121316978,0.07301004181479985,1.467546261009521,3.494553902076488,0.681409524569696
28,geometry_matched_counterfeit,1.5434089459366815e-47,2.756193014739566e-10,0.28918832790791377,0.054111631169134124,1.347804217422815,0.29760308475239244,1.481288376626957,3.4699956378792125,0.6750879948681023
28,genesis_valid_source_shuffled,2.9017474288499873e-17,2.756193014739566e-10,0.08444606571004111,0.05327874480879212,1.7916283932072927,0.1276108777752425,1.4592967942885138,3.5162608757898823,0.6852615615359416
29,legitimate,0.9999999999953963,2.620904401922354e-10,0.006952941664363575,0.05385544576747059,1.894743911032909,0.01209659735849554,1.4594432095113126,3.427092105334551,0.6851928142742777
29,raw_shift,1.5058957531495225e-13,2.620904401922354e-10,0.05023320840495259,0.05315391552799195,1.8858454988323547,0.05599927715897167,1.4711819530589059,3.5164138529831765,0.6797255756973584
29,retained_order_shuffle,4.6272906278226e-19,2.620904401922354e-10,0.05502625445431748,0.053926197932373576,1.8293131388699981,0.06094732581474951,1.467270664023798,3.466483581095237,0.6815375135056292
29,source_event_shuffle,1.437482993377969e-21,2.620904401922354e-10,0.0863198879527024,0.05363549845894231,1.8277819755257028,0.13062369115583614,1.4568281960740896,3.5551892491672734,0.6864227385860442
29,valid_prefix_invalid_suffix,3.4506694878795337e-12,2.620904401922354e-10,0.05425597808791623,0.08972536733992142,1.808000605824623,0.0671410717506479,1.46766442788785,3.486787450890958,0.6813546618675331
29,geometry_matched_counterfeit,1.547048037032731e-47,2.620904401922354e-10,0.26112233555186876,0.05407064419539434,1.3615628338758667,0.2691421599281832,1.4801236537991331,3.426021627350446,0.6756192277798903
29,genesis_valid_source_shuffled,2.4543138004607357e-17,2.620904401922354e-10,0.07881133655128385,0.05364103206503052,1.790311754334246,0.12111609595907002,1.4593327528048834,3.5032129717145137,0.6852446764293539
30,legitimate,0.9999999999956906,2.5182452751088996e-10,0.006945035838553155,0.05395369598738944,1.895610715467418,0.012334710253816782,1.4594212347822761,3.4282653923294535,0.6852031313274167
30,raw_shift,1.2546979810980267e-13,2.5182452751088996e-10,0.044870194875834817,0.053119714350928146,1.8911502206671404,0.05072435078575499,1.4713522820384795,3.5112167627181377,0.67964688824425
30,retained_order_shuffle,4.385240456302054e-19,2.5182452751088996e-10,0.04888470334915485,0.05424367852321711,1.8279121814516452,0.05459023400279026,1.4670559853742775,3.452686782701085,0.6816372449095127
30,source_event_shuffle,1.1262990778161108e-21,2.5182452751088996e-10,0.07986756620816049,0.0537646911268644,1.8258426727732153,0.12285382180112145,1.45682598479636,3.5391547367057212,0.6864237804890105
30,valid_prefix_invalid_suffix,3.081104549989453e-12,2.5182452751088996e-10,0.04848266352204833,0.08942414974923163,1.8130496659848165,0.061052744103739454,1.4677471298115117,3.4797563531713473,0.6813162701445394
30,geometry_matched_counterfeit,1.7061460969944255e-47,2.5182452751088996e-10,0.23480594819215764,0.054142428535773765,1.3732320791413015,0.2425349357412684,1.4790552463011144,3.3837706379116157,0.6761072667835528
30,genesis_valid_source_shuffled,2.126967536338119e-17,2.5182452751088996e-10,0.07434405556619207,0.053734369556742045,1.7900575163883194,0.11582340435393282,1.4593741999702752,3.493333545835462,0.6852252150400554
31,legitimate,0.9999999999959042,2.4381605522258794e-10,0.007227158276221271,0.053755100763958744,1.8966003965328797,0.012741087877402663,1.4594207096721281,3.4297444531225905,0.6852033778684692
31,raw_shift,1.064678022057935e-13,2.4381605522258794e-10,0.04009164628814603,0.05322098307244005,1.8937495919227016,0.04581685938862947,1.471511947162343,3.5043910278342603,0.6795731437498174
31,retained_order_shuffle,4.2757841341429106e-19,2.4381605522258794e-10,0.04367230070767701,0.054082291128730406,1.8272961215197128,0.04932834620584007,1.466854917043201,3.441233976605161,0.6817306799600016
31,source_event_shuffle,9.153742576281123e-22,2.4381605522258794e-10,0.07425009529835777,0.05355821595853288,1.8235880158524862,0.11578990203311737,1.4568124866631722,3.5239987158056665,0.686430140566026
31,valid_prefix_invalid_suffix,2.792482622348825e-12,2.4381605522258794e-10,0.04352454980414403,0.08956078453985379,1.8174840454049845,0.05603136474503347,1.4678514921986319,3.474452236692648,0.681267829418271
31,geometry_matched_counterfeit,2.0420854271773872e-47,2.4381605522258794e-10,0.21170892139543238,0.054143672193101414,1.3849375546055813,0.21915208365539515,1.4781047342925047,3.348046966142015,0.6765420452273785
31,genesis_valid_source_shuffled,1.887464977355264e-17,2.4381605522258794e-10,0.07019565980240346,0.054011098115863534,1.7895001892124218,0.11090461056173692,1.4594340893047124,3.484045646997138,0.6851970961394698
32,legitimate,0.9999999999960775,2.3720236093243747e-10,0.007152192782409695,0.053615343869290844,1.8966943071328133,0.012473139860005922,1.4594392965757723,3.429374280220292,0.6851946513601512
32,raw_shift,9.133527784057226e-14,2.3720236093243747e-10,0.03601592706955856,0.053155253553539436,1.896735455900771,0.04149859746630977,1.4716533666914708,3.4990586006816495,0.6795078397073218
32,retained_order_shuffle,4.2573128285069976e-19,2.3720236093243747e-10,0.03939284305876987,0.05388649593729053,1.826444877316266,0.044921827919852754,1.4666961173253241,3.4313421615575033,0.681804491186722
32,source_event_shuffle,7.643530067870726e-22,2.3720236093243747e-10,0.06942382464111817,0.053725665092207726,1.8216222606235148,0.10977039363623173,1.456788169479814,3.511330313472886,0.6864415986818596
32,valid_prefix_invalid_suffix,2.5540796674505594e-12,2.3720236093243747e-10,0.03994562763683363,0.08959595819178029,1.820158048337181,0.05229795054235526,1.4679399130751227,3.469937497783273,0.6812267934752698
32,geometry_matched_counterfeit,2.6079230429621774e-47,2.3720236093243747e-10,0.19136545095862292,0.05409037338548475,1.3963853743440182,0.19907256658349679,1.4772866142022105,3.318200379473833,0.676916713645686
32,genesis_valid_source_shuffled,1.7091297816661397e-17,2.3720236093243747e-10,0.06595642037025488,0.053654128067406895,1.7893793779669067,0.10600142133620488,1.4594967077316694,3.4744880554724427,0.6851676983586537
33,legitimate,0.9999999999961897,2.3195093740286896e-10,0.007460506485363483,0.05362288295911033,1.897247728590473,0.012554708625144989,1.4594168402248215,3.4303026668849133,0.6852051945929936
33,raw_shift,7.937333763481954e-14,2.3195093740286896e-10,0.032071099142005316,0.053228614592058646,1.8994658798990145,0.03753973880731497,1.4718039680392994,3.4941093004796926,0.6794383095261683
33,retained_order_shuffle,4.3193675700563234e-19,2.3195093740286896e-10,0.035993829532069484,0.053564950449468886,1.825959555454688,0.041669411820848906,1.46653727149133,3.423725018748405,0.6818783398403696
33,source_event_shuffle,6.57133816655473e-22,2.3195093740286896e-10,0.0649356168900232,0.05374766106030378,1.8193541289711719,0.10411814378837592,1.4568480512471458,3.4990036019570203,0.6864133834290307
33,valid_prefix_invalid_suffix,2.364180422229308e-12,2.3195093740286896e-10,0.03663445210241328,0.08948280271388562,1.8222986374546168,0.04900240260899821,1.468002796077438,3.465421090957352,0.681197612613935
33,geometry_matched_counterfeit,3.5642938312760706e-47,2.3195093740286896e-10,0.17176432383305368,0.05423011817741918,1.4064332626266491,0.1793085624140755,1.476561029429603,3.288297296480801,0.6772493517486537
33,genesis_valid_source_shuffled,1.578770335332237e-17,2.3195093740286896e-10,0.062251395123575984,0.05369822766603474,1.7892961867199018,0.101573293961583,1.4595463207399273,3.4663654242110225,0.6851444080867426
34,legitimate,0.9999999999962862,2.2762248999502419e-10,0.00741759384422135,0.053572374506398554,1.896661152160655,0.012648245544286767,1.4594001341682532,3.4296995002238146,0.6852130382792272
34,raw_shift,6.936895267592416e-14,2.2762248999502419e-10,0.02919001701247147,0.05326134208956206,1.9015784392285964,0.03499064021841094,1.4719168408467735,3.4909372793958147,0.6793862073235346
34,retained_order_shuffle,4.451725491982575e-19,2.2762248999502419e-10,0.032441919008947995,0.05369038962531116,1.825492706072828,0.03795353731130752,1.4664015044278884,3.4159800564462834,0.6819414716767358
34,source_event_shuffle,5.761331960869136e-22,2.2762248999502419e-10,0.06103886995109566,0.05388221962589514,1.8186474687834888,0.09909574472038885,1.4568301057312087,3.489494408812077,0.6864218388022847
34,valid_prefix_invalid_suffix,2.2082834106706096e-12,2.2762248999502419e-10,0.033295683612907835,0.0894185013373755,1.824533967966701,0.04538985428153769,1.4680687388942841,3.4607067460928063,0.6811670145307427
34,geometry_matched_counterfeit,5.118940507500184e-47,2.2762248999502419e-10,0.15545547573467955,0.05439732552722888,1.416749997068492,0.16266313320007128,1.475896507303571,3.265162438834043,0.677554283142455
34,genesis_valid_source_shuffled,1.4813086852635176e-17,2.2762248999502419e-10,0.05894847925937669,0.05377303129066524,1.7887325836423407,0.09758724798751822,1.4596219450410646,3.4586632872209653,0.685108910150297
35,legitimate,0.9999999999963776,2.2368311065208527e-10,0.007162480321960785,0.05366559449713387,1.8965190463136024,0.01208836311974032,1.4593590280023787,3.4287945122548162,0.6852323388627508
35,raw_shift,6.074270359763673e-14,2.2368311065208527e-10,0.027269961622864724,0.053395766386273275,1.9037469098378839,0.032767750104757874,1.471974319763593,3.4891547077153726,0.679359678067708
35,retained_order_shuffle,4.627532375908632e-19,2.2368311065208527e-10,0.029288447174438435,0.05374642502034278,1.8268481527154972,0.035015287258708214,1.4662907501648799,3.4111890623338663,0.6819929811915453
35,source_event_shuffle,5.148628995220735e-22,2.2368311065208527e-10,0.057158519365698754,0.05399688450474026,1.8176297151107519,0.09426424331874253,1.4568534347129403,3.4799027970128735,0.6864108469467172
35,valid_prefix_invalid_suffix,2.0663012109159775e-12,2.2368311065208527e-10,0.030648623945287425,0.08951158162108139,1.828158653923518,0.04254637322858106,1.4681362441461883,3.459001476864656,0.6811356943102331
35,geometry_matched_counterfeit,7.654734697193835e-47,2.2368311065208527e-10,0.13990636858736166,0.05422985704542186,1.4291309330265733,0.14730036229225663,1.475328406963938,3.2458959279155515,0.6778151869632969
35,genesis_valid_source_shuffled,1.4061971690892557e-17,2.2368311065208527e-10,0.05621059253919706,0.05407132401185571,1.78829241772178,0.09417946831650531,1.459693857957598,3.452447660546936,0.6850751577441994
36,legitimate,0.9999999999964341,2.205168374246413e-10,0.006952561811343756,0.05344469115416657,1.8970372311416948,0.012110194604751373,1.4593507392471599,3.428895417959116,0.685236230814817
36,raw_shift,5.38085284922826e-14,2.205168374246413e-10,0.02399594865075611,0.053353826735756504,1.9049889288704442,0.029579867145407703,1.4720745705808305,3.483993141983195,0.6793134125018966
36,retained_order_shuffle,4.891980809000548e-19,2.205168374246413e-10,0.026516345108411152,0.05354341047935809,1.82509469698812,0.03228027368290827,1.4661999948702158,3.403634721129013,0.6820351954011916
36,source_event_shuffle,4.709813556450532e-22,2.205168374246413e-10,0.05327489550736374,0.054061616450305425,1.8156455210561107,0.08950697127832909,1.45689829643381,3.469387300725919,0.6863897105558702
36,valid_prefix_invalid_suffix,1.9517092071826394e-12,2.205168374246413e-10,0.027810513186971565,0.08929342697765622,1.8299946404891798,0.03953919978401779,1.4681915689554088,3.4548293493932345,0.6811100275626929
36,geometry_matched_counterfeit,1.1944393544804746e-46,2.205168374246413e-10,0.12581028969782423,0.05418049770871308,1.439208233361254,0.13265412174280866,1.474797894629623,3.226651037140223,0.6780590097395431
36,genesis_valid_source_shuffled,1.3601947821542867e-17,2.205168374246413e-10,0.052839233777001324,0.05398158385670099,1.7872910035457708,0.09016397726398309,1.4597383040394671,3.444014102482923,0.6850542985898814
37,legitimate,0.9999999999964775,2.1792414678689434e-10,0.006773187286477321,0.05354501261265398,1.8975276402739227,0.011799309490051285,1.4593682880541436,3.429013437717249,0.6852279908945369
37,raw_shift,4.7832405247898264e-14,2.1792414678689434e-10,0.0223735399848227,0.05317623528092138,1.9067726026928933,0.028054256489880386,1.4721498182257704,3.4825264526742883,0.6792786899934711
37,retained_order_shuffle,5.236935532018234e-19,2.1792414678689434e-10,0.02375452372429033,0.05356743532229593,1.8253575572336926,0.029245698831011288,1.466115854314196,3.3980410694254863,0.6820743374788094
37,source_event_shuffle,4.402108158836333e-22,2.1792414678689434e-10,0.04973208302080233,0.05383133895676842,1.8142361825822393,0.08498539368673741,1.4569396983067828,3.45972469655333,0.6863702054111895
37,valid_prefix_invalid_suffix,1.8582042386207683e-12,2.1792414678689434e-10,0.0252478763858786,0.0892228453216262,1.8317212039128192,0.03688578916312195,1.4682516078906442,3.4513293226740904,0.681082175986973
37,geometry_matched_counterfeit,1.930771235850013e-46,2.1792414678689434e-10,0.11346166623905501,0.05393243226935021,1.448595418702531,0.1203948619455917,1.4743369625150464,3.210721341671574,0.6782709959958154
37,genesis_valid_source_shuffled,1.3361423208072673e-17,2.1792414678689434e-10,0.04977421782535781,0.05371583955076459,1.7873711875659526,0.0864661166168654,1.459795764646404,3.4371231262053445,0.685027333423428
38,legitimate,0.9999999999965065,2.158309023724669e-10,0.007046531739399647,0.05358924581571949,1.8983932056491974,0.012433598245574492,1.4593514892918993,3.4308140707417905,0.6852358786324717
38,raw_shift,4.2882035181539294e-14,2.158309023724669e-10,0.020874881224978874,0.05329802973170516,1.9071987812622877,0.026895708686214295,1.4722059270948338,3.48047332800002,0.6792528012517041
38,retained_order_shuffle,5.6941151093332345e-19,2.158309023724669e-10,0.02164347089986186,0.05333622285688885,1.8248867489733822,0.02688454986840215,1.4660191238580833,3.392770116456618,0.6821193419133993
38,source_event_shuffle,4.1938394639546116e-22,2.158309023724669e-10,0.04697759961514184,0.054057341016356376,1.8135029333060795,0.08132391038210204,1.4569826950543139,3.4528444793739936,0.6863499500666785
38,valid_prefix_invalid_suffix,1.7826926851866316e-12,2.158309023724669e-10,0.023242088329702672,0.08940652063662097,1.8339842994930895,0.034737197475429124,1.468301052312762,3.4496711582476043,0.6810592408303486
38,geometry_matched_counterfeit,3.2204166014008174e-46,2.158309023724669e-10,0.10178648437890042,0.05386962092769633,1.4602489965140943,0.10841593148328084,1.4739515813738124,3.1982726146777845,0.6784483375406846
38,genesis_valid_source_shuffled,1.3339690819862134e-17,2.158309023724669e-10,0.047417807943945636,0.05378401885230985,1.7870813326851038,0.08343031322576744,1.4598405192565782,3.431553991963705,0.6850063324093709
39,legitimate,0.9999999999965373,2.1394595861945548e-10,0.006967930299110117,0.05364785761812732,1.89816401244,0.012481050047564758,1.4593205631397832,3.4305814135445853,0.6852504002595585
39,raw_shift,3.865821052965307e-14,2.1394595861945548e-10,0.018888986855816192,0.05305222348022373,1.9084989324670512,0.024991999751286853,1.472282813067273,3.477714955621651,0.679217329118434
39,retained_order_shuffle,6.255892746965081e-19,2.1394595861945548e-10,0.01933178910836578,0.05344074726589547,1.8242629231512977,0.02481925034652119,1.4659582243464004,3.3878129342184806,0.6821476788292419
39,source_event_shuffle,4.0528366538537867e-22,2.1394595861945548e-10,0.0443886397148284,0.05404105368206144,1.8126986160898042,0.07795441884252216,1.4570439624385711,3.4461266907677874,0.6863210896704175
39,valid_prefix_invalid_suffix,1.7147077603758145e-12,2.1394595861945548e-10,0.021506040880407907,0.08915298346169764,1.8365120884444723,0.03274681579283087,1.4683372584928953,3.448255187072304,0.6810424473086885
39,geometry_matched_counterfeit,5.5048778585206e-46,2.1394595861945548e-10,0.09106238407010754,0.05393701507665873,1.4707994984776052,0.09749378102246323,1.4735960748738695,3.186888753520704,0.6786120138682645
39,genesis_valid_source_shuffled,1.3458328138383825e-17,2.1394595861945548e-10,0.04531117747632357,0.05377313314967899,1.7868246986670082,0.0807469072743198,1.4599008408067295,3.42655675737406,0.6849780286762135
40,legitimate,0.9999999999965712,2.1220256617411598e-10,0.006624024274839422,0.05387656530707979,1.8985829660332367,0.011768767205661005,1.459320258285608,3.430172581106425,0.6852505434093876
40,raw_shift,3.495240705989825e-14,2.1220256617411598e-10,0.017868197218916342,0.05302944251093103,1.909024776100947,0.023726660655030648,1.472328889841821,3.4759779663276458,0.6791960729005068
40,retained_order_shuffle,6.923535329641279e-19,2.1220256617411598e-10,0.017741215917010746,0.05325934211171318,1.8241235363349328,0.023058466342456625,1.4658978995414869,3.3840804602476,0.6821757506517477
40,source_event_shuffle,3.9555890814029117e-22,2.1220256617411598e-10,0.0424730008100843,0.05410049428467861,1.8123286673617214,0.07526230998050865,1.457047885116962,3.4412123575539546,0.6863192419501503
40,valid_prefix_invalid_suffix,1.6518866522540882e-12,2.1220256617411598e-10,0.019946419100055776,0.08917547247386906,1.838685241306204,0.0309451440817205,1.4683860330885607,3.44713831005041,0.681019825484965
40,geometry_matched_counterfeit,9.58893707287985e-46,2.1220256617411598e-10,0.08211658585043764,0.0537966111644178,1.4800959024599645,0.08863948711625991,1.4732624203494125,3.1779110069404926,0.6787657013347002
40,genesis_valid_source_shuffled,1.3733019968196987e-17,2.1220256617411598e-10,0.043096952531502294,0.053499921632560773,1.7864908743597183,0.07796790299231565,1.4599328192698389,3.420988470785936,0.6849630248730716
41,legitimate,0.9999999999966279,2.1028071062996502e-10,0.006577911582067338,0.05372018600691704,1.897982501264091,0.01173506042666732,1.4592893276892787,3.4293049869690213,0.6852650677449943
41,raw_shift,3.1672363133608686e-14,2.1028071062996502e-10,0.016765558438912292,0.05299501180697006,1.9094699657895566,0.022483582841046564,1.4723830783888958,3.4740971972653814,0.6791710762478628
41,retained_order_shuffle,7.695213159113667e-19,2.1028071062996502e-10,0.016267205780802315,0.053246000038566395,1.8242626386762906,0.02162317089694932,1.4658732702407884,3.381272285633397,0.6821872124281736
41,source_event_shuffle,3.9098034518135258e-22,2.1028071062996502e-10,0.040097681366013854,0.053977965180560146,1.811365692060435,0.07206342087782519,1.457092241786942,3.4345970012717766,0.6862983490819823
41,valid_prefix_invalid_suffix,1.5826241908211037e-12,2.1028071062996502e-10,0.019081340876870603,0.0890093803145903,1.842369518550413,0.029883286696196432,1.46843132904861,3.4487748554866804,0.6809988184101378
41,geometry_matched_counterfeit,1.6856627661027065e-45,2.1028071062996502e-10,0.07359534377086008,0.05360661218336122,1.4925620462468097,0.08016990134193872,1.4729465985444181,3.172880502087388,0.6789112388641503
41,genesis_valid_source_shuffled,1.4149690070641936e-17,2.1028071062996502e-10,0.04100537722138447,0.05330638022598484,1.7861537626386181,0.07526584799031452,1.4599874501940096,3.4157188182703115,0.6849373944040791
42,legitimate,0.9999999999966913,2.0814122089307402e-10,0.005678084238619856,0.05348222152002836,1.8974084406952076,0.010592628164812828,1.45930043205048,3.426461806669149,0.6852598533075394
42,raw_shift,2.8635865179156816e-14,2.0814122089307402e-10,0.015934843771794972,0.05286742294440039,1.9093950529877857,0.021670075387536885,1.4724055551006463,3.4722729501921643,0.6791607084979876
42,retained_order_shuffle,8.519742135034396e-19,2.0814122089307402e-10,0.015428247940728466,0.053223327036687605,1.824673007336317,0.02106092939754247,1.4658092010281003,3.3801947127393763,0.6822170302227238
42,source_event_shuffle,3.882061184573311e-22,2.0814122089307402e-10,0.0383399709016815,0.05387394779145924,1.8107883791614,0.0695546054477671,1.4571416574292093,3.4296985607315174,0.6862750748357661
42,valid_prefix_invalid_suffix,1.5049768710991818e-12,2.0814122089307402e-10,0.017897139067388913,0.08911094456245042,1.8452525561334159,0.028614146850423336,1.468453756204009,3.449328542817687,0.6809884177650629
42,geometry_matched_counterfeit,2.992406550245518e-45,2.0814122089307402e-10,0.0661073535108842,0.05377067625332475,1.500564272157366,0.072454394447392,1.4726927873427391,3.165589483711706,0.6790282458046681
42,genesis_valid_source_shuffled,1.455986595265934e-17,2.0814122089307402e-10,0.04001575541121666,0.053130373048705784,1.7865688066349739,0.0737653017675273,1.4599924264142483,3.413472663276672,0.6849350598718837
43,legitimate,0.999999999996739,2.0631365354809615e-10,0.005506906361136547,0.05351988199084623,1.8978082250680566,0.010483653777759932,1.459277967902238,3.4265966351000374,0.6852704022086176
43,raw_shift,2.6000370125755948e-14,2.0631365354809615e-10,0.014790327234274273,0.05284909534586662,1.9099362319094284,0.02047022594863034,1.4724367482561647,3.470482628694364,0.679146320670716
43,retained_order_shuffle,9.529982722552477e-19,2.0631365354809615e-10,0.01333793275674129,0.05330471502885014,1.8244152557379318,0.018870454669948238,1.4657333541026212,3.375661712296093,0.6822523327312648
43,source_event_shuffle,3.9006346672194895e-22,2.0631365354809615e-10,0.03640678984600348,0.053788780936977136,1.8101167671628613,0.06692053627942346,1.4571942020739355,3.424427076299201,0.6862503285940227
43,valid_prefix_invalid_suffix,1.438517945333086e-12,2.0631365354809615e-10,0.016559141847638698,0.08909824709648939,1.8458372745268508,0.02718896654126895,1.468442164669173,3.447125794681421,0.6809937933264282
43,geometry_matched_counterfeit,5.375625565234903e-45,2.0631365354809615e-10,0.059671116069837465,0.05389223386172308,1.5084259718832174,0.06586089143877738,1.472475048438731,3.1603252616922863,0.6791286555645408
43,genesis_valid_source_shuffled,1.512835503472184e-17,2.0631365354809615e-10,0.03830212193171833,0.0532861130728629,1.7860937336367555,0.07147362005891009,1.4600310629371667,3.4091866516374134,0.6849169345663269
44,legitimate,0.9999999999967663,2.048770681623746e-10,0.006410422908800511,0.05374698285044047,1.898406407283895,0.011532448827021119,1.4592481577489866,3.429344419619144,0.6852844012091303
44,raw_shift,2.3899604522384587e-14,2.048770681623746e-10,0.013544482351385348,0.05265616796834291,1.9099312957872188,0.019020144649981523,1.472487266092299,3.4676393568492276,0.6791230206372767
44,retained_order_shuffle,1.0793275026216426e-18,2.048770681623746e-10,0.012540293070224372,0.05331959558960487,1.8233217075450194,0.017889583934738156,1.4656912609731543,3.372762441112741,0.6822719263090772
44,source_event_shuffle,3.9892987865968804e-22,2.048770681623746e-10,0.03432748236757323,0.0540916704318985,1.809186755762936,0.06427320641166522,1.4572488511589412,3.419127966133014,0.6862245931456723
44,valid_prefix_invalid_suffix,1.385955188617723e-12,2.048770681623746e-10,0.0163284978973785,0.08891448268768704,1.8455942539162384,0.026953534613890006,1.4684735642143933,3.4462643333295873,0.6809792320187347
44,geometry_matched_counterfeit,9.805118798917252e-45,2.048770681623746e-10,0.05258542604316448,0.05361905912920815,1.5188860721389281,0.05880395177610599,1.4722546267770515,3.1561491358644584,0.679230332722847
44,genesis_valid_source_shuffled,1.5955817805910274e-17,2.048770681623746e-10,0.036627740012924494,0.053231808249802316,1.7859766052687716,0.06921401220399491,1.4600884740425082,3.4051386397780012,0.6848900034323718
45,legitimate,0.9999999999968101,2.0355063984654475e-10,0.006741383296793115,0.05369957081503101,1.8989158620811541,0.011788043694973004,1.459196434767338,3.4303412946552894,0.6853086919431695
45,raw_shift,2.2186824917086303e-14,2.0355063984654475e-10,0.012569461155544814,0.05248526443466653,1.9084939768412508,0.01808854125985455,1.472505537836455,3.464142781527772,0.6791145936658564
45,retained_order_shuffle,1.2364470391241323e-18,2.0355063984654475e-10,0.011343570751850173,0.053405962532901294,1.82183888717743,0.016323174669101846,1.4656552398183071,3.3685668349495907,0.6822886943879799
45,source_event_shuffle,4.1215681579016535e-22,2.0355063984654475e-10,0.03311821168030468,0.05387769131024512,1.8088093700402053,0.06238736575013387,1.4573221835817172,3.4155148223626064,0.686190062338037
45,valid_prefix_invalid_suffix,1.3379552559299415e-12,2.0355063984654475e-10,0.015418820939921196,0.08844292593118716,1.8480198859530255,0.025967783749146812,1.468513263837726,3.4463626804110064,0.6809608225023385
45,geometry_matched_counterfeit,1.7941416811160727e-44,2.0355063984654475e-10,0.047225325836550494,0.05350539807866303,1.5294298310533934,0.05348413354552113,1.47205694579496,3.155701634309088,0.6793215458512677
45,genesis_valid_source_shuffled,1.70055467421621e-17,2.0355063984654475e-10,0.03469909979891414,0.05318931026743359,1.78652139577266,0.06684046447424033,1.4601291814588213,3.4013794517720695,0.6848709091612262
46,legitimate,0.99999999999686,2.0219872428533225e-10,0.006871381032729023,0.053654421010712314,1.898821284209988,0.011811362063502223,1.4591632869774076,3.4303217352943394,0.6853242600901759
46,raw_shift,2.0671706280542226e-14,2.0219872428533225e-10,0.012150258326959007,0.052544494369339334,1.9076514735850276,0.017602083051586823,1.4725246630371,3.462472972370013,0.679105773302306
46,retained_order_shuffle,1.4117690687017891e-18,2.0219872428533225e-10,0.011011905735414638,0.053541825741642464,1.8235981748385475,0.016309495064270874,1.465586878990013,3.3700482803698883,0.682320519059006
46,source_event_shuffle,4.298216740209131e-22,2.0219872428533225e-10,0.03183530656735425,0.05354338697261076,1.807976496637858,0.06053909062830892,1.4573517666200457,3.411246047426178,0.6861761332459813
46,valid_prefix_invalid_suffix,1.2890341807944586e-12,2.0219872428533225e-10,0.015126590376505461,0.08830721662573343,1.8499915124531303,0.025306947266304697,1.4685209591347128,3.447253225856387,0.6809572541530188
46,geometry_matched_counterfeit,3.2840079928588616e-44,2.0219872428533225e-10,0.04229476440323251,0.05370537715433485,1.5392836152424625,0.048351290951123616,1.4718967375582288,3.1555317853093823,0.6793954864370828
46,genesis_valid_source_shuffled,1.8203665272033754e-17,2.0219872428533225e-10,0.03374135345795003,0.05331251032743718,1.786734627250267,0.06539841140201338,1.460187836224626,3.399374738662294,0.6848433983562552
47,legitimate,0.9999999999969178,2.0083143783369486e-10,0.0069844574303745246,0.05355965629075633,1.8988502361186366,0.01195891482041243,1.4591386457090179,3.4304919103691978,0.6853358335339172
47,raw_shift,1.936131018992472e-14,2.0083143783369486e-10,0.011279600485422847,0.052847498509162545,1.9068736836425086,0.01670963352620414,1.472549296149633,3.460259712312931,0.6790944130789307
47,retained_order_shuffle,1.6141665219539437e-18,2.0083143783369486e-10,0.0106958940635399,0.0535433856104988,1.823803272432046,0.016012402642546865,1.4655391550015697,3.369594109750201,0.6823427382241884
47,source_event_shuffle,4.506617422463697e-22,2.0083143783369486e-10,0.030996459054866404,0.05349251368665119,1.8080150535257795,0.05908444660844646,1.4573822421228995,3.408970714998643,0.6861617845307969
47,valid_prefix_invalid_suffix,1.2396568190314363e-12,2.0083143783369486e-10,0.014771487190357015,0.08817995802941922,1.8518558104742782,0.024896599498048573,1.4685419908293367,3.4482458460214396,0.6809475018373814
47,geometry_matched_counterfeit,5.987519395195883e-44,2.0083143783369486e-10,0.038459727100566145,0.05366799529290796,1.5491348560960876,0.04446275522158549,1.4717608600459642,3.1574861937571113,0.6794582103286111
47,genesis_valid_source_shuffled,1.9597553955714158e-17,2.0083143783369486e-10,0.032504352908085746,0.05349250160007933,1.7870773590506557,0.06367582235836486,1.4602046935926722,3.396954729509858,0.684835492165246
48,legitimate,0.9999999999969867,1.9946897635676748e-10,0.006544227657683833,0.05352728670428575,1.899272160537597,0.011120290101243054,1.4591412965764545,3.4296052615772643,0.6853345884629645
48,raw_shift,1.8186219383701974e-14,1.9946897635676748e-10,0.010664424223839907,0.05270498018887143,1.9058908803268506,0.016229743264122035,1.4725755172545159,3.4580655452582,0.6790823209277153
48,retained_order_shuffle,1.849533248604734e-18,1.9946897635676748e-10,0.010215495250592838,0.053561729073740946,1.8231710468120625,0.015301499396953779,1.4654852313953128,3.367735001928663,0.6823678455267802
48,source_event_shuffle,4.747484345716751e-22,1.9946897635676748e-10,0.02966640161124656,0.053528553838346586,1.8082009249884075,0.05713190808620941,1.4574101951412972,3.405937983665507,0.6861486239991561
48,valid_prefix_invalid_suffix,1.190798405859036e-12,1.9946897635676748e-10,0.0140473325488026,0.08855988957277505,1.852542643323289,0.02419036986483137,1.4685425585504266,3.4478827938601246,0.6809472385911747
48,geometry_matched_counterfeit,1.0802830799026834e-43,1.9946897635676748e-10,0.03426615853430043,0.053839820246363884,1.5612616305182032,0.04035953016770556,1.4716367544774733,3.1613638939440465,0.6795155101664971
48,genesis_valid_source_shuffled,2.1090111554489166e-17,1.9946897635676748e-10,0.03227418347592315,0.053363622830818684,1.7873926381315322,0.06297211973136786,1.460239277564256,3.396241841733898,0.6848192726787792
49,legitimate,0.9999999999970293,1.9822610447772436e-10,0.006999875311702529,0.053540045604661635,1.899195117525787,0.011966964432645555,1.459117733234484,3.4308197361092807,0.6853456559545756
49,raw_shift,1.7219878537788284e-14,1.9822610447772436e-10,0.010145410765514132,0.05284978976540808,1.904338108711427,0.015698785781632297,1.4726056797853102,3.4556377748092917,0.6790684116771276
49,retained_order_shuffle,2.1313651797567332e-18,1.9822610447772436e-10,0.009355605082547118,0.053649002602932726,1.8231935425773196,0.014668562192710297,1.4654851169852494,3.366351829440759,0.6823678987990704
49,source_event_shuffle,5.043831776626132e-22,1.9822610447772436e-10,0.028586041860621216,0.053583924174012684,1.808212911149679,0.05552107702707269,1.4573925091536735,3.4032964633650593,0.6861569506620118
49,valid_prefix_invalid_suffix,1.1453686074619137e-12,1.9822610447772436e-10,0.013945547434671088,0.08875596619540735,1.8533393948559254,0.023903429131092772,1.4685560795519506,3.448500417169047,0.6809409691073062
49,geometry_matched_counterfeit,1.953263557122453e-43,1.9822610447772436e-10,0.031050943749701163,0.05370260986779188,1.5683766818031046,0.03694674186371543,1.4715252702517712,3.1616022475360843,0.6795669909409257
49,genesis_valid_source_shuffled,2.2856297835577332e-17,1.9822610447772436e-10,0.03159218757517705,0.053331976436857845,1.7873386118301502,0.061763698998424585,1.4602376195071134,3.394264094347723,0.68482005027105
50,legitimate,0.9999999999970879,1.9700375096084276e-10,0.006732198120014253,0.05355417002930825,1.9005272060023395,0.011532420275024807,1.4590879574248632,3.4314339518515498,0.6853596418981045
50,raw_shift,1.644494681435279e-14,1.9700375096084276e-10,0.009436097841051675,0.05283409208274263,1.9024578722024093,0.015015244000329053,1.4726207366056343,3.452364042732167,0.6790614685377243
50,retained_order_shuffle,2.4626485298640954e-18,1.9700375096084276e-10,0.008747581731598222,0.0535810781290551,1.8238025895276633,0.014215268309533721,1.4654171136700047,3.365763631367855,0.6823995643766743
50,source_event_shuffle,5.391822801935433e-22,1.9700375096084276e-10,0.027624194827335975,0.05349677884240922,1.808505093293236,0.054055396951323505,1.4574263772257698,3.4011078411400746,0.6861410055594408
50,valid_prefix_invalid_suffix,1.1011933168808242e-12,1.9700375096084276e-10,0.01358967049129756,0.0887437882697076,1.8548651230167366,0.02354496520852358,1.4685686265867606,3.449312173573026,0.6809351513403402
50,geometry_matched_counterfeit,3.505095091637449e-43,1.9700375096084276e-10,0.02827092448498729,0.05394533045597459,1.5776491737027754,0.03436705413561459,1.471421442832613,3.1656539256119647,0.6796149429992284
50,genesis_valid_source_shuffled,2.4856908772271895e-17,1.9700375096084276e-10,0.03095080949014545,0.05360634953239589,1.7878347907902095,0.060644405146281805,1.4602571254808185,3.3932934804398514,0.6848109025109328
51,legitimate,0.9999999999971416,1.959092073661173e-10,0.007593902096242159,0.05332121255600789,1.9002744907455946,0.012364442771343766,1.4590886772454927,3.432642725414681,0.6853593037856809
51,raw_shift,1.5810067659644604e-14,1.959092073661173e-10,0.008930811381641356,0.052705743225720886,1.9019984963119037,0.014299907710668958,1.4726038189316277,3.4505387775615626,0.6790692697809423
51,retained_order_shuffle,2.8604430283680333e-18,1.959092073661173e-10,0.008582434244581646,0.05347655044431544,1.8234849501655095,0.01366816394730787,1.4653673952867199,3.364579494088434,0.6824227174802606
51,source_event_shuffle,5.823165072533005e-22,1.959092073661173e-10,0.02641465950836842,0.053318249238162606,1.8080027609055576,0.05247193755930522,1.457453104161797,3.3976607113731907,0.6861284230298836
51,valid_prefix_invalid_suffix,1.0616540430907174e-12,1.959092073661173e-10,0.013018873987863763,0.08857364832251094,1.8562690079324038,0.02283722617890137,1.4685650214379184,3.4492637778595983,0.6809368229534705
51,geometry_matched_counterfeit,6.242581846310121e-43,1.959092073661173e-10,0.025188702965268647,0.05367482721325943,1.5889435511402004,0.031143216076613797,1.4713396080972851,3.1702899054926275,0.6796527426402352
51,genesis_valid_source_shuffled,2.7313028518782333e-17,1.959092073661173e-10,0.029498573725911425,0.05359700427693117,1.7876540182653602,0.058775431728925256,1.460286747161549,3.389811775158677,0.6847970112324189
52,legitimate,0.999999999997179,1.9500278664464392e-10,0.0071859661389316095,0.05363622936519917,1.901516397450465,0.01224377425349607,1.459083788631659,3.4336661558397505,0.6853616000602333
52,raw_shift,1.5348272005997805e-14,1.9500278664464392e-10,0.008539903972537795,0.05280270003017273,1.899337417051221,0.01383524122545751,1.47262545536147,3.447140717640859,0.6790592926108749
52,retained_order_shuffle,3.331668694932844e-18,1.9500278664464392e-10,0.008177824419543483,0.05357761260824307,1.8238918776140722,0.01339018245989275,1.4653119450065117,3.3643494421082636,0.6824485416953936
52,source_event_shuffle,6.328427761339514e-22,1.9500278664464392e-10,0.02595998150874271,0.0532267773999017,1.807626711955562,0.0515145710073009,1.4575163478087938,3.395844389680301,0.6860986509701426
52,valid_prefix_invalid_suffix,1.0285926343359656e-12,1.9500278664464392e-10,0.012106913423161319,0.08830546458797395,1.85742158313404,0.021649577374748714,1.46856289753676,3.448046436056684,0.6809378077546728
52,geometry_matched_counterfeit,1.1093725966490506e-42,1.9500278664464392e-10,0.02277607618752645,0.05351469210833162,1.5961446958359655,0.02862209815874719,1.4712513817111719,3.1723089440017427,0.6796934993090415
52,genesis_valid_source_shuffled,3.022605431210138e-17,1.9500278664464392e-10,0.028407518404819962,0.05356242174486005,1.788016631150914,0.05729473541171458,1.4603210061535443,3.387602312865853,0.6847809459596279
53,legitimate,0.9999999999972368,1.9401117084547136e-10,0.006481443452855698,0.05375994104367164,1.90220643195243,0.011279206316020002,1.459095007179142,3.4328220299441194,0.6853563305187603
53,raw_shift,1.4937776956514282e-14,1.9401117084547136e-10,0.008507672008812098,0.052758035399811595,1.8974750825371802,0.013771197053394666,1.4726325539701797,3.4451445409693786,0.6790560193053949
53,retained_order_shuffle,3.887065479130194e-18,1.9401117084547136e-10,0.0076488449094283826,0.05357827764416223,1.823589762689783,0.012625882735667154,1.465296894086609,3.36273966206565,0.6824555515228083
53,source_event_shuffle,6.9095942881170555e-22,1.9401117084547136e-10,0.024406063311271313,0.053182469602731604,1.8082631444448922,0.04948021011345768,1.4575541897649809,3.3928860772373337,0.6860808380371674
53,valid_prefix_invalid_suffix,9.929979481363368e-13,1.9401117084547136e-10,0.012060811569751972,0.08827427154834949,1.8584322875178276,0.02150693723046502,1.4685559833217314,3.4488302911881252,0.6809410137273952
53,geometry_matched_counterfeit,1.9473296148974943e-42,1.9401117084547136e-10,0.020802138672191165,0.05335165877043227,1.6050137019902437,0.026714776214351064,1.4711832186079647,3.1770654942551833,0.6797249909802057
53,genesis_valid_source_shuffled,3.3458224643934514e-17,1.9401117084547136e-10,0.027787942111671602,0.05343372996694427,1.7888007422426822,0.05627492914384806,1.460345887806202,3.386643231271348,0.6847692785308453
54,legitimate,0.999999999997293,1.9296453308300424e-10,0.006998680810356879,0.05349294159227695,1.9016430988396105,0.01180944277675514,1.45907552119601,3.4330196852150094,0.6853654834664329
54,raw_shift,1.458781153047317e-14,1.9296453308300424e-10,0.008377066237005173,0.05254332265184662,1.8961036658946586,0.014122557338447257,1.4726489899881712,3.443795602110129,0.6790484404614027
54,retained_order_shuffle,4.5434778172583734e-18,1.9296453308300424e-10,0.007235180269218812,0.053552583034096324,1.823569312891701,0.01244763405578686,1.465288492947053,3.362093203197856,0.6824594643388555
54,source_event_shuffle,7.58689612586186e-22,1.9296453308300424e-10,0.02345601378156697,0.05324771073202978,1.8080361526596014,0.048148392905720115,1.4576261229229728,3.390514393001891,0.6860469802731346
54,valid_prefix_invalid_suffix,9.551900736498721e-13,1.9296453308300424e-10,0.012089578502720194,0.0883860987054976,1.8601095341860603,0.02152191222806596,1.4685572193373844,3.4506643429597283,0.6809404406113186
54,geometry_matched_counterfeit,3.3829483101619584e-42,1.9296453308300424e-10,0.01876511936313978,0.05338843920739583,1.6141503491324551,0.024537755483237306,1.4711377472116742,3.1819794103979024,0.6797460005997957
54,genesis_valid_source_shuffled,3.71101620168543e-17,1.9296453308300424e-10,0.02725315690060562,0.0537460041659398,1.7892387327686705,0.05533449162812128,1.4603594789226713,3.3859318643860083,0.6847629055938025
55,legitimate,0.9999999999973409,1.920742785693558e-10,0.007306142722157436,0.05346954137788472,1.9022753988386096,0.011811187716993656,1.459048407952338,3.4339106786079836,0.6853782194944196
55,raw_shift,1.432133686963374e-14,1.920742785693558e-10,0.008366298643229759,0.052668427915821776,1.8947425707214736,0.01384309545184842,1.4726702128663114,3.442290605598685,0.6790386545893334
55,retained_order_shuffle,5.3186562382937266e-18,1.920742785693558e-10,0.007341217673579805,0.05347302300982136,1.8233944835497362,0.012818084655504554,1.4652802666182514,3.3623070755068936,0.6824632957805772
55,source_event_shuffle,8.385922277479204e-22,1.920742785693558e-10,0.022485728836216266,0.053536976949859864,1.8079783406613952,0.04674487030831905,1.4576503003139565,3.388396217069747,0.6860356011199373
55,valid_prefix_invalid_suffix,9.23019054046092e-13,1.920742785693558e-10,0.011222104654418275,0.08839594933184264,1.8607255372194695,0.02057794711096339,1.4685620824655892,3.449483620782283,0.6809381856840656
55,geometry_matched_counterfeit,5.824448173923585e-42,1.920742785693558e-10,0.01698365265515897,0.053349951788866645,1.6228383703692333,0.022707801189542028,1.4710687887497569,3.1869485647525577,0.6797778646696845
55,genesis_valid_source_shuffled,4.128187982906275e-17,1.920742785693558e-10,0.027131265911831317,0.05363730370421747,1.7895405829040247,0.054822613169559484,1.4603549048666047,3.3854866705562374,0.6847650503764934
56,legitimate,0.9999999999973954,1.9115903668498558e-10,0.007214842411973352,0.053509774063556975,1.9026571803469845,0.011903075556472515,1.459045807282624,3.4343306796616115,0.6853794411437806
56,raw_shift,1.4064442985465562e-14,1.9115903668498558e-10,0.008559804307677362,0.05279478280151339,1.89443377849126,0.014126975735415267,1.4726429181972946,3.4425582595331603,0.6790512402169133
56,retained_order_shuffle,6.224784873948396e-18,1.9115903668498558e-10,0.00761406653858239,0.05332332678287446,1.8238593600631496,0.01275914679070504,1.4652665073542759,3.3628224075295874,0.6824697043025718
56,source_event_shuffle,9.317775418550271e-22,1.9115903668498558e-10,0.021582589121177366,0.05351864749991224,1.808200898803403,0.04544470133856089,1.4576886017020823,3.386435438465136,0.6860175752426712
56,valid_prefix_invalid_suffix,8.901531033344338e-13,1.9115903668498558e-10,0.011164748702060712,0.08822943571970611,1.862360558397604,0.020473541588391386,1.4685825787736493,3.4508108631814114,0.6809286821539098
56,geometry_matched_counterfeit,9.903197607047507e-42,1.9115903668498558e-10,0.015488194618985691,0.05331023775361006,1.632083194280335,0.02117921564972811,1.4710000943011001,3.193060936603759,0.6798096097156594
56,genesis_valid_source_shuffled,4.6126860401157195e-17,1.9115903668498558e-10,0.02644592628354836,0.05339414821844272,1.7899393721635244,0.05377526015630544,1.4603342561050288,3.38388896292685,0.6847747327832449
57,legitimate,0.9999999999974407,1.9024873974692048e-10,0.007354287403854843,0.05343382339696085,1.9023738187572876,0.012213587074400586,1.4590455221176262,3.43442103875013,0.6853795750986325
57,raw_shift,1.3878917709767665e-14,1.9024873974692048e-10,0.008168626436913044,0.05269670798495123,1.8933418250076341,0.01360045776125035,1.4726492674856764,3.440456884676425,0.6790483125054444
57,retained_order_shuffle,7.301207660246261e-18,1.9024873974692048e-10,0.007298458763635149,0.053361508137452246,1.823693714953684,0.01236148961389099,1.4652054654494315,3.361920636918094,0.6824981366635829
57,source_event_shuffle,1.0363779099672474e-21,1.9024873974692048e-10,0.02116582710344842,0.05368855278055434,1.8088862379448067,0.044599033813548086,1.457720915713839,3.3860605673561963,0.686002367955904
57,valid_prefix_invalid_suffix,8.570709423624012e-13,1.9024873974692048e-10,0.011288636887719411,0.08802859788652459,1.8632551038293916,0.020458806654394715,1.4686047930793964,3.451635938337427,0.6809183823387324
57,geometry_matched_counterfeit,1.6719284591159576e-41,1.9024873974692048e-10,0.013129882346249963,0.05349725362502737,1.639754342319428,0.019040428082880076,1.470951348953883,3.1963732553274684,0.6798321376908305
57,genesis_valid_source_shuffled,5.178073918395898e-17,1.9024873974692048e-10,0.02511023071381131,0.05352695348538741,1.7908240259888721,0.05203798259281223,1.4603660213119343,3.3818652140928176,0.6847598378796705
58,legitimate,0.9999999999974981,1.8935568073035607e-10,0.007368973238562137,0.05335014839229513,1.9025999025778861,0.012606299320163175,1.4590255884682424,3.434950911997149,0.685388938961921
58,raw_shift,1.3743389579353237e-14,1.8935568073035607e-10,0.00835794024278736,0.052736986701116415,1.8918402864288288,0.013867257985931842,1.4726089072710644,3.439411378629729,0.6790669233772715
58,retained_order_shuffle,8.57291566516121e-18,1.8935568073035607e-10,0.0070418271227554825,0.05348169620951221,1.8239532623876142,0.012354702019199245,1.4651339128922178,3.361965400631299,0.6825314677376522
58,source_event_shuffle,1.1575839847677578e-21,1.8935568073035607e-10,0.02077764223617978,0.053452890489841476,1.8088584599785709,0.04383016790014359,1.4577575668023268,3.3846767274070624,0.6859851204148427
58,valid_prefix_invalid_suffix,8.250863422444085e-13,1.8935568073035607e-10,0.010805696666661223,0.08797473425872884,1.8649365023467308,0.019904020185088644,1.4686175298733242,3.4522384833305337,0.6809124769774378
58,geometry_matched_counterfeit,2.780539421781183e-41,1.8935568073035607e-10,0.012493342105563042,0.0531752145023298,1.6485041478522278,0.018669436847135488,1.4708963982559224,3.2037385395631786,0.6798575352990553
58,genesis_valid_source_shuffled,5.832004866693869e-17,1.8935568073035607e-10,0.02430928481778762,0.05375774865041626,1.7914975660263432,0.05095026308071543,1.4603780164731357,3.3808928790483983,0.6847542134423352
59,legitimate,0.9999999999975612,1.884321538301259e-10,0.007058991566875143,0.05334631682331941,1.9024832475483664,0.012014385856710061,1.4589938521371457,3.4338967939324165,0.6854038476815603
59,raw_shift,1.365498031182303e-14,1.884321538301259e-10,0.007982543100159967,0.05273440299935611,1.8902973151103035,0.01320503384194555,1.4726109704946628,3.436830265546428,0.6790659719604144
59,retained_order_shuffle,1.0047593622923255e-17,1.884321538301259e-10,0.007358368979003692,0.05332053347652842,1.8236438227823082,0.012311534847408687,1.465114682509798,3.361748942595047,0.6825404263135881
59,source_event_shuffle,1.2901992080422378e-21,1.884321538301259e-10,0.020595055005435466,0.05376096157740937,1.8090630554389573,0.04341578042586275,1.4577612278896264,3.384596080337291,0.6859833976008701
59,valid_prefix_invalid_suffix,7.921216462400858e-13,1.884321538301259e-10,0.0103731855706773,0.0880417998793013,1.8660470059610998,0.01932126052602177,1.4686467530711833,3.4524300050082832,0.680898928150943
59,geometry_matched_counterfeit,4.540916444664087e-41,1.884321538301259e-10,0.011800229245037264,0.053281276014679635,1.6570777067227522,0.017946264854808075,1.4708440869821626,3.21094956381944,0.6798817147576135
59,genesis_valid_source_shuffled,6.576571523913951e-17,1.884321538301259e-10,0.023406447343486333,0.05398777115532401,1.7918571748967262,0.04961522137461227,1.4604152994527029,3.379281914222852,0.6847367323344901
60,legitimate,0.9999999999976015,1.876447471226273e-10,0.007487834852627496,0.05330270041850671,1.9025491438788162,0.01258091581117874,1.4590105490071859,3.4349311439683152,0.6853960039418576
60,raw_shift,1.3591926526819596e-14,1.876447471226273e-10,0.008564705860664152,0.05277488388295226,1.8893109052698365,0.013776113139321191,1.472608324161003,3.437034932313777,0.6790671922680206
60,retained_order_shuffle,1.17529846266639e-17,1.876447471226273e-10,0.0077290153873575814,0.05318301442605589,1.8249450295386291,0.012712210923812504,1.4651009401536983,3.3636702104295533,0.682546828407351
60,source_event_shuffle,1.4477193506117674e-21,1.876447471226273e-10,0.019944361280815892,0.05344030094629696,1.809000853703517,0.04238994541439689,1.457795307509786,3.3825707688548126,0.6859673610191185
60,valid_prefix_invalid_suffix,7.635021036217168e-13,1.876447471226273e-10,0.010201821533464576,0.088040817399408,1.8657244049523207,0.019065971474229927,1.46862498945799,3.4516580048174133,0.6809090184197335
60,geometry_matched_counterfeit,7.362141865131153e-41,1.876447471226273e-10,0.010504637602606429,0.05354965631755384,1.6638862345205367,0.01654486603600696,1.4707993617879749,3.215284756264679,0.6799023891218452
60,genesis_valid_source_shuffled,7.432892976105656e-17,1.876447471226273e-10,0.02271955508204738,0.05436005802989788,1.7932123026955635,0.04857699921957158,1.4604251459356734,3.3792940609627538,0.6847321157003593
61,legitimate,0.9999999999976539,1.8672324822572096e-10,0.0068450814349759765,0.05314287657638916,1.9020917260314592,0.011732567865134338,1.4590215195892873,3.432833771497246,0.685390850355682
61,raw_shift,1.3469858858299798e-14,1.8672324822572096e-10,0.008758637653675865,0.052801707554993915,1.8885341401758404,0.0142552021378208,1.4725847506085004,3.436934438130831,0.6790780629673832
61,retained_order_shuffle,1.369293552686732e-17,1.8672324822572096e-10,0.007176869268003481,0.05323280262758874,1.825707123319834,0.0121904985269667,1.4650842842319924,3.3633915779743857,0.6825545879926915
61,source_event_shuffle,1.6227856544774642e-21,1.8672324822572096e-10,0.018867799728543827,0.053446269769170704,1.809791289040795,0.04100021151336819,1.4578396760866397,3.380945246138517,0.6859464839665346
61,valid_prefix_invalid_suffix,7.30282132187017e-13,1.8672324822572096e-10,0.010292706649429871,0.08781818960319465,1.8671449951994026,0.019184747256936294,1.4686135591357252,3.4530541978446885,0.6809143179823482
61,geometry_matched_counterfeit,1.1796956511791902e-40,1.8672324822572096e-10,0.010198285150739249,0.053442362697239496,1.6681866026606476,0.015921135955766517,1.4707714437665744,3.218519830230967,0.6799152949540397
61,genesis_valid_source_shuffled,8.379153542107932e-17,1.8672324822572096e-10,0.022051581576444098,0.05425928654804458,1.7940927446097932,0.047524129435463,1.460437050719931,3.3783647928896756,0.6847265340916843
62,legitimate,0.9999999999977106,1.857943358488617e-10,0.006414812112694308,0.05311265379935734,1.9023521791153708,0.01099021069406229,1.458975334572968,3.4318451902944527,0.68541254694428
62,raw_shift,1.3354636125975684e-14,1.857943358488617e-10,0.008611371022531405,0.05252182278891559,1.8879857981567543,0.014060058311413316,1.4725711001183006,3.435750150397915,0.6790843579085528
62,retained_order_shuffle,1.5944266023178586e-17,1.857943358488617e-10,0.006977005369163288,0.05302689149753498,1.82541240466643,0.012167500602582449,1.4650708323625037,3.3626546344982144,0.6825608550174891
62,source_event_shuffle,1.8161809849686466e-21,1.857943358488617e-10,0.018546153807097364,0.053380164941191646,1.8104968625106197,0.04034705906383207,1.4578968935124879,3.3806671338352285,0.6859195629323676
62,valid_prefix_invalid_suffix,6.969599127110365e-13,1.857943358488617e-10,0.010070299509657207,0.08773140201718144,1.8676904449170215,0.018987111564124734,1.468594589951583,3.453073847959568,0.6809231130502119
62,geometry_matched_counterfeit,1.8626862071505055e-40,1.857943358488617e-10,0.009388168562763548,0.05356971744177621,1.675201935400086,0.015298851729310264,1.4707668986207767,3.2242255717547126,0.6799173961123868
62,genesis_valid_source_shuffled,9.447992675587891e-17,1.857943358488617e-10,0.021766322865395513,0.0538760294500224,1.7942412486434036,0.046965476351415424,1.4604254750008723,3.377274552311109,0.68473196141552
63,legitimate,0.999999999997762,1.84885915389869e-10,0.006706299565335479,0.052931565652997545,1.9025711697574483,0.011337912564672852,1.4589490064490325,3.432495953989487,0.6854249158662938
63,raw_shift,1.3296846113533648e-14,1.84885915389869e-10,0.00849075623222638,0.0525100011296295,1.8868791989275218,0.014051085213725695,1.472536152090031,3.434467193593134,0.6791004747687766
63,retained_order_shuffle,1.8642096999204933e-17,1.84885915389869e-10,0.006432986654065225,0.05324440563712469,1.8248799871838293,0.011815901582068751,1.4650667478095944,3.3614400288666824,0.6825627579723751
63,source_event_shuffle,2.041498462913541e-21,1.84885915389869e-10,0.01790710662820522,0.05313451244722571,1.8109502380851776,0.039441526006154776,1.4579043243147993,3.3793377074815627,0.6859160668643549
63,valid_prefix_invalid_suffix,6.64182554073026e-13,1.84885915389869e-10,0.010519441017841575,0.0878638417052238,1.8681104973570524,0.019279324315340275,1.4686186916573958,3.4543917960528536,0.6809119383262042
63,geometry_matched_counterfeit,2.906463756032454e-40,1.84885915389869e-10,0.008982193456699261,0.05369546673822931,1.6821348543647694,0.014694745572067906,1.4707534689287285,3.230260729060494,0.6799236045500624
63,genesis_valid_source_shuffled,1.068142127389259e-16,1.84885915389869e-10,0.021471395795376366,0.05359402994052459,1.7948778114856048,0.046330784583236195,1.4604475689587901,3.376721590763532,0.684721602646426
64,legitimate,0.9999999999978205,1.8400843882310156e-10,0.006861832823340569,0.05290919247767737,1.902503327548833,0.011369317569477,1.4589351703540157,3.4325788407733437,0.6854314162265946
64,raw_shift,1.3301493741208571e-14,1.8400843882310156e-10,0.008065106239298245,0.05267206470320964,1.8853678090597854,0.013772292731703283,1.4725427191738358,3.4324199919078326,0.6790974461912884
64,retained_order_shuffle,2.1769228279496138e-17,1.8400843882310156e-10,0.006532691388704266,0.053302746335116745,1.8250866722954255,0.012103497813698395,1.4650645407017375,3.3620901485346826,0.6825637862476381
64,source_event_shuffle,2.2969851701620367e-21,1.8400843882310156e-10,0.017597218343000275,0.05312697838772051,1.8115133525844267,0.03880790214956579,1.4579363944666979,3.378981845931411,0.6859009788039035
64,valid_prefix_invalid_suffix,6.328193920113105e-13,1.8400843882310156e-10,0.010269791586890831,0.08757935684290444,1.869150870859742,0.01896063730884159,1.4686054486147622,3.454566105213141,0.6809180783999984
64,geometry_matched_counterfeit,4.4562186578151354e-40,1.8400843882310156e-10,0.00898844939507677,0.05357312821127898,1.6904901258276783,0.014534279163500283,1.4707367519327623,3.2383227345302967,0.6799313328400773
64,genesis_valid_source_shuffled,1.2113237244376023e-16,1.8400843882310156e-10,0.02064284558137658,0.053357832693650464,1.7957829619423644,0.04515694859866763,1.4604596433138677,3.375400232129927,0.684715941708243
65,legitimate,0.9999999999978723,1.8316599780720726e-10,0.0068174627249643896,0.05299918588578957,1.90336202851265,0.01120799679225477,1.458907745592684,3.433294419508343,0.6854443010666786
65,raw_shift,1.3339337844728222e-14,1.8316599780720726e-10,0.00871549779963571,0.05262107811830122,1.8836905543334812,0.014459204806658639,1.4725166925692732,3.43200302762735,0.6791094491796286
65,retained_order_shuffle,2.5289798323843647e-17,1.8316599780720726e-10,0.007370626622015814,0.053505814160118834,1.826210577924644,0.01303107228175859,1.4650383011124444,3.3651563921009817,0.6825760113160231
65,source_event_shuffle,2.592957222855451e-21,1.8316599780720726e-10,0.017303126828022437,0.053064860986859856,1.811654494696908,0.03822266638116245,1.4579576607300861,3.3782028096230388,0.6858909740203173
65,valid_prefix_invalid_suffix,6.025231545144121e-13,1.8316599780720726e-10,0.010263187153330676,0.08777441387363775,1.8700347241339195,0.01891250205102943,1.468609122023526,3.4555939492354435,0.6809163752303808
65,geometry_matched_counterfeit,6.737023691868368e-40,1.8316599780720726e-10,0.008990097070568448,0.05351483274356429,1.6975267342216964,0.014664878013289213,1.4707262107295844,3.245422752778703,0.67993620614299
65,genesis_valid_source_shuffled,1.3774294530190304e-16,1.8316599780720726e-10,0.020192174477112662,0.053645625674658436,1.7961864338610396,0.04439679722058127,1.4604618891045806,3.3748829203379724,0.6847148888025052
66,legitimate,0.9999999999979156,1.822951244987081e-10,0.0064404396897948645,0.05303352647375428,1.903511197927867,0.011146003033213777,1.4589185141407408,3.433049681265371,0.6854392416752015
66,raw_shift,1.3411823458132764e-14,1.822951244987081e-10,0.008639659274935246,0.05256786906507699,1.882345966890565,0.014520673485213423,1.4725122111358182,3.4305863798516087,0.6791115159766181
66,retained_order_shuffle,2.936069417328918e-17,1.822951244987081e-10,0.007564818992622027,0.053376072315928336,1.8259558080838607,0.013266139490856628,1.4650433147172564,3.365206153600524,0.6825736754353425
66,source_event_shuffle,2.922500445329544e-21,1.822951244987081e-10,0.017279097947296405,0.05326395748590579,1.8122975501321845,0.037852283046044766,1.457974721069129,3.3786676096805603,0.6858829481386651
66,valid_prefix_invalid_suffix,5.708020024517876e-13,1.822951244987081e-10,0.010700486604607035,0.08747982699169854,1.8716458164182208,0.019179614513509732,1.468627437468974,3.45763318199701,0.6809078834329331
66,geometry_matched_counterfeit,1.0106130337960442e-39,1.822951244987081e-10,0.008868334714443272,0.05353951739017529,1.7008114058701553,0.014841964629715956,1.4706593835600619,3.248720606164552,0.679967102632429
66,genesis_valid_source_shuffled,1.5694022195351523e-16,1.822951244987081e-10,0.01954023996133161,0.05374011189500267,1.7965494089751421,0.04344943273567402,1.460463329510422,3.3737425230775724,0.6847142134912492
67,legitimate,0.9999999999979693,1.814402878861083e-10,0.006694043027784844,0.05309951942058451,1.9038002077440137,0.01117701760903269,1.4589243512198973,3.433695139021313,0.6854364992690533
67,raw_shift,1.3511703948141093e-14,1.814402878861083e-10,0.008906770484825327,0.05280978670963004,1.8818087440802027,0.014310078544653694,1.472487212186083,3.430322592005395,0.6791230454992598
67,retained_order_shuffle,3.418648680409409e-17,1.814402878861083e-10,0.007302578861475067,0.05332998575672239,1.8259099548350022,0.012937020637537332,1.4650457824176442,3.3645253225083813,0.6825725257188329
67,source_event_shuffle,3.307872626368604e-21,1.814402878861083e-10,0.01652952646392016,0.05343169044593677,1.8126389482082785,0.03678435282325171,1.4580080279203789,3.377392545861766,0.6858672797740943
67,valid_prefix_invalid_suffix,5.400837573391421e-13,1.814402878861083e-10,0.011036275117936324,0.08770677403261094,1.872084994201572,0.01940995791886921,1.4686017559466782,3.4588397572176666,0.6809197905077538
67,geometry_matched_counterfeit,1.492681308468492e-39,1.814402878861083e-10,0.008858028847123804,0.053411254946562486,1.7084337677093897,0.015071828990262236,1.4706398368289024,3.2564147173222406,0.6799761402865301
67,genesis_valid_source_shuffled,1.7945936017593677e-16,1.814402878861083e-10,0.019020263963160294,0.05374454135057756,1.796981924539655,0.04251305049352203,1.4604881788407222,3.3727479591876373,0.6847025634896271
68,legitimate,0.9999999999980201,1.8059003855840823e-10,0.006340893690689935,0.053261201675984554,1.9041052191715826,0.010938797637241426,1.4589098966776721,3.433556008853171,0.6854432904155414
68,raw_shift,1.3648411021097485e-14,1.8059003855840823e-10,0.008902832886530028,0.05294857990775473,1.880445050250911,0.014204061348486757,1.4724796493821533,3.4289801737758356,0.6791265335436885
68,retained_order_shuffle,3.9934549775949356e-17,1.8059003855840823e-10,0.006982332151135878,0.053427238943252256,1.8250351996903753,0.01244157637442245,1.4650281093827815,3.3629144565419677,0.682580759777938
68,source_event_shuffle,3.74513595963776e-21,1.8059003855840823e-10,0.01648900328531698,0.05326559910089586,1.8128445428927658,0.036503041838219466,1.4580207994975605,3.3771229866147587,0.6858612718989645
68,valid_prefix_invalid_suffix,5.094118162988451e-13,1.8059003855840823e-10,0.011181726806269113,0.08770554411702829,1.8729468880385427,0.019674551882882904,1.468623422978675,3.460132133823398,0.6809097446984215
68,geometry_matched_counterfeit,2.174371131280003e-39,1.8059003855840823e-10,0.008570771040133637,0.05323898945789395,1.7155317571224795,0.0146012860411229,1.470628910158866,3.2625717138204964,0.6799811924617363
68,genesis_valid_source_shuffled,2.055308655324735e-16,1.8059003855840823e-10,0.018435551817683377,0.05352477604682401,1.797743487119994,0.041699281479540606,1.4604949836134602,3.3718980800775022,0.6846993733072644
69,legitimate,0.9999999999980523,1.7986248665756158e-10,0.006781239501940715,0.05302477312703719,1.9043286818092726,0.011832536024884252,1.4588945735201055,3.4348618039832406,0.6854504898086522
69,raw_shift,1.381812884784527e-14,1.7986248665756158e-10,0.008996011132622252,0.05290102555293724,1.880590000584964,0.014275030749047037,1.4724823230015036,3.4292443910210744,0.6791253004383309
69,retained_order_shuffle,4.6856461960344095e-17,1.7986248665756158e-10,0.00697041196950023,0.05345386087885454,1.8242625258238048,0.01248364981431255,1.4650335966310026,3.362204045117475,0.6825782031880628
69,source_event_shuffle,4.261557061480902e-21,1.7986248665756158e-10,0.01587020824824551,0.053245221377594715,1.8133332169068983,0.0356432659933064,1.4580532186070907,3.3761451311331356,0.6858460221046412
69,valid_prefix_invalid_suffix,4.826904631075968e-13,1.7986248665756158e-10,0.0107072620949036,0.08774444451659291,1.87317415050512,0.019151817903916644,1.4685755715531756,3.459353246573709,0.6809319311643762
69,geometry_matched_counterfeit,3.155136827293194e-39,1.7986248665756158e-10,0.0089477805748445,0.05316172137244477,1.7181257555120324,0.014779600689101736,1.4706231386709099,3.265637996819333,0.6799838610606176
69,genesis_valid_source_shuffled,2.35417700059077e-16,1.7986248665756158e-10,0.018750222288714945,0.05343377458799568,1.7987460404494346,0.041736410242499467,1.4604839184517664,3.373150366020411,0.6847045608407809
70,legitimate,0.9999999999980893,1.7914435012959248e-10,0.007113111389558026,0.05330940993443423,1.9042276145466785,0.01200683468446527,1.4588670344480639,3.4355240050031997,0.6854634290758878
70,raw_shift,1.4101703124096487e-14,1.7914435012959248e-10,0.008137751142087748,0.05277612011374122,1.8797258101212784,0.01321106696916513,1.4724395455788535,3.426290293925126,0.6791450304368198
70,retained_order_shuffle,5.4863790109292094e-17,1.7914435012959248e-10,0.007429671440150558,0.053503644336201424,1.825116634827005,0.012749219773587783,1.4650136336400772,3.363812804017022,0.6825875043318633
70,source_event_shuffle,4.871179189877412e-21,1.7914435012959248e-10,0.014924503182056278,0.05336062396447122,1.8139448134849836,0.03444238955530704,1.4580782928435019,3.37475062303032,0.6858342277686413
70,valid_prefix_invalid_suffix,4.564069064684626e-13,1.7914435012959248e-10,0.010913683246974814,0.0876857777722938,1.874377493806468,0.019394909418238526,1.4686025201761799,3.460974384420155,0.6809194361715838
70,geometry_matched_counterfeit,4.543149031147258e-39,1.7914435012959248e-10,0.008814194973273176,0.0531322231188105,1.7223379841659001,0.014907096919644269,1.4706104479364666,3.269801947114095,0.6799897290283168
70,genesis_valid_source_shuffled,2.697015456352072e-16,1.7914435012959248e-10,0.01860520828717172,0.053526986050921495,1.7997845870520726,0.041351672159292904,1.4604580161549243,3.373726469704383,0.6847167045796545
71,legitimate,0.999999999998132,1.7846904523228546e-10,0.007742976582239566,0.053181769117477254,1.903894502465922,0.012543943866120188,1.4588077270048887,3.4361709190366474,0.6854912964107093
71,raw_shift,1.4456563926122106e-14,1.7846904523228546e-10,0.008103772934975065,0.05261414005547681,1.8783444467195964,0.013375739585708302,1.4724360091374182,3.424874108433175,0.6791466615818145
71,retained_order_shuffle,6.428007082434016e-17,1.7846904523228546e-10,0.007680329405220242,0.05344114195720093,1.8250817103836685,0.012957684751139677,1.4650118377122354,3.364172704209465,0.6825883411018279
71,source_event_shuffle,5.5731631945759236e-21,1.7846904523228546e-10,0.014699913343642058,0.05340063162166389,1.8147603775237815,0.03403482776886255,1.4580811915044036,3.3749769417623536,0.6858328643323164
71,valid_prefix_invalid_suffix,4.3191152866393694e-13,1.7846904523228546e-10,0.01038795073163012,0.08754755323213254,1.8760937153144157,0.018576219435159143,1.4686400157106427,3.46124545442398,0.6809020517629388
71,geometry_matched_counterfeit,6.457058694676005e-39,1.7846904523228546e-10,0.008885087368668469,0.05311349861284913,1.7291284759864092,0.01464765236187624,1.4705991533970892,3.276373867726892,0.6799949515056676
71,genesis_valid_source_shuffled,3.1014838185032933e-16,1.7846904523228546e-10,0.018019096602461798,0.053625343189395325,1.800022664421969,0.040521729609896084,1.4604662338399639,3.372655067663686,0.6847128518468153
72,legitimate,0.9999999999981605,1.7787650530351273e-10,0.007878339592566685,0.05316341419932522,1.9032604985577188,0.012898547208301032,1.4588025900196433,3.436003389577555,0.685493710279933
72,raw_shift,1.4877767866389634e-14,1.7787650530351273e-10,0.007753669400930414,0.05264762417282293,1.877233977773244,0.012885716554762682,1.4724281076699621,3.422949095571722,0.6791503060757061
72,retained_order_shuffle,7.511405319176777e-17,1.7787650530351273e-10,0.008215703395186423,0.053354313838010856,1.8252377547365053,0.013405094084626847,1.4649914212623683,3.365204287316698,0.6825978538064374
72,source_event_shuffle,6.36216270473946e-21,1.7787650530351273e-10,0.01535834961365377,0.053348842680268155,1.8146014625946159,0.03441255589554669,1.4580978259614916,3.3758190367455763,0.6858250401265957
72,valid_prefix_invalid_suffix,4.0996077214137224e-13,1.7787650530351273e-10,0.009542446353576383,0.08732635573007454,1.876340439086042,0.017865432184672222,1.4686374867206642,3.4597121600750294,0.6809032242745224
72,geometry_matched_counterfeit,9.132502739158415e-39,1.7787650530351273e-10,0.008630354919013351,0.053159856168470784,1.7317145344554585,0.014339013363758406,1.470584232518639,3.27842799142534,0.6800018508874193
72,genesis_valid_source_shuffled,3.5678296324952077e-16,1.7787650530351273e-10,0.017805975636400566,0.0535822153033976,1.8004858223902525,0.04000961135624548,1.460448484557936,3.372332109244232,0.6847211733738285
73,legitimate,0.9999999999981921,1.7724842712501585e-10,0.00807199595588457,0.0531826644021222,1.9034013820633617,0.013036108245960585,1.4587975574867131,3.4364897081540424,0.685496075083502
73,raw_shift,1.534332311129323e-14,1.7724842712501585e-10,0.008057642692659362,0.05258513447300933,1.876266774679795,0.0131712981914332,1.472403224586597,3.422484074623494,0.6791617834708934
73,retained_order_shuffle,8.810977615499613e-17,1.7724842712501585e-10,0.007994974266953192,0.05340394343578524,1.8246022919240175,0.012960114506809978,1.4649939177908013,3.3639552419243675,0.682596690576386
73,source_event_shuffle,7.270676678516623e-21,1.7724842712501585e-10,0.015245027772656277,0.053230908409029415,1.81527366518619,0.0339539420931395,1.4581129838064821,3.3758165272674976,0.6858179106175903
73,valid_prefix_invalid_suffix,3.867405105720758e-13,1.7724842712501585e-10,0.010284233878156903,0.08745856202585545,1.8782288383565788,0.01839578780739211,1.468625706359148,3.462993128427131,0.6809086860379281
73,geometry_matched_counterfeit,1.2833400511050352e-38,1.7724842712501585e-10,0.007746717536000237,0.053183966086162424,1.7371003278295776,0.013275641582947502,1.470541506202664,3.281848159237352,0.6800216082175062
73,genesis_valid_source_shuffled,4.100966563707203e-16,1.7724842712501585e-10,0.01794883708418597,0.05349372812091893,1.8014842546612362,0.03981400529051701,1.4604465064816154,3.3731873316384737,0.6847221007824896
74,legitimate,0.9999999999982371,1.7661319521855072e-10,0.007253416050546951,0.053212003952941136,1.9036919634063114,0.012473234774436886,1.4587945590602847,3.4354251772445212,0.685497484061576
74,raw_shift,1.5875571873478395e-14,1.7661319521855072e-10,0.007524778473343157,0.05264338854838698,1.874769566660229,0.01259911741532965,1.4723877967310703,3.4199246478283594,0.6791688998093321
74,retained_order_shuffle,1.0304157878666303e-16,1.7661319521855072e-10,0.007724326716731961,0.05362554653061795,1.8250680154185226,0.01285733162126228,1.464991279249969,3.364266499537104,0.682597919975677
74,source_event_shuffle,8.298512095268508e-21,1.7661319521855072e-10,0.014630834638386263,0.053182520260448576,1.8160607810279248,0.03329922288002736,1.4581486967614061,3.3753220555681933,0.685801113576121
74,valid_prefix_invalid_suffix,3.636926437301694e-13,1.7661319521855072e-10,0.010060286481069713,0.08750088599081272,1.8789188595195856,0.01826377851810352,1.468610833657822,3.4633546441673935,0.6809155816370109
74,geometry_matched_counterfeit,1.7746809273659928e-38,1.7661319521855072e-10,0.007735948787944276,0.05312556770382784,1.7433193655848842,0.013372345088472275,1.4705289713098029,3.2880821984749313,0.680027404769746
74,genesis_valid_source_shuffled,4.706869959513925e-16,1.7661319521855072e-10,0.01735161482821891,0.05334128765629287,1.802632306321674,0.03901467954173289,1.4604487244313515,3.3727886127792703,0.6847210609108547
75,legitimate,0.9999999999982718,1.7598211017652842e-10,0.006710966485145638,0.05287992452338662,1.9036866436577768,0.011662245215963202,1.4587800697648616,3.433719849647134,0.6855042927476585
75,raw_shift,1.6359410036489987e-14,1.7598211017652842e-10,0.007615742979294562,0.052575065154720976,1.874410527162495,0.013117448321946409,1.4723548380609608,3.4200736216794176,0.6791841030084108
75,retained_order_shuffle,1.1984132137697946e-16,1.7598211017652842e-10,0.007872522735655333,0.05347927307196338,1.825734692594,0.01300395526408791,1.464976696176751,3.3650671398424574,0.6826047148792898
75,source_event_shuffle,9.399031449246285e-21,1.7598211017652842e-10,0.015197733650780525,0.05303435988202499,1.8171959416953283,0.03351339227218979,1.458173688714655,3.377115116214979,0.6857893594829693
75,valid_prefix_invalid_suffix,3.4047020746019556e-13,1.7598211017652842e-10,0.01008831245362513,0.08744103925137525,1.879496464562839,0.01808809476223757,1.4685975296490004,3.463711440679077,0.6809217500437541
75,geometry_matched_counterfeit,2.4326130176602915e-38,1.7598211017652842e-10,0.00795699708401361,0.05311616514194844,1.7450358803210662,0.013749351747802407,1.4705226608133675,3.290381055108198,0.6800303229910207
75,genesis_valid_source_shuffled,5.372530437852543e-16,1.7598211017652842e-10,0.017321090924758715,0.05332159366065976,1.8038956435835818,0.03863315945727494,1.4604229620143403,3.373594449640615,0.6847331396510323
76,legitimate,0.9999999999983081,1.7535516968224823e-10,0.006123100915691547,0.05298668769787319,1.9047153373476293,0.010986873690271081,1.4587656951802572,3.4335776948317225,0.6855110476634652
76,raw_shift,1.686288587854393e-14,1.7535516968224823e-10,0.007949131998504336,0.05270263039328685,1.8735965199398095,0.01322379274307097,1.4723275125231712,3.4197995875978426,0.6791967082682563
76,retained_order_shuffle,1.3934249913437465e-16,1.7535516968224823e-10,0.0076852637370476585,0.05307764533418076,1.8264281388427313,0.012923682270686028,1.4649327923427453,3.365047522527391,0.6826251724485723
76,source_event_shuffle,1.0688442614069807e-20,1.7535516968224823e-10,0.013832552278445764,0.053021085433470685,1.8181804881321164,0.031910065993377125,1.4581987841178032,3.375142975955213,0.6857775571411772
76,valid_prefix_invalid_suffix,3.174481030735976e-13,1.7535516968224823e-10,0.010556522939138115,0.08758606219934832,1.8801036918282537,0.018569594608604773,1.4685860392697885,3.4654019108451335,0.680927077650658
76,geometry_matched_counterfeit,3.300796901057727e-38,1.7535516968224823e-10,0.0075633066956889315,0.05325570302660253,1.750016795650852,0.01350856703385762,1.4705069910772044,3.294851363484206,0.6800375694004624
76,genesis_valid_source_shuffled,6.123434047062782e-16,1.7535516968224823e-10,0.01759513167180077,0.05323329755133353,1.8042333490145888,0.03866253761162179,1.4603879049154964,3.3741122207648413,0.6847495768984772
77,legitimate,0.9999999999983298,1.7482377913947996e-10,0.00666810853075904,0.052781855249215776,1.9050808613025425,0.011281269064550655,1.4587252369414547,3.4345373310885225,0.685530060544689
77,raw_shift,1.7452379765778815e-14,1.7482377913947996e-10,0.007707569552227982,0.052555021199504795,1.8733328890736451,0.013016259474459346,1.47230699610109,3.4189187354009274,0.6792061727932364
77,retained_order_shuffle,1.6291430276383853e-16,1.7482377913947996e-10,0.007127372265935828,0.05285574336273572,1.8260921024489432,0.012471903677164883,1.4649495785689213,3.363496700323701,0.6826173505407703
77,source_event_shuffle,1.2168617263379644e-20,1.7482377913947996e-10,0.013673870609415018,0.05302514824697433,1.819106731127818,0.031537883269465716,1.4582404006048149,3.375584033858488,0.6857579858463565
77,valid_prefix_invalid_suffix,2.9740660319755243e-13,1.7482377913947996e-10,0.00983360990905829,0.08762401708217031,1.8802938696409033,0.01782735580550259,1.4686012573879055,3.46418010982554,0.6809200216654853
77,geometry_matched_counterfeit,4.470779274867919e-38,1.7482377913947996e-10,0.0078656167421192,0.052939050065502764,1.7514859795714188,0.013792151152812054,1.4705459865726982,3.296628784104551,0.6800195363690473
77,genesis_valid_source_shuffled,6.985489250738129e-16,1.7482377913947996e-10,0.01737199254465295,0.053322301182988044,1.8054143760503945,0.03815823097499902,1.4604013506292153,3.37466825138225,0.6847432725036091
78,legitimate,0.9999999999983541,1.7435261608982776e-10,0.006988656386028488,0.052680105304037536,1.9057550389049043,0.011766350433299759,1.458716535988427,3.435906687016697,0.685534149594692
78,raw_shift,1.8075552863699792e-14,1.7435261608982776e-10,0.008085665516445609,0.05262145916932158,1.8736674009167744,0.013282518895885503,1.4723022156237708,3.419959260122198,0.6792083781350946
78,retained_order_shuffle,1.9123845198578357e-16,1.7435261608982776e-10,0.00693962750222309,0.053034157594920035,1.8261872497189786,0.011942745569252091,1.4649407355071538,3.3630445158925273,0.6826214711357187
78,source_event_shuffle,1.389217017144803e-20,1.7435261608982776e-10,0.013598650097511707,0.05299238492026358,1.8195246788437807,0.031330209518732985,1.458249353491115,3.3756952768714035,0.6857537756519463
78,valid_prefix_invalid_suffix,2.797060568599958e-13,1.7435261608982776e-10,0.009746936613940948,0.08769421495326366,1.87996398787624,0.01776930095284312,1.4686236020962862,3.4637980424925736,0.6809096616526862
78,geometry_matched_counterfeit,6.023277498517707e-38,1.7435261608982776e-10,0.008198593170512712,0.05283724833322458,1.7548023762725127,0.014046601437332398,1.4705360413094217,3.300420860523004,0.6800241353541333
78,genesis_valid_source_shuffled,8.002379300037877e-16,1.7435261608982776e-10,0.01698629276712316,0.05332888828397762,1.8058916478087916,0.0375523681312753,1.4603730006367388,3.3741321976279064,0.6847565653175789
79,legitimate,0.999999999998385,1.739122534708128e-10,0.007015992134321063,0.05265512142751491,1.9059636257828836,0.011597867747424164,1.4587040060076082,3.435936613099752,0.6855400381983496
79,raw_shift,1.8705131929560962e-14,1.739122534708128e-10,0.008841223662566927,0.052612354162671696,1.8724910892222655,0.014116355910483477,1.4723130600664422,3.42037408302443,0.6792033753700453
79,retained_order_shuffle,2.249040800801523e-16,1.739122534708128e-10,0.0067130270004411,0.053145434446896844,1.82591228584412,0.01153054639483952,1.4649294505755757,3.362230744261873,0.6826267296391862
79,source_event_shuffle,1.583253729540214e-20,1.739122534708128e-10,0.0136670078875271,0.052882781737795675,1.8205438189955598,0.031180068007887085,1.4582348634611841,3.376508540089954,0.6857605897756403
79,valid_prefix_invalid_suffix,2.6340234407030076e-13,1.739122534708128e-10,0.009710381842717499,0.08749698312545531,1.8798657298364856,0.01754318897698344,1.4686187685310899,3.463235052312732,0.6809119026844045
79,geometry_matched_counterfeit,8.021770022498888e-38,1.739122534708128e-10,0.008458928374752196,0.05292671331419807,1.7591721756010394,0.014613325467349655,1.470525673775273,3.3056968165326124,0.6800289296760352
79,genesis_valid_source_shuffled,9.17321493156345e-16,1.739122534708128e-10,0.01668427239196314,0.053211743759607806,1.8065428809646533,0.0370686839107489,1.4603613469919683,3.3738689280189416,0.684762029656787
80,legitimate,0.9999999999984017,1.735265646074163e-10,0.0074723538120005486,0.05284583631511104,1.906327166933605,0.0121491490242191,1.458702252562902,3.437496758647838,0.685540862257234
80,raw_shift,1.9416942807880196e-14,1.735265646074163e-10,0.00859882101795619,0.052369075982256486,1.8729055421625933,0.014318272018076651,1.472328636287169,3.4205203474680514,0.6791961898671403
80,retained_order_shuffle,2.6508015280565484e-16,1.735265646074163e-10,0.006650614204273952,0.053268009052841084,1.8265282592664336,0.011438449539191514,1.4649031342588914,3.362788466321631,0.6826389927170473
80,source_event_shuffle,1.807546922757693e-20,1.735265646074163e-10,0.01394315181616302,0.05285062612475454,1.8209444411041094,0.03129054113180661,1.4582459154205327,3.3772746755973664,0.685755392436782
80,valid_prefix_invalid_suffix,2.485340029055195e-13,1.735265646074163e-10,0.009770330290187153,0.08740778913060955,1.8803336664109633,0.017773816914453892,1.4686216194269266,3.4639072221731406,0.6809105808947189
80,geometry_matched_counterfeit,1.065979921573931e-37,1.735265646074163e-10,0.008554642818105834,0.05271048268948285,1.7623510947912204,0.014148698973980483,1.4704952554311592,3.308260174703949,0.6800429966061486
80,genesis_valid_source_shuffled,1.0537581658819137e-15,1.735265646074163e-10,0.016728442625619174,0.05331602071382241,1.8071718018707177,0.03690040134772758,1.460352703222675,3.374469369780562,0.6847660827358768
81,legitimate,0.9999999999984339,1.7313701773071433e-10,0.0072491992162325965,0.05274013385584849,1.9060225378441786,0.01163529734626136,1.4587142333012284,3.4363614015637496,0.6855352317605299
81,raw_shift,2.01943886362064e-14,1.7313701773071433e-10,0.008118002717197351,0.052323365352437146,1.872394309376593,0.013365374537746373,1.4723154632216844,3.418516515205658,0.6792022667549469
81,retained_order_shuffle,3.1008350724633824e-16,1.7313701773071433e-10,0.007302044602835161,0.05323508456717216,1.8273226586754532,0.012309055511948214,1.4649155601397919,3.3650844034972005,0.6826332023554371
81,source_event_shuffle,2.0610236305687115e-20,1.7313701773071433e-10,0.01335412215062317,0.05270066811524195,1.8220187338522886,0.03039700841697681,1.4582398996282293,3.37671043216336,0.685758221437698
81,valid_prefix_invalid_suffix,2.34018375883306e-13,1.7313701773071433e-10,0.009571478961692187,0.08759312474354501,1.8804266348048193,0.017527293432738063,1.468597427395276,3.4637159593380704,0.6809217974541497
81,geometry_matched_counterfeit,1.396851786148557e-37,1.7313701773071433e-10,0.008164658535849028,0.05258554483886178,1.7686045576426022,0.013656221410275289,1.4704747418658113,3.3134857242933995,0.680052483410684
81,genesis_valid_source_shuffled,1.2111289485510903e-15,1.7313701773071433e-10,0.016115388576964183,0.05311993147294912,1.8075210135947342,0.036019847690926546,1.4603170564582628,3.373093237793837,0.6847827980752758
82,legitimate,0.9999999999984539,1.7280518227423415e-10,0.007612601427273875,0.05260636418005683,1.9059521212759614,0.012422339897519473,1.4586943903621956,3.437287817143007,0.6855445572463195
82,raw_shift,2.102862243566941e-14,1.7280518227423415e-10,0.008486786606404216,0.052078230153910963,1.8725691557646726,0.013497765172717318,1.4722560124833468,3.418887950181052,0.6792296934225216
82,retained_order_shuffle,3.6440668541016975e-16,1.7280518227423415e-10,0.0073537521300170595,0.05314156003856054,1.8264905806489555,0.012021328257647144,1.4649038359993125,3.3639110570744926,0.6826386657089786
82,source_event_shuffle,2.3556461121617406e-20,1.7280518227423415e-10,0.013231206523095458,0.05290521563418994,1.8221687569087859,0.03001278408930312,1.4582369994338167,3.376554962589191,0.6857595852984169
82,valid_prefix_invalid_suffix,2.2113844568514529e-13,1.7280518227423415e-10,0.009134071113934177,0.0877328646564139,1.8803966063554491,0.01716212132668371,1.468594283348292,3.463019946800773,0.6809232552087848
82,geometry_matched_counterfeit,1.8188947456793065e-37,1.7280518227423415e-10,0.008015871241707127,0.05266071170220625,1.7725174689238683,0.013627517007527849,1.470462587467895,3.3172841563432045,0.6800581045183258
82,genesis_valid_source_shuffled,1.3939001159832966e-15,1.7280518227423415e-10,0.016089664234262585,0.05299729673756641,1.808323778881718,0.0356876863094037,1.4603017923393429,3.3734002185022938,0.6847899559149216
83,legitimate,0.999999999998483,1.7246212657473927e-10,0.007331215284965952,0.05263485523588517,1.9056400497047516,0.01190592187262809,1.458695353004832,3.4362073951030627,0.6855441048321683
83,raw_shift,2.18845803107011e-14,1.7246212657473927e-10,0.008583759507298826,0.052132769371304184,1.8716422748176624,0.013481464796292579,1.4722317581635644,3.418072026656122,0.6792408834094911
83,retained_order_shuffle,4.263982158063576e-16,1.7246212657473927e-10,0.007560993278827857,0.05304745225715396,1.826518566695196,0.012793003754727049,1.464876844137312,3.3647968601232168,0.6826512440282653
83,source_event_shuffle,2.6864420520756277e-20,1.7246212657473927e-10,0.013066046927350684,0.052871706270666896,1.8225934904612058,0.02970378419043658,1.4582439065876804,3.3764789344373405,0.685756337112741
83,valid_prefix_invalid_suffix,2.0813033426080996e-13,1.7246212657473927e-10,0.009779486774613605,0.08726398599467533,1.8806673530373081,0.01750581525927837,1.4685473294712768,3.463763970537152,0.6809450263741673
83,geometry_matched_counterfeit,2.3374202800870158e-37,1.7246212657473927e-10,0.008147829653098886,0.052831719911929184,1.7772068907161618,0.01359074022891501,1.4704216496841704,3.3221988301942753,0.6800770379117569
83,genesis_valid_source_shuffled,1.6002250965777954e-15,1.7246212657473927e-10,0.016045305688093155,0.0528405187505847,1.808880649951503,0.03542125579747657,1.460274825028991,3.3734625552166486,0.6848026021257243
84,legitimate,0.9999999999985092,1.7212916141001014e-10,0.007299036462650911,0.0525971158957049,1.9059558618457035,0.011641855814136438,1.4586769052853577,3.4361707753035535,0.685552774829813
84,raw_shift,2.2775074505607213e-14,1.7212916141001014e-10,0.00903144339766116,0.05200676410611815,1.8706135709035872,0.014161895039787858,1.4722278195435021,3.418041492990657,0.6792427005683133
84,retained_order_shuffle,5.000798945103054e-16,1.7212916141001014e-10,0.007259098166773004,0.053140695921333976,1.8264729076430024,0.011993561867034232,1.46485260890812,3.3637188725062632,0.6826625381402166
84,source_event_shuffle,3.0510382214873274e-20,1.7212916141001014e-10,0.013237894564013508,0.052854481925518615,1.824224345687331,0.029744398676534604,1.4582622579618956,3.3783233788152933,0.6857477072719191
84,valid_prefix_invalid_suffix,1.9532386056021913e-13,1.7212916141001014e-10,0.00991741207308841,0.08736285565896582,1.881398063721113,0.01783304554522983,1.468525528387337,3.465036905385734,0.6809551353844577
84,geometry_matched_counterfeit,2.969450673866229e-37,1.7212916141001014e-10,0.008110327756601367,0.05306643849729071,1.7820263619598211,0.01374662019170703,1.4704350720845092,3.3273848204899297,0.6800708300441418
84,genesis_valid_source_shuffled,1.8358651559858218e-15,1.7212916141001014e-10,0.015741736105610166,0.052963264570258184,1.8098433520161372,0.03491875403192658,1.4602620593353808,3.373729166059313,0.6848085887088491
85,legitimate,0.9999999999985139,1.71851432114432e-10,0.007314149378007166,0.052748214303125054,1.9059608513608286,0.012134708550512859,1.4586723078336168,3.4368302314260903,0.6855549355589783
85,raw_shift,2.3792083021761428e-14,1.71851432114432e-10,0.008513462251508659,0.05186334089936641,1.8704175890654138,0.013980141848452251,1.4721983497811457,3.4169728838458866,0.6792562973237852
85,retained_order_shuffle,5.884961918870968e-16,1.71851432114432e-10,0.0073584357618707965,0.05323668162393285,1.825112007300367,0.012307015562079396,1.4648149179408154,3.3628290581890656,0.6826801036436054
85,source_event_shuffle,3.477552248977944e-20,1.71851432114432e-10,0.012317885624694812,0.05258147908885538,1.8255886573360292,0.02858593901786665,1.4582804810920236,3.3773544421594694,0.6857391379535565
85,valid_prefix_invalid_suffix,1.8361172880063208e-13,1.71851432114432e-10,0.009789479653100753,0.08705398331184261,1.881991900056734,0.017568820240479493,1.4685331598935172,3.464937343155674,0.6809515966742223
85,geometry_matched_counterfeit,3.789098793335684e-37,1.71851432114432e-10,0.007871063109718513,0.052621980585372555,1.7815943883416998,0.01351981183584874,1.4704269748235284,3.3260342186961678,0.6800745750182824
85,genesis_valid_source_shuffled,2.1134696255810924e-15,1.71851432114432e-10,0.015444155822239106,0.05259261771680155,1.8101834377578885,0.03433916580216414,1.4602639796667898,3.372823356765883,0.6848076881460328
86,legitimate,0.9999999999985335,1.715813834006874e-10,0.007179103328269348,0.05271761776883789,1.906585881995083,0.011927015786675037,1.458688409544084,3.437098028422949,0.6855473680709463
86,raw_shift,2.4964261778963192e-14,1.715813834006874e-10,0.00827782600629895,0.05189095467751035,1.8692324228423574,0.013675151424198968,1.4721614943445893,3.415237849294955,0.6792733024468425
86,retained_order_shuffle,6.942353161600244e-16,1.715813834006874e-10,0.007053356074320905,0.053000627281629284,1.8253355506013802,0.011771208585165262,1.464827958829495,3.361988701371991,0.6826740259638466
86,source_event_shuffle,3.958302794937108e-20,1.715813834006874e-10,0.012913279908031941,0.05272190558775723,1.8253574060841455,0.02894769602126382,1.458300160508514,3.3782404481097124,0.6857298840657321
86,valid_prefix_invalid_suffix,1.7254368003103857e-13,1.715813834006874e-10,0.009680249874575641,0.08688948963303961,1.8828349116741057,0.01742184902202034,1.4685319539073478,3.4653584541110893,0.6809521558845312
86,geometry_matched_counterfeit,4.796338440253954e-37,1.715813834006874e-10,0.008250077305777608,0.05278618368073092,1.7845196390855615,0.013940955898249013,1.4704536286124545,3.3299504845827737,0.680062247826303
86,genesis_valid_source_shuffled,2.4340912411363453e-15,1.715813834006874e-10,0.015228838456417634,0.0525347114627944,1.8108692433277813,0.033998742126779266,1.4602653518452884,3.372896887219061,0.6848070446476549
87,legitimate,0.9999999999985394,1.7136166201662062e-10,0.007443506383967196,0.05272220323847597,1.9072293388805646,0.012282061018839122,1.4586939857823944,3.438371095304241,0.6855447473872835
87,raw_shift,2.628525622806569e-14,1.7136166201662062e-10,0.008402268581448033,0.05206422407217699,1.868615912276584,0.01370859830987442,1.4721424061459407,3.414933409386024,0.6792821100891465
87,retained_order_shuffle,8.221956333606298e-16,1.7136166201662062e-10,0.006637703794891234,0.053055390419988524,1.8254338254961753,0.011531756928660857,1.4648181512931455,3.3614768279328615,0.6826785967362109
87,source_event_shuffle,4.5206343883835735e-20,1.7136166201662062e-10,0.01263209753795289,0.05294570460085475,1.8255772943962683,0.02853663277417074,1.4582989163820341,3.3779906456912805,0.6857304690861947
87,valid_prefix_invalid_suffix,1.6263075615361452e-13,1.7136166201662062e-10,0.009427585461935775,0.08689493196227072,1.8831781178041207,0.017254672280168925,1.4685103743982755,3.4652656819067715,0.6809621623601285
87,geometry_matched_counterfeit,6.082075922952069e-37,1.7136166201662062e-10,0.007549363832876989,0.05300522591300133,1.786114711131533,0.013298163800609504,1.4704521440213028,3.330419608699324,0.6800629344276317
87,genesis_valid_source_shuffled,2.8120499455552003e-15,1.7136166201662062e-10,0.014529840773608022,0.05270582695780539,1.8122330605481929,0.03303768790776724,1.460255472108719,3.3727618882960924,0.6848116778870648
88,legitimate,0.9999999999985495,1.711613961023802e-10,0.007411983405930988,0.05276182113309659,1.9075132069492304,0.012302043701894754,1.4586323502074787,3.4386214053976314,0.6855737155811055
88,raw_shift,2.7646898386510476e-14,1.711613961023802e-10,0.008929758492295036,0.05207499380523062,1.8685975040687028,0.013921054471426619,1.4721411103352986,3.415664421172954,0.6792827080080424
88,retained_order_shuffle,9.743389123431932e-16,1.711613961023802e-10,0.0066214895841920935,0.05291344949386094,1.825775309182024,0.011346967615845732,1.464791080942254,3.3614482968181765,0.6826912131081975
88,source_event_shuffle,5.1703809264920674e-20,1.711613961023802e-10,0.012177854140113967,0.05271929743939524,1.8264083492720748,0.02794761392581575,1.4583255494518104,3.37757866422921,0.6857179457456842
88,valid_prefix_invalid_suffix,1.5349109871197602e-13,1.711613961023802e-10,0.009202511891979884,0.08684872579032765,1.8835016729969565,0.016870658375090677,1.4684886340542638,3.4649122031086184,0.680972243712701
88,geometry_matched_counterfeit,7.694363020382577e-37,1.711613961023802e-10,0.008076886580208364,0.05279471493789041,1.786595329468944,0.013837483429427408,1.4704343032138416,3.331738717630312,0.6800711856441927
88,genesis_valid_source_shuffled,3.2483154314814567e-15,1.711613961023802e-10,0.014402607924528153,0.052866644579120804,1.8128314963040493,0.032681718004205135,1.4602831213948282,3.3730655882067317,0.6847987115288734
89,legitimate,0.9999999999985545,1.709848564252268e-10,0.007504834321359496,0.052873813769909184,1.907902024956791,0.012504369459963513,1.4586049632172113,3.439390005725235,0.6855865880182284
89,raw_shift,2.9072150225560154e-14,1.709848564252268e-10,0.009464237577902164,0.05218343017005419,1.868230757592902,0.014539910737055392,1.4721229735505326,3.416541309628446,0.6792910768770104
89,retained_order_shuffle,1.1562878386737638e-15,1.709848564252268e-10,0.0070455462170292,0.05278899333768035,1.8253529386828298,0.011609426670355062,1.4647700048049295,3.361566909712824,0.6827010361477945
89,source_event_shuffle,5.933326676022791e-20,1.709848564252268e-10,0.011979475299199497,0.05274232705927463,1.8262562288991597,0.027506907133507126,1.4583420306831705,3.376826969074312,0.6857101962082823
89,valid_prefix_invalid_suffix,1.4488786570531094e-13,1.709848564252268e-10,0.009292770714840174,0.08676781925292089,1.8842539211543663,0.01683590975760285,1.4684588908560414,3.4656093117357716,0.6809860366030263
89,geometry_matched_counterfeit,9.746206197081262e-37,1.709848564252268e-10,0.008209058216139611,0.052546893249818045,1.7868704580904893,0.013901647811234562,1.4704118957169914,3.3319399530846727,0.680081549198102
89,genesis_valid_source_shuffled,3.759490925009215e-15,1.709848564252268e-10,0.013996517017954036,0.05295388613010478,1.8135412631721162,0.03215572909256077,1.4603121454203452,3.372959540833081,0.6847851010036581
90,legitimate,0.9999999999985637,1.7081207625169e-10,0.007345394272765285,0.05305664410899388,1.9080842257302932,0.011975165653296338,1.4586043868851697,3.439065816650518,0.6855868589110912
90,raw_shift,3.0618828765998097e-14,1.7081207625169e-10,0.009008065292704221,0.05209885145002363,1.868322486936856,0.013971426903310458,1.47210386794285,3.4155046985257442,0.6792998930136294
90,retained_order_shuffle,1.3638889777685529e-15,1.7081207625169e-10,0.007946062189414106,0.052812661844728284,1.8257744497187,0.012728287511915407,1.46474734317567,3.3640088044404277,0.6827115984593415
90,source_event_shuffle,6.796846002845995e-20,1.7081207625169e-10,0.011952502352831407,0.05273946724454112,1.8268918472841813,0.027363606122222217,1.4583576505279754,3.377305073531751,0.6857028518597666
90,valid_prefix_invalid_suffix,1.3634684616005144e-13,1.7081207625169e-10,0.00967319708922382,0.0866313098696264,1.8846109887175115,0.017301680551588084,1.4684659698426554,3.466683146070605,0.6809827537955684
90,geometry_matched_counterfeit,1.2315084902182368e-36,1.7081207625169e-10,0.007819896458994544,0.0526767502685921,1.788534915265552,0.01333194061776984,1.4703628483752114,3.3327263509861202,0.6801042348856646
90,genesis_valid_source_shuffled,4.363926572878691e-15,1.7081207625169e-10,0.013263738448773425,0.0527074171386516,1.813883678448408,0.03114027389930637,1.4603031240644204,3.3712982319995595,0.6847893314199507
91,legitimate,0.9999999999985775,1.7063790895385293e-10,0.0072473206573512375,0.052747294548377344,1.908146921729041,0.0120384956996465,1.458574707878262,3.438754740512678,0.6856008091990068
91,raw_shift,3.222935532836553e-14,1.7063790895385293e-10,0.00925328297454924,0.052351613839716926,1.867255432570735,0.014496099123154662,1.4720971508557539,3.4154535793639096,0.679302992616494
91,retained_order_shuffle,1.6032078630733069e-15,1.7063790895385293e-10,0.007966684826412343,0.05297390036666627,1.826670427970157,0.012918598808555184,1.4647404126330483,3.3652700246048393,0.682714828766767
91,source_event_shuffle,7.774072908189951e-20,1.7063790895385293e-10,0.011609589280164909,0.052790190218341984,1.8281065561330319,0.026830383719908646,1.4583564168978376,3.377693136249285,0.6857034318988393
91,valid_prefix_invalid_suffix,1.2775407493023609e-13,1.7063790895385293e-10,0.00974130396670561,0.08664609676126564,1.885960942100706,0.01749692250733806,1.4684980443965197,3.4683433097325347,0.6809678799466719
91,geometry_matched_counterfeit,1.546861974959392e-36,1.7063790895385293e-10,0.008153340411628714,0.05256575017101084,1.790617874404593,0.01341882563185744,1.4703678072810378,3.335123597900128,0.6801019411923206
91,genesis_valid_source_shuffled,5.045757212797432e-15,1.7063790895385293e-10,0.013331853198185714,0.05273283485036323,1.8154139182520124,0.03098296967691387,1.4603043044924633,3.3727658804699385,0.6847887778746877
92,legitimate,0.9999999999985836,1.704989669403369e-10,0.0071412468489241475,0.05286732937162385,1.908886108444259,0.011655535582774445,1.458576621515974,3.4391268417635557,0.6855999096977092
92,raw_shift,3.4109664315462696e-14,1.704989669403369e-10,0.008841817382829598,0.05215163509390312,1.8663343534937291,0.01394843131489032,1.4720764855045259,3.4133527227898783,0.6793125288295039
92,retained_order_shuffle,1.8876741841286844e-15,1.704989669403369e-10,0.007426027450348624,0.05304631643184706,1.8274203313614739,0.012255384477747126,1.4647338073342602,3.3648818670556766,0.6827179075073604
92,source_event_shuffle,8.899245406116206e-20,1.704989669403369e-10,0.011352330206667179,0.05284844455770504,1.8286662762175843,0.0264353491947361,1.4583824977402804,3.377684897916973,0.6856911691877895
92,valid_prefix_invalid_suffix,1.1979221911896393e-13,1.704989669403369e-10,0.009766665307326953,0.08672996828658451,1.8861013000551852,0.01730254852958771,1.46847562850268,3.4683761106813646,0.6809782747420697
92,geometry_matched_counterfeit,1.9409019436163026e-36,1.704989669403369e-10,0.007542534564284067,0.05256885827245568,1.7926717848037501,0.012828807910894146,1.4703673844338316,3.335979369985216,0.6801021367755529
92,genesis_valid_source_shuffled,5.8224109078443876e-15,1.704989669403369e-10,0.013512870399299787,0.05269088171318163,1.8165775380852938,0.030999378017467126,1.4602704067189043,3.3740510749341466,0.6848046741188499
93,legitimate,0.9999999999985991,1.7037008960789596e-10,0.007132261329577575,0.05286993941977386,1.9086610272294,0.011731846481887949,1.4585692585956826,3.438964333056322,0.6856033706355131
93,raw_shift,3.61373651609231e-14,1.7037008960789596e-10,0.009087201549500466,0.05229776319903119,1.8652891756392518,0.013932832912571289,1.4721088957058803,3.412715869006235,0.6792975729686255
93,retained_order_shuffle,2.2189285595537826e-15,1.7037008960789596e-10,0.007650251117844985,0.05283285020508505,1.8275790222286772,0.012727652086505649,1.464684117562081,3.365473893200194,0.6827410688818029
93,source_event_shuffle,1.017262925544753e-19,1.7037008960789596e-10,0.010701735509531279,0.05300377032346428,1.8305256539188473,0.025548420755254056,1.4583964707950994,3.378176051302196,0.6856845995063018
93,valid_prefix_invalid_suffix,1.1226760581081318e-13,1.7037008960789596e-10,0.00974785243919593,0.08657095189509086,1.886585193877544,0.01711577359631191,1.4684324592869495,3.4684522310950925,0.6809982942518975
93,geometry_matched_counterfeit,2.4135797929727338e-36,1.7037008960789596e-10,0.007750745369184345,0.0525766671291584,1.796224834509518,0.013006192759362736,1.4703339604474595,3.339892400214683,0.6801175970214308
93,genesis_valid_source_shuffled,6.704178169902255e-15,1.7037008960789596e-10,0.013470335352020255,0.05269720754388892,1.8176795881980305,0.030758686614137443,1.4602600979931746,3.3748659157012515,0.6848095085066235
94,legitimate,0.9999999999986063,1.7027237339597784e-10,0.007191826093750383,0.05293130852521709,1.908959366006462,0.011882870293717155,1.4585429809339883,3.439508351853135,0.6856157227250064
94,raw_shift,3.8366193544567743e-14,1.7027237339597784e-10,0.00887480895274709,0.05231573043724629,1.8652918946641188,0.013698427861058068,1.4721232538769715,3.412304115792142,0.6792909475242214
94,retained_order_shuffle,2.6194528376901836e-15,1.7027237339597784e-10,0.007305746625570111,0.052566229433444425,1.8273726251282054,0.012173507239442972,1.4646625130457038,3.3640806214723664,0.682751139659523
94,source_event_shuffle,1.161550345153798e-19,1.7027237339597784e-10,0.010791775266559792,0.05288459814819384,1.8316573574276633,0.025467853630646575,1.4584158569004666,3.3792174413735303,0.6856754849908281
94,valid_prefix_invalid_suffix,1.0520346526530518e-13,1.7027237339597784e-10,0.009856342003223684,0.08652023503117737,1.8867645380138998,0.017493049887045913,1.4684146957441158,3.4690488606794627,0.6810065323486727
94,geometry_matched_counterfeit,2.9923617440349135e-36,1.7027237339597784e-10,0.007744424459109099,0.05260530336545234,1.798013382136546,0.013109877527068083,1.4703299462359745,3.34180293372415,0.6801194538399471
94,genesis_valid_source_shuffled,7.71665881308071e-15,1.7027237339597784e-10,0.013598090595520718,0.05250972857932971,1.8184529555532551,0.030789784549897267,1.4602257313762252,3.3755762906542284,0.6848256255942466
95,legitimate,0.9999999999986144,1.7018963643186221e-10,0.00679028851502438,0.05277748768249315,1.9093121767811743,0.011391111842112854,1.458535743105235,3.4388068079260394,0.6856191250202295
95,raw_shift,4.062720088520381e-14,1.7018963643186221e-10,0.008735604272473028,0.052067485402855634,1.8660001013303933,0.013872897939076187,1.472102937423496,3.4127790263682938,0.6793003224005163
95,retained_order_shuffle,3.09128531806398e-15,1.7018963643186221e-10,0.007257256513506225,0.05253783082612796,1.8267612891198544,0.012298918337231426,1.4646690087774834,3.3635243035742035,0.6827481116933076
95,source_event_shuffle,1.321123647083967e-19,1.7018963643186221e-10,0.010869825901469838,0.0529924907378629,1.8325749497327388,0.025435724212089242,1.4584215423195526,3.3802945329037133,0.6856728119965148
95,valid_prefix_invalid_suffix,9.851645332816449e-14,1.7018963643186221e-10,0.009601706082156209,0.0863853539875267,1.8870531515059177,0.017181928791489484,1.4684358795826609,3.4686580199497508,0.6809967080637789
95,geometry_matched_counterfeit,3.6939540862245856e-36,1.7018963643186221e-10,0.007338007152456425,0.052613808052142656,1.7997855853365345,0.01299386943903772,1.4703325852837024,3.343063855263874,0.6801182331176987
95,genesis_valid_source_shuffled,8.847689805428943e-15,1.7018963643186221e-10,0.013693502254886955,0.052472395711291586,1.8196253174006274,0.03063506266488145,1.4602101153996432,3.3766363934313306,0.6848329493491085
96,legitimate,0.9999999999986262,1.7011720814102005e-10,0.0063702444494397326,0.05246009219298482,1.909268381445137,0.010777329240685517,1.4585430619599684,3.437419109288215,0.6856156846372136
96,raw_shift,4.280523823807443e-14,1.7011720814102005e-10,0.008965689614803022,0.052035566745805464,1.8661722801998115,0.01443158159917073,1.4720764143010496,3.4136815324606404,0.679312561687454
96,retained_order_shuffle,3.631843009105756e-15,1.7011720814102005e-10,0.007757148696346457,0.05257159002680264,1.8264552986321043,0.012730261675217722,1.4646533236763248,3.3641676227067956,0.6827554233028363
96,source_event_shuffle,1.4983097084335524e-19,1.7011720814102005e-10,0.010703114886318147,0.05288272679395617,1.8329194811260687,0.025235846925073628,1.4584711261952839,3.3802122959267002,0.6856495010684533
96,valid_prefix_invalid_suffix,9.225000969858499e-14,1.7011720814102005e-10,0.008987484192049446,0.08625858733035897,1.8871117339139958,0.01650851186705229,1.4684260579115258,3.4672923752149822,0.6810012629582352
96,geometry_matched_counterfeit,4.525350113088689e-36,1.7011720814102005e-10,0.007514467460341674,0.052644695889435135,1.8016784556166756,0.012987463221415373,1.470322438554305,3.345147520742173,0.6801229266294677
96,genesis_valid_source_shuffled,1.0100145703503943e-14,1.7011720814102005e-10,0.01337326430905461,0.052831429971959706,1.820669671587765,0.030143826882811003,1.4602220693439047,3.377240262095495,0.6848273430409471
97,legitimate,0.9999999999986272,1.7008928656809766e-10,0.00672299029361176,0.05251234101648551,1.9099815031580194,0.011151714412422315,1.4585001666511546,3.4388687155316937,0.6856358489794554
97,raw_shift,4.5467514354595584e-14,1.7008928656809766e-10,0.008577904415776036,0.05209004916011621,1.8652788625809518,0.013466670586787126,1.4720290392920656,3.411442526035697,0.6793344243259305
97,retained_order_shuffle,4.28897049543004e-15,1.7008928656809766e-10,0.007593529142887161,0.05267667701896689,1.8258104302794727,0.012536934876205455,1.4646572846933756,3.363274856010908,0.6827535768600531
97,source_event_shuffle,1.7019760899834297e-19,1.7008928656809766e-10,0.010637809272650057,0.052797661089574205,1.8340828235128526,0.024974001855891603,1.4584435242618305,3.380935819992799,0.6856624774035571
97,valid_prefix_invalid_suffix,8.644716478913494e-14,1.7008928656809766e-10,0.0092060242761932,0.08633243637147428,1.887716910538488,0.016752658059362022,1.468392037388116,3.4684000666336336,0.6810170407742534
97,geometry_matched_counterfeit,5.543288220088286e-36,1.7008928656809766e-10,0.007558575372228995,0.05265604052064171,1.8033144822068785,0.012819070148725022,1.4702964931931088,3.346644661441583,0.6801349283142102
97,genesis_valid_source_shuffled,1.1558984149456109e-14,1.7008928656809766e-10,0.013082354635159141,0.05307841378095758,1.8212819072346482,0.029892047740899555,1.4602098406829414,3.377544564074606,0.6848330781902134
98,legitimate,0.9999999999986444,1.7007250206130752e-10,0.006274397567248579,0.05266264836778119,1.9105347589933088,0.010865652375358416,1.4584863898336335,3.4388238471373307,0.6856423254745692
98,raw_shift,4.827988648757737e-14,1.7007250206130752e-10,0.008587703217930247,0.05241834703028189,1.8649960165148796,0.01355832505272441,1.4719830260627833,3.4115434178785993,0.6793556598769338
98,retained_order_shuffle,5.057636888430695e-15,1.7007250206130752e-10,0.008008525310452404,0.05263041261761535,1.825426504540712,0.013190093636230436,1.464635297518539,3.3638908336235493,0.6827638263892637
98,source_event_shuffle,1.9379864386750713e-19,1.7007250206130752e-10,0.010144160020816412,0.0527163824917959,1.8342571180383165,0.024195391090227655,1.458483734590613,3.3797967862317693,0.6856435737209199
98,valid_prefix_invalid_suffix,8.119021011569721e-14,1.7007250206130752e-10,0.008705410821068982,0.08627732948049308,1.8877756311775247,0.016211359623663234,1.4683717254930517,3.4673414565958014,0.6810264612407668
98,geometry_matched_counterfeit,6.695496099672865e-36,1.7007250206130752e-10,0.008815956611700884,0.052923099463273476,1.806792427758256,0.014184590200089895,1.4702681321001922,3.3529842061335127,0.6801480479414922
98,genesis_valid_source_shuffled,1.3240657798067929e-14,1.7007250206130752e-10,0.012411253728622076,0.05326854633363934,1.8223438131916256,0.02885220912452888,1.4602074570907415,3.3770832794691574,0.6848341960880678
99,legitimate,0.9999999999986378,1.701127430969594e-10,0.006736603434780471,0.05259412982887976,1.9110849039677968,0.011501648333078408,1.458468204627668,3.4403854901922033,0.6856508745446606
99,raw_shift,5.1581696070861227e-14,1.701127430969594e-10,0.00770381721960612,0.05249943860355798,1.8653716006031966,0.01277157781717417,1.4719700390629042,3.4103164733064393,0.6793616537434111
99,retained_order_shuffle,5.9882218691555975e-15,1.701127430969594e-10,0.008036116064944074,0.0525089452112885,1.8256426351042792,0.012823276481990206,1.4646039891240625,3.3636149619865643,0.6827784216241324
99,source_event_shuffle,2.212241932448295e-19,1.701127430969594e-10,0.010185799058271468,0.05263783576430493,1.834807604764814,0.024093082710298672,1.4584989249221711,3.3802232472198606,0.685636432712423
99,valid_prefix_invalid_suffix,7.629811042534664e-14,1.701127430969594e-10,0.009030234725559375,0.08628449658662939,1.8882970888806512,0.016644812524123857,1.4683772674321676,3.468633900149131,0.6810238909155049
99,geometry_matched_counterfeit,8.124065070944775e-36,1.701127430969594e-10,0.009029782144178952,0.05274785657179651,1.805712107950914,0.014711848599020961,1.4702768144809024,3.352478409746813,0.6801440314840242
99,genesis_valid_source_shuffled,1.515458243115335e-14,1.701127430969594e-10,0.0128428960082644,0.05316158714487403,1.823580662344402,0.029231502872517898,1.4602003304515612,3.3790169788216193,0.6848375384830202
100,legitimate,0.9999999999986284,1.7018495188755699e-10,0.0066393160981864366,0.05278090586836915,1.911329819457585,0.011184303187310847,1.4584518965892552,3.4403862412007067,0.6856585413184678
100,raw_shift,5.5172559671233856e-14,1.7018495188755699e-10,0.007941558143990337,0.05226249268996995,1.8645587207159844,0.013084595221249757,1.471948492597233,3.4097958593684274,0.6793715982779002
100,retained_order_shuffle,7.102269399675603e-15,1.7018495188755699e-10,0.0076486838081509965,0.05230928583097707,1.8255630057228371,0.012707183494387222,1.4646036057242349,3.362831764580587,0.6827786003599543
100,source_event_shuffle,2.529798221825415e-19,1.7018495188755699e-10,0.009755292885481538,0.05253627385472018,1.8351711591420437,0.02346788573760724,1.458486040969881,3.3794166525897333,0.6856424894773419
100,valid_prefix_invalid_suffix,7.177741991805801e-14,1.7018495188755699e-10,0.008891164666389438,0.0860861257014367,1.8882598205556715,0.016533101214942378,1.4683788618549845,3.468149073993424,0.6810231514333054
100,geometry_matched_counterfeit,9.9131750131156e-36,1.7018495188755699e-10,0.008726956531210212,0.05272272130589653,1.803832331963396,0.014372157509868054,1.4702620609809463,3.349916228291317,0.6801508564611525
100,genesis_valid_source_shuffled,1.7328070723260476e-14,1.7018495188755699e-10,0.012706192532001177,0.05318693032491634,1.824433172698161,0.029000142953212658,1.4601394323420882,3.3794658708503795,0.6848661010370243
101,legitimate,0.9999999999986311,1.7027793854408548e-10,0.006963908680616861,0.052823961024399825,1.9111286421909772,0.011620982317129236,1.4584242436181605,3.440961737831284,0.6856715419908763
101,raw_shift,5.894465654083544e-14,1.7027793854408548e-10,0.008204046199248952,0.05230412689308177,1.8652785324210581,0.013187622313535563,1.4719268387886384,3.410901166615563,0.6793815926486569
101,retained_order_shuffle,8.433770748244636e-15,1.7027793854408548e-10,0.007620436374322001,0.052501989190374444,1.8254075384762127,0.01277160314382104,1.464555804115339,3.362857371300069,0.6828008855576403
101,source_event_shuffle,2.8962821011794538e-19,1.7027793854408548e-10,0.009365926456326822,0.05263313981877828,1.8359414073778113,0.023000218358645203,1.4585263480615693,3.379467040073131,0.6856235414105307
101,valid_prefix_invalid_suffix,6.772444507542744e-14,1.7027793854408548e-10,0.008631681493331366,0.08626634335506854,1.8879793652127723,0.016130829074321354,1.4683729489806878,3.4673811681161815,0.6810258937912944
101,geometry_matched_counterfeit,1.2033987131566596e-35,1.7027793854408548e-10,0.008853893040523711,0.052530714998369366,1.8066587301374644,0.014554759334681717,1.470240810477633,3.352838907988672,0.6801606871963122
101,genesis_valid_source_shuffled,1.986887473594523e-14,1.7027793854408548e-10,0.012274914602124641,0.05297944147372305,1.825150558950494,0.028240911010371447,1.4601219790856428,3.3787678051223557,0.6848742874377931
102,legitimate,0.9999999999986334,1.7040302135348285e-10,0.00700101757597062,0.05294020526513839,1.9107135263036583,0.011645788584315045,1.4584206944041063,3.4407212321331886,0.6856732106418237
102,raw_shift,6.31072379322875e-14,1.7040302135348285e-10,0.008142248363259155,0.0521789600433918,1.8644477914100663,0.01300853638224976,1.4719271096811115,3.409704645880079,0.6793814676157266
102,retained_order_shuffle,1.0018556876087557e-14,1.7040302135348285e-10,0.00705879368085461,0.05235715775123873,1.8264808745513037,0.012052913117182828,1.464500998559622,3.362450737660202,0.6828264377983106
102,source_event_shuffle,3.302802330787629e-19,1.7040302135348285e-10,0.009823503536793027,0.052813346141643375,1.8364241750616015,0.023426988917299465,1.4585316644514135,3.3810196781087507,0.6856210422930132
102,valid_prefix_invalid_suffix,6.387362067863058e-14,1.7040302135348285e-10,0.008800629611149163,0.08626087319347643,1.887799529775512,0.016106893758212455,1.4683627330344113,3.4673306593727613,0.6810306319420165
102,geometry_matched_counterfeit,1.452226055305986e-35,1.7040302135348285e-10,0.009163159740720432,0.05268954329362384,1.8085190629046757,0.014664597231102592,1.4702540620115065,3.355290425181629,0.6801545568460423
102,genesis_valid_source_shuffled,2.275960193942786e-14,1.7040302135348285e-10,0.012105407320508917,0.05285842147218263,1.8260324397976762,0.02788716601411505,1.4600956629964426,3.3789790976009253,0.6848866312953197
103,legitimate,0.9999999999986227,1.7057344998801092e-10,0.007004761830442199,0.05282110896737396,1.9104544374934938,0.011703335338097523,1.4584062874972186,3.440389931126626,0.6856799840836183
103,raw_shift,6.744775143632048e-14,1.7057344998801092e-10,0.008224589540183857,0.05207687998196863,1.864584700870432,0.013365541230881683,1.4719028664853206,3.410154578108787,0.6793926574695621
103,retained_order_shuffle,1.190069690575096e-14,1.7057344998801092e-10,0.00657291304456198,0.05240601936234421,1.8270596928465066,0.011622218130520475,1.4644754963928994,3.362136339776833,0.6828383284401836
103,source_event_shuffle,3.7606578970242063e-19,1.7057344998801092e-10,0.010062182870536533,0.052435406292205555,1.8368271537984413,0.02348705371037385,1.458567854706287,3.3813796513778445,0.685604030537141
103,valid_prefix_invalid_suffix,6.030922030161998e-14,1.7057344998801092e-10,0.008358139318580333,0.08587012467231453,1.8882477845475119,0.015634241959417542,1.4683803019999264,3.4664905924977507,0.6810224835054902
103,geometry_matched_counterfeit,1.7597631235325074e-35,1.7057344998801092e-10,0.008715439960490167,0.052726579753579916,1.8071184210507671,0.014289031126529206,1.4702306313566837,3.3530801032480504,0.6801653962791949
103,genesis_valid_source_shuffled,2.6102591051509576e-14,1.7057344998801092e-10,0.011350888559812602,0.052667593781633035,1.826970011690054,0.027012792542179455,1.460094342834468,3.378095629408147,0.684887250543858
104,legitimate,0.9999999999986119,1.7078900874914363e-10,0.006762724155723949,0.05278071967730161,1.9113788820516857,0.01157311867335435,1.45838960237174,3.4408850469298056,0.6856878288025836
104,raw_shift,7.227096675032034e-14,1.7078900874914363e-10,0.00811609286856129,0.05217247812735458,1.86418539345114,0.013160647368609016,1.4718553274868396,3.4094899393025044,0.6794146009621789
104,retained_order_shuffle,1.4177609003267898e-14,1.7078900874914363e-10,0.006026713947368982,0.052420171848248515,1.8275775566253805,0.010802390319250458,1.464482338083097,3.361309170823345,0.6828351383926312
104,source_event_shuffle,4.2652336977129174e-19,1.7078900874914363e-10,0.010541948242690412,0.05258501415269646,1.8381607227803312,0.02377700137451346,1.4585916971798973,3.383656383730129,0.6855928234967905
104,valid_prefix_invalid_suffix,5.71168104842857e-14,1.7078900874914363e-10,0.007947538144093956,0.08591283766995891,1.8881148622294064,0.015265287615873282,1.468365667447819,3.4656061931071513,0.6810292709558114
104,geometry_matched_counterfeit,2.1374196910545163e-35,1.7078900874914363e-10,0.008281695875283043,0.052548233472378865,1.8075419786200495,0.013890561797395163,1.4702497868936513,3.352512256658758,0.6801565345650097
104,genesis_valid_source_shuffled,2.989514266225263e-14,1.7078900874914363e-10,0.01154992812130341,0.05231192031046198,1.8281838766407859,0.027101607840834104,1.4600734271860598,3.3792207600994453,0.6848970615990179
105,legitimate,0.99999999999861,1.7103639835517162e-10,0.006915697096610165,0.05281660121529913,1.9116781324001573,0.0112773352862281,1.4583788259681425,3.441066591966437,0.6856928955579791
105,raw_shift,7.761282080225222e-14,1.7103639835517162e-10,0.0074549229994320685,0.05203583666003385,1.864701615072746,0.01262156873579118,1.4718389448909062,3.408652888358909,0.679422163321442
105,retained_order_shuffle,1.680868553876474e-14,1.7103639835517162e-10,0.0069017393501768064,0.05226480870144151,1.8279966669555625,0.01209001630289138,1.4644352425553222,3.3636884738653947,0.6828570980397984
105,source_event_shuffle,4.8299796935934905e-19,1.7103639835517162e-10,0.010538492061950929,0.05235709559848477,1.839343882234643,0.023715744298358953,1.458590791553583,3.384546005747021,0.6855932491754013
105,valid_prefix_invalid_suffix,5.409076831186575e-14,1.7103639835517162e-10,0.007752811309748033,0.08575046065618777,1.8888152787052273,0.015128874555821428,1.4683623246965611,3.4658097499235456,0.6810308213302755
105,geometry_matched_counterfeit,2.5806456313551753e-35,1.7103639835517162e-10,0.008483334027561245,0.052723045337404045,1.8097476699779451,0.014230860465982709,1.4702270173155527,3.355411927124446,0.6801670682289613
105,genesis_valid_source_shuffled,3.418179576327055e-14,1.7103639835517162e-10,0.01148885239401364,0.05259759897632411,1.8292237045672974,0.02678356271896921,1.4600650549928984,3.380158773649503,0.6849009888832686
106,legitimate,0.9999999999986033,1.713249287308627e-10,0.00693646106230129,0.052669902743622744,1.911758991033389,0.011243097787192548,1.4583506056313358,3.4409590582578415,0.6857061643044546
106,raw_shift,8.315823995211018e-14,1.713249287308627e-10,0.007921709363400621,0.05206101866401295,1.864657854793274,0.013095649446166206,1.471853431398937,3.409589663665791,0.6794154762054457
106,retained_order_shuffle,1.9988329995672145e-14,1.713249287308627e-10,0.006454623188918718,0.05240991025219409,1.8276569797258222,0.011252307459476288,1.464433940418968,3.3622077610453793,0.6828577052184683
106,source_event_shuffle,5.47755025526895e-19,1.713249287308627e-10,0.009978360501198501,0.052227093558145844,1.8399248776991626,0.02306711075813285,1.4585726594367314,3.3837701019533712,0.6856017720671655
106,valid_prefix_invalid_suffix,5.1152365694488306e-14,1.713249287308627e-10,0.007808402762387151,0.08582688404262798,1.889303803209766,0.015049787638658557,1.4683587208959175,3.4663475985493575,0.6810324927878542
106,geometry_matched_counterfeit,3.1054496306026316e-35,1.713249287308627e-10,0.008629115716139462,0.052684800510861926,1.8111288689016627,0.014159430851683436,1.470211887218164,3.3568141031985115,0.6801740678962014
106,genesis_valid_source_shuffled,3.8998424497639716e-14,1.713249287308627e-10,0.011678654007795755,0.05266425608418898,1.8298164254069231,0.026827835198357353,1.4600500543388983,3.3810372250361636,0.6849080256028166
107,legitimate,0.9999999999985978,1.716348348245498e-10,0.006468452569660036,0.05250219059969212,1.9117774053256356,0.010766196298455242,1.4583466103659948,3.439860855159438,0.685708042855173
107,raw_shift,8.878473871199991e-14,1.716348348245498e-10,0.008291500538225836,0.05202637459743331,1.8646077195629547,0.013361755309807554,1.4718146525564146,3.410102002564836,0.6794333771997818
107,retained_order_shuffle,2.3613690084293077e-14,1.716348348245498e-10,0.007231520280706567,0.0525384937206918,1.8275671585120714,0.012386517090363239,1.464374425042974,3.364098114646807,0.6828854580475135
107,source_event_shuffle,6.183658477761769e-19,1.716348348245498e-10,0.010162762531215551,0.052311088723501584,1.840368824651073,0.023339003299327706,1.4585645779057168,3.3847462571108347,0.6856055708101685
107,valid_prefix_invalid_suffix,4.8104020143408993e-14,1.716348348245498e-10,0.00799385209497797,0.08585185292423919,1.890369316146023,0.015209049521973786,1.4683654158269965,3.467789486514211,0.6810293876577873
107,geometry_matched_counterfeit,3.7183059572210917e-35,1.716348348245498e-10,0.007922034656584597,0.05252777808739634,1.8136970129468684,0.01365232500582242,1.4701936757121457,3.3579928264088172,0.680182493312754
107,genesis_valid_source_shuffled,4.424628108117917e-14,1.716348348245498e-10,0.01169210897750278,0.0526701574405225,1.831363149486608,0.02671597699489946,1.4600330637409542,3.382474456640487,0.6849159959681328
108,legitimate,0.9999999999985825,1.719990660649984e-10,0.0070212720408921025,0.05234242468350983,1.9111956991187238,0.011367750820708428,1.4583198586263801,3.4402470052902143,0.6857206216340366
108,raw_shift,9.473861971172708e-14,1.719990660649984e-10,0.008554515910332159,0.05190128342494636,1.8648785791358171,0.013620379044762706,1.471789086734054,3.4107438442499123,0.6794451793480543
108,retained_order_shuffle,2.78917696770239e-14,1.719990660649984e-10,0.007283638898810271,0.05258084683884044,1.827902889307696,0.012418701543456409,1.4643768289331325,3.364562905521936,0.6828843370371291
108,source_event_shuffle,6.974784059615545e-19,1.719990660649984e-10,0.010321476852723464,0.052392129333729075,1.8409671463044086,0.023261829128670117,1.4585811122952956,3.385523693914827,0.6855977988257999
108,valid_prefix_invalid_suffix,4.5041147476232165e-14,1.719990660649984e-10,0.008815185826275985,0.08550006790136203,1.8912390301716009,0.016210853342598294,1.4683860917536353,3.470151228995473,0.6810197982768083
108,geometry_matched_counterfeit,4.461278200892432e-35,1.719990660649984e-10,0.008710124631062155,0.052553817254142425,1.8116881943076966,0.014294029016550427,1.4701975944535228,3.3574437596629743,0.6801806803188473
108,genesis_valid_source_shuffled,5.020756410767004e-14,1.719990660649984e-10,0.011653834894163908,0.05243173256574762,1.832204471909501,0.026513239432788042,1.4599917400228157,3.382795018825016,0.6849353818829912
109,legitimate,0.9999999999985698,1.7243590468466576e-10,0.007482993092737652,0.05243695899322158,1.9110419613698284,0.012156290280629246,1.45832234680599,3.441440550542407,0.6857194516622038
109,raw_shift,1.0145935803703252e-13,1.7243590468466576e-10,0.008053960308544874,0.0523268106654068,1.8652797705171824,0.01284588315177511,1.471781136489873,3.4102875611327823,0.6794488495643313
109,retained_order_shuffle,3.3011122644719145e-14,1.7243590468466576e-10,0.007477663281974752,0.05241726780942181,1.827881881412559,0.012674339148072398,1.4643926248608998,3.3648437765129278,0.6828769709855128
109,source_event_shuffle,7.894024534769394e-19,1.7243590468466576e-10,0.009914908469667624,0.0520950910130753,1.8418346540829598,0.02275255604301174,1.4585684694654661,3.3851656790741806,0.685603741567936
109,valid_prefix_invalid_suffix,4.226217151776079e-14,1.7243590468466576e-10,0.008840499855626181,0.08539438253956091,1.8916479798000567,0.01615308565797311,1.4683519048514053,3.470387852704622,0.6810356541198004
109,geometry_matched_counterfeit,5.337021572386345e-35,1.7243590468466576e-10,0.009097883933576622,0.05257580855350258,1.8135165739235994,0.014594685274309446,1.4701863159998985,3.3599712676848865,0.680185898287601
109,genesis_valid_source_shuffled,5.711295289147145e-14,1.7243590468466576e-10,0.01141444618803008,0.05235041780796079,1.8329405219749535,0.026195138805820688,1.4599649158160555,3.3828654405928207,0.6849479663280706
110,legitimate,0.9999999999985483,1.7294111608374513e-10,0.007292540566802476,0.05241873774467162,1.9114014836628168,0.011816049855771917,1.4582898587709565,3.4412186706010193,0.6857347282393773
110,raw_shift,1.0839656645128864e-13,1.7294111608374513e-10,0.008292802834577971,0.052422619476568594,1.8651613826647528,0.013497096107539191,1.4717819927750484,3.4111558938584867,0.6794484542598771
110,retained_order_shuffle,3.900107302605556e-14,1.7294111608374513e-10,0.0074262067738643895,0.05235872853088278,1.8285311557857915,0.012725677897099521,1.4643838994670781,3.3654256684547166,0.6828810398437581
110,source_event_shuffle,8.915240040336423e-19,1.7294111608374513e-10,0.00983885151656538,0.052120822444745585,1.8428191269520795,0.022587504704419347,1.4585541417406491,3.385920447358459,0.6856104764168262
110,valid_prefix_invalid_suffix,3.974589680105274e-14,1.7294111608374513e-10,0.008365268984893258,0.08549270796131815,1.8914819617486935,0.015459977435212586,1.4683213839864682,3.4691213001165853,0.6810498102830514
110,geometry_matched_counterfeit,6.403206844687166e-35,1.7294111608374513e-10,0.008927460120390088,0.05243873271652699,1.812174378666616,0.014696764316344275,1.4701944279777557,3.358431763797633,0.6801821452785836
110,genesis_valid_source_shuffled,6.491147689534815e-14,1.7294111608374513e-10,0.011119310693083348,0.0524290868259227,1.8338013418287518,0.025698085945922253,1.4599919766318166,3.383039801925497,0.684935270881096
111,legitimate,0.9999999999985231,1.7351654261636075e-10,0.007081329555436639,0.05244155942705868,1.9107210686589122,0.011598644305006532,1.458277501554616,3.4401201035010303,0.6857405390486231
111,raw_shift,1.155312780840628e-13,1.7351654261636075e-10,0.008794474987083368,0.05223451462319346,1.8645711818050688,0.01381834288615252,1.4717266412345724,3.4111451555360706,0.6794740082707672
111,retained_order_shuffle,4.6209775192304696e-14,1.7351654261636075e-10,0.007194522685531381,0.05218456331043811,1.827473193386986,0.011787376183471504,1.4643885385181552,3.363028194084582,0.6828788765380915
111,source_event_shuffle,1.0027984466745146e-18,1.7351654261636075e-10,0.010231177021243413,0.052394438958451306,1.84274718205023,0.0227127700583164,1.4585720559084352,3.386657623996676,0.6856020557556318
111,valid_prefix_invalid_suffix,3.724878316562196e-14,1.7351654261636075e-10,0.008601420496522813,0.0851430876475027,1.891916755239756,0.015630950270403707,1.4683221321396625,3.4696143457938478,0.6810494632681969
111,geometry_matched_counterfeit,7.71013234655053e-35,1.7351654261636075e-10,0.008665669773629434,0.05247468400895815,1.8099039686395948,0.014449365639152325,1.4702007706014726,3.355694458662807,0.6801792108906464
111,genesis_valid_source_shuffled,7.378462342293727e-14,1.7351654261636075e-10,0.010222433317247738,0.052383515453094595,1.834486856235408,0.024783173597271002,1.4600050760628693,3.3818810546658904,0.6849291255172862
112,legitimate,0.9999999999985053,1.7415744847462675e-10,0.007270257741736152,0.05234093049412154,1.910312867572215,0.012057189341925689,1.4582555154228984,3.4402367605728967,0.6857508779649901
112,raw_shift,1.2322902825095937e-13,1.7415744847462675e-10,0.008351001917393904,0.05222112376656139,1.8649297474135396,0.013706126081729633,1.4717090600106633,3.410917059189888,0.6794821253538269
112,retained_order_shuffle,5.476876245254116e-14,1.7415744847462675e-10,0.006938795299428061,0.05223232372945473,1.8276484216052726,0.011803406677328307,1.4643735208832755,3.3629964681947593,0.6828858796868706
112,source_event_shuffle,1.1265022833237253e-18,1.7415744847462675e-10,0.010335893244744439,0.052404452520773845,1.8432447130746972,0.022750467545495014,1.4586271571443803,3.3873626835300907,0.6855761563882344
112,valid_prefix_invalid_suffix,3.4877812799569315e-14,1.7415744847462675e-10,0.00868432377236376,0.08538138187426805,1.891969005348807,0.015779957255360983,1.4683168136661822,3.470131481916982,0.6810519301360252
112,geometry_matched_counterfeit,9.239917634729715e-35,1.7415744847462675e-10,0.008611176235150512,0.05267764789596859,1.8125283445087668,0.013957876520084605,1.4701900705834163,3.3579651157433865,0.6801841612232487
112,genesis_valid_source_shuffled,8.337034522687145e-14,1.7415744847462675e-10,0.011448230992284985,0.05243114527927591,1.8350696073243535,0.025798786680583406,1.4599697547874881,3.384717525063986,0.6849456961141631
113,legitimate,0.9999999999984863,1.74886901514925e-10,0.007317199662529622,0.052098155339600605,1.910137235982232,0.01222991768899623,1.4582135413230553,3.4399960499964135,0.6857706170326943
113,raw_shift,1.314518291398895e-13,1.74886901514925e-10,0.00846499335900919,0.05242949636838283,1.864547636795853,0.013444197690117631,1.4717479876406474,3.41063431185401,0.6794641530997598
113,retained_order_shuffle,6.483432284341996e-14,1.74886901514925e-10,0.006986861062254516,0.05233137312177065,1.8279392972604902,0.011687388697629223,1.464362432830401,3.3633073529725457,0.6828910504523666
113,source_event_shuffle,1.2639908569631863e-18,1.74886901514925e-10,0.010339383850204354,0.052154887348676696,1.8439436805156202,0.022612287588734608,1.458601922294685,3.387652161597921,0.6855880173428901
113,valid_prefix_invalid_suffix,3.2663350923557023e-14,1.74886901514925e-10,0.008909432865785969,0.08510819568371425,1.8915896261306808,0.01592112814936894,1.468284579953047,3.469812962782597,0.681066881483227
113,geometry_matched_counterfeit,1.1000194082370743e-34,1.74886901514925e-10,0.008940896422853345,0.05248012086120704,1.814850239299347,0.014311986428175844,1.4701491956798067,3.36073243869139,0.6802030725433437
113,genesis_valid_source_shuffled,9.406485899892085e-14,1.74886901514925e-10,0.01144224531762311,0.05251880480427999,1.8355064821866898,0.025695449009534,1.4599731321452758,3.3851361134634024,0.6849441116283737
114,legitimate,0.9999999999984593,1.7569641061093395e-10,0.007149441682266276,0.0521571047413445,1.909688698961541,0.011790208324125792,1.4581977327340228,3.4389831864433003,0.6857780515977138
114,raw_shift,1.3980415826832056e-13,1.7569641061093395e-10,0.008793730162640942,0.052610441145758254,1.8642318778487073,0.013608670023594643,1.471737509268538,3.4109822284492393,0.6794689907003416
114,retained_order_shuffle,7.639439342839772e-14,1.7569641061093395e-10,0.007187744459635821,0.052361872697320754,1.8287802679041518,0.011742093376634892,1.4643320387353853,3.364404017173128,0.6829052247345129
114,source_event_shuffle,1.409965931234979e-18,1.7569641061093395e-10,0.01091380484056365,0.0519949982291657,1.844723532728166,0.02305712652631102,1.4586157788599152,3.389305241184122,0.6855815043905273
114,valid_prefix_invalid_suffix,3.047182840997678e-14,1.7569641061093395e-10,0.009035289060538436,0.08514862782590124,1.891984653705094,0.016102767644148946,1.4682805229449332,3.4705518611806156,0.6810687633401482
114,geometry_matched_counterfeit,1.307030822786095e-34,1.7569641061093395e-10,0.00884524610337505,0.05241645576409265,1.8150399516531808,0.014155567964724294,1.4701486041786744,3.360605825664047,0.6802033462169617
114,genesis_valid_source_shuffled,1.0583707191047819e-13,1.7569641061093395e-10,0.011033200855020513,0.052816414363023555,1.836480569626829,0.025124519490501485,1.4599301546115135,3.385384858946888,0.684964275064679
115,legitimate,0.9999999999984286,1.7666630709394804e-10,0.007155036958996682,0.05215165278425981,1.9106775163168574,0.011698813874706658,1.4581514000391127,3.4398344199739332,0.6857998421643448
115,raw_shift,1.4975344563405751e-13,1.7666630709394804e-10,0.007964536182834409,0.05249813853892106,1.8635678789484398,0.012838124579945435,1.4717167998113412,3.4085854780614815,0.6794785519379258
115,retained_order_shuffle,9.040885094605392e-14,1.7666630709394804e-10,0.006446095020406206,0.052325605572937105,1.8289608710568972,0.011184686483164598,1.4643567699014115,3.363274028034817,0.682893691313942
115,source_event_shuffle,1.5730360105136897e-18,1.7666630709394804e-10,0.011032503167476155,0.052166315944874565,1.8452339516722727,0.023047936828252114,1.4586073601568692,3.390088067769745,0.685585461389002
115,valid_prefix_invalid_suffix,2.8482081820016954e-14,1.7666630709394804e-10,0.008871862290297499,0.0850262695506655,1.8924278519477669,0.01597551321717936,1.4682272032422417,3.470528700248151,0.6810934968309142
115,geometry_matched_counterfeit,1.5436084931516562e-34,1.7666630709394804e-10,0.00899063254752431,0.05235159730338786,1.8183400215820635,0.014404112662969999,1.4701276760495081,3.3642140401454537,0.6802130293102882
115,genesis_valid_source_shuffled,1.1927222364600753e-13,1.7666630709394804e-10,0.010715526022074436,0.052834321904254654,1.8373362005710714,0.024697732853480543,1.4599289931514319,3.385512774502313,0.6849648199943753
116,legitimate,0.9999999999983897,1.777538803393441e-10,0.006541518998940977,0.05207389163484872,1.9110812671936475,0.011203731014565604,1.4581455844141384,3.4390459932561415,0.6858025773882703
116,raw_shift,1.6018314895563177e-13,1.777538803393441e-10,0.007637914119297656,0.05234393497529666,1.8641299969789826,0.012662162152149697,1.4716685324915406,3.4084425407172674,0.6795008372609044
116,retained_order_shuffle,1.0693581383125088e-13,1.777538803393441e-10,0.0062348256536540235,0.05228194997387178,1.8290136492042213,0.01085811076924361,1.464345361095668,3.3627338966966587,0.682899011781145
116,source_event_shuffle,1.7497190464520567e-18,1.777538803393441e-10,0.011137908719014981,0.05196732772932651,1.8459693419465137,0.023000836218032394,1.4585852543434539,3.3906606689563414,0.6855958518850287
116,valid_prefix_invalid_suffix,2.6510277535526082e-14,1.777538803393441e-10,0.009085599366107311,0.08507802664874639,1.8930884287952807,0.016181992365867984,1.468222260694201,3.4716563078702034,0.681095789629095
116,geometry_matched_counterfeit,1.8213221261801194e-34,1.777538803393441e-10,0.009153984476926098,0.052357973885896206,1.817714212203798,0.01449118974889653,1.4701287113609107,3.3638460716764276,0.6802125502826357
116,genesis_valid_source_shuffled,1.338446651104435e-13,1.777538803393441e-10,0.010756202526573307,0.05301549079377795,1.838324753866432,0.024621220658931714,1.4599322173510973,3.3866498851968125,0.6849633072780196
117,legitimate,0.9999999999983465,1.789915150999791e-10,0.006439438627836354,0.05208296084594116,1.9106643549307814,0.010633897344145929,1.458133625980764,3.437954277729469,0.6858082017866681
117,raw_shift,1.716926694012347e-13,1.789915150999791e-10,0.007224147834085738,0.05214225425914029,1.8632622667198766,0.012154282129168179,1.4716312216934155,3.4064141726356865,0.6795180648911634
117,retained_order_shuffle,1.2627791072353338e-13,1.789915150999791e-10,0.006287635483506581,0.05211468436352984,1.8288444497289795,0.01079354926851419,1.464342897508385,3.3623832163529155,0.6829001606796195
117,source_event_shuffle,1.939969550338155e-18,1.789915150999791e-10,0.010962859606221433,0.05184941858948388,1.8467329148475022,0.022918053756027502,1.4585741913448047,3.3910374381440396,0.6856010519948539
117,valid_prefix_invalid_suffix,2.465615692247965e-14,1.789915150999791e-10,0.008819050946969609,0.0850907579828141,1.8927137588058356,0.016082565405641628,1.468205347452913,3.4709114805941743,0.6811036356279194
117,geometry_matched_counterfeit,2.145935171655281e-34,1.789915150999791e-10,0.008707661882959216,0.05233803350963519,1.8178927873143746,0.014343382851307807,1.470121160117425,3.363403025675702,0.6802160441787366
117,genesis_valid_source_shuffled,1.499234882795338e-13,1.789915150999791e-10,0.010562996745677209,0.05283965143001522,1.8387681051908318,0.024291446859428044,1.459926089376864,3.386388289602816,0.6849661823807582
118,legitimate,0.9999999999982936,1.8041692306365343e-10,0.0068509566480745385,0.052073254059558816,1.909630772208044,0.010978937909902394,1.4581363922072936,3.437670313032873,0.6858069007418193
118,raw_shift,1.8425134176780168e-13,1.8041692306365343e-10,0.006953344048435482,0.05215181712964629,1.8629673958879707,0.011919231306577991,1.4715900062058016,3.405581794578432,0.6795370964612807
118,retained_order_shuffle,1.4926640489788158e-13,1.8041692306365343e-10,0.005890387635991639,0.0521642281225068,1.8288308729557423,0.010423994077834314,1.464339219769746,3.361648702561821,0.6829018758070118
118,source_event_shuffle,2.146918879473292e-18,1.8041692306365343e-10,0.010885819784060707,0.052091733645715906,1.8472486360528593,0.022785734459790895,1.4585849992111113,3.391596923153538,0.6855959718078826
118,valid_prefix_invalid_suffix,2.2905884072320423e-14,1.8041692306365343e-10,0.009027269505193693,0.08495435290910588,1.8928866565640217,0.016047601755594595,1.4682238955203866,3.4711397762543026,0.6810950312480094
118,geometry_matched_counterfeit,2.5249708891763923e-34,1.8041692306365343e-10,0.008503402642459615,0.05225450107205361,1.8188012888661758,0.014044173848063961,1.470133265335587,3.36373663176434,0.6802104432146565
118,genesis_valid_source_shuffled,1.6794909422880554e-13,1.8041692306365343e-10,0.010166412321161646,0.05249126012910335,1.8397362608879018,0.023761108572471913,1.459908072432321,3.3860631143429596,0.6849746356511762
119,legitimate,0.999999999998238,1.8198780140446242e-10,0.006752592920555594,0.052062947494781076,1.9088947159332956,0.010809097729386881,1.4581359262630067,3.436655280341026,0.6858071198899807
119,raw_shift,1.969256335201039e-13,1.8198780140446242e-10,0.00684453336355201,0.05207014814502975,1.8641927481863048,0.011716922217586332,1.4715921333002144,3.406416485212687,0.679536114232898
119,retained_order_shuffle,1.7566732814883155e-13,1.8198780140446242e-10,0.0065782639221952785,0.05206984058043458,1.8282076343286864,0.011459869494561216,1.4643126885500555,3.3626282968759327,0.6829142489974075
119,source_event_shuffle,2.3763983729086563e-18,1.8198780140446242e-10,0.010466259592323737,0.05215790727359092,1.8471819894083457,0.022109988978089842,1.4585789906217559,3.3904951358741062,0.6855987961078929
119,valid_prefix_invalid_suffix,2.1147552580176928e-14,1.8198780140446242e-10,0.009715720444362577,0.085088829313405,1.8932989602421573,0.016630192661589237,1.4682259605874184,3.4729596632489326,0.6810940732844994
119,geometry_matched_counterfeit,2.9810846393803276e-34,1.8198780140446242e-10,0.007717872116492375,0.05219205007510981,1.8178827407287426,0.013222960923911533,1.470158895760455,3.3611745196047114,0.6801985845763083
119,genesis_valid_source_shuffled,1.8788351127321904e-13,1.8198780140446242e-10,0.00967227012694149,0.05249596407774767,1.8404731482880523,0.023113376221322667,1.4599181457383017,3.385672904452366,0.6849699093868209
120,legitimate,0.9999999999981749,1.837267500716424e-10,0.006477363897809943,0.052048033220764026,1.9099470958912608,0.010733261195456862,1.4581354744939705,3.437341228699262,0.6858073323712124
120,raw_shift,2.0984180071320364e-13,1.837267500716424e-10,0.007762598550307232,0.05205080465458597,1.8641817955449331,0.012884839062007655,1.4715849389611795,3.408464976773013,0.6795394363742592
120,retained_order_shuffle,2.0631497617835347e-13,1.837267500716424e-10,0.007213856224205387,0.05232562849591252,1.8282126457086727,0.012184750497617107,1.4643079904099439,3.3642448713363517,0.6829164400848338
120,source_event_shuffle,2.6362853698029624e-18,1.837267500716424e-10,0.01006854313745799,0.05206350352174355,1.84772839031135,0.021701891557058074,1.45860398352636,3.3901663120539696,0.6855870485016191
120,valid_prefix_invalid_suffix,1.9588362535320783e-14,1.837267500716424e-10,0.009489584476126665,0.08481083793066665,1.893436761412474,0.016223625211726243,1.4681933923259327,3.4721542013569264,0.681109181682338
120,geometry_matched_counterfeit,3.518594860912446e-34,1.837267500716424e-10,0.007244556009279136,0.0522348114714781,1.8194413773065,0.012897283989019612,1.4701711474542567,3.3619891762305336,0.6801929161309732
120,genesis_valid_source_shuffled,2.0924353482891702e-13,1.837267500716424e-10,0.010693725490800637,0.05238274726550962,1.8411968466963966,0.024215653920175315,1.4599083179995984,3.3883972913724802,0.684974520433423
121,legitimate,0.9999999999981127,1.8564802572802773e-10,0.005874370748971892,0.0520487608783707,1.9107182136771799,0.009980891115081542,1.4581233751330593,3.4367456115526633,0.6858130231313849
121,raw_shift,2.2368010429618263e-13,1.8564802572802773e-10,0.007608995349678172,0.05194683653393939,1.8640616691105591,0.012554903748082307,1.4715445666128117,3.407716971355071,0.6795580797802948
121,retained_order_shuffle,2.4133598289640553e-13,1.8564802572802773e-10,0.007421075820417616,0.052071090069755965,1.8292965917072412,0.012410199302780566,1.4642802587923374,3.365479215692533,0.6829293736591683
121,source_event_shuffle,2.9164181873669602e-18,1.8564802572802773e-10,0.01002418689788955,0.05200154823169589,1.8486073207550073,0.021589886850485802,1.4586202389365444,3.390843181671623,0.6855794080628037
121,valid_prefix_invalid_suffix,1.8030085945576988e-14,1.8564802572802773e-10,0.010287124975299907,0.08481387421996339,1.8939973515327655,0.0171408787088989,1.4681853992460838,3.4744246286830114,0.681112889769939
121,geometry_matched_counterfeit,4.123489079278348e-34,1.8564802572802773e-10,0.00747114660256532,0.05229125209300983,1.8220325704315086,0.012674511777474555,1.47016797328251,3.364637454187068,0.6801943847040723
121,genesis_valid_source_shuffled,2.3229095325208457e-13,1.8564802572802773e-10,0.010665368173002742,0.052300969914862064,1.8422939428614866,0.024133248239265364,1.459855772020131,3.389249301208748,0.6849991753738467
122,legitimate,0.9999999999980317,1.878168484943103e-10,0.005641043910382967,0.05190944808125454,1.9110565881286428,0.009861016803232304,1.4581275272237602,3.4365956241472726,0.6858110702446705
122,raw_shift,2.3900660322701086e-13,1.878168484943103e-10,0.007400259230162599,0.051973133396386165,1.8633646459353068,0.012189088697927107,1.4715438356168409,3.4064709628766234,0.6795584173538052
122,retained_order_shuffle,2.817229562553981e-13,1.878168484943103e-10,0.007915683958672834,0.05219617543528504,1.8293326645146426,0.012510222388563103,1.4643072047106878,3.3662619510078513,0.6829168065154142
122,source_event_shuffle,3.2198286782701384e-18,1.878168484943103e-10,0.00994289985024701,0.05222955109618347,1.8492644870055182,0.021544225566560122,1.4586272163263863,3.391608379844895,0.6855761285718247
122,valid_prefix_invalid_suffix,1.650624231588489e-14,1.878168484943103e-10,0.010887422951042697,0.08488202009779602,1.8950902133597818,0.01768154716227288,1.4681922262481022,3.476733429818996,0.6811097226376044
122,geometry_matched_counterfeit,4.840889814977024e-34,1.878168484943103e-10,0.007373860852597695,0.052142756002841656,1.8213848752600912,0.01261937513001545,1.4701661746182713,3.363687041863817,0.680195216883003
122,genesis_valid_source_shuffled,2.5717300885072983e-13,1.878168484943103e-10,0.010828778638077437,0.05239785127221802,1.8431572533000178,0.024105413717695465,1.459852531845237,3.390341828773246,0.6850006957446254
123,legitimate,0.9999999999979324,1.903827705083048e-10,0.006343946879787559,0.0518509792995739,1.9112542955036607,0.010853423479271464,1.4581280267905588,3.4384306719528523,0.6858108352800896
123,raw_shift,2.5619547730468333e-13,1.903827705083048e-10,0.007389544834899724,0.05187610265839923,1.8638573182100842,0.012244696560080244,1.4714950295962141,3.4068626918596774,0.6795809567042396
123,retained_order_shuffle,3.304246778556749e-13,1.903827705083048e-10,0.00791657445573596,0.052155397356230676,1.8286952921397108,0.012896410728628682,1.4642876489599648,3.365951323640271,0.6829259269575911
123,source_event_shuffle,3.5625401791146355e-18,1.903827705083048e-10,0.010079003031310164,0.05221576176793822,1.8500930746763615,0.021457554711468575,1.4586099726546147,3.392455366841693,0.6855842334456136
123,valid_prefix_invalid_suffix,1.522529994291528e-14,1.903827705083048e-10,0.010117315419718309,0.08457435461920385,1.8950651773154044,0.017235675649546218,1.468156384153294,3.475148907157167,0.6811263505660166
123,geometry_matched_counterfeit,5.710964698512667e-34,1.903827705083048e-10,0.007726431738550424,0.05217178110628941,1.8202747739131784,0.012961543838696498,1.4701645920613078,3.3632991226580224,0.6801959490783522
123,genesis_valid_source_shuffled,2.8607791123659893e-13,1.903827705083048e-10,0.010870709966767403,0.05216363107238209,1.8430723096026922,0.024064031393646587,1.4598440144465727,3.390014696482061,0.68500469235245
124,legitimate,0.9999999999978293,1.9328191194938228e-10,0.006143917278977963,0.0518498855117696,1.9115651798480673,0.010396656099674759,1.4581133361938112,3.4380689749323006,0.6858177448735869
124,raw_shift,2.742514347551591e-13,1.9328191194938228e-10,0.007241318281102486,0.051953029845707946,1.8641456090502475,0.012312346287968292,1.4714600376575009,3.4071123411225273,0.679597117425278
124,retained_order_shuffle,3.8729982564477303e-13,1.9328191194938228e-10,0.008191049882250247,0.0522446088333063,1.82765095575997,0.013525016599482763,1.4642662499321508,3.36587788100716,0.682935907349413
124,source_event_shuffle,3.937784044798072e-18,1.9328191194938228e-10,0.010114083656776086,0.05202901361360955,1.8504065723298646,0.021375485204225875,1.4586236764767853,3.3925488312812613,0.6855777923569562
124,valid_prefix_invalid_suffix,1.4088703240982676e-14,1.9328191194938228e-10,0.009588042544475227,0.0845047856395961,1.8944735571480358,0.016604221644612772,1.4681643799590636,3.4733349869357837,0.681122641067218
124,geometry_matched_counterfeit,6.719119398334495e-34,1.9328191194938228e-10,0.007667644207251903,0.05205494712502067,1.8214287823600384,0.012915916173329546,1.4701066188462837,3.3641739087119245,0.6802227724022588
124,genesis_valid_source_shuffled,3.1840761808980445e-13,1.9328191194938228e-10,0.010257437563411641,0.05210176224956498,1.843939522118013,0.02328932042019822,1.4598135738478113,3.3894016161989993,0.6850189763359417
125,legitimate,0.999999999997707,1.9664705848543279e-10,0.005843666453230462,0.051697384573700045,1.9124311753075947,0.010566311340561558,1.4580735273167125,3.4386120649917995,0.6858364693300745
125,raw_shift,2.9391086646734275e-13,1.9664705848543279e-10,0.007549900191788625,0.051832671579730955,1.8638566041432885,0.012460428710092075,1.47144372609885,3.40714333072375,0.6796046510387239
125,retained_order_shuffle,4.553527592051394e-13,1.9664705848543279e-10,0.007911558131575786,0.05214538625742044,1.8278439634459083,0.012868081418161797,1.464264313383162,3.3650333026362285,0.6829368105598708
125,source_event_shuffle,4.358114389738763e-18,1.9664705848543279e-10,0.00969047185553287,0.051755249797052885,1.8514512682279223,0.020978989007117754,1.458635474974249,3.3925114538618746,0.6855722469084989
125,valid_prefix_invalid_suffix,1.304330877692215e-14,1.9664705848543279e-10,0.009775519124604276,0.08430501610460417,1.8948241943929705,0.01660143961348222,1.4681504515764918,3.473656620812153,0.6811291028959174
125,geometry_matched_counterfeit,7.894670106494464e-34,1.9664705848543279e-10,0.007702170647376795,0.05211988028755268,1.8225646385008765,0.012829284179119806,1.4701093833391308,3.3653253569540564,0.6802214932654749
125,genesis_valid_source_shuffled,3.549888421776745e-13,1.9664705848543279e-10,0.010053191244522842,0.05207397745072707,1.8443981177820963,0.02283583224431083,1.4598173196107256,3.389178438332382,0.6850172186374661
126,legitimate,0.9999999999975785,2.0027033432578717e-10,0.00486547220084611,0.051727219164244595,1.9119974084221776,0.00916095000631529,1.4580697086350003,3.4358207584285836,0.6858382655344448
126,raw_shift,3.127055066580076e-13,2.0027033432578717e-10,0.007493487706216236,0.05176338860798314,1.8645328001536994,0.012429791930152163,1.4714261408244178,3.4076456092224685,0.679612773114282
126,retained_order_shuffle,5.32412341788914e-13,2.0027033432578717e-10,0.00824873220113133,0.05235727791466609,1.8268928198316179,0.013007478553166944,1.464248152585871,3.364754461086453,0.682944348082345
126,source_event_shuffle,4.795236203193351e-18,2.0027033432578717e-10,0.00951285379208771,0.052045538615235226,1.8515571950140546,0.02059870184557576,1.4586594314176813,3.3923737206846347,0.6855609873420792
126,valid_prefix_invalid_suffix,1.200383798718508e-14,2.0027033432578717e-10,0.009655663667123936,0.08430314785683375,1.8950043749895416,0.016476862167237146,1.4681301797274895,3.473570228408226,0.6811385078836465
126,geometry_matched_counterfeit,9.246171422833286e-34,2.0027033432578717e-10,0.007654855918563414,0.052033791092699906,1.8214830534206714,0.0127215450341066,1.4700994657383792,3.3639927112044203,0.6802260821829937
126,genesis_valid_source_shuffled,3.9320855090876415e-13,2.0027033432578717e-10,0.009609409690185,0.05224419889159242,1.8453638337599343,0.02233821249313137,1.45978611427054,3.389341769105383,0.6850318620123631
127,legitimate,0.9999999999974168,2.0446760627513839e-10,0.005245623145090565,0.051727556031843216,1.9126486756519685,0.009669859787497225,1.458047440210775,3.4373391548271743,0.6858487401850122
127,raw_shift,3.335807613692984e-13,2.0446760627513839e-10,0.007193820812064815,0.05213256070777233,1.8653081702066268,0.011909909604608526,1.471420545895399,3.4079650072264713,0.6796153572736757
127,retained_order_shuffle,6.244837613429049e-13,2.0446760627513839e-10,0.007773015991041997,0.052395541729443385,1.8280732950971061,0.012352279276657618,1.4642418141418931,3.364835946236142,0.6829473044277031
127,source_event_shuffle,5.277306933347045e-18,2.0446760627513839e-10,0.009658696137189714,0.05207615193446319,1.8526716868572088,0.020724204487092997,1.4586661655647277,3.3937969049806824,0.6855578223488771
127,valid_prefix_invalid_suffix,1.106022595968764e-14,2.0446760627513839e-10,0.010128564268796866,0.0843003175671427,1.8951348041274667,0.016861814440587,1.4681277474599215,3.474553247863915,0.681139636335244
127,geometry_matched_counterfeit,1.0899245360271417e-33,2.0446760627513839e-10,0.008044419606204035,0.05197697893790571,1.819379275035082,0.013054410969886212,1.4701186210843815,3.3625737056334595,0.6802172189757824
127,genesis_valid_source_shuffled,4.350849371939218e-13,2.0446760627513839e-10,0.010369191520075595,0.05237072889023024,1.8456261804575556,0.023171443179458694,1.4598010948986702,3.3913386389459905,0.6850248321453367
128,legitimate,0.9999999999972293,2.0948710244460458e-10,0.00607444160830167,0.052127409655851595,1.9126314704144645,0.010587326946168521,1.4580351906513516,3.439455839276138,0.685854502285236
128,raw_shift,3.5775376570825647e-13,2.0948710244460458e-10,0.007128710703432306,0.05195603654834109,1.8653902729742036,0.011788005393576145,1.47139283847259,3.4076558640921433,0.6796281549369232
128,retained_order_shuffle,7.368734729669064e-13,2.0948710244460458e-10,0.007641289775624358,0.052253009234043774,1.8276586524361582,0.0124794908649283,1.4642002731444512,3.3642327154552056,0.6829666804056663
128,source_event_shuffle,5.830041923386104e-18,2.0948710244460458e-10,0.009718227571702973,0.05208197166926949,1.8530011346223692,0.020722620991967575,1.4586553961406743,3.3941793509959837,0.6855628839027723
128,valid_prefix_invalid_suffix,1.0254316142040747e-14,2.0948710244460458e-10,0.009841250538833154,0.08430818632775816,1.8950032462990303,0.016591034830318263,1.468101540487602,3.473845258483542,0.6811517953086548
128,geometry_matched_counterfeit,1.2882564026116831e-33,2.0948710244460458e-10,0.00798476393095601,0.05189115002391063,1.8203744289303059,0.01311394016320127,1.4701000937825615,3.363464376830935,0.6802257915823501
128,genesis_valid_source_shuffled,4.839221438205661e-13,2.0948710244460458e-10,0.010198514022214769,0.05220189046929215,1.8461620078593244,0.02275764655573203,1.4597799785708387,3.3911000374774023,0.685034741315993
129,legitimate,0.9999999999970156,2.152734812363053e-10,0.006198773624793599,0.0520608867075108,1.9126904661695048,0.010704592613995267,1.4580113955998644,3.439666114715669,0.685865695574427
129,raw_shift,3.8447394325354914e-13,2.152734812363053e-10,0.006934479936586505,0.05177188475596792,1.8651526429317256,0.011694549388738422,1.471371160289694,3.4069247173027124,0.6796381681163586
129,retained_order_shuffle,8.712054973334379e-13,2.152734812363053e-10,0.0067889333510078005,0.05210837413027602,1.8292283977285813,0.011242634944997776,1.4641788278837014,3.363547168038564,0.6829766835543706
129,source_event_shuffle,6.460436033304845e-18,2.152734812363053e-10,0.009229085565595256,0.051750185253352565,1.8532855646597497,0.020053846312987178,1.4586780594600648,3.3929967412517494,0.6855522323882044
129,valid_prefix_invalid_suffix,9.514879145641418e-15,2.152734812363053e-10,0.00959570011125731,0.08422972049994637,1.8953795619530196,0.016374725789827498,1.4681054539840523,3.4736851623381035,0.6811499795772809
129,geometry_matched_counterfeit,1.511660125307177e-33,2.152734812363053e-10,0.008008909289945777,0.052166593850637225,1.8236885044598066,0.013006374352369166,1.470105373936124,3.366975755888883,0.6802233484264373
129,genesis_valid_source_shuffled,5.36976175675499e-13,2.152734812363053e-10,0.010356695497420293,0.052601354280847556,1.8467208203901313,0.022955570192381824,1.459745449796937,3.3923798901577182,0.6850509451066614
130,legitimate,0.9999999999967735,2.2185194879080747e-10,0.005739852188768756,0.05190474237279299,1.9128775013967645,0.010002346490160125,1.458008948683592,3.4385333911320783,0.6858668466345303
130,raw_shift,4.120786963415704e-13,2.2185194879080747e-10,0.0071474469217459105,0.051858178928353926,1.8648051650746138,0.011849570159884693,1.471355610561502,3.4070159716461004,0.6796453507367308
130,retained_order_shuffle,1.029052893687753e-12,2.2185194879080747e-10,0.0064708177207263426,0.05193450041890196,1.829041793920807,0.011254776642371577,1.4641422952271936,3.3628441839300005,0.682993724898415
130,source_event_shuffle,7.131466274861803e-18,2.2185194879080747e-10,0.009139272737369829,0.0518365623033316,1.8540636846448177,0.019874508941352675,1.4587011584144751,3.3936151870413473,0.6855413764704789
130,valid_prefix_invalid_suffix,8.8025685852618e-15,2.2185194879080747e-10,0.009698596015258227,0.0841390478147739,1.8953688243802012,0.016599960021984335,1.4680966154579314,3.473903043690149,0.6811540803713454
130,geometry_matched_counterfeit,1.772301717850028e-33,2.2185194879080747e-10,0.007749792578095547,0.05215108727691897,1.8235458946158576,0.012670022940539843,1.4701117574859999,3.366228554897412,0.6802203947464539
130,genesis_valid_source_shuffled,5.954554696563172e-13,2.2185194879080747e-10,0.010013410409785806,0.05234755816119116,1.847064343640573,0.022385966350519412,1.4597344398450842,3.3915457184071536,0.6850561120587566
131,legitimate,0.9999999999965049,2.2922065777898441e-10,0.005837758355432231,0.05180124169841614,1.9124209594358184,0.010329704788241509,1.4580227225355489,3.4384123868134573,0.6858603672921568
131,raw_shift,4.415478411097196e-13,2.2922065777898441e-10,0.007034761300422185,0.052113762261002644,1.864784969388435,0.011746891279937804,1.4713356239877464,3.4070160082175445,0.6796545830163743
131,retained_order_shuffle,1.210539754465044e-12,2.2922065777898441e-10,0.006813229151906184,0.05216376922134666,1.8297544605175915,0.011758814921123134,1.4640914404176704,3.364581714229638,0.6830174484957441
131,source_event_shuffle,7.854198784774449e-18,2.2922065777898441e-10,0.009461967592623759,0.05178605093634102,1.8545427347034336,0.020028199175162513,1.4587155235383777,3.394534475945939,0.6855346254030812
131,valid_prefix_invalid_suffix,8.166973863860193e-15,2.2922065777898441e-10,0.00909233101939231,0.08397675379000871,1.8951368463127063,0.016174425073653336,1.4680979939925585,3.472478350188319,0.6811534407720202
131,geometry_matched_counterfeit,2.0819042312549745e-33,2.2922065777898441e-10,0.007469363427914482,0.05224106967587097,1.8227860318582008,0.012634318062184968,1.4700980295425767,3.365228812566748,0.6802267467222451
131,genesis_valid_source_shuffled,6.58407697824776e-13,2.2922065777898441e-10,0.010239352385632165,0.052213865158371446,1.847988742315985,0.022569348373524797,1.4597202908140787,3.3927315990475924,0.6850627522899235
132,legitimate,0.9999999999961972,2.375662461129757e-10,0.005967112270084254,0.05182045591612551,1.9126813757933832,0.010323115065007549,1.45798404808938,3.4387761071339806,0.6858785604060589
132,raw_shift,4.723847832329608e-13,2.375662461129757e-10,0.007621107490441854,0.052279192783191944,1.86465915022942,0.012212002014955174,1.4713194284197888,3.408090880937798,0.679662064323135
132,retained_order_shuffle,1.4211780368028696e-12,2.375662461129757e-10,0.007308842095911053,0.05219317670033821,1.8304197077123743,0.01187463423052546,1.46406165873601,3.3658580194751586,0.6830313423151049
132,source_event_shuffle,8.670187615334018e-18,2.375662461129757e-10,0.008793629792577601,0.051924678872183626,1.8549721817483418,0.019419564030716794,1.4587377961815484,3.3938478506253684,0.6855241583622376
132,valid_prefix_invalid_suffix,7.610980541393028e-15,2.375662461129757e-10,0.008699286685903635,0.08392552017733272,1.8946582461090866,0.015487353623275097,1.4680540785012526,3.4708244850968506,0.6811738168524687
132,geometry_matched_counterfeit,2.4292961224621802e-33,2.375662461129757e-10,0.008342570293000721,0.052354818165961256,1.824268795424573,0.013572806651182788,1.4700923060736464,3.3686312966083642,0.6802293950298611
132,genesis_valid_source_shuffled,7.277560044114205e-13,2.375662461129757e-10,0.010362013473580749,0.052183517912987754,1.848223557981589,0.022766741381265932,1.4597214162780652,3.393257247027489,0.6850622240977304
133,legitimate,0.9999999999958468,2.4703594401611264e-10,0.005683136281833559,0.05197456984711045,1.9133023461536784,0.010310990378334257,1.457951290518123,3.43922233317908,0.6858939708768765
133,raw_shift,5.056718423350249e-13,2.4703594401611264e-10,0.007858035888198665,0.05222604177666547,1.8640857244686106,0.01278302088802797,1.4713176675323638,3.4082704905538668,0.6796628777493642
133,retained_order_shuffle,1.6644338923645533e-12,2.4703594401611264e-10,0.00782932447808801,0.052085031715055595,1.830934235487626,0.012471352830034456,1.464084693228526,3.3674046377393303,0.6830205961605856
133,source_event_shuffle,9.59894777367973e-18,2.4703594401611264e-10,0.008451978940592906,0.05176001717278675,1.8550999867798914,0.0189035745782355,1.4587508414348678,3.392966398906374,0.6855180278867319
133,valid_prefix_invalid_suffix,7.104517143304968e-15,2.4703594401611264e-10,0.008740871860339458,0.08375036128869123,1.894285595186814,0.01575604234664523,1.4679900140990076,3.4705228847814977,0.6812035438894257
133,geometry_matched_counterfeit,2.8282720407733457e-33,2.4703594401611264e-10,0.008324322672990915,0.05220865729868879,1.826088705147837,0.013402470713422904,1.4700780023378024,3.3701021581707415,0.6802360136049057
133,genesis_valid_source_shuffled,8.048151415663017e-13,2.4703594401611264e-10,0.010245936358579849,0.0521535266983134,1.8489549258685793,0.022407771347481786,1.4597116365427756,3.39347379681573,0.6850668138585029
134,legitimate,0.9999999999954313,2.5806774220402965e-10,0.006116971721292916,0.05225653255218269,1.912682817826513,0.010569269732968954,1.4579339801097295,3.439559571942687,0.6859021146645327
134,raw_shift,5.419661304868196e-13,2.5806774220402965e-10,0.008042819803377574,0.05229972578264171,1.863466443637101,0.012902067876758967,1.4713414313671305,3.4080524884670096,0.6796519004221582
134,retained_order_shuffle,1.954480375924908e-12,2.5806774220402965e-10,0.007350162065724041,0.05207850792215762,1.8311743525090145,0.011867163494532085,1.4640715201735184,3.3665417061649467,0.6830267416717581
134,source_event_shuffle,1.0634987686032675e-17,2.5806774220402965e-10,0.008440311884026273,0.05168465263922817,1.8552692160270474,0.018807850634958198,1.4587685383838254,3.3929705695690853,0.6855097115725053
134,valid_prefix_invalid_suffix,6.650674368575549e-15,2.5806774220402965e-10,0.0086412462563037,0.08386709152492995,1.8936582709300613,0.015421880201574,1.4679767833837687,3.469565272296638,0.6812096835029475
134,geometry_matched_counterfeit,3.30540223433531e-33,2.5806774220402965e-10,0.00795266337637152,0.05239116960717091,1.8250288479094283,0.013265169622984511,1.4700616160550455,3.368699466571001,0.6802435959671269
134,genesis_valid_source_shuffled,8.913892266785382e-13,2.5806774220402965e-10,0.009737875640628208,0.0522682660137371,1.849693977331492,0.02171917282926305,1.459700024966761,3.393119316781881,0.6850722634065252
135,legitimate,0.9999999999949638,2.706081839447734e-10,0.006340073915090547,0.052268185881889355,1.9129709541270592,0.010437342471189198,1.4579024275167973,3.4399189839120257,0.6859169592726537
135,raw_shift,5.830405452639687e-13,2.706081839447734e-10,0.007442628978241811,0.051977707016015895,1.8636215189155134,0.012310713782786753,1.4713604060241399,3.4067129747166978,0.6796431356343853
135,retained_order_shuffle,2.28875516724322e-12,2.706081839447734e-10,0.007904352368831406,0.05218230914939987,1.831312172564849,0.012705985898024724,1.4640488416889021,3.368153661670007,0.683037321927698
135,source_event_shuffle,1.1779174647859906e-17,2.706081839447734e-10,0.008827691014978987,0.05161459277187129,1.8552565519439401,0.018985190625765758,1.4587877661278528,3.393471792484409,0.685500676121586
135,valid_prefix_invalid_suffix,6.220509909203353e-15,2.706081839447734e-10,0.009089722197268344,0.08395449338362117,1.8934459481017603,0.015873520866043087,1.4679491066231178,3.4703127911718106,0.6812225270526853
135,geometry_matched_counterfeit,3.866602217282696e-33,2.706081839447734e-10,0.0081449167707566,0.05249383691838935,1.824627807771809,0.013306484868419167,1.4700650418226093,3.3686380881519833,0.6802420107607718
135,genesis_valid_source_shuffled,9.871621580930071e-13,2.706081839447734e-10,0.00940950403742869,0.05230272723890704,1.8507262330628786,0.021405035151819473,1.4596876911219994,3.393531190613033,0.6850780520248706
136,legitimate,0.999999999994413,2.85213218245874e-10,0.006534585968110457,0.052017701314655815,1.9136499876899764,0.010892063497103222,1.4578766243478243,3.44097096281767,0.6859290994160007
136,raw_shift,6.302233677223578e-13,2.85213218245874e-10,0.007071606722428764,0.051749802433464304,1.8635639292555444,0.011866012360552736,1.4713479853874605,3.4055993361594505,0.6796488729586234
136,retained_order_shuffle,2.6822831220745388e-12,2.85213218245874e-10,0.008076701567701258,0.052271804612166226,1.8313307212002712,0.013170815590131573,1.4640026160290909,3.3688526589993613,0.6830588887271942
136,source_event_shuffle,1.2995029067627531e-17,2.85213218245874e-10,0.009654003188611987,0.05191754981549466,1.8561269287140278,0.019842518504393128,1.4587782385027694,3.396319238725297,0.6855051532883439
136,valid_prefix_invalid_suffix,5.8631060505238035e-15,2.85213218245874e-10,0.0080826778710657,0.0839486027658052,1.8932720317364387,0.01461062629627482,1.4679535588956596,3.467867497565244,0.6812204609189622
136,geometry_matched_counterfeit,4.5121495676333194e-33,2.85213218245874e-10,0.00798283070454597,0.05277212190963199,1.8268039507692093,0.013174762457710865,1.4700566055490116,3.37079027139011,0.6802459144932498
136,genesis_valid_source_shuffled,1.0967681749279023e-12,2.85213218245874e-10,0.009106941760818447,0.052462239854529524,1.8510340458388477,0.02082460419671904,1.4596845894938884,3.393112421144803,0.685079507721094
137,legitimate,0.9999999999938052,3.013995212399741e-10,0.006177908624338289,0.051896753885121036,1.9130253744137118,0.010300083638087206,1.4578591775353478,3.439259298096606,0.6859373082173403
137,raw_shift,6.787512760232557e-13,3.013995212399741e-10,0.0072876706216277645,0.051711454373644446,1.8631410154241257,0.012079224884428998,1.471321549738033,3.40554091504186,0.6796610844016915
137,retained_order_shuffle,3.131476849514096e-12,3.013995212399741e-10,0.008274663269645965,0.05237430626966457,1.831020810882821,0.013221496526415537,1.4639878451917416,3.3688791221402887,0.683065780418118
137,source_event_shuffle,1.4279553581016803e-17,3.013995212399741e-10,0.009513421013572002,0.052098139139294085,1.8563995249595928,0.019603034805969834,1.458798910147628,3.396413030066057,0.6854954394621414
137,valid_prefix_invalid_suffix,5.501875141263021e-15,3.013995212399741e-10,0.00801386176664907,0.08410244956405044,1.89360311804248,0.01448967733358334,1.4679549809390744,3.468164087645837,0.6812198010042624
137,geometry_matched_counterfeit,5.2565049637418505e-33,3.013995212399741e-10,0.007678883722918009,0.052796561210744206,1.8261880054692954,0.013132019985751324,1.4700580605087332,3.3698535308974424,0.6802452412338508
137,genesis_valid_source_shuffled,1.2115823117846979e-12,3.013995212399741e-10,0.009351439056512817,0.052648710495337446,1.8513329151646167,0.02102217484721055,1.459649800142226,3.3940050397059034,0.685095835933456
138,legitimate,0.9999999999930829,3.2025690337766385e-10,0.006207054995361183,0.05171966211436869,1.9129415897297564,0.010504322735270476,1.4578515071829743,3.439224136757731,0.6859409172137534
138,raw_shift,7.308335886077449e-13,3.2025690337766385e-10,0.007089820708109075,0.05161011933013204,1.8636331679919729,0.011969274447862034,1.4713167389777675,3.4056191214558433,0.6796633066876563
138,retained_order_shuffle,3.67563969578207e-12,3.2025690337766385e-10,0.007694943419737377,0.05230997596018605,1.8299332480234318,0.012487942563505819,1.4639696385092238,3.366395748476085,0.683074275376945
138,source_event_shuffle,1.570962593390667e-17,3.2025690337766385e-10,0.009166852668065857,0.05185050338895398,1.856881606381404,0.019130355358833638,1.4588107522805709,3.395840070077828,0.6854898748417044
138,valid_prefix_invalid_suffix,5.150862433624454e-15,3.2025690337766385e-10,0.008403420135675358,0.08415353058426477,1.8936858240211683,0.014972251665191519,1.4679749309935834,3.4691899573998835,0.6812105430994605
138,geometry_matched_counterfeit,6.138765922943689e-33,3.2025690337766385e-10,0.007643483363543762,0.052590710480773926,1.8254974109848794,0.012888339010743408,1.4700781102490446,3.368698054088985,0.6802359636721078
138,genesis_valid_source_shuffled,1.331682781067336e-12,3.2025690337766385e-10,0.010100931949211434,0.05264662163578708,1.8522142410543831,0.021696679141205714,1.459603758252082,3.3962622320326696,0.685117446666532
139,legitimate,0.9999999999922532,3.4192853379540036e-10,0.005656495302593979,0.051775590476450715,1.9134798026498743,0.009614939456446097,1.457871828030051,3.4383986559154165,0.6859313560848431
139,raw_shift,7.800316712690803e-13,3.4192853379540036e-10,0.008339133966711898,0.051524901598856226,1.8643760948377353,0.013272735188329814,1.4712727275143007,3.408785593105934,0.6796836380485471
139,retained_order_shuffle,4.324198342706275e-12,3.4192853379540036e-10,0.007057779335242226,0.05229804025401094,1.8296230989509683,0.011597686831004367,1.46395860303488,3.3645352084061058,0.6830794244628722
139,source_event_shuffle,1.7240342676367134e-17,3.4192853379540036e-10,0.009082656032567,0.05192817916408472,1.8574272732480388,0.01890930199626202,1.4587882906681044,3.396135701109057,0.6855004296343477
139,valid_prefix_invalid_suffix,4.8122465113643735e-15,3.4192853379540036e-10,0.008123420513579132,0.08398615027357309,1.8945043249658684,0.014705340387366105,1.467988573516299,3.469307809656686,0.681204212375587
139,geometry_matched_counterfeit,7.18018348833422e-33,3.4192853379540036e-10,0.007282723813078671,0.05285404353666278,1.8244765273397199,0.012494418002458124,1.4700631223128557,3.3671708350047753,0.6802428989751312
139,genesis_valid_source_shuffled,1.4613553940432651e-12,3.4192853379540036e-10,0.009925360044636792,0.052642930264828525,1.8525197160910063,0.021471165233117578,1.4596026816683525,3.3961618533019418,0.6851179520001445
140,legitimate,0.9999999999912538,3.678629546058215e-10,0.006175864214965287,0.052058849806370246,1.9144501345403995,0.010085679196084697,1.4578687480382269,3.4406392757960464,0.6859328052296798
140,raw_shift,8.364932071660217e-13,3.678629546058215e-10,0.008474895930756107,0.05141058194974625,1.8642835785796714,0.013436654680334392,1.4712681661092852,3.4088738772497935,0.6796857452866611
140,retained_order_shuffle,5.109216942532204e-12,3.678629546058215e-10,0.007256691048301972,0.0522862122539744,1.8293458074211597,0.012005081137412641,1.4639184915037784,3.364812283364627,0.6830981409158292
140,source_event_shuffle,1.895377711856463e-17,3.678629546058215e-10,0.009581103534043695,0.05168512336514136,1.8578297025971073,0.019660330391772105,1.4588143386119694,3.397570598500034,0.6854881896417468
140,valid_prefix_invalid_suffix,4.532471342908719e-15,3.678629546058215e-10,0.008059638318093284,0.08395286856075726,1.8934426152296344,0.01444466430000306,1.467965254939803,3.467865041348291,0.6812150332805658
140,geometry_matched_counterfeit,8.403452787151872e-33,3.678629546058215e-10,0.008150441048219598,0.05242537749827647,1.825028477212861,0.013510569581454804,1.4700163516954279,3.36913121703624,0.6802645418502934
140,genesis_valid_source_shuffled,1.6144438606732945e-12,3.678629546058215e-10,0.009386739711287185,0.05246755374513418,1.8530085517125972,0.0208891179027995,1.4596026847688068,3.395354647840625,0.6851179505448327
141,legitimate,0.9999999999900988,3.9781410171525336e-10,0.006258466254686215,0.05188426337744085,1.9146649955248727,0.010197352785177007,1.4578489960279626,3.440854073970139,0.6859420987517431
141,raw_shift,8.975863993109981e-13,3.9781410171525336e-10,0.008818768536542052,0.051329031368442975,1.8636143089064576,0.013790533301925723,1.4712600761654806,3.408812718278849,0.6796894826404937
141,retained_order_shuffle,6.038285925638092e-12,3.9781410171525336e-10,0.007533991293884047,0.052157414497356995,1.8290644602408808,0.01223149270657432,1.4639239732939413,3.364911332032637,0.683095582995652
141,source_event_shuffle,2.080667944468648e-17,3.9781410171525336e-10,0.00989881161746182,0.05159820170369152,1.8583999522328514,0.01975589584714375,1.4588053805695105,3.3984582419706593,0.685492398998519
141,valid_prefix_invalid_suffix,4.269934108864075e-15,3.9781410171525336e-10,0.008088246978889468,0.08400761183677062,1.8933860449236595,0.014571322080591767,1.4679230959248621,3.4679763217447737,0.6812345978986617
141,geometry_matched_counterfeit,9.889594782847593e-33,3.9781410171525336e-10,0.0075277415673206645,0.05226984209185699,1.8241022700425058,0.012933770059022333,1.4700020388902795,3.3668356626509857,0.6802711653063018
141,genesis_valid_source_shuffled,1.7790741100416884e-12,3.9781410171525336e-10,0.009921169101036447,0.0525233147096196,1.853357351582191,0.02130243847814516,1.4596122876344864,3.3967165615054786,0.6851134431179567
142,legitimate,0.9999999999886965,4.338399816815169e-10,0.007017340156271116,0.05200454522138486,1.9146471326828012,0.011356219335143778,1.4578181839491389,3.44284342134474,0.6859565966515827
142,raw_shift,9.659033848865635e-13,4.338399816815169e-10,0.009078596264774683,0.05134362017139779,1.8635289342019539,0.014273302461722169,1.4712760449740898,3.409500498073938,0.6796821054856089
142,retained_order_shuffle,7.175621689180592e-12,4.338399816815169e-10,0.00721245330651273,0.05244502173884346,1.829081321532668,0.011749198522460692,1.4639148717244086,3.3644028668248938,0.6830998299925685
142,source_event_shuffle,2.2930317193557446e-17,4.338399816815169e-10,0.009532451175870676,0.051949616855722316,1.8590507186029437,0.019356266407888418,1.4587789739408523,3.3986680269832776,0.6855048076934287
142,valid_prefix_invalid_suffix,4.024597566710016e-15,4.338399816815169e-10,0.00868027502475854,0.08400248824980155,1.8936527983761609,0.015499823314006709,1.4679050697867975,3.469740454751525,0.6812429635819535
142,geometry_matched_counterfeit,1.1599190158463808e-32,4.338399816815169e-10,0.007617705307773631,0.05217715636455629,1.8274063234396787,0.01314533718129688,1.4700186675206965,3.370365189814002,0.680263470181035
142,genesis_valid_source_shuffled,1.9696446126173812e-12,4.338399816815169e-10,0.009809624344017949,0.052374200873644784,1.8536940287822585,0.021119806178743185,1.4595911881132138,3.396588848291878,0.685123346963489
143,legitimate,0.9999999999870836,4.752992805068176e-10,0.0072888552226819565,0.05195136911031024,1.9152853989903762,0.011447606485204227,1.4577973623495881,3.4437705921581605,0.6859663941131048
143,raw_shift,1.038177702897659e-12,4.752992805068176e-10,0.009413643151261086,0.05136095026651339,1.864312780184126,0.014620248586758158,1.4712636822848684,3.4109713044735273,0.6796878166975016
143,retained_order_shuffle,8.505564602277047e-12,4.752992805068176e-10,0.007783836406608265,0.052251752987659064,1.8300458272582973,0.012519518930279284,1.4638827456999814,3.3664836812828254,0.6831148211398369
143,source_event_shuffle,2.5336461751097856e-17,4.752992805068176e-10,0.009285413706415975,0.05194450528088368,1.859320137136928,0.019075009912675543,1.4587888878161313,3.3984139538530345,0.6855001490281323
143,valid_prefix_invalid_suffix,3.799064589146258e-15,4.752992805068176e-10,0.00863161802712447,0.08388701931922354,1.8941828930085811,0.015376596552337921,1.4679061228714978,3.469984249778765,0.6812424748541452
143,geometry_matched_counterfeit,1.3575344258764937e-32,4.752992805068176e-10,0.008322197686362658,0.0517345077317676,1.8285346476164481,0.013670483308303994,1.4699996905825194,3.372261526925402,0.680272252031739
143,genesis_valid_source_shuffled,2.1835887892718076e-12,4.752992805068176e-10,0.00999926355385412,0.05219366671161595,1.8537525686110299,0.02136692893659326,1.4595869688600749,3.396899396673168,0.6851253274613243
144,legitimate,0.9999999999851733,5.240038649585899e-10,0.007316410741273804,0.05198604926068365,1.91549308265046,0.01171198600735474,1.457798512773374,3.444306041433146,0.6859658527817417
144,raw_shift,1.1209881612950404e-12,5.240038649585899e-10,0.008777524973820944,0.05141839931504637,1.8641689801148085,0.013803338518778688,1.471254336826363,3.4094225797488176,0.6796921340980546
144,retained_order_shuffle,1.0093513683025646e-11,5.240038649585899e-10,0.007353665468321103,0.05228401069888601,1.8306947733744943,0.01227445806704296,1.4638934976649103,3.3665004052736545,0.6831098038167795
144,source_event_shuffle,2.7935503061736233e-17,5.240038649585899e-10,0.00990403318163491,0.05213014255651946,1.8595893028387231,0.01950693145215835,1.4587875146415767,3.3999179246706124,0.6855007942978184
144,valid_prefix_invalid_suffix,3.590100367838675e-15,5.240038649585899e-10,0.008358902118447224,0.08387865005762526,1.8950625082959824,0.01482093154154689,1.467900829397864,3.470021821411466,0.681244931518115
144,geometry_matched_counterfeit,1.5920792258635087e-32,5.240038649585899e-10,0.008641076517074901,0.05172311998794693,1.8276821656487177,0.013821256499290651,1.4699971869121988,3.371864805565229,0.6802734106580701
144,genesis_valid_source_shuffled,2.4221481213240278e-12,5.240038649585899e-10,0.009885057451918563,0.05199015450804789,1.8545043960977865,0.021248660292241144,1.459548208072164,3.3971764764221577,0.685143522130992
145,legitimate,0.9999999999829019,5.815090897708572e-10,0.007510637670170064,0.05192208687089428,1.915282727361325,0.012211681055627886,1.4577897667507451,3.4447168997087623,0.6859699682399565
145,raw_shift,1.2121318626477798e-12,5.815090897708572e-10,0.008716902494696137,0.05142459525422179,1.8638877659699316,0.013938572226310425,1.4712172018980356,3.409185037843195,0.6797092901771515
145,retained_order_shuffle,1.2008366032637464e-11,5.815090897708572e-10,0.007348420029692146,0.05222065926547539,1.8302998555403285,0.012014074257043412,1.463874541377055,3.3657575504695947,0.6831186496746122
145,source_event_shuffle,3.084910200798248e-17,5.815090897708572e-10,0.009809367943914557,0.051811246274497944,1.8597763146033264,0.019467657020122965,1.458757199978584,3.399621785820446,0.685515039797728
145,valid_prefix_invalid_suffix,3.3900395721602213e-15,5.815090897708572e-10,0.00814011003514374,0.08397560917606658,1.8961236094802207,0.01465246790172035,1.467888087294932,3.4707798838880835,0.681250845111334
145,geometry_matched_counterfeit,1.8789181472234495e-32,5.815090897708572e-10,0.008119454858838797,0.05179539634614401,1.8260658640498661,0.013447666380741442,1.46999065151453,3.3694190331501206,0.6802764350699992
145,genesis_valid_source_shuffled,2.684421112980473e-12,5.815090897708572e-10,0.00999797722273746,0.05189810065708625,1.855230228069835,0.021301895751465492,1.459556741434301,3.397984943135425,0.6851395164095123
146,legitimate,0.9999999999801789,6.50022640024919e-10,0.007585636925231391,0.05198772007314413,1.9157309305783914,0.011977800695819288,1.457822627077157,3.4451047153497436,0.6859545060042589
146,raw_shift,1.3131471209090612e-12,6.50022640024919e-10,0.00848849867016335,0.05167828579819665,1.8638822924374023,0.01346168191438971,1.4712094296256226,3.4087201884457747,0.6797128810226549
146,retained_order_shuffle,1.4330165944052377e-11,6.50022640024919e-10,0.0069787706111723,0.052005599788725064,1.8302634743833335,0.011654164841702072,1.4638557758629585,3.3647577854878916,0.6831274067344685
146,source_event_shuffle,3.4055095151392004e-17,6.50022640024919e-10,0.009627382818874387,0.051867261104388704,1.860578947975389,0.01932434691807887,1.4587649505575009,3.400162889374232,0.6855113975807878
146,valid_prefix_invalid_suffix,3.202283459417172e-15,6.50022640024919e-10,0.008513493210940509,0.08362035550421133,1.8961134055248627,0.01491043478051925,1.4678458709335185,3.4710035599540525,0.6812704384027416
146,geometry_matched_counterfeit,2.223809221167707e-32,6.50022640024919e-10,0.007933373851133008,0.051460331114869404,1.8256692284064913,0.013458913003438858,1.4699803993091765,3.368502245685109,0.680281179577962
146,genesis_valid_source_shuffled,2.9813452845202714e-12,6.50022640024919e-10,0.009710849556026094,0.05177472649705589,1.855625034976396,0.02077186269372798,1.4595360906832944,3.3974185644065003,0.6851492103428438
147,legitimate,0.9999999999770557,7.282494896333033e-10,0.007435815552293934,0.051697504570219946,1.9149794751399605,0.011837775021083928,1.4578108254375746,3.4437613957211326,0.685960059116987
147,raw_shift,1.4153730393578947e-12,7.282494896333033e-10,0.008764442911244204,0.05179887073784757,1.8639702947059356,0.013951478423909255,1.4712006317016193,3.4096857184805556,0.6797169457723176
147,retained_order_shuffle,1.704567921592045e-11,7.282494896333033e-10,0.006714907731255845,0.051970840343806515,1.83111872488179,0.01123109598088314,1.4638485853117769,3.3648841542495127,0.6831307623155245
147,source_event_shuffle,3.7502931648894963e-17,7.282494896333033e-10,0.009515160635339998,0.05185184070399601,1.8607308820821649,0.019074382626584292,1.4587530167240819,3.399925282772167,0.6855170056437921
147,valid_prefix_invalid_suffix,3.018825941713262e-15,7.282494896333033e-10,0.008342988225172078,0.08340859149841229,1.896268881827135,0.01472488860787231,1.4678324735693522,3.4705778237279437,0.6812766565702255
147,geometry_matched_counterfeit,2.606350667403948e-32,7.282494896333033e-10,0.008279802802460342,0.051477790660397066,1.8280127975401128,0.013851511854085723,1.469989747252642,3.3716116501096978,0.6802768535409816
147,genesis_valid_source_shuffled,3.2906271965150037e-12,7.282494896333033e-10,0.010043934744219673,0.051696512176894374,1.8564979800411296,0.021147801954594966,1.4595099179671973,3.398896146884036,0.6851614968066395
148,legitimate,0.9999999999734036,8.190599411467661e-10,0.007591154276396522,0.05162657208311272,1.9143567559188406,0.012197328135533978,1.4577885263808472,3.443560336794731,0.685970551902459
148,raw_shift,1.5270813223603343e-12,8.190599411467661e-10,0.008482776458796413,0.05180626511323298,1.864220645611256,0.013361435061879449,1.4711595996812663,3.409030721926431,0.6797359037151263
148,retained_order_shuffle,2.024926783448015e-11,8.190599411467661e-10,0.007199322235674033,0.052049204589772906,1.8303357999922458,0.011872675334748443,1.4638206603750108,3.3652776625274523,0.68314379422842
148,source_event_shuffle,4.1314052569667737e-17,8.190599411467661e-10,0.009116348102161229,0.05190703288598897,1.8612735315047848,0.018533648620716523,1.458737234410019,3.3995677955236703,0.685524422363146
148,valid_prefix_invalid_suffix,2.8468798220783e-15,8.190599411467661e-10,0.008264261248952432,0.08311500419431775,1.8963492714805994,0.014655453252431828,1.467832891843233,3.4702168820195345,0.6812764624335274
148,geometry_matched_counterfeit,3.038151515504019e-32,8.190599411467661e-10,0.008659704448602397,0.05151748724440437,1.8295881734654529,0.014113953094472017,1.4699999980101877,3.3738793162631193,0.6802721097633632
148,genesis_valid_source_shuffled,3.629212708424816e-12,8.190599411467661e-10,0.009652261522340479,0.052072279249548645,1.8571097897969062,0.020694936766950237,1.4595139984684637,3.3990432658042096,0.6851595812358684
149,legitimate,0.9999999999691628,9.238311822839683e-10,0.0073303271876084914,0.05167334118353215,1.9148466221855498,0.011798503693333615,1.4577501637531833,3.4433989580032076,0.685988604126719
149,raw_shift,1.6437376436378097e-12,9.238311822839683e-10,0.008746089871267296,0.05166001633993962,1.864725811143345,0.013657720880269116,1.4711482203913997,3.4099378586262206,0.679741161453112
149,retained_order_shuffle,2.4000168459545877e-11,9.238311822839683e-10,0.007381053304695875,0.052189452959738036,1.8305698114524955,0.012206650970910431,1.4638055289070167,3.3661524975948565,0.6831508559372698
149,source_event_shuffle,4.5482532376062656e-17,9.238311822839683e-10,0.009099741447515896,0.051761158986282155,1.8616313974245098,0.01845320932372379,1.4587599733615475,3.399705480543579,0.6855137365019375
149,valid_prefix_invalid_suffix,2.684518420383978e-15,9.238311822839683e-10,0.008129503581410367,0.08301648715215842,1.8966914641836838,0.014443898303548142,1.4678095332651877,3.4700908864859885,0.6812873042008395
149,geometry_matched_counterfeit,3.528563145939011e-32,9.238311822839683e-10,0.00901834052373742,0.051518679919597285,1.8302498284387438,0.014579536708728155,1.4700137219998402,3.375380107590647,0.680265758769998
149,genesis_valid_source_shuffled,4.005345025485307e-12,9.238311822839683e-10,0.009556600805884769,0.05194712132564,1.8571465225932646,0.020428807035338125,1.4594953673898803,3.398574419150008,0.6851683275890844
150,legitimate,0.9999999999641097,1.0476906767737971e-09,0.006748297607993996,0.05161836549382615,1.9160359590783682,0.011037560758605899,1.4577048195567666,3.4431450024955605,0.6860099428789739
150,raw_shift,1.7723470413910725e-12,1.0476906767737971e-09,0.008016216592905074,0.05168178331055258,1.8648448759372895,0.013225618978396811,1.4711346983303442,3.408903193149488,0.679747409352436
150,retained_order_shuffle,2.8504911001855783e-11,1.0476906767737971e-09,0.007441011872611614,0.052172358414014575,1.8293652437943975,0.012168247951690487,1.4638092591817013,3.3649561212144157,0.6831491150408191
150,source_event_shuffle,5.019912305347931e-17,1.0476906767737971e-09,0.008405345544949672,0.05183759224350999,1.8615285341999146,0.017735843091986045,1.4587880469280248,3.398295362008385,0.6855005441704721
150,valid_prefix_invalid_suffix,2.5267748875309432e-15,1.0476906767737971e-09,0.008368150841269708,0.08293551920005965,1.8965085293933732,0.015051182234434654,1.4678078076729393,3.4706711893420765,0.6812881051395488
150,geometry_matched_counterfeit,4.1084203113845723e-32,1.0476906767737971e-09,0.00901915166304818,0.051685941731593396,1.829077359974666,0.014192428591683732,1.4700120046715908,3.373986886632582,0.6802665534843274
150,genesis_valid_source_shuffled,4.422937129697718e-12,1.0476906767737971e-09,0.009081472392501129,0.05215342409741779,1.8575736633457904,0.01978134619213407,1.4594758878802152,3.3980657939080587,0.6851774724767596
151,legitimate,0.9999999999580277,1.1957128069471623e-09,0.006889274869421145,0.05136007150412737,1.9173354793728141,0.011160883249227926,1.4576773322819216,3.4444230412775125,0.6860228788994694
151,raw_shift,1.921761928957106e-12,1.1957128069471623e-09,0.0077397450906477,0.0514606193817006,1.8645081385494746,0.0127897191184996,1.4711349299184584,3.407633152058781,0.67974730234565
151,retained_order_shuffle,3.3965461650224e-11,1.1957128069471623e-09,0.007581705207358076,0.05193337429232242,1.8290889071903125,0.012367456146127484,1.463784422890518,3.3647558657266385,0.6831607061536069
151,source_event_shuffle,5.554738463709454e-17,1.1957128069471623e-09,0.008176192128240556,0.05191406550130366,1.8621017976162544,0.017396360483404413,1.458816954524654,3.3984053702538572,0.6854869604421239
151,valid_prefix_invalid_suffix,2.3886337757231066e-15,1.1957128069471623e-09,0.00851804987050349,0.08270309574894116,1.8959809552590328,0.015014202496798211,1.4677622747215413,3.469978578096817,0.6813092400731234
151,geometry_matched_counterfeit,4.8151679184409095e-32,1.1957128069471623e-09,0.008565659220540086,0.05129782866641076,1.8289278977136068,0.013492778047327793,1.4699878246702434,3.3722719883181287,0.680277743268286
151,genesis_valid_source_shuffled,4.891204745576238e-12,1.1957128069471623e-09,0.009250344027815015,0.05197370863338193,1.8578436196380064,0.02014226804960361,1.4594700745628957,3.3986800149117027,0.685180201655067
152,legitimate,0.9999999999509412,1.3670709882458109e-09,0.0067664446360106555,0.05121570520742347,1.9168205582734499,0.011156292312245544,1.457657471929233,3.4436164723583627,0.6860322258527762
152,raw_shift,2.0774452496808285e-12,1.3670709882458109e-09,0.0076817052072945926,0.05159593189671684,1.8647774607807877,0.01302667484588348,1.4711272192211187,3.408208991951801,0.6797508651413399
152,retained_order_shuffle,4.039881355977569e-11,1.3670709882458109e-09,0.007032995956817533,0.05205801210755181,1.8304245121747817,0.0114860790308077,1.4637711263973516,3.3647727256673106,0.6831669117970283
152,source_event_shuffle,6.133567604272337e-17,1.3670709882458109e-09,0.00817432556269802,0.05198259375614088,1.8621495340554557,0.017455765334255163,1.45879733054509,3.3985595492536396,0.6854961817244922
152,valid_prefix_invalid_suffix,2.257932543632464e-15,1.3670709882458109e-09,0.008157969156657527,0.08270772927651854,1.895856563394673,0.01470462442492924,1.4677677541221497,3.469194640374928,0.6813066966419477
152,geometry_matched_counterfeit,5.608724829915016e-32,1.3670709882458109e-09,0.008612321376626222,0.05135607240854416,1.8302461562812284,0.01407141676138379,1.469988472807946,3.3742744396357285,0.680277443324673
152,genesis_valid_source_shuffled,5.390809027995728e-12,1.3670709882458109e-09,0.009587733149710976,0.051609094022349374,1.8584109873373869,0.020305087038691785,1.4594959211550171,3.3994088227031565,0.6851680676210179
153,legitimate,0.9999999999427049,1.5648921491188097e-09,0.006988553365811574,0.05102886693489689,1.9166662024644736,0.011406442041078567,1.4576519479437904,3.443742012750051,0.6860348256723244
153,raw_shift,2.2510076782511764e-12,1.5648921491188097e-09,0.007597903050052121,0.05152898901677333,1.864466109642818,0.012585658229220394,1.4710910439424938,3.4072697038813575,0.6797675807464298
153,retained_order_shuffle,4.790397947237927e-11,1.5648921491188097e-09,0.006978443136303506,0.05206972355070977,1.8318395333414996,0.011693809402260159,1.4637067930801986,3.3662883025109718,0.6831969385713884
153,source_event_shuffle,6.77958522348901e-17,1.5648921491188097e-09,0.008186723196844952,0.05175077462219805,1.8621871546707631,0.01728371448044788,1.4588157584859256,3.3982241254561796,0.6854875224520609
153,valid_prefix_invalid_suffix,2.1319814743031622e-15,1.5648921491188097e-09,0.008410037591790617,0.08267922717993369,1.8959665518650426,0.015035877021232177,1.467740216351429,3.469831910009428,0.6813194793315501
153,geometry_matched_counterfeit,6.513845334828759e-32,1.5648921491188097e-09,0.009363221408002357,0.05151261488848406,1.830235853226097,0.014651167075975285,1.4699761686848485,3.375739025283407,0.6802831374424291
153,genesis_valid_source_shuffled,5.952062616637372e-12,1.5648921491188097e-09,0.008847266586600466,0.051651671210113693,1.8593238268103982,0.019387147311109618,1.4595128525880385,3.3987227645062603,0.685160119162582
154,legitimate,0.9999999999330653,1.794644512660894e-09,0.006839785190276388,0.05111123480614539,1.9168122996350105,0.011250993028796428,1.457629979201678,3.443644291861907,0.6860451652800303
154,raw_shift,2.4387099447896986e-12,1.794644512660894e-09,0.007838824118753985,0.051450589381326406,1.8644790045516493,0.012391313348266944,1.4710794625586723,3.407239193958669,0.6797729323603042
154,retained_order_shuffle,5.6764387076266704e-11,1.794644512660894e-09,0.007081996678977636,0.05225202935643355,1.8318109447533175,0.011669323889484023,1.4636888329644726,3.3665031276426856,0.6832053217029694
154,source_event_shuffle,7.481044335239842e-17,1.794644512660894e-09,0.008382759007673357,0.05187808362356322,1.8625253109699078,0.01730310504770957,1.4588020897327114,3.3988913483815653,0.6854939453656568
154,valid_prefix_invalid_suffix,2.0061687085785427e-15,1.794644512660894e-09,0.008807020201520386,0.082659650997183,1.8968068183728366,0.015269715961970047,1.4677488267457957,3.4712920322793055,0.6813154824423686
154,geometry_matched_counterfeit,7.570371165900812e-32,1.794644512660894e-09,0.008802269195392369,0.051533648446051086,1.830549788340976,0.01445335804684389,1.469981530401135,3.3753205944303986,0.6802806561288193
154,genesis_valid_source_shuffled,6.54458531006569e-12,1.794644512660894e-09,0.009408610637855402,0.051673285473875806,1.86000141329728,0.019898804567029235,1.4595257143341671,3.4005078283102073,0.685154081341238
155,legitimate,0.9999999999218536,2.0598750520508585e-09,0.006202078603801911,0.05098689543350941,1.917009276768753,0.01040061499248977,1.4576103217752512,3.4422091875738055,0.6860544173291964
155,raw_shift,2.6289932988924924e-12,2.0598750520508585e-09,0.00805993037256071,0.05132330810780965,1.8647708539571919,0.012861190271759148,1.4710430828187606,3.408058365528082,0.679789743535155
155,retained_order_shuffle,6.716860366000762e-11,2.0598750520508585e-09,0.006854589891871068,0.052344638428711954,1.83130953394354,0.011508063244901546,1.4636938211872474,3.365710646696272,0.683202993360596
155,source_event_shuffle,8.202377327844914e-17,2.0598750520508585e-09,0.008806046939100613,0.05170881785131252,1.863191029881847,0.017857352765631346,1.4588042896624305,3.400367537100322,0.6854929116159528
155,valid_prefix_invalid_suffix,1.883669132625654e-15,2.0598750520508585e-09,0.008324202622040502,0.08236989824485708,1.8975475516659444,0.014866133822219355,1.4677401497958755,3.4708479361509372,0.6813195102263887
155,geometry_matched_counterfeit,8.781234479023723e-32,2.0598750520508585e-09,0.008867332903260534,0.05173294701369222,1.8296823803051263,0.014494455612455753,1.4699889346390904,3.3747660504736254,0.6802772295997239
155,genesis_valid_source_shuffled,7.1635625599269114e-12,2.0598750520508585e-09,0.009296654284900532,0.051608335428641974,1.860914656058221,0.019785328891329966,1.459527220216439,3.4011321948795326,0.6851533744264438
156,legitimate,0.9999999999086046,2.370959466681396e-09,0.006896822319330626,0.050998490892009876,1.916253373861473,0.010927980388845102,1.4576076738773813,3.44268434133904,0.6860556636193078
156,raw_shift,2.8375519163529165e-12,2.370959466681396e-09,0.00809000367074369,0.05127747066191232,1.8643672789463903,0.013205440460175863,1.4710438374453954,3.4079840311846175,0.6797893948117292
156,retained_order_shuffle,7.953075904185079e-11,2.370959466681396e-09,0.0069688442532324195,0.05236367491554368,1.83127378968464,0.011634740412040868,1.4636533274744459,3.365894376739903,0.6832218949852356
156,source_event_shuffle,8.997568680615812e-17,2.370959466681396e-09,0.008624674478813673,0.05165288276820584,1.8637165755279015,0.017840389584727806,1.4587905626279836,3.4006250849876327,0.6854993620174373
156,valid_prefix_invalid_suffix,1.774792291275846e-15,2.370959466681396e-09,0.00762596830346666,0.08230397886092268,1.8981071633127176,0.014004846299233677,1.4677051772954008,3.469747134071741,0.6813357447176636
156,geometry_matched_counterfeit,1.0260011616487181e-31,2.370959466681396e-09,0.008280788134720092,0.051376888980749415,1.8286600607020636,0.013648207194151872,1.46997431771494,3.371940262726625,0.680283994044889
156,genesis_valid_source_shuffled,7.841091241576376e-12,2.370959466681396e-09,0.009243398808276026,0.05141141376716681,1.8617642671668118,0.019688505137357114,1.4594992145493646,3.4016067994289765,0.6851665215231382
157,legitimate,0.9999999998928607,2.737869603889128e-09,0.006885348795533575,0.05105448777939323,1.916177112108059,0.010991218029187143,1.457603499011938,3.442711665724111,0.6860576286187635
157,raw_shift,3.0709021801943293e-12,2.737869603889128e-09,0.007731942906875423,0.05129669560924166,1.8642050243225796,0.012514411451148708,1.4710409964062912,3.406789070696137,0.6797907076971335
157,retained_order_shuffle,9.430432241814136e-11,2.737869603889128e-09,0.006806032712185214,0.052489386669860416,1.8310641444279596,0.011251819559038978,1.4636533857776683,3.3652647691467124,0.6832218677697496
157,source_event_shuffle,9.859538381120103e-17,2.737869603889128e-09,0.00871565320798836,0.05164514111956534,1.8641798196830321,0.017810703853832766,1.458776276967923,3.4011275948323414,0.685506075048772
157,valid_prefix_invalid_suffix,1.676498897446521e-15,2.737869603889128e-09,0.00679554508759954,0.08240795429572373,1.8983103212910346,0.013414747563267118,1.4676811737559705,3.4686097419935953,0.6813468877844999
157,geometry_matched_counterfeit,1.1971120430391676e-31,2.737869603889128e-09,0.008258302386034732,0.0512039736119585,1.8291367363894933,0.014004050824984675,1.469998081393806,3.372601144606277,0.6802729967173572
157,genesis_valid_source_shuffled,8.5766151507701e-12,2.737869603889128e-09,0.009101735057030226,0.05162053996938247,1.8621502448383838,0.019593175058913753,1.4594908265036024,3.4019565214273126,0.6851704593403776
158,legitimate,0.9999999998739452,3.175377923390239e-09,0.006958171432251944,0.05109147960375892,1.9165816662040958,0.011257822520017127,1.4575921686678612,3.4434813084279847,0.686062961570707
158,raw_shift,3.3297810494903685e-12,3.175377923390239e-09,0.007442833252643181,0.05135544802947881,1.8643196847007535,0.012552763709605142,1.4710218683955918,3.4066925980880725,0.6797995471605089
158,retained_order_shuffle,1.1212139261359914e-10,3.175377923390239e-09,0.006778547941036456,0.052475237883673045,1.8306282859554845,0.011291756807991075,1.4636460609726647,3.3648198895608497,0.6832252869481213
158,source_event_shuffle,1.0804400703064447e-16,3.175377923390239e-09,0.008607719835626214,0.05179988417266192,1.8650836200801988,0.017629653637970005,1.4587630791230186,3.401883956849476,0.6855122770174049
158,valid_prefix_invalid_suffix,1.5891706695475946e-15,3.175377923390239e-09,0.00669012214603009,0.08234127196150123,1.8981327175459015,0.012967867544344118,1.467665393128657,3.467797372326434,0.6813542137604054
158,geometry_matched_counterfeit,1.4007749990701152e-31,3.175377923390239e-09,0.007700547017972398,0.05127485537454223,1.8301279206392125,0.012956163700503221,1.4700065358602687,3.3720660225924988,0.6802690842550001
158,genesis_valid_source_shuffled,9.413036059868476e-12,3.175377923390239e-09,0.008876190280262793,0.05154168652036998,1.861947120103618,0.019332591842467432,1.4594854413427825,3.4011830300895003,0.6851729874595407
159,legitimate,0.999999999852114,3.676701509782455e-09,0.007116028326765847,0.05097669951366793,1.9159887373357958,0.011523307667143821,1.4575746743869515,3.4431794472303245,0.6860711959194388
159,raw_shift,3.6152111367238576e-12,3.676701509782455e-09,0.007146316837812313,0.05135384610426702,1.8641698106708158,0.012116738972116622,1.471009230675823,3.4057959432608347,0.6798053874475696
159,retained_order_shuffle,1.3277982311745969e-10,3.676701509782455e-09,0.0074969323828705725,0.05233348431785705,1.830728396626968,0.01210205426316198,1.4636503322744723,3.36631119986533,0.6832232931239554
159,source_event_shuffle,1.1825023331512165e-16,3.676701509782455e-09,0.008301520644032147,0.05201097018820636,1.865654969737841,0.017400038437332517,1.4587826828489647,3.402150181856377,0.6855030648194749
159,valid_prefix_invalid_suffix,1.5024420959952818e-15,3.676701509782455e-09,0.006968888512881687,0.08228943817330847,1.898359060242755,0.013392637299035457,1.4676787140974044,3.468688738325385,0.681348029642519
159,geometry_matched_counterfeit,1.6447219028648693e-31,3.676701509782455e-09,0.00780379220883087,0.05142629490994709,1.8281361459296548,0.01283307049341584,1.470004843817302,3.3702041473591504,0.6802698672759027
159,genesis_valid_source_shuffled,1.0305093816893575e-11,3.676701509782455e-09,0.008789661807999926,0.05150203370971116,1.8631892160136043,0.019087331216528926,1.4594553976989868,3.4020236404468314,0.685187092099673
