t,episode,regime,controller,M,R,A,A_floor,turbulence,recovery,bad_now,harmed_now,action
0,0,stress,explicit_hierarchy,0.11337146003790646,0.45029809392501774,0.0510509523605656,0.22575865472094764,0.2811742229544847,0.4627405858718949,True,False,repair_product
0,1,stress,explicit_hierarchy,0.5783113835268853,0.7664784785809865,0.4432632293917524,0.2689896808022201,0.31151926416004305,0.2891151649108178,False,False,none
0,2,stress,explicit_hierarchy,0.48801605395496545,0.5564034031272316,0.2715337932012654,0.2097486561308073,0.15286548308587844,0.2847509476742773,False,False,lower_floor
0,3,stress,explicit_hierarchy,0.50903719928082,0.7369759798479245,0.37514818871902555,0.20119719741155873,0.17359414091163322,0.3532024005619246,False,False,none
0,4,stress,explicit_hierarchy,0.40175264388906184,0.6551904261469642,0.263224485955344,0.1885647158570756,0.2817265668727405,0.5770474148106908,False,False,lower_floor+repair
0,5,stress,explicit_hierarchy,0.9366907212585948,0.9455621018428094,0.885699247169934,0.21291899102181738,0.280645612242322,0.4738597567927707,False,False,none
0,6,stress,explicit_hierarchy,0.5815623475561692,0.48818259880140785,0.2839086181950183,0.13121796705242567,0.08693191224241185,0.533324582164792,False,False,none
0,7,stress,explicit_hierarchy,0.8632114862555116,0.5864975124527924,0.5062713894095353,0.09384433781091836,0.051031410309592906,0.6064483254446956,False,False,none
0,8,stress,explicit_hierarchy,0.6380590192625754,0.6513383997991525,0.4155923405839025,0.29483724259445865,0.4753300905509338,0.4407841325620675,False,False,none
0,9,stress,explicit_hierarchy,0.37376116424157674,0.693003903492583,0.25901794579334514,0.3375234135096187,0.45709787214171266,0.23405740793430077,True,False,none
0,10,stress,explicit_hierarchy,0.3602081052963764,0.8735622169234106,0.3146641910164839,0.2003327336962826,0.07709792234040236,0.20401865330445948,False,False,none
0,11,stress,explicit_hierarchy,0.2501058836755467,0.7979518486331338,0.19957245223292602,0.18614942756244668,0.14719836173311346,0.37410812456723513,False,False,repair_product
0,12,stress,explicit_hierarchy,0.9171353618452269,0.3600407962863732,0.3302061459811465,0.22198508181935347,0.08871344260275904,0.21134144475440664,False,False,lower_floor
0,13,stress,explicit_hierarchy,0.4272751381689357,0.6845837702500754,0.29250562502181193,0.19435603296348164,0.2637525065350353,0.5244579979992992,False,False,none
0,14,stress,explicit_hierarchy,0.5020611576325114,0.9175858266347762,0.4606842023474406,0.33405000017647346,0.5538729131542814,0.4017571117589726,False,False,lower_floor+repair
0,15,stress,explicit_hierarchy,0.6844044446091251,0.7392799940422234,0.5059665137331052,0.11251274888011423,0.10127200193172399,0.6082108827247537,False,False,none
0,16,stress,explicit_hierarchy,0.7350069343301139,0.5987693902659164,0.4400996539100627,0.1695003884527574,0.07277340291626551,0.3256396027309313,False,False,none
0,17,stress,explicit_hierarchy,0.8228657235055162,0.7949544070868062,0.6541407333413835,0.1825142697566257,0.13855837244125754,0.37557463237938415,False,False,none
0,18,stress,explicit_hierarchy,0.6820174515309524,0.62299803515991,0.42489553224855253,0.268698638669976,0.3872774246514298,0.4102782612398639,False,False,none
0,19,stress,explicit_hierarchy,0.7981661617912124,0.5733411725893031,0.45762152312247706,0.18352253083313141,0.14279024765630724,0.3780740136511055,False,False,none
0,20,stress,explicit_hierarchy,0.867275472595633,0.5845146738052224,0.5069352399635065,0.14300676728660622,0.07452075669346783,0.4387963344037982,False,False,none
0,21,stress,explicit_hierarchy,0.40793028520849295,0.9173420997109257,0.3742116243688357,0.2575611712017603,0.22773344807146895,0.20407307943915778,False,False,none
0,22,stress,explicit_hierarchy,0.7814968984364055,0.4234063879055906,0.33089077892638064,0.2163222420323921,0.07895271695190825,0.1930797984115583,False,False,preserve_R
0,23,stress,explicit_hierarchy,0.5489270339326301,0.8855599532106593,0.4861077984854459,0.21456183136932883,0.21091090218629688,0.35660129775609994,False,False,none
0,24,stress,explicit_hierarchy,0.5888640579469737,0.5374989509786368,0.31651381341552154,0.2584258948423056,0.21261446217928454,0.18174044036649536,False,False,none
0,25,stress,explicit_hierarchy,0.5274406765105337,0.5474290131416625,0.28873632903293234,0.21211874791603802,0.2170743670896645,0.3776108760994511,False,False,none
0,26,stress,explicit_hierarchy,0.6004327310608013,0.5956337995043877,0.35763802894854124,0.2718772168519406,0.2223438488140703,0.13588935707252542,False,False,none
0,27,stress,explicit_hierarchy,0.4039591398532439,0.5037993713440038,0.20351436070672876,0.15161390432595384,0.15007270084666427,0.5418074369224093,False,False,lower_floor+repair
0,28,stress,explicit_hierarchy,0.7908866830027156,0.6037094631225641,0.477465774786355,0.2159903111781173,0.2332489210883844,0.38601782848111993,False,False,none
0,29,stress,explicit_hierarchy,0.8517733637798961,0.46045997129051275,0.39220753863211444,0.13327678709644927,0.09466116047597326,0.5485352364807052,False,False,none
2,0,stress,explicit_hierarchy,0.23354465664724364,0.40529097189902835,0.09465354087438625,0.1377660834051811,0.08557105281268713,0.5384242478072383,True,False,lower_floor+repair
2,1,stress,explicit_hierarchy,0.5384676822913479,0.8215046669553491,0.4423537140069725,0.23504788107034186,0.24334847824766234,0.32260225276570775,False,False,none
2,2,stress,explicit_hierarchy,0.5163502777651395,0.6050893950345217,0.31243807719881556,0.18144881503450289,0.09078127858163684,0.30436696177716294,False,False,none
2,3,stress,explicit_hierarchy,0.5664737297856365,0.8096822826228441,0.45866374257871034,0.16531190188599443,0.1149398857829293,0.40985522796466123,False,False,none
2,4,stress,explicit_hierarchy,0.43634866269984335,0.7312310085195529,0.3190716726921647,0.1689522956013148,0.2091948896848201,0.5439240103288202,False,False,none
2,5,stress,explicit_hierarchy,0.9109441564056593,1.0,0.9109441564056593,0.16863255939958005,0.1811062079628941,0.5007824984429988,False,False,none
2,6,stress,explicit_hierarchy,0.6980911425101775,0.5824527893997711,0.406605133210326,0.13813422594918173,0.07680443396732523,0.4627144123266743,False,False,none
2,7,stress,explicit_hierarchy,0.8077352852077218,0.6872262680327714,0.5550969056116889,0.12547107366296212,0.08750689575859211,0.5324231113554287,False,False,none
2,8,stress,explicit_hierarchy,0.6770311428160429,0.6688335071454673,0.45282111369635775,0.27078773703007986,0.3740890942201949,0.3806921615566425,False,False,none
2,9,stress,explicit_hierarchy,0.23743472728120618,0.5602199579687396,0.13301567293779648,0.3035591163166938,0.3930658199495559,0.2741912302672394,True,False,none
2,10,stress,explicit_hierarchy,0.47580300578310974,0.9134065385019308,0.43460157652116443,0.16926289495316338,0.0663155324685856,0.31640419743707976,False,False,none
2,11,stress,explicit_hierarchy,0.19434988543588091,0.8600004269854703,0.16714098445943482,0.14743516849328048,0.09222597172461931,0.44837791984197856,False,False,none
2,12,stress,explicit_hierarchy,0.9707471531565409,0.4161754642841877,0.4040011471674769,0.20111222587454614,0.050455083472484785,0.21434649756908067,False,False,none
2,13,stress,explicit_hierarchy,0.41861070256311333,0.6613750115931445,0.27685865826069345,0.2170831979425226,0.2883393319194717,0.46869061744531937,False,False,none
2,14,stress,explicit_hierarchy,0.6264157437028006,0.8949995186024112,0.560641789058978,0.29553562432411323,0.47320766699754074,0.4345137047289678,False,False,none
2,15,stress,explicit_hierarchy,0.7843359841704174,0.8015232476092234,0.6286635252490494,0.12939307836100464,0.12022854951662096,0.567890710230464,False,False,none
2,16,stress,explicit_hierarchy,0.6455624816829767,0.6320288274158677,0.4080140983217694,0.15628845791817192,0.03647291503322131,0.32321354081021747,False,False,none
2,17,stress,explicit_hierarchy,0.8678997193761641,0.8048354898147577,0.6985164957542058,0.1675900447010528,0.10567445014902865,0.38569269314824217,False,False,none
2,18,stress,explicit_hierarchy,0.0,0.3767755140142425,0.0,0.486756772174303,0.8320861636890419,0.2781600776087861,True,False,lower_floor
2,19,stress,explicit_hierarchy,0.7857118077329583,0.6967099892739601,0.5474132651380532,0.16388216196971858,0.11261503450429879,0.41213146309131227,False,False,none
2,20,stress,explicit_hierarchy,0.7626643344131748,0.6250671438277287,0.4767164172109189,0.2117922788262488,0.22069328877372754,0.3836298787823654,False,False,none
2,21,stress,explicit_hierarchy,0.29833194923925993,0.9381484907963433,0.279879667935143,0.21146604920331408,0.1494057084503647,0.2721171666992687,False,False,none
2,22,stress,explicit_hierarchy,0.857959200556243,0.5062011615045966,0.4342999438451253,0.187500958713375,0.05340484515811572,0.23821985956770564,False,False,none
2,23,stress,explicit_hierarchy,0.671239761339215,0.9026128011980534,0.6058696012579017,0.21250122633914792,0.2210285073517076,0.38120669356042086,False,False,none
2,24,stress,explicit_hierarchy,0.5813694985498608,0.5142658256490336,0.29897846517890875,0.28820188956804377,0.30375328355049647,0.2116573984010065,False,False,none
2,25,stress,explicit_hierarchy,0.3567868159446521,0.5872040003469203,0.2095066455937401,0.14617683676432064,0.07247941950198578,0.4223555943601416,False,False,lower_floor+repair
2,26,stress,explicit_hierarchy,0.666713247190998,0.605365204609656,0.4036050013017467,0.24418080583015644,0.15591913543008534,0.14611860680531666,False,False,none
2,27,stress,explicit_hierarchy,0.5223400193909571,0.4862313161159502,0.253978075088496,0.1071177159390628,0.0,0.49691313520559244,False,False,none
2,28,stress,explicit_hierarchy,0.7635043438249949,0.5833355501676211,0.4453792264605219,0.2353683591430198,0.2642855899039652,0.35441735425202897,False,False,none
2,29,stress,explicit_hierarchy,0.966273326928522,0.4915453966342907,0.47496720574221596,0.13043497185373065,0.04221166847328285,0.46437884376119903,False,False,none
4,0,stress,explicit_hierarchy,0.3865832556658854,0.5098294778972974,0.19709153939997578,0.16765026713433587,0.1310257977604242,0.44231911760373155,False,False,repair_product
4,1,stress,explicit_hierarchy,0.5903818294967995,0.8675341783012862,0.512176415336516,0.19158638540445022,0.17308544822323949,0.39244202050158655,False,False,none
4,2,stress,explicit_hierarchy,0.6116401532844857,0.6731404612418843,0.4117197348959756,0.15313636038328754,0.03646336436628731,0.33633215864959015,False,False,none
4,3,stress,explicit_hierarchy,0.48979147196155404,0.884097350761759,0.4330233427869123,0.17760115663523993,0.1686069468683395,0.44362284656137113,False,False,none
4,4,stress,explicit_hierarchy,0.49279298324906223,0.8448624110280851,0.4163422679655255,0.16177693691684705,0.1823559612051848,0.5313263680880133,False,False,none
4,5,stress,explicit_hierarchy,0.8173064239925981,1.0,0.8173064239925981,0.1713715181850988,0.19800190982244686,0.5161216981142959,False,False,none
4,6,stress,explicit_hierarchy,0.7924453974364115,0.6088337899067615,0.4824675346153803,0.12397521538333031,0.034022900147276235,0.45397286113597773,False,False,none
4,7,stress,explicit_hierarchy,0.6177001936422254,0.5661524443468894,0.3497124745040928,0.25088103252807825,0.3274241064834149,0.38975053306508073,False,False,none
4,8,stress,explicit_hierarchy,0.6415824400660807,0.6703696089762157,0.43009736947310484,0.24680209487280483,0.2643512640539512,0.3068807727820694,False,False,none
4,9,stress,explicit_hierarchy,0.2597987963031892,0.6565172208231735,0.17056238372217555,0.17121430347110014,0.12868929442332952,0.40703178504068777,True,False,lower_floor+repair
4,10,stress,explicit_hierarchy,0.45135919782892847,1.0,0.45135919782892847,0.1304103238679774,0.0,0.37329031721676087,False,False,none
4,11,stress,explicit_hierarchy,0.18846710098711728,0.9358672283190028,0.17638018343013104,0.14784786279022472,0.12696077410987835,0.5016551307147046,False,False,repair_product
4,12,stress,explicit_hierarchy,0.8771834972187822,0.42687780044945667,0.3744501618833158,0.17325098246937037,0.0,0.24608848952368312,False,False,none
4,13,stress,explicit_hierarchy,0.45903499859500513,0.7259231318559957,0.3332241238115987,0.19401250797974798,0.19515572106840157,0.41727777510935243,False,False,none
4,14,stress,explicit_hierarchy,0.5467301774351215,0.8997216013640602,0.49190495075598434,0.2820354907503308,0.39767256552072794,0.3711670172814409,False,False,none
4,15,stress,explicit_hierarchy,0.7837031356457285,0.8438064645901026,0.6612937721773997,0.12991318079897643,0.11559777764531295,0.5583915612760105,False,False,none
4,16,stress,explicit_hierarchy,0.7780697465262298,0.6901936745952033,0.537018817446297,0.14299302376863435,0.02097998941458945,0.3540807175371235,False,False,none
4,17,stress,explicit_hierarchy,0.894132918651746,0.8273473260110471,0.7397584793449752,0.13421827907394437,0.04952118747110043,0.43583238402114083,False,False,none
4,18,stress,explicit_hierarchy,0.0,0.5808308330774495,0.0,0.32077708880967626,0.49168596568322154,0.3585982422914496,True,False,lower_floor
4,19,stress,explicit_hierarchy,0.5154590813564391,0.6313546865314601,0.32543750672958904,0.21065949424289065,0.22097142171583978,0.38879019170470186,False,False,none
4,20,stress,explicit_hierarchy,0.777728069253846,0.6705790564318352,0.5215281548407971,0.209102243870225,0.20918484854280114,0.37661666073349764,False,False,none
4,21,stress,explicit_hierarchy,0.2517765893119711,0.9844352459570777,0.24785774862556442,0.16631425162982555,0.10456652585828413,0.3892542841513434,False,False,none
4,22,stress,explicit_hierarchy,0.8793497593642261,0.5217913513758814,0.45883709927071564,0.1591984084428145,0.0,0.2650935684149891,False,False,none
4,23,stress,explicit_hierarchy,0.6718018372692584,0.9500213968758301,0.63822611986629,0.1825276450292781,0.1819162354378583,0.44416885182128363,False,False,none
4,24,stress,explicit_hierarchy,0.5885185869125212,0.684653405576818,0.4029312547749142,0.20597536613667633,0.1540794231250422,0.30239506104516545,False,False,none
4,25,stress,explicit_hierarchy,0.4126377722001863,0.6693487764206191,0.2761985879271249,0.1428070004793192,0.06769255814286042,0.42881738172903233,False,False,none
4,26,stress,explicit_hierarchy,0.6327026579840515,0.6520159990670873,0.41253225565787294,0.23015802573474403,0.11922811507228905,0.1464527416363576,False,False,none
4,27,stress,explicit_hierarchy,0.6599407955460554,0.5410139136799331,0.35703715259542,0.11620111193493544,0.0,0.43623956957113025,False,False,none
4,28,stress,explicit_hierarchy,0.9348812715328163,0.6527039501771845,0.6102006988761383,0.2126253399729468,0.17462946365729337,0.3072244009034361,False,False,none
4,29,stress,explicit_hierarchy,0.9474815164199449,0.5500444297034051,0.521156930353726,0.1154103709444872,0.0,0.4357901210646367,False,False,none
6,0,stress,explicit_hierarchy,0.41736616357333206,0.5823614679605997,0.24305797169564944,0.13037104831689716,0.05726363857233513,0.4641213930857925,False,False,none
6,1,stress,explicit_hierarchy,0.5503467775916747,0.9265755590918765,0.5099378731414186,0.15481661544600916,0.09579140624771508,0.4232671622005107,False,False,none
6,2,stress,explicit_hierarchy,0.6482342376047006,0.6836747769342614,0.44318139779554466,0.1456916387718016,0.0,0.30961817178416,False,False,none
6,3,stress,explicit_hierarchy,0.4852494654962826,0.9006379738914129,0.43703409543646304,0.1569444152455975,0.12676833397554232,0.46344813193795265,False,False,none
6,4,stress,explicit_hierarchy,0.3073385897031058,0.8068296469078984,0.2479698858113283,0.18463554737014048,0.22828748183475453,0.5088070655294428,False,False,none
6,5,stress,explicit_hierarchy,0.8285795027778742,1.0,0.8285795027778742,0.14837512408628628,0.14473634677393504,0.5276028653658711,False,False,none
6,6,stress,explicit_hierarchy,0.7482603709235083,0.6611853090876277,0.49473876462708277,0.15423161822947223,0.1171818176292552,0.45957280195685296,False,False,none
6,7,stress,explicit_hierarchy,0.6027536679862341,0.6199552047596106,0.37368027365601214,0.2039097085853398,0.202609553889387,0.3878413412192803,False,False,none
6,8,stress,explicit_hierarchy,0.7035361455777025,0.7245481105824058,0.5097457850047528,0.21948631376113886,0.20585202824933754,0.32807273739003917,False,False,none
6,9,stress,explicit_hierarchy,0.2946606735634034,0.7228601472096001,0.21299845786892171,0.1038818108459326,0.017660011490080472,0.5117874730012416,False,False,none
6,10,stress,explicit_hierarchy,0.3715029653422126,1.0,0.3715029653422126,0.13489316013222372,0.05636553160525146,0.44385725782404933,False,False,none
6,11,stress,explicit_hierarchy,0.19320413820252488,0.9344375795700997,0.1805372072648944,0.15727398744859158,0.16739650874892525,0.5264028578166668,False,False,none
6,12,stress,explicit_hierarchy,0.8522314751765546,0.45123976438143765,0.38456073005711355,0.19146091089146955,0.04623536553926935,0.23326896489712096,False,False,none
6,13,stress,explicit_hierarchy,0.46027730065473454,0.7950471629840997,0.3659421620715262,0.17039449487383107,0.13435314074554675,0.4194154108728196,False,False,none
6,14,stress,explicit_hierarchy,0.442394438276166,0.9705311318963487,0.42935757492481674,0.23042372387030083,0.26320092028165004,0.3733026076530258,False,False,none
6,15,stress,explicit_hierarchy,0.7819875867394415,0.9278423953972444,0.7255612356512339,0.1192545812977015,0.08480609741863096,0.5540488988390762,False,False,none
6,16,stress,explicit_hierarchy,0.8870597434871434,0.7697311128519716,0.6827974835205434,0.12746197121544633,0.001389898121463983,0.3877757919612916,False,False,none
6,17,stress,explicit_hierarchy,0.9620961514967513,0.8856879343270365,0.8521169530431493,0.1308039575006784,0.06289789154733096,0.47123850536378076,False,False,none
6,18,stress,explicit_hierarchy,0.04625992149262113,0.6422332609705598,0.02970966023244815,0.19148839687204336,0.23601164858271204,0.49248345662244675,True,False,lower_floor+repair
6,19,stress,explicit_hierarchy,0.445393510979318,0.7210557700181262,0.3211535610202689,0.2134751806892505,0.21986491581846265,0.3753061971740222,False,False,none
6,20,stress,explicit_hierarchy,0.6683491563503017,0.7226664980553626,0.48299354429792857,0.1679908696212838,0.11845145707512564,0.4042528502802665,False,False,none
6,21,stress,explicit_hierarchy,0.27677841214037086,1.0,0.27677841214037086,0.14142013588439437,0.05953086849392941,0.42167330893041177,False,False,none
6,22,stress,explicit_hierarchy,0.590784445461525,0.379687343456396,0.22431337665264647,0.30188578633403956,0.32591847057074286,0.24581040890501302,True,False,none
6,23,stress,explicit_hierarchy,0.632086215603738,0.9340121321558706,0.5903761939423827,0.1832438860370818,0.21045457366878864,0.48637021648774126,False,False,none
6,24,stress,explicit_hierarchy,0.619915978739039,0.7669918312107247,0.47547049172984424,0.19233898525043058,0.16013160680833735,0.36879593890307333,False,False,none
6,25,stress,explicit_hierarchy,0.5176409599067668,0.7035925174955575,0.364208306139619,0.16994245438820876,0.16090883463374678,0.4633454282192293,False,False,none
6,26,stress,explicit_hierarchy,0.5369824975374234,0.7369618387335736,0.39573560875292624,0.19836550668711034,0.09262167136596818,0.23679470179982332,False,False,none
6,27,stress,explicit_hierarchy,0.7173148446362174,0.6778422415998184,0.48622630222103913,0.14993831012313108,0.06035491095022512,0.38748565015814374,False,False,none
6,28,stress,explicit_hierarchy,0.921136685176822,0.6853237090722339,0.6312768096478824,0.176855509096773,0.1251326656681834,0.3778954327380696,False,False,none
6,29,stress,explicit_hierarchy,1.0,0.6345054755392308,0.6345054755392308,0.12271082700300243,0.0021027588802706543,0.4087009223812518,False,False,none
8,0,stress,explicit_hierarchy,0.4881419113868206,0.6450958151916552,0.31489830425529375,0.14941951738202028,0.09425486950710155,0.44332222096115964,False,False,none
8,1,stress,explicit_hierarchy,0.6250438668424155,0.9764429729237771,0.6103196915473817,0.12327584232032761,0.019087383609399294,0.43323901438018386,False,False,none
8,2,stress,explicit_hierarchy,0.6634217580053012,0.7646958535114012,0.5073158674758981,0.14788616927320253,0.02924601769085228,0.34678048937217226,False,False,none
8,3,stress,explicit_hierarchy,0.272346572870809,0.886856164342873,0.2415322369881324,0.2319792912762662,0.3030620340131044,0.42993450686963935,False,False,none
8,4,stress,explicit_hierarchy,0.3125379940542873,0.8150450053351589,0.2547325310314164,0.19936080522470528,0.24764842239377205,0.4781066470205338,False,False,none
8,5,stress,explicit_hierarchy,0.9020074825950463,1.0,0.9020074825950463,0.12212492461361,0.0656340629954266,0.5117334138527171,False,False,none
8,6,stress,explicit_hierarchy,0.8540271419221576,0.6499268126842115,0.5550551382952746,0.18439723798073898,0.18387156179367492,0.4394748145869061,False,False,none
8,7,stress,explicit_hierarchy,0.5061104267638732,0.6297165454793832,0.31870610957284257,0.18851032425069453,0.14791839954044506,0.3654111148944775,False,False,none
8,8,stress,explicit_hierarchy,0.8224042647260885,0.7550949158341418,0.620993279054985,0.18150937037262874,0.13236265321569932,0.36995182437223756,False,False,none
8,9,stress,explicit_hierarchy,0.4126901648389971,0.7598470971692235,0.3135814237832003,0.12606765913317375,0.07109753693677369,0.5039558537616678,False,False,none
8,10,stress,explicit_hierarchy,0.354758394387755,0.9442237388970989,0.3349712975539376,0.14784407499964686,0.1297770226248511,0.5061299733241523,False,False,none
8,11,stress,explicit_hierarchy,0.28204942797397226,0.981971689615586,0.2769645533427111,0.13373415312018766,0.12660830598852682,0.5599041798143856,False,False,none
8,12,stress,explicit_hierarchy,0.9166665132877925,0.4727349429527228,0.4333402918657759,0.21380521498671762,0.09817999660168664,0.21345703927771256,False,False,none
8,13,stress,explicit_hierarchy,0.5916351981074649,0.8201589680891366,0.4852349135650303,0.16804585680117076,0.14839846267709006,0.4514398292338477,False,False,none
8,14,stress,explicit_hierarchy,0.37521846661707586,1.0,0.37521846661707586,0.16968161703043966,0.1623362303981859,0.4666922938369625,False,False,none
8,15,stress,explicit_hierarchy,0.9073275895253081,0.975620914632615,0.885207772764087,0.11034903052083583,0.07347718360459225,0.5732179135371218,False,False,none
8,16,stress,explicit_hierarchy,0.9278181966285778,0.7652353489636187,0.7099992814718651,0.11565752655296584,0.0,0.43476030602930904,False,False,none
8,17,stress,explicit_hierarchy,0.9319097132740328,0.9109484008859737,0.8489216630770865,0.08934242926069222,0.0,0.5444065447471158,False,False,none
8,18,stress,explicit_hierarchy,0.3356135738887431,0.7112893070253996,0.23871834639964182,0.11902258235694832,0.06116574386492907,0.5175850012988531,False,False,repair_product
8,19,stress,explicit_hierarchy,0.35249268879857854,0.7680950790529693,0.27074789966833784,0.21390782917596557,0.20747296088370784,0.3538828998326809,False,False,none
8,20,stress,explicit_hierarchy,0.7181653554386113,0.768047575509484,0.5515851600595322,0.10490408577980433,0.0,0.47956630925081534,False,False,none
8,21,stress,explicit_hierarchy,0.3066500435404878,1.0,0.3066500435404878,0.12226085176731867,0.03178390517242451,0.457570967492511,False,False,none
8,22,stress,explicit_hierarchy,0.49877607722531736,0.5609759342265819,0.27980137589134213,0.2098570764832077,0.19182548375331987,0.3459858639293912,False,False,lower_floor
8,23,stress,explicit_hierarchy,0.5787065096949886,0.9605340143970761,0.5558672869150478,0.16478078424041584,0.16870004078685738,0.4971884635774583,False,False,none
8,24,stress,explicit_hierarchy,0.4463764866064477,0.7927493635470779,0.35386467565964214,0.26825315969983743,0.34654855706619825,0.3476470499388247,False,False,none
8,25,stress,explicit_hierarchy,0.48766353814358165,0.7907346415208261,0.38561245301674274,0.13807709666723972,0.05692147716234372,0.4314711027268788,False,False,none
8,26,stress,explicit_hierarchy,0.657979483458831,0.8043404205687154,0.5292394944508622,0.17859538239852554,0.10001917984522013,0.33088294142774205,False,False,none
8,27,stress,explicit_hierarchy,0.7846157797460507,0.7044322398153116,0.5527086511209477,0.1558494464842563,0.09102662477697668,0.4114194622124784,False,False,none
8,28,stress,explicit_hierarchy,1.0,0.6637849689310199,0.6637849689310199,0.1592938500305151,0.08023178992886186,0.3799759589268852,False,False,none
8,29,stress,explicit_hierarchy,1.0,0.6639454688480815,0.6639454688480815,0.11970232802512341,0.026392605172046866,0.45969525808439327,False,False,none
10,0,stress,explicit_hierarchy,0.4783827047419908,0.6787777045029887,0.32471551419869954,0.1611610379110513,0.12536663605211368,0.44365951578646634,False,False,none
10,1,stress,explicit_hierarchy,0.5567010481578855,1.0,0.5567010481578855,0.10795508703775232,0.0,0.4668538040093654,False,False,none
10,2,stress,explicit_hierarchy,0.6361090672166354,0.8731250138899377,0.5554027381490401,0.12530775534924554,0.0,0.39455101937814363,False,False,none
10,3,stress,explicit_hierarchy,0.25802297579902234,0.9186436953939126,0.23703117998454795,0.13919035541299818,0.13469024538640184,0.5499664076409772,False,False,lower_floor+repair
10,4,stress,explicit_hierarchy,0.34884815189017687,0.816230881884513,0.2847406346611016,0.1614705060950436,0.15729336903088342,0.4929207255695504,False,False,lower_floor+repair
10,5,stress,explicit_hierarchy,0.637496983566498,0.9057524920753878,0.577414481555898,0.1844387419887506,0.2562279196745608,0.5538661145315938,False,False,none
10,6,stress,explicit_hierarchy,0.7740637893605822,0.7691927923822669,0.5954042876202651,0.19942421676085115,0.23889848422885848,0.4639883635254795,False,False,none
10,7,stress,explicit_hierarchy,0.618730260273935,0.6642445494177889,0.41098820294681115,0.16419484907676518,0.10597620660843733,0.4003171226435042,False,False,none
10,8,stress,explicit_hierarchy,0.96172628810914,0.8513794046234898,0.8187939545811184,0.18258241125279817,0.12720808305862388,0.3573194179561622,False,False,none
10,9,stress,explicit_hierarchy,0.39207079811004414,0.8438201396536527,0.3308372356153365,0.12737608231201358,0.08241470481530218,0.5164229396575053,False,False,none
10,10,stress,explicit_hierarchy,0.4556131114545584,0.9375600913583699,0.427164670399407,0.15234843471964238,0.13443949246496878,0.49474405173769076,False,False,none
10,11,stress,explicit_hierarchy,0.33342676011700806,0.9985205391241094,0.33293346827044,0.09900375029785224,0.06882011870125336,0.6131162283692668,False,False,none
10,12,stress,explicit_hierarchy,0.9176836197110423,0.5892531586673959,0.540747971572061,0.21355205163265045,0.1312327781802281,0.23465168364931754,False,False,none
10,13,stress,explicit_hierarchy,0.5299974785577558,0.8378386968909293,0.44405239679030833,0.19519028813105088,0.17528872371880033,0.38091427867538863,False,False,none
10,14,stress,explicit_hierarchy,0.4082435315297617,1.0,0.4082435315297617,0.11884116511320672,0.080002717837243,0.5481661152706068,False,False,none
10,15,stress,explicit_hierarchy,0.9955955699716006,1.0,0.9955955699716006,0.11393405577431176,0.058179147486927124,0.534058417794669,False,False,none
10,16,stress,explicit_hierarchy,0.9980261716139415,0.8284569017976529,0.8268216700482586,0.11328458185900869,0.014233904090218954,0.4671845903969772,False,False,none
10,17,stress,explicit_hierarchy,0.7470046826815606,0.796023854838861,0.594633547090856,0.17278795696017243,0.22538188740408968,0.5535715010557569,False,False,none
10,18,stress,explicit_hierarchy,0.42962036409655485,0.7425917179091647,0.3190325242232215,0.11382564449604846,0.052412077205080315,0.5253789368411753,False,False,none
10,19,stress,explicit_hierarchy,0.35387876839239857,0.7928907801334794,0.28058721274332377,0.20135344786354392,0.17572377845590031,0.35592328312374266,False,False,none
10,20,stress,explicit_hierarchy,0.7416209457656079,0.8472231289308285,0.6283184181521786,0.09601007737643827,0.0,0.5166246775981739,False,False,none
10,21,stress,explicit_hierarchy,0.27150535708098716,1.0,0.27150535708098716,0.11344293630459817,0.06743427304890842,0.5507586977249459,False,False,none
10,22,stress,explicit_hierarchy,0.5141780744988594,0.6430602734847216,0.3306474932070841,0.20508130945884454,0.1769361561862027,0.3423101245496354,False,False,none
10,23,stress,explicit_hierarchy,0.6188665036173101,1.0,0.6188665036173101,0.12074647786268175,0.08298583064270568,0.5449505740897769,False,False,none
10,24,stress,explicit_hierarchy,0.4813940491824735,0.8491607737317522,0.40878094327365044,0.2196422045751215,0.25667087023566254,0.4078863588101259,False,False,none
10,25,stress,explicit_hierarchy,0.419550281148747,0.9170590374410226,0.38475237698838033,0.1297558379180952,0.053807987098633034,0.4612133215807723,False,False,none
10,26,stress,explicit_hierarchy,0.6772620639921565,0.8250174122977812,0.5587529954822633,0.16108371370936087,0.06955491825203484,0.3556131467767182,False,False,none
10,27,stress,explicit_hierarchy,0.8687470570108798,0.7980567716515594,0.693309471699896,0.12736083637761436,0.0,0.3859965150932736,False,False,none
10,28,stress,explicit_hierarchy,1.0,0.7615896453583505,0.7615896453583505,0.13709046446442508,0.03978106095361073,0.40844307790811246,False,False,none
10,29,stress,explicit_hierarchy,0.9706430238493078,0.7047592671493682,0.6840696661516849,0.10916728260557919,0.0,0.46180298914342005,False,False,none
12,0,stress,explicit_hierarchy,0.5657996476957083,0.7148655779545514,0.40447069215647413,0.15314902688079018,0.09739224970345056,0.4327501166938377,False,False,none
12,1,stress,explicit_hierarchy,0.5025098316102572,1.0,0.5025098316102572,0.09930313966375104,0.0,0.5029035847343707,False,False,none
12,2,stress,explicit_hierarchy,0.4937911780768609,0.7971550249110309,0.3936281188607073,0.19529538574314298,0.19224466424952463,0.4073232777986516,False,False,none
12,3,stress,explicit_hierarchy,0.23783293264667218,0.906548495230606,0.21560708720712274,0.13715366647266508,0.11216474792524028,0.5227872405788594,False,False,none
12,4,stress,explicit_hierarchy,0.27507662713111664,0.7765044146676462,0.2135982153391981,0.12967151860464782,0.10765200864758669,0.5468176861726464,False,False,lower_floor+repair
12,5,stress,explicit_hierarchy,0.6260017110743354,0.885700660684387,0.5544501290880957,0.16451100307856384,0.19128229335702546,0.5340677849879408,False,False,none
12,6,stress,explicit_hierarchy,0.8133940242502506,0.7849034073445892,0.6384357411477491,0.20986239264430717,0.26011097750245227,0.4540824116942696,False,False,none
12,7,stress,explicit_hierarchy,0.3207547418213273,0.5203580415100948,0.16690730925922195,0.18650709694682674,0.18350610649471624,0.44245591404231666,True,False,lower_floor+repair
12,8,stress,explicit_hierarchy,0.9781504811771373,0.8820684167516392,0.8627956462767715,0.17157589051272748,0.10999637840777558,0.3759280553426136,False,False,none
12,9,stress,explicit_hierarchy,0.3941181784116621,0.7991002357486907,0.3149399292816037,0.15780663219024976,0.11818991458572731,0.4462730639680277,False,False,none
12,10,stress,explicit_hierarchy,0.491484267030155,1.0,0.491484267030155,0.14192401595551868,0.12645832543183608,0.5255422821190794,False,False,none
12,11,stress,explicit_hierarchy,0.4002872138674922,1.0,0.4002872138674922,0.09871041483600135,0.06591549929833604,0.6097394787390265,False,False,none
12,12,stress,explicit_hierarchy,0.8053267440348414,0.6469368341061582,0.5209955342069207,0.17923263058063416,0.05400361336486868,0.2553697604083997,False,False,none
12,13,stress,explicit_hierarchy,0.5096725559135641,0.8870916903227221,0.45212628913646563,0.1994865643935348,0.21511750539317845,0.4260753652328043,False,False,none
12,14,stress,explicit_hierarchy,0.5378866925289322,1.0,0.5378866925289322,0.07126666466336112,0.0,0.6197222305693287,False,False,none
12,15,stress,explicit_hierarchy,1.0,1.0,1.0,0.09801587968314596,0.04385004728667475,0.5776964095241269,False,False,none
12,16,stress,explicit_hierarchy,1.0,0.8515138600386148,0.8515138600386148,0.12533573720797242,0.03365976257476359,0.44772905237682387,False,False,none
12,17,stress,explicit_hierarchy,0.7752365863200201,0.8456876301978121,0.6556079915276194,0.15343055808869618,0.16468173195963276,0.5381187502331845,False,False,none
12,18,stress,explicit_hierarchy,0.44410585175243134,0.7973031818736347,0.3540870086909142,0.0940280369232662,0.010333212078726785,0.5412440986110417,False,False,none
12,19,stress,explicit_hierarchy,0.33979545571765163,0.8019766368404553,0.2725080167901121,0.19534834310334992,0.18715093464197513,0.39903755025250265,False,False,none
12,20,stress,explicit_hierarchy,0.7876988131811526,0.90242078285345,0.7108357796436692,0.12261664943921587,0.06883112585444656,0.514746576606141,False,False,none
12,21,stress,explicit_hierarchy,0.3014821810889057,1.0,0.3014821810889057,0.11882621127529894,0.0987526242639566,0.5779157747708524,False,False,none
12,22,stress,explicit_hierarchy,0.5360717544859033,0.7407655976538373,0.3971035135970913,0.17513085344583132,0.08587743803825917,0.32292738753627975,False,False,none
12,23,stress,explicit_hierarchy,0.7606372274547655,0.9999722928415593,0.7606161523585885,0.08291737776760336,0.03644404665500558,0.6288806665054116,False,False,none
12,24,stress,explicit_hierarchy,0.36841747184821283,0.9118024451029154,0.33592395164983496,0.19067168311743218,0.19162759760708864,0.42561168322192294,False,False,none
12,25,stress,explicit_hierarchy,0.42228965873345264,0.9850256860793601,0.41596616081813803,0.10331046256951977,0.0,0.4862064059603343,False,False,none
12,26,stress,explicit_hierarchy,0.7280311238868631,0.8812894467542411,0.6416061463901219,0.14657519108380596,0.08965081303551926,0.4478838244570474,False,False,none
12,27,stress,explicit_hierarchy,0.8340410213049354,0.8581587377435203,0.7157395900693598,0.14233128903971914,0.03215113159244468,0.3745255873558744,False,False,none
12,28,stress,explicit_hierarchy,0.9952230805411103,0.8406470482413303,0.8366313449985281,0.10611661410927414,0.0,0.47451410787802445,False,False,none
12,29,stress,explicit_hierarchy,0.9925562931617257,0.7378492811078319,0.7323569473684337,0.12070173188230819,0.04978561918959823,0.4925700142072464,False,False,none
14,0,stress,explicit_hierarchy,0.4799067447487325,0.7534631159952838,0.3615920312855333,0.1660799273621032,0.15012447571330484,0.46236405587063595,False,False,none
14,1,stress,explicit_hierarchy,0.49436317767513727,0.9437983761614959,0.4665791643238316,0.16317969819454636,0.15948391678488122,0.4892674590987855,False,False,none
14,2,stress,explicit_hierarchy,0.39569906774639907,0.8074273444149284,0.3194982474579378,0.1856806222003831,0.18779588118185334,0.44034088603633836,False,False,none
14,3,stress,explicit_hierarchy,0.29356497151738425,0.9745060120682231,0.28608082967632764,0.10938460119646268,0.05512334332849271,0.548176121951519,False,False,none
14,4,stress,explicit_hierarchy,0.43457712214922334,0.8129913024679851,0.35330742055888575,0.14114283831709798,0.11498656248920865,0.5106335642866721,False,False,none
14,5,stress,explicit_hierarchy,0.6984165199978132,0.9194678825843978,0.6421715588043531,0.15449384410690864,0.1312999020886773,0.4808338278616197,False,False,none
14,6,stress,explicit_hierarchy,0.841347137915256,0.7420963221989335,0.6243606167395104,0.1849843404949042,0.17365918836321137,0.4208589628463172,False,False,none
14,7,stress,explicit_hierarchy,0.31695332793563386,0.6077533617678768,0.19262945057639777,0.12718953967867866,0.06847519815060889,0.49512931507730296,False,False,none
14,8,stress,explicit_hierarchy,0.9543108475370918,0.9183494286438787,0.8763908215843439,0.15582154508002313,0.07760499153289124,0.39028479876031474,False,False,none
14,9,stress,explicit_hierarchy,0.29609896010523334,0.7948755969505925,0.23536183767009702,0.17726128710889436,0.174785386044091,0.454821498282751,False,False,none
14,10,stress,explicit_hierarchy,0.5790740228970803,0.9967162315771079,0.5771724779061738,0.12387926892787957,0.1161449988637919,0.5843992943348391,False,False,none
14,11,stress,explicit_hierarchy,0.430439430586285,1.0,0.430439430586285,0.07466439902565125,0.0,0.6055650040597865,False,False,none
14,12,stress,explicit_hierarchy,0.7516596855090728,0.7049214010306603,0.529860998607321,0.16033943441314663,0.04518284514629705,0.3201251947601928,False,False,none
14,13,stress,explicit_hierarchy,0.5875663972684391,0.9284612501333503,0.5455326317442037,0.18403952112196037,0.18962811475785255,0.4500798436917651,False,False,none
14,14,stress,explicit_hierarchy,0.7443416449163094,1.0,0.7443416449163094,0.07976832163182654,0.0,0.5842986598673895,False,False,none
14,15,stress,explicit_hierarchy,1.0,1.0,1.0,0.11355220051730544,0.08739218026336637,0.5819034499282241,False,False,none
14,16,stress,explicit_hierarchy,1.0,0.9514856888000437,0.9514856888000437,0.09539476627862506,0.0,0.5191884738390623,False,False,none
14,17,stress,explicit_hierarchy,0.8187849456866473,0.8887271382705751,0.7276764016391223,0.15578332776490963,0.13950313538272044,0.488449432002184,False,False,none
14,18,stress,explicit_hierarchy,0.4636414260138773,0.8089459856337795,0.37506087034744706,0.09089473597054229,0.0,0.5379386001227405,False,False,none
14,19,stress,explicit_hierarchy,0.37441095241728173,0.8276264907438953,0.30987242264519443,0.1800057604342773,0.16186132464715539,0.4229230955485073,False,False,none
14,20,stress,explicit_hierarchy,0.7744447707960255,0.9208977770216401,0.7131844678520934,0.16196396386897893,0.16237112376749258,0.498904429844451,False,False,none
14,21,stress,explicit_hierarchy,0.4499552090885452,1.0,0.4499552090885452,0.10189508378261491,0.06172402817680899,0.5898335288523854,False,False,none
14,22,stress,explicit_hierarchy,0.5986979593319136,0.7912121008981363,0.47369707020643037,0.1718605052284432,0.08338636056131013,0.3326096324368944,False,False,none
14,23,stress,explicit_hierarchy,0.7851397578727821,0.9891404134594297,0.7766134647257202,0.08207477986878131,0.017227498772043767,0.6019652902691472,False,False,none
14,24,stress,explicit_hierarchy,0.4988900240695939,0.9662502082550986,0.48205258965363623,0.1942641859557997,0.20513685136542736,0.43203257317942795,False,False,none
14,25,stress,explicit_hierarchy,0.5058211695473648,1.0,0.5058211695473648,0.08256798555867645,0.0,0.5726333935055148,False,False,none
14,26,stress,explicit_hierarchy,0.7332511240788615,0.9834558015249661,0.7211200719500591,0.12759888016055526,0.06801759617279356,0.4926991932712763,False,False,none
14,27,stress,explicit_hierarchy,0.9629676207170625,0.9593862716596698,0.9238579153687256,0.15305209848818993,0.08243415883813388,0.40947034112625397,False,False,none
14,28,stress,explicit_hierarchy,0.9790726005800968,0.8981560363967607,0.8793599662816886,0.1258110027299261,0.06657423418156258,0.4978633594127821,False,False,none
14,29,stress,explicit_hierarchy,1.0,0.7674500623901351,0.7674500623901351,0.14727651970211827,0.1265095641851,0.5033213112009155,False,False,none
16,0,stress,explicit_hierarchy,0.5521595776022933,0.7995828961892929,0.44149735421789826,0.17137862040892604,0.15574625667466743,0.44918732136436496,False,False,none
16,1,stress,explicit_hierarchy,0.6098688463892088,0.9647949233234288,0.5883983668894246,0.15655457925712848,0.16523934448965177,0.5259848818705799,False,False,none
16,2,stress,explicit_hierarchy,0.36248387529675474,0.8172236537673636,0.2962303970017673,0.17399676074869685,0.16902256135254298,0.4592992190219562,False,False,none
16,3,stress,explicit_hierarchy,0.34903861670812025,1.0,0.34903861670812025,0.10940198486579078,0.09126924531129209,0.6053347014687509,False,False,none
16,4,stress,explicit_hierarchy,0.2944477333846671,0.8260725473206395,0.24323518916986048,0.17128890423512044,0.1629108078139098,0.4609050113923555,False,False,none
16,5,stress,explicit_hierarchy,0.6432906373249326,1.0,0.6432906373249326,0.15508513064964005,0.1441547182524626,0.4987235928595655,False,False,none
16,6,stress,explicit_hierarchy,0.7482997361028174,0.7936795214098116,0.5939101764211724,0.17623269080898354,0.13905644317696278,0.40253648999275954,False,False,none
16,7,stress,explicit_hierarchy,0.3545370323083235,0.6991359850973566,0.24786959733637312,0.14267419690950606,0.10584759639605286,0.489782873837475,False,False,none
16,8,stress,explicit_hierarchy,1.0,1.0,1.0,0.16157908242130062,0.1040191110131704,0.40811741568210064,False,False,none
16,9,stress,explicit_hierarchy,0.14459995383929408,0.6770990466328302,0.09790849088773727,0.1846104537217734,0.2434336689790726,0.5328930853761424,True,False,lower_floor+repair
16,10,stress,explicit_hierarchy,0.590116937013857,1.0,0.590116937013857,0.13733700584300443,0.14099917298572534,0.5676778328815467,False,False,none
16,11,stress,explicit_hierarchy,0.5946141686320451,1.0,0.5946141686320451,0.09419630313121755,0.03141561249467796,0.5739234567365004,False,False,none
16,12,stress,explicit_hierarchy,0.6904865543371592,0.7876087512872851,0.5438332528421501,0.18637885261934198,0.12292047145781657,0.33471219389428475,False,False,none
16,13,stress,explicit_hierarchy,0.6628067467767842,0.9605978252938405,0.6366907195438641,0.18494927815698148,0.2025328955587502,0.46672175898059826,False,False,none
16,14,stress,explicit_hierarchy,0.9038644358252014,0.999982781263817,0.9038488724219357,0.08092489973604733,0.02316853053730066,0.6161630911171956,False,False,none
16,15,stress,explicit_hierarchy,0.7736136671587303,0.9221322838497985,0.7133741377144978,0.1527678091123666,0.18920909914323247,0.5797152023419241,False,False,none
16,16,stress,explicit_hierarchy,1.0,1.0,1.0,0.08856100143593051,0.020705150785711467,0.580445649427666,False,False,none
16,17,stress,explicit_hierarchy,0.8941419957269584,0.9192415944172071,0.8219325137874328,0.12520314911696223,0.06311367150464456,0.4949168585616779,False,False,none
16,18,stress,explicit_hierarchy,0.48656027991001827,0.8786441663825035,0.4275133515363756,0.09702780623203278,0.02797050512431528,0.5566707738133627,False,False,none
16,19,stress,explicit_hierarchy,0.39648178746442375,0.8505086229692806,0.337211179088766,0.16065784416843454,0.13297455579897083,0.45780202931322656,False,False,none
16,20,stress,explicit_hierarchy,0.7945325808292938,0.9900184561729005,0.7866019190516877,0.1640337867207615,0.17553521758473303,0.5111233165059876,False,False,none
16,21,stress,explicit_hierarchy,0.6055417291160791,0.9836426987459287,0.5956367006310161,0.08772507486074457,0.04022829301491469,0.6148403186871793,False,False,none
16,22,stress,explicit_hierarchy,0.6483397077562624,0.8343317255906383,0.5409303871412126,0.17371325868138818,0.1002350931522751,0.3515669863186516,False,False,none
16,23,stress,explicit_hierarchy,0.8243025488861802,1.0,0.8243025488861802,0.07321246591496094,0.0,0.6116147253543294,False,False,none
16,24,stress,explicit_hierarchy,0.45317015431765406,1.0,0.45317015431765406,0.16029798920248897,0.1695467552801975,0.5172074075166087,False,False,none
16,25,stress,explicit_hierarchy,0.45544037331820353,1.0,0.45544037331820353,0.061578271785215355,0.0,0.6600905342282694,False,False,none
16,26,stress,explicit_hierarchy,0.7380085495658433,1.0,0.7380085495658433,0.12501490895734374,0.0804586021514122,0.5231639994174704,False,False,none
16,27,stress,explicit_hierarchy,1.0,1.0,1.0,0.13342275634588652,0.07261755842347409,0.4757163160626402,False,False,none
16,28,stress,explicit_hierarchy,1.0,0.9842661031307663,0.9842661031307663,0.1344375795303246,0.1184594814776885,0.544070930963321,False,False,none
16,29,stress,explicit_hierarchy,0.7532887325249809,0.8107194245937098,0.6107058077855775,0.15835552457838908,0.15993804269878778,0.5100872151964595,False,False,none
18,0,stress,explicit_hierarchy,0.5731889297994348,0.8372475030988494,0.4799010002784785,0.16701733682761777,0.13880833094657904,0.4405409538836762,False,False,none
18,1,stress,explicit_hierarchy,0.598977548739369,1.0,0.598977548739369,0.16818702078468198,0.2048137966044548,0.540175924687545,False,False,none
18,2,stress,explicit_hierarchy,0.5283087251585168,0.860454484229358,0.4545856116201412,0.1676833064195945,0.15437750932217434,0.4624172796784658,False,False,none
18,3,stress,explicit_hierarchy,0.419524343823456,0.9859815163453969,0.41364324866685875,0.11526544304485825,0.11156887255216998,0.6130447021873597,False,False,none
18,4,stress,explicit_hierarchy,0.20103845652615027,0.8328617199628692,0.16743723468105,0.1267446550823756,0.08551312921744221,0.5239597250843852,False,False,lower_floor+repair
18,5,stress,explicit_hierarchy,0.5405647050981942,0.9792541600310368,0.5293502362333573,0.12552864130064095,0.05645024903488177,0.48301022221922546,False,False,none
18,6,stress,explicit_hierarchy,0.7727072922353744,0.8398263031600661,0.6489399086628593,0.15001135378409525,0.1055966680837069,0.4588140836988057,False,False,none
18,7,stress,explicit_hierarchy,0.37004743699943893,0.7878343369444614,0.2915360771664503,0.16021457081326562,0.14317312727629292,0.475796739798857,False,False,none
18,8,stress,explicit_hierarchy,1.0,1.0,1.0,0.13658848597787654,0.08158700726080939,0.4767274032551293,False,False,none
18,9,stress,explicit_hierarchy,0.2548005145043677,0.7279350876870841,0.18547823486845105,0.1260440026749851,0.10505352438086375,0.5578180691239297,False,False,repair_product
18,10,stress,explicit_hierarchy,0.5571920857764943,1.0,0.5571920857764943,0.11266162495592513,0.0865600177971715,0.5842965908625003,False,False,none
18,11,stress,explicit_hierarchy,0.6195985582702146,1.0,0.6195985582702146,0.09128270149827636,0.037629340781853066,0.5959018666617826,False,False,none
18,12,stress,explicit_hierarchy,0.03339161672141602,0.5587101617795279,0.018656235580502337,0.32604065902256524,0.5017322286252625,0.35257328272931066,True,False,lower_floor
18,13,stress,explicit_hierarchy,0.7396325910988979,0.9946197213449336,0.735653161656417,0.17422098511048076,0.18520919523286491,0.48399378782503305,False,False,none
18,14,stress,explicit_hierarchy,0.9831461876332307,1.0,0.9831461876332307,0.06,0.0,0.6696913905923347,False,False,none
18,15,stress,explicit_hierarchy,0.8110008843635051,0.949747085816783,0.7702457265190729,0.13496024959165318,0.14839887068362684,0.5892971719505211,False,False,none
18,16,stress,explicit_hierarchy,0.9399813357911622,0.9913236114688317,0.9318256925097915,0.08362171876401975,0.013753034016192447,0.5900184756755558,False,False,none
18,17,stress,explicit_hierarchy,0.9925920840207278,0.9879853495891602,0.9806664371306518,0.11037336852049262,0.055472929728940745,0.5446097699021036,False,False,none
18,18,stress,explicit_hierarchy,0.5455981428856276,0.9868069814328752,0.5384000564563487,0.07596076271776933,0.0,0.6001634886759611,False,False,none
18,19,stress,explicit_hierarchy,0.3478178260924325,0.871350152618959,0.3030711158492356,0.14404140246870037,0.07750426532798096,0.4392092431497183,False,False,none
18,20,stress,explicit_hierarchy,0.831290303574199,0.979470995973587,0.8142247415850061,0.1328342517167164,0.1099284910040378,0.5372440619367417,False,False,none
18,21,stress,explicit_hierarchy,0.569791489861936,1.0,0.569791489861936,0.0854403892363447,0.020599772365315832,0.5932813510936471,False,False,none
18,22,stress,explicit_hierarchy,0.6186664260722209,0.823867952275932,0.5096994415899899,0.17261062223662316,0.12223439424185582,0.3909935315636752,False,False,none
18,23,stress,explicit_hierarchy,0.8191819634081714,0.9956042563915652,0.8155810495283748,0.11631134933651194,0.07697859540385743,0.5539188204873079,False,False,none
18,24,stress,explicit_hierarchy,0.41929490944192144,1.0,0.41929490944192144,0.13361910231894852,0.08778080813582412,0.4989066865527694,False,False,none
18,25,stress,explicit_hierarchy,0.5048482499127868,1.0,0.5048482499127868,0.07798060803424053,0.04252080780598025,0.6590720788834665,False,False,none
18,26,stress,explicit_hierarchy,0.7927770762229396,1.0,0.7927770762229396,0.11344303130353525,0.07223273151073505,0.558355861127267,False,False,none
18,27,stress,explicit_hierarchy,1.0,1.0,1.0,0.12218314276323733,0.07045328684929447,0.519121275997894,False,False,none
18,28,stress,explicit_hierarchy,1.0,1.0,1.0,0.10532069141814981,0.0604326367216602,0.5735154605670045,False,False,none
18,29,stress,explicit_hierarchy,0.8303198384885448,0.8818852212859707,0.7322467945036019,0.18098008582302655,0.22854140596661449,0.5244402018511958,False,False,none
20,0,stress,explicit_hierarchy,0.5625525714192952,0.8969737310254459,0.5045948788839237,0.12977593424840567,0.05902681433031916,0.46939272998798165,False,False,none
20,1,stress,explicit_hierarchy,0.5841867996384076,0.99924000662948,0.5837428215435371,0.17003906494977525,0.2166194495982967,0.551151357906573,False,False,none
20,2,stress,explicit_hierarchy,0.5570740798978074,0.9293927258408271,0.5177405976114939,0.13975699141056847,0.10897593837327021,0.5068911048803094,False,False,none
20,3,stress,explicit_hierarchy,0.4675294660410608,0.9705899433671838,0.45377939796728295,0.1295777431465579,0.14058308244954332,0.599349284101119,False,False,none
20,4,stress,explicit_hierarchy,0.19371617204755442,0.9106867306777602,0.17641474740139784,0.14497856133820947,0.1455337868152792,0.5430178235483194,False,False,none
20,5,stress,explicit_hierarchy,0.4377640978555463,0.9410759447945999,0.4119692619865639,0.17500591109272445,0.18738317604218135,0.4841653991804354,False,False,none
20,6,stress,explicit_hierarchy,0.7446151171338559,0.7889547610321006,0.5874676417992308,0.15060938982864663,0.1164484336778096,0.473504229037171,False,False,none
20,7,stress,explicit_hierarchy,0.4744340892293148,0.7992695139699185,0.3792007039090754,0.1457884433200497,0.09462489284420342,0.45903756650311484,False,False,none
20,8,stress,explicit_hierarchy,1.0,1.0,1.0,0.1496905645877814,0.11606388007292112,0.47672379099970247,False,False,none
20,9,stress,explicit_hierarchy,0.279551114834953,0.7498078045098006,0.20960960766266323,0.12875433265979233,0.07493403743747458,0.4988358398602001,False,False,none
20,10,stress,explicit_hierarchy,0.6494553423532409,0.9836989571503032,0.6388685429885762,0.12777548616183756,0.1178334482258645,0.5708384340166289,False,False,none
20,11,stress,explicit_hierarchy,0.6800044274808478,1.0,0.6800044274808478,0.07004643585028886,0.009941710270128627,0.6405475585515001,False,False,none
20,12,stress,explicit_hierarchy,0.07977950178047598,0.6279631472628616,0.050098587025130766,0.21661586386966059,0.2717999119280814,0.44445042776254323,True,False,lower_floor+repair
20,13,stress,explicit_hierarchy,0.749335414992647,1.0,0.749335414992647,0.13783128171968373,0.1252613101450039,0.5407000672309075,False,False,none
20,14,stress,explicit_hierarchy,1.0,1.0,1.0,0.06582980006477979,0.0,0.6423758330634176,False,False,none
20,15,stress,explicit_hierarchy,0.7017217108565142,0.9696349870642048,0.6804139220290278,0.08886998220624354,0.0657184805512775,0.650429335013508,False,False,none
20,16,stress,explicit_hierarchy,1.0,1.0,1.0,0.07051551699776967,0.0,0.622852012509293,False,False,none
20,17,stress,explicit_hierarchy,1.0,1.0,1.0,0.08234617206235165,0.0,0.5735576164068682,False,False,none
20,18,stress,explicit_hierarchy,0.5391670397282713,1.0,0.5391670397282713,0.09047989242681301,0.04165373885592897,0.6056188680768334,False,False,none
20,19,stress,explicit_hierarchy,0.32085682601434906,0.939973757176833,0.30159699626454106,0.12350909566781186,0.033707313952312454,0.45541534847527865,False,False,none
20,20,stress,explicit_hierarchy,0.7019599598198181,0.9510860018350638,0.6676242916333328,0.1285909824144803,0.1311947745253862,0.5885959662715268,False,False,none
20,21,stress,explicit_hierarchy,0.6045999666094968,1.0,0.6045999666094968,0.09075292150833664,0.04154267087524965,0.6043053892677426,False,False,none
20,22,stress,explicit_hierarchy,0.31657951243017646,0.7626073285250582,0.24142585624014232,0.15919503736209484,0.14363977937595349,0.4807836616698646,False,False,lower_floor+repair
20,23,stress,explicit_hierarchy,0.8397958061433409,1.0,0.8397958061433409,0.10534200658444393,0.05657553916014538,0.5673195762350471,False,False,none
20,24,stress,explicit_hierarchy,0.4186273083703546,1.0,0.4186273083703546,0.1455875684132285,0.11842929110467562,0.49756484252728445,False,False,none
20,25,stress,explicit_hierarchy,0.6327263957774817,0.9612659044562009,0.6082183111103531,0.10062994177353221,0.09111875305895362,0.6416466016202925,False,False,none
20,26,stress,explicit_hierarchy,0.8392092948012357,1.0,0.8392092948012357,0.11764387780903396,0.07029423203595757,0.5377830431859579,False,False,none
20,27,stress,explicit_hierarchy,0.9109241286522858,1.0,0.9109241286522858,0.09683747962883177,0.020574203132234965,0.5457529898392397,False,False,none
20,28,stress,explicit_hierarchy,0.9975547711042212,1.0,0.9975547711042212,0.08714039662564488,0.04546086467677263,0.6255613831313697,False,False,none
20,29,stress,explicit_hierarchy,0.8485096662720257,1.0,0.8485096662720257,0.1208219109168035,0.08099891490026388,0.54149031977207,False,False,none
22,0,stress,explicit_hierarchy,0.5733392379613943,0.9190688279455393,0.5269382214483673,0.11934704038943353,0.05992780708481236,0.5142730262616465,False,False,none
22,1,stress,explicit_hierarchy,0.5628600255616212,1.0,0.5628600255616212,0.1961421613353206,0.275664143411645,0.535875888171269,False,False,none
22,2,stress,explicit_hierarchy,0.6802098114151645,1.0,0.6802098114151645,0.11444108510224968,0.06526106463384461,0.543158831077547,False,False,none
22,3,stress,explicit_hierarchy,0.6150250872289302,1.0,0.6150250872289302,0.1489994841434561,0.17458514571265876,0.5722619634473093,False,False,none
22,4,stress,explicit_hierarchy,0.31771969193645505,0.9872405742401603,0.31366577111475274,0.06955043241350933,0.0,0.6268731982770445,False,False,none
22,5,stress,explicit_hierarchy,0.46515952132799676,1.0,0.46515952132799676,0.16407207615535702,0.14886981000641172,0.4687435485294976,False,False,none
22,6,stress,explicit_hierarchy,0.7875460627930656,0.7985485606780367,0.6288937749110572,0.12344278813904916,0.07630498909347906,0.5231379488186371,False,False,none
22,7,stress,explicit_hierarchy,0.5920654560212201,0.9137316039189233,0.5409889187552581,0.13329476234924426,0.1003293220921329,0.520126583524026,False,False,none
22,8,stress,explicit_hierarchy,1.0,1.0,1.0,0.12240546895024706,0.05269734884677149,0.4900813483813588,False,False,none
22,9,stress,explicit_hierarchy,0.2861339876803241,0.7950701013869168,0.22749657859523809,0.1261513384449286,0.06094045761930697,0.48752514771003364,False,False,repair_product
22,10,stress,explicit_hierarchy,0.576031951212155,1.0,0.576031951212155,0.10875829870917839,0.08462225019423365,0.59749231818596,False,False,none
22,11,stress,explicit_hierarchy,0.8577171594440485,1.0,0.8577171594440485,0.08597291117635089,0.07847823001894882,0.6827034009618735,False,False,none
22,12,stress,explicit_hierarchy,0.22290268871537286,0.6043350067700634,0.1347078978938702,0.09139489177381716,0.0,0.5358546176090953,False,False,lower_floor+repair
22,13,stress,explicit_hierarchy,0.7697905919678799,1.0,0.7697905919678799,0.11396911098021176,0.08569745112670459,0.5774830018663999,False,False,none
22,14,stress,explicit_hierarchy,0.9855984372105443,1.0,0.9855984372105443,0.07102977941511077,0.0,0.6207092524370385,False,False,none
22,15,stress,explicit_hierarchy,0.7811540064185459,1.0,0.7811540064185459,0.11088838868170667,0.11344440222303648,0.63425201734603,False,False,none
22,16,stress,explicit_hierarchy,1.0,1.0,1.0,0.08042445558819006,0.0,0.5815647683825415,False,False,none
22,17,stress,explicit_hierarchy,1.0,1.0,1.0,0.07494036283996228,0.012349484890294974,0.6239685059097909,False,False,none
22,18,stress,explicit_hierarchy,0.6601107642417524,0.9929296840746574,0.6554435725928439,0.08778458237763653,0.0279694821146192,0.5951825867746615,False,False,none
22,19,stress,explicit_hierarchy,0.23965654631066818,0.9902261398178324,0.23731417673528654,0.12195977254079023,0.06352702310184605,0.509085400991297,False,False,none
22,20,stress,explicit_hierarchy,0.864489285119479,1.0,0.864489285119479,0.16276084619495979,0.20504633676249545,0.5631531740616187,False,False,none
22,21,stress,explicit_hierarchy,0.8350629642385322,1.0,0.8350629642385322,0.06993145193104203,0.00465155410967728,0.6326505776276472,False,False,none
22,22,stress,explicit_hierarchy,0.37528490345685184,0.8575295659002883,0.32181790035028573,0.1325707019960571,0.08199664311410332,0.4941167599470924,False,False,none
22,23,stress,explicit_hierarchy,0.8772786130314801,1.0,0.8772786130314801,0.08514039433365639,0.03810463922688433,0.622247369052332,False,False,none
22,24,stress,explicit_hierarchy,0.40273521499806664,0.9626893821281755,0.38770891528774665,0.10697325010596649,0.007535500104141918,0.4828759997233643,False,False,none
22,25,stress,explicit_hierarchy,0.5438339160960898,0.9911415522904522,0.5390163917876739,0.15356200786277038,0.23448683353322777,0.6480957869994006,False,False,none
22,26,stress,explicit_hierarchy,0.8258626369490858,1.0,0.8258626369490858,0.14552207202895345,0.1444150710971555,0.5389818957831902,False,False,none
22,27,stress,explicit_hierarchy,0.9654798239086388,0.9638444670533366,0.9305723863259713,0.09681451603850255,0.03507628907715785,0.5688103075450727,False,False,none
22,28,stress,explicit_hierarchy,1.0,1.0,1.0,0.10711727590905673,0.08201478305946358,0.6002014235564143,False,False,none
22,29,stress,explicit_hierarchy,0.9421093179217452,1.0,0.9421093179217452,0.13447067648299074,0.11069074641076221,0.5316325298045788,False,False,none
24,0,stress,explicit_hierarchy,0.5013529286825575,0.9909035758203748,0.4967924097795636,0.08426022913197737,0.0032182633063004354,0.57067796218507,False,False,none
24,1,stress,explicit_hierarchy,0.6933033340871664,1.0,0.6933033340871664,0.16030145037498017,0.1864966382016818,0.5440303005902455,False,False,none
24,2,stress,explicit_hierarchy,0.28599946860514647,0.8230792122789373,0.23540021733171862,0.2357528756788199,0.3694540562926601,0.5193319404682954,True,False,none
24,3,stress,explicit_hierarchy,0.6495903106449884,0.9772434139062018,0.6348078528150987,0.14554300486617772,0.16019744663704555,0.5638834368995818,False,False,none
24,4,stress,explicit_hierarchy,0.34939520910037813,1.0,0.34939520910037813,0.0887535215690379,0.07543394890266553,0.6662974125582293,False,False,none
24,5,stress,explicit_hierarchy,0.42554897667631925,1.0,0.42554897667631925,0.1313255501108262,0.08379655534184252,0.5021547538294748,False,False,none
24,6,stress,explicit_hierarchy,0.8184151776800824,0.9211010431956792,0.7538430739283011,0.14338681836570444,0.10929005450569797,0.49226417644358667,False,False,none
24,7,stress,explicit_hierarchy,0.7105999525805621,0.9232762259040684,0.6560800423461913,0.14334500332649416,0.15432777062888872,0.5637481229686815,False,False,none
24,8,stress,explicit_hierarchy,0.9735534635198662,1.0,0.9735534635198662,0.10519806257095007,0.03324253803248267,0.5309754245058056,False,False,none
24,9,stress,explicit_hierarchy,0.3549669654423839,0.8878332409535671,0.3151514713601645,0.11095489270127191,0.026777520906744574,0.49675235518037925,False,False,none
24,10,stress,explicit_hierarchy,0.7311966767354788,1.0,0.7311966767354788,0.09555770627979296,0.0914987070082825,0.6633825099306433,False,False,none
24,11,stress,explicit_hierarchy,0.8625649531798192,1.0,0.8625649531798192,0.10746154190316212,0.10528228436951459,0.6356071923218892,False,False,none
24,12,stress,explicit_hierarchy,0.2715737614005903,0.679511865449715,0.18453759321651092,0.10561382117424477,7.487844985300598e-05,0.47672763598624734,False,False,repair_product
24,13,stress,explicit_hierarchy,0.8091696749507395,1.0,0.8091696749507395,0.11175263620311071,0.07426711436302057,0.568620280228488,False,False,none
24,14,stress,explicit_hierarchy,0.992688494901942,1.0,0.992688494901942,0.060187774575739816,0.0,0.6658842726010841,False,False,none
24,15,stress,explicit_hierarchy,0.8446250770184217,1.0,0.8446250770184217,0.10384545271752363,0.08506539651943915,0.6186641581660968,False,False,none
24,16,stress,explicit_hierarchy,1.0,0.9736349729455583,0.9736349729455583,0.0703376741801201,0.0,0.6235930242494996,False,False,none
24,17,stress,explicit_hierarchy,1.0,1.0,1.0,0.07971575871319825,0.01676019776998964,0.6110546518308243,False,False,none
24,18,stress,explicit_hierarchy,0.6301529276329572,1.0,0.6301529276329572,0.07860381407405673,0.0,0.5891507746914303,False,False,none
24,19,stress,explicit_hierarchy,0.26739361263049866,1.0,0.26739361263049866,0.13898961943899632,0.12179142621463701,0.5303796771773572,False,False,none
24,20,stress,explicit_hierarchy,1.0,1.0,1.0,0.127077858222068,0.11155120552829131,0.5637983328278446,False,False,none
24,21,stress,explicit_hierarchy,0.8596559059297594,1.0,0.8596559059297594,0.08661135828472988,0.06049282431605013,0.6515663123140383,False,False,none
24,22,stress,explicit_hierarchy,0.2563569877982801,0.8461176611877667,0.21690817494502157,0.2140720347658439,0.29145451214083384,0.48616949936530396,False,False,none
24,23,stress,explicit_hierarchy,0.9307900619380745,1.0,0.9307900619380745,0.06150464866126562,0.0,0.6603972972447266,False,False,none
24,24,stress,explicit_hierarchy,0.45213613654439166,0.9561727206900401,0.43232023980193446,0.10150876031073831,0.0,0.49371349870525705,False,False,none
24,25,stress,explicit_hierarchy,0.7075724653107102,1.0,0.7075724653107102,0.12353403423410611,0.16496879329598482,0.6631421134098672,False,False,none
24,26,stress,explicit_hierarchy,0.9603580699352046,0.9973141824268508,0.9577787233544569,0.131877768556758,0.09927987025057154,0.5243690922435801,False,False,none
24,27,stress,explicit_hierarchy,1.0,1.0,1.0,0.08052914519096832,0.011079658539266892,0.5986713543914713,False,False,none
24,28,stress,explicit_hierarchy,0.9800507709525456,0.967138932128615,0.9478452560508708,0.12039242118693641,0.10417039870692857,0.5799680430070686,False,False,none
24,29,stress,explicit_hierarchy,1.0,1.0,1.0,0.13475687115741591,0.11636846842218929,0.5394297785125668,False,False,none
26,0,stress,explicit_hierarchy,0.5653600895221035,1.0,0.5653600895221035,0.08482769676219643,0.0,0.5632179301575149,False,False,none
26,1,stress,explicit_hierarchy,0.703436659267843,1.0,0.703436659267843,0.12830495710100218,0.1116220038965227,0.558797518248652,False,False,none
26,2,stress,explicit_hierarchy,0.40316450700832596,0.7977051813446467,0.32160641617480173,0.1613215261332848,0.2207472797561634,0.5940101673919055,False,False,none
26,3,stress,explicit_hierarchy,0.7951441929926008,1.0,0.7951441929926008,0.15771075346145266,0.19901785949948772,0.5746501381181363,False,False,none
26,4,stress,explicit_hierarchy,0.4242725114112829,1.0,0.4242725114112829,0.06,0.0,0.6764949778796414,False,False,none
26,5,stress,explicit_hierarchy,0.40868503988215443,1.0,0.40868503988215443,0.15714049969512928,0.1472230779044,0.4950177912855947,False,False,none
26,6,stress,explicit_hierarchy,0.989497018270848,0.9592523741646387,0.9491773640051419,0.11562012748521486,0.07002613574215107,0.545790850403344,False,False,none
26,7,stress,explicit_hierarchy,0.7813634554666029,0.9820823856565705,0.7673632864095028,0.10858971760101571,0.07962987224883766,0.5902901410564275,False,False,none
26,8,stress,explicit_hierarchy,0.9204025298496241,1.0,0.9204025298496241,0.10675998587297084,0.044921600373425394,0.5429592594538785,False,False,none
26,9,stress,explicit_hierarchy,0.416031738325529,0.9616202003084919,0.40006452354328526,0.0892116176988941,0.0,0.5449515929212746,False,False,none
26,10,stress,explicit_hierarchy,0.810226602615949,1.0,0.810226602615949,0.08779238746441584,0.052960673844493086,0.6347194524853814,False,False,none
26,11,stress,explicit_hierarchy,0.8469995370313465,1.0,0.8469995370313465,0.12593876574522297,0.1356892415226863,0.6067631084724908,False,False,none
26,12,stress,explicit_hierarchy,0.23836257342872158,0.7167261656970233,0.17084069329924279,0.11212057943597581,0.0062037062945738755,0.4593201206498428,False,False,repair_product
26,13,stress,explicit_hierarchy,0.758949118682529,1.0,0.758949118682529,0.09437156420126003,0.04321400078015462,0.5918739837299948,False,False,none
26,14,stress,explicit_hierarchy,1.0,1.0,1.0,0.06,0.0,0.6885462980666588,False,False,none
26,15,stress,explicit_hierarchy,0.8519020691614596,1.0,0.8519020691614596,0.08621884432230525,0.0488123003967386,0.634707624285231,False,False,none
26,16,stress,explicit_hierarchy,1.0,1.0,1.0,0.09681852798247934,0.06193300671344422,0.6113167273692894,False,False,none
26,17,stress,explicit_hierarchy,0.9128585561644207,1.0,0.9128585561644207,0.08730324982541818,0.06045525252886927,0.6486239422314674,False,False,none
26,18,stress,explicit_hierarchy,0.6867278386212267,1.0,0.6867278386212267,0.10086219947798519,0.06980752968037043,0.6069360908356483,False,False,none
26,19,stress,explicit_hierarchy,0.28513893119901074,1.0,0.28513893119901074,0.14001378180351645,0.1344493592768771,0.5461540613404036,False,False,none
26,20,stress,explicit_hierarchy,1.0,1.0,1.0,0.09138391609846414,0.04510930074935787,0.6073234091095494,False,False,none
26,21,stress,explicit_hierarchy,0.8776177347123787,1.0,0.8776177347123787,0.09099620236170805,0.07306749059275285,0.6532060169314086,False,False,none
26,22,stress,explicit_hierarchy,0.3213553748740497,0.8154032446783771,0.26203421536713634,0.14889807185046572,0.16076564894963977,0.5508036447933224,False,False,none
26,23,stress,explicit_hierarchy,0.8531885920197086,1.0,0.8531885920197086,0.0675530866622667,0.0,0.6351954722405555,False,False,none
26,24,stress,explicit_hierarchy,0.460061119075011,1.0,0.460061119075011,0.11719473023615953,0.05950754188437656,0.5225755653329315,False,False,none
26,25,stress,explicit_hierarchy,0.5807655857090462,1.0,0.5807655857090462,0.1410296241986357,0.18627052474773426,0.6239715633562639,False,False,none
26,26,stress,explicit_hierarchy,0.9200875014817369,1.0,0.9200875014817369,0.0960916240235688,0.06266312126128702,0.6155015085655011,False,False,none
26,27,stress,explicit_hierarchy,0.9893913236376755,1.0,0.9893913236376755,0.07126704373992426,0.0,0.6197206510836489,False,False,none
26,28,stress,explicit_hierarchy,0.9863384026747778,0.9795100829297709,0.9661284106007894,0.13049627395765676,0.10898128539352706,0.5454858937161815,False,False,none
26,29,stress,explicit_hierarchy,1.0,0.9937967423386206,0.9937967423386206,0.1176104452219554,0.09038234598854128,0.5697285260570427,False,False,none
28,0,stress,explicit_hierarchy,0.5969351122635541,1.0,0.5969351122635541,0.10281272074650019,0.07012167137779793,0.5993063099044292,False,False,none
28,1,stress,explicit_hierarchy,0.6361224049713857,0.9271699633908721,0.5897935869294332,0.15740688153095175,0.19796825168132048,0.5742543921164587,False,False,none
28,2,stress,explicit_hierarchy,0.4164055453114869,0.8762369285142829,0.3648699160400523,0.1317383980204631,0.12308099649661461,0.5626349193677103,False,False,none
28,3,stress,explicit_hierarchy,0.6527834631125912,1.0,0.6527834631125912,0.14184249316473224,0.15189094099939196,0.5661502683959863,False,False,none
28,4,stress,explicit_hierarchy,0.4186889510935706,1.0,0.4186889510935706,0.06639743416616911,0.0,0.6400106909742954,False,False,none
28,5,stress,explicit_hierarchy,0.2570852627885024,0.983886950864495,0.25294283531717704,0.20097327947712487,0.28143506620132086,0.5248835236640711,False,False,none
28,6,stress,explicit_hierarchy,0.9929015918655744,1.0,0.9929015918655744,0.10218802445755809,0.058432797680530106,0.5834018277543473,False,False,none
28,7,stress,explicit_hierarchy,0.7805277081673426,0.9981256007951742,0.7790646876518093,0.10696675852695059,0.09504539656399799,0.6214603840307027,False,False,none
28,8,stress,explicit_hierarchy,1.0,0.9949350158540652,0.9949350158540652,0.11590333880638332,0.07911138829225041,0.5589957864361328,False,False,none
28,9,stress,explicit_hierarchy,0.40137957566871313,1.0,0.40137957566871313,0.10226348455811218,0.035650234287356385,0.5470150186295136,False,False,none
28,10,stress,explicit_hierarchy,0.8333345437839057,1.0,0.8333345437839057,0.11649719720411988,0.12435893606834089,0.6281633270910403,False,False,none
28,11,stress,explicit_hierarchy,0.8681995216102998,1.0,0.8681995216102998,0.1235053033958772,0.1313848473132261,0.610087244096453,False,False,none
28,12,stress,explicit_hierarchy,0.25876610901423414,0.8480647717371961,0.21945042117447888,0.10561392140177904,0.0016854916796781617,0.4792773559854111,False,False,none
28,13,stress,explicit_hierarchy,0.6012171698399238,1.0,0.6012171698399238,0.09696130422203694,0.0628066578816107,0.6121051073873964,False,False,none
28,14,stress,explicit_hierarchy,1.0,1.0,1.0,0.06,0.0,0.7014776295737282,False,False,none
28,15,stress,explicit_hierarchy,0.8190696659524438,1.0,0.8190696659524438,0.07147142162018222,0.0,0.6188690765825741,False,False,none
28,16,stress,explicit_hierarchy,1.0,1.0,1.0,0.10539413993842661,0.07969177279205211,0.6037030571773049,False,False,none
28,17,stress,explicit_hierarchy,0.9310859322011765,0.9413298131130524,0.8764589465511257,0.1166355376281713,0.13558551311235945,0.645362322310522,False,False,none
28,18,stress,explicit_hierarchy,0.7799917597370869,1.0,0.7799917597370869,0.08397580106048091,0.046354292350857765,0.640161791803521,False,False,none
28,19,stress,explicit_hierarchy,0.34903928008561125,1.0,0.34903928008561125,0.12715221388798667,0.1049555506288937,0.5530453972958039,False,False,none
28,20,stress,explicit_hierarchy,1.0,1.0,1.0,0.09528763097492848,0.07450285096013665,0.6375977182913477,False,False,none
28,21,stress,explicit_hierarchy,0.9672365113082596,1.0,0.9672365113082596,0.07521648806759917,0.0015916349562045302,0.6057847217323273,False,False,none
28,22,stress,explicit_hierarchy,0.2978584821053618,0.8369859176186033,0.2493033549654406,0.1236552255338566,0.11874747312957037,0.5894533927307507,False,False,none
28,23,stress,explicit_hierarchy,1.0,1.0,1.0,0.07804101241131403,0.026016559837981672,0.6326886680296625,False,False,none
28,24,stress,explicit_hierarchy,0.5772737510113382,0.9999785711657078,0.5772613807077864,0.1021635831635031,0.02895098183831542,0.5368241247294032,False,False,none
28,25,stress,explicit_hierarchy,0.6379138695259626,1.0,0.6379138695259626,0.13303963147781728,0.15110869507756008,0.6015903027152316,False,False,none
28,26,stress,explicit_hierarchy,0.8743529698965645,1.0,0.8743529698965645,0.10786383834765098,0.07164835374566834,0.5806772336487624,False,False,none
28,27,stress,explicit_hierarchy,0.8350161731750466,0.9016482364837055,0.7528908599786532,0.11749543599978021,0.10067509651779798,0.586504586154096,False,False,none
28,28,stress,explicit_hierarchy,1.0,1.0,1.0,0.11486724217459948,0.08306908514596381,0.5695792090869449,False,False,none
28,29,stress,explicit_hierarchy,1.0,1.0,1.0,0.11510761885813064,0.07290024216609314,0.5524769715207698,False,False,none
30,0,stress,explicit_hierarchy,0.6148592965685776,1.0,0.6148592965685776,0.07249266217373707,0.005720331183577669,0.6236710986500936,False,False,none
30,1,stress,explicit_hierarchy,0.3624381040908632,0.781264098303061,0.28315987858321917,0.2233716317234267,0.3393843452549756,0.5233100811394334,False,False,none
30,2,stress,explicit_hierarchy,0.4655541047135895,0.9285792670699127,0.4323038893363343,0.12895782725467683,0.10684076351976797,0.5485069286784792,False,False,none
30,3,stress,explicit_hierarchy,0.6084032780143961,1.0,0.6084032780143961,0.1407557241320577,0.18503770575579606,0.62316085022977,False,False,none
30,4,stress,explicit_hierarchy,0.41062203037642125,1.0,0.41062203037642125,0.09616898022898504,0.0782029526956464,0.6397839241473358,False,False,none
30,5,stress,explicit_hierarchy,0.3021517100087595,0.9940545281212116,0.3003552755137746,0.1525719063075203,0.19266681712567246,0.5860061841676468,False,False,none
30,6,stress,explicit_hierarchy,1.0,1.0,1.0,0.13647595358383993,0.13737545443816007,0.5655279962610871,False,False,none
30,7,stress,explicit_hierarchy,0.7732713263234289,1.0,0.7732713263234289,0.11458891656774728,0.11194936790053336,0.6164660134768977,False,False,none
30,8,stress,explicit_hierarchy,1.0,0.9947139909375613,0.9947139909375613,0.09816244675272001,0.04019631707591573,0.5713006405672,False,False,none
30,9,stress,explicit_hierarchy,0.43305015848570394,1.0,0.43305015848570394,0.0772719913747465,0.0,0.5947000359385562,False,False,none
30,10,stress,explicit_hierarchy,0.7419419815182173,1.0,0.7419419815182173,0.1383147503990299,0.15680310386436447,0.5886267877892859,False,False,none
30,11,stress,explicit_hierarchy,0.8210409763896521,1.0,0.8210409763896521,0.19306533142996388,0.28425336201810847,0.5622956089038224,False,False,none
30,12,stress,explicit_hierarchy,0.3048043153094725,0.8928494240877154,0.27214435738351295,0.12090236128469016,0.063162593494496,0.5129142676800764,False,False,none
30,13,stress,explicit_hierarchy,0.7046366052776434,1.0,0.7046366052776434,0.08517971084149686,0.03245830165274246,0.613143515777272,False,False,none
30,14,stress,explicit_hierarchy,1.0,0.9972157213334333,0.9972157213334333,0.08513281384611998,0.05403774374719689,0.6475063699075618,False,False,none
30,15,stress,explicit_hierarchy,0.7984652375489072,1.0,0.7984652375489072,0.07103294906470212,0.0067661279730537455,0.6314090815210763,False,False,none
30,16,stress,explicit_hierarchy,0.9237899321684878,0.9828845233237249,0.9079788271306803,0.14300627771233607,0.18745540282759,0.6176115640089507,False,False,none
30,17,stress,explicit_hierarchy,0.9539890093298977,0.9965660906417763,0.9507130975431172,0.09020322917872342,0.06169613657997396,0.6385054280069445,False,False,none
30,18,stress,explicit_hierarchy,0.8093607301435766,0.9761215454339435,0.7900344467212929,0.07550662873951278,0.014081049720883539,0.6243507089767624,False,False,none
30,19,stress,explicit_hierarchy,0.32128278100180946,0.9455926002943196,0.30380262031729144,0.1552695957873708,0.17663675543076163,0.5493848803179943,False,False,none
30,20,stress,explicit_hierarchy,0.9945299252196913,1.0,0.9945299252196913,0.11290052183862595,0.11631390839353292,0.6304115139621523,False,False,none
30,21,stress,explicit_hierarchy,1.0,1.0,1.0,0.07342817851621822,0.0,0.6107159228490908,False,False,none
30,22,stress,explicit_hierarchy,0.3091370747380974,0.9002564009058621,0.27830263029028607,0.08895842607393567,0.013509398158389682,0.5673964384427184,False,False,none
30,23,stress,explicit_hierarchy,1.0,1.0,1.0,0.06,0.0006121037490630197,0.6724886026427984,False,False,none
30,24,stress,explicit_hierarchy,0.7208752823131873,1.0,0.7208752823131873,0.09596716260747486,0.0,0.5168034891355214,False,False,none
30,25,stress,explicit_hierarchy,0.7106986317190536,1.0,0.7106986317190536,0.08970330276014069,0.04646284930003443,0.6164690832244684,False,False,none
30,26,stress,explicit_hierarchy,0.7134456683919078,0.9117606102702683,0.6504916580076854,0.18693240094035066,0.25615348312303443,0.5433580110266767,False,False,none
30,27,stress,explicit_hierarchy,0.7851511421176826,0.9184088952264664,0.7210897930180992,0.09049669541019506,0.036224877476422376,0.596953158461856,False,False,none
30,28,stress,explicit_hierarchy,1.0,1.0,1.0,0.065531318551689,0.0,0.6436195060346291,False,False,none
30,29,stress,explicit_hierarchy,0.9535031784483592,1.0,0.9535031784483592,0.09747123232015201,0.01612143044985115,0.536062130211631,False,False,none
32,0,stress,explicit_hierarchy,0.5149701829952403,1.0,0.5149701829952403,0.08405992573404539,0.013529845555353168,0.5878392315707867,False,False,none
32,1,stress,explicit_hierarchy,0.379197268179827,0.7874207862975938,0.29858781107205895,0.15267752520443018,0.18696505471224864,0.5765383149426012,False,False,lower_floor+repair
32,2,stress,explicit_hierarchy,0.628696944583056,1.0,0.628696944583056,0.08567972937074445,0.019050901980237366,0.5898317224239407,False,False,none
32,3,stress,explicit_hierarchy,0.6357344579206108,1.0,0.6357344579206108,0.14821899425440233,0.1843862233003695,0.5910323774989087,False,False,none
32,4,stress,explicit_hierarchy,0.30432168081961053,0.9016315818229632,0.2743860384604084,0.11518259697845223,0.14877541568993974,0.6723002540988537,False,False,lower_floor+repair
32,5,stress,explicit_hierarchy,0.29495196265674145,1.0,0.29495196265674145,0.14319586661340572,0.18365187580145675,0.6107993591297827,False,False,none
32,6,stress,explicit_hierarchy,1.0,1.0,1.0,0.136300658701054,0.13000166309281067,0.5545832219758918,False,False,none
32,7,stress,explicit_hierarchy,0.8136490423372563,1.0,0.8136490423372563,0.07979189271535556,0.03581651687365845,0.6409099320693111,False,False,none
32,8,stress,explicit_hierarchy,0.98729347424295,1.0,0.98729347424295,0.10034904039287562,0.04303113776273831,0.5666782998206873,False,False,none
32,9,stress,explicit_hierarchy,0.5730077737216734,1.0,0.5730077737216734,0.09565068329743595,0.06004087906929659,0.6131868781204032,False,False,none
32,10,stress,explicit_hierarchy,0.6808870653703777,1.0,0.6808870653703777,0.11794234736020826,0.0907606160259796,0.5689445280402665,False,False,none
32,11,stress,explicit_hierarchy,0.8886270351370831,1.0,0.8886270351370831,0.17094393584914336,0.2197364539889068,0.5523163194443385,False,False,none
32,12,stress,explicit_hierarchy,0.3832486705028962,0.9659241105280602,0.3701891311665716,0.11188177771857935,0.05383597047854746,0.5357328794302862,False,False,none
32,13,stress,explicit_hierarchy,0.7532432981228233,1.0,0.7532432981228233,0.08362210381455121,0.012534479159997981,0.5880874927760334,False,False,none
32,14,stress,explicit_hierarchy,1.0,1.0,1.0,0.06997363771969164,0.01936457443128457,0.6557704190174853,False,False,none
32,15,stress,explicit_hierarchy,0.6613027020347615,1.0,0.6613027020347615,0.08646088485871983,0.013834750096120762,0.5783180007408586,False,False,none
32,16,stress,explicit_hierarchy,0.8710531387891867,1.0,0.8710531387891867,0.14907019399864638,0.19283154668844313,0.6008574739290085,False,False,none
32,17,stress,explicit_hierarchy,0.9475805774258711,1.0,0.9475805774258711,0.07779516982857021,0.04525058707442485,0.6641668885821301,False,False,none
32,18,stress,explicit_hierarchy,0.742784378379313,1.0,0.742784378379313,0.09298223602364292,0.05642463414548514,0.618579687298506,False,False,none
32,19,stress,explicit_hierarchy,0.32919654159532186,1.0,0.32919654159532186,0.1351102976525622,0.13215171197335446,0.5629473037388021,False,False,none
32,20,stress,explicit_hierarchy,1.0,1.0,1.0,0.09855080161125168,0.08500337403270322,0.6406270021715647,False,False,none
32,21,stress,explicit_hierarchy,1.0,0.9974621429480822,0.9974621429480822,0.078496100826325,0.02662897643050739,0.6317621259052826,False,False,none
32,22,stress,explicit_hierarchy,0.3721636982743905,0.9204586963157452,0.3425613125296918,0.07358670224518504,0.0,0.610055407311729,False,False,none
32,23,stress,explicit_hierarchy,0.9738031957402585,1.0,0.9738031957402585,0.06391991431378985,0.014891459222668841,0.6739118341284347,False,False,none
32,24,stress,explicit_hierarchy,0.7306330388416511,1.0,0.7306330388416511,0.08109589983583554,0.0,0.578767084017352,False,False,none
32,25,stress,explicit_hierarchy,0.8177365778535296,1.0,0.8177365778535296,0.10059660391899086,0.03001199257497012,0.5450331385812408,False,False,none
32,26,stress,explicit_hierarchy,0.7815593370434364,0.9293694487055041,0.7263573701986977,0.13761340723723278,0.13505538648343246,0.5571151651102981,False,False,none
32,27,stress,explicit_hierarchy,0.938346045195155,0.9186167183656088,0.8619803647285205,0.08756266383664574,0.016654578327150848,0.578191983031965,False,False,none
32,28,stress,explicit_hierarchy,1.0,1.0,1.0,0.06,0.00720772556936723,0.696059466793068,False,False,none
32,29,stress,explicit_hierarchy,0.9124739503710372,1.0,0.9124739503710372,0.07303884721696008,0.0,0.6123381365959997,False,False,none
34,0,stress,explicit_hierarchy,0.6158257191236429,1.0,0.6158257191236429,0.08842542055945157,0.024511184890198226,0.5870367904117656,False,False,none
34,1,stress,explicit_hierarchy,0.28820973303058633,0.8146354649817409,0.2347858698796351,0.12935949228831797,0.12580070958082362,0.5768532389683125,False,False,none
34,2,stress,explicit_hierarchy,0.45179664739117037,0.9387511373919194,0.42412461660831713,0.14494034378245463,0.1873747550049642,0.6094252629976322,False,False,none
34,3,stress,explicit_hierarchy,0.6728291667101634,1.0,0.6728291667101634,0.10639647625903237,0.09052116615243629,0.6166731953287227,False,False,none
34,4,stress,explicit_hierarchy,0.35050676033762607,1.0,0.35050676033762607,0.1081257275199504,0.10941489653427339,0.6393830548461397,False,False,none
34,5,stress,explicit_hierarchy,0.39251382486257996,1.0,0.39251382486257996,0.1437948383204823,0.16634129691567803,0.5808952271144807,False,False,none
34,6,stress,explicit_hierarchy,0.9452556611543032,1.0,0.9452556611543032,0.12604355767532438,0.15169274992352294,0.6316653637317264,False,False,none
34,7,stress,explicit_hierarchy,0.8048464537623569,1.0,0.8048464537623569,0.07012968985318224,0.0,0.6244596256117407,False,False,none
34,8,stress,explicit_hierarchy,0.9904519858537171,1.0,0.9904519858537171,0.08274545090970659,0.012425014591186133,0.5915668943122673,False,False,none
34,9,stress,explicit_hierarchy,0.5894062627695161,1.0,0.5894062627695161,0.10196888574792234,0.07160213303175456,0.6051663533506016,False,False,none
34,10,stress,explicit_hierarchy,0.5886508079528185,0.9408604425324498,0.5538382596675729,0.14693184304606763,0.133647472879007,0.5160591526998126,False,False,none
34,11,stress,explicit_hierarchy,0.8555836885370717,1.0,0.8555836885370717,0.16759164355670841,0.2050985013648887,0.5431074456747889,False,False,none
34,12,stress,explicit_hierarchy,0.38270509797550667,1.0,0.38270509797550667,0.09634718318055181,0.0016604393121567723,0.5178490989919491,False,False,none
34,13,stress,explicit_hierarchy,0.8877686960392999,1.0,0.8877686960392999,0.07623178593605887,0.0,0.5990342252664215,False,False,none
34,14,stress,explicit_hierarchy,1.0,1.0,1.0,0.06935601057746216,0.040172671011158796,0.6912900183615758,False,False,none
34,15,stress,explicit_hierarchy,0.7097562043664211,1.0,0.7097562043664211,0.09518866782038032,0.05410732079925636,0.6057171420139046,False,False,none
34,16,stress,explicit_hierarchy,0.9986341634802054,1.0,0.9986341634802054,0.13962115551788612,0.1684881060637694,0.601684686609776,False,False,none
34,17,stress,explicit_hierarchy,0.9005515357054399,1.0,0.9005515357054399,0.08922091344562888,0.05375896540074103,0.6300312225277196,False,False,none
34,18,stress,explicit_hierarchy,0.7493920244246554,1.0,0.7493920244246554,0.09182005155722367,0.059068958759848314,0.627608969881328,False,False,none
34,19,stress,explicit_hierarchy,0.33646137892781364,1.0,0.33646137892781364,0.13194348098791858,0.11635253601111913,0.5511270112346113,False,False,none
34,20,stress,explicit_hierarchy,0.9237178498790489,1.0,0.9237178498790489,0.09760961012818745,0.10185847217695304,0.6712358720793946,False,False,none
34,21,stress,explicit_hierarchy,0.6249674398596619,0.9083839095342516,0.5677103663513319,0.1380321451422075,0.18765866197517034,0.6386589433681553,False,False,none
34,22,stress,explicit_hierarchy,0.3933811967223003,1.0,0.3933811967223003,0.07216393709233415,0.0,0.6159835954486077,False,False,none
34,23,stress,explicit_hierarchy,0.987517919421791,1.0,0.987517919421791,0.06987660863209569,0.011638858202572235,0.643942322853674,False,False,none
34,24,stress,explicit_hierarchy,0.8359353137702904,1.0,0.8359353137702904,0.0706644533830853,0.0,0.6222314442371446,False,False,none
34,25,stress,explicit_hierarchy,0.8651558842858158,1.0,0.8651558842858158,0.07810936216000938,0.014337239781256214,0.6139116206536166,False,False,none
34,26,stress,explicit_hierarchy,0.7915443082310023,0.9728127519232562,0.7700243967593915,0.11488075233645689,0.07939386177868925,0.5637038130810209,False,False,none
34,27,stress,explicit_hierarchy,0.9560248962408324,1.0,0.9560248962408324,0.0737848209113384,0.0,0.6092299128694234,False,False,none
34,28,stress,explicit_hierarchy,1.0,1.0,1.0,0.06,1.2023940999591756e-05,0.6916734179381033,False,False,none
34,29,stress,explicit_hierarchy,0.9696189930905558,1.0,0.9696189930905558,0.06891099794968347,0.0,0.6295375085429855,False,False,none
36,0,stress,explicit_hierarchy,0.7550631622875412,1.0,0.7550631622875412,0.06986683075763894,0.0,0.625554871843171,False,False,none
36,1,stress,explicit_hierarchy,0.30214440068075576,0.8700659968460486,0.2628855691697537,0.1357271762454356,0.12549391484676561,0.5498354641513972,False,False,none
36,2,stress,explicit_hierarchy,0.48194177508300856,1.0,0.48194177508300856,0.10611617120485664,0.11614238267663664,0.6584080592177719,False,False,none
36,3,stress,explicit_hierarchy,0.7158529730079418,1.0,0.7158529730079418,0.1174417413624429,0.09157633228209097,0.5723219371031321,False,False,none
36,4,stress,explicit_hierarchy,0.4903342307332448,1.0,0.4903342307332448,0.09527973521600386,0.08923628933141098,0.660958561374718,False,False,none
36,5,stress,explicit_hierarchy,0.4437000336260846,1.0,0.4437000336260846,0.1390833889167452,0.16548669692837367,0.5991731496501532,False,False,none
36,6,stress,explicit_hierarchy,0.9703590912255123,0.9940899621928381,0.9646242323098463,0.08416978303491326,0.06960485828935531,0.6761669296460073,False,False,none
36,7,stress,explicit_hierarchy,0.8222614265212453,0.9594386249373079,0.7889093724005328,0.09278146300411436,0.03716081677534985,0.5889151973771609,False,False,none
36,8,stress,explicit_hierarchy,0.9506241141939895,1.0,0.9506241141939895,0.08519928125951678,0.0070866042893210305,0.572890118210105,False,False,none
36,9,stress,explicit_hierarchy,0.5465472049246825,0.9700368284829498,0.5301709172813598,0.13576126436540042,0.10711117407281555,0.5205874240927896,False,False,none
36,10,stress,explicit_hierarchy,0.6796156175217896,0.9930635820004131,0.6749015195196111,0.10913566377322004,0.07170186761897442,0.5754626913416261,False,False,none
36,11,stress,explicit_hierarchy,0.8727205193591924,1.0,0.8727205193591924,0.16843016703256108,0.19788017084119522,0.5281845745295546,False,False,none
36,12,stress,explicit_hierarchy,0.37647558537811887,1.0,0.37647558537811887,0.08354422179430976,0.005767527197740574,0.5776976605867986,False,False,none
36,13,stress,explicit_hierarchy,0.9145018165354403,1.0,0.9145018165354403,0.09610250919634794,0.0807391723004543,0.6440765678242695,False,False,none
36,14,stress,explicit_hierarchy,1.0,1.0,1.0,0.09706156863671961,0.1015544859313838,0.6730380667383594,False,False,none
36,15,stress,explicit_hierarchy,0.763432888105473,1.0,0.763432888105473,0.11316931691162865,0.09229238586738626,0.5912574571582423,False,False,none
36,16,stress,explicit_hierarchy,0.8986683199552572,0.9612084397509236,0.8638075736777766,0.1720671448993133,0.22830122670504283,0.5611971718691792,False,False,none
36,17,stress,explicit_hierarchy,0.970507447720235,1.0,0.970507447720235,0.07424626243539023,0.021135386695435132,0.640771602120313,False,False,none
36,18,stress,explicit_hierarchy,0.795773446548768,0.9443529929986412,0.7514910359971733,0.06337180837563569,0.0,0.652617465101518,False,False,none
36,19,stress,explicit_hierarchy,0.37381122186787574,1.0,0.37381122186787574,0.11350962119948327,0.09201954528777667,0.5894075250411327,False,False,none
36,20,stress,explicit_hierarchy,0.91006398610792,1.0,0.91006398610792,0.12535345066910755,0.1582329530338289,0.6448961311822811,False,False,none
36,21,stress,explicit_hierarchy,0.4994559640300301,0.9187595038267048,0.458879913695519,0.15984717279321942,0.2331478665702652,0.6197875687645058,False,False,none
36,22,stress,explicit_hierarchy,0.43153135964759,1.0,0.43153135964759,0.08209058826450216,0.03592797228882559,0.6315085050218816,False,False,none
36,23,stress,explicit_hierarchy,0.967634277800925,1.0,0.967634277800925,0.13304459323195328,0.16471803308241967,0.6231177472473592,False,False,none
36,24,stress,explicit_hierarchy,0.9110342377993784,1.0,0.9110342377993784,0.07049401900110078,0.0,0.6229415874954135,False,False,none
36,25,stress,explicit_hierarchy,1.0,1.0,1.0,0.06837391167715562,0.0,0.6317753680118516,False,False,none
36,26,stress,explicit_hierarchy,0.7709909467001389,1.0,0.7709909467001389,0.129858778315376,0.10709449667531479,0.5451547100885151,False,False,none
36,27,stress,explicit_hierarchy,1.0,1.0,1.0,0.09436062895419517,0.05074950000899933,0.6038507543717692,False,False,none
36,28,stress,explicit_hierarchy,0.9875802831290793,1.0,0.9875802831290793,0.06138747890635873,0.0,0.6608855045568386,False,False,none
36,29,stress,explicit_hierarchy,0.955623511853406,1.0,0.955623511853406,0.07676177964864137,0.0181598688089403,0.6255790437448164,False,False,none
38,0,stress,explicit_hierarchy,0.8112862814231507,1.0,0.8112862814231507,0.09325341434394516,0.06792237820860178,0.6356545390638481,False,False,none
38,1,stress,explicit_hierarchy,0.3150778319676651,1.0,0.3150778319676651,0.12829338038154522,0.0810014428263942,0.510363199552019,False,False,none
38,2,stress,explicit_hierarchy,0.41448976899750367,1.0,0.41448976899750367,0.09440257824372822,0.09970341810680705,0.6811863359869104,False,False,none
38,3,stress,explicit_hierarchy,0.6025805742838793,1.0,0.6025805742838793,0.12382017212733035,0.12629414555780744,0.6007150132693188,False,False,none
38,4,stress,explicit_hierarchy,0.42567557059239036,0.9932209929328402,0.42278991289102724,0.0741522946185531,0.017130071736099695,0.6348213860048534,False,False,none
38,5,stress,explicit_hierarchy,0.37313387320452396,0.9621300734455107,0.3590033208312765,0.17657367414410796,0.2354502098450993,0.5537391899876241,False,False,none
38,6,stress,explicit_hierarchy,0.9054290887116972,1.0,0.9054290887116972,0.07419397960363305,0.038382517424085105,0.6682974042396638,False,False,none
38,7,stress,explicit_hierarchy,0.7935881443223505,1.0,0.7935881443223505,0.10506845448576871,0.06204266260639819,0.5771156554360942,False,False,none
38,8,stress,explicit_hierarchy,1.0,0.9795924822329951,0.9795924822329951,0.10627364418227744,0.07934851238732439,0.599494960520441,False,False,none
38,9,stress,explicit_hierarchy,0.6070910241155286,1.0,0.6070910241155286,0.1318221178930597,0.07856256050640083,0.49179856291405255,False,False,none
38,10,stress,explicit_hierarchy,0.6988699960063152,1.0,0.6988699960063152,0.0846466687758412,0.008387745270660267,0.5772528101125405,False,False,none
38,11,stress,explicit_hierarchy,0.865256105948803,1.0,0.865256105948803,0.15127948863845195,0.1526186334715217,0.5279816336696929,False,False,none
38,12,stress,explicit_hierarchy,0.23172816704077415,0.9116643439679103,0.2112583073841137,0.15612262031974497,0.21986597061235075,0.6142768688039513,False,False,none
38,13,stress,explicit_hierarchy,0.9744960536702939,0.9951949736687343,0.9698135744726937,0.08882139992860999,0.05085867070762304,0.6271037289178616,False,False,none
38,14,stress,explicit_hierarchy,1.0,1.0,1.0,0.09330691086015008,0.11112788358465205,0.7038403537584071,False,False,none
38,15,stress,explicit_hierarchy,0.8095429253609123,1.0,0.8095429253609123,0.08595791318504281,0.029288892505206377,0.6048827748622319,False,False,none
38,16,stress,explicit_hierarchy,1.0,1.0,1.0,0.17145867804140796,0.21281240058920853,0.5392084757603802,False,False,none
38,17,stress,explicit_hierarchy,1.0,1.0,1.0,0.08094696890890857,0.044569723509365194,0.6499563584360426,False,False,none
38,18,stress,explicit_hierarchy,0.8334754091338616,1.0,0.8334754091338616,0.0647594148321517,0.0,0.6468357715327013,False,False,none
38,19,stress,explicit_hierarchy,0.4180391114436591,1.0,0.4180391114436591,0.0684438771873746,0.0,0.6314838450526058,False,False,none
38,20,stress,explicit_hierarchy,0.9940067202456857,0.9768078783630061,0.9709535954817584,0.1255014415960096,0.16992557674886738,0.6627928232023333,False,False,none
38,21,stress,explicit_hierarchy,0.6014068445109092,1.0,0.6014068445109092,0.14784566023699597,0.1829900086194439,0.5903772626599695,False,False,none
38,22,stress,explicit_hierarchy,0.5072436254836203,1.0,0.5072436254836203,0.07413769435645179,0.0,0.6077596068481176,False,False,none
38,23,stress,explicit_hierarchy,0.6950545319216717,0.7970886699808548,0.5540200924136108,0.24868289988764194,0.45238417646284035,0.596762863200989,False,False,none
38,24,stress,explicit_hierarchy,0.8967597888859347,0.9993486254907217,0.8961756624185085,0.06987331963202256,0.0,0.6255278348665727,False,False,none
38,25,stress,explicit_hierarchy,1.0,1.0,1.0,0.06574397561151696,0.0,0.6427334349520127,False,False,none
38,26,stress,explicit_hierarchy,0.7124037209580321,1.0,0.7124037209580321,0.12950240978767563,0.1071437900721865,0.5467176268323134,False,False,none
38,27,stress,explicit_hierarchy,1.0,0.9965265310049932,0.9965265310049932,0.0878446133267815,0.021063153140375157,0.5839974369440044,False,False,none
38,28,stress,explicit_hierarchy,1.0,1.0,1.0,0.06,0.007483427754356363,0.6851540653505143,False,False,none
38,29,stress,explicit_hierarchy,0.9405766962264411,0.9772228817679689,0.9191530696101983,0.08182055153688483,0.013318806651621704,0.596835812461381,False,False,none
40,0,stress,explicit_hierarchy,0.923362087912752,1.0,0.923362087912752,0.09930495639762088,0.0751761195280673,0.6219248709293529,False,False,none
40,1,stress,explicit_hierarchy,0.32907791943524295,0.993952518531302,0.3270878268157006,0.12434014669607081,0.0551511494612397,0.48590537541333456,False,False,none
40,2,stress,explicit_hierarchy,0.4072081727078859,1.0,0.4072081727078859,0.12127798644057408,0.1676739067701472,0.6768254088836745,False,False,none
40,3,stress,explicit_hierarchy,0.7039887884284033,1.0,0.7039887884284033,0.12644633587687124,0.1390330490516789,0.6099425948448614,False,False,none
40,4,stress,explicit_hierarchy,0.6704899719695773,1.0,0.6704899719695773,0.07966480836689255,0.007745906422481053,0.5969943169735428,False,False,none
40,5,stress,explicit_hierarchy,0.363163937300385,1.0,0.363163937300385,0.1575222139070388,0.1945667057905101,0.5683880595556461,False,False,none
40,6,stress,explicit_hierarchy,0.9704663541895898,1.0,0.9704663541895898,0.07161276919104986,0.027565756866357823,0.6619259100756921,False,False,none
40,7,stress,explicit_hierarchy,0.7641850221744325,1.0,0.7641850221744325,0.08690073740931895,0.012072465483729367,0.5736949978104092,False,False,none
40,8,stress,explicit_hierarchy,1.0,1.0,1.0,0.09153363859298064,0.05641546249674297,0.6246009881490904,False,False,none
40,9,stress,explicit_hierarchy,0.5281706582174155,1.0,0.5281706582174155,0.1177095747904584,0.08630675316193004,0.5628624642128125,False,False,none
40,10,stress,explicit_hierarchy,0.7680233091292212,1.0,0.7680233091292212,0.07719367343727931,0.015154254915477658,0.6190205976275092,False,False,none
40,11,stress,explicit_hierarchy,0.8905807453533527,1.0,0.8905807453533527,0.11167345570556617,0.08168900743148566,0.5807015296599932,False,False,none
40,12,stress,explicit_hierarchy,0.27198888790597775,0.9785312920200131,0.26614963789772295,0.1588773295045052,0.2163491721837028,0.5972306496887578,False,False,none
40,13,stress,explicit_hierarchy,1.0,1.0,1.0,0.06736721858219336,0.0,0.6359699225741944,False,False,none
40,14,stress,explicit_hierarchy,0.9668015027972098,1.0,0.9668015027972098,0.08994192190774686,0.08159837909304675,0.6711060922817121,False,False,none
40,15,stress,explicit_hierarchy,0.9956018121183914,1.0,0.9956018121183914,0.07720649308577374,0.02606786053217333,0.6362470579852172,False,False,none
40,16,stress,explicit_hierarchy,1.0,1.0,1.0,0.17187155612941177,0.20292526665523325,0.5218335216649036,False,False,none
40,17,stress,explicit_hierarchy,0.9829204525484836,1.0,0.9829204525484836,0.10808551322686868,0.08968737557553089,0.6083153728826377,False,False,none
40,18,stress,explicit_hierarchy,0.8181954974696675,0.9486166528865995,0.7761538742165621,0.09681314534924193,0.06113235829290531,0.6100714616752587,False,False,none
40,19,stress,explicit_hierarchy,0.5392457362055211,1.0,0.5392457362055211,0.06267894823673101,0.0,0.6555043823469542,False,False,none
40,20,stress,explicit_hierarchy,0.9345375879896696,1.0,0.9345375879896696,0.11935418055129621,0.14620664007189252,0.6508514278167623,False,False,none
40,21,stress,explicit_hierarchy,0.5703170238517499,1.0,0.5703170238517499,0.17527530267403005,0.24154183693357542,0.5687941473363691,False,False,none
40,22,stress,explicit_hierarchy,0.6002457065214121,1.0,0.6002457065214121,0.07916338252904345,0.016716815895719765,0.6132875312972087,False,False,none
40,23,stress,explicit_hierarchy,0.7751093899815569,0.8555564407134827,0.6631498308562196,0.23173864085430082,0.36507770564322745,0.5291286970421901,False,False,none
40,24,stress,explicit_hierarchy,1.0,1.0,1.0,0.07434721818205689,0.0,0.6068865909080963,False,False,none
40,25,stress,explicit_hierarchy,1.0,1.0,1.0,0.06835210730400204,0.0,0.6318662195666582,False,False,none
40,26,stress,explicit_hierarchy,0.7693875148873706,1.0,0.7693875148873706,0.11151234339008118,0.07613062856045942,0.5725720644287225,False,False,none
40,27,stress,explicit_hierarchy,1.0,0.9968155776014045,0.9968155776014045,0.08160027039988602,0.00879454982458781,0.5905902438894056,False,False,none
40,28,stress,explicit_hierarchy,0.8928348119740775,1.0,0.8928348119740775,0.09642982274839224,0.0807375325260747,0.642710165047984,False,False,none
40,29,stress,explicit_hierarchy,1.0,1.0,1.0,0.07065903198772727,0.0,0.6222540333844697,False,False,none
42,0,stress,explicit_hierarchy,0.9125428403037693,1.0,0.9125428403037693,0.1209178920810427,0.11244423674422926,0.5908788245073517,False,False,none
42,1,stress,explicit_hierarchy,0.40972313165530816,0.9884456194752593,0.4049890346823743,0.1330490306896016,0.11260934803692346,0.5405938398517889,False,False,none
42,2,stress,explicit_hierarchy,0.4209520951609721,0.9967612903566418,0.41958875355098246,0.10298257691047524,0.0970395562683487,0.6412185602979052,False,False,none
42,3,stress,explicit_hierarchy,0.6021852406886999,1.0,0.6021852406886999,0.11372165864074038,0.1253823120826053,0.6413484164610402,False,False,none
42,4,stress,explicit_hierarchy,0.635509151965413,0.9922071562933253,0.6305567284699852,0.0693433179999455,0.0,0.627736175000227,False,False,none
42,5,stress,explicit_hierarchy,0.0863296997757937,0.8466569009670927,0.07309163607359301,0.2617537693045113,0.4271406049133013,0.5023319190105969,True,False,none
42,6,stress,explicit_hierarchy,0.8839574965624907,1.0,0.8839574965624907,0.0866346469449003,0.06348603798464371,0.656208531205268,False,False,none
42,7,stress,explicit_hierarchy,0.6229591501389774,0.8859637684155766,0.5519192362260934,0.19320087602574104,0.2676859803037122,0.53549915204029,False,False,none
42,8,stress,explicit_hierarchy,0.9781979273108279,1.0,0.9781979273108279,0.0756759821717829,0.025944505120047312,0.6424288740576461,False,False,none
42,9,stress,explicit_hierarchy,0.6156551293313619,1.0,0.6156551293313619,0.07887523531934765,0.0005473257951235811,0.5888864520116638,False,False,none
42,10,stress,explicit_hierarchy,0.8098722096648234,1.0,0.8098722096648234,0.09250274710391146,0.03973427064733257,0.5941511489253122,False,False,none
42,11,stress,explicit_hierarchy,0.981898475982667,1.0,0.981898475982667,0.08847422870503444,0.04431102958322169,0.618183177235791,False,False,none
42,12,stress,explicit_hierarchy,0.009876147455633193,0.8718869773772295,0.00861088435322384,0.238477840992575,0.4008326120075993,0.5576606315429697,True,False,none
42,13,stress,explicit_hierarchy,0.9666654947386479,1.0,0.9666654947386479,0.07124730323249234,0.0,0.6198029031979486,False,False,none
42,14,stress,explicit_hierarchy,1.0,1.0,1.0,0.09277901167379135,0.07662079287105998,0.6514037067383811,False,False,none
42,15,stress,explicit_hierarchy,1.0,1.0,1.0,0.06946033716900538,0.00908824923377872,0.6416383230826272,False,False,none
42,16,stress,explicit_hierarchy,1.0,1.0,1.0,0.14928209072238624,0.14404400170923579,0.5227276246963474,False,False,none
42,17,stress,explicit_hierarchy,1.0,1.0,1.0,0.11994987771680796,0.11501058755140318,0.5989756064696887,False,False,none
42,18,stress,explicit_hierarchy,0.3892461746567222,0.7158747034249996,0.2786514898416966,0.24262988352456033,0.4087204154698686,0.5528494764749571,False,False,lower_floor+repair
42,19,stress,explicit_hierarchy,0.6145638119206411,0.9901533387917294,0.6085124102737952,0.06975813646480339,0.04781951712553886,0.7017220001787557,False,False,none
42,20,stress,explicit_hierarchy,1.0,1.0,1.0,0.14112032079658723,0.1803708560129895,0.6142525187014534,False,False,none
42,21,stress,explicit_hierarchy,0.5677090013873816,1.0,0.5677090013873816,0.15155346619090476,0.19017436509144608,0.5863033022660199,False,False,none
42,22,stress,explicit_hierarchy,0.6800953760647287,1.0,0.6800953760647287,0.09350325347151323,0.029510807274643003,0.5737952220535464,False,False,none
42,23,stress,explicit_hierarchy,0.7316286551051246,0.9127110460673141,0.6677655551338205,0.2349004331824477,0.337207683222681,0.47182702684237965,False,False,none
42,24,stress,explicit_hierarchy,0.9927095469922689,1.0,0.9927095469922689,0.07858800712523234,0.03220718328227614,0.6402113438418026,False,False,none
42,25,stress,explicit_hierarchy,1.0,1.0,1.0,0.06629881422337314,0.0,0.640421607402612,False,False,none
42,26,stress,explicit_hierarchy,0.6369687227478842,0.9997649231836458,0.6368189861684235,0.13902155618930886,0.14055088459646273,0.5599490831556125,False,False,none
42,27,stress,explicit_hierarchy,1.0,1.0,1.0,0.0787971072951166,0.004207951053236458,0.5950079754379719,False,False,none
42,28,stress,explicit_hierarchy,1.0,1.0,1.0,0.06422932526232528,0.0,0.6490444780736447,False,False,none
42,29,stress,explicit_hierarchy,0.7463842107725295,0.8962432951613565,0.6689418445191803,0.18116759982707517,0.2501919183766591,0.5579388714835637,False,False,none
44,0,stress,explicit_hierarchy,0.9654150676553037,0.9698719181640738,0.9363289634913485,0.11080053303697329,0.08611903290304171,0.5913529144424274,False,False,none
44,1,stress,explicit_hierarchy,0.49209748686219346,1.0,0.49209748686219346,0.14604023812224345,0.15624688162082565,0.5555565703902928,False,False,none
44,2,stress,explicit_hierarchy,0.4343381922702072,1.0,0.4343381922702072,0.06408551564383225,0.0,0.6496436848173657,False,False,none
44,3,stress,explicit_hierarchy,0.6932394316599878,1.0,0.6932394316599878,0.06984688558910793,0.0016426431328638302,0.6282388283390847,False,False,none
44,4,stress,explicit_hierarchy,0.7946606284706267,1.0,0.7946606284706267,0.08912680158506087,0.045136251500941055,0.6167707249387364,False,False,none
44,5,stress,explicit_hierarchy,0.17282172259757775,0.8471521137049633,0.14640628759267083,0.1309030725474484,0.14013402188849178,0.593116065709077,False,False,lower_floor+repair
44,6,stress,explicit_hierarchy,0.9413277899040341,1.0,0.9413277899040341,0.06,0.0,0.6755731087910634,False,False,none
44,7,stress,explicit_hierarchy,0.5873461029725523,0.9533177057359177,0.5599274393587256,0.22848266366456954,0.33120639552958997,0.4890656943194777,False,False,none
44,8,stress,explicit_hierarchy,1.0,0.9951953804086157,0.9951953804086157,0.0986993919205931,0.08631043824529117,0.6420773942192397,False,False,none
44,9,stress,explicit_hierarchy,0.7974676057810315,1.0,0.7974676057810315,0.0751544314221283,0.0,0.6035232024077988,False,False,none
44,10,stress,explicit_hierarchy,0.9815507476529551,1.0,0.9815507476529551,0.07061914348010517,0.0,0.6224202354995618,False,False,none
44,11,stress,explicit_hierarchy,1.0,1.0,1.0,0.08988744697446294,0.022075156542901042,0.5770879687993311,False,False,none
44,12,stress,explicit_hierarchy,0.14416555997544306,0.8729695553659608,0.12585214479084728,0.15554201933191025,0.22269069148757217,0.6211685143056966,True,False,lower_floor+repair
44,13,stress,explicit_hierarchy,1.0,1.0,1.0,0.08401029696184908,0.051759199967419095,0.6485758292740423,False,False,none
44,14,stress,explicit_hierarchy,1.0,0.993135116264348,0.993135116264348,0.08196199229791404,0.01842637890019209,0.6043334653506623,False,False,none
44,15,stress,explicit_hierarchy,0.9306389434984712,1.0,0.9306389434984712,0.06296317508822605,0.007086668184505447,0.6655406617578585,False,False,none
44,16,stress,explicit_hierarchy,1.0,1.0,1.0,0.1202677596196918,0.10647059549290476,0.5841294444483834,False,False,none
44,17,stress,explicit_hierarchy,0.9640192991496898,1.0,0.9640192991496898,0.10355640653820439,0.08221015338653648,0.615347715619498,False,False,none
44,18,stress,explicit_hierarchy,0.327184003631657,0.6723073629164215,0.2199682146700362,0.10361166462480328,0.07187943045490869,0.5987604956169251,False,False,lower_floor+repair
44,19,stress,explicit_hierarchy,0.6469713435462481,0.9884764328267142,0.6395159258097018,0.06104677017108395,0.034525991219137984,0.7169712770507854,False,False,none
44,20,stress,explicit_hierarchy,1.0,1.0,1.0,0.1465821599647037,0.16989475535785475,0.5749076961303381,False,False,none
44,21,stress,explicit_hierarchy,0.6535425362698231,1.0,0.6535425362698231,0.13251109445859435,0.13181421860599946,0.5732429525486893,False,False,none
44,22,stress,explicit_hierarchy,0.7468972034426911,1.0,0.7468972034426911,0.09786930305928102,0.04365755255552691,0.5780023621325802,False,False,none
44,23,stress,explicit_hierarchy,0.7409201863469302,0.9756923221775979,0.722910137165095,0.20965082736164714,0.2749649569447699,0.4784827344890227,False,False,none
44,24,stress,explicit_hierarchy,1.0,1.0,1.0,0.06570801984970667,0.0,0.6428832506262222,False,False,none
44,25,stress,explicit_hierarchy,1.0,1.0,1.0,0.06,0.0,0.6666967359012912,False,False,none
44,26,stress,explicit_hierarchy,0.6870007575447055,1.0,0.6870007575447055,0.14907199780656086,0.17571825906363792,0.5737539193234231,False,False,none
44,27,stress,explicit_hierarchy,0.9968868644710607,1.0,0.9968868644710607,0.07317905593038351,0.0,0.611753933623402,False,False,none
44,28,stress,explicit_hierarchy,0.9915736754433807,1.0,0.9915736754433807,0.07460195722283228,0.03212980624012403,0.6566973714517286,False,False,none
44,29,stress,explicit_hierarchy,0.7199810606012873,0.9223142379144704,0.6640487832213284,0.14934587064559018,0.16009761814831952,0.5478801010448803,False,False,none
46,0,stress,explicit_hierarchy,0.908394891538867,1.0,0.908394891538867,0.0854404379375539,0.021066548885354038,0.594020210995336,False,False,none
46,1,stress,explicit_hierarchy,0.5452635774729431,1.0,0.5452635774729431,0.13309474548533187,0.11993661531262087,0.5520048680561002,False,False,none
46,2,stress,explicit_hierarchy,0.39288214033114377,1.0,0.39288214033114377,0.08394144219704769,0.04493075716849161,0.6380510230290797,False,False,none
46,3,stress,explicit_hierarchy,0.6540235812163612,1.0,0.6540235812163612,0.0681857887766534,0.0,0.6325592134306108,False,False,none
46,4,stress,explicit_hierarchy,0.6706544317075529,1.0,0.6706544317075529,0.08124143373894674,0.03829367649165064,0.6387923471995021,False,False,none
46,5,stress,explicit_hierarchy,0.32621836946133326,0.8895957242516551,0.29020246664514876,0.07070012159700167,0.006296170067307438,0.6320517626190632,False,False,none
46,6,stress,explicit_hierarchy,1.0,1.0,1.0,0.06,0.0,0.73139146533352,False,False,none
46,7,stress,explicit_hierarchy,0.6781333298043756,1.0,0.6781333298043756,0.21101296296761624,0.2747819298303746,0.4725173765330255,False,False,none
46,8,stress,explicit_hierarchy,0.9610154172990507,1.0,0.9610154172990507,0.09430537482442214,0.09875751210300308,0.680093665727996,False,False,none
46,9,stress,explicit_hierarchy,0.8219381931158477,1.0,0.8219381931158477,0.07112669047447254,0.0,0.6203054563563645,False,False,none
46,10,stress,explicit_hierarchy,1.0,1.0,1.0,0.09499685572161715,0.0627190623489855,0.6201516165458223,False,False,none
46,11,stress,explicit_hierarchy,1.0,1.0,1.0,0.0604325508295368,0.0,0.6648643715435967,False,False,none
46,12,stress,explicit_hierarchy,0.18564163049836144,0.8914276236003853,0.16548607751645514,0.07670338470929475,0.06398002407985492,0.6983709351710423,False,False,repair_product
46,13,stress,explicit_hierarchy,1.0,1.0,1.0,0.08725139658926057,0.0744237143476406,0.6709567285951786,False,False,none
46,14,stress,explicit_hierarchy,0.9198971743038,1.0,0.9198971743038,0.07192740132605593,0.0,0.6169691611414336,False,False,none
46,15,stress,explicit_hierarchy,0.9518570750733192,1.0,0.9518570750733192,0.10943794924903114,0.12112335705020477,0.6524538601251945,False,False,none
46,16,stress,explicit_hierarchy,1.0,1.0,1.0,0.1078480060594455,0.06846556804166185,0.5757037908182749,False,False,none
46,17,stress,explicit_hierarchy,0.9494306000757129,1.0,0.9494306000757129,0.08658251435202366,0.041694753663081674,0.6219228834997808,False,False,none
46,18,stress,explicit_hierarchy,0.2858634228499871,0.7000092481358563,0.20010703969876184,0.15701921207015115,0.16871070167233396,0.5295452273555655,False,False,none
46,19,stress,explicit_hierarchy,0.596321661719132,0.9956605010252159,0.5937339244794603,0.06797103129840032,0.016834947005723584,0.6601093690157277,False,False,none
46,20,stress,explicit_hierarchy,1.0,1.0,1.0,0.1087249756578823,0.07102292400523094,0.5760988977671061,False,False,none
46,21,stress,explicit_hierarchy,0.47928255948040055,0.9784657994758572,0.4689615927368252,0.19497989498373441,0.30857195454977654,0.5928226989382527,False,False,none
46,22,stress,explicit_hierarchy,0.8178708283753406,1.0,0.8178708283753406,0.0842421680134759,0.013648012859591921,0.5872669869715377,False,False,none
46,23,stress,explicit_hierarchy,0.6366048025101039,0.9696216205021648,0.6172657802293076,0.18334736746408592,0.24149287207176223,0.5350830163465989,False,False,none
46,24,stress,explicit_hierarchy,1.0,1.0,1.0,0.06540770789304076,0.004889565631632337,0.6518763626957481,False,False,none
46,25,stress,explicit_hierarchy,1.0,1.0,1.0,0.06732435938289216,0.0033028471653876674,0.6413780105831465,False,False,none
46,26,stress,explicit_hierarchy,0.546676815567899,0.9863045743115262,0.5391898438646774,0.16957235058756728,0.2191024882063371,0.5570274788785035,False,False,none
46,27,stress,explicit_hierarchy,1.0,1.0,1.0,0.07010357500341599,0.0,0.6245684374857667,False,False,none
46,28,stress,explicit_hierarchy,1.0,1.0,1.0,0.06261839354839951,0.01587449206085675,0.6808913059780253,False,False,none
46,29,stress,explicit_hierarchy,0.6711598058667805,0.9068343845394744,0.608630789480835,0.1628847895747027,0.18450638417218762,0.5301151517113691,False,False,none
48,0,stress,explicit_hierarchy,0.8732186582425344,0.9949373440605144,0.8687978526159131,0.07602217235162373,0.0,0.5999076152015678,False,False,none
48,1,stress,explicit_hierarchy,0.5902484621895553,1.0,0.5902484621895553,0.11761601280821271,0.08945738303989978,0.5682408031122884,False,False,none
48,2,stress,explicit_hierarchy,0.5355264611501953,1.0,0.5355264611501953,0.08317185519926318,0.04567729231081007,0.6424396494951861,False,False,none
48,3,stress,explicit_hierarchy,0.718925751347513,1.0,0.718925751347513,0.07310657537069493,0.0,0.6120559359554378,False,False,none
48,4,stress,explicit_hierarchy,0.7301921401675359,1.0,0.7301921401675359,0.06198599028390145,0.015252167567418639,0.6825409724654902,False,False,none
48,5,stress,explicit_hierarchy,0.3103180786957541,0.9685730446852762,0.3005657263032317,0.08820067201418616,0.05904592129154178,0.6426532419858322,False,False,none
48,6,stress,explicit_hierarchy,1.0,1.0,1.0,0.07085029191578257,0.03953325743360054,0.6840514412874402,False,False,none
48,7,stress,explicit_hierarchy,0.8314045295086591,1.0,0.8314045295086591,0.16148026029037577,0.17326767814066654,0.5181727391794897,False,False,none
48,8,stress,explicit_hierarchy,1.0,1.0,1.0,0.11645103151585146,0.10987972205094884,0.6054302619312879,False,False,none
48,9,stress,explicit_hierarchy,0.7407786855206453,0.9620043821340131,0.7126323416623348,0.1103212453640707,0.09388084862303363,0.6056394879695086,False,False,none
48,10,stress,explicit_hierarchy,1.0,1.0,1.0,0.06847597742916328,0.0,0.6313500940451531,False,False,none
48,11,stress,explicit_hierarchy,0.9732043790001675,1.0,0.9732043790001675,0.0852161743693681,0.0603855190487676,0.6572096786215149,False,False,none
48,12,stress,explicit_hierarchy,0.22649501392773688,0.9543909110848666,0.21616478269867237,0.10906057145714582,0.11563012501076793,0.6453286501956084,False,False,none
48,13,stress,explicit_hierarchy,1.0,1.0,1.0,0.11964851850198205,0.12547892143149844,0.6168061318416141,False,False,none
48,14,stress,explicit_hierarchy,0.9851487207100695,1.0,0.9851487207100695,0.0734540439045577,0.03138860912559263,0.6603067815131979,False,False,none
48,15,stress,explicit_hierarchy,1.0,1.0,1.0,0.06568764065075788,0.006955818008258632,0.6539815424682517,False,False,none
48,16,stress,explicit_hierarchy,1.0,1.0,1.0,0.09210276069514622,0.04262341064657043,0.600392230627294,False,False,none
48,17,stress,explicit_hierarchy,0.9141293371183299,1.0,0.9141293371183299,0.08005572780076275,0.03688326955109437,0.6414996442860547,False,False,none
48,18,stress,explicit_hierarchy,0.4185501089123228,0.7448017620336261,0.31173685861726413,0.10087201972558099,0.04554933929787713,0.5684863716983847,False,False,none
48,19,stress,explicit_hierarchy,0.6597359026169867,1.0,0.6597359026169867,0.07814222775448426,0.0442237871458679,0.6610950473372731,False,False,none
48,20,stress,explicit_hierarchy,1.0,1.0,1.0,0.08660333852954946,0.03568350321946763,0.6123183028910344,False,False,none
48,21,stress,explicit_hierarchy,0.3585576494127432,1.0,0.3585576494127432,0.16776699025718153,0.23337206285630552,0.5871433067842274,False,False,none
48,22,stress,explicit_hierarchy,0.7917471252590025,1.0,0.7917471252590025,0.06657308415925872,0.0,0.6392788160030887,False,False,none
48,23,stress,explicit_hierarchy,0.6071294448409893,1.0,0.6071294448409893,0.16637470604399732,0.20579099979453652,0.5492744744913608,False,False,none
48,24,stress,explicit_hierarchy,1.0,1.0,1.0,0.06,0.0,0.6706197538819417,False,False,none
48,25,stress,explicit_hierarchy,1.0,1.0,1.0,0.07132079347718659,0.0,0.6194966938450559,False,False,none
48,26,stress,explicit_hierarchy,0.50843144859989,0.9375458939624697,0.4766778169962173,0.11713888617793561,0.1031221224210782,0.5918646680919756,False,False,none
48,27,stress,explicit_hierarchy,0.9619102855905732,1.0,0.9619102855905732,0.07007404677651913,0.0,0.6246914717645037,False,False,none
48,28,stress,explicit_hierarchy,1.0,1.0,1.0,0.10061956749573003,0.0808072063515797,0.6253632121577928,False,False,none
48,29,stress,explicit_hierarchy,0.7647453052859089,0.9254387923102774,0.7077249717487459,0.15898544916581223,0.15613812928795404,0.5014459998483763,False,False,none
50,0,stress,explicit_hierarchy,0.9642467420407046,1.0,0.9642467420407046,0.0911062460643754,0.028595209097675586,0.5823330558030889,False,False,none
50,1,stress,explicit_hierarchy,0.5698256439982218,1.0,0.5698256439982218,0.10295807832123527,0.06761097456804176,0.5947253833942525,False,False,none
50,2,stress,explicit_hierarchy,0.47175660795205776,1.0,0.47175660795205776,0.10269239336023961,0.09188301010530356,0.6342631269990656,False,False,none
50,3,stress,explicit_hierarchy,0.44568064986435396,0.8669346804692311,0.38637601178147296,0.16069001075376904,0.22876710386394689,0.6093395363105448,False,False,none
50,4,stress,explicit_hierarchy,0.840345052826104,0.9948680366382513,0.8360324328037737,0.06,0.015223107558758199,0.6921552439866245,False,False,none
50,5,stress,explicit_hierarchy,0.29124935536007046,1.0,0.29124935536007046,0.10247902853184268,0.11099299166890206,0.6654096179264171,False,False,none
50,6,stress,explicit_hierarchy,1.0,0.9597699090930963,0.9597699090930963,0.0882826065867442,0.08240251704841395,0.6792931245485546,False,False,none
50,7,stress,explicit_hierarchy,0.8211650574028861,1.0,0.8211650574028861,0.12580940622898137,0.09595098852777927,0.5443832058815614,False,False,none
50,8,stress,explicit_hierarchy,1.0,1.0,1.0,0.07015402407275845,0.001255994309482568,0.6263468906868539,False,False,none
50,9,stress,explicit_hierarchy,0.6850321335215273,1.0,0.6850321335215273,0.10909034360095834,0.0927298885516642,0.6089458918694752,False,False,none
50,10,stress,explicit_hierarchy,0.9957296658873503,1.0,0.9957296658873503,0.06627319641783938,0.0,0.6405283482590026,False,False,none
50,11,stress,explicit_hierarchy,0.9802018732067549,1.0,0.9802018732067549,0.06993649487475911,0.0,0.6252646046885038,False,False,none
50,12,stress,explicit_hierarchy,0.23904658853457494,0.9966978348373249,0.23825721721765974,0.10413167528361561,0.07892480734382554,0.6077489646126587,False,False,none
50,13,stress,explicit_hierarchy,0.9877142769199209,1.0,0.9877142769199209,0.07753774552580983,0.017314764125944987,0.6210077701752053,False,False,none
50,14,stress,explicit_hierarchy,1.0,0.9965908313184711,0.9965908313184711,0.06591832823914492,0.0015800515856302828,0.6445087140141441,False,False,none
50,15,stress,explicit_hierarchy,0.9772066024973566,1.0,0.9772066024973566,0.09913594113217952,0.07366030226683772,0.6202290572050785,False,False,none
50,16,stress,explicit_hierarchy,0.7904673312041189,0.8888737376438709,0.7026256511727809,0.14485612183971935,0.18677938018424595,0.6088335109595587,False,False,none
50,17,stress,explicit_hierarchy,0.9418595016659671,1.0,0.9418595016659671,0.08989625148445202,0.03854800879480817,0.6031332994065629,False,False,none
50,18,stress,explicit_hierarchy,0.0,0.39707438858387123,0.0,0.40415641808677677,0.7256037646536776,0.44527322343014003,True,False,none
50,19,stress,explicit_hierarchy,0.707840644987183,1.0,0.707840644987183,0.09744396686429818,0.09381670780102444,0.6591932587503797,False,False,none
50,20,stress,explicit_hierarchy,0.9812797399130182,1.0,0.9812797399130182,0.07812882453393497,0.04195771169969595,0.6575629412997896,False,False,none
50,21,stress,explicit_hierarchy,0.3234130931305199,1.0,0.3234130931305199,0.12819184556422167,0.12378056850875419,0.5785198769546038,False,False,none
50,22,stress,explicit_hierarchy,0.8340209093905657,1.0,0.8340209093905657,0.0622174186254541,0.0,0.6574274223939413,False,False,none
50,23,stress,explicit_hierarchy,0.679565029781173,1.0,0.679565029781173,0.15466780693566873,0.14935176561169813,0.508691099986569,False,False,none
50,24,stress,explicit_hierarchy,1.0,1.0,1.0,0.07529435215536559,0.04359442493060405,0.6719647054927664,False,False,none
50,25,stress,explicit_hierarchy,1.0,1.0,1.0,0.06,0.0,0.6677080110655923,False,False,none
50,26,stress,explicit_hierarchy,0.5931857408483383,0.9822421143031376,0.5826520162653449,0.07592756725388178,0.00714889838807134,0.6116208922232722,False,False,none
50,27,stress,explicit_hierarchy,0.8977074047585862,1.0,0.8977074047585862,0.06,0.0,0.6689259409487571,False,False,none
50,28,stress,explicit_hierarchy,1.0,1.0,1.0,0.061384180846437514,0.001228317891829804,0.6628440831352409,False,False,none
50,29,stress,explicit_hierarchy,0.8304542803263789,0.975976693798854,0.810504022864046,0.14779410415442734,0.13352788398943413,0.5122770490064902,False,False,none
52,0,stress,explicit_hierarchy,1.0,1.0,1.0,0.09098163575431906,0.0585418706592019,0.6302678129007404,False,False,none
52,1,stress,explicit_hierarchy,0.6863329218314557,1.0,0.6863329218314557,0.06702389363449057,0.011386984031207227,0.6554298345723675,False,False,none
52,2,stress,explicit_hierarchy,0.48663738757079733,1.0,0.48663738757079733,0.10753237852620162,0.08390820739776608,0.6014697511872895,False,False,none
52,3,stress,explicit_hierarchy,0.45598717455258764,0.9755325493539895,0.4448303308640084,0.14357818240185535,0.15287037848691923,0.5604690059298915,False,False,none
52,4,stress,explicit_hierarchy,0.8600115478619761,0.9989233315804179,0.8590856005879172,0.09054892714884161,0.07955826666665984,0.6653467257687047,False,False,none
52,5,stress,explicit_hierarchy,0.2025751842305554,1.0,0.2025751842305554,0.08209900447623672,0.08167593987356112,0.7039077194821521,False,False,none
52,6,stress,explicit_hierarchy,0.9957410166488894,0.9999147028260136,0.9956560827541469,0.0973970059694663,0.057023429785051066,0.6011329056202214,False,False,none
52,7,stress,explicit_hierarchy,0.7272681889105845,1.0,0.7272681889105845,0.12569432509158893,0.08909166303834944,0.5340021119290995,False,False,none
52,8,stress,explicit_hierarchy,1.0,1.0,1.0,0.06527047559130891,0.0,0.6447063517028796,False,False,none
52,9,stress,explicit_hierarchy,0.8066593578757937,1.0,0.8066593578757937,0.08294477713411938,0.014152650332146372,0.5934717916337343,False,False,none
52,10,stress,explicit_hierarchy,0.9964613259021647,1.0,0.9964613259021647,0.08625333644073122,0.07136332097538793,0.6702696897079842,False,False,none
52,11,stress,explicit_hierarchy,1.0,1.0,1.0,0.07086392234583502,0.0,0.6214003235590208,False,False,none
52,12,stress,explicit_hierarchy,0.40680659981297307,1.0,0.40680659981297307,0.08939450856431838,0.04047320691977835,0.6082721252716558,False,False,none
52,13,stress,explicit_hierarchy,0.8502610164926914,0.9701891801246758,0.8249140384830177,0.18136038627638024,0.2846064804043153,0.611625317821915,False,False,none
52,14,stress,explicit_hierarchy,0.9337837305461095,1.0,0.9337837305461095,0.07404685390834392,0.05345313291441143,0.6927722358297185,False,False,none
52,15,stress,explicit_hierarchy,1.0,1.0,1.0,0.06676820095103037,0.022893250893921833,0.6747134766194165,False,False,none
52,16,stress,explicit_hierarchy,0.6142469485201135,0.8510169553040657,0.5227345679344002,0.127777367458697,0.1344835441508353,0.5971932471609184,False,False,none
52,17,stress,explicit_hierarchy,1.0,1.0,1.0,0.09457467503116915,0.06450955006133584,0.6247456416339103,False,False,none
52,18,stress,explicit_hierarchy,0.0,0.6022783578877159,0.0,0.27165940344736283,0.44121632540126576,0.4833450008546591,True,False,lower_floor
52,19,stress,explicit_hierarchy,0.8321663514763837,1.0,0.8321663514763837,0.10419569850284391,0.09867110663393458,0.6387471750752134,False,False,none
52,20,stress,explicit_hierarchy,0.8753570610481243,1.0,0.8753570610481243,0.07343178438185158,0.06484451091993151,0.7133713740321767,False,False,none
52,21,stress,explicit_hierarchy,0.3162935830193224,1.0,0.3162935830193224,0.13065552706341776,0.11238969975571174,0.550218995182303,False,False,none
52,22,stress,explicit_hierarchy,0.8781644775298876,1.0,0.8781644775298876,0.07813350519084025,0.026034143579686635,0.6323311223726695,False,False,none
52,23,stress,explicit_hierarchy,0.7619379279020082,1.0,0.7619379279020082,0.12570043615174872,0.10112552161121725,0.5530302585854744,False,False,none
52,24,stress,explicit_hierarchy,1.0,1.0,1.0,0.060235984975260726,0.0,0.6656833959364137,False,False,none
52,25,stress,explicit_hierarchy,0.9596888758266713,1.0,0.9596888758266713,0.06663486415644346,0.0174275639016848,0.6666150421924866,False,False,none
52,26,stress,explicit_hierarchy,0.6681823791625996,1.0,0.6681823791625996,0.07836604202515995,0.004406510056108873,0.5971184658173393,False,False,none
52,27,stress,explicit_hierarchy,0.9166182558606368,1.0,0.9166182558606368,0.07723333557831091,0.021716878181214427,0.6292461588772941,False,False,none
52,28,stress,explicit_hierarchy,1.0,0.9826499553878975,0.9826499553878975,0.08369242471930177,0.055844384306293515,0.6563685054878741,False,False,none
52,29,stress,explicit_hierarchy,0.8265418250741604,1.0,0.8265418250741604,0.10999573842734947,0.07412011461561716,0.5757079380274378,False,False,none
54,0,stress,explicit_hierarchy,1.0,1.0,1.0,0.09424761284305036,0.08902392601937334,0.664922829351298,False,False,none
54,1,stress,explicit_hierarchy,0.7767722276052227,0.9897891665395896,0.7688407357524738,0.06362209667000418,0.024186399717934633,0.6898697300950458,False,False,none
54,2,stress,explicit_hierarchy,0.4686572873597315,1.0,0.4686572873597315,0.08758325311017415,0.013810631669734692,0.5736032788513544,False,False,none
54,3,stress,explicit_hierarchy,0.49358914108937746,0.9760884252483082,0.48178664744559546,0.1523429065887843,0.16512910838011235,0.5433589774819101,False,False,none
54,4,stress,explicit_hierarchy,0.8330496151753047,1.0,0.8330496151753047,0.0826625767516509,0.05928189189623556,0.666102259037161,False,False,none
54,5,stress,explicit_hierarchy,0.3584499207894582,1.0,0.3584499207894582,0.06,0.007951012185332902,0.7177565734339829,False,False,none
54,6,stress,explicit_hierarchy,1.0,1.0,1.0,0.08950008181743094,0.054908994726424624,0.6306889007442101,False,False,none
54,7,stress,explicit_hierarchy,0.7829230964528335,1.0,0.7829230964528335,0.07405137250528568,0.0013089705410069194,0.610191817917904,False,False,none
54,8,stress,explicit_hierarchy,1.0,1.0,1.0,0.06,0.0,0.7087598624663058,False,False,none
54,9,stress,explicit_hierarchy,0.8015489206917994,0.9928173048631254,0.7957916391571793,0.10099068828276384,0.06502366418782217,0.5988262671192025,False,False,none
54,10,stress,explicit_hierarchy,0.9981784820986417,1.0,0.9981784820986417,0.10684394998125776,0.09697693055802664,0.625030348461635,False,False,none
54,11,stress,explicit_hierarchy,1.0,0.9865847085454703,0.9865847085454703,0.08641106409402133,0.037664531867599584,0.6162560750652771,False,False,none
54,12,stress,explicit_hierarchy,0.5191328561355658,0.9944479175782031,0.5162505877304383,0.10843911429186026,0.07246455332664403,0.579572566551102,False,False,none
54,13,stress,explicit_hierarchy,0.8653043213275097,1.0,0.8653043213275097,0.13250658576868615,0.14493725651326989,0.5940398821098184,False,False,none
54,14,stress,explicit_hierarchy,0.9147777494468096,1.0,0.9147777494468096,0.06889981165365519,0.030712797343585292,0.6782127139037801,False,False,none
54,15,stress,explicit_hierarchy,1.0,0.9590284163799022,0.9590284163799022,0.06546975458820242,0.0,0.6438760225491565,False,False,none
54,16,stress,explicit_hierarchy,0.5594622627223845,0.9092080414479315,0.5086675881538474,0.0986991277995028,0.05619083305355141,0.5943891198368614,False,False,none
54,17,stress,explicit_hierarchy,1.0,0.9725479919061358,0.9725479919061358,0.13543876619467196,0.1416298622379754,0.5765857560656612,False,False,none
54,18,stress,explicit_hierarchy,0.20549395079605345,0.6335172817653768,0.13018396912754387,0.18221000447035032,0.26009403393863667,0.5692738684430484,True,False,lower_floor+repair
54,19,stress,explicit_hierarchy,0.976870896075597,1.0,0.976870896075597,0.11363564403087215,0.10924413690225984,0.6161546999666108,False,False,none
54,20,stress,explicit_hierarchy,0.9489960248802807,1.0,0.9489960248802807,0.07513871724996446,0.05835626507506902,0.6959860978273408,False,False,none
54,21,stress,explicit_hierarchy,0.4067494285832229,1.0,0.4067494285832229,0.09464819791353546,0.056081009319635625,0.6110941067830253,False,False,none
54,22,stress,explicit_hierarchy,0.9381201979264616,1.0,0.9381201979264616,0.08442466668454332,0.041450739949434504,0.6305275604010075,False,False,none
54,23,stress,explicit_hierarchy,0.7393108905819924,1.0,0.7393108905819924,0.12731844406486642,0.10488846054502965,0.5522465455926868,False,False,none
54,24,stress,explicit_hierarchy,1.0,1.0,1.0,0.07309325997947289,0.0,0.6121114167521964,False,False,none
54,25,stress,explicit_hierarchy,0.9571887299305148,1.0,0.9571887299305148,0.0807921645549376,0.041786626933208976,0.6461948069986742,False,False,none
54,26,stress,explicit_hierarchy,0.6487640590047555,1.0,0.6487640590047555,0.10320276542467086,0.07533333805677225,0.6059329293204275,False,False,none
54,27,stress,explicit_hierarchy,0.8167553911504964,0.9354904679550492,0.7640668830721872,0.08233174720692449,0.06984259838620036,0.6842018340826319,False,False,none
54,28,stress,explicit_hierarchy,1.0,1.0,1.0,0.07383550624190974,0.023013154840108553,0.6454562191555481,False,False,none
54,29,stress,explicit_hierarchy,0.8642240554546899,1.0,0.8642240554546899,0.08032393167484977,0.0,0.5819836180214593,False,False,none
56,0,stress,explicit_hierarchy,1.0,1.0,1.0,0.07627103403078625,0.032953161129323345,0.6510465299931527,False,False,none
56,1,stress,explicit_hierarchy,0.954718338318967,1.0,0.954718338318967,0.08012370768616442,0.042445309861595906,0.6500229585885084,False,False,none
56,2,stress,explicit_hierarchy,0.6206362703041141,1.0,0.6206362703041141,0.11077059520073099,0.07263790657221987,0.5701325387363024,False,False,none
56,3,stress,explicit_hierarchy,0.5352477138939574,0.984070761311761,0.5267216253020063,0.14596241753710432,0.15738540012355356,0.5576834771243586,False,False,none
56,4,stress,explicit_hierarchy,0.9072959805557764,1.0,0.9072959805557764,0.06639206832205938,0.026626173494324928,0.682191156690767,False,False,none
56,5,stress,explicit_hierarchy,0.4405520101369334,0.9587733570356053,0.42238952970777166,0.06477487308985419,0.029321268107645716,0.6931967032960467,False,False,none
56,6,stress,explicit_hierarchy,1.0,0.9935812358502667,0.9935812358502667,0.06378268238870147,0.0,0.6509054900470772,False,False,none
56,7,stress,explicit_hierarchy,0.6295444551705321,1.0,0.6295444551705321,0.08068785302226758,0.030344455945190845,0.6285126676537707,False,False,none
56,8,stress,explicit_hierarchy,0.9956014928231042,1.0,0.9956014928231042,0.08491770812274693,0.07177169853110602,0.676481405496139,False,False,none
56,9,stress,explicit_hierarchy,0.7574644100465061,1.0,0.7574644100465061,0.07140201916986816,0.009508025501737656,0.6342126271699673,False,False,none
56,10,stress,explicit_hierarchy,0.8841812476263174,0.9685813224646626,0.8564014421243539,0.12348833082623309,0.14706637959084648,0.6349870559095357,False,False,none
56,11,stress,explicit_hierarchy,0.9447956119697587,1.0,0.9447956119697587,0.0734914608229012,0.0,0.610452246571245,False,False,none
56,12,stress,explicit_hierarchy,0.4959735414379625,1.0,0.4959735414379625,0.11402772677704578,0.07030824425414005,0.5528725251646978,False,False,none
56,13,stress,explicit_hierarchy,0.9105566282524552,1.0,0.9105566282524552,0.12733248890192853,0.1390698520305408,0.6063085619569875,False,False,none
56,14,stress,explicit_hierarchy,1.0,1.0,1.0,0.06585924982524777,0.030609354015243728,0.6907179362522703,False,False,none
56,15,stress,explicit_hierarchy,0.9114740500606839,0.9859311226070305,0.8986506334035068,0.07475541937609742,0.022989111446060542,0.6415851790558565,False,False,none
56,16,stress,explicit_hierarchy,0.6142724544416058,0.988593104603913,0.6072655128090928,0.11646121231134146,0.12162934511577186,0.623991411802716,False,False,none
56,17,stress,explicit_hierarchy,1.0,1.0,1.0,0.12950263529527703,0.13317804996090257,0.5879375987077748,False,False,none
56,18,stress,explicit_hierarchy,0.4260451926266931,0.6434693053322473,0.2741470041396417,0.1247320859766391,0.09955717086314184,0.5545818289639783,False,False,none
56,19,stress,explicit_hierarchy,0.9861334944454015,0.9735319313489293,0.9600324454153004,0.1315056903186203,0.14839415193012084,0.6036836975617734,False,False,none
56,20,stress,explicit_hierarchy,0.9529369093798696,0.9930209633458184,0.946286327760185,0.06,0.0,0.6820089000715032,False,False,none
56,21,stress,explicit_hierarchy,0.41627807829546815,1.0,0.41627807829546815,0.0818029525784088,0.0045075871596546475,0.5829580439260833,False,False,none
56,22,stress,explicit_hierarchy,0.8768435376543156,1.0,0.8768435376543156,0.12753184327724235,0.16927415319519445,0.6533013955705481,False,False,none
56,23,stress,explicit_hierarchy,0.7963363265005923,1.0,0.7963363265005923,0.12327630502789275,0.10825792145401732,0.574423771352641,False,False,none
56,24,stress,explicit_hierarchy,0.9656559244913945,1.0,0.9656559244913945,0.07302797867339145,0.0,0.6123834221942024,False,False,none
56,25,stress,explicit_hierarchy,1.0,1.0,1.0,0.09223084458199302,0.049833166245587895,0.6112739941305433,False,False,none
56,26,stress,explicit_hierarchy,0.7963076738170504,0.9656502941144564,0.7689547394270333,0.08891855181560293,0.026314972032015035,0.587838073152345,False,False,none
56,27,stress,explicit_hierarchy,0.7406633560668047,0.8796810425296638,0.6515475132283663,0.1481726830004262,0.19917965885356803,0.6146482806830403,False,False,none
56,28,stress,explicit_hierarchy,1.0,1.0,1.0,0.07736093382042203,0.021918398882696713,0.629033573979178,False,False,none
56,29,stress,explicit_hierarchy,0.9198468210676078,1.0,0.9198468210676078,0.09847622373932338,0.07565842061089526,0.6261415670534034,False,False,none
58,0,stress,explicit_hierarchy,0.9753216166772888,1.0,0.9753216166772888,0.09393602592680847,0.063544783430332,0.6258791324029903,False,False,none
58,1,stress,explicit_hierarchy,0.9492884346717139,1.0,0.9492884346717139,0.10473056703964895,0.10431853290219087,0.6454603144299317,False,False,none
58,2,stress,explicit_hierarchy,0.6159064397796722,1.0,0.6159064397796722,0.11043305441654505,0.07848636805653378,0.5807990226872408,False,False,none
58,3,stress,explicit_hierarchy,0.623403938883526,1.0,0.623403938883526,0.130511625195943,0.13827408159703555,0.5918021908788772,False,False,none
58,4,stress,explicit_hierarchy,1.0,1.0,1.0,0.07269307590760962,0.03640913095178757,0.6714266410586235,False,False,none
58,5,stress,explicit_hierarchy,0.5364369493903742,1.0,0.5364369493903742,0.0761658961936828,0.03473008682472377,0.654298069998801,False,False,none
58,6,stress,explicit_hierarchy,1.0,1.0,1.0,0.08530031003135188,0.03302701910804439,0.6135414884571041,False,False,none
58,7,stress,explicit_hierarchy,0.7436608124421094,1.0,0.7436608124421094,0.07805072704549679,0.03237705343032803,0.6427189719084494,False,False,none
58,8,stress,explicit_hierarchy,1.0,0.9923821863303804,0.9923821863303804,0.06509642746007427,0.01064938092044003,0.6622930720403872,False,False,none
58,9,stress,explicit_hierarchy,0.834324359346831,1.0,0.834324359346831,0.09725904186977116,0.0685220255993263,0.6199138660748867,False,False,none
58,10,stress,explicit_hierarchy,0.9233136502650244,1.0,0.9233136502650244,0.0911107580758978,0.06765748913078762,0.6441628658075063,False,False,none
58,11,stress,explicit_hierarchy,0.9610954578659495,1.0,0.9610954578659495,0.07398707705351443,0.045216873286580674,0.6799805616474426,False,False,none
58,12,stress,explicit_hierarchy,0.46640908360005207,1.0,0.46640908360005207,0.10657135708193605,0.08454421626619518,0.6064810212467423,False,False,none
58,13,stress,explicit_hierarchy,0.8808467046559572,1.0,0.8808467046559572,0.09602553002799163,0.05770970625487636,0.6079339931202559,False,False,none
58,14,stress,explicit_hierarchy,0.9964605186649665,0.9843100238962992,0.980826076938832,0.11680302601790407,0.13720233580963803,0.64722442329066,False,False,none
58,15,stress,explicit_hierarchy,0.9283992633333668,1.0,0.9283992633333668,0.07580549024819275,0.05447036359776741,0.6870551996623286,False,False,none
58,16,stress,explicit_hierarchy,0.6399212072305123,0.9652663294649557,0.6176943948501799,0.11490180954875853,0.12053098612418003,0.6287498549101245,False,False,none
58,17,stress,explicit_hierarchy,1.0,1.0,1.0,0.12575458042608412,0.13434180383427136,0.6053971042955792,False,False,none
58,18,stress,explicit_hierarchy,0.42287674679242687,0.6970212565170089,0.2947540814010824,0.1437255080147043,0.1252571361500647,0.5161341821763344,False,False,none
58,19,stress,explicit_hierarchy,0.9836877169937808,1.0,0.9836877169937808,0.12071440647323092,0.11214582479297615,0.5912541956170834,False,False,none
58,20,stress,explicit_hierarchy,0.9627096631815855,1.0,0.9627096631815855,0.06693593531613415,0.01602689916987846,0.6631428598684153,False,False,none
58,21,stress,explicit_hierarchy,0.4884148222545698,1.0,0.4884148222545698,0.07918964038499601,0.0,0.5867098317291833,False,False,none
58,22,stress,explicit_hierarchy,0.8230314974846095,1.0,0.8230314974846095,0.1215765606417537,0.1831420241199665,0.7000725355159733,False,False,none
58,23,stress,explicit_hierarchy,0.7900357847824127,1.0,0.7900357847824127,0.10401659639909377,0.07492013426497872,0.6018877275899922,False,False,none
58,24,stress,explicit_hierarchy,1.0,1.0,1.0,0.06660447770769853,0.0003160574735211943,0.6396484338843313,False,False,none
58,25,stress,explicit_hierarchy,1.0,1.0,1.0,0.13249128597980325,0.14560912009258173,0.5951674152307409,False,False,none
58,26,stress,explicit_hierarchy,0.93104359557004,1.0,0.93104359557004,0.07991593498794555,0.03474621823667874,0.6386984497583016,False,False,none
58,27,stress,explicit_hierarchy,0.8338530309070333,0.9319508215532145,0.7771100172084476,0.15114977262807827,0.17164158860066994,0.5586417960007346,False,False,none
58,28,stress,explicit_hierarchy,1.0,1.0,1.0,0.09134520333044208,0.04993359141145576,0.6151231725246297,False,False,none
58,29,stress,explicit_hierarchy,0.8740479260565664,1.0,0.8740479260565664,0.11221344970809494,0.11428524931357889,0.630062270962771,False,False,none
60,0,stress,explicit_hierarchy,1.0,1.0,1.0,0.07103061586629492,0.0,0.6207057672237712,False,False,none
60,1,stress,explicit_hierarchy,1.0,1.0,1.0,0.10538969887191738,0.10853251347627392,0.6493860677044447,False,False,none
60,2,stress,explicit_hierarchy,0.6318926768961046,0.9964764246564903,0.6296661554400492,0.10157544150850414,0.07778561014806898,0.616596209782342,False,False,none
60,3,stress,explicit_hierarchy,0.682854981599609,1.0,0.682854981599609,0.11811587912184829,0.09360071428970868,0.5727183012843376,False,False,none
60,4,stress,explicit_hierarchy,0.943372393290989,0.9558381063675865,0.901711282002717,0.1274586515821304,0.2056979387183565,0.7112773547118545,False,False,none
60,5,stress,explicit_hierarchy,0.5910437555862944,1.0,0.5910437555862944,0.07289000757402511,0.036488656144919876,0.6707320073376851,False,False,none
60,6,stress,explicit_hierarchy,1.0,1.0,1.0,0.07149633481133857,0.0,0.6187652716194226,False,False,none
60,7,stress,explicit_hierarchy,0.7798199123230115,1.0,0.7798199123230115,0.0797194335404052,0.02770270909340615,0.628364982979538,False,False,none
60,8,stress,explicit_hierarchy,0.9624024047930826,1.0,0.9624024047930826,0.06,0.0,0.7128992051834129,False,False,none
60,9,stress,explicit_hierarchy,0.833695725418702,1.0,0.833695725418702,0.10376561746183263,0.08367896020207995,0.6168016142289906,False,False,none
60,10,stress,explicit_hierarchy,0.8686990182102666,0.9888341660516196,0.8589992692218097,0.09422739327339441,0.07156746026152658,0.637367673441607,False,False,none
60,11,stress,explicit_hierarchy,0.9901258788418181,1.0,0.9901258788418181,0.06678652518486863,0.025765426437828257,0.6791847369229421,False,False,none
60,12,stress,explicit_hierarchy,0.32338838594872155,0.985153063641367,0.31858705916341984,0.16328546677640293,0.21200420618323843,0.5719838815551153,False,False,none
60,13,stress,explicit_hierarchy,1.0,1.0,1.0,0.07338780023341065,0.011776711592105096,0.6295306257149553,False,False,none
60,14,stress,explicit_hierarchy,1.0,0.9720295046790656,0.9720295046790656,0.11910092262118815,0.1295939398338702,0.6256032271486772,False,False,none
60,15,stress,explicit_hierarchy,0.7839971726338929,0.9173163514882372,0.7191734259776162,0.1492176440558485,0.2476824910779749,0.6870904273074249,False,False,none
60,16,stress,explicit_hierarchy,0.7113836772784309,0.9753785750321552,0.6938683974449704,0.13311540756844778,0.1661224813376973,0.6250463972494883,False,False,none
60,17,stress,explicit_hierarchy,1.0,0.9766172323545185,0.9766172323545185,0.07965718483397191,0.00347463089132298,0.5902632287697118,False,False,none
60,18,stress,explicit_hierarchy,0.4182229804756418,0.7126501374423353,0.2980466645175093,0.13113505668406522,0.0852649099877429,0.5052733712969879,False,False,none
60,19,stress,explicit_hierarchy,1.0,1.0,1.0,0.1411176645470187,0.16019306052710627,0.5823154102220072,False,False,none
60,20,stress,explicit_hierarchy,0.9988111202795377,1.0,0.9988111202795377,0.06958706169958631,0.024514153001849948,0.6655346518379862,False,False,none
60,21,stress,explicit_hierarchy,0.6010733166586063,1.0,0.6010733166586063,0.0846585829794658,0.016188498160601417,0.589554359673178,False,False,none
60,22,stress,explicit_hierarchy,0.6389447462927668,0.9396810611350317,0.6004042772030407,0.14151470292541796,0.2213483981292374,0.6774903681820511,False,False,none
60,23,stress,explicit_hierarchy,0.7729248439775492,1.0,0.7729248439775492,0.08180798935498443,0.03906757549725448,0.6376570388915511,False,False,none
60,24,stress,explicit_hierarchy,0.9376448809892151,1.0,0.9376448809892151,0.08613221159597648,0.04918993649749247,0.6356665178044612,False,False,none
60,25,stress,explicit_hierarchy,1.0,1.0,1.0,0.13193035982044019,0.16237342687397344,0.6240480932986238,False,False,none
60,26,stress,explicit_hierarchy,0.9576443172625291,1.0,0.9576443172625291,0.0663701998820336,0.014644263876379085,0.6633109182957936,False,False,none
60,27,stress,explicit_hierarchy,0.8125077385308874,0.9249713145155612,0.7515463509629808,0.0929866061139995,0.01763995175355229,0.5571523981347932,False,False,none
60,28,stress,explicit_hierarchy,0.9032209331250282,0.983567942702124,0.8883791549992767,0.14650869051606336,0.15580836995458522,0.5529103752778294,False,False,none
60,29,stress,explicit_hierarchy,0.8385175694762479,1.0,0.8385175694762479,0.13162901722211345,0.1613511658748412,0.6236851075430259,False,False,none
62,0,stress,explicit_hierarchy,1.0,1.0,1.0,0.07086746435106278,0.01816277665931088,0.6501432949144806,False,False,none
62,1,stress,explicit_hierarchy,0.9660341986555996,1.0,0.9660341986555996,0.11998608359241181,0.13833873918244788,0.63576098873716,False,False,none
62,2,stress,explicit_hierarchy,0.6493474300695649,1.0,0.6493474300695649,0.12134505597569564,0.11649390700716283,0.5955109528626094,False,False,none
62,3,stress,explicit_hierarchy,0.6424555413328761,1.0,0.6424555413328761,0.1218779285854405,0.10503263068954355,0.5751436294857752,False,False,none
62,4,stress,explicit_hierarchy,0.7611019771647624,0.9504901517224689,0.723419933751606,0.16293351923456542,0.28306959137030374,0.6859705228589584,False,False,none
62,5,stress,explicit_hierarchy,0.5528644205885326,0.9961184358882365,0.5507184418949052,0.10717218617577365,0.08945751828446524,0.6117569615513464,False,False,none
62,6,stress,explicit_hierarchy,0.9155248115741227,1.0,0.9155248115741227,0.08118980511282853,0.006021303102916174,0.5879095419428317,False,False,none
62,7,stress,explicit_hierarchy,0.8146724362131925,1.0,0.8146724362131925,0.10400668736904059,0.12060751298879793,0.6742673648612609,False,False,none
62,8,stress,explicit_hierarchy,0.8884516357251346,0.9904124633650027,0.8799335731191966,0.12892007305680417,0.18112167162911963,0.6662756756760888,False,False,none
62,9,stress,explicit_hierarchy,0.6212634472633608,0.912296134437162,0.5667762414054697,0.19894060998799046,0.3142556938728181,0.5853189736820017,False,False,none
62,10,stress,explicit_hierarchy,0.9178323001368291,1.0,0.9178323001368291,0.08631539458476409,0.0426922683547411,0.624615280791823,False,False,none
62,11,stress,explicit_hierarchy,0.9914645173477277,1.0,0.9914645173477277,0.10353758150505832,0.11336847457481077,0.6647601618057074,False,False,none
62,12,stress,explicit_hierarchy,0.37395741234871377,0.9816940381222752,0.3671117622143656,0.13988107717315965,0.1475950690554612,0.5675210377829817,False,False,none
62,13,stress,explicit_hierarchy,0.982096650496576,1.0,0.982096650496576,0.06754254327755477,0.0,0.6352394030101886,False,False,none
62,14,stress,explicit_hierarchy,1.0,1.0,1.0,0.12138209719979137,0.11727004650150728,0.5965855019615891,False,False,none
62,15,stress,explicit_hierarchy,0.790038183132417,0.9403361552104169,0.7429014675961603,0.15180031054628976,0.20820503212671515,0.6138233402577583,False,False,none
62,16,stress,explicit_hierarchy,0.7591309522890031,1.0,0.7591309522890031,0.10746004246463331,0.1026274225441557,0.6314099087589412,False,False,none
62,17,stress,explicit_hierarchy,1.0,1.0,1.0,0.07935789624574777,0.0,0.5860087656427176,False,False,none
62,18,stress,explicit_hierarchy,0.38697323185450516,0.7745091606519197,0.2997143129983935,0.14653755652027636,0.10731677489189809,0.4760117414110205,False,False,none
62,19,stress,explicit_hierarchy,1.0,1.0,1.0,0.10785127385874924,0.09979555748371341,0.6252959916044244,False,False,none
62,20,stress,explicit_hierarchy,0.9136375886396362,0.959130203322945,0.8762974061554194,0.10694067472834493,0.12830675305865719,0.67423288097477,False,False,none
62,21,stress,explicit_hierarchy,0.5892341197576048,0.9976421746523861,0.5878448086143613,0.09419154468962662,0.033185914757376936,0.5767462621590692,False,False,none
62,22,stress,explicit_hierarchy,0.6154365179056713,0.9851203681688965,0.6062790491038186,0.13890062477559276,0.2070112596153542,0.6656818911593411,False,False,none
62,23,stress,explicit_hierarchy,0.7835403651293977,0.9830064517939711,0.7702252341632018,0.07283862292120227,0.024400855585673578,0.6518070925056404,False,False,none
62,24,stress,explicit_hierarchy,0.9911072840382644,1.0,0.9911072840382644,0.06611962760452372,0.010069468721496742,0.6571115437901877,False,False,none
62,25,stress,explicit_hierarchy,0.9727369978494551,1.0,0.9727369978494551,0.11495488394965367,0.13228517332767858,0.6471395079786008,False,False,none
62,26,stress,explicit_hierarchy,1.0,1.0,1.0,0.06395369864214334,0.011632259684796932,0.6686106668253312,False,False,none
62,27,stress,explicit_hierarchy,1.0,1.0,1.0,0.08363783342163508,0.005985260775339417,0.577652356970808,False,False,none
62,28,stress,explicit_hierarchy,0.891533577781718,0.9084219199006276,0.8098886443843438,0.13410433674821468,0.13030233058816437,0.5642106203136991,False,False,none
62,29,stress,explicit_hierarchy,0.8720187269102687,1.0,0.8720187269102687,0.09304779932348087,0.10972063960109088,0.7026918488538902,False,False,none
64,0,stress,explicit_hierarchy,1.0,1.0,1.0,0.06641883048411626,0.0,0.6399215396495156,False,False,none
64,1,stress,explicit_hierarchy,0.972622458727951,1.0,0.972622458727951,0.13943718547362965,0.1689079177745021,0.6031159303361715,False,False,none
64,2,stress,explicit_hierarchy,0.6332636878639316,1.0,0.6332636878639316,0.12300357180032032,0.1150359724435307,0.5862920738675891,False,False,none
64,3,stress,explicit_hierarchy,0.550822529811245,1.0,0.550822529811245,0.16872337952978553,0.1964225119343369,0.5246548958552604,False,False,none
64,4,stress,explicit_hierarchy,0.7212607766245243,0.9932694583343238,0.716406300915635,0.14453302578354238,0.21222128237582977,0.650462756330304,False,False,none
64,5,stress,explicit_hierarchy,0.634817898380068,0.9968622826276909,0.632826019232068,0.09019552229313688,0.038316179313191416,0.6015192743578162,False,False,none
64,6,stress,explicit_hierarchy,0.9987469517582344,0.9936013563359749,0.9923563259034022,0.07551378303787326,0.0,0.6020259040088615,False,False,none
64,7,stress,explicit_hierarchy,0.8015849095106606,1.0,0.8015849095106606,0.12914291313357018,0.16983543827412056,0.6474773058774818,False,False,none
64,8,stress,explicit_hierarchy,0.8258086658649458,1.0,0.8258086658649458,0.11791355681867477,0.14573735169041163,0.6561109867653403,False,False,none
64,9,stress,explicit_hierarchy,0.6031761714862471,0.9637053924716521,0.5812841290717023,0.16490833246474146,0.18774050260956543,0.5268044105287225,False,False,none
64,10,stress,explicit_hierarchy,0.8976603665589109,1.0,0.8976603665589109,0.07664100262469034,0.02253739593941538,0.6330133659678646,False,False,none
64,11,stress,explicit_hierarchy,0.9670243608748882,1.0,0.9670243608748882,0.08609262963155664,0.06995036947373012,0.66870212820192,False,False,none
64,12,stress,explicit_hierarchy,0.37206808140978037,1.0,0.37206808140978037,0.11318997113885018,0.09930481381195055,0.6022744087903793,False,False,none
64,13,stress,explicit_hierarchy,1.0,1.0,1.0,0.06,0.0,0.6856786732595379,False,False,none
64,14,stress,explicit_hierarchy,1.0,0.9957067258064826,0.9957067258064826,0.14110469879959606,0.15848524755160284,0.5796653969583876,False,False,none
64,15,stress,explicit_hierarchy,0.8980057925340387,0.9492037771723612,0.8523904901959692,0.17713037939092985,0.25655046879250476,0.5848283281259248,False,False,none
64,16,stress,explicit_hierarchy,0.8266166583887001,1.0,0.8266166583887001,0.12936587022946844,0.14207731368846507,0.6025979540506178,False,False,none
64,17,stress,explicit_hierarchy,1.0,1.0,1.0,0.07018063328246185,0.0,0.6242473613230757,False,False,none
64,18,stress,explicit_hierarchy,0.21997654245878412,0.5813483071464614,0.12788299057034583,0.19941737390041472,0.2403738508106984,0.46635287253187785,True,False,lower_floor+repair
64,19,stress,explicit_hierarchy,1.0,1.0,1.0,0.07358485072691748,0.018284189668790873,0.6390130889467628,False,False,none
64,20,stress,explicit_hierarchy,0.9236853192210086,1.0,0.9236853192210086,0.10561983528086316,0.1337586936253791,0.6883686179032537,False,False,none
64,21,stress,explicit_hierarchy,0.6779888229712536,0.9864795807622241,0.6688221298461561,0.09319283568477843,0.051017714983056094,0.6091412333699286,False,False,none
64,22,stress,explicit_hierarchy,0.6499627428556746,1.0,0.6499627428556746,0.10954377804679521,0.1444428099835575,0.6889353739456527,False,False,none
64,23,stress,explicit_hierarchy,0.8256814487101176,1.0,0.8256814487101176,0.11826945018373172,0.14483746390290925,0.6532032754140575,False,False,none
64,24,stress,explicit_hierarchy,1.0,1.0,1.0,0.06530841908914353,0.006551152557336201,0.6549209120110175,False,False,none
64,25,stress,explicit_hierarchy,1.0,1.0,1.0,0.11382672442221822,0.12494198383994612,0.6402134559873387,False,False,none
64,26,stress,explicit_hierarchy,1.0,1.0,1.0,0.06861165804030206,0.0,0.6307847581654081,False,False,none
64,27,stress,explicit_hierarchy,1.0,1.0,1.0,0.07781653132956623,0.009146731475282402,0.6069134442960046,False,False,none
64,28,stress,explicit_hierarchy,1.0,1.0,1.0,0.1555911970860275,0.16600048251726957,0.5312041094605622,False,False,none
64,29,stress,explicit_hierarchy,0.8341499067550632,1.0,0.8341499067550632,0.07272226526088188,0.06462449120398978,0.7159793391526427,False,False,none
66,0,stress,explicit_hierarchy,0.9520277221496779,1.0,0.9520277221496779,0.06728578034406513,0.019658529842508824,0.6674352541503676,False,False,none
66,1,stress,explicit_hierarchy,0.9519508196401587,1.0,0.9519508196401587,0.10378785400985677,0.08052038102913253,0.6117078782550568,False,False,none
66,2,stress,explicit_hierarchy,0.6847461239750192,1.0,0.6847461239750192,0.08151394930280548,0.04640160278989865,0.65049441565565,False,False,none
66,3,stress,explicit_hierarchy,0.6393224364547381,1.0,0.6393224364547381,0.12010356396300248,0.08577735749064824,0.5520492995143496,False,False,none
66,4,stress,explicit_hierarchy,0.8006723742101874,1.0,0.8006723742101874,0.11690095168237119,0.1195456590924783,0.6188599948865441,False,False,none
66,5,stress,explicit_hierarchy,0.6423639829175491,1.0,0.6423639829175491,0.08165409198387252,0.02734951357519022,0.6197446798945824,False,False,none
66,6,stress,explicit_hierarchy,0.90917007446111,1.0,0.90917007446111,0.07212033589770589,0.008389372921194927,0.629448440884784,False,False,none
66,7,stress,explicit_hierarchy,0.9021534727889656,0.9862668336020723,0.8897640490306865,0.10522445367975475,0.10565418754939389,0.6455172399542288,False,False,none
66,8,stress,explicit_hierarchy,0.8322321787721021,1.0,0.8322321787721021,0.12737205102938737,0.15191165363346198,0.6264765722972008,False,False,none
66,9,stress,explicit_hierarchy,0.5976378465167657,1.0,0.5976378465167657,0.12093249124502672,0.10944216530426712,0.5860647148774782,False,False,none
66,10,stress,explicit_hierarchy,1.0,0.9879195823136574,0.9879195823136574,0.07793404030739756,0.010168591867282596,0.6080417691757076,False,False,none
66,11,stress,explicit_hierarchy,1.0,1.0,1.0,0.0774181858229451,0.06823986398955516,0.7021373437211912,False,False,none
66,12,stress,explicit_hierarchy,0.5087881026920941,1.0,0.5087881026920941,0.10397021144559751,0.09222925101024056,0.6294870997428913,False,False,none
66,13,stress,explicit_hierarchy,0.9708621024753123,1.0,0.9708621024753123,0.06,0.001825401849202856,0.7242478290437707,False,False,none
66,14,stress,explicit_hierarchy,1.0,1.0,1.0,0.10422915462734397,0.04566285007403888,0.554678035003295,False,False,none
66,15,stress,explicit_hierarchy,0.8460951183902518,0.980554772222625,0.8296426060918283,0.15135411634736518,0.1904989477568566,0.5876478491676681,False,False,none
66,16,stress,explicit_hierarchy,0.7863091054327617,1.0,0.7863091054327617,0.11602154571586287,0.09861964537279315,0.589391331357494,False,False,none
66,17,stress,explicit_hierarchy,0.9229151008071196,1.0,0.9229151008071196,0.0737226124979716,0.0,0.609489114591785,False,False,none
66,18,stress,explicit_hierarchy,0.2889225270877153,0.6150286241169246,0.17769562431114244,0.1152650605331547,0.02981158965071891,0.48359726472549364,False,False,repair_product
66,19,stress,explicit_hierarchy,1.0,1.0,1.0,0.08793821879562674,0.04908841659767817,0.6279807479645457,False,False,none
66,20,stress,explicit_hierarchy,0.9389226956773821,1.0,0.9389226956773821,0.10095064497177494,0.0873607300943763,0.6343601352670336,False,False,none
66,21,stress,explicit_hierarchy,0.6671906556603256,1.0,0.6671906556603256,0.08531648477479495,0.040590604150454096,0.6254497700099066,False,False,none
66,22,stress,explicit_hierarchy,0.7300373468349035,1.0,0.7300373468349035,0.09337610845768171,0.09315411908930796,0.6750935699843971,False,False,none
66,23,stress,explicit_hierarchy,0.8929112513164783,1.0,0.8929112513164783,0.1095695958435906,0.1264433318695201,0.6603286261117794,False,False,none
66,24,stress,explicit_hierarchy,1.0,1.0,1.0,0.0657697107851408,0.04236110107179463,0.7096979484255882,False,False,none
66,25,stress,explicit_hierarchy,0.9828419287848645,1.0,0.9828419287848645,0.08091086511781662,0.07716292659134379,0.7017126957787251,False,False,none
66,26,stress,explicit_hierarchy,1.0,1.0,1.0,0.06581932190438874,0.0,0.6424194920650469,False,False,none
66,27,stress,explicit_hierarchy,0.937084449588197,1.0,0.937084449588197,0.0697623130316675,0.0,0.6259903623680522,False,False,none
66,28,stress,explicit_hierarchy,1.0,1.0,1.0,0.1794503959914654,0.2026410204149816,0.4898049656926152,False,False,none
66,29,stress,explicit_hierarchy,0.8554236109375146,1.0,0.8554236109375146,0.06045333235711689,0.029734085911060065,0.7118567512045247,False,False,none
68,0,stress,explicit_hierarchy,1.0,1.0,1.0,0.07782131646637985,0.0219468620449529,0.6271603796279261,False,False,none
68,1,stress,explicit_hierarchy,1.0,1.0,1.0,0.09964024494580326,0.05845727066832741,0.5940563246173383,False,False,none
68,2,stress,explicit_hierarchy,0.8068312809272851,0.9810589807943303,0.7915490741395063,0.06321144589694427,0.0,0.6532856420960655,False,False,none
68,3,stress,explicit_hierarchy,0.7063101944251688,1.0,0.7063101944251688,0.12158061612035229,0.10713931001890395,0.5797180070284635,False,False,none
68,4,stress,explicit_hierarchy,0.9238686924733681,1.0,0.9238686924733681,0.09428973117121317,0.07821391093405812,0.6476314790988705,False,False,none
68,5,stress,explicit_hierarchy,0.7110158205529786,1.0,0.7110158205529786,0.09100370459099602,0.04297579592809819,0.6055295744236721,False,False,none
68,6,stress,explicit_hierarchy,0.8905377286870355,1.0,0.8905377286870355,0.09527407109630232,0.05902229623099946,0.6131433394644895,False,False,none
68,7,stress,explicit_hierarchy,0.913041326490915,1.0,0.913041326490915,0.06378241765732487,0.0,0.6509065930944797,False,False,none
68,8,stress,explicit_hierarchy,0.6949488781257114,0.9994221571835429,0.6945473069086815,0.1667843582741617,0.24640794217651513,0.6118777489704752,False,False,none
68,9,stress,explicit_hierarchy,0.5625687058759686,0.9356112843927765,0.5263456294637971,0.14794484630324664,0.19512359423933637,0.6091754979487548,False,False,none
68,10,stress,explicit_hierarchy,0.8201654150961567,0.9555061972681862,0.7836731369094121,0.1581576386477823,0.22935836454486352,0.620827249496941,False,False,none
68,11,stress,explicit_hierarchy,1.0,1.0,1.0,0.0868084363916766,0.07213943790966262,0.6691856250583134,False,False,none
68,12,stress,explicit_hierarchy,0.6276646689792452,0.9814922791786256,0.6160480265163369,0.08292922387537308,0.030977364746803068,0.6201757280350505,False,False,none
68,13,stress,explicit_hierarchy,0.9953425683981373,1.0,0.9953425683981373,0.06,0.0,0.6847321550930457,False,False,none
68,14,stress,explicit_hierarchy,0.9829194727859276,1.0,0.9829194727859276,0.1203089822290333,0.0922163555736968,0.5613884703707146,False,False,none
68,15,stress,explicit_hierarchy,0.8269011690752471,0.9843213393862416,0.8139364662841962,0.10181395288784043,0.06164827662521475,0.5900516342905883,False,False,none
68,16,stress,explicit_hierarchy,0.8697137158771474,1.0,0.8697137158771474,0.10136574365087869,0.06794742706507009,0.6018928276410331,False,False,none
68,17,stress,explicit_hierarchy,1.0,1.0,1.0,0.07550896458759002,0.0,0.6020459808850416,False,False,none
68,18,stress,explicit_hierarchy,0.3861033108399094,0.7057270442569687,0.2724835483368789,0.11369976140680912,0.017906339599002646,0.4712693651700495,False,False,none
68,19,stress,explicit_hierarchy,1.0,1.0,1.0,0.06547072970928178,0.0,0.6438719595446593,False,False,none
68,20,stress,explicit_hierarchy,0.8942513286901246,1.0,0.8942513286901246,0.08920011316376517,0.08595009898816365,0.6810871852155709,False,False,none
68,21,stress,explicit_hierarchy,0.7636356607773876,1.0,0.7636356607773876,0.07990236427866593,0.04093153641050586,0.648548414822193,False,False,none
68,22,stress,explicit_hierarchy,0.793350140803059,1.0,0.793350140803059,0.07424727328334496,0.035873275621400705,0.6641023810532805,False,False,none
68,23,stress,explicit_hierarchy,0.9664197990027942,1.0,0.9664197990027942,0.10885334285796425,0.11197615074347186,0.6404066434356462,False,False,none
68,24,stress,explicit_hierarchy,1.0,1.0,1.0,0.06328443717674467,0.02585045589751229,0.6939114002679584,False,False,none
68,25,stress,explicit_hierarchy,1.0,1.0,1.0,0.08172058177631819,0.07696417921191293,0.6980241930175364,False,False,none
68,26,stress,explicit_hierarchy,0.9308354897453593,1.0,0.9308354897453593,0.06899304758504671,0.010333306601862647,0.6455567038485879,False,False,none
68,27,stress,explicit_hierarchy,0.8533527252316144,0.9919626975102493,0.8464940712484749,0.11162973808003837,0.0727443416204157,0.5667212988988316,False,False,none
68,28,stress,explicit_hierarchy,1.0,1.0,1.0,0.12849284393339316,0.10192334346158997,0.5426584440917127,False,False,none
68,29,stress,explicit_hierarchy,0.9801473674921767,0.9615117088014027,0.9424231701945992,0.06021316631916021,0.030807201666184614,0.7145565429749582,False,False,none
70,0,stress,explicit_hierarchy,1.0,1.0,1.0,0.07930013386543999,0.01762137428414381,0.6141499515105611,False,False,none
70,1,stress,explicit_hierarchy,0.7721842236173863,0.9644978921197042,0.7447700560070594,0.14795856391094853,0.18142984986549293,0.5874365793247451,False,False,none
70,2,stress,explicit_hierarchy,0.7550096115176994,1.0,0.7550096115176994,0.078288987983089,0.030443094950556308,0.63866411707551,False,False,none
70,3,stress,explicit_hierarchy,0.7173253644464375,1.0,0.7173253644464375,0.11799415647764683,0.10750931219082871,0.5952474256452838,False,False,none
70,4,stress,explicit_hierarchy,0.9953503850934279,1.0,0.9953503850934279,0.11421734218163046,0.10414958092395722,0.6056645773728054,False,False,none
70,5,stress,explicit_hierarchy,0.7969977233794429,1.0,0.7969977233794429,0.11879710402123153,0.10041188389563085,0.5806642160796175,False,False,none
70,6,stress,explicit_hierarchy,0.9948697341310092,1.0,0.9948697341310092,0.12928320736272778,0.12115048544200584,0.5698082379384768,False,False,none
70,7,stress,explicit_hierarchy,1.0,1.0,1.0,0.06664860857585819,0.004723864741784616,0.6464435834417498,False,False,none
70,8,stress,explicit_hierarchy,0.7525527117553011,1.0,0.7525527117553011,0.12973656563696215,0.11532355310631881,0.5586932689309958,False,False,none
70,9,stress,explicit_hierarchy,0.2915616748187563,0.8506234820678121,0.24800920707185362,0.23995287219794365,0.404464059094074,0.5572644594075187,False,False,none
70,10,stress,explicit_hierarchy,0.8308322731698328,1.0,0.8308322731698328,0.16691483229326495,0.2306718777152765,0.5864186718272506,False,False,none
70,11,stress,explicit_hierarchy,0.966438577082178,1.0,0.966438577082178,0.0738097320016129,0.0454935309704762,0.6811575406965336,False,False,none
70,12,stress,explicit_hierarchy,0.6462041081865985,1.0,0.6462041081865985,0.0865298657389992,0.0511790223797315,0.6371590115220782,False,False,none
70,13,stress,explicit_hierarchy,0.997542305558669,1.0,0.997542305558669,0.06,0.0,0.698875961384421,False,False,none
70,14,stress,explicit_hierarchy,0.9941177269342143,1.0,0.9941177269342143,0.10578680906504803,0.09276338442070099,0.6227636542284098,False,False,none
70,15,stress,explicit_hierarchy,0.9049459829864231,1.0,0.9049459829864231,0.12335227495751261,0.11596861933450825,0.5863158349566688,False,False,none
70,16,stress,explicit_hierarchy,0.7928263588091728,1.0,0.7928263588091728,0.10817175010864039,0.0764139820003658,0.5869398460479109,False,False,none
70,17,stress,explicit_hierarchy,1.0,1.0,1.0,0.0665603375575915,0.0058487384643846705,0.6485924294119778,False,False,none
70,18,stress,explicit_hierarchy,0.4485497735646381,0.7668257212693471,0.34395950363890593,0.10070003166499696,0.0,0.49708320139584605,False,False,none
70,19,stress,explicit_hierarchy,0.9541913974802284,1.0,0.9541913974802284,0.07600488451919193,0.03243991862041081,0.6513428523190175,False,False,none
70,20,stress,explicit_hierarchy,0.923805745177857,1.0,0.923805745177857,0.11505064434889922,0.13658798822236062,0.6535532965649908,False,False,none
70,21,stress,explicit_hierarchy,1.0,1.0,1.0,0.06,0.0,0.6685159703456489,False,False,none
70,22,stress,explicit_hierarchy,0.9580453544287305,1.0,0.9580453544287305,0.07920819651993571,0.06619168172784998,0.6914360105693638,False,False,none
70,23,stress,explicit_hierarchy,0.9098605015579952,1.0,0.9098605015579952,0.08844258466967991,0.06550262372950987,0.6518683847813911,False,False,none
70,24,stress,explicit_hierarchy,1.0,1.0,1.0,0.06549758590588572,0.0,0.6437600587254761,False,False,none
70,25,stress,explicit_hierarchy,0.9825950285544895,1.0,0.9825950285544895,0.07820681803689247,0.042583166815296246,0.6582282723038339,False,False,none
70,26,stress,explicit_hierarchy,1.0,1.0,1.0,0.09203814401850374,0.053560585479437574,0.617978660265344,False,False,none
70,27,stress,explicit_hierarchy,0.7961452592947676,0.9957091519341695,0.7927291209488025,0.11518837857995934,0.07316227060831208,0.5525553510466635,False,False,none
70,28,stress,explicit_hierarchy,0.8407413589854785,0.9271647616975403,0.7795057617530373,0.1605865685844136,0.15503327388116778,0.4930253145434589,False,False,none
70,29,stress,explicit_hierarchy,0.9551195661122679,1.0,0.9551195661122679,0.06,0.0,0.7020696213477439,False,False,none
72,0,stress,explicit_hierarchy,0.9489935332042729,1.0,0.9489935332042729,0.12736385817599366,0.11580289900042187,0.5693385143506945,False,False,none
72,1,stress,explicit_hierarchy,0.8330318075692613,1.0,0.8330318075692613,0.12300431522375557,0.12199621969545524,0.5973093677521559,False,False,none
72,2,stress,explicit_hierarchy,0.8039726926056932,1.0,0.8039726926056932,0.07985819196772909,0.0388671505135213,0.6454638551142042,False,False,none
72,3,stress,explicit_hierarchy,0.7390412939826376,0.9903283471394317,0.7318935431376123,0.08746772976487407,0.05643661319861789,0.6415757635441697,False,False,none
72,4,stress,explicit_hierarchy,1.0,1.0,1.0,0.11189491598696782,0.06088458760771651,0.5468384470998519,False,False,none
72,5,stress,explicit_hierarchy,0.7232328792221996,1.0,0.7232328792221996,0.10727356292939016,0.07809966964378817,0.593351298063539,False,False,none
72,6,stress,explicit_hierarchy,0.7910130401989575,0.9905693005300806,0.7835532339400538,0.17661719760927058,0.23475259875274251,0.5524532913198816,False,False,none
72,7,stress,explicit_hierarchy,1.0,1.0,1.0,0.08466945150526792,0.0631486594732039,0.6638626628939566,False,False,none
72,8,stress,explicit_hierarchy,0.975232773675646,1.0,0.975232773675646,0.08191471699193278,0.0,0.5753553458669468,False,False,none
72,9,stress,explicit_hierarchy,0.42872694833354896,0.910522954630618,0.39036572772643136,0.16850652706618544,0.2429363821804956,0.5992054090100122,False,False,none
72,10,stress,explicit_hierarchy,0.8784371833441371,0.9700342003935315,0.852114110741176,0.1688442821693487,0.21021964524250758,0.5459965959283508,False,False,none
72,11,stress,explicit_hierarchy,0.9887795265474151,0.9818029048724044,0.9707866114426128,0.07228312948521287,0.022638963528145463,0.65133198606451,False,False,none
72,12,stress,explicit_hierarchy,0.6783460861536805,1.0,0.6783460861536805,0.13113848693563965,0.14246752599800902,0.5958298872650158,False,False,none
72,13,stress,explicit_hierarchy,1.0,0.9896321841986363,0.9896321841986363,0.07077935700598958,0.022975999566891035,0.658131345122621,False,False,none
72,14,stress,explicit_hierarchy,1.0,1.0,1.0,0.0957721769959565,0.0831363229151891,0.6492484404658974,False,False,none
72,15,stress,explicit_hierarchy,0.9075771992404431,1.0,0.9075771992404431,0.1363544867591504,0.14297834188713426,0.5749053464915025,False,False,none
72,16,stress,explicit_hierarchy,0.887946923070986,0.9965512132909371,0.8848845835243455,0.08291726720816239,0.038211269448287545,0.6316792299257787,False,False,none
72,17,stress,explicit_hierarchy,1.0,1.0,1.0,0.07778317615352692,0.028101851776669393,0.6370646980066977,False,False,none
72,18,stress,explicit_hierarchy,0.5366694501725265,0.8118341043442102,0.4356865624097128,0.1013201698561503,0.020087678256489223,0.526304782838815,False,False,none
72,19,stress,explicit_hierarchy,1.0,1.0,1.0,0.08054794133659371,0.03756368566195374,0.6405260800622863,False,False,none
72,20,stress,explicit_hierarchy,0.8370724321599157,0.9581609649688867,0.8020501293471978,0.16256530079784245,0.24471596769056458,0.6267781955190505,False,False,none
72,21,stress,explicit_hierarchy,1.0,1.0,1.0,0.0636872613072772,0.0,0.651303077886345,False,False,none
72,22,stress,explicit_hierarchy,1.0,1.0,1.0,0.11325255481251412,0.1272205091757572,0.6462134944761401,False,False,none
72,23,stress,explicit_hierarchy,0.7344874554288892,0.897225391386035,0.659000794665318,0.13166649431489236,0.18131271765883888,0.6551347433144434,False,False,none
72,24,stress,explicit_hierarchy,0.9114739075479101,0.9925020579974722,0.9046397290522985,0.07710690920164404,0.0,0.5953878783264832,False,False,none
72,25,stress,explicit_hierarchy,1.0,1.0,1.0,0.09244469706405248,0.07486099728130377,0.6500103412618458,False,False,none
72,26,stress,explicit_hierarchy,0.6060353380438244,0.8111503316715402,0.4915857654589221,0.2221625232877746,0.3758955942889178,0.5861575105917256,False,False,none
72,27,stress,explicit_hierarchy,0.7924990572067715,1.0,0.7924990572067715,0.11009307384045139,0.05508559883962042,0.5451643904941849,False,False,none
72,28,stress,explicit_hierarchy,0.7863263008207896,0.9494320205346795,0.7465633685878424,0.1769973251871347,0.21278536273313806,0.5160879693810739,False,False,none
72,29,stress,explicit_hierarchy,0.9679404894078181,1.0,0.9679404894078181,0.06,0.0025970873955608043,0.765592823672943,False,False,none
74,0,stress,explicit_hierarchy,0.7350767853515102,0.9869769267930427,0.7255038265631427,0.14400548756547552,0.13979517853089518,0.5379861678177693,False,False,none
74,1,stress,explicit_hierarchy,0.8544294370302455,1.0,0.8544294370302455,0.12733433536265826,0.11802395608764893,0.572978199794368,False,False,none
74,2,stress,explicit_hierarchy,0.9030002756265382,1.0,0.9030002756265382,0.063564974843166,0.0155645029784978,0.6764564012027632,False,False,none
74,3,stress,explicit_hierarchy,0.7787043172236198,1.0,0.7787043172236198,0.09683541395863568,0.0841718749908678,0.6464579105745588,False,False,none
74,4,stress,explicit_hierarchy,0.9826295043924689,1.0,0.9826295043924689,0.10555027337882847,0.06736929406609726,0.5835419098595355,False,False,none
74,5,stress,explicit_hierarchy,0.8254877187510901,1.0,0.8254877187510901,0.11122884095072888,0.09981149166983587,0.6112480245158698,False,False,none
74,6,stress,explicit_hierarchy,0.8156553081325268,0.9795143932311976,0.7989461142312375,0.1816670965904741,0.24233677663688868,0.5434203272147651,False,False,none
74,7,stress,explicit_hierarchy,0.50066812376064,0.7154587015042881,0.3582073657103757,0.2692038707587328,0.49373277045347247,0.5767274250566115,False,False,none
74,8,stress,explicit_hierarchy,1.0,1.0,1.0,0.10571761429194323,0.06512134113463974,0.5792853972467495,False,False,none
74,9,stress,explicit_hierarchy,0.45097041289226175,0.9524382710871792,0.4295214803665771,0.15914277253657821,0.20279781915313105,0.5746683280900484,False,False,none
74,10,stress,explicit_hierarchy,0.9943830226933865,1.0,0.9943830226933865,0.16650520534656119,0.19471607446339848,0.531195428956376,False,False,none
74,11,stress,explicit_hierarchy,1.0,1.0,1.0,0.0720469378752458,0.03085141406952251,0.6653191644632199,False,False,none
74,12,stress,explicit_hierarchy,0.6972239489521737,0.995882075436068,0.6943528333262218,0.087624143339538,0.05191261143311833,0.6337610375210291,False,False,none
74,13,stress,explicit_hierarchy,0.9139434027006869,0.9499968274244317,0.8682433330111423,0.14334787382121417,0.17825791184593046,0.601625552834331,False,False,none
74,14,stress,explicit_hierarchy,0.9840106351264484,1.0,0.9840106351264484,0.12994211096902572,0.14564037050234135,0.6058384575911001,False,False,none
74,15,stress,explicit_hierarchy,0.9957388503139253,1.0,0.9957388503139253,0.11146291484772286,0.07832466738778972,0.5762519114984884,False,False,none
74,16,stress,explicit_hierarchy,1.0,1.0,1.0,0.1374311486104456,0.17302771548279927,0.6179974303042421,False,False,none
74,17,stress,explicit_hierarchy,1.0,1.0,1.0,0.07306774602939867,0.02568646905482554,0.652887967547646,False,False,none
74,18,stress,explicit_hierarchy,0.6163023235126416,0.8096657203299884,0.4989988647079085,0.09870613392040958,0.0014791107439072846,0.50773303400948,False,False,none
74,19,stress,explicit_hierarchy,0.912980251219164,1.0,0.912980251219164,0.09937655332515918,0.09108831352385144,0.6468208575579348,False,False,none
74,20,stress,explicit_hierarchy,0.8300924699859376,1.0,0.8300924699859376,0.11997511873183697,0.13838845754498358,0.6358853963969032,False,False,none
74,21,stress,explicit_hierarchy,0.9713710021320346,1.0,0.9713710021320346,0.06,0.0,0.6894001333820652,False,False,none
74,22,stress,explicit_hierarchy,1.0,1.0,1.0,0.07854090619059928,0.048979152920716924,0.6669632163303048,False,False,none
74,23,stress,explicit_hierarchy,0.6122118398068048,0.9329988247924863,0.5711929270637948,0.13032807782884284,0.13363324504306112,0.5852189803646684,False,False,none
74,24,stress,explicit_hierarchy,0.9181474817217843,1.0,0.9181474817217843,0.0818925100492027,0.0,0.5754478747949888,False,False,none
74,25,stress,explicit_hierarchy,1.0,1.0,1.0,0.10487721316994641,0.089272305485565,0.6210260954773679,False,False,none
74,26,stress,explicit_hierarchy,0.5921834448250781,0.9040245013635377,0.5353483434237333,0.1979737981792769,0.27605657134653006,0.5288654122183521,False,False,none
74,27,stress,explicit_hierarchy,0.7459232361416293,1.0,0.7459232361416293,0.12041780675729358,0.10247690004444805,0.5771808969149861,False,False,none
74,28,stress,explicit_hierarchy,0.7919801720253681,0.9898103770224034,0.7839101926666975,0.1537875258420348,0.15654847925258433,0.5237537344747802,False,False,none
74,29,stress,explicit_hierarchy,1.0,1.0,1.0,0.06,0.015555821362709141,0.7698086632213336,False,False,none
76,0,stress,explicit_hierarchy,0.811811232227136,1.0,0.811811232227136,0.15432381723953595,0.17709306530240645,0.5540481148974105,False,False,none
76,1,stress,explicit_hierarchy,0.9035057092382922,1.0,0.9035057092382922,0.10299816204109888,0.061651831224621104,0.5851230576010714,False,False,none
76,2,stress,explicit_hierarchy,0.9233311907911574,0.9880227631796603,0.9122722344554455,0.06832958447121104,0.0,0.6319600647032874,False,False,none
76,3,stress,explicit_hierarchy,0.8019189591707371,1.0,0.8019189591707371,0.09659687150579993,0.0694035126347536,0.6240685970641936,False,False,none
76,4,stress,explicit_hierarchy,0.9703839601392379,0.9783506154097877,0.9493757445860104,0.1556436754432372,0.21856025296685344,0.6142050861840297,False,False,none
76,5,stress,explicit_hierarchy,0.8757516455914683,1.0,0.8757516455914683,0.09516407141807326,0.04989670440868829,0.5991528177384513,False,False,none
76,6,stress,explicit_hierarchy,0.7080348968923533,1.0,0.7080348968923533,0.16834697814667232,0.21362404976161462,0.5534590031780885,False,False,none
76,7,stress,explicit_hierarchy,0.5294429462440688,0.6920122922902372,0.36638102686725493,0.26026124291150354,0.38836205954210096,0.44715141547706194,False,False,none
76,8,stress,explicit_hierarchy,0.9958015678361785,1.0,0.9958015678361785,0.1103216220792306,0.0738008120674487,0.5738445271099997,False,False,none
76,9,stress,explicit_hierarchy,0.3059607873208418,0.8848835642357684,0.2707396720008484,0.17119781227339254,0.23426891246672196,0.5742682269331744,False,False,lower_floor+repair
76,10,stress,explicit_hierarchy,1.0,1.0,1.0,0.1264136565818285,0.11950078787931787,0.5791526783846346,False,False,none
76,11,stress,explicit_hierarchy,0.936582386879253,1.0,0.936582386879253,0.06,0.0,0.679521323099437,False,False,none
76,12,stress,explicit_hierarchy,0.6881502965893568,0.9872077018304674,0.6793472728099335,0.1199599586787991,0.134095566158732,0.6291514852563294,False,False,none
76,13,stress,explicit_hierarchy,1.0,0.9589810598804668,0.9589810598804668,0.1638100741843983,0.20844875677934013,0.5641685557989623,False,False,none
76,14,stress,explicit_hierarchy,0.9537971701282282,1.0,0.9537971701282282,0.11606208839458187,0.10857232586246163,0.6049808143048063,False,False,none
76,15,stress,explicit_hierarchy,1.0,1.0,1.0,0.10836210975884039,0.10868354343657427,0.637240153112741,False,False,none
76,16,stress,explicit_hierarchy,1.0,1.0,1.0,0.09638978737133203,0.07167702184598389,0.6285311705422577,False,False,none
76,17,stress,explicit_hierarchy,0.9622074365689106,0.9847897320738745,0.9475720036581872,0.09077495042675321,0.06880118301891791,0.647372913001815,False,False,none
76,18,stress,explicit_hierarchy,0.5457078407089948,0.7728004912706633,0.42172328739016407,0.09283662517411176,0.0,0.5298473951078677,False,False,none
76,19,stress,explicit_hierarchy,0.8897724004979443,1.0,0.8897724004979443,0.07113746423442127,0.03038117591151373,0.6683640942164748,False,False,none
76,20,stress,explicit_hierarchy,0.863147178304009,1.0,0.863147178304009,0.08629745606675329,0.07465998690797376,0.6753055789928198,False,False,none
76,21,stress,explicit_hierarchy,0.9447141667027293,1.0,0.9447141667027293,0.06,0.0,0.7200945949189423,False,False,none
76,22,stress,explicit_hierarchy,1.0,1.0,1.0,0.060176502598585174,0.0,0.6659312391725618,False,False,none
76,23,stress,explicit_hierarchy,0.5744415296610026,1.0,0.5744415296610026,0.13668853176223314,0.13497401250779745,0.5608399707947079,False,False,none
76,24,stress,explicit_hierarchy,0.9805994075155325,1.0,0.9805994075155325,0.09586555284478179,0.04293498747191898,0.5852072599772808,False,False,none
76,25,stress,explicit_hierarchy,0.9802267866599996,1.0,0.9802267866599996,0.11430260404647283,0.10840029729110842,0.6120396205172848,False,False,none
76,26,stress,explicit_hierarchy,0.5925516894327205,0.9611141455029573,0.5695098106554629,0.18246781432957263,0.24370769818723673,0.5422546290899056,False,False,none
76,27,stress,explicit_hierarchy,0.7251269273012323,0.9921092361464908,0.7194051219540776,0.11480544777277465,0.09867622510946003,0.5945479907034172,False,False,none
76,28,stress,explicit_hierarchy,0.9464213058386209,1.0,0.9464213058386209,0.11710026768667522,0.10721747917608207,0.5985098933343165,False,False,none
76,29,stress,explicit_hierarchy,1.0,1.0,1.0,0.06,0.0,0.7746347550184624,False,False,none
78,0,stress,explicit_hierarchy,0.7904589641232621,0.98768555104743,0.7807248975604649,0.15419482038872015,0.18550379329351155,0.567902587761726,False,False,none
78,1,stress,explicit_hierarchy,0.9117820288422681,1.0,0.9117820288422681,0.09609721092752155,0.039630516440903256,0.5790099388334238,False,False,none
78,2,stress,explicit_hierarchy,0.9569210947167659,0.9827961137311039,0.9404583330349511,0.09571392602857232,0.05777430720475479,0.6093346279551438,False,False,none
78,3,stress,explicit_hierarchy,0.740655130319514,0.9567770303625571,0.7086418161098974,0.14050337543405333,0.15870415982742941,0.5825175220848744,False,False,none
78,4,stress,explicit_hierarchy,0.5222199699893728,0.8189366960942122,0.4276650968575156,0.2752332177083334,0.48340995449334423,0.5352606874964059,False,False,none
78,5,stress,explicit_hierarchy,1.0,1.0,1.0,0.08010608543735573,0.0,0.5828913106776845,False,False,none
78,6,stress,explicit_hierarchy,0.6674115728425958,0.9689437929563203,0.6466843008530482,0.14553139655642208,0.16213190236604397,0.5669946930944776,False,False,none
78,7,stress,explicit_hierarchy,0.5831747290956838,0.7209723179625287,0.4204528362132849,0.24659509157061427,0.31771401940709243,0.392234315850337,False,False,none
78,8,stress,explicit_hierarchy,1.0,1.0,1.0,0.1092612095820257,0.07560852460901951,0.5811251240391738,False,False,none
78,9,stress,explicit_hierarchy,0.30811783515057667,0.9483292763427692,0.29219716363664705,0.18595556140332614,0.2675278315219081,0.5654375607291623,False,False,none
78,10,stress,explicit_hierarchy,1.0,1.0,1.0,0.10341384533080306,0.0764552960542992,0.6068298632076277,False,False,none
78,11,stress,explicit_hierarchy,0.9844598765593067,1.0,0.9844598765593067,0.06070643040149984,0.0,0.6637232066604174,False,False,none
78,12,stress,explicit_hierarchy,0.6323593777704994,1.0,0.6323593777704994,0.0739296339123689,0.020129549292737164,0.6404983117452968,False,False,none
78,13,stress,explicit_hierarchy,0.797730203193072,1.0,0.797730203193072,0.1828616214184449,0.2633393489421329,0.57169721324819,False,False,none
78,14,stress,explicit_hierarchy,0.894899834410201,0.9946878082275805,0.8901459548727076,0.06947866068778175,0.022325661415904086,0.6625212110427575,False,False,none
78,15,stress,explicit_hierarchy,0.9579845076673055,1.0,0.9579845076673055,0.13718286998041843,0.14651368956873645,0.5770513835654226,False,False,none
78,16,stress,explicit_hierarchy,0.9890965910789355,1.0,0.9890965910789355,0.09753749682297444,0.08232771519707112,0.6406126456329692,False,False,none
78,17,stress,explicit_hierarchy,0.9775685539073173,0.9994446509960081,0.9770256621845711,0.08938517331052256,0.05675008386126558,0.6340827439864932,False,False,none
78,18,stress,explicit_hierarchy,0.6037366168286171,0.8152337506615559,0.4921864665489122,0.08773595845311855,0.0,0.5511001731120061,False,False,none
78,19,stress,explicit_hierarchy,1.0,1.0,1.0,0.068864307889415,0.0,0.6297320504607709,False,False,none
78,20,stress,explicit_hierarchy,1.0,1.0,1.0,0.06,0.017081475932950355,0.7386763354544778,False,False,none
78,21,stress,explicit_hierarchy,1.0,1.0,1.0,0.07823850677572561,0.05937234036270709,0.6846790940087629,False,False,none
78,22,stress,explicit_hierarchy,1.0,1.0,1.0,0.07756526805291009,0.04803153245083094,0.6695279761600237,False,False,none
78,23,stress,explicit_hierarchy,0.5506403356772562,1.0,0.5506403356772562,0.12460807465529292,0.09491501469347415,0.5477484622009469,False,False,none
78,24,stress,explicit_hierarchy,0.9504600118420535,0.9940241234969425,0.9447801801901908,0.11477308672563158,0.1083732787569382,0.6100364966750205,False,False,none
78,25,stress,explicit_hierarchy,0.9774652070797383,1.0,0.9774652070797383,0.09397485586490995,0.08289564856934455,0.6563562107976708,False,False,none
78,26,stress,explicit_hierarchy,0.6192183533946177,1.0,0.6192183533946177,0.16043755546951946,0.2051808362976793,0.5730465096816612,False,False,none
78,27,stress,explicit_hierarchy,0.7751813470727165,1.0,0.7751813470727165,0.1313999155028806,0.13041795364193107,0.5756621120043883,False,False,none
78,28,stress,explicit_hierarchy,0.8306186537779254,1.0,0.8306186537779254,0.12841812014664106,0.12498671859075251,0.5794868038243538,False,False,none
78,29,stress,explicit_hierarchy,0.9985786664277571,1.0,0.9985786664277571,0.06,0.017516698712397253,0.6969211207654028,False,False,none
0,0,stress,future_reachability_optimizer,0.651348030466955,0.7494463739545357,0.4881504196158879,0.14482428754186633,0.010730687976241354,0.33022239120460584,False,False,preserve_R
0,1,stress,future_reachability_optimizer,0.3687939127566704,0.6615224333878077,0.24396544658540345,0.24455236712411477,0.22894422003613973,0.2601934853734098,True,False,preserve_R
0,2,stress,future_reachability_optimizer,0.44010219981461707,0.6964305892914309,0.3065006343653488,0.29401297313420116,0.342547691319829,0.23397978986389104,False,False,preserve_R
0,3,stress,future_reachability_optimizer,0.5895223535954376,0.9171420120707656,0.540675717537213,0.10099009116424862,0.06110395219537178,0.5926225444583029,False,False,preserve_R
0,4,stress,future_reachability_optimizer,0.6597244822732491,0.36576442994159636,0.24130374917718975,0.19212139208463652,0.17795903009457395,0.4746941514880913,False,False,preserve_R
0,5,stress,future_reachability_optimizer,0.3521128043904467,0.8468775106452796,0.29819641524850976,0.1746957466580742,0.1768379289593141,0.46876110977693825,False,False,preserve_R
0,6,stress,future_reachability_optimizer,0.4232725377066836,0.25822797100764333,0.10930080859525311,0.2980155921529196,0.28466741593299255,0.24723012000355493,True,False,preserve_R
0,7,stress,future_reachability_optimizer,0.37780416437815106,0.9246417970604135,0.34933352148752145,0.19466295164983455,0.20499881946584064,0.4301524989466038,False,False,preserve_R
0,8,stress,future_reachability_optimizer,0.35472908531873926,0.9101152572822797,0.32284435275037215,0.22074439685985559,0.10398540539812157,0.1615419049642942,False,False,preserve_R
0,9,stress,future_reachability_optimizer,0.5659886331338588,0.8817160349976602,0.4990412534605313,0.10700533216527064,0.10748081748794538,0.6409890770006192,False,False,preserve_R
0,10,stress,future_reachability_optimizer,0.48949511225824166,0.9210549294817232,0.45085188610266297,0.15767341912469235,0.13567879124883012,0.47451883979109627,False,False,preserve_R
0,11,stress,future_reachability_optimizer,0.45479753131770445,0.703075942776863,0.31975720310378497,0.15101854897989386,0.1039496022327038,0.45200958278555653,False,False,preserve_R
0,12,stress,future_reachability_optimizer,0.4681489526476464,0.891482135898724,0.41734642822507445,0.19391287810163385,0.21150447081309537,0.44357842003059333,False,False,preserve_R
0,13,stress,future_reachability_optimizer,0.6554991505138401,0.9104205091642097,0.5967798703675172,0.21020256638037402,0.19237156008581435,0.34541094355098095,False,False,preserve_R
0,14,stress,future_reachability_optimizer,0.6991012495394912,0.6264576052020988,0.4379572945803045,0.15834345517812176,0.2693590899684873,0.6833874958745976,False,False,preserve_R
0,15,stress,future_reachability_optimizer,0.954912778860743,0.9062343248747797,0.8653747374651652,0.17509012760468795,0.17714530948188373,0.46760454166011634,False,False,preserve_R
0,16,stress,future_reachability_optimizer,0.6100154736915852,0.5841198596826365,0.3563221528969657,0.18068381288094387,0.19115817834588464,0.46648456204371797,False,False,preserve_R
0,17,stress,future_reachability_optimizer,0.3862185316317654,0.5594751096672593,0.21607965534020981,0.14079256127575743,0.16925498262624242,0.5980180505092278,False,False,preserve_R
0,18,stress,future_reachability_optimizer,0.6418851422462539,0.9766802999088426,0.6269165732361014,0.2066807851774485,0.10501982524250215,0.22177811839459285,False,False,preserve_R
0,19,stress,future_reachability_optimizer,0.6099095207246764,0.8543180907219882,0.5210567372586684,0.21237957932512558,0.22237391575523757,0.38384378609110303,False,False,preserve_R
0,20,stress,future_reachability_optimizer,0.5120927189500201,0.3990206530791172,0.20433557115249784,0.20646147511006346,0.2330161140162305,0.48826076211746855,True,False,preserve_R
0,21,stress,future_reachability_optimizer,0.36278576753720143,1.0,0.36278576753720143,0.2581045675237992,0.3362892977695221,0.3736890234525802,False,False,preserve_R
0,22,stress,future_reachability_optimizer,0.0,0.4223181776070624,0.0,0.38809765993180423,0.7175404587687664,0.4888995693317532,True,False,preserve_R
0,23,stress,future_reachability_optimizer,0.539224947863136,0.5908199901233222,0.31858487837074695,0.08372918671996146,0.020285805186779384,0.599914246879228,False,False,preserve_R
0,24,stress,future_reachability_optimizer,0.5303737612241498,0.8417550895542677,0.44644481287646803,0.15252362801285718,0.1247061580908845,0.4786029669236622,False,False,preserve_R
0,25,stress,future_reachability_optimizer,0.600389133996013,0.6552397233222731,0.39339881004524674,0.23896203206993288,0.24022591521919473,0.30134923213900466,False,False,preserve_R
0,26,stress,future_reachability_optimizer,0.315310414971833,0.7835399133147799,0.2470582952142773,0.2793455851894239,0.3416812120120413,0.29372198072979916,True,False,preserve_R
0,27,stress,future_reachability_optimizer,0.7595274420758921,0.618529405511067,0.46979005721654293,0.3483856033351563,0.4526923059650979,0.18182280388158722,False,False,preserve_R
0,28,stress,future_reachability_optimizer,0.6262894004897505,0.4287407876805087,0.2685158108819292,0.3092483944396629,0.3034426925103443,0.15910729144257107,True,False,preserve_R
0,29,stress,future_reachability_optimizer,0.581948537177611,0.7382125347015545,0.429601704695746,0.18013592043915264,0.1972486985954279,0.4784107709462916,False,False,preserve_R
2,0,stress,future_reachability_optimizer,0.7344115542385978,1.0,0.7344115542385978,0.12635868758651309,0.004641079567458108,0.3975205110380043,False,False,preserve_R
2,1,stress,future_reachability_optimizer,0.402654579228268,0.9061433632170748,0.36486277463665884,0.18205748539759,0.12905042592686045,0.3624236518942375,False,False,preserve_R
2,2,stress,future_reachability_optimizer,0.5235247554995476,0.9324157509023066,0.4881427280150571,0.2568654808259554,0.2841805063999424,0.296346298358428,False,False,preserve_R
2,3,stress,future_reachability_optimizer,0.6209073848136354,1.0,0.6209073848136354,0.08755496029628002,0.006775644353186103,0.5625824356580447,False,False,none
2,4,stress,future_reachability_optimizer,0.7532797202634243,0.5881179412747956,0.443017318285379,0.1489591284369961,0.0810534230016774,0.4243382179318388,False,False,preserve_R
2,5,stress,future_reachability_optimizer,0.4657606602056733,0.9970371938997675,0.46438070168036766,0.1509211827524937,0.1741871644925366,0.5636247489777927,False,False,none
2,6,stress,future_reachability_optimizer,0.3706505558609604,0.45824971106504675,0.16985051012938407,0.266965954268036,0.2345040772537118,0.21383593325779088,True,False,preserve_R
2,7,stress,future_reachability_optimizer,0.416465672434798,1.0,0.416465672434798,0.2086148045360226,0.245590616605402,0.436290124058459,False,False,none
2,8,stress,future_reachability_optimizer,0.36874588381914214,1.0,0.36874588381914214,0.18279907593140735,0.11537407178581852,0.33767946394668213,False,False,preserve_R
2,9,stress,future_reachability_optimizer,0.49578869086782135,1.0,0.49578869086782135,0.06474373221964255,0.0,0.6469011157514893,False,False,preserve_R
2,10,stress,future_reachability_optimizer,0.5158340891996062,1.0,0.5158340891996062,0.12488344470961779,0.10035495327448812,0.5552143230611987,False,False,none
2,11,stress,future_reachability_optimizer,0.34573380191621744,0.945275436112461,0.3268136703851717,0.12861627174646623,0.07227655886712168,0.49520341926266687,False,False,preserve_R
2,12,stress,future_reachability_optimizer,0.4742679403653091,1.0,0.4742679403653091,0.14791466325576275,0.14360050747033687,0.527723039929022,False,False,preserve_R
2,13,stress,future_reachability_optimizer,0.5979334513231931,0.9974037908871853,0.5963810910480111,0.194683743383811,0.16442540880553558,0.36582463317621894,False,False,none
2,14,stress,future_reachability_optimizer,0.7957935333770868,0.8916994608892894,0.709608664691531,0.15813249995953077,0.22247591080964046,0.6100347756172193,False,False,preserve_R
2,15,stress,future_reachability_optimizer,0.8990255198644806,1.0,0.8990255198644806,0.13433702463298408,0.08688181548405159,0.494491938545648,False,False,none
2,16,stress,future_reachability_optimizer,0.5251112807865164,0.7846260605027181,0.412015995569061,0.2032532837711905,0.25001007811091513,0.46562727462898845,False,False,preserve_R
2,17,stress,future_reachability_optimizer,0.4235371114547001,0.7687286020193368,0.32558509159187965,0.1259628618190962,0.11207710940374783,0.5692768323097,False,False,preserve_R
2,18,stress,future_reachability_optimizer,0.668007892619143,1.0,0.668007892619143,0.18494599453734828,0.12257417981136332,0.34013414079570725,False,False,none
2,19,stress,future_reachability_optimizer,0.524713739666229,1.0,0.524713739666229,0.16013546145695617,0.117998755664257,0.4362669403977562,False,False,preserve_R
2,20,stress,future_reachability_optimizer,0.43635336411357645,0.6750243652945289,0.2945491526548994,0.18159297107176464,0.16291430819518193,0.4179769418433521,False,False,preserve_R
2,21,stress,future_reachability_optimizer,0.43792855587249646,1.0,0.43792855587249646,0.1941148845826628,0.19264939302409906,0.4128828531937285,False,False,none
2,22,stress,future_reachability_optimizer,0.19502855829785626,0.41358125442834054,0.08066015579017813,0.3802510296343456,0.5786055353648202,0.30525395150604995,True,False,repair_product
2,23,stress,future_reachability_optimizer,0.5107908786141685,0.8288816517686136,0.4233851871740534,0.08986608943799848,0.05057883734987266,0.6223077864789713,False,False,preserve_R
2,24,stress,future_reachability_optimizer,0.5978380614653662,1.0,0.5978380614653662,0.1142403558221492,0.08425189879417723,0.5740640238318258,False,False,preserve_R
2,25,stress,future_reachability_optimizer,0.08244477001542892,0.5971432310458726,0.0492313363498471,0.435696463672537,0.7751822776532112,0.3286366743153467,True,False,preserve_R
2,26,stress,future_reachability_optimizer,0.2624089129379877,0.9271872606571748,0.2433022011589999,0.2142422603343986,0.24862010136406773,0.4176390757664465,False,False,lower_floor
2,27,stress,future_reachability_optimizer,0.7843799026641531,0.8130597712998682,0.6377477442723292,0.29306551926944724,0.33561294889366133,0.22694750545893352,False,False,preserve_R
2,28,stress,future_reachability_optimizer,0.7142350851250847,0.6790805774329278,0.4850231740295989,0.2514390687693637,0.22177356490444566,0.22014535789302328,False,False,preserve_R
2,29,stress,future_reachability_optimizer,0.6296914989479467,1.0,0.6296914989479467,0.10201424945440032,0.03324498281440422,0.5442451833961387,False,False,preserve_R
4,0,stress,future_reachability_optimizer,0.8262132342344173,1.0,0.8262132342344173,0.11411481798210407,0.0,0.4411882584078997,False,False,none
4,1,stress,future_reachability_optimizer,0.3582827891157142,1.0,0.3582827891157142,0.16442852459103346,0.1326240630786354,0.4415359140785334,False,False,none
4,2,stress,future_reachability_optimizer,0.5667672936782148,1.0,0.5667672936782148,0.21236907204514527,0.2148495423226774,0.37197397515613384,False,False,none
4,3,stress,future_reachability_optimizer,0.7186779874639448,1.0,0.7186779874639448,0.09290996802906881,0.03458984229626015,0.5843090501812919,False,False,none
4,4,stress,future_reachability_optimizer,0.8704172870734561,0.7935686402210568,0.6907358629277838,0.12860932084894935,0.04568590465524271,0.45313051216684536,False,False,preserve_R
4,5,stress,future_reachability_optimizer,0.3099156547885867,0.9247367832492076,0.28659040568776956,0.20415583629069042,0.31990807137163974,0.5725384617938861,False,False,none
4,6,stress,future_reachability_optimizer,0.3165044105693679,0.7489416232367595,0.23704332701341618,0.2096652171479624,0.12877740691180034,0.24695915616050718,False,False,preserve_R
4,7,stress,future_reachability_optimizer,0.5053702737698261,0.9993384106102438,0.5050359261588018,0.15591094767066999,0.13357659186119197,0.4785339884857625,False,False,none
4,8,stress,future_reachability_optimizer,0.29230266992503123,0.9887098140542049,0.2890025184291253,0.16780045121901638,0.10532183715567012,0.384257695417243,False,False,none
4,9,stress,future_reachability_optimizer,0.6059020159443844,1.0,0.6059020159443844,0.0641483433554211,0.016597768885859496,0.6756617034216896,False,False,preserve_R
4,10,stress,future_reachability_optimizer,0.5974030742575075,0.9899252475831399,0.5913843861912921,0.10963735723195342,0.08749984967216932,0.5983857735144622,False,False,none
4,11,stress,future_reachability_optimizer,0.0,0.8938645136883108,0.0,0.27210957394078683,0.4149629289945863,0.4399014128214832,True,False,none
4,12,stress,future_reachability_optimizer,0.5217123964586455,0.9989085819324912,0.5211429901231073,0.13684487505447412,0.10510918473582448,0.5129025631047467,False,False,preserve_R
4,13,stress,future_reachability_optimizer,0.7126479316131901,1.0,0.7126479316131901,0.15198945761234212,0.07380261151110268,0.40023139484115366,False,False,none
4,14,stress,future_reachability_optimizer,0.6187926441327107,0.9169178346163078,0.5673820113346647,0.2451171443538293,0.42450272492752567,0.567474546327627,False,False,preserve_R
4,15,stress,future_reachability_optimizer,1.0,1.0,1.0,0.11022400070055197,0.07289102314980195,0.5728107837348866,False,False,none
4,16,stress,future_reachability_optimizer,0.6779230750423533,0.996199207536719,0.675346430128048,0.1338806765911597,0.13011395656479086,0.5648442787644201,False,False,preserve_R
4,17,stress,future_reachability_optimizer,0.44228225869102855,1.0,0.44228225869102855,0.07939793553934371,0.0037441408893347378,0.5917701583275146,False,False,preserve_R
4,18,stress,future_reachability_optimizer,0.644689134050763,1.0,0.644689134050763,0.1707321446466336,0.10749027664055497,0.37547566865323867,False,False,preserve_R
4,19,stress,future_reachability_optimizer,0.4590861039150099,1.0,0.4590861039150099,0.1733895346730382,0.17707861097292094,0.47458473956946573,False,False,none
4,20,stress,future_reachability_optimizer,0.44686640447228804,0.9008542911028811,0.40256151801857637,0.14353385298933347,0.09460586068918977,0.46840155863566113,False,False,preserve_R
4,21,stress,future_reachability_optimizer,0.3771556720127373,1.0,0.3771556720127373,0.18709422294441058,0.1834972394541725,0.42764470020072903,False,False,none
4,22,stress,future_reachability_optimizer,0.5009801042383356,0.3805491469064991,0.1906475512850276,0.36979091544705317,0.4987666209225955,0.23618952422034667,True,False,repair_product
4,23,stress,future_reachability_optimizer,0.4539061599227162,1.0,0.4539061599227162,0.0661133892245665,0.0,0.6411942115643062,False,False,preserve_R
4,24,stress,future_reachability_optimizer,0.5622872115451283,1.0,0.5622872115451283,0.08517706635864358,0.03640449910268916,0.619402680418243,False,False,none
4,25,stress,future_reachability_optimizer,0.25267876214943225,0.5872244296016511,0.1483791419756516,0.4137406410499076,0.6715685361063046,0.256064177793701,True,False,repair_product
4,26,stress,future_reachability_optimizer,0.3695823562887677,1.0,0.3695823562887677,0.19018376875632476,0.20997028370425408,0.4566872460470493,False,False,none
4,27,stress,future_reachability_optimizer,0.6372482432236872,1.0,0.6372482432236872,0.21781538057052652,0.20842290735184765,0.33910551759656493,False,False,preserve_R
4,28,stress,future_reachability_optimizer,0.5697591163241428,0.9554596158137871,0.5443818263894683,0.21855458020801058,0.19903356619023138,0.3211590622678223,False,False,preserve_R
4,29,stress,future_reachability_optimizer,0.5900061305752664,1.0,0.5900061305752664,0.09766187149011732,0.044558693599774025,0.58029346699082,False,False,none
6,0,stress,future_reachability_optimizer,0.7704088564808704,1.0,0.7704088564808704,0.12668278922255355,0.06751593235182884,0.4957219377964226,False,False,none
6,1,stress,future_reachability_optimizer,0.3346512256614127,1.0,0.3346512256614127,0.15333215571926626,0.11064191263610941,0.4529657128435638,False,False,none
6,2,stress,future_reachability_optimizer,0.45316133557539884,1.0,0.45316133557539884,0.19345030484194986,0.2180197441887004,0.4558216581239845,False,False,none
6,3,stress,future_reachability_optimizer,0.6726174781091497,1.0,0.6726174781091497,0.12611233942281994,0.10842286552861773,0.5628681228252282,False,False,none
6,4,stress,future_reachability_optimizer,0.9425488441278944,1.0,0.9425488441278944,0.1001661953892771,0.0,0.4993075192113455,False,False,preserve_R
6,5,stress,future_reachability_optimizer,0.28602491905664146,0.9926476021721713,0.28392195006306453,0.17815676677944278,0.26085040643744567,0.5873599486116108,False,False,none
6,6,stress,future_reachability_optimizer,0.36723062500641074,0.9713650938181088,0.35671501051223486,0.17517375616676698,0.1257876285850208,0.3859397612314206,False,False,preserve_R
6,7,stress,future_reachability_optimizer,0.6817599750137766,1.0,0.6817599750137766,0.11498638425399424,0.05828599000949446,0.5298428831233902,False,False,none
6,8,stress,future_reachability_optimizer,0.3126826258249975,1.0,0.3126826258249975,0.15135071976863052,0.11983187469662532,0.4757724692336964,False,False,none
6,9,stress,future_reachability_optimizer,0.7755536658468412,1.0,0.7755536658468412,0.0834310316430498,0.07937926655880127,0.6947212068720613,False,False,none
6,10,stress,future_reachability_optimizer,0.5709410641983658,1.0,0.5709410641983658,0.07343980245111154,0.016727442626698154,0.6371526072793073,False,False,none
6,11,stress,future_reachability_optimizer,0.020390033599553034,0.899673223948856,0.018344367264935376,0.2604317288132584,0.3812618587578662,0.4351990729780449,True,False,repair_product
6,12,stress,future_reachability_optimizer,0.6025518808180895,1.0,0.6025518808180895,0.12255705443455517,0.05421851362873582,0.4918582531015186,False,False,preserve_R
6,13,stress,future_reachability_optimizer,0.7711801706406917,1.0,0.7711801706406917,0.11827236205638231,0.0,0.4238651580984071,False,False,none
6,14,stress,future_reachability_optimizer,0.5595298303195735,1.0,0.5595298303195735,0.1974726149780686,0.322527853505782,0.6045332056422024,False,False,preserve_R
6,15,stress,future_reachability_optimizer,0.9890918193818288,1.0,0.9890918193818288,0.10934339102343141,0.04747211763123728,0.5362333903184948,False,False,none
6,16,stress,future_reachability_optimizer,0.8031613432148055,1.0,0.8031613432148055,0.1615788569680527,0.18523925141332634,0.5367169107042137,False,False,none
6,17,stress,future_reachability_optimizer,0.14303378121034294,0.7261945498596116,0.10387035236076317,0.31017375501519884,0.5266748427128177,0.4581778550652994,True,False,repair_product
6,18,stress,future_reachability_optimizer,0.6191751905036615,1.0,0.6191751905036615,0.14809423383278048,0.11808305131862887,0.4865721902845771,False,False,none
6,19,stress,future_reachability_optimizer,0.4323107296665305,1.0,0.4323107296665305,0.11393542468719256,0.06569723163416455,0.5459563472241249,False,False,none
6,20,stress,future_reachability_optimizer,0.5458781407706218,1.0,0.5458781407706218,0.11480247091641951,0.049091335450500415,0.5160509856448777,False,False,none
6,21,stress,future_reachability_optimizer,0.3225159312935088,1.0,0.3225159312935088,0.15652926876081646,0.139194262910581,0.4848522964383513,False,False,none
6,22,stress,future_reachability_optimizer,0.5810582589363222,0.5931112496126525,0.3446321900554743,0.30700379304019265,0.36353819306237306,0.2130863346812881,False,False,preserve_R
6,23,stress,future_reachability_optimizer,0.36865670993483773,0.9668050684633784,0.35641917568803466,0.08931621661714254,0.05151821894078786,0.6260862774181536,False,False,none
6,24,stress,future_reachability_optimizer,0.611831015941139,1.0,0.611831015941139,0.07644503721499804,0.022473543233147267,0.6337287883899914,False,False,none
6,25,stress,future_reachability_optimizer,0.37706611577858834,0.6177491693112996,0.2329322797976613,0.36801680080025806,0.5407496864444279,0.23945033353593545,True,False,repair_product
6,26,stress,future_reachability_optimizer,0.44375012664120445,1.0,0.44375012664120445,0.12577881799444385,0.08193313587472728,0.5223157234914689,False,False,none
6,27,stress,future_reachability_optimizer,0.5865988685318139,1.0,0.5865988685318139,0.1787398486212579,0.14584028965828302,0.40283108937037343,False,False,none
6,28,stress,future_reachability_optimizer,0.5023486590493029,0.9905280467314028,0.4975904360262455,0.14954858796406417,0.07793408718015908,0.41694318818498444,False,False,none
6,29,stress,future_reachability_optimizer,0.6886754063500742,1.0,0.6886754063500742,0.10355584212105226,0.10047478039971158,0.6442690601284923,False,False,none
8,0,stress,future_reachability_optimizer,0.8610173279636587,1.0,0.8610173279636587,0.09736621557635897,0.012495262445013644,0.5307582673031093,False,False,none
8,1,stress,future_reachability_optimizer,0.45003831738868944,1.0,0.45003831738868944,0.13793548832923216,0.08440174822606342,0.4755715666527997,False,False,none
8,2,stress,future_reachability_optimizer,0.46036166625962033,1.0,0.46036166625962033,0.17462390297475983,0.16032615340574072,0.4429168138309236,False,False,none
8,3,stress,future_reachability_optimizer,0.6222493435624561,1.0,0.6222493435624561,0.12554723403636783,0.11942342511649355,0.5826402812829155,False,False,none
8,4,stress,future_reachability_optimizer,0.929376859981966,0.9767959698003301,0.90781157125607,0.09348752841779337,0.0,0.5271352982591944,False,False,none
8,5,stress,future_reachability_optimizer,0.33533506406067526,1.0,0.33533506406067526,0.14497888802553313,0.17738507729088732,0.5934476722708502,False,False,none
8,6,stress,future_reachability_optimizer,0.38229716548835646,1.0,0.38229716548835646,0.153305290317504,0.10494904240949761,0.4440639408254379,False,False,preserve_R
8,7,stress,future_reachability_optimizer,0.7333318485665081,1.0,0.7333318485665081,0.10864421623868314,0.062080160563689764,0.5622760198979957,False,False,none
8,8,stress,future_reachability_optimizer,0.14965023862879662,0.9281408070692152,0.13889649325903194,0.24983409930680472,0.3961108666449771,0.5028667917428609,True,False,none
8,9,stress,future_reachability_optimizer,0.8601087512845597,1.0,0.8601087512845597,0.06882801721279425,0.031001492019996874,0.6789689573116857,False,False,none
8,10,stress,future_reachability_optimizer,0.6498755740985163,1.0,0.6498755740985163,0.06,0.0,0.6910220197629838,False,False,none
8,11,stress,future_reachability_optimizer,0.06054012918130271,0.9193333887372983,0.05565656211484082,0.23843785861963002,0.32695321305358854,0.4408515097530569,True,False,repair_product
8,12,stress,future_reachability_optimizer,0.5346542511073197,0.988359087604866,0.5284303878084934,0.1321761799451621,0.07955706738785756,0.49189794025926564,False,False,none
8,13,stress,future_reachability_optimizer,0.8184383728652495,1.0,0.8184383728652495,0.10359072320616665,0.0,0.485038653307639,False,False,none
8,14,stress,future_reachability_optimizer,0.5198600801608214,1.0,0.5198600801608214,0.15639268092971548,0.2112009260233626,0.599431962329843,False,False,none
8,15,stress,future_reachability_optimizer,1.0,1.0,1.0,0.11399804543855707,0.0801969756118626,0.5686533553914614,False,False,none
8,16,stress,future_reachability_optimizer,0.7053178248963137,1.0,0.7053178248963137,0.20234371488623287,0.2554756863657011,0.47807102471972307,False,False,none
8,17,stress,future_reachability_optimizer,0.2893166579520464,0.7407269402323837,0.21430464280307848,0.2126080665432375,0.2994009050336349,0.5048511557064324,False,False,lower_floor
8,18,stress,future_reachability_optimizer,0.5911816910511746,1.0,0.5911816910511746,0.15804531310917463,0.15641913902742555,0.505808165505196,False,False,none
8,19,stress,future_reachability_optimizer,0.49301042341995294,1.0,0.49301042341995294,0.07745770642658725,0.0,0.5939262232225532,False,False,none
8,20,stress,future_reachability_optimizer,0.6555649852627786,1.0,0.6555649852627786,0.1284385486479858,0.11546279428676078,0.5643221382540972,False,False,none
8,21,stress,future_reachability_optimizer,0.3024088357737397,1.0,0.3024088357737397,0.13239478235672736,0.09842635928654504,0.5208634757173324,False,False,none
8,22,stress,future_reachability_optimizer,0.5111853821646374,0.8103486794151004,0.4142383993734173,0.23557196312502815,0.23826510955940827,0.31236991044811263,False,False,preserve_R
8,23,stress,future_reachability_optimizer,0.41899710850706784,1.0,0.41899710850706784,0.06,0.0,0.7182039387323104,False,False,none
8,24,stress,future_reachability_optimizer,0.6240501180684626,1.0,0.6240501180684626,0.06316035247135737,0.006011697538365517,0.6630170524717564,False,False,none
8,25,stress,future_reachability_optimizer,0.32170509498860245,0.9052101351309816,0.29121071250695807,0.3002697094132888,0.3929554053705379,0.2877222692813151,True,False,preserve_R
8,26,stress,future_reachability_optimizer,0.3634134173935877,1.0,0.3634134173935877,0.0941426892956822,0.014779442898765427,0.5478062458577028,False,False,none
8,27,stress,future_reachability_optimizer,0.6575909273801266,1.0,0.6575909273801266,0.1217295369358651,0.0370199083948914,0.46807511772580673,False,False,preserve_R
8,28,stress,future_reachability_optimizer,0.5171212531796987,1.0,0.5171212531796987,0.11066773961235668,0.04274558595991127,0.5232315960517067,False,False,none
8,29,stress,future_reachability_optimizer,0.7543533036477957,1.0,0.7543533036477957,0.13055878532172854,0.1647385956599144,0.6335078376209956,False,False,preserve_R
10,0,stress,future_reachability_optimizer,0.833446482750963,1.0,0.833446482750963,0.09181424577561917,0.017753740788889777,0.5622173988506622,False,False,none
10,1,stress,future_reachability_optimizer,0.46415194323240994,0.9831729810615931,0.45634164969333985,0.16234524036207942,0.14850438149224743,0.4753601025207275,False,False,none
10,2,stress,future_reachability_optimizer,0.42830530179897786,0.9956980111145618,0.4264627371510644,0.15346192439773096,0.13698957013117283,0.4941421343838113,False,False,none
10,3,stress,future_reachability_optimizer,0.6105122632582013,1.0,0.6105122632582013,0.1053938370236277,0.07795191763684545,0.6009495486598899,False,False,none
10,4,stress,future_reachability_optimizer,0.9208286315729051,1.0,0.9208286315729051,0.11860584081260214,0.09139958062732614,0.5671916659407575,False,False,none
10,5,stress,future_reachability_optimizer,0.42765834620178966,1.0,0.42765834620178966,0.0921631486436568,0.04216260437177604,0.5994110042400755,False,False,preserve_R
10,6,stress,future_reachability_optimizer,0.47002367243972426,1.0,0.47002367243972426,0.1192743999698341,0.033879806612906294,0.4733330272627929,False,False,none
10,7,stress,future_reachability_optimizer,0.8367674673121163,1.0,0.8367674673121163,0.07942066689927404,0.014017804474793664,0.6079420783381148,False,False,none
10,8,stress,future_reachability_optimizer,0.0,0.8730921734389734,0.0,0.19820838700068946,0.31827137349280255,0.5947280621940646,True,False,lower_floor
10,9,stress,future_reachability_optimizer,0.8487717551205332,1.0,0.8487717551205332,0.08723004073656995,0.07494458125869805,0.6718704172572304,False,False,none
10,10,stress,future_reachability_optimizer,0.6078948618205844,1.0,0.6078948618205844,0.06,0.013810360634031921,0.7071322860575833,False,False,none
10,11,stress,future_reachability_optimizer,0.1409416027922444,0.9020525758337368,0.12713673584087945,0.18126941364877883,0.23306545716456167,0.530397750307311,True,False,lower_floor
10,12,stress,future_reachability_optimizer,0.6338425439245808,1.0,0.6338425439245808,0.09245068344576815,0.011894170662517127,0.5502879225249515,False,False,none
10,13,stress,future_reachability_optimizer,0.8802177850823768,1.0,0.8802177850823768,0.11590041131522336,0.0698827455849818,0.5443959666961239,False,False,none
10,14,stress,future_reachability_optimizer,0.5423750106493797,1.0,0.5423750106493797,0.16847718760049554,0.23370807617015735,0.5847161722673512,False,False,none
10,15,stress,future_reachability_optimizer,1.0,1.0,1.0,0.08156745103244661,0.019839231150075597,0.6082144033524255,False,False,preserve_R
10,16,stress,future_reachability_optimizer,0.7714454469742831,0.9792732462591838,0.7554558871703733,0.1701015044724043,0.15933948566884756,0.4601979170073242,False,False,none
10,17,stress,future_reachability_optimizer,0.3157244714460508,0.879537215561743,0.27769142250036255,0.13410555263498222,0.15441346786318288,0.6023815214709471,False,False,preserve_R
10,18,stress,future_reachability_optimizer,0.5901603365055912,1.0,0.5901603365055912,0.14056182112749682,0.12913280155780632,0.5354526811019565,False,False,none
10,19,stress,future_reachability_optimizer,0.4732061696615458,1.0,0.4732061696615458,0.08720943650275095,0.03859377685205756,0.6144008279209622,False,False,none
10,20,stress,future_reachability_optimizer,0.6405382138307786,1.0,0.6405382138307786,0.0993141711719073,0.0368614951337042,0.5612216540787514,False,False,preserve_R
10,21,stress,future_reachability_optimizer,0.16037350526819086,0.9253439806260173,0.1484006577518153,0.1330719259207656,0.1341194026171925,0.5745560294740315,False,False,lower_floor
10,22,stress,future_reachability_optimizer,0.4795421167863237,1.0,0.4795421167863237,0.16346189080783627,0.12544711849879503,0.4342000592571078,False,False,preserve_R
10,23,stress,future_reachability_optimizer,0.4586544634696347,1.0,0.4586544634696347,0.06243856084772231,0.05958245837260536,0.7508448888911156,False,False,none
10,24,stress,future_reachability_optimizer,0.7830673042380237,1.0,0.7830673042380237,0.08003372428535022,0.0339942367630277,0.6370170236858347,False,False,none
10,25,stress,future_reachability_optimizer,0.30817472563286885,1.0,0.30817472563286885,0.21095845881249742,0.2433409621202068,0.42296294497158843,False,False,preserve_R
10,26,stress,future_reachability_optimizer,0.39603490011412273,1.0,0.39603490011412273,0.0992456484718911,0.014092841501995234,0.5254567970786129,False,False,none
10,27,stress,future_reachability_optimizer,0.7062629535183932,1.0,0.7062629535183932,0.09372582092967147,0.0,0.5261424127930355,False,False,none
10,28,stress,future_reachability_optimizer,0.6682782179872374,1.0,0.6682782179872374,0.1032728549849273,0.043104056517827324,0.5546111937160295,False,False,none
10,29,stress,future_reachability_optimizer,0.8191158224998774,0.9839844013312498,0.8059971922234961,0.10429841328362299,0.10296283555606348,0.6451144342820047,False,False,none
12,0,stress,future_reachability_optimizer,0.9461995904172321,1.0,0.9461995904172321,0.07239935173096165,0.0,0.6150027011209931,False,False,none
12,1,stress,future_reachability_optimizer,0.5692916518943666,1.0,0.5692916518943666,0.1761561491127746,0.16798163303523872,0.44865363100256717,False,False,none
12,2,stress,future_reachability_optimizer,0.5032867541822554,1.0,0.5032867541822554,0.114512327022882,0.06257445212232532,0.5386081865983402,False,False,none
12,3,stress,future_reachability_optimizer,0.543958909100879,0.9915661504244875,0.5393712414862623,0.06807615537996736,0.001170249998714623,0.6348689150814342,False,False,none
12,4,stress,future_reachability_optimizer,0.791908524913981,1.0,0.791908524913981,0.15235341297673563,0.1770466678689238,0.5621846700560643,False,False,preserve_R
12,5,stress,future_reachability_optimizer,0.4813066288587533,1.0,0.4813066288587533,0.09347275687424517,0.06108499425787288,0.6239147539322772,False,False,none
12,6,stress,future_reachability_optimizer,0.5551007325234177,1.0,0.5551007325234177,0.09118034765537827,0.0,0.5367485514359239,False,False,none
12,7,stress,future_reachability_optimizer,0.9405560243804416,1.0,0.9405560243804416,0.06,0.0,0.6864394637753387,False,False,none
12,8,stress,future_reachability_optimizer,0.2102996570361322,0.9050134601778719,0.19032402028848974,0.13026401539266247,0.1488777595988259,0.6096230552287141,False,False,lower_floor
12,9,stress,future_reachability_optimizer,0.8825733469916894,0.9936801591271042,0.8769956238800429,0.1440617448403981,0.22199098304053086,0.6678951196458486,False,False,preserve_R
12,10,stress,future_reachability_optimizer,0.6297410362068475,1.0,0.6297410362068475,0.09857561499663495,0.10961610678650091,0.6794937732593141,False,False,none
12,11,stress,future_reachability_optimizer,0.12495441206120902,0.9125765171229071,0.1140304621579587,0.0724264324761407,0.039906679831197715,0.6780754410821435,False,False,lower_floor
12,12,stress,future_reachability_optimizer,0.7068601089199614,1.0,0.7068601089199614,0.07088368732616737,0.0,0.6213179694743026,False,False,none
12,13,stress,future_reachability_optimizer,0.9479081796237164,1.0,0.9479081796237164,0.14559957473419596,0.14501052759010424,0.5396017739585152,False,False,none
12,14,stress,future_reachability_optimizer,0.5902070827690916,1.0,0.5902070827690916,0.13741442554594413,0.15836040308234817,0.5948438651056175,False,False,none
12,15,stress,future_reachability_optimizer,0.9508854301694385,1.0,0.9508854301694385,0.08204190219287133,0.013943764332119676,0.5969030343888924,False,False,none
12,16,stress,future_reachability_optimizer,0.8000053557649284,1.0,0.8000053557649284,0.10921768640015403,0.05055330675398806,0.5416357090265059,False,False,none
12,17,stress,future_reachability_optimizer,0.3800787498401292,1.0,0.3800787498401292,0.12990217875456803,0.14398218824773712,0.6033793865815504,False,False,none
12,18,stress,future_reachability_optimizer,0.7845304997879102,1.0,0.7845304997879102,0.16007869162321933,0.1847043182064592,0.5421206220634799,False,False,none
12,19,stress,future_reachability_optimizer,0.5132004764362916,1.0,0.5132004764362916,0.06489814502433949,0.0,0.6462577290652521,False,False,none
12,20,stress,future_reachability_optimizer,0.5490755901566289,1.0,0.5490755901566289,0.09857096836460366,0.06834365697586246,0.6141650886926003,False,False,none
12,21,stress,future_reachability_optimizer,0.2308591219257835,1.0,0.2308591219257835,0.06078088003356988,0.018476185843391543,0.6926669607788288,False,False,preserve_R
12,22,stress,future_reachability_optimizer,0.476360771835599,1.0,0.476360771835599,0.1438843563191656,0.10088770097316024,0.4768873752109804,False,False,none
12,23,stress,future_reachability_optimizer,0.4577334069560896,1.0,0.4577334069560896,0.06862975281665448,0.07322223612381838,0.7466445704599854,False,False,none
12,24,stress,future_reachability_optimizer,0.8829394122614556,1.0,0.8829394122614556,0.07077834161127108,0.012952141339437746,0.6422644670738136,False,False,none
12,25,stress,future_reachability_optimizer,0.31905070185600626,0.9893513466879212,0.31565324154296626,0.19910790793825706,0.23020024598745373,0.45153410640406405,False,False,none
12,26,stress,future_reachability_optimizer,0.462206485855179,0.9718717560975552,0.4492054290877526,0.08576855574099901,0.0,0.5592976844125042,False,False,none
12,27,stress,future_reachability_optimizer,0.7317862936613602,1.0,0.7317862936613602,0.08039681055795722,0.0,0.5816799560085116,False,False,preserve_R
12,28,stress,future_reachability_optimizer,0.7498112606962029,1.0,0.7498112606962029,0.08593736264615331,0.0,0.5585943223076946,False,False,none
12,29,stress,future_reachability_optimizer,0.8808887273391001,1.0,0.8808887273391001,0.10524453889951987,0.08276740995857555,0.6091961536864119,False,False,none
14,0,stress,future_reachability_optimizer,0.9776279720098161,1.0,0.9776279720098161,0.06415200085563849,0.0,0.6493666631015064,False,False,none
14,1,stress,future_reachability_optimizer,0.6084309312979689,1.0,0.6084309312979689,0.1438998284929545,0.08220915725780158,0.44724854693754224,False,False,preserve_R
14,2,stress,future_reachability_optimizer,0.6663121410787916,1.0,0.6663121410787916,0.08641150357987498,0.013445692159964773,0.5779077476704652,False,False,none
14,3,stress,future_reachability_optimizer,0.6186209228722358,0.991398741414879,0.6133000043484456,0.07037774531751936,0.03128536344632462,0.6729612199670166,False,False,none
14,4,stress,future_reachability_optimizer,0.7503023856078301,1.0,0.7503023856078301,0.16833378580898542,0.2091296986260108,0.5463979152870778,False,False,preserve_R
14,5,stress,future_reachability_optimizer,0.525919974778948,1.0,0.525919974778948,0.06358870208052222,0.0,0.6517137413311574,False,False,none
14,6,stress,future_reachability_optimizer,0.6943673592782806,1.0,0.6943673592782806,0.0885139068449742,0.010404639275425405,0.5643327336653644,False,False,none
14,7,stress,future_reachability_optimizer,0.9923654686824015,1.0,0.9923654686824015,0.06,0.0,0.684476992683471,False,False,preserve_R
14,8,stress,future_reachability_optimizer,0.2620033145033645,1.0,0.2620033145033645,0.12425496407709474,0.11208016012407626,0.5763979032085593,False,False,none
14,9,stress,future_reachability_optimizer,1.0,1.0,1.0,0.10079290099885507,0.11062350302843679,0.6718501256331287,False,False,none
14,10,stress,future_reachability_optimizer,0.7758534142786675,1.0,0.7758534142786675,0.09436921503742463,0.10659625807921651,0.6922390126361568,False,False,none
14,11,stress,future_reachability_optimizer,0.18073782834741228,1.0,0.18073782834741228,0.07177501895305716,0.007740002913841013,0.6298590923091768,False,False,none
14,12,stress,future_reachability_optimizer,0.7989281519162144,1.0,0.7989281519162144,0.06822487414229508,0.0005364210664045022,0.6332456910955776,False,False,none
14,13,stress,future_reachability_optimizer,0.8326976219309155,0.8769112675741009,0.7302019271533785,0.2262275714541848,0.3573639382667203,0.5398780211965374,False,False,preserve_R
14,14,stress,future_reachability_optimizer,0.6773967250015703,1.0,0.6773967250015703,0.12018044961988864,0.10575336594793665,0.5833576226680304,False,False,none
14,15,stress,future_reachability_optimizer,0.676814129492987,1.0,0.676814129492987,0.1460187307765793,0.21634260875800618,0.6507977522977627,False,False,preserve_R
14,16,stress,future_reachability_optimizer,0.946604958601721,1.0,0.946604958601721,0.10071007745158703,0.046059453709254905,0.5699688123247078,False,False,none
14,17,stress,future_reachability_optimizer,0.3851429194048519,0.99475802486314,0.383124009797194,0.19301760502182658,0.2983659585748367,0.5848394134858808,False,False,preserve_R
14,18,stress,future_reachability_optimizer,0.8608204727164485,1.0,0.8608204727164485,0.14223542429114827,0.15173457903330403,0.5642654822562803,False,False,preserve_R
14,19,stress,future_reachability_optimizer,0.5888866354394215,0.9889875173737702,0.582401531597826,0.06100184615437082,0.0,0.6624923076901216,False,False,none
14,20,stress,future_reachability_optimizer,0.48270140095032704,1.0,0.48270140095032704,0.08878194272676176,0.03473319009761383,0.6017361229597146,False,False,none
14,21,stress,future_reachability_optimizer,0.31217437573680573,0.9927547737223187,0.30991260174649865,0.06652329209954078,0.030527567701187426,0.6878215984454603,False,False,none
14,22,stress,future_reachability_optimizer,0.574318061415074,1.0,0.574318061415074,0.1132963423563243,0.055618445594251324,0.53266111237288,False,False,none
14,23,stress,future_reachability_optimizer,0.5323191515991069,1.0,0.5323191515991069,0.07270452038528871,0.05980053583641551,0.7084153468022882,False,False,none
14,24,stress,future_reachability_optimizer,0.9806064310287435,1.0,0.9806064310287435,0.06742938643352339,0.0,0.6357108898603192,False,False,none
14,25,stress,future_reachability_optimizer,0.3246181485151138,1.0,0.3246181485151138,0.1798641961751853,0.20434392818883432,0.4907770689023823,False,False,none
14,26,stress,future_reachability_optimizer,0.582431701037799,1.0,0.582431701037799,0.07604702022339285,0.024494452703075237,0.6385869658490656,False,False,none
14,27,stress,future_reachability_optimizer,0.8328118675950351,1.0,0.8328118675950351,0.06927171287417291,0.0,0.6280345296909462,False,False,none
14,28,stress,future_reachability_optimizer,0.7542109243534431,1.0,0.7542109243534431,0.06866042660847879,0.0,0.630581555798005,False,False,none
14,29,stress,future_reachability_optimizer,0.8283227858614772,1.0,0.8283227858614772,0.07578842435427985,0.017467908063077853,0.6285390862903739,False,False,none
16,0,stress,future_reachability_optimizer,0.9251164627995556,1.0,0.9251164627995556,0.06981277945314635,0.03828119798557467,0.6863919824223835,False,False,preserve_R
16,1,stress,future_reachability_optimizer,0.6609144548810729,1.0,0.6609144548810729,0.13486252580528524,0.05740828638005961,0.44563592924640594,False,False,none
16,2,stress,future_reachability_optimizer,0.716515048058959,1.0,0.716515048058959,0.07398463757316123,0.0,0.6083973434451616,False,False,none
16,3,stress,future_reachability_optimizer,0.6848361042993691,1.0,0.6848361042993691,0.10715882258030293,0.10143888579393731,0.6307831417558052,False,False,none
16,4,stress,future_reachability_optimizer,0.8016184783536499,0.9706740654357041,0.7781102673119202,0.16524869559367114,0.2097393183863234,0.5602176891380489,False,False,none
16,5,stress,future_reachability_optimizer,0.6081669368876936,1.0,0.6081669368876936,0.09216734195792547,0.07656838802191228,0.653869356210005,False,False,none
16,6,stress,future_reachability_optimizer,0.7844624664592098,1.0,0.7844624664592098,0.0890705154692886,0.0329554311264187,0.5977189514947938,False,False,none
16,7,stress,future_reachability_optimizer,1.0,1.0,1.0,0.09444941414232019,0.05865271702143285,0.6159942430242679,False,False,none
16,8,stress,future_reachability_optimizer,0.32981847358634814,1.0,0.32981847358634814,0.11573936873799062,0.0923014845031724,0.580563314055062,False,False,none
16,9,stress,future_reachability_optimizer,1.0,1.0,1.0,0.09056388896141698,0.10226833020273375,0.7012419854817578,False,False,preserve_R
16,10,stress,future_reachability_optimizer,0.864493934276215,1.0,0.864493934276215,0.11086342848336309,0.1028149504722767,0.6175260529004254,False,False,preserve_R
16,11,stress,future_reachability_optimizer,0.23106480034372096,1.0,0.23106480034372096,0.07454351713306201,0.005343637696163802,0.6145294382978344,False,False,none
16,12,stress,future_reachability_optimizer,0.8149377307761522,1.0,0.8149377307761522,0.0724356407141494,0.013157291987204566,0.635683876004118,False,False,none
16,13,stress,future_reachability_optimizer,0.6909099398450061,0.97280519109025,0.6721207760570743,0.2335300268089899,0.3523729515477373,0.5015487282464594,False,False,preserve_R
16,14,stress,future_reachability_optimizer,0.6586282492791803,1.0,0.6586282492791803,0.12839853688387606,0.10400472761709267,0.5463469150442464,False,False,none
16,15,stress,future_reachability_optimizer,0.6905025396050831,1.0,0.6905025396050831,0.1742965519720418,0.24037605440384036,0.571026452922573,False,False,none
16,16,stress,future_reachability_optimizer,1.0,1.0,1.0,0.08900536720324359,0.043135868983191245,0.6141094292098712,False,False,none
16,17,stress,future_reachability_optimizer,0.4949475829604302,0.9975276703724827,0.493723909387009,0.1794888860113275,0.2737180156385726,0.6021831663805421,False,False,none
16,18,stress,future_reachability_optimizer,0.8422675576980333,0.961456769302499,0.8098038449126573,0.1371538581133229,0.1366619467631297,0.5615736735694433,False,False,none
16,19,stress,future_reachability_optimizer,0.803206958311669,1.0,0.803206958311669,0.07541102353365259,0.007295111156876221,0.614004661274835,False,False,none
16,20,stress,future_reachability_optimizer,0.5508921012643229,1.0,0.5508921012643229,0.0930369489842165,0.06717275056545849,0.6353695676277406,False,False,none
16,21,stress,future_reachability_optimizer,0.4138649042424516,1.0,0.4138649042424516,0.07351150350489313,0.04525598478091401,0.6820240446327258,False,False,none
16,22,stress,future_reachability_optimizer,0.6256493364675906,1.0,0.6256493364675906,0.07920146604604192,0.0008299680250306134,0.5879746741811238,False,False,none
16,23,stress,future_reachability_optimizer,0.5990488023410141,1.0,0.5990488023410141,0.07926209197387996,0.027820606458374468,0.6304572436679264,False,False,none
16,24,stress,future_reachability_optimizer,1.0,1.0,1.0,0.06323785811052252,0.0,0.6531755912061562,False,False,none
16,25,stress,future_reachability_optimizer,0.3397806820770206,1.0,0.3397806820770206,0.143986837521342,0.14029001639086497,0.538847369613278,False,False,none
16,26,stress,future_reachability_optimizer,0.7379915255231628,1.0,0.7379915255231628,0.08240933176568546,0.017905509403569234,0.6016448408652952,False,False,preserve_R
16,27,stress,future_reachability_optimizer,0.9098551235698822,1.0,0.9098551235698822,0.10103673173246028,0.08015830226720838,0.6225975963711621,False,False,none
16,28,stress,future_reachability_optimizer,0.9089917254490524,1.0,0.9089917254490524,0.08399038257952648,0.03178915278148168,0.617039564489319,False,False,none
16,29,stress,future_reachability_optimizer,0.9988077735442628,1.0,0.9988077735442628,0.07069616490391836,0.02061697359686935,0.6547428544287166,False,False,none
18,0,stress,future_reachability_optimizer,0.8814602649257527,0.9777162616708992,0.8618180350346474,0.0705493375230122,0.04276135420919272,0.6904165711520043,False,False,none
18,1,stress,future_reachability_optimizer,0.6401538677021091,1.0,0.6401538677021091,0.13437782453091945,0.07896551964260877,0.481787803888633,False,False,none
18,2,stress,future_reachability_optimizer,0.4729811241046357,1.0,0.4729811241046357,0.12842920276212835,0.1456046626571868,0.6120857043650111,False,False,preserve_R
18,3,stress,future_reachability_optimizer,0.741669419491213,1.0,0.741669419491213,0.07023201987073788,0.00566117255209337,0.6329967737460734,False,False,preserve_R
18,4,stress,future_reachability_optimizer,0.9227809764154883,1.0,0.9227809764154883,0.12393192740117001,0.11328500977845088,0.5796515679776723,False,False,none
18,5,stress,future_reachability_optimizer,0.6376701440971138,1.0,0.6376701440971138,0.09514455814548628,0.08625684085299948,0.6568043390777231,False,False,none
18,6,stress,future_reachability_optimizer,0.855630807438251,0.9848750153500159,0.842689404609694,0.06930253478931889,0.011978147677218148,0.6468715055334334,False,False,none
18,7,stress,future_reachability_optimizer,1.0,0.9604460742997789,0.9604460742997789,0.08168874795034395,0.017419678779412265,0.6038780416076363,False,False,none
18,8,stress,future_reachability_optimizer,0.34328026498120756,0.9754759972853958,0.3348616588309384,0.09387141575356045,0.04634903513344714,0.5989217399881228,False,False,none
18,9,stress,future_reachability_optimizer,1.0,0.9918342466290948,0.9918342466290948,0.13868389919946586,0.19168868131423109,0.6423241654164248,False,False,none
18,10,stress,future_reachability_optimizer,0.8891215607350006,1.0,0.8891215607350006,0.09577343296310944,0.03183098944678449,0.5680097626111194,False,False,none
18,11,stress,future_reachability_optimizer,0.288542901394423,0.9983740485168616,0.2880737446359517,0.0826940844555819,0.03271458947219369,0.6239060814327154,False,False,none
18,12,stress,future_reachability_optimizer,0.9259938500488928,0.993353564779781,0.9198392919102216,0.07573466056625844,0.010833058843350013,0.6182579241425608,False,False,none
18,13,stress,future_reachability_optimizer,0.7742878007319419,1.0,0.7742878007319419,0.15621382475424736,0.1841187889362773,0.5572971460064083,False,False,preserve_R
18,14,stress,future_reachability_optimizer,0.674409873491995,1.0,0.674409873491995,0.10311938390838232,0.05999628124184074,0.5819966790146548,False,False,none
18,15,stress,future_reachability_optimizer,0.692334641166982,1.0,0.692334641166982,0.13360273099220912,0.1486724581747206,0.5953866796424363,False,False,none
18,16,stress,future_reachability_optimizer,0.9579796588790184,1.0,0.9579796588790184,0.0956737161723874,0.07461984234933823,0.636174266334838,False,False,none
18,17,stress,future_reachability_optimizer,0.5203353028010214,0.9924284348528827,0.5163955501575184,0.14811190884977257,0.19035993803551526,0.6009369483488469,False,False,none
18,18,stress,future_reachability_optimizer,0.9143662474377465,0.9901078510758032,0.9053212003468334,0.1371995694820643,0.1517654317947388,0.5852970608330686,False,False,none
18,19,stress,future_reachability_optimizer,0.9552764014259396,1.0,0.9552764014259396,0.07425517719190908,0.006965311177329675,0.6182985043978175,False,False,none
18,20,stress,future_reachability_optimizer,0.5940559568552365,1.0,0.5940559568552365,0.0922574995797319,0.058749574847921905,0.62528057859366,False,False,none
18,21,stress,future_reachability_optimizer,0.48659017558551476,1.0,0.48659017558551476,0.07029140864637698,0.032963164134746724,0.6759774738534449,False,False,none
18,22,stress,future_reachability_optimizer,0.734827488510277,1.0,0.734827488510277,0.08155225502372893,0.020750688158558798,0.6097208603188476,False,False,none
18,23,stress,future_reachability_optimizer,0.6082872231729024,1.0,0.6082872231729024,0.08469816662711607,0.036612973287159206,0.6217281800916851,False,False,none
18,24,stress,future_reachability_optimizer,0.9907767007136351,1.0,0.9907767007136351,0.06,0.00564483567489309,0.689066211783853,False,False,none
18,25,stress,future_reachability_optimizer,0.3883042527812289,1.0,0.3883042527812289,0.13738177721093733,0.13126087557215227,0.5520723146103356,False,False,none
18,26,stress,future_reachability_optimizer,0.5822825624830483,1.0,0.5822825624830483,0.1560236525593419,0.1988495910372732,0.5814133001450914,False,False,preserve_R
18,27,stress,future_reachability_optimizer,0.8885220591129447,1.0,0.8885220591129447,0.14969393794253133,0.20069681355066457,0.610711880028005,False,False,preserve_R
18,28,stress,future_reachability_optimizer,1.0,1.0,1.0,0.06283160289539233,0.0,0.6548683212691987,False,False,none
18,29,stress,future_reachability_optimizer,1.0,1.0,1.0,0.07536366996675767,0.033367471815862484,0.6554832055136254,False,False,none
20,0,stress,future_reachability_optimizer,0.9163350921829495,1.0,0.9163350921829495,0.06,0.006394393270021573,0.6819660185763302,False,False,none
20,1,stress,future_reachability_optimizer,0.6694215282215331,1.0,0.6694215282215331,0.15401506826293432,0.13396841382188293,0.4870538707890883,False,False,none
20,2,stress,future_reachability_optimizer,0.6425670142106973,1.0,0.6425670142106973,0.10148220194453375,0.065517224046032,0.5975597633039934,False,False,none
20,3,stress,future_reachability_optimizer,0.8039569538639812,1.0,0.8039569538639812,0.07827106163999151,0.0,0.5905372431667021,False,False,none
20,4,stress,future_reachability_optimizer,1.0,1.0,1.0,0.12295595228219916,0.1120265184816574,0.5817255197534611,False,False,none
20,5,stress,future_reachability_optimizer,0.8336257275957266,0.9971702734999961,0.8312667947832639,0.08091133845479714,0.0354477307447003,0.6356616634507873,False,False,none
20,6,stress,future_reachability_optimizer,0.8809851233806705,1.0,0.8809851233806705,0.07347316334109477,0.0,0.6105284860787719,False,False,none
20,7,stress,future_reachability_optimizer,1.0,1.0,1.0,0.06376755058209183,0.0,0.6509685392412841,False,False,none
20,8,stress,future_reachability_optimizer,0.44701315766540467,1.0,0.44701315766540467,0.07191390412416238,0.0,0.6170253994826568,False,False,none
20,9,stress,future_reachability_optimizer,1.0,1.0,1.0,0.12270476829181018,0.13825242881983862,0.6242964777488688,False,False,none
20,10,stress,future_reachability_optimizer,1.0,0.9972862590819,0.9972862590819,0.0780751967600889,0.0,0.5913533468329629,False,False,none
20,11,stress,future_reachability_optimizer,0.2238198222340088,1.0,0.2238198222340088,0.08117850736296622,0.03818108799505388,0.6388762753131427,False,False,preserve_R
20,12,stress,future_reachability_optimizer,0.9724318813475555,0.967169728354662,0.9405066785263282,0.07033462515391714,0.0,0.6236057285253452,False,False,none
20,13,stress,future_reachability_optimizer,0.7127540493976628,1.0,0.7127540493976628,0.13208673219436848,0.14447446579611448,0.5950565200339792,False,False,none
20,14,stress,future_reachability_optimizer,0.8525774073936625,1.0,0.8525774073936625,0.08849658203657845,0.03769186490325241,0.6076096942777394,False,False,none
20,15,stress,future_reachability_optimizer,0.8107682017928945,0.996355417859165,0.8078132904842833,0.09181898229811597,0.06841139976698335,0.6424056233889072,False,False,none
20,16,stress,future_reachability_optimizer,0.8594921483061775,1.0,0.8594921483061775,0.07390541452770297,0.02134357307030781,0.6425214301625584,False,False,none
20,17,stress,future_reachability_optimizer,0.5384587446765696,1.0,0.5384587446765696,0.11949411033583326,0.12051697932945755,0.6095930908723359,False,False,none
20,18,stress,future_reachability_optimizer,1.0,1.0,1.0,0.13283649262928784,0.14527039915372464,0.5931927460380313,False,False,none
20,19,stress,future_reachability_optimizer,1.0,1.0,1.0,0.07359943736424673,0.0,0.6100023443156386,False,False,none
20,20,stress,future_reachability_optimizer,0.6590580259638197,1.0,0.6590580259638197,0.06667697909240677,0.0,0.6388459204483051,False,False,none
20,21,stress,future_reachability_optimizer,0.5950453129554228,1.0,0.5950453129554228,0.06,0.007417090239976446,0.6893729556532212,False,False,none
20,22,stress,future_reachability_optimizer,0.7147226394178354,1.0,0.7147226394178354,0.1022465838519751,0.08607921640433645,0.6269313265903033,False,False,none
20,23,stress,future_reachability_optimizer,0.5582180572026769,1.0,0.5582180572026769,0.07663979569704199,0.029019933149955667,0.6432824120830881,False,False,none
20,24,stress,future_reachability_optimizer,0.9846376060401374,1.0,0.9846376060401374,0.07426684939478947,0.023496528105675676,0.6444242970223637,False,False,none
20,25,stress,future_reachability_optimizer,0.40080267379980994,1.0,0.40080267379980994,0.16954882301091773,0.2330825791455176,0.5792606544349125,False,False,none
20,26,stress,future_reachability_optimizer,0.6262911826318722,0.9932028438094509,0.6220341836427596,0.13767213532806427,0.13297647867931656,0.5535788607086501,False,False,none
20,27,stress,future_reachability_optimizer,0.8985015415007379,1.0,0.8985015415007379,0.12489916850048821,0.11145749860198229,0.5727278373677712,False,False,none
20,28,stress,future_reachability_optimizer,1.0,1.0,1.0,0.08434359852401299,0.044514343225955655,0.6357160495910423,False,False,none
20,29,stress,future_reachability_optimizer,1.0,1.0,1.0,0.0701453845442018,0.0,0.6243942310658258,False,False,none
22,0,stress,future_reachability_optimizer,0.7715114496347866,0.9865643887849298,0.7611457217495183,0.14103220024598204,0.21902446355818156,0.6758212329421959,False,False,none
22,1,stress,future_reachability_optimizer,0.7718843860403918,1.0,0.7718843860403918,0.15159712162286573,0.15722167501168033,0.5339463120065533,False,False,none
22,2,stress,future_reachability_optimizer,0.7531901455327522,1.0,0.7531901455327522,0.10651046448477453,0.08918694516349955,0.6140857278223139,False,False,none
22,3,stress,future_reachability_optimizer,0.8634969461371174,1.0,0.8634969461371174,0.0789253063227437,0.012715503577783293,0.6079441043200581,False,False,preserve_R
22,4,stress,future_reachability_optimizer,0.9372976271702418,0.9868815753911668,0.9250017589121707,0.10814078941410393,0.0946102360099478,0.6158795844569844,False,False,none
22,5,stress,future_reachability_optimizer,0.7680679291942892,1.0,0.7680679291942892,0.09918384329337884,0.08493830348877754,0.6378863001348192,False,False,none
22,6,stress,future_reachability_optimizer,0.7792291506586064,1.0,0.7792291506586064,0.11884790968279846,0.11299101540872222,0.60036948405215,False,False,none
22,7,stress,future_reachability_optimizer,1.0,1.0,1.0,0.06766240561645803,0.0020909840175603444,0.6380507012925621,False,False,none
22,8,stress,future_reachability_optimizer,0.4233726134053176,1.0,0.4233726134053176,0.07435895227860376,0.0,0.6068376988391511,False,False,none
22,9,stress,future_reachability_optimizer,0.9982694279774234,1.0,0.9982694279774234,0.0904840881842,0.04142133003355172,0.6052334051189568,False,False,none
22,10,stress,future_reachability_optimizer,1.0,1.0,1.0,0.06615826263007987,0.0,0.6410072390413339,False,False,preserve_R
22,11,stress,future_reachability_optimizer,0.2686996913382488,1.0,0.2686996913382488,0.08377473722256767,0.05243885104208616,0.6506334423892712,False,False,none
22,12,stress,future_reachability_optimizer,0.9677385222267502,1.0,0.9677385222267502,0.07624977156606491,0.0,0.5989592851413962,False,False,none
22,13,stress,future_reachability_optimizer,0.679790625415811,1.0,0.679790625415811,0.11971119121726387,0.13235605494775174,0.6274337902620074,False,False,none
22,14,stress,future_reachability_optimizer,1.0,1.0,1.0,0.08901377912451292,0.07292858738555487,0.6612461836749913,False,False,preserve_R
22,15,stress,future_reachability_optimizer,0.8366435109064172,1.0,0.8366435109064172,0.08231255711469371,0.05746512075080409,0.6646841198775494,False,False,none
22,16,stress,future_reachability_optimizer,0.9320914307440273,0.9648320111274978,0.8993116496794668,0.1086949684581682,0.1199265127117186,0.6536546098845204,False,False,none
22,17,stress,future_reachability_optimizer,0.5862580209323195,1.0,0.5862580209323195,0.11523333078569625,0.10265804372403994,0.5990696909559957,False,False,none
22,18,stress,future_reachability_optimizer,0.9887308392739549,1.0,0.9887308392739549,0.12082460829744826,0.09685641385955598,0.5665867873715961,False,False,none
22,19,stress,future_reachability_optimizer,0.9675685566041509,1.0,0.9675685566041509,0.07031432766474774,0.0009520509824816339,0.6251977154524804,False,False,none
22,20,stress,future_reachability_optimizer,0.3174600956216323,0.8299351573496861,0.2634712944119858,0.17719565071222113,0.2839352337663855,0.6279155754958556,False,False,none
22,21,stress,future_reachability_optimizer,0.6862176729165741,1.0,0.6862176729165741,0.0700122777028658,0.009451802587194965,0.6399141970011178,False,False,none
22,22,stress,future_reachability_optimizer,0.7059088845989389,0.9928572295744538,0.7008667394948952,0.13363578315731303,0.15327362856005933,0.6025341487312896,False,False,none
22,23,stress,future_reachability_optimizer,0.5555079760095588,1.0,0.5555079760095588,0.08820351201833435,0.036460595694855616,0.6068813097737951,False,False,none
22,24,stress,future_reachability_optimizer,0.9254277595414884,1.0,0.9254277595414884,0.07121231507795778,0.019080739843393098,0.6501598585938817,False,False,none
22,25,stress,future_reachability_optimizer,0.4641568968208474,0.9876222994837848,0.4584117017594631,0.1384314070209385,0.1475426392126704,0.573478316166151,False,False,none
22,26,stress,future_reachability_optimizer,0.7378163453841504,1.0,0.7378163453841504,0.1195306293885249,0.10097105246845581,0.578493210622868,False,False,preserve_R
22,27,stress,future_reachability_optimizer,0.8654433643546191,1.0,0.8654433643546191,0.12796166788772403,0.1167672647337687,0.5683745529629503,False,False,none
22,28,stress,future_reachability_optimizer,1.0,1.0,1.0,0.08990929154393221,0.04435470703302043,0.6122729047025649,False,False,none
22,29,stress,future_reachability_optimizer,0.9770525774647929,1.0,0.9770525774647929,0.09611379873753068,0.06151362418970402,0.6135890768939869,False,False,none
24,0,stress,future_reachability_optimizer,0.8142051984000552,1.0,0.8142051984000552,0.17188098457198858,0.2618764166361637,0.6151335572906401,False,False,none
24,1,stress,future_reachability_optimizer,0.7588311177322813,1.0,0.7588311177322813,0.12546543678226763,0.10106835240201628,0.5539189047104107,False,False,none
24,2,stress,future_reachability_optimizer,0.75168437148959,1.0,0.75168437148959,0.11301373050879865,0.08940406712219394,0.5873325624901461,False,False,none
24,3,stress,future_reachability_optimizer,0.8829081259537437,1.0,0.8829081259537437,0.07394808401827777,0.0,0.6085496499238426,False,False,none
24,4,stress,future_reachability_optimizer,0.9718588969449675,1.0,0.9718588969449675,0.081268551690821,0.037675597644911366,0.6377007308926889,False,False,preserve_R
24,5,stress,future_reachability_optimizer,0.7672065903639694,1.0,0.7672065903639694,0.1309466782360027,0.18570898128328298,0.6650947277151869,False,False,none
24,6,stress,future_reachability_optimizer,0.7853073774181909,1.0,0.7853073774181909,0.1457400072865896,0.15935278969860991,0.5617252199953425,False,False,none
24,7,stress,future_reachability_optimizer,1.0,1.0,1.0,0.08992538027424482,0.06711699707936086,0.6482461608996346,False,False,none
24,8,stress,future_reachability_optimizer,0.46874224768745365,1.0,0.46874224768745365,0.07886947833743826,0.013031692596242062,0.6086773535380571,False,False,none
24,9,stress,future_reachability_optimizer,1.0,1.0,1.0,0.077429253834611,0.02889446140024092,0.6397943395728356,False,False,none
24,10,stress,future_reachability_optimizer,1.0,1.0,1.0,0.06,0.0,0.673250168204013,False,False,preserve_R
24,11,stress,future_reachability_optimizer,0.20087717199048555,0.9881139916161332,0.1984895442400792,0.11459081146311217,0.1216960166118628,0.631890311872482,False,False,none
24,12,stress,future_reachability_optimizer,0.9669348693958695,1.0,0.9669348693958695,0.0774891012772995,0.0,0.5937954113445855,False,False,none
24,13,stress,future_reachability_optimizer,0.6939536433351411,1.0,0.6939536433351411,0.12342676399129004,0.14785431199385754,0.6364911440265658,False,False,none
24,14,stress,future_reachability_optimizer,0.9753241501573672,0.9864715794922615,0.9621295549226856,0.10718183727741931,0.09263205330956625,0.6167430957508995,False,False,none
24,15,stress,future_reachability_optimizer,0.9506664956372539,1.0,0.9506664956372539,0.11295355157172826,0.12174610609707062,0.6387915364381607,False,False,none
24,16,stress,future_reachability_optimizer,0.9548362878869588,0.9607488006697932,0.917357818423393,0.1133944086281809,0.09799296050665314,0.5993454848514472,False,False,none
24,17,stress,future_reachability_optimizer,0.5598796166592863,0.9926004673486809,0.5557367691550079,0.11705475024554973,0.07592212941236831,0.5491485788797926,False,False,none
24,18,stress,future_reachability_optimizer,0.9578559964958187,1.0,0.9578559964958187,0.099995802387914,0.054453899790992695,0.5862361647194302,False,False,none
24,19,stress,future_reachability_optimizer,0.9614649938742977,0.9671003113563278,0.9298330949340431,0.12946092563859052,0.13592452046205772,0.5924599672374643,False,False,none
24,20,stress,future_reachability_optimizer,0.3061615173309257,0.9212699395346866,0.28205740255930983,0.12642892927599475,0.14340798144708478,0.6169420986412394,False,False,lower_floor
24,21,stress,future_reachability_optimizer,0.7927755270098339,1.0,0.7927755270098339,0.09224275980921998,0.053249737995266874,0.6166339192874227,False,False,none
24,22,stress,future_reachability_optimizer,0.8557731032402426,1.0,0.8557731032402426,0.10710286234981684,0.1110907066419424,0.6462983590588386,False,False,none
24,23,stress,future_reachability_optimizer,0.672895151271098,1.0,0.672895151271098,0.09000298195637424,0.031524684740141654,0.5915683260203317,False,False,none
24,24,stress,future_reachability_optimizer,0.9705715806906717,0.998364575483432,0.9689842841325261,0.09632599431428904,0.06755352943901584,0.6222681119689041,False,False,none
24,25,stress,future_reachability_optimizer,0.5475240918223635,0.9899907272272682,0.5420437738376712,0.13752043354508278,0.1523243715529135,0.5848451151876015,False,False,none
24,26,stress,future_reachability_optimizer,0.8064705290025447,1.0,0.8064705290025447,0.07545494748409132,0.004434665425612393,0.6092926057401724,False,False,preserve_R
24,27,stress,future_reachability_optimizer,0.9772928963375777,1.0,0.9772928963375777,0.07764210934394813,0.0,0.5931578777335494,False,False,none
24,28,stress,future_reachability_optimizer,1.0,1.0,1.0,0.0962120036925247,0.05508877571092516,0.6030072128234453,False,False,preserve_R
24,29,stress,future_reachability_optimizer,0.9549205739547385,1.0,0.9549205739547385,0.10336664531577719,0.09234996422125417,0.6321930878679141,False,False,preserve_R
26,0,stress,future_reachability_optimizer,0.898085629060034,1.0,0.898085629060034,0.14830705902942085,0.18366019592003613,0.5895158975841369,False,False,none
26,1,stress,future_reachability_optimizer,0.7673678985764659,1.0,0.7673678985764659,0.08090561322035103,0.035382243000018604,0.6355818296652335,False,False,none
26,2,stress,future_reachability_optimizer,0.810289050648592,1.0,0.810289050648592,0.12120645003625571,0.11284661881777419,0.5903136046437437,False,False,none
26,3,stress,future_reachability_optimizer,0.8858853050817402,0.9947499177527438,0.8812343343684255,0.0727655837276242,0.0,0.6134767344682325,False,False,none
26,4,stress,future_reachability_optimizer,1.0,1.0,1.0,0.06530937830811823,0.0,0.6445442570495075,False,False,preserve_R
26,5,stress,future_reachability_optimizer,0.8820043113747744,1.0,0.8820043113747744,0.11086798192122274,0.11363121616893818,0.6346328342623908,False,False,none
26,6,stress,future_reachability_optimizer,0.8394551577429182,1.0,0.8394551577429182,0.14663731803424418,0.16103302549155427,0.560646798552277,False,False,none
26,7,stress,future_reachability_optimizer,0.9763341686699647,1.0,0.9763341686699647,0.08131524294837292,0.03624559978692797,0.6352420207110822,False,False,none
26,8,stress,future_reachability_optimizer,0.5107724086707224,1.0,0.5107724086707224,0.0716817359383016,0.0,0.6179927669237434,False,False,none
26,9,stress,future_reachability_optimizer,0.8838128399386175,0.9833984421053118,0.8691401699083077,0.14200087703042558,0.15978544908237516,0.5779899734203208,False,False,none
26,10,stress,future_reachability_optimizer,0.8893419372902729,1.0,0.8893419372902729,0.08167357974106088,0.0683967813145252,0.6846549881602447,False,False,none
26,11,stress,future_reachability_optimizer,0.356140037223728,1.0,0.356140037223728,0.10341449527884414,0.10219120192876929,0.6475756727253674,False,False,none
26,12,stress,future_reachability_optimizer,0.9543658016667995,1.0,0.9543658016667995,0.08276707256401089,0.05144194391671076,0.6532536088514134,False,False,none
26,13,stress,future_reachability_optimizer,0.7317780148954461,1.0,0.7317780148954461,0.09567884626026496,0.08073149874066697,0.645829680254952,False,False,none
26,14,stress,future_reachability_optimizer,1.0,1.0,1.0,0.09327007371453946,0.08790662501770291,0.6672268491341151,False,False,none
26,15,stress,future_reachability_optimizer,0.9082993680842655,1.0,0.9082993680842655,0.08996540018807991,0.05235804483219661,0.624711070200645,False,False,none
26,16,stress,future_reachability_optimizer,1.0,1.0,1.0,0.11678459917156236,0.08652909942507689,0.5670685775415285,False,False,none
26,17,stress,future_reachability_optimizer,0.5585267493735999,1.0,0.5585267493735999,0.1063280537048478,0.08071258265706753,0.6014280321034912,False,False,none
26,18,stress,future_reachability_optimizer,0.9672531988964806,1.0,0.9672531988964806,0.10496674143555945,0.06416914512234767,0.5809063904622194,False,False,none
26,19,stress,future_reachability_optimizer,1.0,1.0,1.0,0.09589260801853114,0.08208154889395987,0.6470765856715567,False,False,none
26,20,stress,future_reachability_optimizer,0.3436812796514412,1.0,0.3436812796514412,0.11171116775977036,0.11396365960640378,0.6316459287110961,False,False,none
26,21,stress,future_reachability_optimizer,0.7777229928684334,1.0,0.7777229928684334,0.08219422618404698,0.0,0.5741907242331376,False,False,none
26,22,stress,future_reachability_optimizer,0.4812472803162379,0.8275723490965003,0.398266942267611,0.18738318551264357,0.3037702335094724,0.6168729300873166,False,False,none
26,23,stress,future_reachability_optimizer,0.7090663195195465,1.0,0.7090663195195465,0.0974713343618833,0.06695110733963087,0.6165420267799019,False,False,preserve_R
26,24,stress,future_reachability_optimizer,1.0,1.0,1.0,0.09240507938088233,0.061419921732770444,0.6288937119898769,False,False,none
26,25,stress,future_reachability_optimizer,0.5389985015187948,1.0,0.5389985015187948,0.13029208396835334,0.16723403475549087,0.6385702051613883,False,False,none
26,26,stress,future_reachability_optimizer,0.8279253559189524,1.0,0.8279253559189524,0.07645483721076934,0.015331912034558352,0.6223803723431784,False,False,none
26,27,stress,future_reachability_optimizer,1.0,0.9837148385597841,0.9837148385597841,0.06,0.0,0.669377150712047,False,False,none
26,28,stress,future_reachability_optimizer,1.0,1.0,1.0,0.08049235438344485,0.028825621936186638,0.6269224248012754,False,False,none
26,29,stress,future_reachability_optimizer,0.9461419185427752,0.9765746287186008,0.9239781928160153,0.13926929827322845,0.1477247383983549,0.5702754263256101,False,False,none
28,0,stress,future_reachability_optimizer,0.9325625668865811,0.9880336521869645,0.9214031988537991,0.14969200411713543,0.15982964692898038,0.5460135904828214,False,False,none
28,1,stress,future_reachability_optimizer,0.8366882797211557,1.0,0.8366882797211557,0.09690363349564973,0.05990938680434345,0.6077580562083367,False,False,none
28,2,stress,future_reachability_optimizer,0.8613226966150376,1.0,0.8613226966150376,0.09395433934640177,0.0513285652738357,0.6064604810735659,False,False,none
28,3,stress,future_reachability_optimizer,1.0,1.0,1.0,0.06881638750980792,0.0,0.6299317187091337,False,False,none
28,4,stress,future_reachability_optimizer,0.996723395512921,1.0,0.996723395512921,0.06,0.0,0.6768563453938963,False,False,none
28,5,stress,future_reachability_optimizer,0.6101374225932493,0.8406448807257686,0.51290890084223,0.24178876586043485,0.4184848268392782,0.5718144514103787,False,False,none
28,6,stress,future_reachability_optimizer,0.7962196044539952,1.0,0.7962196044539952,0.1530922229558544,0.17099124110476666,0.5495185360998206,False,False,none
28,7,stress,future_reachability_optimizer,1.0,1.0,1.0,0.06282754657582085,0.0,0.6548852226007464,False,False,none
28,8,stress,future_reachability_optimizer,0.6256322723251273,1.0,0.6256322723251273,0.06,0.0,0.6687669330553869,False,False,none
28,9,stress,future_reachability_optimizer,0.8945316213474754,1.0,0.8945316213474754,0.13141949942378764,0.13404955296466564,0.5813305445949388,False,False,preserve_R
28,10,stress,future_reachability_optimizer,1.0,1.0,1.0,0.07309874551911993,0.036259784635851826,0.6694998860104323,False,False,none
28,11,stress,future_reachability_optimizer,0.55207616116698,1.0,0.55207616116698,0.08664535709780008,0.0505548051678982,0.6356894536083385,False,False,none
28,12,stress,future_reachability_optimizer,0.9367105459457469,0.998559636598652,0.93536134235771,0.1113035010119981,0.10420195181862626,0.6178885028294996,False,False,none
28,13,stress,future_reachability_optimizer,0.8113775043179222,1.0,0.8113775043179222,0.10531775958376399,0.09759804689400112,0.6323729093164852,False,False,none
28,14,stress,future_reachability_optimizer,1.0,1.0,1.0,0.07312835570935197,0.049674526403237,0.6906165180161588,False,False,none
28,15,stress,future_reachability_optimizer,0.9389118799136484,1.0,0.9389118799136484,0.09326559832520195,0.07606210447230519,0.6484916723928085,False,False,none
28,16,stress,future_reachability_optimizer,0.9501219500882299,1.0,0.9501219500882299,0.11500293971473219,0.09777874337576789,0.592304094866915,False,False,none
28,17,stress,future_reachability_optimizer,0.5747950861017618,0.9974968968209696,0.5733563146944495,0.08697579063387761,0.044687481176178837,0.6250227175544598,False,False,none
28,18,stress,future_reachability_optimizer,0.9357550707114823,1.0,0.9357550707114823,0.09898961327593858,0.07670024477774254,0.625651998915015,False,False,none
28,19,stress,future_reachability_optimizer,1.0,1.0,1.0,0.08251898045694298,0.03728202201071659,0.6318674496130389,False,False,none
28,20,stress,future_reachability_optimizer,0.37297403965903897,1.0,0.37297403965903897,0.0901869089026135,0.04862363069652232,0.6178752948419375,False,False,none
28,21,stress,future_reachability_optimizer,0.9524546407346608,1.0,0.9524546407346608,0.08546586404577525,0.033942328125411994,0.6143009193411721,False,False,preserve_R
28,22,stress,future_reachability_optimizer,0.5480321866108833,1.0,0.5480321866108833,0.15708171094812973,0.20220827046937578,0.5823226326259713,False,False,preserve_R
28,23,stress,future_reachability_optimizer,0.7859528481809914,1.0,0.7859528481809914,0.08329229144478006,0.03200289434000941,0.620286701685098,False,False,none
28,24,stress,future_reachability_optimizer,1.0,1.0,1.0,0.07200698752676649,0.028118128329545064,0.6611579218269193,False,False,none
28,25,stress,future_reachability_optimizer,0.5420613379216415,0.9915383019944252,0.5374745785796506,0.12248506032855092,0.12723214853339757,0.607763150475584,False,False,none
28,26,stress,future_reachability_optimizer,0.7821150699668116,1.0,0.7821150699668116,0.0855855550284301,0.04789159416003481,0.6358885448015964,False,False,none
28,27,stress,future_reachability_optimizer,0.9767151581820857,1.0,0.9767151581820857,0.06796648691245236,0.011437806940924517,0.6515828321879124,False,False,none
28,28,stress,future_reachability_optimizer,1.0,1.0,1.0,0.08696677331608044,0.05379378016903148,0.6394785964506314,False,False,none
28,29,stress,future_reachability_optimizer,1.0,1.0,1.0,0.10601147210242984,0.04624217344238512,0.5481689741903187,False,False,preserve_R
30,0,stress,future_reachability_optimizer,1.0,1.0,1.0,0.1576808625442019,0.20011440200114175,0.5765108759009665,False,False,none
30,1,stress,future_reachability_optimizer,0.8669763888575858,1.0,0.8669763888575858,0.09066384518750431,0.041104766547088015,0.6039831920849548,False,False,none
30,2,stress,future_reachability_optimizer,0.9641884884687049,0.9727799380109748,0.9379432180434822,0.10386454090590816,0.07831456212166645,0.6078958029180213,False,False,none
30,3,stress,future_reachability_optimizer,1.0,1.0,1.0,0.06,0.0,0.703854841896634,False,False,none
30,4,stress,future_reachability_optimizer,0.8271596068397441,1.0,0.8271596068397441,0.12146370695096351,0.16710869301635897,0.6751566516468872,False,False,preserve_R
30,5,stress,future_reachability_optimizer,0.7780743683668214,1.0,0.7780743683668214,0.20263222016412027,0.29082180383126316,0.5328336053823323,False,False,preserve_R
30,6,stress,future_reachability_optimizer,0.94201174562789,1.0,0.94201174562789,0.13310061230169992,0.12868569040411193,0.5658331252160942,False,False,none
30,7,stress,future_reachability_optimizer,1.0,1.0,1.0,0.07037870782538597,0.0014907397348595678,0.6257823886410862,False,False,none
30,8,stress,future_reachability_optimizer,0.6687453728103756,0.9767047027688516,0.6531667505788027,0.11125208972712028,0.10653130631776378,0.6217908611401249,False,False,none
30,9,stress,future_reachability_optimizer,1.0,1.0,1.0,0.14677593206641487,0.17390181419145692,0.5804448221930781,False,False,none
30,10,stress,future_reachability_optimizer,1.0,1.0,1.0,0.07205117267791664,0.0604774157806548,0.7122093554947175,False,False,none
30,11,stress,future_reachability_optimizer,0.5502826873280613,1.0,0.5502826873280613,0.06122419223941561,0.0,0.6615658656691017,False,False,none
30,12,stress,future_reachability_optimizer,1.0,0.9989606430249478,0.9989606430249478,0.09804132026943288,0.04852507511704446,0.5849925344793501,False,False,none
30,13,stress,future_reachability_optimizer,0.8407789956992424,1.0,0.8407789956992424,0.07300278365824009,0.0,0.6124884014239996,False,False,none
30,14,stress,future_reachability_optimizer,1.0,1.0,1.0,0.08628800796964306,0.0684816199085054,0.6655625316482875,False,False,none
30,15,stress,future_reachability_optimizer,1.0,1.0,1.0,0.09409949963363673,0.09150921750487584,0.6694750125759005,False,False,none
30,16,stress,future_reachability_optimizer,0.7958555920084556,0.9589207555145494,0.7631624455692272,0.14852333928603606,0.19018837895354934,0.5989510196513029,False,False,preserve_R
30,17,stress,future_reachability_optimizer,0.5664874842100678,1.0,0.5664874842100678,0.06,0.0,0.6867926389883701,False,False,none
30,18,stress,future_reachability_optimizer,1.0,1.0,1.0,0.09103322428253341,0.02954242989379553,0.5841370794879537,False,False,none
30,19,stress,future_reachability_optimizer,1.0,0.9961854497312197,0.9961854497312197,0.06321171597095537,0.0,0.653284516787686,False,False,none
30,20,stress,future_reachability_optimizer,0.4812286350401719,1.0,0.4812286350401719,0.06415972528802422,0.0,0.6493344779665657,False,False,none
30,21,stress,future_reachability_optimizer,1.0,1.0,1.0,0.06629934751868105,0.0,0.640419385338829,False,False,none
30,22,stress,future_reachability_optimizer,0.600878326615371,1.0,0.600878326615371,0.12650071896077486,0.10912102559715949,0.5623552948589405,False,False,none
30,23,stress,future_reachability_optimizer,0.8740550128581082,1.0,0.8740550128581082,0.0616273490893787,0.013708338510520175,0.6815909147692457,False,False,none
30,24,stress,future_reachability_optimizer,0.9044873587230917,1.0,0.9044873587230917,0.06,0.0,0.7006174636869769,False,False,preserve_R
30,25,stress,future_reachability_optimizer,0.6276788025644722,1.0,0.6276788025644722,0.09208928574001968,0.04455969121918003,0.6035141538469531,False,False,none
30,26,stress,future_reachability_optimizer,0.2517420945573886,0.7152305926458328,0.18005364748418431,0.24030440830357763,0.42538261934221133,0.588920779360261,True,False,none
30,27,stress,future_reachability_optimizer,0.9907703462823583,1.0,0.9907703462823583,0.08465215471656812,0.013626971448635875,0.5855253934746396,False,False,preserve_R
30,28,stress,future_reachability_optimizer,1.0,1.0,1.0,0.08133391269695545,0.046344992525459004,0.6511549352613292,False,False,none
30,29,stress,future_reachability_optimizer,1.0,1.0,1.0,0.09469882387419709,0.013324869922961162,0.5431859445688673,False,False,none
32,0,stress,future_reachability_optimizer,0.9393707253338984,1.0,0.9393707253338984,0.1263460815307578,0.14557210345986726,0.6207138240999658,False,False,none
32,1,stress,future_reachability_optimizer,0.839747315506922,0.9759417067452936,0.819544428330604,0.13195304378381417,0.15840473170233987,0.6176698094294791,False,False,preserve_R
32,2,stress,future_reachability_optimizer,0.9370987632999613,1.0,0.9370987632999613,0.09771735371688103,0.07130642023317452,0.6224128582155221,False,False,none
32,3,stress,future_reachability_optimizer,1.0,1.0,1.0,0.06,0.0,0.7369852208379283,False,False,none
32,4,stress,future_reachability_optimizer,0.8598285612574939,1.0,0.8598285612574939,0.11289632938053376,0.1291614664916756,0.6507709495262625,False,False,none
32,5,stress,future_reachability_optimizer,0.6949705930233002,1.0,0.6949705930233002,0.1807517925612803,0.20903125182593688,0.4945003463857321,False,False,none
32,6,stress,future_reachability_optimizer,0.9157092388777521,1.0,0.9157092388777521,0.13520969193330398,0.10469562178350234,0.5190610181017788,False,False,none
32,7,stress,future_reachability_optimizer,1.0,1.0,1.0,0.06666655108885375,0.0,0.6388893704631095,False,False,none
32,8,stress,future_reachability_optimizer,0.7108533445089211,0.9964115425562656,0.7083024775334146,0.09303166759162776,0.060434659783883245,0.6247229296926995,False,False,none
32,9,stress,future_reachability_optimizer,0.9768590364209108,1.0,0.9768590364209108,0.14260873713861336,0.16257543496124588,0.5798747006110838,False,False,none
32,10,stress,future_reachability_optimizer,0.965604917377199,1.0,0.965604917377199,0.10758560724594901,0.09584130462721854,0.6201420354683086,False,False,none
32,11,stress,future_reachability_optimizer,0.5379423599303732,1.0,0.5379423599303732,0.07020734340105392,0.00387551118679746,0.6302722952080381,False,False,none
32,12,stress,future_reachability_optimizer,0.9635961207478492,1.0,0.9635961207478492,0.10373993188295641,0.10454758007921136,0.649950618946433,False,False,none
32,13,stress,future_reachability_optimizer,0.9344729449799654,1.0,0.9344729449799654,0.08437933632467814,0.022123168064303277,0.6001144480823213,False,False,none
32,14,stress,future_reachability_optimizer,1.0,0.9809573355391425,0.9809573355391425,0.06,0.0,0.6888133517976456,False,False,none
32,15,stress,future_reachability_optimizer,1.0,1.0,1.0,0.09492637684400013,0.08993780656038612,0.6635416235372775,False,False,none
32,16,stress,future_reachability_optimizer,0.8321037782316932,1.0,0.8321037782316932,0.12953591920442326,0.13945004606919603,0.5977295762577969,False,False,none
32,17,stress,future_reachability_optimizer,0.5528586001184352,0.9888211491059842,0.546678276262237,0.06633449043897094,0.022496135022350816,0.6758918369563433,False,False,none
32,18,stress,future_reachability_optimizer,0.6927160604803578,0.8409932513695435,0.5825695319792775,0.18524415939342143,0.263610414630659,0.5621991590259543,False,False,none
32,19,stress,future_reachability_optimizer,0.9881961970438227,1.0,0.9881961970438227,0.08487503237897243,0.0587286068741988,0.6560076593050963,False,False,none
32,20,stress,future_reachability_optimizer,0.45993756717592105,1.0,0.45993756717592105,0.08451975704696069,0.054649003931040156,0.6510286018618108,False,False,none
32,21,stress,future_reachability_optimizer,1.0,1.0,1.0,0.0953861087950783,0.08121796187817451,0.6478196529942833,False,False,preserve_R
32,22,stress,future_reachability_optimizer,0.6866735469628281,1.0,0.6866735469628281,0.10374879254508729,0.08077872951720479,0.612279686131044,False,False,none
32,23,stress,future_reachability_optimizer,0.9840561340084837,1.0,0.9840561340084837,0.07265538577445932,0.0415534220026784,0.6797288107773269,False,False,preserve_R
32,24,stress,future_reachability_optimizer,0.8883581173233688,1.0,0.8883581173233688,0.06,0.0,0.7003519644084133,False,False,none
32,25,stress,future_reachability_optimizer,0.6873313233249456,0.9896376529668928,0.6802089576259277,0.0979462011806832,0.06703605972144434,0.6146979229727736,False,False,none
32,26,stress,future_reachability_optimizer,0.2239679493701157,0.8246223802385384,0.18468898350672924,0.1969962064902588,0.3062160016591773,0.5806911422509522,True,False,preserve_R
32,27,stress,future_reachability_optimizer,1.0,1.0,1.0,0.06912573519038201,0.010956760271124253,0.6459909738026883,False,False,none
32,28,stress,future_reachability_optimizer,1.0,0.9849253830700946,0.9849253830700946,0.06435870839221564,0.022762602166693575,0.684546168463033,False,False,preserve_R
32,29,stress,future_reachability_optimizer,0.9474440480133383,1.0,0.9474440480133383,0.07902768440162761,0.019452406846404213,0.618184292500025,False,False,none
34,0,stress,future_reachability_optimizer,0.9480871045808499,1.0,0.9480871045808499,0.1190090825788021,0.1059411959652749,0.58853571620001,False,False,none
34,1,stress,future_reachability_optimizer,0.8363547787437402,1.0,0.8363547787437402,0.09502161386481936,0.05922276204863506,0.6145126488069249,False,False,none
34,2,stress,future_reachability_optimizer,0.96124587132492,1.0,0.96124587132492,0.10536830904451008,0.08484556219466524,0.6119708524560946,False,False,none
34,3,stress,future_reachability_optimizer,0.9690445882994249,1.0,0.9690445882994249,0.06,0.0,0.7410441434398272,False,False,none
34,4,stress,future_reachability_optimizer,0.8206717416094955,1.0,0.8206717416094955,0.09468953884551481,0.08445860423257112,0.6558530448452591,False,False,preserve_R
34,5,stress,future_reachability_optimizer,0.8151177153983092,1.0,0.8151177153983092,0.17174819768072455,0.18633413028586998,0.4960782159496086,False,False,none
34,6,stress,future_reachability_optimizer,0.9048548819283455,1.0,0.9048548819283455,0.09544566446479616,0.026865259416897172,0.5615130588067698,False,False,none
34,7,stress,future_reachability_optimizer,1.0,1.0,1.0,0.06934644283115732,0.0280433414514684,0.6721251121683361,False,False,none
34,8,stress,future_reachability_optimizer,0.7729296203043459,1.0,0.7729296203043459,0.08302790104991112,0.058820029861923646,0.6638487929067495,False,False,preserve_R
34,9,stress,future_reachability_optimizer,0.9808273122523796,1.0,0.9808273122523796,0.1256018943910754,0.10881660721494767,0.5656184014608531,False,False,none
34,10,stress,future_reachability_optimizer,1.0,1.0,1.0,0.06336796346692072,0.008708270178032752,0.6664215800030489,False,False,none
34,11,stress,future_reachability_optimizer,0.4292671614854963,0.9929395745299111,0.4262363526850714,0.09096108574065384,0.06457718685187164,0.6399093552627391,False,False,none
34,12,stress,future_reachability_optimizer,1.0,1.0,1.0,0.14042745212320656,0.16705172959797632,0.5960508546834352,False,False,none
34,13,stress,future_reachability_optimizer,1.0,1.0,1.0,0.11756027318397305,0.09848833825739116,0.5827720639743149,False,False,none
34,14,stress,future_reachability_optimizer,1.0,1.0,1.0,0.062324714064833725,0.0,0.6569803580631929,False,False,none
34,15,stress,future_reachability_optimizer,0.9647486204967689,1.0,0.9647486204967689,0.07776711256116459,0.05823801019391123,0.6848472138021737,False,False,preserve_R
34,16,stress,future_reachability_optimizer,0.8439772999024225,1.0,0.8439772999024225,0.12205186377540203,0.11792150515659255,0.5948262841004298,False,False,none
34,17,stress,future_reachability_optimizer,0.6858529680530687,1.0,0.6858529680530687,0.06003000579822468,0.0004429405464337205,0.6672429650392505,False,False,preserve_R
34,18,stress,future_reachability_optimizer,0.8092141204024011,1.0,0.8092141204024011,0.14526187096827933,0.19694066927256293,0.6232315973137273,False,False,none
34,19,stress,future_reachability_optimizer,0.9749464236541092,1.0,0.9749464236541092,0.07429192569543228,0.040841702113107475,0.6717830046147858,False,False,none
34,20,stress,future_reachability_optimizer,0.4778643395362798,1.0,0.4778643395362798,0.06,0.0,0.680683959953201,False,False,none
34,21,stress,future_reachability_optimizer,0.7528834540434703,0.8602774331087824,0.6476886452745906,0.18651052172712146,0.2957383021107463,0.607791804479009,False,False,none
34,22,stress,future_reachability_optimizer,0.8026895219847314,1.0,0.8026895219847314,0.1085565043005789,0.08773148004769415,0.6032560754897704,False,False,none
34,23,stress,future_reachability_optimizer,1.0,1.0,1.0,0.06,0.0,0.6669711241256907,False,False,none
34,24,stress,future_reachability_optimizer,0.9588061196461161,1.0,0.9588061196461161,0.06899425903225362,0.0006062498881969699,0.6301504830219218,False,False,none
34,25,stress,future_reachability_optimizer,0.6750257120581447,1.0,0.6750257120581447,0.10824165438780839,0.08694100177162778,0.6033163595225425,False,False,none
34,26,stress,future_reachability_optimizer,0.15683681378490882,0.830706455181545,0.13028535362122967,0.06,0.0052389087270622026,0.6872769953344992,False,False,lower_floor
34,27,stress,future_reachability_optimizer,1.0,1.0,1.0,0.07330598339666936,0.023832826551004473,0.6489603778863015,False,False,none
34,28,stress,future_reachability_optimizer,0.9871833847397883,1.0,0.9871833847397883,0.06,0.0,0.68483000537445,False,False,none
34,29,stress,future_reachability_optimizer,0.9538374869360605,1.0,0.9538374869360605,0.0681773810640176,0.0,0.6325942455665934,False,False,none
36,0,stress,future_reachability_optimizer,0.8453825022047106,1.0,0.8453825022047106,0.12228590843172427,0.11321601941286258,0.5864007456048479,False,False,none
36,1,stress,future_reachability_optimizer,0.7704250098919454,1.0,0.7704250098919454,0.07885558389145184,0.028154815029609613,0.6326801909158326,False,False,none
36,2,stress,future_reachability_optimizer,0.8556686939318485,1.0,0.8556686939318485,0.10524652445437299,0.0904438677989263,0.621342272121746,False,False,none
36,3,stress,future_reachability_optimizer,1.0,1.0,1.0,0.06,0.003935018611773382,0.7172127203973997,False,False,none
36,4,stress,future_reachability_optimizer,0.8562624281060961,1.0,0.8562624281060961,0.09166304421201313,0.05700544250407989,0.6249959330814052,False,False,preserve_R
36,5,stress,future_reachability_optimizer,0.7650922930845507,0.920820186922111,0.7045124283307825,0.1804362599467953,0.24982187118755253,0.5604002129353111,False,False,none
36,6,stress,future_reachability_optimizer,0.9682564459561259,1.0,0.9682564459561259,0.08033580147280575,0.00487453396276584,0.5896521726376887,False,False,none
36,7,stress,future_reachability_optimizer,0.9999885472817993,1.0,0.9999885472817993,0.09443281506323734,0.07882582326471484,0.648004157405643,False,False,none
36,8,stress,future_reachability_optimizer,0.8790044689413381,1.0,0.8790044689413381,0.08466477791853838,0.047629047329890595,0.6393094169450835,False,False,none
36,9,stress,future_reachability_optimizer,0.9232857185583037,0.9811343298602107,0.9058673147472043,0.13998608635583332,0.14936888925083383,0.5698920481645149,False,False,none
36,10,stress,future_reachability_optimizer,0.9422216313196657,1.0,0.9422216313196657,0.06,0.0035385874233145576,0.7171797950567903,False,False,none
36,11,stress,future_reachability_optimizer,0.44766950543581707,1.0,0.44766950543581707,0.07262051626428728,0.06072015914952962,0.7102214342188915,False,False,none
36,12,stress,future_reachability_optimizer,0.9146961287222021,1.0,0.9146961287222021,0.13578065878302387,0.14918267960629783,0.5871198311140388,False,False,none
36,13,stress,future_reachability_optimizer,1.0,1.0,1.0,0.09871922858807722,0.07385582810906384,0.6222749420556961,False,False,preserve_R
36,14,stress,future_reachability_optimizer,1.0,1.0,1.0,0.06915413832021175,0.0,0.6285244236657844,False,False,preserve_R
36,15,stress,future_reachability_optimizer,0.5190915318065168,0.7664959554827515,0.3978815596550412,0.23141428477099668,0.4278524745200649,0.6298735647776166,False,False,none
36,16,stress,future_reachability_optimizer,0.9192048270055853,0.9940232806969658,0.9137109977725787,0.1308814690215913,0.1405447411315689,0.5938563858683538,False,False,none
36,17,stress,future_reachability_optimizer,0.7892997621375724,1.0,0.7892997621375724,0.06929683155813873,0.0,0.6279298685077553,False,False,none
36,18,stress,future_reachability_optimizer,0.8890372108955064,1.0,0.8890372108955064,0.1603033976498158,0.2338137908330744,0.6189410119448019,False,False,none
36,19,stress,future_reachability_optimizer,1.0,1.0,1.0,0.08069714576831813,0.03408963750324154,0.6344038186788069,False,False,none
36,20,stress,future_reachability_optimizer,0.45890167905551366,1.0,0.45890167905551366,0.0772004645791051,0.050878587828173776,0.6755558283150039,False,False,none
36,21,stress,future_reachability_optimizer,0.7131847112043491,1.0,0.7131847112043491,0.17704941442721617,0.2695122955697887,0.6056885745387648,False,False,preserve_R
36,22,stress,future_reachability_optimizer,0.8307341202401451,1.0,0.8307341202401451,0.10036209948166391,0.056924782819561454,0.588622158290706,False,False,preserve_R
36,23,stress,future_reachability_optimizer,1.0,1.0,1.0,0.09391979598112504,0.06971354047682017,0.6357139558336109,False,False,none
36,24,stress,future_reachability_optimizer,0.9756753549512878,1.0,0.9756753549512878,0.06,0.0,0.6757668900337124,False,False,none
36,25,stress,future_reachability_optimizer,0.7528878673014435,1.0,0.7528878673014435,0.0919040518101952,0.03945136632606906,0.5961977808071294,False,False,none
36,26,stress,future_reachability_optimizer,0.2105019491355622,1.0,0.2105019491355622,0.06,0.010064566769813689,0.7148904927966265,False,False,none
36,27,stress,future_reachability_optimizer,1.0,1.0,1.0,0.09186556203605487,0.06480629201849622,0.6365034538790572,False,False,none
36,28,stress,future_reachability_optimizer,0.9904597753343741,1.0,0.9904597753343741,0.07219617615173454,0.02093563588623073,0.6489973561876381,False,False,none
36,29,stress,future_reachability_optimizer,0.940387403608042,1.0,0.940387403608042,0.06926897461871576,0.0,0.6280459390886843,False,False,none
38,0,stress,future_reachability_optimizer,0.7454621111096397,1.0,0.7454621111096397,0.17960049267572012,0.2549566780424012,0.5720126874183014,False,False,preserve_R
38,1,stress,future_reachability_optimizer,0.828108755260316,1.0,0.828108755260316,0.07244146573846638,0.0,0.6148272260897234,False,False,preserve_R
38,2,stress,future_reachability_optimizer,1.0,1.0,1.0,0.09117391320437679,0.04682363757369985,0.6109127878067881,False,False,none
38,3,stress,future_reachability_optimizer,1.0,1.0,1.0,0.06,0.054943041598158694,0.7565036879150998,False,False,preserve_R
38,4,stress,future_reachability_optimizer,0.7579422752376476,1.0,0.7579422752376476,0.08882418570612266,0.05850893321211915,0.6392050371436776,False,False,none
38,5,stress,future_reachability_optimizer,0.8493555278972655,1.0,0.8493555278972655,0.13518261223039094,0.14271214030509152,0.579366671189766,False,False,none
38,6,stress,future_reachability_optimizer,1.0,1.0,1.0,0.07483812833232881,0.020607054202851707,0.6374689677698119,False,False,none
38,7,stress,future_reachability_optimizer,1.0,1.0,1.0,0.09667672756070422,0.0920856000775343,0.6596491686198285,False,False,none
38,8,stress,future_reachability_optimizer,0.825743500111202,1.0,0.825743500111202,0.10071351772472478,0.08570337316265829,0.6327240169878557,False,False,none
38,9,stress,future_reachability_optimizer,1.0,1.0,1.0,0.11887636942447283,0.07795983874782109,0.5447848720820799,False,False,none
38,10,stress,future_reachability_optimizer,0.9848955631092068,1.0,0.9848955631092068,0.06,0.017965636725108782,0.7120497005375354,False,False,preserve_R
38,11,stress,future_reachability_optimizer,0.5320855096987429,1.0,0.5320855096987429,0.06,0.019583840750235355,0.7306417450900308,False,False,preserve_R
38,12,stress,future_reachability_optimizer,0.9365163660130321,1.0,0.9365163660130321,0.10877438829086017,0.10719803256898225,0.6331702670223045,False,False,none
38,13,stress,future_reachability_optimizer,1.0,1.0,1.0,0.08069436176482372,0.02899437521443697,0.6263479200694263,False,False,none
38,14,stress,future_reachability_optimizer,1.0,0.9816375336443193,0.9816375336443193,0.0689745908840497,0.0,0.6292725379831263,False,False,none
38,15,stress,future_reachability_optimizer,0.539269645233535,1.0,0.539269645233535,0.21540904178938977,0.36567752772635476,0.5981184114442711,False,False,preserve_R
38,16,stress,future_reachability_optimizer,1.0,1.0,1.0,0.09504828685955508,0.05208631764545067,0.6031021410238174,False,False,none
38,17,stress,future_reachability_optimizer,0.8623266290713936,1.0,0.8623266290713936,0.06246397521787003,0.0,0.6564001032588749,False,False,none
38,18,stress,future_reachability_optimizer,1.0,1.0,1.0,0.11263301693255146,0.1120562015494514,0.6247847485676671,False,False,none
38,19,stress,future_reachability_optimizer,0.9962972964122324,1.0,0.9962972964122324,0.08370566661669834,0.0,0.5678930557637569,False,False,none
38,20,stress,future_reachability_optimizer,0.482679955608532,1.0,0.482679955608532,0.06,0.0013829717942925729,0.7055509459166953,False,False,none
38,21,stress,future_reachability_optimizer,0.736007913050711,1.0,0.736007913050711,0.13901913436184876,0.1709603564734377,0.6081075045752398,False,False,none
38,22,stress,future_reachability_optimizer,0.85798598259615,1.0,0.85798598259615,0.07120404949258174,0.0,0.6199831271142427,False,False,none
38,23,stress,future_reachability_optimizer,1.0,1.0,1.0,0.07357620399741677,0.004766082079144807,0.617645446636076,False,False,none
38,24,stress,future_reachability_optimizer,1.0,1.0,1.0,0.07668989140348118,0.04726474540756501,0.6719612993808064,False,False,none
38,25,stress,future_reachability_optimizer,0.7721591435500363,0.9334956040966493,0.7208071661669926,0.10158262133418086,0.07615877039043878,0.6139904642257745,False,False,none
38,26,stress,future_reachability_optimizer,0.2735324234163908,1.0,0.2735324234163908,0.07789309429164176,0.04178283492983357,0.6582682624237292,False,False,none
38,27,stress,future_reachability_optimizer,1.0,1.0,1.0,0.08672418554470188,0.037627274836669694,0.6148924120551359,False,False,none
38,28,stress,future_reachability_optimizer,1.0,1.0,1.0,0.0681228374406741,0.0,0.632821510663858,False,False,none
38,29,stress,future_reachability_optimizer,0.9021120956401179,1.0,0.9021120956401179,0.07025345240081543,0.0,0.6239439483299357,False,False,none
40,0,stress,future_reachability_optimizer,0.8536941585391915,0.9647264344989281,0.8235813217200769,0.13822940607215392,0.13335467922135363,0.5518557167998352,False,False,none
40,1,stress,future_reachability_optimizer,0.827179523292792,1.0,0.827179523292792,0.06611563364192619,0.0,0.6411848598253076,False,False,none
40,2,stress,future_reachability_optimizer,0.8643163983936663,0.9573344367613161,0.8274398524397698,0.1527205684383373,0.1805858731184763,0.5662585972778488,False,False,none
40,3,stress,future_reachability_optimizer,1.0,1.0,1.0,0.06,0.018370954221980512,0.7058158681450527,False,False,none
40,4,stress,future_reachability_optimizer,0.7356657489457613,1.0,0.7356657489457613,0.11283493545804152,0.11118651101694474,0.6225664113683228,False,False,none
40,5,stress,future_reachability_optimizer,0.9284514198644475,1.0,0.9284514198644475,0.1088454411165179,0.09047201622716117,0.6063913543741806,False,False,none
40,6,stress,future_reachability_optimizer,1.0,1.0,1.0,0.06465383719820111,0.0,0.6472756783408287,False,False,preserve_R
40,7,stress,future_reachability_optimizer,0.9743690992937792,1.0,0.9743690992937792,0.06336865350014514,0.02182613433962055,0.6871886564537945,False,False,none
40,8,stress,future_reachability_optimizer,0.9553884085239187,1.0,0.9553884085239187,0.08241976455540972,0.023281501186554372,0.6101133578978373,False,False,none
40,9,stress,future_reachability_optimizer,0.9274009394083874,1.0,0.9274009394083874,0.10942485322727655,0.08289594482617706,0.5919816908611282,False,False,none
40,10,stress,future_reachability_optimizer,1.0,1.0,1.0,0.06,0.0211363459167232,0.712893540614486,False,False,none
40,11,stress,future_reachability_optimizer,0.674803388464449,1.0,0.674803388464449,0.06,0.0,0.7265349867994153,False,False,none
40,12,stress,future_reachability_optimizer,1.0,1.0,1.0,0.08039429673313322,0.031374267791477214,0.6313663542817839,False,False,none
40,13,stress,future_reachability_optimizer,0.9755125642593283,1.0,0.9755125642593283,0.07195015849412106,0.0,0.6168743396078289,False,False,preserve_R
40,14,stress,future_reachability_optimizer,1.0,1.0,1.0,0.08151523761672419,0.05591320712610727,0.6655490878799857,False,False,preserve_R
40,15,stress,future_reachability_optimizer,0.623679136399884,1.0,0.623679136399884,0.1655970725329601,0.21992352991432046,0.5748911201436737,False,False,none
40,16,stress,future_reachability_optimizer,0.9004532166162839,1.0,0.9004532166162839,0.06399810003558543,0.0,0.6500079165183941,False,False,none
40,17,stress,future_reachability_optimizer,0.9506097318059061,1.0,0.9506097318059061,0.07678548064876811,0.012125413034304415,0.6159257346011149,False,False,none
40,18,stress,future_reachability_optimizer,0.9503945490412644,1.0,0.9503945490412644,0.08526713211504947,0.022330623574337405,0.5967437701799948,False,False,none
40,19,stress,future_reachability_optimizer,1.0,1.0,1.0,0.08044714691640678,0.03773955067776821,0.6412245097547715,False,False,preserve_R
40,20,stress,future_reachability_optimizer,0.4567276447786325,1.0,0.4567276447786325,0.06221755036887203,0.0,0.6574268734630333,False,False,none
40,21,stress,future_reachability_optimizer,0.752384952333085,1.0,0.752384952333085,0.09706995747702046,0.058996248765252494,0.6056192377240646,False,False,none
40,22,stress,future_reachability_optimizer,0.8975293952916843,1.0,0.8975293952916843,0.06520308300037242,0.0,0.644987154165115,False,False,none
40,23,stress,future_reachability_optimizer,1.0,1.0,1.0,0.09322077107273283,0.0592848013815839,0.6221143893844544,False,False,none
40,24,stress,future_reachability_optimizer,1.0,1.0,1.0,0.06,0.00957916445290875,0.7032781229901721,False,False,none
40,25,stress,future_reachability_optimizer,0.8455850986398236,1.0,0.8455850986398236,0.09869301732901808,0.09125812926801306,0.6499377991367787,False,False,none
40,26,stress,future_reachability_optimizer,0.23154864489999544,1.0,0.23154864489999544,0.08931606396522174,0.0529357271423532,0.6283313014536354,False,False,none
40,27,stress,future_reachability_optimizer,0.843888784047292,1.0,0.843888784047292,0.08119926940828712,0.008074759106137488,0.5911214127168547,False,False,none
40,28,stress,future_reachability_optimizer,1.0,1.0,1.0,0.06,0.010247707076410966,0.7096486896792095,False,False,preserve_R
40,29,stress,future_reachability_optimizer,0.7591942286851127,0.8659175871008467,0.6573996346439012,0.16790955434380134,0.23070041795018947,0.5823191853219611,False,False,none
42,0,stress,future_reachability_optimizer,0.7867845271641261,1.0,0.7867845271641261,0.16888501988521848,0.22308697181092252,0.5662001225122171,False,False,none
42,1,stress,future_reachability_optimizer,0.7748934518180174,1.0,0.7748934518180174,0.08177885052792369,0.04629491889619647,0.6492217443859625,False,False,preserve_R
42,2,stress,future_reachability_optimizer,0.7584391519628395,0.9544246078776775,0.7238729902112113,0.18102248929744189,0.26301903440299973,0.5788530990654084,False,False,none
42,3,stress,future_reachability_optimizer,1.0,1.0,1.0,0.06,0.024562044572335972,0.7191225624542686,False,False,none
42,4,stress,future_reachability_optimizer,0.7756585660925732,1.0,0.7756585660925732,0.10314259174178386,0.08030088491557436,0.61404893552556,False,False,none
42,5,stress,future_reachability_optimizer,0.9877660250112344,1.0,0.9877660250112344,0.10899014818346664,0.08168998240338644,0.5918835213742509,False,False,none
42,6,stress,future_reachability_optimizer,0.9626902325425578,1.0,0.9626902325425578,0.0858494394134425,0.06460496447881442,0.6612518628687791,False,False,none
42,7,stress,future_reachability_optimizer,1.0,1.0,1.0,0.08584568482314961,0.08541621627699839,0.6942186556754575,False,False,preserve_R
42,8,stress,future_reachability_optimizer,0.9613052571075399,1.0,0.9613052571075399,0.13133911587130911,0.13349910915199148,0.5807939400268654,False,False,preserve_R
42,9,stress,future_reachability_optimizer,0.897698935501401,0.99481800115479,0.8930470606542865,0.1450327938405822,0.18828585450475552,0.6104826286301037,False,False,none
42,10,stress,future_reachability_optimizer,1.0,1.0,1.0,0.06,0.002525882635822949,0.7115732184537047,False,False,none
42,11,stress,future_reachability_optimizer,0.8034623698115352,1.0,0.8034623698115352,0.06,0.007659019732928898,0.7066548512401337,False,False,none
42,12,stress,future_reachability_optimizer,0.9946627567032393,1.0,0.9946627567032393,0.07042549579280008,0.002024415587133091,0.6264324255429604,False,False,none
42,13,stress,future_reachability_optimizer,1.0,1.0,1.0,0.0722423732341651,0.023018733656604964,0.6521031064806032,False,False,none
42,14,stress,future_reachability_optimizer,1.0,1.0,1.0,0.06808973396203671,0.04138340584441505,0.6984831677451708,False,False,none
42,15,stress,future_reachability_optimizer,0.6257330608445466,1.0,0.6257330608445466,0.17211877058686134,0.19717890478840605,0.5117050551363873,False,False,none
42,16,stress,future_reachability_optimizer,0.943424789311036,1.0,0.943424789311036,0.06540881786459848,0.0,0.644129925564173,False,False,none
42,17,stress,future_reachability_optimizer,0.981924100205821,1.0,0.981924100205821,0.07974239987600276,0.020166698867117812,0.616337273722925,False,False,none
42,18,stress,future_reachability_optimizer,0.9772290823828047,1.0,0.9772290823828047,0.07851132332701863,0.03953047934093139,0.6521260784272305,False,False,none
42,19,stress,future_reachability_optimizer,0.975265837478529,1.0,0.975265837478529,0.06,0.0,0.6865517947619031,False,False,none
42,20,stress,future_reachability_optimizer,0.4103019735261339,1.0,0.4103019735261339,0.1161573650849751,0.147442910985341,0.6661289212060604,False,False,preserve_R
42,21,stress,future_reachability_optimizer,0.8642311771489702,1.0,0.8642311771489702,0.0973670901162064,0.06433046161622803,0.6128270220748344,False,False,none
42,22,stress,future_reachability_optimizer,0.979833423779018,1.0,0.979833423779018,0.08746119891499818,0.039140052422461595,0.6142167541897385,False,False,none
42,23,stress,future_reachability_optimizer,1.0,1.0,1.0,0.08803265215151085,0.024561001516562344,0.5887522017699286,False,False,none
42,24,stress,future_reachability_optimizer,0.9430871610537321,1.0,0.9430871610537321,0.06014005741614503,0.0049616724064113285,0.673939075409547,False,False,none
42,25,stress,future_reachability_optimizer,0.8258700126649615,0.9467706295517823,0.781909471818744,0.14540524138231062,0.22069984006025561,0.6602529076691105,False,False,none
42,26,stress,future_reachability_optimizer,0.17917331428454314,1.0,0.17917331428454314,0.09658414608766819,0.07685391970507358,0.6359180975010824,False,False,none
42,27,stress,future_reachability_optimizer,0.7217487921102068,0.972220626667906,0.7016990629621894,0.1576808077882865,0.21528763150679486,0.6005353841012315,False,False,preserve_R
42,28,stress,future_reachability_optimizer,0.981405039950064,1.0,0.981405039950064,0.06,0.03984438593723463,0.7319786687848197,False,False,none
42,29,stress,future_reachability_optimizer,0.8205914629631914,1.0,0.8205914629631914,0.16290338378745706,0.19389715913296254,0.5449064028461196,False,False,preserve_R
44,0,stress,future_reachability_optimizer,0.8059675173164329,1.0,0.8059675173164329,0.13721696924706484,0.12362740594626095,0.5406726875521429,False,False,none
44,1,stress,future_reachability_optimizer,0.8399331155872239,1.0,0.8399331155872239,0.08934891933877509,0.05983764945717604,0.6391224477289659,False,False,none
44,2,stress,future_reachability_optimizer,0.7787003738498535,1.0,0.7787003738498535,0.13964950207525473,0.16005078978362375,0.5882074918438428,False,False,preserve_R
44,3,stress,future_reachability_optimizer,1.0,1.0,1.0,0.06,0.034035562140790385,0.7329435945469712,False,False,none
44,4,stress,future_reachability_optimizer,0.7595850258481621,1.0,0.7595850258481621,0.10695449716483774,0.10022870846762624,0.6297183835535842,False,False,none
44,5,stress,future_reachability_optimizer,0.9617976986028999,1.0,0.9617976986028999,0.11227459377773119,0.0928093871853839,0.5958040556363113,False,False,none
44,6,stress,future_reachability_optimizer,1.0,1.0,1.0,0.080719267941181,0.0396198203299576,0.6430677657675121,False,False,none
44,7,stress,future_reachability_optimizer,1.0,1.0,1.0,0.08810428465574668,0.10659228046953989,0.7183365913444937,False,False,none
44,8,stress,future_reachability_optimizer,0.7477704614407528,0.841638521132048,0.6293524253132242,0.22569816150526056,0.3615658956048811,0.5487369951024761,False,False,none
44,9,stress,future_reachability_optimizer,0.9816564404431137,1.0,0.9816564404431137,0.08296871099798447,0.022251067967500114,0.6061945617902732,False,False,none
44,10,stress,future_reachability_optimizer,1.0,1.0,1.0,0.0679276829360077,0.032636045236655586,0.6853083927246726,False,False,none
44,11,stress,future_reachability_optimizer,0.9038383166711326,1.0,0.9038383166711326,0.06,0.0,0.694848732620942,False,False,none
44,12,stress,future_reachability_optimizer,1.0,1.0,1.0,0.07414043917337076,0.014153494560661159,0.630157869832002,False,False,none
44,13,stress,future_reachability_optimizer,1.0,1.0,1.0,0.06,0.0,0.6674846587422327,False,False,none
44,14,stress,future_reachability_optimizer,1.0,1.0,1.0,0.08190210791852881,0.057962961125677184,0.6671825721217856,False,False,none
44,15,stress,future_reachability_optimizer,0.7997698252023653,1.0,0.7997698252023653,0.1637047933024634,0.20902163347986158,0.5655142809161835,False,False,none
44,16,stress,future_reachability_optimizer,1.0,1.0,1.0,0.09168580281206101,0.05916566014509865,0.6283214501794854,False,False,none
44,17,stress,future_reachability_optimizer,1.0,1.0,1.0,0.0789040459781738,0.005177406555294584,0.5960973688034923,False,False,none
44,18,stress,future_reachability_optimizer,0.9431609243775282,1.0,0.9431609243775282,0.09752419737687096,0.07534439881886112,0.6296111423929012,False,False,none
44,19,stress,future_reachability_optimizer,1.0,1.0,1.0,0.061444488885411236,0.008406356289181814,0.6739580271019912,False,False,none
44,20,stress,future_reachability_optimizer,0.31445504563273763,1.0,0.31445504563273763,0.13679400536179415,0.20547140891758844,0.6720213751120393,False,False,none
44,21,stress,future_reachability_optimizer,0.8264913697268583,1.0,0.8264913697268583,0.09407166376736562,0.05436947036444703,0.6107863957130177,False,False,none
44,22,stress,future_reachability_optimizer,1.0,1.0,1.0,0.0665826585273104,0.0013515805499386899,0.6413789253402763,False,False,preserve_R
44,23,stress,future_reachability_optimizer,1.0,1.0,1.0,0.08538010743888225,0.014657753211864499,0.5841243282567762,False,False,none
44,24,stress,future_reachability_optimizer,0.8344391994005386,1.0,0.8344391994005386,0.07218169261078919,0.0331189848039835,0.668348006728019,False,False,none
44,25,stress,future_reachability_optimizer,0.8662935924966637,1.0,0.8662935924966637,0.13409040713595416,0.16941765104726256,0.6262012510916901,False,False,none
44,26,stress,future_reachability_optimizer,0.1603143817386332,1.0,0.1603143817386332,0.09032260621241617,0.06692640184505064,0.6462892770362628,False,False,preserve_R
44,27,stress,future_reachability_optimizer,0.760494689170079,1.0,0.760494689170079,0.1425988970874351,0.1637819328440145,0.5818259891387101,False,False,none
44,28,stress,future_reachability_optimizer,1.0,1.0,1.0,0.06076016540601972,0.020212605836431558,0.6955026033826012,False,False,none
44,29,stress,future_reachability_optimizer,0.8413159822811916,1.0,0.8413159822811916,0.16188360457255002,0.20506543447967276,0.5668385855405236,False,False,none
46,0,stress,future_reachability_optimizer,0.8161828539015971,1.0,0.8161828539015971,0.14073436834829206,0.12851661309929382,0.533758102622665,False,False,none
46,1,stress,future_reachability_optimizer,0.7800334561695754,1.0,0.7800334561695754,0.06954688341292248,0.048035041276699726,0.702943467800931,False,False,none
46,2,stress,future_reachability_optimizer,0.9594332838397379,1.0,0.9594332838397379,0.1172760477587434,0.10907544383914675,0.6007192537505517,False,False,none
46,3,stress,future_reachability_optimizer,0.9954645746189129,1.0,0.9954645746189129,0.06,0.0,0.743877082558218,False,False,none
46,4,stress,future_reachability_optimizer,0.8004451909662172,1.0,0.8004451909662172,0.07311220905079885,0.018607326718189158,0.641494062925471,False,False,none
46,5,stress,future_reachability_optimizer,0.9798404361409105,0.9926764265675498,0.9726645027547486,0.07081787891479735,0.007320330923762566,0.6331826951509685,False,False,none
46,6,stress,future_reachability_optimizer,0.951661103553651,1.0,0.951661103553651,0.07313642831118586,0.03778883592318409,0.6717638722484338,False,False,none
46,7,stress,future_reachability_optimizer,0.9968140830313681,1.0,0.9968140830313681,0.10040194569058342,0.11005433750325933,0.6725779273360629,False,False,preserve_R
46,8,stress,future_reachability_optimizer,0.8009836087672875,0.9901163674004884,0.7930669810600006,0.17065707418946072,0.21922825619395722,0.5527069298510126,False,False,preserve_R
46,9,stress,future_reachability_optimizer,0.9622205599931531,0.9922535655192906,0.9547667814691746,0.06,0.0065332721073792805,0.6798350222084698,False,False,none
46,10,stress,future_reachability_optimizer,0.8745215825828646,1.0,0.8745215825828646,0.09124681842755766,0.07142744577986948,0.6495650457033031,False,False,none
46,11,stress,future_reachability_optimizer,0.8118176027993189,0.9639048635831152,0.7825149356806491,0.06288446485338478,0.0,0.6546480631108967,False,False,none
46,12,stress,future_reachability_optimizer,0.9989413953604755,1.0,0.9989413953604755,0.06208452064810027,0.0,0.657981163966249,False,False,none
46,13,stress,future_reachability_optimizer,0.9797410084904812,1.0,0.9797410084904812,0.08439391147836597,0.023891969603836737,0.6028543207128834,False,False,none
46,14,stress,future_reachability_optimizer,1.0,1.0,1.0,0.07987666935650467,0.06405761500556095,0.6852717681067021,False,False,none
46,15,stress,future_reachability_optimizer,0.752090112975705,1.0,0.752090112975705,0.14472459190607417,0.15806528557426117,0.5639175692172711,False,False,none
46,16,stress,future_reachability_optimizer,1.0,1.0,1.0,0.06970479234460045,0.020008213530783546,0.6579097033212388,False,False,none
46,17,stress,future_reachability_optimizer,1.0,0.9847438557192579,0.9847438557192579,0.0874473022117292,0.0,0.5523029074511284,False,False,preserve_R
46,18,stress,future_reachability_optimizer,0.9557259631358038,1.0,0.9557259631358038,0.10972693024646046,0.09620604102732681,0.6117973555996822,False,False,none
46,19,stress,future_reachability_optimizer,1.0,1.0,1.0,0.07604105617721091,0.03783173421559409,0.659729178436312,False,False,none
46,20,stress,future_reachability_optimizer,0.33325289857212925,0.9847408191934683,0.32816773233851637,0.11510489850529884,0.135533624030453,0.651657827609472,False,False,none
46,21,stress,future_reachability_optimizer,0.8558184944756941,1.0,0.8558184944756941,0.09076674081977879,0.0511983287536928,0.619535933777602,False,False,none
46,22,stress,future_reachability_optimizer,0.9195850988731085,1.0,0.9195850988731085,0.06982244394215537,0.013532900831540367,0.6471669098909583,False,False,none
46,23,stress,future_reachability_optimizer,0.7953360847633261,0.9403519430195575,0.7478958326607611,0.11584840759822107,0.1162204077874899,0.6179806140042712,False,False,none
46,24,stress,future_reachability_optimizer,0.7972693871911587,1.0,0.7972693871911587,0.0861627338270449,0.04774932494004481,0.6332583735423839,False,False,none
46,25,stress,future_reachability_optimizer,0.8640089458372401,1.0,0.8640089458372401,0.15511756579535788,0.2081208537110804,0.5998681608952194,False,False,none
46,26,stress,future_reachability_optimizer,0.2147451174905768,1.0,0.2147451174905768,0.11194069951798352,0.12271908614592314,0.6445523050727804,False,False,none
46,27,stress,future_reachability_optimizer,0.8122926934528576,1.0,0.8122926934528576,0.1511512984031892,0.17242450981446744,0.5598750638596185,False,False,none
46,28,stress,future_reachability_optimizer,0.9883542182378223,1.0,0.9883542182378223,0.06,0.0,0.7073228397744387,False,False,none
46,29,stress,future_reachability_optimizer,0.7677158263308786,1.0,0.7677158263308786,0.13945235511887244,0.13822702349945332,0.5544746408788326,False,False,none
48,0,stress,future_reachability_optimizer,0.8967014783870649,1.0,0.8967014783870649,0.1406714424115944,0.13041265108045463,0.5370223541624098,False,False,none
48,1,stress,future_reachability_optimizer,0.7740104783663906,1.0,0.7740104783663906,0.08599289893928497,0.06037306959581892,0.6539536146130259,False,False,none
48,2,stress,future_reachability_optimizer,1.0,1.0,1.0,0.10008706087870761,0.05587601789347019,0.5881076080033795,False,False,none
48,3,stress,future_reachability_optimizer,1.0,1.0,1.0,0.06,0.02818043175961532,0.7398673496977662,False,False,none
48,4,stress,future_reachability_optimizer,0.9141675731585773,0.9951814410893185,0.909762602853078,0.0756465223320861,0.032452421009207214,0.6528558235475528,False,False,none
48,5,stress,future_reachability_optimizer,1.0,1.0,1.0,0.06492242714816102,0.027064890153778755,0.6890092962928122,False,False,none
48,6,stress,future_reachability_optimizer,0.9224841433684569,1.0,0.9224841433684569,0.06,0.013946876830982845,0.6894779067292147,False,False,none
48,7,stress,future_reachability_optimizer,0.7512572324078143,0.8448449005823611,0.6346958418253595,0.22923935228160844,0.40642266182346876,0.6050052467137904,False,False,none
48,8,stress,future_reachability_optimizer,0.8831127280120298,1.0,0.8831127280120298,0.156063003280871,0.2032604633573408,0.5882332199788273,False,False,none
48,9,stress,future_reachability_optimizer,1.0,1.0,1.0,0.06,0.0,0.7049795204738514,False,False,none
48,10,stress,future_reachability_optimizer,0.9460165008723842,1.0,0.9460165008723842,0.08069947574207734,0.05243643020378191,0.6634431988973324,False,False,none
48,11,stress,future_reachability_optimizer,0.9256806494869091,1.0,0.9256806494869091,0.0625021081384027,0.0,0.6562412160899888,False,False,none
48,12,stress,future_reachability_optimizer,0.9886292965851735,1.0,0.9886292965851735,0.07322268140252045,0.031155307855011107,0.6609013982599324,False,False,none
48,13,stress,future_reachability_optimizer,0.9439926241324381,1.0,0.9439926241324381,0.08214134296743197,0.0,0.5744110709690334,False,False,none
48,14,stress,future_reachability_optimizer,0.9486593393182015,1.0,0.9486593393182015,0.07758348677116156,0.04549722981399861,0.6654394189923247,False,False,none
48,15,stress,future_reachability_optimizer,0.8460179520428683,1.0,0.8460179520428683,0.09664607981791337,0.0567119454472606,0.6037685810501903,False,False,none
48,16,stress,future_reachability_optimizer,1.0,1.0,1.0,0.08653223760122936,0.05359036766617074,0.6409670921329814,False,False,none
48,17,stress,future_reachability_optimizer,0.9093731458022398,1.0,0.9093731458022398,0.07740343611938491,0.010766612458371402,0.6111994858949843,False,False,preserve_R
48,18,stress,future_reachability_optimizer,1.0,1.0,1.0,0.08820694683827926,0.05748120256505456,0.6401496255685062,False,False,none
48,19,stress,future_reachability_optimizer,1.0,1.0,1.0,0.08183801438575908,0.04855575954145744,0.6525548926666448,False,False,preserve_R
48,20,stress,future_reachability_optimizer,0.5130227903713049,1.0,0.5130227903713049,0.09509558084748901,0.07435485038672607,0.6381635929144454,False,False,none
48,21,stress,future_reachability_optimizer,0.867699251768472,0.9961812977650789,0.8643857666965044,0.08473721758844369,0.03777058777355455,0.6233983573562794,False,False,none
48,22,stress,future_reachability_optimizer,1.0,1.0,1.0,0.07517745640723922,0.011696838437507271,0.6219472591625564,False,False,none
48,23,stress,future_reachability_optimizer,0.8369840058432816,1.0,0.8369840058432816,0.0864275804652774,0.052991038928193186,0.6404542263643167,False,False,none
48,24,stress,future_reachability_optimizer,0.9977466291627426,1.0,0.9977466291627426,0.06,0.0,0.6738602727351319,False,False,none
48,25,stress,future_reachability_optimizer,0.8025050403092718,0.9830966491137553,0.7889400160249442,0.11790642078877597,0.15010248495158204,0.6630521812201051,False,False,preserve_R
48,26,stress,future_reachability_optimizer,0.09539136754418134,1.0,0.09539136754418134,0.12866387213478314,0.1959784099046692,0.6908663484541299,True,False,lower_floor
48,27,stress,future_reachability_optimizer,0.8686529617404563,1.0,0.8686529617404563,0.1313200689002504,0.12670417154095448,0.5701146511888013,False,False,none
48,28,stress,future_reachability_optimizer,1.0,1.0,1.0,0.06,0.02226041154210968,0.706106119066143,False,False,none
48,29,stress,future_reachability_optimizer,0.8755269487757718,1.0,0.8755269487757718,0.154698266648314,0.16908539131127445,0.5398090918748764,False,False,none
50,0,stress,future_reachability_optimizer,0.9264333773824138,1.0,0.9264333773824138,0.1301484865678918,0.10245584338251022,0.5366030579894254,False,False,none
50,1,stress,future_reachability_optimizer,0.7628792228811504,1.0,0.7628792228811504,0.10715223254451536,0.0932669484087488,0.6178716993783717,False,False,none
50,2,stress,future_reachability_optimizer,1.0,1.0,1.0,0.10007433592848505,0.050525955387078575,0.57968969632752,False,False,none
50,3,stress,future_reachability_optimizer,0.9566105787508085,1.0,0.9566105787508085,0.06,0.02306205064101862,0.7104665468129546,False,False,none
50,4,stress,future_reachability_optimizer,0.9513204713737973,1.0,0.9513204713737973,0.07776715375133614,0.036656067987256166,0.6506756336825884,False,False,none
50,5,stress,future_reachability_optimizer,1.0,1.0,1.0,0.08666745815390253,0.056588543021779486,0.6451507841432237,False,False,none
50,6,stress,future_reachability_optimizer,0.9840765259307185,1.0,0.9840765259307185,0.06,0.010347594424876516,0.6899434920392822,False,False,none
50,7,stress,future_reachability_optimizer,0.6069855564701073,1.0,0.6069855564701073,0.18031351467559156,0.24671083633306484,0.5559858463790546,False,False,preserve_R
50,8,stress,future_reachability_optimizer,0.878155139061294,1.0,0.878155139061294,0.17307489288684869,0.23765650539319472,0.5718107465106889,False,False,none
50,9,stress,future_reachability_optimizer,0.8797631661990604,1.0,0.8797631661990604,0.06,0.0,0.7236037231591916,False,False,none
50,10,stress,future_reachability_optimizer,0.9894168844608046,1.0,0.9894168844608046,0.09441305262413,0.0790454883577077,0.6484343039658288,False,False,none
50,11,stress,future_reachability_optimizer,0.9078417852325525,1.0,0.9078417852325525,0.12446507045998167,0.12815200947281716,0.6009695547487035,False,False,preserve_R
50,12,stress,future_reachability_optimizer,1.0,1.0,1.0,0.06970945691950584,0.008929652614569789,0.6403492128084611,False,False,none
50,13,stress,future_reachability_optimizer,0.950024627470865,1.0,0.950024627470865,0.06780330896567044,0.0,0.6341528793097065,False,False,none
50,14,stress,future_reachability_optimizer,0.9824805290417176,1.0,0.9824805290417176,0.0653394592350468,0.007662597818332225,0.6565513663996644,False,False,none
50,15,stress,future_reachability_optimizer,0.8310224998255262,1.0,0.8310224998255262,0.1009538671939518,0.08344333047595524,0.6281441599454635,False,False,none
50,16,stress,future_reachability_optimizer,0.9818790710164571,1.0,0.9818790710164571,0.09392137621597765,0.06101926480321894,0.6219414350385231,False,False,none
50,17,stress,future_reachability_optimizer,1.0,1.0,1.0,0.07160240821806549,0.0,0.6183232990913938,False,False,none
50,18,stress,future_reachability_optimizer,1.0,1.0,1.0,0.07237959793115112,0.03971105173113093,0.6779608405278277,False,False,none
50,19,stress,future_reachability_optimizer,0.9212658092392885,1.0,0.9212658092392885,0.07756303089193553,0.0293655602732514,0.63998284171625,False,False,none
50,20,stress,future_reachability_optimizer,0.45976832668764334,1.0,0.45976832668764334,0.1245965033307879,0.15260482054003138,0.6391388686434335,False,False,none
50,21,stress,future_reachability_optimizer,1.0,0.9974925969403792,0.9974925969403792,0.07367299072138381,0.03336622941730593,0.6625257352383019,False,False,none
50,22,stress,future_reachability_optimizer,0.9939452225804458,1.0,0.9939452225804458,0.07682184644259346,0.02412040454256238,0.634766280348251,False,False,none
50,23,stress,future_reachability_optimizer,0.7286150929964581,0.9713561020342139,0.7077447166163358,0.11263026084978436,0.12332868903433455,0.6426443374302615,False,False,none
50,24,stress,future_reachability_optimizer,1.0,1.0,1.0,0.06,0.0,0.7142734348278089,False,False,none
50,25,stress,future_reachability_optimizer,0.8997960024854108,1.0,0.8997960024854108,0.09900736692741932,0.08703469804053293,0.64194090969993,False,False,preserve_R
50,26,stress,future_reachability_optimizer,0.19593543490738063,1.0,0.19593543490738063,0.06,0.023352196808842537,0.7792895137900567,False,False,lower_floor
50,27,stress,future_reachability_optimizer,0.9623583040935844,0.9887228355354589,0.9515056312245042,0.13726577485660013,0.13529851954955227,0.5589485940509571,False,False,none
50,28,stress,future_reachability_optimizer,1.0,1.0,1.0,0.08598375384636,0.10478183876049998,0.724305603677625,False,False,none
50,29,stress,future_reachability_optimizer,0.8504466939884019,1.0,0.8504466939884019,0.10579190410312622,0.07902068467443066,0.6009831503048226,False,False,none
52,0,stress,future_reachability_optimizer,0.8830287419558388,1.0,0.8830287419558388,0.14288701585067812,0.14916779996662832,0.557486450569336,False,False,none
52,1,stress,future_reachability_optimizer,0.7831997145452644,1.0,0.7831997145452644,0.10460596442573514,0.09068481700007773,0.6243927751428933,False,False,none
52,2,stress,future_reachability_optimizer,1.0,1.0,1.0,0.11877826646360132,0.0941881409893095,0.5708884463014012,False,False,none
52,3,stress,future_reachability_optimizer,1.0,1.0,1.0,0.06,0.01032007661089803,0.713009379966806,False,False,none
52,4,stress,future_reachability_optimizer,1.0,1.0,1.0,0.06148098704793312,0.0,0.6604958873002788,False,False,none
52,5,stress,future_reachability_optimizer,0.9548576943102471,1.0,0.9548576943102471,0.08495569142882228,0.04637205394959671,0.6361070378001019,False,False,preserve_R
52,6,stress,future_reachability_optimizer,1.0,1.0,1.0,0.08844253914216177,0.07448054328382177,0.6660836137737104,False,False,none
52,7,stress,future_reachability_optimizer,0.6278415417445494,1.0,0.6278415417445494,0.13285947628437336,0.138842655148667,0.582919719467167,False,False,none
52,8,stress,future_reachability_optimizer,0.9349870824268979,1.0,0.9349870824268979,0.16770609399525116,0.2221318194861394,0.5695999892061742,False,False,preserve_R
52,9,stress,future_reachability_optimizer,0.9924758830357016,1.0,0.9924758830357016,0.06722867344852537,0.02774235419805856,0.6804725881114038,False,False,none
52,10,stress,future_reachability_optimizer,1.0,1.0,1.0,0.09040660446701701,0.08425564117915266,0.6733772465877543,False,False,none
52,11,stress,future_reachability_optimizer,1.0,1.0,1.0,0.10986419499301611,0.09921318662444517,0.6159867330178043,False,False,preserve_R
52,12,stress,future_reachability_optimizer,0.9793992119976037,1.0,0.9793992119976037,0.06711175802747513,0.01780493956650565,0.6652254958658209,False,False,none
52,13,stress,future_reachability_optimizer,0.9593028066632859,1.0,0.9593028066632859,0.06063839800931781,0.002386898830088788,0.6677859314421497,False,False,none
52,14,stress,future_reachability_optimizer,0.9849902411862939,1.0,0.9849902411862939,0.0769079897196718,0.047822551359241336,0.6719357491534996,False,False,none
52,15,stress,future_reachability_optimizer,0.9537166269636916,1.0,0.9537166269636916,0.07408802106186052,0.04136799746982289,0.6734659082361341,False,False,none
52,16,stress,future_reachability_optimizer,0.7372276968156828,0.9350880608317631,0.6893728174068438,0.1392871605741076,0.1661818707894452,0.5994247930245067,False,False,none
52,17,stress,future_reachability_optimizer,1.0,1.0,1.0,0.08784559862545957,0.033795689347744955,0.6041531805278479,False,False,none
52,18,stress,future_reachability_optimizer,0.9620708196502002,1.0,0.9620708196502002,0.06,0.0,0.6712546588347226,False,False,none
52,19,stress,future_reachability_optimizer,0.882177516833161,1.0,0.882177516833161,0.06685518946307081,0.002396538070547339,0.6418978958489049,False,False,none
52,20,stress,future_reachability_optimizer,0.2541228105770241,0.9769935477055518,0.24827634625855272,0.16586615584973405,0.2599114547195048,0.6370841539319907,False,False,none
52,21,stress,future_reachability_optimizer,1.0,1.0,1.0,0.07637111164319657,0.041323061352660166,0.6638818819617262,False,False,none
52,22,stress,future_reachability_optimizer,0.98503570942457,1.0,0.98503570942457,0.09915309646047255,0.06774618026493189,0.6107935501675066,False,False,none
52,23,stress,future_reachability_optimizer,0.8887127621433998,1.0,0.8887127621433998,0.11218002487513873,0.07084887566851601,0.561427282828739,False,False,none
52,24,stress,future_reachability_optimizer,0.9914424911048206,1.0,0.9914424911048206,0.06325577226099258,0.0,0.653100948912531,False,False,none
52,25,stress,future_reachability_optimizer,0.8462518037696298,1.0,0.8462518037696298,0.10360627451214771,0.10532149135556408,0.6517328841790277,False,False,none
52,26,stress,future_reachability_optimizer,0.2480606921035758,1.0,0.2480606921035758,0.06,0.04026094675795929,0.7536514762967925,False,False,none
52,27,stress,future_reachability_optimizer,0.9941775193869257,1.0,0.9941775193869257,0.13386016292872532,0.1324032491035041,0.5685544655441926,False,False,none
52,28,stress,future_reachability_optimizer,1.0,1.0,1.0,0.08895459602500302,0.08782042514631351,0.6850715230441505,False,False,none
52,29,stress,future_reachability_optimizer,0.8012472957517565,0.9396443910423785,0.7528875272910117,0.17642249164783294,0.24887689532742996,0.5756280357357935,False,False,none
54,0,stress,future_reachability_optimizer,0.9747727198109232,1.0,0.9747727198109232,0.14280413352708485,0.17943073907051688,0.6057481138321316,False,False,none
54,1,stress,future_reachability_optimizer,0.7092101118615614,1.0,0.7092101118615614,0.09666936646693033,0.07372606166430176,0.6306105706896015,False,False,none
54,2,stress,future_reachability_optimizer,0.9829841661391311,0.9942572403981773,0.9773391243805959,0.11020651364934,0.06814435539462985,0.5653680891692472,False,False,none
54,3,stress,future_reachability_optimizer,1.0,0.9954399101006696,0.9954399101006696,0.06,0.009406352126497979,0.7347289016563588,False,False,none
54,4,stress,future_reachability_optimizer,1.0,1.0,1.0,0.08343355463513208,0.06934764196895105,0.6788272888044555,False,False,none
54,5,stress,future_reachability_optimizer,1.0,0.985700411144018,0.985700411144018,0.06,0.004786488914661019,0.6974154755003568,False,False,none
54,6,stress,future_reachability_optimizer,0.9782959615301607,1.0,0.9782959615301607,0.06163535501470707,0.016242471386584384,0.6855699338008125,False,False,none
54,7,stress,future_reachability_optimizer,0.6299772539021791,0.9845984347150062,0.6202746180981435,0.11878033227275292,0.10052985789838959,0.5809208905359797,False,False,none
54,8,stress,future_reachability_optimizer,0.993863911197908,1.0,0.993863911197908,0.15412849595416356,0.19199727498861957,0.5784602855896328,False,False,preserve_R
54,9,stress,future_reachability_optimizer,1.0,1.0,1.0,0.06394791809272718,0.0,0.6502170079469701,False,False,none
54,10,stress,future_reachability_optimizer,1.0,1.0,1.0,0.07777024051592496,0.06956790338833149,0.7027731782151709,False,False,none
54,11,stress,future_reachability_optimizer,1.0,1.0,1.0,0.1213254399633242,0.09445237276783487,0.5606935903685545,False,False,none
54,12,stress,future_reachability_optimizer,1.0,0.9826660334552482,0.9826660334552482,0.060179699277349424,0.0,0.6659179196777107,False,False,none
54,13,stress,future_reachability_optimizer,0.9947209102751637,1.0,0.9947209102751637,0.06397448111202647,0.0,0.6501063286998897,False,False,none
54,14,stress,future_reachability_optimizer,1.0,1.0,1.0,0.09926377231968464,0.07960396472058,0.6291072261422324,False,False,none
54,15,stress,future_reachability_optimizer,1.0,1.0,1.0,0.0676962018718566,0.028614682603784268,0.6799057396565893,False,False,none
54,16,stress,future_reachability_optimizer,0.7397776403465984,1.0,0.7397776403465984,0.10706476300569023,0.0655268666934603,0.5743143597409363,False,False,preserve_R
54,17,stress,future_reachability_optimizer,1.0,1.0,1.0,0.09023938314440902,0.05518558704647804,0.6280464163885526,False,False,none
54,18,stress,future_reachability_optimizer,1.0,1.0,1.0,0.06,0.0,0.6794540201850717,False,False,none
54,19,stress,future_reachability_optimizer,0.8962306462219061,1.0,0.8962306462219061,0.07895428673230631,0.009525088827559392,0.6027718625923595,False,False,none
54,20,stress,future_reachability_optimizer,0.3121066382735711,1.0,0.3121066382735711,0.11553646658222094,0.1472249554736884,0.6683709020740861,False,False,none
54,21,stress,future_reachability_optimizer,0.9828978289543796,0.9996131639267842,0.9825176086178546,0.06974437238069883,0.03907267869212192,0.6879301896762813,False,False,none
54,22,stress,future_reachability_optimizer,0.8483655299467192,1.0,0.8483655299467192,0.08734513066654831,0.03794455360756133,0.6128074987680209,False,False,none
54,23,stress,future_reachability_optimizer,0.9139164532906967,1.0,0.9139164532906967,0.11295909553753733,0.09652107728470596,0.5988288076277124,False,False,none
54,24,stress,future_reachability_optimizer,0.994505324811721,1.0,0.994505324811721,0.08941147174178055,0.07166439962879653,0.6575875004881756,False,False,none
54,25,stress,future_reachability_optimizer,0.6572456888701437,0.9320756014079045,0.6126026707263916,0.18099978536079828,0.2856676674210112,0.6148080344132749,False,False,none
54,26,stress,future_reachability_optimizer,0.27242032056528415,0.9980893001735224,0.2718998071060511,0.06,0.010072665592922948,0.7314637438966589,False,False,none
54,27,stress,future_reachability_optimizer,1.0,1.0,1.0,0.16360290630859323,0.19597199543388677,0.5452768831511823,False,False,none
54,28,stress,future_reachability_optimizer,0.9382730229494335,1.0,0.9382730229494335,0.07365466834376547,0.0670327466751095,0.7159073974699006,False,False,preserve_R
54,29,stress,future_reachability_optimizer,0.9134030339668446,1.0,0.9134030339668446,0.13510643341722794,0.14907430396753626,0.5897575087101493,False,False,none
56,0,stress,future_reachability_optimizer,1.0,1.0,1.0,0.1479236540950408,0.16432335045989785,0.5604967461655016,False,False,none
56,1,stress,future_reachability_optimizer,0.7872125697791714,1.0,0.7872125697791714,0.11646612951509103,0.11513708267042695,0.6136915079152968,False,False,none
56,2,stress,future_reachability_optimizer,0.9952766413779929,1.0,0.9952766413779929,0.09109469548435295,0.05536495239927014,0.6247666101140404,False,False,none
56,3,stress,future_reachability_optimizer,1.0,1.0,1.0,0.06,0.0009157964460049001,0.6965195808662403,False,False,none
56,4,stress,future_reachability_optimizer,1.0,1.0,1.0,0.06,0.013460691133180457,0.6913830897209693,False,False,none
56,5,stress,future_reachability_optimizer,1.0,1.0,1.0,0.06,0.0,0.6882242490243087,False,False,none
56,6,stress,future_reachability_optimizer,1.0,1.0,1.0,0.06536891220295771,0.005781128431197078,0.6534496525037382,False,False,none
56,7,stress,future_reachability_optimizer,0.6365519725047424,1.0,0.6365519725047424,0.12672843868071781,0.13649511132559125,0.6047487650958621,False,False,none
56,8,stress,future_reachability_optimizer,0.8947303558588089,1.0,0.8947303558588089,0.15127820238935852,0.186448804120916,0.5815514299024566,False,False,none
56,9,stress,future_reachability_optimizer,0.9827684287185273,1.0,0.9827684287185273,0.0787467050542558,0.024774951167770436,0.627782401622904,False,False,none
56,10,stress,future_reachability_optimizer,1.0,1.0,1.0,0.10259672394377076,0.126247537787814,0.6890722517316608,False,False,none
56,11,stress,future_reachability_optimizer,1.0,1.0,1.0,0.09457441007463757,0.05665950305240103,0.6123175045219784,False,False,none
56,12,stress,future_reachability_optimizer,1.0,1.0,1.0,0.0660723493213258,0.0,0.6413652111611425,False,False,none
56,13,stress,future_reachability_optimizer,0.9896143147789573,0.9922597036942689,0.9819544067541751,0.08171347568175066,0.05436395249772806,0.6622701094474418,False,False,preserve_R
56,14,stress,future_reachability_optimizer,0.9975909553334334,1.0,0.9975909553334334,0.07561208998216379,0.017045069644945683,0.6286043186788149,False,False,none
56,15,stress,future_reachability_optimizer,1.0,1.0,1.0,0.07664483768577374,0.05763340482774457,0.6885660672865384,False,False,none
56,16,stress,future_reachability_optimizer,0.6910787127237161,1.0,0.6910787127237161,0.08346608700930536,0.01793524797733769,0.5972887800920124,False,False,none
56,17,stress,future_reachability_optimizer,0.9939143160948704,1.0,0.9939143160948704,0.08464124492292918,0.05403804795556577,0.649555055417441,False,False,none
56,18,stress,future_reachability_optimizer,0.8948505332268861,1.0,0.8948505332268861,0.08528123627288253,0.036872101055926206,0.619709008868206,False,False,none
56,19,stress,future_reachability_optimizer,0.8802652271119491,1.0,0.8802652271119491,0.06672887736495178,0.0,0.6386296776460343,False,False,none
56,20,stress,future_reachability_optimizer,0.36497493443659806,1.0,0.36497493443659806,0.10802562058831944,0.12120280424178168,0.6584643542648233,False,False,none
56,21,stress,future_reachability_optimizer,1.0,0.9593755442618819,0.9593755442618819,0.0632671493131054,0.0,0.6530535445287275,False,False,none
56,22,stress,future_reachability_optimizer,0.898506644508516,1.0,0.898506644508516,0.09460619050327387,0.048292010310101205,0.5989365558940192,False,False,none
56,23,stress,future_reachability_optimizer,1.0,1.0,1.0,0.11698725592813541,0.11475928887834369,0.6109219743568133,False,False,none
56,24,stress,future_reachability_optimizer,1.0,1.0,1.0,0.09129430240260508,0.05232414616150356,0.6191203047448595,False,False,none
56,25,stress,future_reachability_optimizer,0.6809057008295284,1.0,0.6809057008295284,0.15546800064137536,0.20509162384989688,0.5936117350899395,False,False,none
56,26,stress,future_reachability_optimizer,0.3473730608464715,1.0,0.3473730608464715,0.06,0.0,0.7278654961616542,False,False,none
56,27,stress,future_reachability_optimizer,0.9710950285206267,1.0,0.9710950285206267,0.14194232206534999,0.1551654682711178,0.570918982823645,False,False,preserve_R
56,28,stress,future_reachability_optimizer,0.888516496555323,1.0,0.888516496555323,0.10612552839722261,0.12572198801399537,0.6735367793670651,False,False,none
56,29,stress,future_reachability_optimizer,0.9265581452722919,0.9106411793719654,0.8437620021674608,0.11564502240279162,0.10861249168919646,0.6067821851629294,False,False,preserve_R
58,0,stress,future_reachability_optimizer,0.9705247672964193,1.0,0.9705247672964193,0.08864427395490318,0.04866424104674698,0.6243672401785861,False,False,none
58,1,stress,future_reachability_optimizer,0.7495307243932061,1.0,0.7495307243932061,0.10753054591078129,0.09044926645603514,0.6118340639271336,False,False,none
58,2,stress,future_reachability_optimizer,0.8503392065761544,1.0,0.8503392065761544,0.10391660641827455,0.09719014607524572,0.6375652045429951,False,False,none
58,3,stress,future_reachability_optimizer,1.0,1.0,1.0,0.06133840231620252,0.0,0.6610899903491562,False,False,none
58,4,stress,future_reachability_optimizer,0.9472901265529785,1.0,0.9472901265529785,0.0687927976547748,0.0,0.6300300097717717,False,False,none
58,5,stress,future_reachability_optimizer,0.9176822296565386,0.9674157706065147,0.8877802613750849,0.08836363509985382,0.08602367812706813,0.6846890107851337,False,False,none
58,6,stress,future_reachability_optimizer,1.0,1.0,1.0,0.07872387095350927,0.033794932564608006,0.6421591809210074,False,False,preserve_R
58,7,stress,future_reachability_optimizer,0.665671761956744,1.0,0.665671761956744,0.12690363249451816,0.12324386954491572,0.5830376580522909,False,False,none
58,8,stress,future_reachability_optimizer,0.9103327507700087,1.0,0.9103327507700087,0.16416235175808153,0.21692523389404278,0.576121821340228,False,False,none
58,9,stress,future_reachability_optimizer,0.6443097837793866,0.8983597624362727,0.578821984291416,0.15805132552786316,0.21205895517592382,0.5938794893291163,False,False,none
58,10,stress,future_reachability_optimizer,0.9874989203803841,1.0,0.9874989203803841,0.10322663135919838,0.12029997225962179,0.6770306587477413,False,False,none
58,11,stress,future_reachability_optimizer,0.9653893489874662,0.999622895845303,0.9650252966530627,0.07607403445680394,0.007305833071972065,0.6112590921272727,False,False,none
58,12,stress,future_reachability_optimizer,1.0,1.0,1.0,0.0665164053135805,0.0,0.6395149778600813,False,False,none
58,13,stress,future_reachability_optimizer,0.9413724191456491,1.0,0.9413724191456491,0.06500878865479115,0.0,0.6457967139383702,False,False,preserve_R
58,14,stress,future_reachability_optimizer,0.9956714271078672,1.0,0.9956714271078672,0.06434430257895007,0.013855910182537347,0.6705039303767255,False,False,none
58,15,stress,future_reachability_optimizer,0.9916993123866298,1.0,0.9916993123866298,0.06691456517049449,0.03767424244468306,0.6975068623270212,False,False,none
58,16,stress,future_reachability_optimizer,0.7067477589545015,1.0,0.7067477589545015,0.07158456954595313,0.0,0.618397626891862,False,False,none
58,17,stress,future_reachability_optimizer,1.0,1.0,1.0,0.06745432144498717,0.014216506411719853,0.6581164624644433,False,False,none
58,18,stress,future_reachability_optimizer,1.0,0.9774533624091986,0.9774533624091986,0.08681047179247747,0.04395403365614438,0.6245502541535725,False,False,none
58,19,stress,future_reachability_optimizer,0.9486666915964408,0.9937740196580571,0.9427603114235054,0.07872472679654755,0.0297135193510114,0.6356933773201533,False,False,none
58,20,stress,future_reachability_optimizer,0.48466884080215517,1.0,0.48466884080215517,0.08870221308544818,0.06646936519330694,0.6523172737000353,False,False,none
58,21,stress,future_reachability_optimizer,1.0,1.0,1.0,0.07819748617151775,0.043216139666400775,0.6592693620904773,False,False,none
58,22,stress,future_reachability_optimizer,0.9714993736168241,1.0,0.9714993736168241,0.07644973420984691,0.0,0.5981261074589712,False,False,none
58,23,stress,future_reachability_optimizer,0.9991165749476197,1.0,0.9991165749476197,0.13740407258057918,0.15891309082353638,0.5957620913848526,False,False,none
58,24,stress,future_reachability_optimizer,1.0,1.0,1.0,0.08715016314032972,0.06039187690770063,0.6491614586858189,False,False,none
58,25,stress,future_reachability_optimizer,0.21803221259862443,0.94737202672638,0.20655761914119578,0.27616823379763733,0.5064865842174244,0.5679027841874333,True,False,preserve_R
58,26,stress,future_reachability_optimizer,0.3690009169851339,0.9331291471943955,0.3443255109802879,0.06,0.023661560906110993,0.7245123057243184,False,False,none
58,27,stress,future_reachability_optimizer,0.6847400391474274,0.9661765118144109,0.6615797425231246,0.21843218652729415,0.35103628292835726,0.5623400041061732,False,False,preserve_R
58,28,stress,future_reachability_optimizer,0.8214634632481601,1.0,0.8214634632481601,0.09668931863841426,0.09488322594098893,0.6640262800798398,False,False,none
58,29,stress,future_reachability_optimizer,0.96765301848823,1.0,0.96765301848823,0.07363466866825585,0.010030221357943514,0.6257367310323445,False,False,none
60,0,stress,future_reachability_optimizer,1.0,1.0,1.0,0.09783578234724741,0.0662934297969458,0.6139821707316333,False,False,none
60,1,stress,future_reachability_optimizer,0.7131485758270033,1.0,0.7131485758270033,0.13030948491313216,0.15054330879318584,0.6120707184511603,False,False,none
60,2,stress,future_reachability_optimizer,0.9721598649299736,0.9997830272363357,0.9719489327173563,0.09908768926927469,0.07429782080370317,0.6214395109838855,False,False,none
60,3,stress,future_reachability_optimizer,1.0,1.0,1.0,0.08894459577942115,0.0804539724689284,0.6734496406615484,False,False,none
60,4,stress,future_reachability_optimizer,1.0,0.9888882833563368,0.9888882833563368,0.08285488577578709,0.017000669137996798,0.5983557020693822,False,False,none
60,5,stress,future_reachability_optimizer,0.9377840780321846,1.0,0.9377840780321846,0.09252473279535822,0.0834631965350174,0.6632970078664517,False,False,none
60,6,stress,future_reachability_optimizer,1.0,1.0,1.0,0.07019579440487067,0.012582094489313125,0.6441058395877847,False,False,none
60,7,stress,future_reachability_optimizer,0.6846691916009204,1.0,0.6846691916009204,0.09028722740132131,0.046666437449907096,0.6143584117901808,False,False,none
60,8,stress,future_reachability_optimizer,0.8907091571931982,1.0,0.8907091571931982,0.14202708490537677,0.16636485752798114,0.5882981706469003,False,False,none
60,9,stress,future_reachability_optimizer,0.5493206194255607,1.0,0.5493206194255607,0.15292529883082906,0.20017423227513534,0.5964204559738433,False,False,preserve_R
60,10,stress,future_reachability_optimizer,0.9780338246464387,1.0,0.9780338246464387,0.08035827083419231,0.05724888559585174,0.6724846070509639,False,False,none
60,11,stress,future_reachability_optimizer,0.9542224032628047,1.0,0.9542224032628047,0.07949419973580887,0.0,0.5854408344341298,False,False,none
60,12,stress,future_reachability_optimizer,0.9544942149381955,1.0,0.9544942149381955,0.07714506398695439,0.044546597480060984,0.6657610127311199,False,False,none
60,13,stress,future_reachability_optimizer,0.9898970095226365,1.0,0.9898970095226365,0.06982694790456662,0.015665830860109062,0.6505252825928118,False,False,none
60,14,stress,future_reachability_optimizer,0.9997692567167192,1.0,0.9997692567167192,0.08133456071273576,0.05005998679916936,0.6570343094622859,False,False,none
60,15,stress,future_reachability_optimizer,1.0,1.0,1.0,0.08149217958355515,0.07079454975811834,0.6892072888522076,False,False,none
60,16,stress,future_reachability_optimizer,0.6471201577622041,1.0,0.6471201577622041,0.07323204514301818,0.02076423042761348,0.6444098434144789,False,False,none
60,17,stress,future_reachability_optimizer,1.0,0.9940586929293023,0.9940586929293023,0.07672799249082571,0.04101967967250257,0.661914524103022,False,False,none
60,18,stress,future_reachability_optimizer,0.9697710218234292,1.0,0.9697710218234292,0.06699274404609454,0.0,0.6375302331412728,False,False,none
60,19,stress,future_reachability_optimizer,1.0,1.0,1.0,0.08336151871683897,0.03962471463753797,0.6320661368559395,False,False,none
60,20,stress,future_reachability_optimizer,0.49409563070455453,1.0,0.49409563070455453,0.09255295680207701,0.047628870229361416,0.6064417245211682,False,False,none
60,21,stress,future_reachability_optimizer,1.0,1.0,1.0,0.06,0.0,0.6741342924796011,False,False,preserve_R
60,22,stress,future_reachability_optimizer,0.8530628250143095,1.0,0.8530628250143095,0.09380884134995651,0.07744417449479518,0.6484164373252737,False,False,none
60,23,stress,future_reachability_optimizer,0.9923920110829624,1.0,0.9923920110829624,0.10607513055461343,0.0861806629827591,0.6111396724118128,False,False,none
60,24,stress,future_reachability_optimizer,1.0,1.0,1.0,0.08283564584458644,0.02108496876985609,0.6049026761998286,False,False,none
60,25,stress,future_reachability_optimizer,0.1976107530341797,1.0,0.1976107530341797,0.12516692333415805,0.20833318535196893,0.7249986962482924,False,False,lower_floor
60,26,stress,future_reachability_optimizer,0.4666983782715443,1.0,0.4666983782715443,0.07571251902216267,0.061455258202943085,0.6985019962289822,False,False,none
60,27,stress,future_reachability_optimizer,0.6409171582176126,0.9958421334644741,0.6382523102134153,0.20292882561758963,0.27871568623787085,0.5124297298033388,False,False,none
60,28,stress,future_reachability_optimizer,0.9326333278416221,1.0,0.9326333278416221,0.09149322884903274,0.07831078423060545,0.6594369548274889,False,False,none
60,29,stress,future_reachability_optimizer,0.9737091716770336,1.0,0.9737091716770336,0.06748913094601361,0.0,0.63546195439161,False,False,none
62,0,stress,future_reachability_optimizer,1.0,1.0,1.0,0.09661747498301013,0.04619846712202428,0.5872414271806629,False,False,none
62,1,stress,future_reachability_optimizer,0.8148012614531845,1.0,0.8148012614531845,0.1388091690037094,0.19157423336054485,0.6416209986387402,False,False,none
62,2,stress,future_reachability_optimizer,0.9829140600231139,1.0,0.9829140600231139,0.06107427168873844,0.0,0.6621905346302566,False,False,preserve_R
62,3,stress,future_reachability_optimizer,0.9949897741607812,1.0,0.9949897741607812,0.07866607661297323,0.05220550739465721,0.6715500674874855,False,False,none
62,4,stress,future_reachability_optimizer,0.9764107582118753,1.0,0.9764107582118753,0.09185350079268384,0.05567921195343406,0.6221024989567546,False,False,none
62,5,stress,future_reachability_optimizer,1.0,1.0,1.0,0.1015384644243569,0.10728727096312954,0.6634612439234681,False,False,none
62,6,stress,future_reachability_optimizer,0.9682697693478726,1.0,0.9682697693478726,0.08972176689054817,0.04415089982695951,0.6127315626820685,False,False,none
62,7,stress,future_reachability_optimizer,0.6553616830266489,1.0,0.6553616830266489,0.12112054721701379,0.12010418534672725,0.6021626800614273,False,False,none
62,8,stress,future_reachability_optimizer,0.512245669601607,0.952256653470818,0.4877893470897446,0.2233178393652747,0.3667709933696063,0.5668964088132321,False,False,preserve_R
62,9,stress,future_reachability_optimizer,0.5545354618565268,0.9965183860514645,0.5526047834575696,0.13173946310501589,0.1350220150235907,0.5815370941831193,False,False,none
62,10,stress,future_reachability_optimizer,1.0,0.960088957691763,0.960088957691763,0.06,0.0,0.6799316909764458,False,False,none
62,11,stress,future_reachability_optimizer,0.977936250404151,0.9882431112561861,0.9664387627096069,0.06711720366428209,0.0,0.6370116513988247,False,False,none
62,12,stress,future_reachability_optimizer,0.9326519059499151,1.0,0.9326519059499151,0.06,0.0006234642489544723,0.668524453204361,False,False,none
62,13,stress,future_reachability_optimizer,0.7257429808536654,1.0,0.7257429808536654,0.14606612046757275,0.1782997793435311,0.5903658153457044,False,False,preserve_R
62,14,stress,future_reachability_optimizer,1.0,1.0,1.0,0.0920114353824773,0.0671690700845357,0.6396367135401928,False,False,none
62,15,stress,future_reachability_optimizer,1.0,1.0,1.0,0.08476109591182293,0.08427571123809327,0.6969319764943854,False,False,preserve_R
62,16,stress,future_reachability_optimizer,0.7989337103323779,1.0,0.7989337103323779,0.08995385872504053,0.06951511896808132,0.6519245270117933,False,False,none
62,17,stress,future_reachability_optimizer,0.9546812059012119,1.0,0.9546812059012119,0.10974739566646327,0.10567324648481553,0.6267018249906943,False,False,none
62,18,stress,future_reachability_optimizer,0.9999416112069957,1.0,0.9999416112069957,0.06212319862597612,0.0,0.6578200057250995,False,False,none
62,19,stress,future_reachability_optimizer,0.8988685825511427,1.0,0.8988685825511427,0.07417212562340364,0.02802913398664455,0.6519956053813387,False,False,none
62,20,stress,future_reachability_optimizer,0.6725315434117339,0.9989484433188481,0.6718243383739739,0.1336006800618187,0.18493909066884262,0.652817393301423,False,False,preserve_R
62,21,stress,future_reachability_optimizer,0.9361249846568557,1.0,0.9361249846568557,0.07424189094984723,0.0,0.6073254543756366,False,False,none
62,22,stress,future_reachability_optimizer,0.9327354779684427,1.0,0.9327354779684427,0.06,0.0,0.6785508098332095,False,False,none
62,23,stress,future_reachability_optimizer,1.0,1.0,1.0,0.09744951780267921,0.05288040464857656,0.5943543165157495,False,False,none
62,24,stress,future_reachability_optimizer,0.8250639397862505,0.9289603290993097,0.7664516690318083,0.19241246294613856,0.2824587108927149,0.5621743633045545,False,False,none
62,25,stress,future_reachability_optimizer,0.17562722332417555,1.0,0.17562722332417555,0.11330884454615417,0.18061713511542732,0.7305236116571175,False,False,lower_floor
62,26,stress,future_reachability_optimizer,0.6424620556125914,1.0,0.6424620556125914,0.06816699443535068,0.027674182185584997,0.6764549783132151,False,False,none
62,27,stress,future_reachability_optimizer,0.7728526562334145,0.9845786113534557,0.7609341950551249,0.1586933779529306,0.17605213389109312,0.5341934705236866,False,False,preserve_R
62,28,stress,future_reachability_optimizer,0.9990568374672363,1.0,0.9990568374672363,0.10120019639427547,0.08970726740460801,0.6370356884144817,False,False,none
62,29,stress,future_reachability_optimizer,0.6066114609426506,0.829601853895636,0.5032459925923631,0.21228433982353462,0.37357982816236573,0.6236499786590182,False,False,none
64,0,stress,future_reachability_optimizer,0.9502036340348867,1.0,0.9502036340348867,0.11248072488284244,0.08580322793741116,0.5838520905557243,False,False,none
64,1,stress,future_reachability_optimizer,0.5349100797439075,0.844847473788277,0.451917429575526,0.25099836101448103,0.4743584838537571,0.6219077618747779,False,False,none
64,2,stress,future_reachability_optimizer,0.9801092829443626,1.0,0.9801092829443626,0.06939048528083039,0.012955437044078408,0.6480524199829976,False,False,none
64,3,stress,future_reachability_optimizer,1.0,1.0,1.0,0.06392803518585677,0.026074457561629953,0.6915844111981776,False,False,none
64,4,stress,future_reachability_optimizer,0.9565559660090738,1.0,0.9565559660090738,0.07188529317407807,0.02573317265912497,0.6578888018182892,False,False,preserve_R
64,5,stress,future_reachability_optimizer,1.0,1.0,1.0,0.09963807464372879,0.0955989591386778,0.6528730409540368,False,False,none
64,6,stress,future_reachability_optimizer,0.8987376536661766,1.0,0.8987376536661766,0.07233849485208191,0.00555358140973833,0.6240494420150778,False,False,none
64,7,stress,future_reachability_optimizer,0.6517825196194317,1.0,0.6517825196194317,0.10041023770112406,0.08309664603949996,0.629860365807858,False,False,preserve_R
64,8,stress,future_reachability_optimizer,0.5689532934184571,1.0,0.5689532934184571,0.19160692372571225,0.2646771712084855,0.5373766722229676,False,False,none
64,9,stress,future_reachability_optimizer,0.5315058132039686,1.0,0.5315058132039686,0.10910682556129725,0.08476230825377498,0.5962618815630719,False,False,none
64,10,stress,future_reachability_optimizer,1.0,1.0,1.0,0.07040927085724952,0.03749442789613451,0.6826608822636734,False,False,none
64,11,stress,future_reachability_optimizer,0.9674402799713027,1.0,0.9674402799713027,0.06,0.0,0.6698102432699018,False,False,none
64,12,stress,future_reachability_optimizer,0.9685318727366607,1.0,0.9685318727366607,0.07148571137465376,0.041973438101086016,0.6852674795989956,False,False,none
64,13,stress,future_reachability_optimizer,0.8854578392627641,0.9615105126664113,0.8513770209740331,0.12842284141376756,0.11838956667728784,0.5690216413483409,False,False,none
64,14,stress,future_reachability_optimizer,1.0,1.0,1.0,0.07225407030340472,0.039514123649686345,0.6781720695144837,False,False,none
64,15,stress,future_reachability_optimizer,0.9446296894242384,1.0,0.9446296894242384,0.07677314656051662,0.05569175671416326,0.6849571707952726,False,False,none
64,16,stress,future_reachability_optimizer,0.8995219930063704,1.0,0.8995219930063704,0.0799308664506736,0.0513393539870384,0.6649087002683375,False,False,none
64,17,stress,future_reachability_optimizer,1.0,1.0,1.0,0.0825032203808472,0.05182191179872933,0.6549546087611248,False,False,none
64,18,stress,future_reachability_optimizer,1.0,1.0,1.0,0.06,0.0,0.6894733026897326,False,False,none
64,19,stress,future_reachability_optimizer,0.9977401736112008,1.0,0.9977401736112008,0.0681908703904455,0.009686119945285593,0.647874396619846,False,False,none
64,20,stress,future_reachability_optimizer,0.735465571610193,1.0,0.735465571610193,0.10272504370591007,0.09051216320116906,0.6319565762938925,False,False,none
64,21,stress,future_reachability_optimizer,0.9464272750311429,1.0,0.9464272750311429,0.09185443126641696,0.03720130226869986,0.5928419316487041,False,False,none
64,22,stress,future_reachability_optimizer,0.990541722282916,1.0,0.990541722282916,0.0640937014983762,0.0,0.6496095770900991,False,False,none
64,23,stress,future_reachability_optimizer,0.7859359933926411,0.9722527613358409,0.7641284398092225,0.16933431103622193,0.24161837445566273,0.5936694635705414,False,False,none
64,24,stress,future_reachability_optimizer,0.8008453161375316,0.9557787093386235,0.7654309026378119,0.1793905932163537,0.25948134964795583,0.5800513318744563,False,False,none
64,25,stress,future_reachability_optimizer,0.20487065194284165,1.0,0.20487065194284165,0.15186070358744022,0.25019763185422716,0.6800599854881921,False,False,none
64,26,stress,future_reachability_optimizer,0.6075122991373835,1.0,0.6075122991373835,0.07524792461558633,0.0679961600864191,0.7107942342385539,False,False,preserve_R
64,27,stress,future_reachability_optimizer,0.7945095478207396,0.9976123867192619,0.7926125662726895,0.1359647974314281,0.11761065138640475,0.5363635420641903,False,False,none
64,28,stress,future_reachability_optimizer,1.0,1.0,1.0,0.10380822994705508,0.09525568588552699,0.6349538778726883,False,False,none
64,29,stress,future_reachability_optimizer,0.5554627926618173,1.0,0.5554627926618173,0.1910620535132326,0.3019075704403752,0.598595096892125,False,False,preserve_R
66,0,stress,future_reachability_optimizer,1.0,1.0,1.0,0.11412196196479962,0.08872072983243363,0.5816329807146882,False,False,none
66,1,stress,future_reachability_optimizer,0.6632451641370175,1.0,0.6632451641370175,0.234377663416913,0.4096717859262861,0.588740063479482,False,False,preserve_R
66,2,stress,future_reachability_optimizer,1.0,1.0,1.0,0.07189713096971542,0.02415385443965907,0.6553388904889793,False,False,none
66,3,stress,future_reachability_optimizer,0.9677735802260626,0.9966470035508012,0.9645286388479362,0.10615712820634934,0.12651802569461254,0.6746655064900142,False,False,none
66,4,stress,future_reachability_optimizer,1.0,1.0,1.0,0.067074808980677,0.011928021487519489,0.6560743299357518,False,False,none
66,5,stress,future_reachability_optimizer,1.0,1.0,1.0,0.12738230445301568,0.1403814492775577,0.608177692801901,False,False,none
66,6,stress,future_reachability_optimizer,0.9148844594331192,1.0,0.9148844594331192,0.07699983643815086,0.02246952673240986,0.631410765500687,False,False,none
66,7,stress,future_reachability_optimizer,0.6069776923060887,1.0,0.6069776923060887,0.08935258023608447,0.07809531240088255,0.668015160317712,False,False,none
66,8,stress,future_reachability_optimizer,0.6180323439550601,1.0,0.6180323439550601,0.15418611366290716,0.18568082820931447,0.5682191710693015,False,False,none
66,9,stress,future_reachability_optimizer,0.6160569624203643,1.0,0.6160569624203643,0.11755221234260252,0.12730662164710513,0.6284345995137394,False,False,none
66,10,stress,future_reachability_optimizer,1.0,1.0,1.0,0.08548455273631286,0.07992581613561328,0.6870302391467508,False,False,none
66,11,stress,future_reachability_optimizer,1.0,0.9961957045432323,0.9961957045432323,0.06,0.0,0.6993513756720113,False,False,none
66,12,stress,future_reachability_optimizer,1.0,1.0,1.0,0.0654742044813672,0.030769575440758687,0.6925759757755047,False,False,none
66,13,stress,future_reachability_optimizer,0.49136477004772094,0.9404406294999059,0.4620993936577552,0.2758095561971053,0.46057397611017736,0.4967023113531755,False,False,preserve_R
66,14,stress,future_reachability_optimizer,1.0,1.0,1.0,0.06597112235854041,0.025704637328337446,0.6824859992759493,False,False,none
66,15,stress,future_reachability_optimizer,1.0,1.0,1.0,0.06546737670832642,0.0,0.6438859303819733,False,False,none
66,16,stress,future_reachability_optimizer,0.8393926244286178,1.0,0.8393926244286178,0.06191642124143837,0.0,0.6586815781606735,False,False,none
66,17,stress,future_reachability_optimizer,1.0,1.0,1.0,0.09114718157120871,0.08480412408808147,0.6711599399260927,False,False,preserve_R
66,18,stress,future_reachability_optimizer,0.9467927306415744,1.0,0.9467927306415744,0.06581059176859994,0.0,0.6424558676308336,False,False,none
66,19,stress,future_reachability_optimizer,1.0,1.0,1.0,0.06558325065466969,0.0,0.6434031222722096,False,False,none
66,20,stress,future_reachability_optimizer,0.7559510659537783,1.0,0.7559510659537783,0.06,0.002509018626612701,0.6926594320275078,False,False,none
66,21,stress,future_reachability_optimizer,0.9078619531065881,1.0,0.9078619531065881,0.09791748460624405,0.06736135635311562,0.6153326283664162,False,False,none
66,22,stress,future_reachability_optimizer,1.0,1.0,1.0,0.07913994354824685,0.019180134187710803,0.6172854476795135,False,False,none
66,23,stress,future_reachability_optimizer,0.7187739890891042,0.9723883704345465,0.6989274679610925,0.15032650793251934,0.18027495510607083,0.5757415625324485,False,False,preserve_R
66,24,stress,future_reachability_optimizer,0.7512443029776671,0.9817311108802608,0.7375199041047323,0.1469330239586179,0.16730376301039543,0.569343358272218,False,False,none
66,25,stress,future_reachability_optimizer,0.25861703561943966,1.0,0.25861703561943966,0.1577724813989848,0.25847391702204725,0.6685316961224714,False,False,none
66,26,stress,future_reachability_optimizer,0.6358908100495686,1.0,0.6358908100495686,0.07437695327592633,0.0496524762169233,0.6853791153604355,False,False,none
66,27,stress,future_reachability_optimizer,0.8104034198465121,1.0,0.8104034198465121,0.10375973841073136,0.05181828597293505,0.5663800427457666,False,False,none
66,28,stress,future_reachability_optimizer,0.9324257171383676,1.0,0.9324257171383676,0.0824247108360594,0.032789958650837295,0.6251478060469117,False,False,none
66,29,stress,future_reachability_optimizer,0.6686910821687949,1.0,0.6686910821687949,0.14324190623124225,0.1798025241918406,0.6045127206735715,False,False,preserve_R
68,0,stress,future_reachability_optimizer,1.0,1.0,1.0,0.09076079869109396,0.03553313648496821,0.5947574715549748,False,False,none
68,1,stress,future_reachability_optimizer,0.1699225159356638,0.7469038255412598,0.12691577719794297,0.41904117196859486,0.8242577698956629,0.4757365857989875,True,False,none
68,2,stress,future_reachability_optimizer,1.0,0.9984065490372404,0.9984065490372404,0.06806557915703457,0.01711395950938807,0.6601571894022205,False,False,none
68,3,stress,future_reachability_optimizer,1.0,1.0,1.0,0.09810997868113475,0.08596668517834123,0.6439890070276455,False,False,none
68,4,stress,future_reachability_optimizer,1.0,1.0,1.0,0.08566428416790614,0.05350687436210423,0.6444513670403895,False,False,none
68,5,stress,future_reachability_optimizer,1.0,1.0,1.0,0.12242646158500209,0.13330010822947663,0.6176149147591627,False,False,none
68,6,stress,future_reachability_optimizer,0.9694288004512791,1.0,0.9694288004512791,0.10065620499421207,0.07102020455369693,0.6097144697341366,False,False,none
68,7,stress,future_reachability_optimizer,0.5592304977116572,1.0,0.5592304977116572,0.07575843952874081,0.01763418887656116,0.6289273010181352,False,False,none
68,8,stress,future_reachability_optimizer,0.6009838584027763,1.0,0.6009838584027763,0.09886649972968106,0.045419838942375904,0.5766376627850909,False,False,none
68,9,stress,future_reachability_optimizer,0.7059332334371523,1.0,0.7059332334371523,0.12915607226419037,0.12186452261907588,0.5714685263794104,False,False,none
68,10,stress,future_reachability_optimizer,0.9899318103360271,0.9865446450763039,0.9766119264776988,0.06,0.0005879872492213153,0.697085616437691,False,False,none
68,11,stress,future_reachability_optimizer,1.0,1.0,1.0,0.06,0.0,0.7054835078166513,False,False,none
68,12,stress,future_reachability_optimizer,1.0,1.0,1.0,0.06,0.0,0.7349634118683492,False,False,none
68,13,stress,future_reachability_optimizer,0.6073592916159436,1.0,0.6073592916159436,0.22246888415664312,0.33248886137384875,0.5161536798559143,False,False,preserve_R
68,14,stress,future_reachability_optimizer,1.0,1.0,1.0,0.06922926310589972,0.03465016500459298,0.6830741649826901,False,False,none
68,15,stress,future_reachability_optimizer,0.9644724479509282,0.9520616823219745,0.9182372613493538,0.07272821789439782,0.0,0.6136324254400092,False,False,none
68,16,stress,future_reachability_optimizer,1.0,1.0,1.0,0.06,0.0,0.6777792780721811,False,False,preserve_R
68,17,stress,future_reachability_optimizer,1.0,1.0,1.0,0.09059007861817028,0.0769478956139872,0.6610421738131035,False,False,none
68,18,stress,future_reachability_optimizer,0.9469470283678655,1.0,0.9469470283678655,0.07387624380055824,0.03018642801469078,0.6566441618542678,False,False,preserve_R
68,19,stress,future_reachability_optimizer,0.9606052548895262,1.0,0.9606052548895262,0.0687811736503294,0.04221616096126269,0.6969206979789602,False,False,none
68,20,stress,future_reachability_optimizer,0.8233109858895284,1.0,0.8233109858895284,0.06,0.011497664094823903,0.6873300743638735,False,False,none
68,21,stress,future_reachability_optimizer,0.9821874397068899,1.0,0.9821874397068899,0.11607663970424112,0.09854959565623153,0.589050861021362,False,False,none
68,22,stress,future_reachability_optimizer,1.0,1.0,1.0,0.06708423080499643,0.0,0.6371490383125149,False,False,none
68,23,stress,future_reachability_optimizer,0.7422749606436546,1.0,0.7422749606436546,0.10835430909914318,0.08842155115694558,0.6051911680854005,False,False,none
68,24,stress,future_reachability_optimizer,0.7297252357279225,1.0,0.7297252357279225,0.13483082266756147,0.1265417922112902,0.5552294098863702,False,False,none
68,25,stress,future_reachability_optimizer,0.3426879179879436,1.0,0.3426879179879436,0.12090661694031604,0.16612672318639315,0.6759230744604724,False,False,none
68,26,stress,future_reachability_optimizer,0.7233812583868315,1.0,0.7233812583868315,0.07449465030375213,0.029663318190450372,0.653239210869246,False,False,none
68,27,stress,future_reachability_optimizer,0.873072326011712,1.0,0.873072326011712,0.07885250612503397,0.010529217533178422,0.6047858189065577,False,False,none
68,28,stress,future_reachability_optimizer,1.0,1.0,1.0,0.07796788509855129,0.016757045446941916,0.618332467380361,False,False,preserve_R
68,29,stress,future_reachability_optimizer,0.7348066252344165,1.0,0.7348066252344165,0.13351387584486185,0.1737555453478357,0.6354717974471488,False,False,none
70,0,stress,future_reachability_optimizer,1.0,1.0,1.0,0.0675094738721149,0.0,0.6353771921995213,False,False,none
70,1,stress,future_reachability_optimizer,0.17688480987980298,0.7785963600891871,0.1377218691274825,0.40408702634741245,0.7103147235070995,0.35763570243868886,True,False,repair_product
70,2,stress,future_reachability_optimizer,0.9841000705340262,1.0,0.9841000705340262,0.06,0.0,0.6882315386237539,False,False,preserve_R
70,3,stress,future_reachability_optimizer,1.0,1.0,1.0,0.07021320758176136,0.02184772211071368,0.658703861751291,False,False,none
70,4,stress,future_reachability_optimizer,1.0,0.980503797833209,0.980503797833209,0.08963178911790134,0.04285405501831953,0.611053132454417,False,False,none
70,5,stress,future_reachability_optimizer,0.9712672794261774,1.0,0.9712672794261774,0.1299915103066091,0.13876986547143308,0.5947543273855644,False,False,none
70,6,stress,future_reachability_optimizer,0.6930598710610932,0.9310033481793331,0.6452410604466147,0.17283283854284354,0.2614284385583727,0.6104582004555754,False,False,none
70,7,stress,future_reachability_optimizer,0.6292987780072312,1.0,0.6292987780072312,0.07404111462023244,0.018692877741724245,0.6377590788400949,False,False,none
70,8,stress,future_reachability_optimizer,0.7266763653994003,1.0,0.7266763653994003,0.0833222926116845,0.0,0.5694904474513146,False,False,none
70,9,stress,future_reachability_optimizer,0.7619685907971964,1.0,0.7619685907971964,0.14430183135657668,0.16607299062986147,0.578357937844878,False,False,none
70,10,stress,future_reachability_optimizer,0.9983001958828662,1.0,0.9983001958828662,0.06886180310589582,0.038375881704306,0.6905042997572519,False,False,none
70,11,stress,future_reachability_optimizer,1.0,1.0,1.0,0.06631400444578212,0.0289946521192572,0.6862665139980652,False,False,none
70,12,stress,future_reachability_optimizer,1.0,1.0,1.0,0.0801307188801397,0.07631660253564755,0.7036232920141933,False,False,none
70,13,stress,future_reachability_optimizer,0.5677499699187218,1.0,0.5677499699187218,0.19626085842532404,0.2569318735160717,0.5057218896282634,False,False,none
70,14,stress,future_reachability_optimizer,1.0,0.999714349047183,0.999714349047183,0.06,0.0,0.6963773477360612,False,False,none
70,15,stress,future_reachability_optimizer,1.0,1.0,1.0,0.06655507626354815,0.02082087440640324,0.6723202333786878,False,False,none
70,16,stress,future_reachability_optimizer,0.9297132246747236,1.0,0.9297132246747236,0.08886746830296319,0.09743852656433115,0.7006632157978445,False,False,none
70,17,stress,future_reachability_optimizer,0.8982970064917243,1.0,0.8982970064917243,0.1040150863485905,0.09192449047031295,0.6288175834588684,False,False,none
70,18,stress,future_reachability_optimizer,0.9385189240379144,1.0,0.9385189240379144,0.08837478014196382,0.0583423538807738,0.6408138097197092,False,False,none
70,19,stress,future_reachability_optimizer,1.0,1.0,1.0,0.060877019353287626,0.0,0.6630124193613016,False,False,preserve_R
70,20,stress,future_reachability_optimizer,0.8176396178767952,0.9525885067020163,0.7788741026136636,0.06,0.0,0.706055200421488,False,False,none
70,21,stress,future_reachability_optimizer,1.0,1.0,1.0,0.09472535096095872,0.044733094200740654,0.5928051034805114,False,False,none
70,22,stress,future_reachability_optimizer,1.0,1.0,1.0,0.083325281203641,0.06346117741660852,0.6699581925611261,False,False,none
70,23,stress,future_reachability_optimizer,0.7476907275806418,1.0,0.7476907275806418,0.10132568997525654,0.09236450474849439,0.6407200909548806,False,False,none
70,24,stress,future_reachability_optimizer,0.8548603297935337,1.0,0.8548603297935337,0.0918680815705595,0.031703561922108416,0.5840802998326737,False,False,preserve_R
70,25,stress,future_reachability_optimizer,0.27408363488821397,1.0,0.27408363488821397,0.13056636852405742,0.18398287144292302,0.6639463442677224,False,False,none
70,26,stress,future_reachability_optimizer,0.8136065479939116,1.0,0.8136065479939116,0.06287083920834538,0.0,0.6547048366318943,False,False,none
70,27,stress,future_reachability_optimizer,0.8782384828308302,0.9975410445212675,0.8760789335018395,0.08454847224423404,0.054272557296840274,0.6503129147023553,False,False,preserve_R
70,28,stress,future_reachability_optimizer,0.9774109183783509,0.9915844007066006,0.9691854197442852,0.08042179280160139,0.01215175062025528,0.6008161351420651,False,False,preserve_R
70,29,stress,future_reachability_optimizer,0.760134588884404,1.0,0.760134588884404,0.15050944429157398,0.20648024723693117,0.6164710402435829,False,False,none
72,0,stress,future_reachability_optimizer,0.9654027847703635,1.0,0.9654027847703635,0.06914931181529738,0.0,0.6285445341029277,False,False,none
72,1,stress,future_reachability_optimizer,0.25002743315476594,0.7899031729571407,0.19749746277527902,0.3636241246253866,0.5827799621137116,0.3243010874075993,True,False,repair_product
72,2,stress,future_reachability_optimizer,0.9617265734579779,1.0,0.9617265734579779,0.0763067330100543,0.03699589125434062,0.6572987736108131,False,False,none
72,3,stress,future_reachability_optimizer,0.9358874798021151,1.0,0.9358874798021151,0.1096132837019112,0.10003329990607905,0.6183307094266619,False,False,none
72,4,stress,future_reachability_optimizer,0.9432343455140975,1.0,0.9432343455140975,0.06207071951236584,0.0,0.6580386686984757,False,False,none
72,5,stress,future_reachability_optimizer,1.0,1.0,1.0,0.1362908795203428,0.12217702270778258,0.5422349546192274,False,False,none
72,6,stress,future_reachability_optimizer,0.7096930457985183,1.0,0.7096930457985183,0.12957532658501447,0.1635776384755082,0.6357674001486611,False,False,preserve_R
72,7,stress,future_reachability_optimizer,0.6698762600371077,1.0,0.6698762600371077,0.07114866725383764,0.01415894104754275,0.6426322097676191,False,False,none
72,8,stress,future_reachability_optimizer,0.6986209983316806,0.9791529983963329,0.6840568452591045,0.09599893879866253,0.04922869826519492,0.5946165272587981,False,False,preserve_R
72,9,stress,future_reachability_optimizer,0.7889043635605124,1.0,0.7889043635605124,0.12885774188807989,0.14417544023339326,0.6080371891692066,False,False,none
72,10,stress,future_reachability_optimizer,1.0,1.0,1.0,0.07073807288616712,0.03447528722792234,0.6765105677518474,False,False,none
72,11,stress,future_reachability_optimizer,1.0,1.0,1.0,0.06,0.0,0.7018285953958094,False,False,preserve_R
72,12,stress,future_reachability_optimizer,0.9881535518698319,1.0,0.9881535518698319,0.12418118080053436,0.14075964976745642,0.6221145254629128,False,False,none
72,13,stress,future_reachability_optimizer,0.5493051990675188,1.0,0.5493051990675188,0.15976610282294212,0.1716923002265692,0.5228207135964756,False,False,none
72,14,stress,future_reachability_optimizer,1.0,1.0,1.0,0.061454304722534076,0.0,0.660607063656108,False,False,none
72,15,stress,future_reachability_optimizer,0.9208196412673326,1.0,0.9208196412673326,0.06,0.0,0.7008313437173297,False,False,none
72,16,stress,future_reachability_optimizer,0.9210414089405864,1.0,0.9210414089405864,0.11609886451996282,0.1513855550818094,0.6726151933796866,False,False,none
72,17,stress,future_reachability_optimizer,0.8009742839902473,1.0,0.8009742839902473,0.13485157484180024,0.1627947979173735,0.6125435348616737,False,False,preserve_R
72,18,stress,future_reachability_optimizer,0.9842689229896985,1.0,0.9842689229896985,0.0643797425462343,0.0,0.6484177393906905,False,False,none
72,19,stress,future_reachability_optimizer,1.0,1.0,1.0,0.09854417657577855,0.08211746671360803,0.6360852532308021,False,False,none
72,20,stress,future_reachability_optimizer,0.9514563662554082,1.0,0.9514563662554082,0.06,0.0,0.7152883084500311,False,False,none
72,21,stress,future_reachability_optimizer,1.0,1.0,1.0,0.0961583609478534,0.04583542187423192,0.5885795806848113,False,False,none
72,22,stress,future_reachability_optimizer,0.9497446966982709,1.0,0.9497446966982709,0.06871086109159733,0.025954971833389594,0.6714667841878781,False,False,none
72,23,stress,future_reachability_optimizer,0.7804085471203109,1.0,0.7804085471203109,0.06,0.0,0.6777929648248405,False,False,none
72,24,stress,future_reachability_optimizer,0.8647862475890565,1.0,0.8647862475890565,0.07882897693025478,0.009336429644601973,0.6029952763945582,False,False,none
72,25,stress,future_reachability_optimizer,0.3382422598599413,1.0,0.3382422598599413,0.11340142323209984,0.1277579912497126,0.6464442226782957,False,False,none
72,26,stress,future_reachability_optimizer,0.9018517181588824,1.0,0.9018517181588824,0.07435869820971194,0.017573762433994822,0.6346638813133588,False,False,none
72,27,stress,future_reachability_optimizer,0.9196006450386883,1.0,0.9196006450386883,0.08725617880170294,0.08086992404270024,0.6811433013938465,False,False,none
72,28,stress,future_reachability_optimizer,0.9675482485959035,1.0,0.9675482485959035,0.09960497076882155,0.05807257320174473,0.5935941960326727,False,False,none
72,29,stress,future_reachability_optimizer,0.8695254762583817,0.970404326740842,0.8437912843725249,0.12279543861466907,0.13816358597884187,0.6237780169053786,False,False,none
74,0,stress,future_reachability_optimizer,0.9542880718623666,1.0,0.9542880718623666,0.060209021929437306,0.0,0.6657957419606779,False,False,none
74,1,stress,future_reachability_optimizer,0.08540571921535733,0.8376776258645692,0.07154246010757655,0.2600968101056239,0.37783379095553954,0.4311667935728381,True,False,lower_floor
74,2,stress,future_reachability_optimizer,1.0,1.0,1.0,0.09076748097171314,0.05711892801572506,0.6289071319760933,False,False,none
74,3,stress,future_reachability_optimizer,1.0,1.0,1.0,0.09570027759707764,0.07516892645116353,0.6369329768931855,False,False,none
74,4,stress,future_reachability_optimizer,0.9473393195239538,1.0,0.9473393195239538,0.0849670209307172,0.05240209544616554,0.6456073972451071,False,False,none
74,5,stress,future_reachability_optimizer,1.0,1.0,1.0,0.09135832568159077,0.011792009585348089,0.554677658170173,False,False,none
74,6,stress,future_reachability_optimizer,0.6565507497253008,0.9988238377602573,0.6557785395249991,0.1669400927705127,0.20696526833939893,0.5487779549935787,False,False,none
74,7,stress,future_reachability_optimizer,0.6664068329565207,0.9829341798454523,0.655034053795523,0.07964721429107685,0.04463783205823947,0.6554798412127256,False,False,none
74,8,stress,future_reachability_optimizer,0.6976037681578232,0.9970223456280275,0.6955265452476636,0.10065978995573441,0.05799691107235991,0.5890793177156765,False,False,none
74,9,stress,future_reachability_optimizer,0.8341604044546377,1.0,0.8341604044546377,0.10531332863111242,0.0737831482179135,0.5946844487153947,False,False,none
74,10,stress,future_reachability_optimizer,1.0,1.0,1.0,0.072491939021494,0.025129895348498757,0.6544059217122313,False,False,none
74,11,stress,future_reachability_optimizer,1.0,1.0,1.0,0.061457884514221045,0.03628224973978001,0.7180390432787307,False,False,none
74,12,stress,future_reachability_optimizer,0.9590961553108865,0.9795716716809819,0.9395034241606878,0.0980657404694179,0.07439150133165788,0.6258459584858838,False,False,none
74,13,stress,future_reachability_optimizer,0.61806796893689,1.0,0.61806796893689,0.15043814845688863,0.1758745343728849,0.5683090608533652,False,False,preserve_R
74,14,stress,future_reachability_optimizer,1.0,1.0,1.0,0.06,0.029639014609637932,0.7195043384573704,False,False,none
74,15,stress,future_reachability_optimizer,0.9319156826218805,1.0,0.9319156826218805,0.06,0.0,0.718346938950642,False,False,preserve_R
74,16,stress,future_reachability_optimizer,0.8866797098219421,1.0,0.8866797098219421,0.11148317148587542,0.11832833243024632,0.6395066451567424,False,False,none
74,17,stress,future_reachability_optimizer,0.7366122292376424,1.0,0.7366122292376424,0.15514156413809393,0.20674304284894932,0.5975866339354451,False,False,none
74,18,stress,future_reachability_optimizer,1.0,1.0,1.0,0.08467343684956041,0.05406870622849684,0.649469464655285,False,False,none
74,19,stress,future_reachability_optimizer,1.0,1.0,1.0,0.06888339463591159,0.0053714804768014435,0.6381573664386374,False,False,preserve_R
74,20,stress,future_reachability_optimizer,1.0,1.0,1.0,0.0695144535560186,0.03760952205474817,0.6865715201032738,False,False,none
74,21,stress,future_reachability_optimizer,1.0,1.0,1.0,0.07749614459493401,0.019286634893719474,0.6243032361028308,False,False,none
74,22,stress,future_reachability_optimizer,0.8698443316338245,0.9893706706220575,0.8605984697253524,0.11196808043164125,0.11444583239871459,0.6313388994994596,False,False,none
74,23,stress,future_reachability_optimizer,0.7604900877509999,1.0,0.7604900877509999,0.07368358222394156,0.04154186045538191,0.675426353121265,False,False,none
74,24,stress,future_reachability_optimizer,1.0,0.9762688781912238,0.9762688781912238,0.06580972487557518,0.0,0.6424594796851034,False,False,none
74,25,stress,future_reachability_optimizer,0.4572884926835488,1.0,0.4572884926835488,0.06504563075059669,0.04168882166249433,0.7116505061714632,False,False,preserve_R
74,26,stress,future_reachability_optimizer,1.0,1.0,1.0,0.07495501480986957,0.018130163196361883,0.6330601966864497,False,False,none
74,27,stress,future_reachability_optimizer,0.9284845044658152,1.0,0.9284845044658152,0.07456074748353378,0.046089241464654714,0.6789715178043126,False,False,none
74,28,stress,future_reachability_optimizer,1.0,1.0,1.0,0.08903140746194016,0.035176400159886434,0.6013984358284029,False,False,none
74,29,stress,future_reachability_optimizer,0.6845007618725658,1.0,0.6845007618725658,0.15347061842621076,0.23932059223146182,0.656130027590603,False,False,preserve_R
76,0,stress,future_reachability_optimizer,0.9027117025874934,0.8661550782460857,0.7818883253883276,0.1152814840966413,0.14407500012702446,0.6644458997984499,False,False,none
76,1,stress,future_reachability_optimizer,0.18745058817520005,0.8774006298895124,0.1644692641380801,0.2238408512444708,0.30258974067670497,0.4630968758861546,True,False,lower_floor
76,2,stress,future_reachability_optimizer,1.0,1.0,1.0,0.07205394791092623,0.037259068041020416,0.6754354081027564,False,False,none
76,3,stress,future_reachability_optimizer,1.0,1.0,1.0,0.06,0.0,0.6788514815732298,False,False,none
76,4,stress,future_reachability_optimizer,1.0,1.0,1.0,0.0632918076077191,0.004809940760850166,0.6605665411725165,False,False,none
76,5,stress,future_reachability_optimizer,0.9701605682216414,1.0,0.9701605682216414,0.09508779085180319,0.06210426205854768,0.6187992863768539,False,False,none
76,6,stress,future_reachability_optimizer,0.6127931579490006,1.0,0.6127931579490006,0.16022996495110922,0.20402144405211944,0.572075765786234,False,False,none
76,7,stress,future_reachability_optimizer,0.3283476843671451,1.0,0.3283476843671451,0.1493558866387563,0.22670727998533297,0.6533036656486262,False,False,preserve_R
76,8,stress,future_reachability_optimizer,0.537932887549461,1.0,0.537932887549461,0.12546941701589,0.10126524501286299,0.5542140670374913,False,False,preserve_R
76,9,stress,future_reachability_optimizer,0.7568747142962532,0.9997003145006247,0.7566478899195348,0.12673953212611924,0.13462084839359037,0.6017349594310212,False,False,none
76,10,stress,future_reachability_optimizer,0.9592296007663218,1.0,0.9592296007663218,0.07939162231636887,0.03337426317220871,0.6387108237044602,False,False,none
76,11,stress,future_reachability_optimizer,1.0,1.0,1.0,0.06474286706985014,0.028238613003948317,0.6916158577985426,False,False,none
76,12,stress,future_reachability_optimizer,1.0,1.0,1.0,0.062259162892757236,0.011236868507285915,0.6750451964167142,False,False,none
76,13,stress,future_reachability_optimizer,0.6943638807939096,0.9812616477400001,0.6813526457989728,0.15888643792603416,0.22798065523650468,0.61560921276599,False,False,none
76,14,stress,future_reachability_optimizer,1.0,1.0,1.0,0.08497834835164142,0.08336929620825645,0.6945916008645668,False,False,none
76,15,stress,future_reachability_optimizer,0.9708401066543897,1.0,0.9708401066543897,0.10054212682735611,0.08910942488475466,0.6388310609535446,False,False,none
76,16,stress,future_reachability_optimizer,0.8925229638543986,0.9866959688767256,0.8806488105650425,0.09385377769836131,0.0760536530352358,0.6460275435626179,False,False,none
76,17,stress,future_reachability_optimizer,0.7744437452437911,1.0,0.7744437452437911,0.14662259373661796,0.18431455102028232,0.5975705652128722,False,False,none
76,18,stress,future_reachability_optimizer,0.9745224632120797,1.0,0.9745224632120797,0.09126209558734505,0.06708302522820693,0.64262272499739,False,False,none
76,19,stress,future_reachability_optimizer,1.0,1.0,1.0,0.06,0.0,0.672984996644893,False,False,none
76,20,stress,future_reachability_optimizer,1.0,1.0,1.0,0.06,0.01584514403447549,0.7266629813312313,False,False,none
76,21,stress,future_reachability_optimizer,0.6648882979148838,0.9406263648714156,0.62541146271322,0.18430230978960804,0.2794940555867533,0.5912726305556592,False,False,preserve_R
76,22,stress,future_reachability_optimizer,0.9459888439419648,1.0,0.9459888439419648,0.08139042819748663,0.021775902383697227,0.612018394617993,False,False,none
76,23,stress,future_reachability_optimizer,0.895446599402802,1.0,0.895446599402802,0.08409089889011886,0.04996610728959432,0.6454009244996958,False,False,none
76,24,stress,future_reachability_optimizer,1.0,1.0,1.0,0.07067512847984739,0.0,0.6221869646673026,False,False,none
76,25,stress,future_reachability_optimizer,0.5737657414320506,1.0,0.5737657414320506,0.06837689019194565,0.03605260261633171,0.6888462450094184,False,False,none
76,26,stress,future_reachability_optimizer,0.9392777592418368,1.0,0.9392777592418368,0.0936523700059492,0.04490758343098183,0.5975521320742663,False,False,none
76,27,stress,future_reachability_optimizer,1.0,1.0,1.0,0.08759223580330378,0.07496011864317786,0.6703858720045993,False,False,none
76,28,stress,future_reachability_optimizer,1.0,1.0,1.0,0.061476771697059396,0.0,0.6605134512622526,False,False,preserve_R
76,29,stress,future_reachability_optimizer,0.788308619736708,1.0,0.788308619736708,0.1214158267845484,0.1489372786907316,0.6465847463247066,False,False,none
78,0,stress,future_reachability_optimizer,0.93210572818137,1.0,0.93210572818137,0.08364403461226733,0.058753354566097864,0.6611760005118745,False,False,preserve_R
78,1,stress,future_reachability_optimizer,0.3081676964837366,1.0,0.3081676964837366,0.17248412512040381,0.215529342175533,0.5392376037762447,False,False,preserve_R
78,2,stress,future_reachability_optimizer,1.0,1.0,1.0,0.07419017979838727,0.027434865592982156,0.6509794546956081,False,False,preserve_R
78,3,stress,future_reachability_optimizer,1.0,1.0,1.0,0.06735002255980432,0.0,0.636041572667482,False,False,none
78,4,stress,future_reachability_optimizer,1.0,1.0,1.0,0.06269479970489023,0.0,0.6554383345629574,False,False,preserve_R
78,5,stress,future_reachability_optimizer,1.0,1.0,1.0,0.08614671878644187,0.08092953281693484,0.685860432016639,False,False,preserve_R
78,6,stress,future_reachability_optimizer,0.6430709003925422,1.0,0.6430709003925422,0.13521392371863283,0.14071004647998628,0.5760662247656749,False,False,none
78,7,stress,future_reachability_optimizer,0.3211414599905076,1.0,0.3211414599905076,0.13841941343790007,0.17465394979659327,0.616454531186689,False,False,none
78,8,stress,future_reachability_optimizer,0.5658243663858996,1.0,0.5658243663858996,0.11655483115626325,0.05739008617607852,0.5218891732943608,False,False,none
78,9,stress,future_reachability_optimizer,0.8217029217562802,1.0,0.8217029217562802,0.11646185590012742,0.11422414341897974,0.612263827496187,False,False,none
78,10,stress,future_reachability_optimizer,0.9730840613315846,1.0,0.9730840613315846,0.07036938181653368,0.007844820623536315,0.6358818750850421,False,False,none
78,11,stress,future_reachability_optimizer,0.9895093711133874,1.0,0.9895093711133874,0.06570679963881501,0.025257377972383463,0.6828791832945447,False,False,none
78,12,stress,future_reachability_optimizer,1.0,1.0,1.0,0.06957760225828638,0.0,0.6267599905904735,False,False,none
78,13,stress,future_reachability_optimizer,0.8393881382690441,1.0,0.8393881382690441,0.13530676097255592,0.1632365573384093,0.6113463784001651,False,False,preserve_R
78,14,stress,future_reachability_optimizer,1.0,1.0,1.0,0.10561021786778738,0.1263581933527051,0.676691231692669,False,False,none
78,15,stress,future_reachability_optimizer,0.9039487704188995,1.0,0.9039487704188995,0.10601981778515304,0.11732136770143713,0.6606762580891378,False,False,preserve_R
78,16,stress,future_reachability_optimizer,0.9956693277999341,1.0,0.9956693277999341,0.10378708952706783,0.08427019566024796,0.6176482700992766,False,False,none
78,17,stress,future_reachability_optimizer,0.8149034021775656,1.0,0.8149034021775656,0.1068765041781442,0.07752972091522944,0.5941032907068458,False,False,none
78,18,stress,future_reachability_optimizer,0.9782384572402636,1.0,0.9782384572402636,0.08121867611070657,0.0510712982818773,0.6591184051516951,False,False,none
78,19,stress,future_reachability_optimizer,0.9742414134524876,1.0,0.9742414134524876,0.06,0.0,0.6918638597833401,False,False,preserve_R
78,20,stress,future_reachability_optimizer,1.0,1.0,1.0,0.06,0.0,0.6874130994432792,False,False,none
78,21,stress,future_reachability_optimizer,0.6240676687571918,1.0,0.6240676687571918,0.1545830471887744,0.16678505679618022,0.5366469766407255,False,False,none
78,22,stress,future_reachability_optimizer,1.0,0.9697449712293715,0.9697449712293715,0.1062879815618723,0.07448901129403507,0.5917410113744209,False,False,none
78,23,stress,future_reachability_optimizer,1.0,1.0,1.0,0.07442605878986638,0.018524333754020295,0.6358882834860888,False,False,preserve_R
78,24,stress,future_reachability_optimizer,1.0,0.9644996386604449,0.9644996386604449,0.07351605148831494,0.0,0.6103497854653545,False,False,none
78,25,stress,future_reachability_optimizer,0.6436094157393628,0.9897559152484624,0.6370162263376412,0.06,0.0032143949611849617,0.6876487013198813,False,False,none
78,26,stress,future_reachability_optimizer,0.9505050155371483,1.0,0.9505050155371483,0.0885571772589718,0.04188009130053915,0.6139885726468044,False,False,none
78,27,stress,future_reachability_optimizer,0.9318728763163904,0.9737893104775684,0.9074478456808862,0.10991999170014194,0.11880481827847099,0.6467743301903212,False,False,none
78,28,stress,future_reachability_optimizer,0.9121791938332812,1.0,0.9121791938332812,0.08251381362106316,0.04894954053057428,0.6503625490856462,False,False,none
78,29,stress,future_reachability_optimizer,0.9187852605612984,0.998007106309934,0.9169542192130001,0.12707074989402933,0.15600915065034546,0.6342196973045914,False,False,preserve_R
0,0,stress,greedy_bad_minimizer,0.5692696722066826,0.7869861379729167,0.44800734079504534,0.29645337372526986,0.36424983132706307,0.25817317574589205,False,False,none
0,1,stress,greedy_bad_minimizer,0.7691386386494445,0.5781941540851272,0.4447114645481019,0.24993168517879483,0.29588576166952046,0.3437704343984291,False,False,none
0,2,stress,greedy_bad_minimizer,0.7123206789241244,0.8250542555736602,0.5877032074794677,0.1512242082632933,0.10732492263982349,0.45649692641599854,False,False,none
0,3,stress,greedy_bad_minimizer,0.629675647908533,0.7667064177073678,0.4827763603255172,0.22528708975196404,0.12479626558039185,0.17556454653577017,False,False,none
0,4,stress,greedy_bad_minimizer,0.419860210994718,0.6947765994400988,0.29170904963511257,0.18625366733798815,0.06505780988582206,0.2436179184109344,False,False,none
0,5,stress,greedy_bad_minimizer,0.9935058981676088,0.26152204063113316,0.2598236898678598,0.21305945067937082,0.18149600586061365,0.4364867811856211,False,True,greedy_margin_force
0,6,stress,greedy_bad_minimizer,0.5495440389611107,0.6697371606592644,0.3680500643110384,0.21248468418194,0.29937850942215893,0.505329789160335,False,False,none
0,7,stress,greedy_bad_minimizer,0.6275074878718456,0.6827225245337156,0.42841349628367636,0.17793462664492163,0.1188084931273581,0.3633858364311435,False,False,none
0,8,stress,greedy_bad_minimizer,0.5864676709399284,0.6488633363028853,0.3805373695998646,0.3431516286178611,0.4533283980744084,0.20463817771005866,False,False,greedy_margin_force
0,9,stress,greedy_bad_minimizer,0.570125006293944,0.7746893120968799,0.4416697489350848,0.2842896652251561,0.3957110972045096,0.35866896546898996,False,False,none
0,10,stress,greedy_bad_minimizer,0.4815749803504087,0.6191663515641906,0.29817502358815934,0.16121889273763812,0.059190191200200325,0.3386390829934917,False,False,none
0,11,stress,greedy_bad_minimizer,0.9212902931593622,0.6479316951211964,0.5969331813454495,0.23073564603882274,0.26809279378089595,0.3797483983246572,False,False,none
0,12,stress,greedy_bad_minimizer,0.6581278840880561,0.8139910727461288,0.5357102223729767,0.20791556484067297,0.26336956215764695,0.4673536199134704,False,False,none
0,13,stress,greedy_bad_minimizer,0.7464309371670412,0.43990606519041053,0.3283594965055437,0.2852844321362985,0.30634086346485084,0.25889370608876583,False,True,greedy_margin_force
0,14,stress,greedy_bad_minimizer,0.6202944534911872,0.41097271919504236,0.25492409825287593,0.18088418277845447,0.05819681988218872,0.31305557023863767,False,False,greedy_margin_force
0,15,stress,greedy_bad_minimizer,0.46763088688660326,0.4539127086757616,0.21226360252714677,0.1431728451324133,0.08072548483239642,0.48796486765133823,False,True,greedy_margin_force
0,16,stress,greedy_bad_minimizer,0.6439600959938403,0.6353575309658469,0.40914489663117615,0.233800141535032,0.2063349759773623,0.2691964555681903,False,False,none
0,17,stress,greedy_bad_minimizer,0.9219010736574776,0.8727327871161188,0.8045732934584328,0.2396790331106278,0.290027723948336,0.3772145916239162,False,False,none
0,18,stress,greedy_bad_minimizer,0.7249782923465076,0.5039574109879155,0.36535818323338604,0.16972198851210465,0.1510218006141071,0.4677939775936022,False,False,none
0,19,stress,greedy_bad_minimizer,0.3787032339451819,0.7812549829016188,0.29586378856063084,0.10538000554140675,0.04122480503858969,0.5428559182219056,False,False,none
0,20,stress,greedy_bad_minimizer,0.8134289491124476,0.5514316989050577,0.4485505073476327,0.22638009821352986,0.34330246941925807,0.5169785006907842,False,False,none
0,21,stress,greedy_bad_minimizer,0.6333446898508526,0.7601920440349434,0.4814635943563969,0.21850745232114765,0.27906590675928805,0.44807330103075754,False,False,none
0,22,stress,greedy_bad_minimizer,0.6959572687498223,0.7940040274568452,0.5525928743252249,0.22221889966057323,0.4246830718503923,0.6631694485107326,False,False,none
0,23,stress,greedy_bad_minimizer,0.4977889411341151,0.39840614684373843,0.19832217397866733,0.1415715919562879,0.14378934158965467,0.6176155965141961,False,True,greedy_margin_force
0,24,stress,greedy_bad_minimizer,0.7985788912081037,0.2664983357277574,0.21281994545427746,0.15442509746680044,0.03717075010095923,0.4502081416616182,False,False,greedy_margin_force
0,25,stress,greedy_bad_minimizer,0.572807671796728,0.5017988694089082,0.28743424209634705,0.16280064294660532,0.1449322822117949,0.48789057230410804,False,False,none
0,26,stress,greedy_bad_minimizer,0.7489977609306243,0.5008354645669109,0.37512464155526526,0.2623574721988482,0.17722238835395362,0.12459787049567969,False,False,greedy_margin_force
0,27,stress,greedy_bad_minimizer,0.9740083813950589,0.8115444486402101,0.7904510948501966,0.20782745497063296,0.06886042074843647,0.15974793714072033,False,False,none
0,28,stress,greedy_bad_minimizer,0.43429685496485415,0.8840354603884226,0.3839338201240988,0.11156780109523515,0.08835121064751743,0.5916902456284229,False,False,none
0,29,stress,greedy_bad_minimizer,0.9272755736412086,0.4447096426589081,0.4123683890003159,0.22453050235770627,0.29152890159409867,0.48658131659233506,False,False,none
2,0,stress,greedy_bad_minimizer,0.5306130209912208,0.8420357140315391,0.4467951140047746,0.23147760335688686,0.23257114658880257,0.32041430144524213,False,False,none
2,1,stress,greedy_bad_minimizer,0.6928081793040927,0.6469989541909884,0.44824616746471074,0.2137333417107011,0.20895945554795814,0.3569635474896791,False,False,none
2,2,stress,greedy_bad_minimizer,0.7094565028456444,0.8887637588228072,0.6305392281903786,0.16698776759315387,0.150905887729217,0.45981862393311906,False,False,none
2,3,stress,greedy_bad_minimizer,0.6590008357557472,0.8494076416940926,0.5597603457737252,0.21874981394344759,0.13981075375345595,0.22657613534527363,False,False,none
2,4,stress,greedy_bad_minimizer,0.4487860402452568,0.762315964873164,0.3421167632911696,0.17169270729463987,0.05345551632604815,0.28591828712191003,False,False,none
2,5,stress,greedy_bad_minimizer,0.9627922480584578,0.23361230861652302,0.22492011978702842,0.28344715279800886,0.27711078803578587,0.3062238158080727,True,True,greedy_margin_force
2,6,stress,greedy_bad_minimizer,0.4910617046377678,0.7249309394878422,0.35598582288955827,0.22018023383723934,0.27361571538767293,0.4324739083753182,False,False,none
2,7,stress,greedy_bad_minimizer,0.6261408097365868,0.7306485652470002,0.4574888842766321,0.1462918086243178,0.06562745448368565,0.4110276003311782,False,False,none
2,8,stress,greedy_bad_minimizer,0.6026750690056261,0.6886153863891745,0.41501132551043163,0.3558954587315829,0.4547280882339297,0.1537550616554597,False,False,greedy_margin_force
2,9,stress,greedy_bad_minimizer,0.4909650542743322,0.8513766027434583,0.41799615997383854,0.25439930328750526,0.2949160688729733,0.32362001201760254,False,False,none
2,10,stress,greedy_bad_minimizer,0.5494822924039837,0.722995484346584,0.3972732161364895,0.13808496787771635,0.04870860634312785,0.41843459388613424,False,False,none
2,11,stress,greedy_bad_minimizer,0.8890927679699715,0.6991943200301916,0.6216486133445251,0.21261645330291848,0.22205245361340326,0.38234782945906154,False,False,none
2,12,stress,greedy_bad_minimizer,0.672952206549409,0.8565000062695793,0.576383569128696,0.18682346882641648,0.189320339251001,0.43799275037068297,False,False,none
2,13,stress,greedy_bad_minimizer,0.8796064856289387,0.5048634035537766,0.4440811241226021,0.2533308221954355,0.2539070919470143,0.2819480516210512,False,False,none
2,14,stress,greedy_bad_minimizer,0.6700103983941078,0.45711527883723563,0.30627199008576994,0.22451524303920253,0.2080214591281638,0.3492557647740673,False,False,none
2,15,stress,greedy_bad_minimizer,0.48137234943167345,0.5041129347660405,0.24266602778722485,0.17179055599281984,0.1045977529621053,0.3856054027340671,False,False,none
2,16,stress,greedy_bad_minimizer,0.6143495023882439,0.7230326628832549,0.4441947566527745,0.19018912910380018,0.10341073488350704,0.2879456256330521,False,False,none
2,17,stress,greedy_bad_minimizer,0.848667131957412,0.9112585989499904,0.7733552216424179,0.2331502615160128,0.2529392115648367,0.3456943286609379,False,False,none
2,18,stress,greedy_bad_minimizer,0.6583334256180495,0.5513336528588915,0.36296137234510656,0.21044038532160153,0.21818883743802087,0.3852973871035267,False,False,none
2,19,stress,greedy_bad_minimizer,0.450761717964131,0.8025413666632989,0.3617549251744302,0.1567290378297384,0.1360438220778399,0.4790317273326699,False,False,none
2,20,stress,greedy_bad_minimizer,0.729119668312512,0.5764945850495571,0.42033354063529227,0.20874972782823192,0.2336685517425157,0.41685134097468357,False,False,none
2,21,stress,greedy_bad_minimizer,0.6765827319873233,0.8065496894753273,0.5456975923887443,0.2121039375717172,0.24429538702194378,0.41970128956925595,False,False,none
2,22,stress,greedy_bad_minimizer,0.5535048893279373,0.8331586425531774,0.4611573822390109,0.17254489294068995,0.2572101594431733,0.604979031865483,False,False,none
2,23,stress,greedy_bad_minimizer,0.4614581844828023,0.4496151645002885,0.20747859752623962,0.16265507347951122,0.1526087450633423,0.522394721643875,False,False,greedy_margin_force
2,24,stress,greedy_bad_minimizer,0.7499396961734364,0.39568332684964397,0.2967386339185165,0.1541040460096696,0.0,0.33886508877235844,False,False,none
2,25,stress,greedy_bad_minimizer,0.4710655205655632,0.4585286407661505,0.21599703285672683,0.1361259409473212,0.04050742615879794,0.4517250704850291,False,False,none
2,26,stress,greedy_bad_minimizer,0.5806736024559918,0.5145010308642836,0.29875716705928496,0.2373894134742794,0.13526140376440005,0.15649923695735118,False,False,none
2,27,stress,greedy_bad_minimizer,1.0,0.9001090993350039,0.9001090993350039,0.15762958295099416,0.022155456190325138,0.2949562100055392,False,False,none
2,28,stress,greedy_bad_minimizer,0.3969572238966817,0.8898197792919817,0.3532203893561031,0.11095197165840637,0.0863903625300725,0.591151525429255,False,False,none
2,29,stress,greedy_bad_minimizer,1.0,0.5283179851305577,0.5283179851305577,0.19982427087676505,0.19833525046429645,0.4071305241108826,False,False,none
4,0,stress,greedy_bad_minimizer,0.48229427046432055,0.9239799350265376,0.4456302286872943,0.215155042246701,0.197783992555816,0.33334531218545443,False,False,none
4,1,stress,greedy_bad_minimizer,0.6974201925397919,0.6571951571049437,0.4583411730043486,0.18617429819420842,0.13752967249506726,0.35869573897465484,False,False,none
4,2,stress,greedy_bad_minimizer,0.7147661071016704,0.977112106288941,0.69840661641406,0.14403041336974956,0.11259651842822287,0.49481776513739634,False,False,none
4,3,stress,greedy_bad_minimizer,0.618074704521903,0.8718722688734499,0.5388821949647987,0.1556148387039722,0.02820692495025555,0.31293246990468715,False,False,none
4,4,stress,greedy_bad_minimizer,0.38475461738090894,0.8260503902118309,0.3178267018233035,0.13311196236154385,0.0,0.36203349016023395,False,False,none
4,5,stress,greedy_bad_minimizer,0.9655849351546293,0.0,0.0,0.35750702304734394,0.31101886329584005,0.14866727085448028,True,True,greedy_margin_force
4,6,stress,greedy_bad_minimizer,0.5119977487273628,0.8145266909004674,0.4170358320193878,0.18283219714404708,0.17377799412625755,0.4300143359330449,False,False,none
4,7,stress,greedy_bad_minimizer,0.6674459551765874,0.7901898771060298,0.5274090372959044,0.14531547396646338,0.0784434998861229,0.43538773329276387,False,False,none
4,8,stress,greedy_bad_minimizer,0.5793923307639944,0.6755621597008998,0.3914155342850622,0.302198319780023,0.33995761995484486,0.19577323251174175,False,False,none
4,9,stress,greedy_bad_minimizer,0.5824382265471924,0.876589191774165,0.5105590542673814,0.22498696314437802,0.24299737051367198,0.36396682354507237,False,False,none
4,10,stress,greedy_bad_minimizer,0.4976911064795176,0.8208921583955437,0.40855072661223757,0.11348606167218739,0.0,0.44380807636588593,False,False,none
4,11,stress,greedy_bad_minimizer,0.9410427197125978,0.7809203251685971,0.7348793866755029,0.2150214529880116,0.25488384723171764,0.4243100373335047,False,False,none
4,12,stress,greedy_bad_minimizer,0.6776447212059086,0.8890252634661816,0.6024432768065501,0.18277039197991723,0.20019064020148744,0.47209188040270006,False,False,none
4,13,stress,greedy_bad_minimizer,0.8877710920288905,0.5511265362449378,0.48927420692826834,0.22669081927093257,0.22510109425115266,0.3285316522687726,False,False,none
4,14,stress,greedy_bad_minimizer,0.7098936303870741,0.4887043588664801,0.34692811150171304,0.21405724013787902,0.14908148827863066,0.28634703967230246,False,False,none
4,15,stress,greedy_bad_minimizer,0.44719005718200455,0.5223718992700525,0.2335995195048471,0.12916792526238202,0.026260465433048243,0.4315577569798794,False,False,none
4,16,stress,greedy_bad_minimizer,0.5825409030632267,0.8211570216533504,0.4783575529506523,0.18122734641282917,0.12894801173672155,0.36572040852968757,False,False,none
4,17,stress,greedy_bad_minimizer,0.8977374601270824,0.9729835700281211,0.8734837989024267,0.17878691164923327,0.1722244455834133,0.4444099069685991,False,False,none
4,18,stress,greedy_bad_minimizer,0.6819323567164177,0.5220967082567844,0.356034638695433,0.20756501857582238,0.18193901562830744,0.3515089022385666,False,False,none
4,19,stress,greedy_bad_minimizer,0.40327066723167,0.9074571637617467,0.3659508559143584,0.1253489102737122,0.08210061058585716,0.5243721739538063,False,False,none
4,20,stress,greedy_bad_minimizer,0.7381883524434874,0.5881918309193664,0.4341963585870854,0.18415297053179147,0.14703576345811772,0.38216924825955534,False,False,none
4,21,stress,greedy_bad_minimizer,0.7833376298230962,0.7982430626782573,0.6252938287411153,0.21234163512898846,0.2451458483867018,0.4200574469081594,False,False,none
4,22,stress,greedy_bad_minimizer,0.5911376248028655,0.832788674201859,0.4922927188304143,0.1571381273760376,0.18529088902779253,0.5553017102271814,False,False,none
4,23,stress,greedy_bad_minimizer,0.5374425011462085,0.5428202039121233,0.29173464806322646,0.14873103831538553,0.0827554305643426,0.4309750204493847,False,False,none
4,24,stress,greedy_bad_minimizer,0.7545089045349531,0.439788318961545,0.3318242027669439,0.15649056388001914,0.0,0.31054418426594327,False,False,none
4,25,stress,greedy_bad_minimizer,0.4883855100937758,0.5011762134100896,0.24476720063315363,0.16730337166955514,0.09414275514181966,0.3889718914305309,False,False,none
4,26,stress,greedy_bad_minimizer,0.6562871972139416,0.5701591056853976,0.3741881214362771,0.23791269345913713,0.1861479866819576,0.22009808950002827,False,False,greedy_margin_force
4,27,stress,greedy_bad_minimizer,0.9767684534374337,0.9588679947109859,0.9365920082445031,0.12342491084295099,0.0,0.40239620482103755,False,False,none
4,28,stress,greedy_bad_minimizer,0.3870758054965642,0.9417641803153481,0.36453412868337487,0.11284112029268945,0.08549572425998454,0.5818635621921029,False,False,none
4,29,stress,greedy_bad_minimizer,0.8918074050893898,0.6069066759375719,0.5412438677993132,0.19245930725895072,0.18910148864537263,0.4141635767762121,False,False,none
6,0,stress,greedy_bad_minimizer,0.4030097233126416,0.7735923176404733,0.3117652258890723,0.24659299196587398,0.31531779094304657,0.38844903580201545,False,False,none
6,1,stress,greedy_bad_minimizer,0.8078170032164668,0.6734764849014153,0.5440457557698214,0.1793289643730031,0.13213558014705143,0.3786773170119852,False,False,none
6,2,stress,greedy_bad_minimizer,0.8056451134479966,1.0,0.8056451134479966,0.13683499114875042,0.12790776405848184,0.5490414966394696,False,False,none
6,3,stress,greedy_bad_minimizer,0.5668927235772598,0.8612784638008254,0.48825249410248833,0.14704534550953463,0.06291020341079645,0.4035855491107002,False,False,none
6,4,stress,greedy_bad_minimizer,0.3785069723194561,0.9075280750038923,0.3435057039646276,0.14338038836609274,0.07498791562594323,0.43797924821569034,False,False,none
6,5,stress,greedy_bad_minimizer,0.9809809698847305,0.0,0.0,0.36978291906779936,0.2879221445496435,0.06094789942110487,True,True,greedy_margin_force
6,6,stress,greedy_bad_minimizer,0.5916509549059498,0.8222984741755098,0.4865136774636459,0.1692967324000319,0.16320905807665423,0.46967795695456954,False,False,none
6,7,stress,greedy_bad_minimizer,0.8313585826142607,0.8632714685727608,0.7176881445239817,0.11540667637350197,0.012425075841798881,0.4554785518599234,False,False,none
6,8,stress,greedy_bad_minimizer,0.5399089623596591,0.6691612233195607,0.36128614173378415,0.2637849107740173,0.24305324035701373,0.20239716900686638,False,False,none
6,9,stress,greedy_bad_minimizer,0.5291984353541563,1.0,0.5291984353541563,0.15456728624346952,0.10436613423138613,0.4378826865185716,False,False,none
6,10,stress,greedy_bad_minimizer,0.5385874485422639,0.8460145193244384,0.4556528013926591,0.10911687601815968,0.006813176052706321,0.47280054534111965,False,False,none
6,11,stress,greedy_bad_minimizer,0.9630345132263037,0.8452147407462849,0.813970966426295,0.1778876393858696,0.153928648801333,0.419188529827654,False,False,none
6,12,stress,greedy_bad_minimizer,0.7538289784550039,0.9667509909687003,0.728764911942298,0.1184084293105646,0.047679258011727704,0.49879036972454976,False,False,none
6,13,stress,greedy_bad_minimizer,0.8681625670732305,0.625253905162301,0.5428220353782653,0.21255344818919336,0.17902278504006156,0.3144800421917919,False,False,none
6,14,stress,greedy_bad_minimizer,0.7034097552738823,0.5256054446128435,0.36971599716574033,0.2103119197615967,0.14853411253993812,0.28571041059289787,False,False,none
6,15,stress,greedy_bad_minimizer,0.24381671576349137,0.45637002084987344,0.11127063965653222,0.2005336321935259,0.17602679666161714,0.3988314518870887,True,False,none
6,16,stress,greedy_bad_minimizer,0.7370921100891182,0.8942282209014233,0.6591285662454682,0.16578421332275867,0.15227522320915665,0.46700154790300347,False,False,none
6,17,stress,greedy_bad_minimizer,1.0,1.0,1.0,0.1648017828299722,0.16594533129326533,0.4927393460894527,False,False,none
6,18,stress,greedy_bad_minimizer,0.6442745431717509,0.5515643822665399,0.355358890414584,0.18867925615696013,0.11716927530856017,0.31602111858455295,False,False,none
6,19,stress,greedy_bad_minimizer,0.42186360433860154,0.9019619353974357,0.3805049130429831,0.10412896076768105,0.03872550621354554,0.5441113816394427,False,False,none
6,20,stress,greedy_bad_minimizer,0.704235696107988,0.6494823190509977,0.45738863306670974,0.14637497020948928,0.06630847510302473,0.4117593763735838,False,False,none
6,21,stress,greedy_bad_minimizer,0.8208299121584514,0.8756764796798788,0.7187814478948569,0.2032766584314552,0.2700414911240545,0.4972462841486896,False,False,none
6,22,stress,greedy_bad_minimizer,0.7219810882656197,0.8984910975422835,0.6486935804005489,0.16203814241258505,0.1770905132131162,0.5219010525349962,False,False,none
6,23,stress,greedy_bad_minimizer,0.4413627703087101,0.5867001330937975,0.2589475960827674,0.15236213078419786,0.07563792512098982,0.4015845031740763,False,False,none
6,24,stress,greedy_bad_minimizer,0.8132483376554788,0.4966650273528606,0.4039120078663268,0.15083459585373304,0.0,0.3104120892124205,False,False,none
6,25,stress,greedy_bad_minimizer,0.4269126880124509,0.5394952208846797,0.23031735491774957,0.13383531293863343,0.009142967286770859,0.3778728855911314,False,False,none
6,26,stress,greedy_bad_minimizer,0.6370329020395532,0.6287127595718095,0.4005107137793257,0.19028988925962398,0.10069430300395403,0.28322477450782724,False,False,none
6,27,stress,greedy_bad_minimizer,1.0,1.0,1.0,0.11820168243938001,0.0,0.4241596565025833,False,False,none
6,28,stress,greedy_bad_minimizer,0.50635933372795,1.0,0.50635933372795,0.0833884458731049,0.024649014138220737,0.6082424145809124,False,False,none
6,29,stress,greedy_bad_minimizer,0.8179036999510609,0.6349527152396472,0.5193301750884799,0.2301789663229437,0.23181444447131014,0.3246271774006424,False,False,none
8,0,stress,greedy_bad_minimizer,0.45330760406232246,0.7989057503907748,0.36215005158125396,0.2605456720572372,0.32456710800868704,0.3449576207752662,False,False,none
8,1,stress,greedy_bad_minimizer,0.8849848279692039,0.7480523929697029,0.6620150183042438,0.19400712782854834,0.14872575489872997,0.34378607930403776,False,False,none
8,2,stress,greedy_bad_minimizer,0.8240248407474148,1.0,0.8240248407474148,0.13507451120330813,0.1395859215559842,0.5748672457831911,False,False,none
8,3,stress,greedy_bad_minimizer,0.42376376027972473,0.8263488806526421,0.3501767089683051,0.17609131791047042,0.1501471835276251,0.420685882625113,False,False,none
8,4,stress,greedy_bad_minimizer,0.2940126600661243,0.8863746733154547,0.26060537551671875,0.16102213228047363,0.13665618381835345,0.462113406543753,False,False,none
8,5,stress,greedy_bad_minimizer,0.933291470916703,0.0,0.0,0.3921854357473988,0.3083827256510494,0.0,True,True,greedy_margin_force
8,6,stress,greedy_bad_minimizer,0.56008713455183,0.8481421293811311,0.4750334949377652,0.13865370158586499,0.11204909335979252,0.5163539745452341,False,False,none
8,7,stress,greedy_bad_minimizer,0.7788050213137023,0.9065925133455639,0.7060588016789349,0.13574488597172862,0.09048199168013088,0.49432612861133807,False,False,none
8,8,stress,greedy_bad_minimizer,0.6684880146904049,0.6998506902922256,0.46784179853315927,0.2400438022685303,0.18731815087511394,0.21307122943338755,False,False,none
8,9,stress,greedy_bad_minimizer,0.5413141673631998,1.0,0.5413141673631998,0.18546135029652117,0.2134274276001672,0.4818378007980931,False,False,none
8,10,stress,greedy_bad_minimizer,0.5804711469800876,0.9285169431591198,0.5389772949860191,0.09657846848442678,0.03828177809341071,0.5748691966294555,False,False,none
8,11,stress,greedy_bad_minimizer,0.9255410167870243,0.8937428827246892,0.827195696423175,0.15809148128405875,0.14013161973842606,0.47982722590226323,False,False,none
8,12,stress,greedy_bad_minimizer,0.6571840082187737,0.941245229519387,0.6185713126523503,0.1412355361182584,0.1153573306513633,0.510834373038582,False,False,none
8,13,stress,greedy_bad_minimizer,0.9407811565581241,0.6841495010570399,0.6436349588631055,0.20563562015945405,0.16330987875776057,0.318425557368729,False,False,none
8,14,stress,greedy_bad_minimizer,0.6841706138958726,0.5942284220820397,0.40655362433024483,0.17297351616979056,0.0740063602701372,0.3131204197202566,False,False,none
8,15,stress,greedy_bad_minimizer,0.7050298793374836,0.4196797840985114,0.2958867875433547,0.2422837493103631,0.2468244638961277,0.3522565356679764,False,False,greedy_margin_force
8,16,stress,greedy_bad_minimizer,0.7926580028471033,0.9297868028819032,0.7370029502459627,0.1383967858384912,0.09572795978139634,0.4915826619934976,False,False,none
8,17,stress,greedy_bad_minimizer,1.0,1.0,1.0,0.10592473244749724,0.028042292193727558,0.5197139107754968,False,False,none
8,18,stress,greedy_bad_minimizer,0.5762153937908111,0.5311743113712355,0.3060708149983394,0.23918285195785463,0.18989346564269471,0.22858014103852425,False,False,greedy_margin_force
8,19,stress,greedy_bad_minimizer,0.4768311913438184,0.9419016885351545,0.44912810427297195,0.1035072455123702,0.04889315570961353,0.5628006402386789,False,False,none
8,20,stress,greedy_bad_minimizer,0.6399452830582555,0.654213189256964,0.4186606445794919,0.1739423128800851,0.14299775469353626,0.418320141264411,False,False,none
8,21,stress,greedy_bad_minimizer,0.7871844810590736,0.9308430600618065,0.7327452111821932,0.2089423543896965,0.24856302838835537,0.43963165165782725,False,False,none
8,22,stress,greedy_bad_minimizer,0.7807455251830686,0.8992443375965422,0.702080992624713,0.11350377305299886,0.0633277359289863,0.5440031941667332,False,False,none
8,23,stress,greedy_bad_minimizer,0.5391429392646363,0.6719229141237584,0.3622624948799429,0.13155223671236388,0.03245689580383808,0.4199224320545608,False,False,none
8,24,stress,greedy_bad_minimizer,0.8324269330670973,0.5435276957107402,0.45244709277751793,0.1535049504437619,0.011179115178463496,0.2974597656374177,False,False,none
8,25,stress,greedy_bad_minimizer,0.4288837042225735,0.5986960672208507,0.2567709870131653,0.12688678021011962,0.0,0.38797174912450155,False,False,none
8,26,stress,greedy_bad_minimizer,0.513727916260346,0.6957344069668395,0.357418187161702,0.2045302898426484,0.17028487049131125,0.3340748372668744,False,False,none
8,27,stress,greedy_bad_minimizer,0.9838126606748887,1.0,0.9838126606748887,0.1084978097329511,0.0,0.4645924594460371,False,False,none
8,28,stress,greedy_bad_minimizer,0.6545592974574079,0.9730034010405777,0.6368884226087891,0.09633234799213103,0.020094180955784233,0.5470976698794457,False,False,none
8,29,stress,greedy_bad_minimizer,0.8460687243734819,0.6739597901022758,0.5702162998908521,0.186422156955513,0.15716191035230465,0.3887473707431782,False,False,none
10,0,stress,greedy_bad_minimizer,0.5155695287271549,0.7972716825980667,0.4110489856645911,0.23673481186605144,0.26635289901669007,0.35199704066787835,False,False,none
10,1,stress,greedy_bad_minimizer,0.8516759536854888,0.7734762918420255,0.6587511585076725,0.14522222895452908,0.07167620288012633,0.4250613672496623,False,False,none
10,2,stress,greedy_bad_minimizer,0.8872457420847305,1.0,0.8872457420847305,0.11930981964031503,0.1151020106384751,0.6017872683429396,False,False,none
10,3,stress,greedy_bad_minimizer,0.45158329321073587,0.8803221206919152,0.3975387623483139,0.13966284236265714,0.07382573916854498,0.4516289105057914,False,False,none
10,4,stress,greedy_bad_minimizer,0.39981663834646053,0.8566168028695489,0.3424896504743957,0.1879480898502623,0.20277639313702156,0.454612248090858,False,True,greedy_margin_force
10,5,stress,greedy_bad_minimizer,0.8580642211879611,0.0,0.0,0.39440694163299084,0.3142287937710286,0.0,True,True,greedy_margin_force
10,6,stress,greedy_bad_minimizer,0.6121262142195195,0.8656467268736955,0.5298850537727137,0.13673606781487613,0.11106750284648773,0.5227899302782884,False,False,none
10,7,stress,greedy_bad_minimizer,0.8037279018808628,0.950261639945279,0.7637517941110871,0.10413980129165952,0.019053271105643782,0.5129185072020214,False,False,none
10,8,stress,greedy_bad_minimizer,0.7596671405637274,0.8061792656205469,0.6124278974957266,0.18921152735175617,0.1306274543799612,0.33511210546928777,False,False,none
10,9,stress,greedy_bad_minimizer,0.5745896418825126,1.0,0.5745896418825126,0.13091020980797882,0.07879676050216958,0.49596899659519006,False,False,none
10,10,stress,greedy_bad_minimizer,0.7287065068673488,0.983369845101311,0.7165880047824622,0.09743041471347788,0.035462553338013326,0.5668556481456967,False,False,none
10,11,stress,greedy_bad_minimizer,1.0,0.9315878298809507,0.9315878298809507,0.13382404108617987,0.07259601007758551,0.47401017809709434,False,False,none
10,12,stress,greedy_bad_minimizer,0.6770616570876791,0.959513926193118,0.6496500888670175,0.15162578186655062,0.12774031402087174,0.4871480727557526,False,False,none
10,13,stress,greedy_bad_minimizer,1.0,0.8037983498555804,0.8037983498555804,0.18766877115957556,0.13838051547226682,0.3538159363328576,False,False,none
10,14,stress,greedy_bad_minimizer,0.667678174334609,0.6651415640342967,0.44410050514848565,0.1840712780982398,0.09148575643697178,0.2945554556158728,False,False,none
10,15,stress,greedy_bad_minimizer,0.7222822765450956,0.45360568080234126,0.327631343783703,0.22591669231140105,0.2074335373086774,0.3439478491069263,False,False,none
10,16,stress,greedy_bad_minimizer,0.952484790316418,0.9847722595615341,0.937980599157893,0.10323821430182187,0.03718066564994,0.5453768276881473,False,False,none
10,17,stress,greedy_bad_minimizer,1.0,1.0,1.0,0.09402979484472937,0.026714997039697205,0.5671746001264816,False,False,none
10,18,stress,greedy_bad_minimizer,0.49167527190445864,0.577775369522125,0.2840778619094899,0.22069181244313485,0.17977063055804052,0.2817542798705022,False,False,none
10,19,stress,greedy_bad_minimizer,0.6279432193022892,1.0,0.6279432193022892,0.06604310684683545,0.0,0.6414870548048524,False,False,none
10,20,stress,greedy_bad_minimizer,0.6933113021881568,0.7626804321053765,0.5287749635364047,0.15143524722733617,0.09359877717952991,0.43388453375368824,False,False,none
10,21,stress,greedy_bad_minimizer,0.8206327023665312,1.0,0.8206327023665312,0.18089163379730183,0.2079591400460385,0.4922201642508034,False,False,none
10,22,stress,greedy_bad_minimizer,0.7453311684035417,0.9317161427640172,0.694437081306746,0.1185640635663277,0.10097266677412456,0.5825231241993317,False,False,none
10,23,stress,greedy_bad_minimizer,0.5475724033942588,0.742845219579893,0.406761542235298,0.13221642592189625,0.033005023576826914,0.41802284598874156,False,False,none
10,24,stress,greedy_bad_minimizer,0.8744339646013151,0.6353521902608232,0.5555735346479007,0.14669470629077086,0.0,0.3054387237884548,False,False,none
10,25,stress,greedy_bad_minimizer,0.5353671684220481,0.707678346039601,0.37886775227281955,0.1364441746970183,0.031847760239845965,0.39857489247551325,False,False,none
10,26,stress,greedy_bad_minimizer,0.4602583498805863,0.7150599527855483,0.3291123139347664,0.21307236837549484,0.19383058059578023,0.33576355104542355,False,False,none
10,27,stress,greedy_bad_minimizer,0.9483738312164683,1.0,0.9483738312164683,0.10712571905668514,0.027787372047195846,0.5143061763385387,False,False,none
10,28,stress,greedy_bad_minimizer,0.6816008415707343,1.0,0.6816008415707343,0.10060510200141837,0.05142040451770537,0.5788943821471236,False,False,none
10,29,stress,greedy_bad_minimizer,0.837002860231449,0.7661336522869409,0.6412560582837359,0.16646622056331575,0.06976654027874772,0.33352110309420163,False,False,none
12,0,stress,greedy_bad_minimizer,0.5153785632145444,0.8142313947460885,0.4196374063484137,0.22324813835662918,0.23337935712914662,0.3559834056351938,False,False,none
12,1,stress,greedy_bad_minimizer,0.7120771284052501,0.5203757504262757,0.3705476700552695,0.2754602824400342,0.38350742608279165,0.3884790184533296,False,True,greedy_margin_force
12,2,stress,greedy_bad_minimizer,1.0,1.0,1.0,0.09009255694290569,0.06643303110005438,0.646466645312979,False,False,none
12,3,stress,greedy_bad_minimizer,0.46854040077539083,0.9921122397658976,0.4648446664340843,0.14378807832053797,0.07982894479030443,0.4439455029157405,False,False,none
12,4,stress,greedy_bad_minimizer,0.43834564426872213,0.8988215631590994,0.39399451718559536,0.13095297061153072,0.09597259984689015,0.5229859055428646,False,False,none
12,5,stress,greedy_bad_minimizer,0.922055985991996,0.0,0.0,0.5406888062914799,0.6991810691881046,0.0,True,True,greedy_margin_force
12,6,stress,greedy_bad_minimizer,0.6184316442194662,0.9459485511469534,0.5850045178328322,0.11445015057788241,0.06215221226855981,0.538198708684043,False,False,none
12,7,stress,greedy_bad_minimizer,0.8005203872256181,0.9985062643208026,0.7993246213612943,0.1027562266957604,0.023599148758719626,0.5258810409689711,False,False,none
12,8,stress,greedy_bad_minimizer,0.7123353084951414,0.8667731515308609,0.6174331202910417,0.15305289329990374,0.0519867377040358,0.36125861261512443,False,False,none
12,9,stress,greedy_bad_minimizer,0.4646945614524317,1.0,0.4646945614524317,0.10628113175798573,0.029831657159777328,0.5210620748447069,False,False,none
12,10,stress,greedy_bad_minimizer,0.6751870738295284,1.0,0.6751870738295284,0.09537479659382123,0.05424527370044927,0.6051600308847896,False,False,none
12,11,stress,greedy_bad_minimizer,1.0,1.0,1.0,0.10001683495347721,0.020718951954897383,0.5327348616224326,False,False,none
12,12,stress,greedy_bad_minimizer,0.6878528376138783,0.9482658871068269,0.6522673812588724,0.149270918729087,0.12399312258352314,0.4910269493860492,False,False,none
12,13,stress,greedy_bad_minimizer,1.0,0.7661584201285843,0.7661584201285843,0.12604767361494418,0.0,0.39146802660439933,False,False,none
12,14,stress,greedy_bad_minimizer,0.670758686587852,0.6889880657366769,0.46214473004823803,0.17191335878407893,0.08402448374674744,0.33339977099868806,False,False,none
12,15,stress,greedy_bad_minimizer,0.7392555094378542,0.5293505195585497,0.3913252880074485,0.22902870699281108,0.22882120984470017,0.33328458663466676,False,False,none
12,16,stress,greedy_bad_minimizer,0.9436845329558796,1.0,0.9436845329558796,0.09082484137715874,0.04161977931670977,0.6041278115132958,False,False,none
12,17,stress,greedy_bad_minimizer,1.0,1.0,1.0,0.07676552912287049,0.018883627922214014,0.6267093728648785,False,False,none
12,18,stress,greedy_bad_minimizer,0.4487745900695184,0.6995668018690548,0.3139478047350291,0.2135081409719541,0.1710415812261873,0.29786524955832105,False,False,none
12,19,stress,greedy_bad_minimizer,0.7538798268735012,1.0,0.7538798268735012,0.06,0.0,0.6689726020078062,False,False,none
12,20,stress,greedy_bad_minimizer,0.7336765277071904,0.8126039258027504,0.5961884266841933,0.14094078663240195,0.06828186183351881,0.43752633693473,False,False,none
12,21,stress,greedy_bad_minimizer,0.8119279023973112,1.0,0.8119279023973112,0.16375299101396246,0.14989811679352524,0.47170122236490475,False,False,none
12,22,stress,greedy_bad_minimizer,0.7942867634432563,0.9633743821889944,0.765195520013043,0.11465076312378675,0.09120404391782055,0.5833615565207713,False,False,none
12,23,stress,greedy_bad_minimizer,0.6438361844044319,0.7744668067814939,0.4986297538260815,0.12488769986105437,0.022474213995891626,0.4318854227391019,False,False,none
12,24,stress,greedy_bad_minimizer,0.9336699213131929,0.7599696936660786,0.7095608440856189,0.17857303182367323,0.09684236182109159,0.3259461069514233,False,False,none
12,25,stress,greedy_bad_minimizer,0.6642992922424064,0.7316008655835239,0.48600193721106677,0.12887889231720664,0.004130370915075373,0.3862110359605084,False,False,none
12,26,stress,greedy_bad_minimizer,0.4432214515599642,0.738914098454001,0.3275025792949046,0.21036813050923892,0.19911216462966463,0.35539371687514026,False,False,none
12,27,stress,greedy_bad_minimizer,0.9838459665615608,1.0,0.9838459665615608,0.11240378325475844,0.024573684471255325,0.48722590351799405,False,False,none
12,28,stress,greedy_bad_minimizer,0.5223843478506918,0.9223562985256255,0.48182449349128686,0.17548795890849705,0.241504368792698,0.5678487551363676,False,False,none
12,29,stress,greedy_bad_minimizer,0.8724619993005195,0.8214847389257237,0.7167142177180021,0.1267066857688316,0.0,0.3887221426298683,False,False,none
14,0,stress,greedy_bad_minimizer,0.4875668383814168,0.8007091662201887,0.39039923663699777,0.19228641448295686,0.19957890424218458,0.4314732047044719,False,False,none
14,1,stress,greedy_bad_minimizer,0.6932754415909963,0.5429515134295257,0.3764149502353542,0.25220660669519146,0.30121863554396683,0.34567218111901427,False,False,none
14,2,stress,greedy_bad_minimizer,1.0,1.0,1.0,0.10868562162430073,0.11079565742957243,0.6392363674955701,False,False,none
14,3,stress,greedy_bad_minimizer,0.5790126800560715,1.0,0.5790126800560715,0.13754384438818457,0.08592778669193046,0.47961964397812096,False,False,none
14,4,stress,greedy_bad_minimizer,0.42134320355157284,0.943002916705308,0.3973278698830915,0.10127736226394174,0.04410997494586037,0.564518450897855,False,False,none
14,5,stress,greedy_bad_minimizer,0.9845753700777131,0.0,0.0,0.5338311604783724,0.6811346328378222,0.0,True,True,greedy_margin_force
14,6,stress,greedy_bad_minimizer,0.6892017787444701,1.0,0.6892017787444701,0.10653302654347013,0.07035717538589133,0.5841779170965358,False,False,none
14,7,stress,greedy_bad_minimizer,0.9662880765271497,1.0,0.9662880765271497,0.10470817690400627,0.042012319162062405,0.5469021015732394,False,False,none
14,8,stress,greedy_bad_minimizer,0.7373826523447354,0.9785422312030878,0.7215600658758682,0.10660774043501554,0.0019836525775133087,0.4756085314351646,False,False,none
14,9,stress,greedy_bad_minimizer,0.4338273096117333,1.0,0.4338273096117333,0.09428287228575224,0.014613536045068324,0.5469594642140572,False,False,none
14,10,stress,greedy_bad_minimizer,0.6136733507727409,1.0,0.6136733507727409,0.11661932944921286,0.11840620580963726,0.6182292864935387,False,False,none
14,11,stress,greedy_bad_minimizer,0.974289910938557,1.0,0.974289910938557,0.1144458365610985,0.09132378763835095,0.584405011422812,False,False,none
14,12,stress,greedy_bad_minimizer,0.6586804177757265,0.9635295356262933,0.6346580370655787,0.1308965812617805,0.10375426051664713,0.5355418238939392,False,False,none
14,13,stress,greedy_bad_minimizer,1.0,0.8284955846826245,0.8284955846826245,0.12473091387580795,0.016092332026704268,0.42243405122641525,False,False,none
14,14,stress,greedy_bad_minimizer,0.5916047777471326,0.7537889298588288,0.44594513231738137,0.1788288427504538,0.10313066418144573,0.3348367068270648,False,False,none
14,15,stress,greedy_bad_minimizer,0.6121641293642393,0.6190816138429545,0.3789795571435804,0.230696002454574,0.23444857322751048,0.32664356404949996,False,False,none
14,16,stress,greedy_bad_minimizer,0.9483971299454433,1.0,0.9483971299454433,0.07990803498849519,0.010426724168672016,0.6002255008150008,False,False,none
14,17,stress,greedy_bad_minimizer,1.0,1.0,1.0,0.06,0.01996103880412615,0.7050797834892905,False,False,none
14,18,stress,greedy_bad_minimizer,0.4512068292085024,0.7470671067269758,0.3370817804322486,0.18157922925782913,0.10238051146119218,0.3221890212392663,False,False,none
14,19,stress,greedy_bad_minimizer,0.7970690213786412,1.0,0.7970690213786412,0.07079184441116815,0.032261370311064554,0.6727811512793184,False,False,none
14,20,stress,greedy_bad_minimizer,0.7264250172694577,0.8005666463313375,0.5815516398865936,0.13916484484685998,0.04618884135072601,0.40994547861006625,False,False,none
14,21,stress,greedy_bad_minimizer,0.8912259448775056,1.0,0.8912259448775056,0.11536254086468524,0.05001217903662176,0.5151753632051292,False,False,none
14,22,stress,greedy_bad_minimizer,0.7133371401360162,1.0,0.7133371401360162,0.09912012455633473,0.08074169032981576,0.6315071573708135,False,False,none
14,23,stress,greedy_bad_minimizer,0.6546578300317198,0.8380049904513193,0.5486065286046128,0.1250882411560642,0.04004066577363349,0.45886338265798554,False,False,none
14,24,stress,greedy_bad_minimizer,0.8860930066124718,0.7545483211708297,0.6685999905406536,0.19082482797599823,0.1251238271748674,0.3196759431268807,False,False,none
14,25,stress,greedy_bad_minimizer,0.6912162333736497,0.7591154221806332,0.5247129028155452,0.12414261121466644,0.012546100171875005,0.4192704452110253,False,False,none
14,26,stress,greedy_bad_minimizer,0.37562803120227284,0.7499906500848822,0.281717511311497,0.19903330403891276,0.1512462412409514,0.32683444846936976,False,False,none
14,27,stress,greedy_bad_minimizer,1.0,1.0,1.0,0.10148700766892178,0.006791320234102655,0.5045570584168219,False,False,none
14,28,stress,greedy_bad_minimizer,0.5835638955503891,1.0,0.5835638955503891,0.1925709919637344,0.27298110303564793,0.5465076132908827,False,False,none
14,29,stress,greedy_bad_minimizer,0.9158472633281325,0.9659586835978009,0.8846706168610914,0.14443656399616916,0.08185848593844777,0.4444569194185041,False,False,none
16,0,stress,greedy_bad_minimizer,0.43010021904747653,0.832304148374923,0.35797419653017776,0.17551422302433392,0.16712127825301057,0.449966094632542,False,False,none
16,1,stress,greedy_bad_minimizer,0.6178430361593346,0.5875356616868098,0.3630048170684622,0.21741809985272165,0.1963275352874844,0.3216098481521768,False,False,none
16,2,stress,greedy_bad_minimizer,0.9654370833979067,1.0,0.9654370833979067,0.134300720447122,0.14943091009074078,0.5936792724473313,False,False,none
16,3,stress,greedy_bad_minimizer,0.5512946526695163,0.9958776116128986,0.5490220019954803,0.09532273831274479,0.024523628050010286,0.558317668109413,False,False,none
16,4,stress,greedy_bad_minimizer,0.5733486266022589,0.9897075881914071,0.5674474864273773,0.06390452312660641,0.002401719397840776,0.6542005426857211,False,False,none
16,5,stress,greedy_bad_minimizer,1.0,0.0,0.0,0.5160792439306586,0.6344190629754174,0.0,True,True,greedy_margin_force
16,6,stress,greedy_bad_minimizer,0.7134131381166531,1.0,0.7134131381166531,0.10616062757461478,0.08236703919683945,0.6047451971674342,False,False,none
16,7,stress,greedy_bad_minimizer,1.0,1.0,1.0,0.11544558809402314,0.08087818718897717,0.5637005126574507,False,False,none
16,8,stress,greedy_bad_minimizer,0.6853820980874292,1.0,0.6853820980874292,0.08896062291198675,0.0,0.5459974045333885,False,False,none
16,9,stress,greedy_bad_minimizer,0.4207337177777079,1.0,0.4207337177777079,0.09721650261871159,0.04170915751342545,0.5776374051516254,False,False,none
16,10,stress,greedy_bad_minimizer,0.6123068014758014,1.0,0.6123068014758014,0.09142145520195424,0.047374131204042984,0.6107529777315921,False,False,none
16,11,stress,greedy_bad_minimizer,0.839465744285154,0.9640964644860138,0.8093259561224371,0.1518693097793032,0.19222658571649565,0.5882366366373548,False,False,none
16,12,stress,greedy_bad_minimizer,0.6845624429666775,0.9944639040372807,0.6807726395899404,0.13817330965122088,0.14614171800345255,0.5723355966253797,False,False,none
16,13,stress,greedy_bad_minimizer,0.9725764513565884,0.8716789203008706,0.8477743910285632,0.15563895074842043,0.1217853024853448,0.46099776748337756,False,False,none
16,14,stress,greedy_bad_minimizer,0.5788287534389293,0.8192521244971512,0.4742066859748805,0.1458586130619888,0.047707664095289606,0.3844595803925886,False,False,none
16,15,stress,greedy_bad_minimizer,0.6238097703320024,0.695064646481042,0.43358811748723325,0.208972816025366,0.15126478822792655,0.2854491812551921,False,False,none
16,16,stress,greedy_bad_minimizer,0.9804428286891568,1.0,0.9804428286891568,0.08115890032503081,0.030948812749214044,0.6275068688319606,False,False,none
16,17,stress,greedy_bad_minimizer,1.0,1.0,1.0,0.0937002655344226,0.0799452072787005,0.6528288051311818,False,False,none
16,18,stress,greedy_bad_minimizer,0.4070176421479196,0.7467445392872643,0.30393820166753677,0.2292245982946132,0.23587206470099525,0.3350282762156874,False,False,greedy_margin_force
16,19,stress,greedy_bad_minimizer,0.8616421253857718,1.0,0.8616421253857718,0.0719291941589568,0.05528239081133217,0.7044921431222894,False,False,none
16,20,stress,greedy_bad_minimizer,0.7359333860244242,0.8627779916574851,0.6349471287878454,0.11290835726810623,0.0027427398649511573,0.4505578495023967,False,False,none
16,21,stress,greedy_bad_minimizer,0.8777897211047759,1.0,0.8777897211047759,0.0960996676588041,0.04206832290919693,0.5828595626945448,False,False,none
16,22,stress,greedy_bad_minimizer,0.8081063218241138,1.0,0.8081063218241138,0.13316912603295636,0.1666702048110813,0.6256897991468938,False,False,none
16,23,stress,greedy_bad_minimizer,0.7479180623640627,0.8667003321100962,0.6482208330420728,0.11883374943958151,0.03432589192391847,0.4758753728812813,False,False,none
16,24,stress,greedy_bad_minimizer,0.7743930444659216,0.8429109669007389,0.6527443898719768,0.18211915619029406,0.1456056262238658,0.38837909072822896,False,False,none
16,25,stress,greedy_bad_minimizer,0.7180933034704029,0.8010557687968297,0.5752327832793387,0.12122267685021822,0.02426152958839209,0.44998626830571153,False,False,none
16,26,stress,greedy_bad_minimizer,0.28877696639033645,0.8394230485991243,0.24240604149258307,0.1844857200425054,0.1337135828336467,0.35968933930950137,False,False,none
16,27,stress,greedy_bad_minimizer,1.0,1.0,1.0,0.08727222850595118,0.0017240857672712049,0.5557621836900496,False,False,none
16,28,stress,greedy_bad_minimizer,0.6715569850173083,1.0,0.6715569850173083,0.13153676354467808,0.12332024658942861,0.56385387566377,False,False,none
16,29,stress,greedy_bad_minimizer,0.9295581223964741,0.9826710632907212,0.9134498685258695,0.10259773535406984,0.011378097587415792,0.5071914238714508,False,False,none
18,0,stress,greedy_bad_minimizer,0.3492720839584864,0.8298371874338305,0.28983896380126306,0.19668369043927048,0.2232896781621896,0.4506932802598398,False,False,none
18,1,stress,greedy_bad_minimizer,0.6147374737449035,0.711057513330584,0.43711369943217626,0.18710802274124444,0.10614882250163891,0.3051188742057431,False,False,none
18,2,stress,greedy_bad_minimizer,0.9947816685581424,1.0,0.9947816685581424,0.10709345566821665,0.07785319290732952,0.5937114901523691,False,False,none
18,3,stress,greedy_bad_minimizer,0.6747257915449023,1.0,0.6747257915449023,0.0989705457513847,0.07475892628382688,0.6226576926519564,False,False,none
18,4,stress,greedy_bad_minimizer,0.5812069212592118,1.0,0.5812069212592118,0.06738884859781671,0.0,0.6358797975090971,False,False,none
18,5,stress,greedy_bad_minimizer,0.6868911338419091,0.0,0.0,0.5697326387075201,0.7756122071250527,0.0,True,True,greedy_margin_force
18,6,stress,greedy_bad_minimizer,0.7334571771243508,1.0,0.7334571771243508,0.11875656918505992,0.1252270056933564,0.6201237207433979,False,False,none
18,7,stress,greedy_bad_minimizer,1.0,0.9831255905564431,0.9831255905564431,0.09544108902282464,0.06526195719974935,0.6223268946378339,False,False,none
18,8,stress,greedy_bad_minimizer,0.6604882812330937,1.0,0.6604882812330937,0.08380450342381424,0.0,0.5674812357341074,False,False,none
18,9,stress,greedy_bad_minimizer,0.4547896668827549,1.0,0.4547896668827549,0.09125502833533677,0.031412843119242286,0.5861743835415638,False,False,none
18,10,stress,greedy_bad_minimizer,0.6988085607965641,1.0,0.6988085607965641,0.08256184227295826,0.033899209806607114,0.6263327393898019,False,False,none
18,11,stress,greedy_bad_minimizer,0.9426541679785598,1.0,0.9426541679785598,0.1387423089880434,0.1476297981653792,0.5723208929783362,False,False,none
18,12,stress,greedy_bad_minimizer,0.5563787265586916,0.9060192012923671,0.50408980945277,0.2535956757854883,0.40003130942386583,0.49340092414825293,False,False,none
18,13,stress,greedy_bad_minimizer,1.0,0.9376075941774379,0.9376075941774379,0.1333941099739305,0.08242946909944235,0.49137120118273997,False,False,none
18,14,stress,greedy_bad_minimizer,0.6320628568621053,0.9264871306136282,0.5855981026216244,0.13848985795894392,0.0646431852427261,0.4419773018053834,False,False,none
18,15,stress,greedy_bad_minimizer,0.5617143196207258,0.7360978424546321,0.41347669874868787,0.19387984699010863,0.14690212188798266,0.3414289971971865,False,False,none
18,16,stress,greedy_bad_minimizer,1.0,1.0,1.0,0.07200887732823455,0.0,0.6166296777990228,False,False,none
18,17,stress,greedy_bad_minimizer,1.0,0.9930590177968144,0.9930590177968144,0.12701631985359124,0.1388956822786101,0.6073501642178359,False,False,none
18,18,stress,greedy_bad_minimizer,0.42622148573536384,0.8311136083645271,0.35423847697200805,0.2151703527768005,0.1933852217301098,0.32631679783600515,False,False,none
18,19,stress,greedy_bad_minimizer,0.9174877456300032,0.9820049207364738,0.9009774809240774,0.06,0.0,0.7052223186897038,False,False,none
18,20,stress,greedy_bad_minimizer,0.8021519342898487,0.8589966180433528,0.6890457987119137,0.12637130157442633,0.04841167820980237,0.4667714006054107,False,False,none
18,21,stress,greedy_bad_minimizer,0.9646035403443396,1.0,0.9646035403443396,0.06792986449111263,0.012668819720959842,0.6536845291785505,False,False,none
18,22,stress,greedy_bad_minimizer,0.769457539289006,1.0,0.769457539289006,0.1270135773574984,0.1367263988156361,0.6039268924685139,False,False,none
18,23,stress,greedy_bad_minimizer,0.5585607037484668,0.8433266683994407,0.4710491373910415,0.14580000572518037,0.10125896304272329,0.4694933342960602,False,False,none
18,24,stress,greedy_bad_minimizer,0.8662731700133381,0.8437899909066219,0.7309526302482051,0.14606974212834373,0.09148273786873574,0.452890409424066,False,False,none
18,25,stress,greedy_bad_minimizer,0.6562853218667818,0.8755131053158163,0.5745864001207761,0.11752667365430448,0.04653464892411427,0.5006520539035789,False,False,none
18,26,stress,greedy_bad_minimizer,0.3522754772210899,0.8708885103127325,0.3067926655767819,0.15540168587163056,0.06313361627471112,0.3691212013031653,False,False,none
18,27,stress,greedy_bad_minimizer,0.9032417345416025,1.0,0.9032417345416025,0.07864362490867247,0.0,0.5889848962138647,False,False,none
18,28,stress,greedy_bad_minimizer,0.7559242514871687,1.0,0.7559242514871687,0.11672464802367849,0.07213708166995565,0.5445310125454361,False,False,none
18,29,stress,greedy_bad_minimizer,0.871058064579621,1.0,0.871058064579621,0.08709468265591719,0.014889815630876305,0.5773476970158993,False,False,none
20,0,stress,greedy_bad_minimizer,0.4006036120345427,0.9033564858633957,0.3618878711917076,0.143388213609568,0.09406546714959546,0.4681527662803261,False,False,none
20,1,stress,greedy_bad_minimizer,0.6599555232352825,0.8475172308306012,0.5593236775237271,0.1501370503269862,0.03252621989813373,0.3425954718096026,False,False,none
20,2,stress,greedy_bad_minimizer,1.0,1.0,1.0,0.10771669913164816,0.09270917053146126,0.6146366069596131,False,False,none
20,3,stress,greedy_bad_minimizer,0.6645726706693065,1.0,0.6645726706693065,0.10614664964906606,0.09382323526574196,0.6229424156329828,False,False,none
20,4,stress,greedy_bad_minimizer,0.6246094775110268,1.0,0.6246094775110268,0.11370082106360072,0.10227078096477424,0.6048419820958897,False,False,none
20,5,stress,greedy_bad_minimizer,0.9817558010199596,0.0,0.0,0.516322115007994,0.6350581973894578,0.0,True,True,greedy_margin_force
20,6,stress,greedy_bad_minimizer,0.736381782940557,1.0,0.736381782940557,0.12331793798092361,0.13035281048072203,0.6092338750072949,False,False,none
20,7,stress,greedy_bad_minimizer,1.0,1.0,1.0,0.07558409659191356,0.0,0.6017329308670268,False,False,none
20,8,stress,greedy_bad_minimizer,0.6017203218868485,0.9947845544627506,0.5985820823193915,0.0970103165034795,0.06519287541553834,0.6156790673101045,False,False,none
20,9,stress,greedy_bad_minimizer,0.5848056454594707,1.0,0.5848056454594707,0.08386589843649606,0.001908874386794301,0.5702478076270241,False,False,none
20,10,stress,greedy_bad_minimizer,0.7580328755533047,1.0,0.7580328755533047,0.08692951311398542,0.029125823163442623,0.6005762487005116,False,False,none
20,11,stress,greedy_bad_minimizer,0.9949252576910979,1.0,0.9949252576910979,0.12470427249954094,0.09088023141459589,0.5409592309916896,False,False,none
20,12,stress,greedy_bad_minimizer,0.39478721148736967,0.9005017824651307,0.35550658763881493,0.20611796480090713,0.2696225995516507,0.48474426261966724,False,False,none
20,13,stress,greedy_bad_minimizer,0.9870428911815361,1.0,0.9870428911815361,0.11495501258213031,0.06305128535461307,0.5375186493859277,False,False,none
20,14,stress,greedy_bad_minimizer,0.6264940988752731,1.0,0.6264940988752731,0.12232300910233464,0.05139395043164139,0.48836121692370454,False,False,none
20,15,stress,greedy_bad_minimizer,0.4894556462667,0.7674954034670869,0.3756549587107047,0.1590060584513287,0.06999721058352902,0.3649703398767182,False,False,none
20,16,stress,greedy_bad_minimizer,1.0,1.0,1.0,0.08582153695377481,0.03883506045658131,0.6205657750821921,False,False,none
20,17,stress,greedy_bad_minimizer,1.0,1.0,1.0,0.1002592088784853,0.06161001283612841,0.5964691499968479,False,False,none
20,18,stress,greedy_bad_minimizer,0.4588715525146233,0.8510759217721836,0.390534529531416,0.2149282417173085,0.18199441143320577,0.309290144280457,False,False,none
20,19,stress,greedy_bad_minimizer,1.0,1.0,1.0,0.06,0.009957165553403837,0.7004279103837352,False,False,none
20,20,stress,greedy_bad_minimizer,0.9172155153650705,0.8990381353322384,0.8246117266316111,0.1150204499716369,0.025654327787950834,0.4780341441157684,False,False,none
20,21,stress,greedy_bad_minimizer,1.0,1.0,1.0,0.1064414057839031,0.09023234581134948,0.6160286901017072,False,False,none
20,22,stress,greedy_bad_minimizer,0.7736840960566022,0.9699579330403283,0.7504410266372367,0.13453394949267183,0.15321676585708527,0.5987017563875858,False,False,none
20,23,stress,greedy_bad_minimizer,0.7368094575543128,0.9275526035694565,0.6834295306891017,0.10265846659108158,0.01114791924374723,0.5065739280064265,False,False,none
20,24,stress,greedy_bad_minimizer,0.9087308485246193,0.9225253119426338,0.8383272095070686,0.14560814274445494,0.09725176870851003,0.46394803901991194,False,False,none
20,25,stress,greedy_bad_minimizer,0.7111975444803317,0.9087041558252889,0.6462681642820182,0.08224872625029966,0.0020112606007558834,0.5771481365749482,False,False,none
20,26,stress,greedy_bad_minimizer,0.3870480797931131,0.937738139808628,0.3629497463616953,0.13023586484200123,0.03516674645276879,0.4296979117085456,False,False,none
20,27,stress,greedy_bad_minimizer,0.9846682811075915,1.0,0.9846682811075915,0.08517907171956779,0.0,0.5617538678351343,False,False,none
20,28,stress,greedy_bad_minimizer,0.8473785742992561,1.0,0.8473785742992561,0.10864908688789049,0.07511935385841462,0.5829011149096127,False,False,none
20,29,stress,greedy_bad_minimizer,0.9043427795599078,1.0,0.9043427795599078,0.0780539964394473,0.0,0.5914416815023029,False,False,none
22,0,stress,greedy_bad_minimizer,0.3819765115727264,0.8674809940217643,0.3313573639520746,0.1331480373664819,0.07281175167195207,0.47716845112024947,False,False,none
22,1,stress,greedy_bad_minimizer,0.585159556100003,0.8607868051049276,0.5036976247719392,0.11249664872671088,0.0,0.4479306303053714,False,False,none
22,2,stress,greedy_bad_minimizer,1.0,1.0,1.0,0.12524080363449228,0.12384904566770984,0.5909243071634895,False,False,none
22,3,stress,greedy_bad_minimizer,0.7392289929200021,0.9763229786428558,0.721726252266815,0.09565852924147475,0.06092249973670477,0.614550086076971,False,False,none
22,4,stress,greedy_bad_minimizer,0.6887154460704352,1.0,0.6887154460704352,0.10801745853146741,0.07498867385555734,0.5853259897235182,False,False,none
22,5,stress,greedy_bad_minimizer,0.8786986419507175,0.0,0.0,0.4875397247672913,0.5593150651770823,0.0,True,True,greedy_margin_force
22,6,stress,greedy_bad_minimizer,0.6537021678764104,1.0,0.6537021678764104,0.11949843686456699,0.12173660268225273,0.6115061339778711,False,False,none
22,7,stress,greedy_bad_minimizer,1.0,0.9812780351282762,0.9812780351282762,0.08838894981679687,0.04593884779361823,0.6211158847699086,False,False,none
22,8,stress,greedy_bad_minimizer,0.6432180136440262,0.989153943386246,0.6362416346530567,0.10513088076853172,0.08461901736389513,0.6126014409572852,False,False,none
22,9,stress,greedy_bad_minimizer,0.35922458261655904,0.9710132709436702,0.34881183696987966,0.1574061700458006,0.18515599794342755,0.5539712882195912,False,False,none
22,10,stress,greedy_bad_minimizer,0.8502466060060478,1.0,0.8502466060060478,0.08683469143358147,0.02235962758214463,0.5902581960318062,False,False,none
22,11,stress,greedy_bad_minimizer,0.5847516527025741,0.8782999943876255,0.5135873732868256,0.20940541979074018,0.30589122803884256,0.5284718619334166,False,False,none
22,12,stress,greedy_bad_minimizer,0.31977309146267685,0.9016329403273848,0.2883179526930711,0.1923007024480018,0.22940564594670054,0.4786393458822683,False,False,none
22,13,stress,greedy_bad_minimizer,1.0,1.0,1.0,0.10864019606143605,0.07017451799038599,0.5751088365621276,False,False,none
22,14,stress,greedy_bad_minimizer,0.5658001323971602,1.0,0.5658001323971602,0.13006308118666382,0.08792316011878581,0.5139488319103117,False,False,none
22,15,stress,greedy_bad_minimizer,0.5422432939306878,0.854436585162818,0.4633125083935751,0.16398567196669261,0.07688285933877952,0.3551242274251817,False,False,none
22,16,stress,greedy_bad_minimizer,1.0,1.0,1.0,0.10493628294694679,0.09180243572294679,0.6247860109490541,False,False,none
22,17,stress,greedy_bad_minimizer,1.0,1.0,1.0,0.06800745350409196,0.0,0.6333022770662835,False,False,none
22,18,stress,greedy_bad_minimizer,0.5251014170849851,0.8747093574041643,0.45931112311042344,0.19380424426311688,0.18203659879497416,0.397373596995722,False,False,none
22,19,stress,greedy_bad_minimizer,1.0,1.0,1.0,0.06,0.0,0.7037088979874135,False,False,none
22,20,stress,greedy_bad_minimizer,1.0,0.9872941449759071,0.9872941449759071,0.08634401317119378,0.0,0.5568999451200259,False,False,none
22,21,stress,greedy_bad_minimizer,1.0,1.0,1.0,0.1060399828467325,0.0752007971542472,0.5939013336328394,False,False,none
22,22,stress,greedy_bad_minimizer,0.8404850720824715,0.969407260708082,0.8147723313935036,0.12991032858572144,0.12987810033643302,0.581013956425513,False,False,none
22,23,stress,greedy_bad_minimizer,0.9547470526243833,1.0,0.9547470526243833,0.08982625328933189,0.0,0.5423906112944505,False,False,none
22,24,stress,greedy_bad_minimizer,0.9725445249987951,1.0,0.9725445249987951,0.12472251092148856,0.08081547644179225,0.5249473755266354,False,False,none
22,25,stress,greedy_bad_minimizer,0.7672761428630626,1.0,0.7672761428630626,0.0717699427794484,0.0,0.617625238418965,False,False,none
22,26,stress,greedy_bad_minimizer,0.4868828414401357,0.9772686408549991,0.47581533270982146,0.10889944221287036,0.034759842238378746,0.5179554076571399,False,False,none
22,27,stress,greedy_bad_minimizer,1.0,1.0,1.0,0.08735734131017286,0.029443749709780316,0.5992970149147653,False,False,none
22,28,stress,greedy_bad_minimizer,0.9713931186623812,1.0,0.9713931186623812,0.13030001206117653,0.16001750806655948,0.627111004183817,False,False,none
22,29,stress,greedy_bad_minimizer,0.9648101231926987,1.0,0.9648101231926987,0.08154507652241627,0.024929274717798683,0.6163668661264468,False,False,none
24,0,stress,greedy_bad_minimizer,0.3476588378893267,0.9110956291144633,0.31675044762397936,0.14298230749085203,0.08070087943062644,0.4486834445532751,False,False,none
24,1,stress,greedy_bad_minimizer,0.6750191513688886,0.9514237859529655,0.6422292765861458,0.09592211807148954,0.0,0.516991174702127,False,False,none
24,2,stress,greedy_bad_minimizer,1.0,0.9853339480135751,0.9853339480135751,0.10833169846311913,0.08918503983942719,0.6064942361494299,False,False,none
24,3,stress,greedy_bad_minimizer,0.6454381415209811,1.0,0.6454381415209811,0.11460541070943206,0.12052834862077118,0.6299806740269209,False,False,none
24,4,stress,greedy_bad_minimizer,0.6588515648751346,0.9697433665577184,0.638916934583834,0.17481813873030644,0.24040861889977416,0.5689047352150324,False,False,none
24,5,stress,greedy_bad_minimizer,0.9586990391891622,0.0,0.0,0.4739280290737311,0.5234948133519239,0.0,True,True,greedy_margin_force
24,6,stress,greedy_bad_minimizer,0.6388174454538649,1.0,0.6388174454538649,0.12050578356367952,0.10343455830984322,0.5783306191419204,False,False,none
24,7,stress,greedy_bad_minimizer,1.0,1.0,1.0,0.08949500512528485,0.03771748437665383,0.603490162241015,False,False,none
24,8,stress,greedy_bad_minimizer,0.469698026353625,0.8884607913572728,0.41730828019309085,0.14976593581063663,0.1751805182285003,0.5700110879841396,False,False,none
24,9,stress,greedy_bad_minimizer,0.2568997791569706,1.0,0.2568997791569706,0.14770700367085754,0.1408260948971117,0.5241954682918539,False,False,none
24,10,stress,greedy_bad_minimizer,1.0,1.0,1.0,0.07437692747830615,0.0,0.6067628021737244,False,False,none
24,11,stress,greedy_bad_minimizer,0.5013991597426578,0.9641186204421052,0.48340826618192195,0.2017825197354458,0.2688302623642811,0.5015540831790877,False,False,none
24,12,stress,greedy_bad_minimizer,0.445914207079078,1.0,0.445914207079078,0.15806758807613466,0.16508562606991445,0.5194372909601368,False,False,none
24,13,stress,greedy_bad_minimizer,1.0,1.0,1.0,0.10310292980356942,0.07559117487573597,0.6067571527050427,False,False,none
24,14,stress,greedy_bad_minimizer,0.5184045916993235,1.0,0.5184045916993235,0.10109953492136403,0.029653034500396223,0.5423692424532772,False,False,none
24,15,stress,greedy_bad_minimizer,0.6004759570085969,0.9137936218923163,0.5487110996141406,0.14743996447659308,0.07310639718319109,0.41808527688758135,False,False,none
24,16,stress,greedy_bad_minimizer,0.973720297365313,0.9867282793148823,0.9607973535532508,0.09736003527570719,0.04720247731374996,0.5857371087646576,False,False,none
24,17,stress,greedy_bad_minimizer,1.0,1.0,1.0,0.0752878590300492,0.002745829350725155,0.6073148171801098,False,False,none
24,18,stress,greedy_bad_minimizer,0.6001932531759747,0.9098069749715836,0.5460600080703873,0.1929231489281897,0.1897319391432891,0.4132291164427506,False,False,none
24,19,stress,greedy_bad_minimizer,1.0,1.0,1.0,0.06936030929204423,0.03221597755745217,0.6786740090824483,False,False,none
24,20,stress,greedy_bad_minimizer,1.0,1.0,1.0,0.0957768664027149,0.028243442328171314,0.5623151736749592,False,False,none
24,21,stress,greedy_bad_minimizer,1.0,1.0,1.0,0.09016062129297861,0.03489957013947762,0.5962550640000953,False,False,none
24,22,stress,greedy_bad_minimizer,0.7733151673942564,0.9983640047705462,0.7720500274695352,0.10166087816548028,0.05062171757070369,0.5732307271307797,False,False,none
24,23,stress,greedy_bad_minimizer,1.0,1.0,1.0,0.09578075713441364,0.015461479824946063,0.5420608549961078,False,False,none
24,24,stress,greedy_bad_minimizer,0.980716099519692,0.9879547081724309,0.968903087900982,0.0877144504470444,0.0008619627417637762,0.5525545641451076,False,False,none
24,25,stress,greedy_bad_minimizer,0.9613124770768116,1.0,0.9613124770768116,0.06811974740237833,0.0,0.6328343858234237,False,False,none
24,26,stress,greedy_bad_minimizer,0.31908393052278355,0.9436934279391536,0.3011174081953443,0.2015237417280185,0.25120657252282463,0.4747281492943954,False,False,none
24,27,stress,greedy_bad_minimizer,0.872200235877483,1.0,0.872200235877483,0.08973415880185254,0.0648721154870514,0.6454885211801125,False,False,none
24,28,stress,greedy_bad_minimizer,1.0,1.0,1.0,0.08412037315774776,0.03118628191917175,0.6155433915480729,False,False,none
24,29,stress,greedy_bad_minimizer,1.0,1.0,1.0,0.07021989490332797,0.0015163642053059208,0.6264846812278678,False,False,none
26,0,stress,greedy_bad_minimizer,0.31969905787625047,1.0,0.31969905787625047,0.12814776849814852,0.09980789883076915,0.5407468044064323,False,False,none
26,1,stress,greedy_bad_minimizer,0.8025533081105427,1.0,0.8025533081105427,0.09125740280331887,0.0,0.5364274883195047,False,False,none
26,2,stress,greedy_bad_minimizer,0.7329149043094665,0.8141824553573739,0.5967264563586961,0.24226749762457073,0.4031397316283389,0.5455233349758252,False,False,none
26,3,stress,greedy_bad_minimizer,0.8950468781513684,1.0,0.8950468781513684,0.09547082399502538,0.05686863590323621,0.608913573534185,False,False,none
26,4,stress,greedy_bad_minimizer,0.7058381593327095,1.0,0.7058381593327095,0.1740352998984445,0.2211015722250407,0.5415970731127957,False,False,none
26,5,stress,greedy_bad_minimizer,1.0,0.0,0.0,0.4949530682955093,0.5788238639355509,0.0,True,True,greedy_margin_force
26,6,stress,greedy_bad_minimizer,0.645046568152659,1.0,0.645046568152659,0.09318485287491451,0.039625282804967715,0.5911364774623884,False,False,none
26,7,stress,greedy_bad_minimizer,0.9851931588699973,0.9848369817984532,0.9702546570700121,0.08685723278754892,0.04899051943887077,0.6323298524967582,False,False,none
26,8,stress,greedy_bad_minimizer,0.3439223994911027,1.0,0.3439223994911027,0.11643473631299245,0.10450305714913033,0.5969851058486545,False,False,none
26,9,stress,greedy_bad_minimizer,0.2856093862955892,0.9876015413981757,0.2820682701433109,0.1547669052729308,0.1823012689879317,0.560448237260347,False,False,none
26,10,stress,greedy_bad_minimizer,1.0,1.0,1.0,0.08578043294065477,0.004082345333207253,0.5657119095248501,False,False,none
26,11,stress,greedy_bad_minimizer,0.5387986006038464,0.9815109604770998,0.5288367319823987,0.15528364680316148,0.1654569337669438,0.5316249501178215,False,False,none
26,12,stress,greedy_bad_minimizer,0.3690180156791529,0.9954625298890649,0.36734360746261213,0.14032324237774846,0.12431279729479791,0.5288150858094781,False,False,none
26,13,stress,greedy_bad_minimizer,1.0,1.0,1.0,0.08203770771658997,0.03860571250266505,0.6359685959767615,False,False,none
26,14,stress,greedy_bad_minimizer,0.5650294955169186,1.0,0.5650294955169186,0.0980064698358881,0.02321985749672473,0.5450711500536137,False,False,none
26,15,stress,greedy_bad_minimizer,0.6045851060968123,1.0,0.6045851060968123,0.15404009950992456,0.11526557745015278,0.45733674967138954,False,False,none
26,16,stress,greedy_bad_minimizer,1.0,1.0,1.0,0.07349928441220738,0.02255417572207497,0.646130426509088,False,False,none
26,17,stress,greedy_bad_minimizer,0.9818868891592043,1.0,0.9818868891592043,0.06392930496766819,0.0049046295737016354,0.6580602261264102,False,False,none
26,18,stress,greedy_bad_minimizer,0.5593103784817075,0.9418264582489871,0.5267733128273271,0.16221779189499475,0.12607949963496076,0.44038507485954326,False,False,none
26,19,stress,greedy_bad_minimizer,1.0,0.9836935865779854,0.9836935865779854,0.06,0.0,0.6864651521836009,False,False,none
26,20,stress,greedy_bad_minimizer,1.0,0.9838683708540473,0.9838683708540473,0.07848293401076703,0.0,0.589654441621804,False,False,none
26,21,stress,greedy_bad_minimizer,1.0,1.0,1.0,0.08842440170251076,0.043757411232662045,0.6175142273579202,False,False,none
26,22,stress,greedy_bad_minimizer,0.7826561094079213,1.0,0.7826561094079213,0.08269722647006472,0.0,0.5720948897080637,False,False,none
26,23,stress,greedy_bad_minimizer,1.0,1.0,1.0,0.08417563706055714,0.0,0.5659348455810119,False,False,none
26,24,stress,greedy_bad_minimizer,0.9787227549669084,1.0,0.9787227549669084,0.09628977111183165,0.03931150172318719,0.5777024980957478,False,False,none
26,25,stress,greedy_bad_minimizer,1.0,1.0,1.0,0.06961512797872957,0.0026772823164586713,0.630842663756353,False,False,none
26,26,stress,greedy_bad_minimizer,0.25551334984142726,0.9478286787535057,0.2421828807840823,0.20992948404534595,0.2774204968355827,0.4812096031340645,False,False,none
26,27,stress,greedy_bad_minimizer,0.8779953605088638,1.0,0.8779953605088638,0.1163763698296704,0.11743891548047636,0.6177100752204611,False,False,none
26,28,stress,greedy_bad_minimizer,0.9981501701428893,1.0,0.9981501701428893,0.06866933313476517,0.0,0.6305444452718119,False,False,none
26,29,stress,greedy_bad_minimizer,0.9934776183461469,1.0,0.9934776183461469,0.06434956564802685,0.0,0.6485434764665549,False,False,none
28,0,stress,greedy_bad_minimizer,0.3754953398190416,1.0,0.3754953398190416,0.07855704332159463,0.0024969234258824316,0.5932991149176695,False,False,none
28,1,stress,greedy_bad_minimizer,0.5809764611354826,0.8330338965585465,0.4839730852284861,0.1886659938479227,0.21394305661634555,0.4693015319428692,False,False,none
28,2,stress,greedy_bad_minimizer,0.5944287524597953,0.641175421437492,0.38113310587297183,0.343460177325178,0.5978135753470953,0.4321207554446592,False,True,greedy_margin_force
28,3,stress,greedy_bad_minimizer,0.984418292243576,1.0,0.984418292243576,0.10252634530603427,0.10252006025389732,0.6517969899601948,False,False,none
28,4,stress,greedy_bad_minimizer,0.45676299000046866,0.9157622576493039,0.41828630693347557,0.22795230359879892,0.33302760363561185,0.49415910742805674,False,False,none
28,5,stress,greedy_bad_minimizer,0.9920322928645253,0.0,0.0,0.4751967338609367,0.5268335101603596,0.0,True,True,greedy_margin_force
28,6,stress,greedy_bad_minimizer,0.6757326443048061,1.0,0.6757326443048061,0.11461870785695538,0.08184335513442745,0.5686740295588628,False,False,none
28,7,stress,greedy_bad_minimizer,1.0,1.0,1.0,0.08661238916104189,0.053308206608221075,0.6401863722920089,False,False,none
28,8,stress,greedy_bad_minimizer,0.388369815014581,1.0,0.388369815014581,0.10493106596258803,0.08582557980352667,0.6153443931781338,False,False,none
28,9,stress,greedy_bad_minimizer,0.31765514537980233,1.0,0.31765514537980233,0.08934884277620411,0.0530120078345362,0.6283155008371651,False,False,none
28,10,stress,greedy_bad_minimizer,0.9763724313740147,1.0,0.9763724313740147,0.07467699251637899,0.0,0.6055125311817542,False,False,none
28,11,stress,greedy_bad_minimizer,0.4742423303502017,0.978252669980715,0.4639288258829611,0.15671647168880107,0.17316026337640875,0.5378517849759761,False,False,none
28,12,stress,greedy_bad_minimizer,0.42068056921403135,0.9739497525347126,0.4097217362821679,0.12916496225262308,0.07440971943482709,0.49629471305254674,False,False,none
28,13,stress,greedy_bad_minimizer,0.9627738533617505,1.0,0.9627738533617505,0.09273820213219294,0.07833546981292101,0.6542886516529877,False,False,none
28,14,stress,greedy_bad_minimizer,0.5092197548541442,1.0,0.5092197548541442,0.09637653543502142,0.02971053819745209,0.5621394545000432,False,False,none
28,15,stress,greedy_bad_minimizer,0.6390803685859474,0.9694427576425245,0.6195518348771618,0.16923121608581712,0.17526736786693412,0.489043265431741,False,False,none
28,16,stress,greedy_bad_minimizer,1.0,1.0,1.0,0.07227622629883051,0.018124773483936787,0.644213281771106,False,False,none
28,17,stress,greedy_bad_minimizer,0.9956519192679529,1.0,0.9956519192679529,0.06080414703680942,0.0,0.6633160540132941,False,False,none
28,18,stress,greedy_bad_minimizer,0.5873989403454996,0.9057616522286409,0.5320434347246925,0.12420722820902864,0.020992242825532866,0.43237426693614106,False,False,none
28,19,stress,greedy_bad_minimizer,1.0,0.9957892044388597,0.9957892044388597,0.06256579544086655,0.017124048444215237,0.6830889290330635,False,False,none
28,20,stress,greedy_bad_minimizer,1.0,1.0,1.0,0.09691737803666214,0.06352129468833725,0.6134196414371085,False,False,none
28,21,stress,greedy_bad_minimizer,1.0,1.0,1.0,0.08270595274856013,0.03919726398248187,0.6341208648532625,False,False,none
28,22,stress,greedy_bad_minimizer,0.7518761534535372,1.0,0.7518761534535372,0.07504802891479237,0.0035781846808397365,0.6096320052663614,False,False,none
28,23,stress,greedy_bad_minimizer,1.0,1.0,1.0,0.1068742642761325,0.053411711972043883,0.5559257761385175,False,False,none
28,24,stress,greedy_bad_minimizer,1.0,1.0,1.0,0.11373407404175592,0.08210634881114584,0.5727764104436647,False,False,none
28,25,stress,greedy_bad_minimizer,1.0,1.0,1.0,0.07191377475417321,0.0,0.6170259385242783,False,False,none
28,26,stress,greedy_bad_minimizer,0.29599036461636996,0.9761276033064938,0.2889243652147924,0.18914402078367765,0.23162206724178142,0.4953015198674971,False,False,none
28,27,stress,greedy_bad_minimizer,1.0,1.0,1.0,0.09205467791678218,0.06093190008231429,0.6295810171437385,False,False,none
28,28,stress,greedy_bad_minimizer,0.9725196790285462,1.0,0.9725196790285462,0.07930434346122439,0.026008551435656568,0.627412108684688,False,False,none
28,29,stress,greedy_bad_minimizer,0.8618967819424501,1.0,0.8618967819424501,0.11497600303779687,0.11769005870712276,0.6239425802954576,False,False,none
30,0,stress,greedy_bad_minimizer,0.4388158024067014,1.0,0.4388158024067014,0.08061465128699835,0.02189397410098232,0.6154377452973955,False,False,none
30,1,stress,greedy_bad_minimizer,0.736665788832838,0.956936135059842,0.7049421127965056,0.1967672467120149,0.24742220906386833,0.48855496971772927,False,False,none
30,2,stress,greedy_bad_minimizer,0.6437180185786763,0.6332698041473697,0.4076471835514512,0.35445033956211514,0.5762027075165621,0.35211120539241036,False,False,greedy_margin_force
30,3,stress,greedy_bad_minimizer,1.0,1.0,1.0,0.11959414381984562,0.12714710315172068,0.6196739807408677,False,False,none
30,4,stress,greedy_bad_minimizer,0.4557100270764465,0.9618752984683588,0.43833621830918085,0.20713331117699207,0.2781402926722905,0.4940000001603264,False,False,none
30,5,stress,greedy_bad_minimizer,0.9139958161041911,0.0,0.0,0.4793617334711682,0.5377940354504427,0.0,True,True,greedy_margin_force
30,6,stress,greedy_bad_minimizer,0.6563581346190853,0.9032686886434339,0.5928677515378317,0.17954433852188317,0.2684019058685453,0.5935349404506836,False,False,none
30,7,stress,greedy_bad_minimizer,1.0,1.0,1.0,0.0786848047149867,0.024848376839660517,0.628156577017018,False,False,none
30,8,stress,greedy_bad_minimizer,0.45380590948011545,1.0,0.45380590948011545,0.06,0.0,0.6805820669294886,False,False,none
30,9,stress,greedy_bad_minimizer,0.3168608824726616,1.0,0.3168608824726616,0.1229916901453692,0.11500140222866417,0.58628684458968,False,False,none
30,10,stress,greedy_bad_minimizer,1.0,1.0,1.0,0.0908524505152058,0.041460071168801224,0.6037599022039112,False,False,none
30,11,stress,greedy_bad_minimizer,0.44580050010903804,0.9971047958356742,0.4445098166446638,0.14687493232145002,0.14306669487281506,0.5312100488759155,False,False,none
30,12,stress,greedy_bad_minimizer,0.44381012009695303,1.0,0.44381012009695303,0.12657531626708324,0.09352187154553923,0.5373458121675904,False,False,none
30,13,stress,greedy_bad_minimizer,1.0,1.0,1.0,0.0810757618421499,0.0682781224051649,0.6869580194658865,False,False,none
30,14,stress,greedy_bad_minimizer,0.585252456315273,1.0,0.585252456315273,0.08118777584576123,0.0,0.5783842673093282,False,False,none
30,15,stress,greedy_bad_minimizer,0.7984209931832167,0.9940097052688649,0.7936382161145236,0.19623969982612965,0.20957242370719956,0.43082425492752596,False,False,none
30,16,stress,greedy_bad_minimizer,0.9378611733631596,0.9704790883599328,0.9101746565336559,0.07217090493308079,0.037166390763254856,0.6748013481539836,False,False,none
30,17,stress,greedy_bad_minimizer,0.9686650264672616,0.987195768630503,0.9562620153488348,0.0635804980823397,0.0,0.6517479246569179,False,False,none
30,18,stress,greedy_bad_minimizer,0.7574434424815288,0.9225192947488206,0.6987561903701788,0.09684363166827027,0.0,0.5131515347155405,False,False,none
30,19,stress,greedy_bad_minimizer,1.0,1.0,1.0,0.07332088469403375,0.043406535040836455,0.6798899942561838,False,False,none
30,20,stress,greedy_bad_minimizer,1.0,1.0,1.0,0.11117517471125721,0.08411714537635412,0.5866222522156557,False,False,none
30,21,stress,greedy_bad_minimizer,1.0,1.0,1.0,0.10629104723011745,0.09245798437358446,0.6201791117993528,False,False,none
30,22,stress,greedy_bad_minimizer,0.7117522147516008,1.0,0.7117522147516008,0.06391385336373773,0.0,0.6503589443177595,False,False,none
30,23,stress,greedy_bad_minimizer,1.0,1.0,1.0,0.08171823407590587,0.010390454119323347,0.5926255770393208,False,False,none
30,24,stress,greedy_bad_minimizer,1.0,1.0,1.0,0.1319888600029067,0.12534694563971777,0.5651790805841087,False,False,none
30,25,stress,greedy_bad_minimizer,1.0,1.0,1.0,0.0692483558968571,0.0,0.6281318504297622,False,False,none
30,26,stress,greedy_bad_minimizer,0.3324067527546546,0.9653398692042918,0.32088549122680166,0.18270408319699372,0.23045290941175073,0.5202834265811316,False,False,none
30,27,stress,greedy_bad_minimizer,1.0,1.0,1.0,0.09061386606324243,0.05138363826757656,0.6204663186601528,False,False,none
30,28,stress,greedy_bad_minimizer,0.883876461294121,1.0,0.883876461294121,0.07227690423440836,0.0,0.6155128990232985,False,False,none
30,29,stress,greedy_bad_minimizer,0.9320445562385542,1.0,0.9320445562385542,0.08528464416543782,0.05228724032984517,0.644102113166264,False,False,none
32,0,stress,greedy_bad_minimizer,0.4160724003344885,1.0,0.4160724003344885,0.08684923910550457,0.06272642243319862,0.6541116725796288,False,False,none
32,1,stress,greedy_bad_minimizer,0.6227376711011916,1.0,0.6227376711011916,0.1736506261024603,0.18638987969645332,0.48823970075913325,False,False,none
32,2,stress,greedy_bad_minimizer,0.6987903191750736,0.6738603031195971,0.47088705629635513,0.36209941110509747,0.5336200578789639,0.2528175453704534,False,False,none
32,3,stress,greedy_bad_minimizer,0.9723994003782138,1.0,0.9723994003782138,0.09800852854353093,0.07182951164313775,0.6220278578369226,False,False,none
32,4,stress,greedy_bad_minimizer,0.5696727947423608,0.9714243061609525,0.5533939993713686,0.20540747050932973,0.25811664161668685,0.4694868887708803,False,False,none
32,5,stress,greedy_bad_minimizer,1.0,0.0,0.0,0.4431908411769388,0.44260747678141793,0.0,True,True,greedy_margin_force
32,6,stress,greedy_bad_minimizer,0.831551198043419,0.9663259919760522,0.8035495363281815,0.14145416100380004,0.12958943834023962,0.5324576065228792,False,False,none
32,7,stress,greedy_bad_minimizer,1.0,1.0,1.0,0.08328942360141486,0.04481259609916607,0.6405806788177844,False,False,none
32,8,stress,greedy_bad_minimizer,0.44315935548859575,1.0,0.44315935548859575,0.06,0.0021002798413984496,0.7255072914771535,False,False,none
32,9,stress,greedy_bad_minimizer,0.31791438659708937,1.0,0.31791438659708937,0.11366832210466363,0.0968366952250205,0.5963734253368507,False,False,none
32,10,stress,greedy_bad_minimizer,1.0,1.0,1.0,0.08333730626865091,0.03637330545217231,0.6270189575132274,False,False,none
32,11,stress,greedy_bad_minimizer,0.5015619501689871,0.9780691052778941,0.49056224784321695,0.1361065359064883,0.10822701306151129,0.5209155377370251,False,False,none
32,12,stress,greedy_bad_minimizer,0.5014843993627941,1.0,0.5014843993627941,0.13276517431951376,0.11864840817765453,0.5513384199499789,False,False,none
32,13,stress,greedy_bad_minimizer,0.9657826443259832,1.0,0.9657826443259832,0.08310604697035953,0.06649325912583193,0.6756724645727358,False,False,none
32,14,stress,greedy_bad_minimizer,0.4016332000348269,0.9459567184706279,0.37992762393380214,0.15130642712261852,0.17099773324273326,0.556969631290084,False,False,none
32,15,stress,greedy_bad_minimizer,0.7773313112220405,1.0,0.7773313112220405,0.14926835196457133,0.11043193891662824,0.4695657700989476,False,False,none
32,16,stress,greedy_bad_minimizer,0.9405347426540518,1.0,0.9405347426540518,0.08373898209061867,0.07512096508445522,0.6866957693394763,False,False,none
32,17,stress,greedy_bad_minimizer,1.0,1.0,1.0,0.06,0.0,0.693665293000508,False,False,none
32,18,stress,greedy_bad_minimizer,0.7526704222642113,0.9699880805397243,0.7300813381710861,0.11395178522864832,0.0519536494540899,0.5241275065162744,False,False,none
32,19,stress,greedy_bad_minimizer,1.0,1.0,1.0,0.0846059697991256,0.05892122176875813,0.6574337269708437,False,False,none
32,20,stress,greedy_bad_minimizer,1.0,0.9728386293578699,0.9728386293578699,0.10067792869569431,0.07414657402511537,0.6145740393077065,False,False,none
32,21,stress,greedy_bad_minimizer,1.0,1.0,1.0,0.09518423614012902,0.09579118936837949,0.6717350659160631,False,False,none
32,22,stress,greedy_bad_minimizer,0.5960898024194135,0.8898050047402274,0.5304036894674073,0.17335140405532387,0.23202805066789786,0.5617468966603221,False,False,none
32,23,stress,greedy_bad_minimizer,1.0,1.0,1.0,0.06944605001055526,0.0,0.6273081249560197,False,False,none
32,24,stress,greedy_bad_minimizer,1.0,1.0,1.0,0.10962281652166381,0.07355314366227264,0.5763640752916659,False,False,none
32,25,stress,greedy_bad_minimizer,0.9876554587057899,1.0,0.9876554587057899,0.06742736697536955,0.0,0.6357193042692936,False,False,none
32,26,stress,greedy_bad_minimizer,0.39324608382423576,1.0,0.39324608382423576,0.13917470603838591,0.1433692514918927,0.5637733730355554,False,False,none
32,27,stress,greedy_bad_minimizer,0.9879809584115727,1.0,0.9879809584115727,0.08257697214269419,0.05522013437804874,0.6600278288373513,False,False,none
32,28,stress,greedy_bad_minimizer,0.9795358040591584,1.0,0.9795358040591584,0.0677442866910953,0.01193997925329038,0.6533037726048126,False,False,none
32,29,stress,greedy_bad_minimizer,0.9080958065012851,1.0,0.9080958065012851,0.11902813289255862,0.11906827341285314,0.60924087918469,False,False,none
34,0,stress,greedy_bad_minimizer,0.39754601829581676,1.0,0.39754601829581676,0.08454753518848171,0.04766448632951564,0.639854040069726,False,False,none
34,1,stress,greedy_bad_minimizer,0.6345419843811252,1.0,0.6345419843811252,0.12115847102760222,0.10106523175263493,0.5718596543266627,False,False,none
34,2,stress,greedy_bad_minimizer,0.5832464731397431,0.695543404557339,0.40567323762367746,0.3190886305056864,0.4161357430278537,0.24601229935374164,False,False,none
34,3,stress,greedy_bad_minimizer,1.0,1.0,1.0,0.08473512953795576,0.058336117433728574,0.6559691461952546,False,False,none
34,4,stress,greedy_bad_minimizer,0.4067947942546005,0.8909668132828167,0.3624406614970605,0.28918103591527416,0.43818018019806493,0.4055309689999604,False,False,greedy_margin_force
34,5,stress,greedy_bad_minimizer,1.0,0.0,0.0,0.43634494350606423,0.4245919565949059,0.0,True,True,greedy_margin_force
34,6,stress,greedy_bad_minimizer,0.7095759522913363,0.9811954309021154,0.6962326822662765,0.16032206714244907,0.18404881846165022,0.5400686828040752,False,False,none
34,7,stress,greedy_bad_minimizer,0.9702153983966687,1.0,0.9702153983966687,0.11553960010251516,0.09987839463114366,0.593392457738831,False,False,none
34,8,stress,greedy_bad_minimizer,0.5328791638102525,1.0,0.5328791638102525,0.06,0.0,0.7102951141650626,False,False,none
34,9,stress,greedy_bad_minimizer,0.36181690427886515,1.0,0.36181690427886515,0.12806472823602466,0.11893906864926641,0.5713838243779024,False,False,none
34,10,stress,greedy_bad_minimizer,0.9906249033069452,1.0,0.9906249033069452,0.07652965550828694,0.04249471451544519,0.6650764000315927,False,False,none
34,11,stress,greedy_bad_minimizer,0.4602934339929372,1.0,0.4602934339929372,0.1348740697384018,0.101642308852326,0.515625031772842,False,False,none
34,12,stress,greedy_bad_minimizer,0.5429516465231325,1.0,0.5429516465231325,0.12999270277457617,0.10894958168037681,0.547533909433196,False,False,none
34,13,stress,greedy_bad_minimizer,1.0,1.0,1.0,0.06428907606529291,0.019261811926775722,0.6792933852786744,False,False,none
34,14,stress,greedy_bad_minimizer,0.4581146796081831,1.0,0.4581146796081831,0.1342224363675637,0.1334285969529885,0.5686684603107164,False,False,none
34,15,stress,greedy_bad_minimizer,0.8299989263899754,1.0,0.8299989263899754,0.16944733450028537,0.16484680714217528,0.4716435508905885,False,False,none
34,16,stress,greedy_bad_minimizer,1.0,1.0,1.0,0.08921561543270054,0.10041205458747485,0.7039206887939162,False,False,none
34,17,stress,greedy_bad_minimizer,1.0,1.0,1.0,0.06053792079281564,0.0,0.6644253300299349,False,False,none
34,18,stress,greedy_bad_minimizer,0.7837196681192401,0.9845654423106908,0.7716233016894074,0.15448898110369183,0.16318529234137674,0.5313392916084638,False,False,none
34,19,stress,greedy_bad_minimizer,1.0,1.0,1.0,0.09226853896628015,0.05912852474038128,0.6258345851461031,False,False,none
34,20,stress,greedy_bad_minimizer,0.9224085249003627,1.0,0.9224085249003627,0.09046455055326508,0.06225490149520527,0.6383013000621373,False,False,none
34,21,stress,greedy_bad_minimizer,0.9789168310381343,1.0,0.9789168310381343,0.08791266120154156,0.05756023085723221,0.6415009438508612,False,False,none
34,22,stress,greedy_bad_minimizer,0.4626752833677902,0.9786420408893292,0.4527934835841029,0.11237829493489948,0.08658620452914545,0.5855185949423992,False,False,none
34,23,stress,greedy_bad_minimizer,1.0,1.0,1.0,0.07527242254152688,0.01700090372894787,0.6299496703144721,False,False,none
34,24,stress,greedy_bad_minimizer,1.0,1.0,1.0,0.09123742927117659,0.06596124810739487,0.6409493542068061,False,False,none
34,25,stress,greedy_bad_minimizer,0.9950022292938715,1.0,0.9950022292938715,0.06,0.0,0.6793607158999196,False,False,none
34,26,stress,greedy_bad_minimizer,0.5292212636025801,1.0,0.5292212636025801,0.1431509552153843,0.15497080366813507,0.5655747924104461,False,False,none
34,27,stress,greedy_bad_minimizer,1.0,1.0,1.0,0.08616053701380907,0.05419787630740398,0.6434777332625184,False,False,none
34,28,stress,greedy_bad_minimizer,1.0,1.0,1.0,0.06639981920907917,0.0,0.6400007532955034,False,False,none
34,29,stress,greedy_bad_minimizer,1.0,1.0,1.0,0.1035766539668746,0.07602616626008375,0.6054720383831552,False,False,none
36,0,stress,greedy_bad_minimizer,0.3792281164070963,1.0,0.3792281164070963,0.10679407308789121,0.058567140140699324,0.5644226673565607,False,False,none
36,1,stress,greedy_bad_minimizer,0.7228662857431766,1.0,0.7228662857431766,0.11640141532800874,0.08031121152819272,0.5588201877196021,False,False,none
36,2,stress,greedy_bad_minimizer,0.6267417223684574,0.7861558740468428,0.49271668655019835,0.27577440658097874,0.3115785075754454,0.26093927624037705,False,False,none
36,3,stress,greedy_bad_minimizer,0.9818729649989233,1.0,0.9818729649989233,0.0834561337240812,0.05493044642848455,0.6559059829947622,False,False,none
36,4,stress,greedy_bad_minimizer,0.4357140801195421,0.9029567452560067,0.3934309676469567,0.24266045960934532,0.32285891929020855,0.4167747071705582,False,False,none
36,5,stress,greedy_bad_minimizer,0.9905909246761276,0.0,0.0,0.4096879468951104,0.35444196551344836,0.0,True,True,greedy_margin_force
36,6,stress,greedy_bad_minimizer,0.7446808464009941,1.0,0.7446808464009941,0.11182106184169296,0.08649709936517033,0.5876993163211325,False,False,none
36,7,stress,greedy_bad_minimizer,1.0,1.0,1.0,0.09744364060032598,0.052300060463196574,0.5934599265653697,False,False,none
36,8,stress,greedy_bad_minimizer,0.4126790493571576,0.9336856991861224,0.385312526738502,0.12329706788866351,0.18023038144170847,0.6882936544132738,False,False,none
36,9,stress,greedy_bad_minimizer,0.48330274896308223,0.9654376801941699,0.46659868479038336,0.12101343535779893,0.11228855325456814,0.5902342286622373,False,False,none
36,10,stress,greedy_bad_minimizer,0.9857954279627834,1.0,0.9857954279627834,0.07805907775445131,0.04964659170229867,0.6700276128850925,False,False,none
36,11,stress,greedy_bad_minimizer,0.4564335255421666,1.0,0.4564335255421666,0.12600596015858748,0.08587551962860643,0.5276114054178458,False,False,none
36,12,stress,greedy_bad_minimizer,0.6661403793697738,1.0,0.6661403793697738,0.1440708667545427,0.16095322906436188,0.5712140012079785,False,False,none
36,13,stress,greedy_bad_minimizer,0.9977916186105256,0.9939408824666333,0.9917458819195561,0.10046024889758456,0.08325407093444935,0.6299012419062758,False,False,none
36,14,stress,greedy_bad_minimizer,0.4656219092626549,0.9939769042539379,0.4628174239217017,0.15536248593996158,0.1742559230348294,0.5452281867219734,False,False,none
36,15,stress,greedy_bad_minimizer,0.8006248070548063,1.0,0.8006248070548063,0.11764357273061316,0.06302772349462252,0.5262790091555976,False,False,none
36,16,stress,greedy_bad_minimizer,1.0,1.0,1.0,0.07584273306428851,0.0497226344063671,0.6793827833755458,False,False,none
36,17,stress,greedy_bad_minimizer,1.0,0.9727828826583597,0.9727828826583597,0.06350865966616642,0.0,0.6520472513909733,False,False,none
36,18,stress,greedy_bad_minimizer,0.5879004806749935,0.9413761655916048,0.5534355002472867,0.19939800472303693,0.265938970155499,0.5069116830668862,False,False,none
36,19,stress,greedy_bad_minimizer,0.9717249392631508,1.0,0.9717249392631508,0.07375147196861906,0.029300930404181105,0.6557620066040407,False,False,none
36,20,stress,greedy_bad_minimizer,0.9916786933484721,1.0,0.9916786933484721,0.07576836065024764,3.863816308561502e-05,0.6010263410488538,False,False,none
36,21,stress,greedy_bad_minimizer,0.891933865124212,1.0,0.891933865124212,0.074765201658724,0.023026133957545866,0.6416030385214311,False,False,none
36,22,stress,greedy_bad_minimizer,0.6219499145686233,1.0,0.6219499145686233,0.09842592566270375,0.06258492881539753,0.6056514470297805,False,False,none
36,23,stress,greedy_bad_minimizer,1.0,1.0,1.0,0.06709320076088282,0.0,0.6371116634963216,False,False,none
36,24,stress,greedy_bad_minimizer,1.0,1.0,1.0,0.08024766450194176,0.05618155689828437,0.671255529664193,False,False,none
36,25,stress,greedy_bad_minimizer,0.9900666751094841,1.0,0.9900666751094841,0.09333516741623779,0.07101526672181441,0.6402109747418822,False,False,none
36,26,stress,greedy_bad_minimizer,0.5209146385606938,1.0,0.5209146385606938,0.15162809238669406,0.16248302104007786,0.5421477317022315,False,False,none
36,27,stress,greedy_bad_minimizer,1.0,1.0,1.0,0.08261754622450582,0.06888223464563613,0.6814904289201497,False,False,none
36,28,stress,greedy_bad_minimizer,0.9552000471953624,1.0,0.9552000471953624,0.07072250713976252,0.0,0.6219895535843228,False,False,none
36,29,stress,greedy_bad_minimizer,1.0,1.0,1.0,0.1241660255844794,0.11668280241562444,0.5840559972227414,False,False,none
38,0,stress,greedy_bad_minimizer,0.4179141779002402,1.0,0.4179141779002402,0.11722848092717605,0.0946893484841528,0.5781394645700085,False,False,none
38,1,stress,greedy_bad_minimizer,0.8274425794280305,0.9910151262565448,0.8200081123219106,0.15321839671619647,0.15620774439991358,0.5255856089823779,False,False,none
38,2,stress,greedy_bad_minimizer,0.5578891009668425,0.8666366310780923,0.48348713097709006,0.23461169806231003,0.2165975653436697,0.28206406986785193,False,False,none
38,3,stress,greedy_bad_minimizer,1.0,0.9660236758190471,0.9660236758190471,0.07699579756657737,0.033635319576933574,0.6491067661360724,False,False,none
38,4,stress,greedy_bad_minimizer,0.4870715553220448,0.9202374001268819,0.4482214617453153,0.22652760771108424,0.31339770951443996,0.46901467460167906,False,False,none
38,5,stress,greedy_bad_minimizer,0.9920508216521828,0.0,0.0,0.3876744116325062,0.29651160955922684,0.0,True,True,greedy_margin_force
38,6,stress,greedy_bad_minimizer,0.8119056658798006,0.9715051399045673,0.7887705275198666,0.07037339986500454,0.0,0.6234441672291477,False,False,none
38,7,stress,greedy_bad_minimizer,1.0,1.0,1.0,0.08105777383341084,0.02691405915803715,0.6215398693610137,False,False,none
38,8,stress,greedy_bad_minimizer,0.5183262826895096,0.9273351568918728,0.48066218467905764,0.10723882417162006,0.12132030456496276,0.6619287148461074,False,False,none
38,9,stress,greedy_bad_minimizer,0.509994241083985,1.0,0.509994241083985,0.11401981938295663,0.10603596812569685,0.6094743687700341,False,False,none
38,10,stress,greedy_bad_minimizer,1.0,1.0,1.0,0.06,0.0,0.6987243733524026,False,False,none
38,11,stress,greedy_bad_minimizer,0.4695394089687672,1.0,0.4695394089687672,0.12035126831668791,0.07518130051931265,0.5342401078360454,False,False,none
38,12,stress,greedy_bad_minimizer,0.8039102464141091,0.9506673045091185,0.7642511870257623,0.11569830737520292,0.09054170281684873,0.5779480820633317,False,False,none
38,13,stress,greedy_bad_minimizer,0.9696562061628075,1.0,0.9696562061628075,0.09007597577445209,0.07272006624800313,0.6564902058324547,False,False,none
38,14,stress,greedy_bad_minimizer,0.34629350023356587,0.8728716808189748,0.30226978960555867,0.18384468133445925,0.23119812200641485,0.5167108542832433,False,False,none
38,15,stress,greedy_bad_minimizer,0.7638755343238488,1.0,0.7638755343238488,0.10321374761725902,0.05675058177944229,0.5764644727455378,False,False,none
38,16,stress,greedy_bad_minimizer,1.0,1.0,1.0,0.06,0.0,0.6757330295720113,False,False,none
38,17,stress,greedy_bad_minimizer,1.0,1.0,1.0,0.06092905428672718,0.009815961451134279,0.6783375461029327,False,False,none
38,18,stress,greedy_bad_minimizer,0.592169839547461,0.9864555120061004,0.584149202265361,0.21092491189911639,0.2915978060513725,0.4995093933350216,False,False,none
38,19,stress,greedy_bad_minimizer,1.0,1.0,1.0,0.06370702070910328,0.0,0.651220747045403,False,False,none
38,20,stress,greedy_bad_minimizer,1.0,1.0,1.0,0.0773994906549115,0.0,0.5941687889378687,False,False,none
38,21,stress,greedy_bad_minimizer,1.0,1.0,1.0,0.08244973661807425,0.020926422537076897,0.6062595997750624,False,False,none
38,22,stress,greedy_bad_minimizer,0.6832536751192742,1.0,0.6832536751192742,0.12750233985599096,0.12858564881740459,0.589000861227595,False,False,none
38,23,stress,greedy_bad_minimizer,1.0,1.0,1.0,0.0963813648239642,0.04457253105844728,0.5856508207426907,False,False,none
38,24,stress,greedy_bad_minimizer,0.9586587880040773,0.9752007571557975,0.9348847759156353,0.06,0.0,0.6945982966474324,False,False,none
38,25,stress,greedy_bad_minimizer,0.8239308614797498,0.9012398765254018,0.7425593478654777,0.15638351689658178,0.2264632271072981,0.6236354558507979,False,False,none
38,26,stress,greedy_bad_minimizer,0.5754282163496146,1.0,0.5754282163496146,0.12150837088699473,0.1111312466784922,0.5863395952118012,False,False,none
38,27,stress,greedy_bad_minimizer,0.9911020144243786,1.0,0.9911020144243786,0.08742567665220083,0.08031611550188852,0.6795601968271534,False,False,none
38,28,stress,greedy_bad_minimizer,1.0,1.0,1.0,0.07091322783112647,0.0,0.6211948840369731,False,False,none
38,29,stress,greedy_bad_minimizer,0.9757510177811652,1.0,0.9757510177811652,0.10057624523145386,0.09487329141107609,0.6478150229364793,False,False,none
40,0,stress,greedy_bad_minimizer,0.37499405965073396,0.9580309641799359,0.35925592052894106,0.12918108683646992,0.12118323443467782,0.5702855927029487,False,False,none
40,1,stress,greedy_bad_minimizer,0.8732651917090838,1.0,0.8732651917090838,0.11300974980709289,0.06825705766781245,0.5538663837778162,False,False,none
40,2,stress,greedy_bad_minimizer,0.5910879621639793,0.913662240792122,0.5400547520159903,0.18542768806277304,0.12833294132766887,0.3472451235072546,False,False,none
40,3,stress,greedy_bad_minimizer,1.0,1.0,1.0,0.07287444825893319,0.0165542147456404,0.6392339722683757,False,False,none
40,4,stress,greedy_bad_minimizer,0.477327620221692,0.9183944540599273,0.4383750391812251,0.20444405432738855,0.27943897441212495,0.5072614831217455,False,False,none
40,5,stress,greedy_bad_minimizer,0.9074963059797461,0.0,0.0,0.40990526952147904,0.35501386716178696,0.0,True,True,greedy_margin_force
40,6,stress,greedy_bad_minimizer,0.8534876880347162,1.0,0.8534876880347162,0.08730997953179015,0.05458010413082565,0.6392935834913483,False,False,none
40,7,stress,greedy_bad_minimizer,0.9759960131053448,1.0,0.9759960131053448,0.09929047829160106,0.07369095492827282,0.6196336857547609,False,False,none
40,8,stress,greedy_bad_minimizer,0.536425540908307,0.9498714495220661,0.5095353061032319,0.08864210305683551,0.04926158293789607,0.6253220769148542,False,False,none
40,9,stress,greedy_bad_minimizer,0.6455549650657356,0.9961617592273646,0.6430771696778431,0.07718603989650183,0.011947644500567484,0.6139752708904742,False,False,none
40,10,stress,greedy_bad_minimizer,0.9886114755445851,1.0,0.9886114755445851,0.06841044803900051,0.020839726959822356,0.6646193675238833,False,False,none
40,11,stress,greedy_bad_minimizer,0.428733249821767,1.0,0.428733249821767,0.12194079403593522,0.10368102088138939,0.5727416412458032,False,False,none
40,12,stress,greedy_bad_minimizer,0.9192664762978359,1.0,0.9192664762978359,0.13388135668713594,0.1594123824505014,0.6112306193502276,False,False,none
40,13,stress,greedy_bad_minimizer,1.0,1.0,1.0,0.09868171557598918,0.06288735027268776,0.6050644896984674,False,False,none
40,14,stress,greedy_bad_minimizer,0.4539275050153379,0.89675498609545,0.40706175344837164,0.18885560346384717,0.23588765700591705,0.5032571091600053,False,False,none
40,15,stress,greedy_bad_minimizer,0.7421630769095957,1.0,0.7421630769095957,0.10279418114326927,0.06805131475906484,0.5961054936048974,False,False,none
40,16,stress,greedy_bad_minimizer,1.0,1.0,1.0,0.07339420020003751,0.012569079066645797,0.6307585410220329,False,False,none
40,17,stress,greedy_bad_minimizer,1.0,1.0,1.0,0.06979413002521023,0.0,0.625857791561624,False,False,none
40,18,stress,greedy_bad_minimizer,0.5818931347697804,1.0,0.5818931347697804,0.13977032536405865,0.12999025255839786,0.5401082108672188,False,False,none
40,19,stress,greedy_bad_minimizer,1.0,1.0,1.0,0.06,0.0,0.686848990992394,False,False,none
40,20,stress,greedy_bad_minimizer,1.0,1.0,1.0,0.09944046006007576,0.058173607664167744,0.5944396285512833,False,False,none
40,21,stress,greedy_bad_minimizer,1.0,0.9854636051944613,0.9854636051944613,0.07222071861978416,0.020738617621616662,0.6485831503184591,False,False,none
40,22,stress,greedy_bad_minimizer,0.7012907982103206,1.0,0.7012907982103206,0.10490960687887937,0.07098349260562667,0.5919338346302448,False,False,none
40,23,stress,greedy_bad_minimizer,0.9882618733118508,1.0,0.9882618733118508,0.08458608733262118,0.0,0.5642246361140785,False,False,none
40,24,stress,greedy_bad_minimizer,1.0,1.0,1.0,0.09119277325018674,0.05807846687805763,0.6286543506811465,False,False,none
40,25,stress,greedy_bad_minimizer,0.9006196376040055,0.948636124245291,0.8543603224358624,0.12078744582622739,0.11335654369502839,0.5928668365745142,False,False,none
40,26,stress,greedy_bad_minimizer,0.46461732297666475,1.0,0.46461732297666475,0.14689609654019273,0.1444501966083313,0.5333124090457216,False,False,none
40,27,stress,greedy_bad_minimizer,1.0,0.9729888891122714,0.9729888891122714,0.10873936849996887,0.08239027979540389,0.5940372409261859,False,False,none
40,28,stress,greedy_bad_minimizer,0.9899274337349551,1.0,0.9899274337349551,0.06949494515397958,0.0,0.6271043951917518,False,False,none
40,29,stress,greedy_bad_minimizer,0.8880158929042806,1.0,0.8880158929042806,0.08466385218570543,0.06208904394540641,0.6622082688064542,False,False,none
42,0,stress,greedy_bad_minimizer,0.39703725239592025,0.9733942216666291,0.3864737672685838,0.10389816985772587,0.07112043529613422,0.5963649814783548,False,False,none
42,1,stress,greedy_bad_minimizer,0.9388227315226103,1.0,0.9388227315226103,0.10982544842295838,0.08339949102719146,0.5911098256973932,False,False,none
42,2,stress,greedy_bad_minimizer,0.660636836236432,0.935409094839113,0.6179657050012962,0.17284058686368578,0.13637387922435215,0.41242286350653357,False,False,none
42,3,stress,greedy_bad_minimizer,0.9885225800472127,1.0,0.9885225800472127,0.0682544121376305,0.0,0.6322732827598729,False,False,none
42,4,stress,greedy_bad_minimizer,0.4246768207322361,0.9771629032800696,0.4149784351024615,0.18285214578356135,0.22834192394692326,0.5163241054844564,False,False,none
42,5,stress,greedy_bad_minimizer,0.9852023703099174,0.0,0.0,0.41042455265185623,0.35638040171541113,0.0,True,True,greedy_margin_force
42,6,stress,greedy_bad_minimizer,1.0,1.0,1.0,0.09118514231296407,0.05553951744992023,0.6246661429916901,False,False,none
42,7,stress,greedy_bad_minimizer,1.0,1.0,1.0,0.09432460180269231,0.06505650706541512,0.6266536286756894,False,False,none
42,8,stress,greedy_bad_minimizer,0.5527470855049732,0.9692470379618745,0.5357484753677543,0.10784948475764716,0.08040310935110548,0.5945987366490539,False,False,none
42,9,stress,greedy_bad_minimizer,0.6499445526103192,1.0,0.6499445526103192,0.07236474704095547,0.0,0.6151468873293522,False,False,none
42,10,stress,greedy_bad_minimizer,0.8952837200684904,1.0,0.8952837200684904,0.06130239826834563,0.0,0.6612400072152266,False,False,none
42,11,stress,greedy_bad_minimizer,0.17160536751161978,0.9507526050336722,0.16315425019943322,0.1758511470088865,0.2588837962743299,0.5938528982306619,True,False,none
42,12,stress,greedy_bad_minimizer,0.9715527625691989,0.9812248308438007,0.9533116951077895,0.1497006311153635,0.1928339153771405,0.5982344030331247,False,False,none
42,13,stress,greedy_bad_minimizer,1.0,1.0,1.0,0.07492206220320882,0.020256162184054776,0.63656366427805,False,False,none
42,14,stress,greedy_bad_minimizer,0.40220711307712365,1.0,0.40220711307712365,0.12873911297234975,0.12874812177264094,0.5841048887552241,False,False,none
42,15,stress,greedy_bad_minimizer,0.7727344150758587,1.0,0.7727344150758587,0.09384288611095629,0.045074401275343734,0.5970224432236431,False,False,none
42,16,stress,greedy_bad_minimizer,1.0,1.0,1.0,0.08409160133587337,0.03934016298781224,0.6285735858312304,False,False,none
42,17,stress,greedy_bad_minimizer,1.0,1.0,1.0,0.08039457449769044,0.0,0.5816892729262899,False,False,none
42,18,stress,greedy_bad_minimizer,0.6136658645528945,1.0,0.6136658645528945,0.12896375354797288,0.12669073720082538,0.5799113607847532,False,False,none
42,19,stress,greedy_bad_minimizer,1.0,1.0,1.0,0.06,0.004375420839113572,0.6780340970047565,False,False,none
42,20,stress,greedy_bad_minimizer,0.9345804347447285,1.0,0.9345804347447285,0.0663457912107332,0.0,0.6402258699552784,False,False,none
42,21,stress,greedy_bad_minimizer,1.0,1.0,1.0,0.1016582890648248,0.08662926075663019,0.6302534584278945,False,False,none
42,22,stress,greedy_bad_minimizer,0.6110924270845062,1.0,0.6110924270845062,0.08646350460092789,0.05082847065545804,0.6368804760339424,False,False,none
42,23,stress,greedy_bad_minimizer,0.9346610484072224,1.0,0.9346610484072224,0.08575985534950115,0.01777172227426515,0.5874724963113317,False,False,none
42,24,stress,greedy_bad_minimizer,0.9771806012662723,1.0,0.9771806012662723,0.08230120578741984,0.04570868664662271,0.6461170630762366,False,False,none
42,25,stress,greedy_bad_minimizer,1.0,1.0,1.0,0.09950637367520337,0.047914577738887076,0.5779215244398905,False,False,none
42,26,stress,greedy_bad_minimizer,0.4882437798080693,1.0,0.4882437798080693,0.12610768716373963,0.12397491677128927,0.587511588372293,False,False,none
42,27,stress,greedy_bad_minimizer,0.9101115059034277,0.9437751929946093,0.858940662130622,0.17323822467486133,0.21228550841308488,0.5309594521754621,False,False,none
42,28,stress,greedy_bad_minimizer,1.0,1.0,1.0,0.09924106874794963,0.06798949118020049,0.610812241252194,False,False,none
42,29,stress,greedy_bad_minimizer,0.9731843561001049,1.0,0.9731843561001049,0.07166975308626977,0.0,0.618042695473876,False,False,none
44,0,stress,greedy_bad_minimizer,0.45293682334376745,1.0,0.45293682334376745,0.10609656442929966,0.09604714100269518,0.6266722881321853,False,False,none
44,1,stress,greedy_bad_minimizer,0.7971471768763957,0.8941861923158678,0.7127979988064479,0.1592187208132178,0.19124103423407585,0.5560536341488793,False,False,none
44,2,stress,greedy_bad_minimizer,0.725570516101624,1.0,0.725570516101624,0.15266839478406374,0.12115273597821037,0.4723735203652342,False,False,none
44,3,stress,greedy_bad_minimizer,1.0,1.0,1.0,0.0891965230288165,0.034586522921879484,0.5997764820062405,False,False,none
44,4,stress,greedy_bad_minimizer,0.4218918139570909,1.0,0.4218918139570909,0.16772186097040626,0.20581004414087228,0.5436914825130218,False,False,none
44,5,stress,greedy_bad_minimizer,1.0,0.0,0.0,0.41184286651733043,0.36011280662455386,0.0,True,True,greedy_margin_force
44,6,stress,greedy_bad_minimizer,1.0,0.9848338426355453,0.9848338426355453,0.0667836874651794,0.0,0.6384013022284192,False,False,none
44,7,stress,greedy_bad_minimizer,0.9089349808882621,0.9761572188991833,0.8872634431040682,0.13627883963065487,0.15316890743195377,0.5913556049728649,False,False,none
44,8,stress,greedy_bad_minimizer,0.6058486474167227,1.0,0.6058486474167227,0.11934680671290487,0.0990850763826209,0.5762730096353794,False,False,none
44,9,stress,greedy_bad_minimizer,0.7919768362160471,1.0,0.7919768362160471,0.07284641814300127,0.0,0.6131399244041614,False,False,none
44,10,stress,greedy_bad_minimizer,0.8794761966100703,1.0,0.8794761966100703,0.061840173893921324,0.0,0.6589992754419945,False,False,none
44,11,stress,greedy_bad_minimizer,0.31482000216580974,0.9727612760293297,0.3062447070263694,0.14410962800682497,0.1949715437548984,0.6249148275834852,False,False,none
44,12,stress,greedy_bad_minimizer,0.9056174856283469,1.0,0.9056174856283469,0.12674939082371392,0.1342474776289394,0.6011027111470129,False,False,none
44,13,stress,greedy_bad_minimizer,1.0,0.9857712277548903,0.9857712277548903,0.07776741118892452,0.028977704080400356,0.6385171515067817,False,False,none
44,14,stress,greedy_bad_minimizer,0.3616095033424886,1.0,0.3616095033424886,0.11104439577141306,0.05930354083537372,0.5478789572751207,False,False,none
44,15,stress,greedy_bad_minimizer,0.7382440504677413,1.0,0.7382440504677413,0.07365957835612552,0.007559130995069725,0.621720380925004,False,False,none
44,16,stress,greedy_bad_minimizer,1.0,1.0,1.0,0.06234389774763255,0.0,0.6569004260515311,False,False,none
44,17,stress,greedy_bad_minimizer,0.9571968091423655,0.9991372020677176,0.9563709417146502,0.07473952605455136,0.0,0.6052519747727027,False,False,none
44,18,stress,greedy_bad_minimizer,0.668949945157614,1.0,0.668949945157614,0.1166329554535632,0.09385317571924906,0.5792968804989643,False,False,none
44,19,stress,greedy_bad_minimizer,0.9059099696646872,1.0,0.9059099696646872,0.06,0.0,0.7016901269610523,False,False,none
44,20,stress,greedy_bad_minimizer,0.999717746219658,1.0,0.999717746219658,0.08269937671579997,0.04850644662380064,0.6488878041718512,False,False,none
44,21,stress,greedy_bad_minimizer,1.0,1.0,1.0,0.09314286921217876,0.07852840535847877,0.65290802010018,False,False,none
44,22,stress,greedy_bad_minimizer,0.7271254993693128,1.0,0.7271254993693128,0.10492447200721047,0.09790765962363839,0.6345018277073838,False,False,none
44,23,stress,greedy_bad_minimizer,0.9338140524920823,1.0,0.9338140524920823,0.08413513903158854,0.02452040542912829,0.6049275626311676,False,False,none
44,24,stress,greedy_bad_minimizer,1.0,1.0,1.0,0.08333438881928865,0.05687796977837684,0.6594968320687273,False,False,none
44,25,stress,greedy_bad_minimizer,0.9382785436619479,1.0,0.9382785436619479,0.062030476620224706,0.0,0.6582063474157305,False,False,none
44,26,stress,greedy_bad_minimizer,0.5097392400023448,1.0,0.5097392400023448,0.147547388288381,0.14453011908722618,0.5307252373531873,False,False,none
44,27,stress,greedy_bad_minimizer,0.9960717482970947,0.9854573700891385,0.9815862454969452,0.13995375303300597,0.14409056002951368,0.5616694157425385,False,False,none
44,28,stress,greedy_bad_minimizer,1.0,1.0,1.0,0.10822761790520105,0.09707802142616986,0.6194251259864312,False,False,none
44,29,stress,greedy_bad_minimizer,1.0,1.0,1.0,0.07025656815593936,0.0,0.6239309660169193,False,False,none
46,0,stress,greedy_bad_minimizer,0.5583667301773015,1.0,0.5583667301773015,0.101942284917838,0.06476120344516932,0.5944457182971931,False,False,none
46,1,stress,greedy_bad_minimizer,0.8036278594682038,0.9364338514844445,0.75254433160201,0.16773958340101439,0.2354984153564525,0.5906242268101565,False,False,none
46,2,stress,greedy_bad_minimizer,0.7709953473787052,0.9893332879176623,0.7627713619913946,0.13769986152381347,0.09672060163571337,0.49605819624065683,False,False,none
46,3,stress,greedy_bad_minimizer,1.0,1.0,1.0,0.08189393730598266,0.0,0.575441927891739,False,False,none
46,4,stress,greedy_bad_minimizer,0.3518832306924017,1.0,0.3518832306924017,0.13868019318743693,0.15213785868383306,0.5797174713017484,False,False,none
46,5,stress,greedy_bad_minimizer,0.9862571652300088,0.0,0.0,0.4358557271071306,0.4233045450187648,0.0,True,True,greedy_margin_force
46,6,stress,greedy_bad_minimizer,1.0,1.0,1.0,0.07264184758344042,0.011105792628630108,0.6315764733976627,False,False,none
46,7,stress,greedy_bad_minimizer,1.0,0.984428247387011,0.984428247387011,0.1560657330814894,0.2040374222005183,0.5894520306446147,False,False,none
46,8,stress,greedy_bad_minimizer,0.680868730323502,1.0,0.680868730323502,0.12852467788808294,0.14200235610386983,0.6059842392974484,False,False,none
46,9,stress,greedy_bad_minimizer,0.8591674992111062,1.0,0.8591674992111062,0.07787770397211063,0.0,0.5921762334495391,False,False,none
46,10,stress,greedy_bad_minimizer,0.9601555584514646,0.9616060085927186,0.9232913541906256,0.06,0.0,0.6697544069217146,False,False,none
46,11,stress,greedy_bad_minimizer,0.38413738987742685,1.0,0.38413738987742685,0.14048134805419027,0.1475968803594721,0.565022777010038,False,False,none
46,12,stress,greedy_bad_minimizer,0.6823235776304459,0.9401161375306054,0.641463406347999,0.21592829241896275,0.3343448757454911,0.5463448348513495,False,False,none
46,13,stress,greedy_bad_minimizer,0.9953444626070731,1.0,0.9953444626070731,0.08388126473356683,0.024509075909978216,0.6059674338009371,False,False,none
46,14,stress,greedy_bad_minimizer,0.36278949147610484,1.0,0.36278949147610484,0.13012662261302715,0.1254068621537065,0.5730332708557555,False,False,none
46,15,stress,greedy_bad_minimizer,0.6077258966552795,0.9493625474936149,0.5769522054264975,0.11927727207084635,0.12296054557996755,0.6143655635397556,False,False,none
46,16,stress,greedy_bad_minimizer,0.9301923095040456,1.0,0.9301923095040456,0.061225038085725964,0.0,0.6615623413094752,False,False,none
46,17,stress,greedy_bad_minimizer,1.0,1.0,1.0,0.071137036130212,0.02856094864984381,0.6654838514863695,False,False,none
46,18,stress,greedy_bad_minimizer,0.7879729850372893,1.0,0.7879729850372893,0.0945806191900826,0.0525959669994313,0.6058577011237554,False,False,none
46,19,stress,greedy_bad_minimizer,0.8728044555838186,0.9906794094558299,0.8646694026281945,0.10388241412190474,0.112565740266053,0.6620523632466476,False,False,none
46,20,stress,greedy_bad_minimizer,0.9642936850747313,0.9943666838330261,0.958861513868889,0.10145831076304435,0.08477790800065851,0.6281553928216913,False,False,none
46,21,stress,greedy_bad_minimizer,1.0,1.0,1.0,0.10250975451544922,0.09325309850001519,0.6371934288106524,False,False,none
46,22,stress,greedy_bad_minimizer,0.7857803905495164,0.9938871446900587,0.780977028716698,0.08919655170406271,0.035482209381060635,0.6011945327530848,False,False,none
46,23,stress,greedy_bad_minimizer,0.9636173810729267,1.0,0.9636173810729267,0.08609997571132161,0.04733958648187513,0.6328711131324624,False,False,none
46,24,stress,greedy_bad_minimizer,1.0,1.0,1.0,0.07357996994387053,0.04959452169183217,0.688608117912607,False,False,none
46,25,stress,greedy_bad_minimizer,0.9822143538827913,1.0,0.9822143538827913,0.062398383982760375,0.024734917161739922,0.6958370189112534,False,False,none
46,26,stress,greedy_bad_minimizer,0.4241216358387226,0.9410575940259577,0.3991228861967417,0.1652545040757034,0.19931608143906143,0.5436900286297497,False,False,none
46,27,stress,greedy_bad_minimizer,0.994924464380349,0.9727903696175737,0.9678529374461262,0.09769235693484316,0.03651342385672368,0.5674281005446328,False,False,none
46,28,stress,greedy_bad_minimizer,1.0,0.979276619873273,0.979276619873273,0.10905930689305257,0.10339483180137567,0.6259613716311259,False,False,none
46,29,stress,greedy_bad_minimizer,1.0,1.0,1.0,0.06375716260044156,0.0,0.6510118224981601,False,False,none
48,0,stress,greedy_bad_minimizer,0.5886878633400191,1.0,0.5886878633400191,0.09277051109263992,0.044257384160502046,0.6001970620347953,False,False,none
48,1,stress,greedy_bad_minimizer,0.8964491967798329,1.0,0.8964491967798329,0.12653627126520545,0.15363693052814853,0.6326906763978792,False,False,none
48,2,stress,greedy_bad_minimizer,0.6195369284999145,0.9678141509650107,0.5995966064476153,0.1502394736478331,0.1518224550783323,0.5310544136747215,False,False,none
48,3,stress,greedy_bad_minimizer,1.0,1.0,1.0,0.08300763759212132,0.027011466272153804,0.6135696649637381,False,False,none
48,4,stress,greedy_bad_minimizer,0.32740251732745573,0.9925503446648873,0.32496348141751796,0.12652951000953358,0.1317305029563059,0.5980336713077611,False,False,none
48,5,stress,greedy_bad_minimizer,1.0,0.0,0.0,0.4271058209687853,0.40027847623364554,0.0,True,True,greedy_margin_force
48,6,stress,greedy_bad_minimizer,1.0,0.9718649623662873,0.9718649623662873,0.0797792888853974,0.0,0.5842529629775108,False,False,none
48,7,stress,greedy_bad_minimizer,1.0,1.0,1.0,0.13167268414064184,0.12402617542031742,0.5644052604961616,False,False,none
48,8,stress,greedy_bad_minimizer,0.7679634335465042,1.0,0.7679634335465042,0.1128923171776629,0.07383535500947497,0.56318799052474,False,False,none
48,9,stress,greedy_bad_minimizer,0.9701437506366906,1.0,0.9701437506366906,0.07868908257113949,0.0,0.5887954892869188,False,False,none
48,10,stress,greedy_bad_minimizer,0.9786838526185978,0.9807525037652213,0.9598466388502827,0.06,0.010381740685192632,0.6912883688385689,False,False,none
48,11,stress,greedy_bad_minimizer,0.37592940080645937,1.0,0.37592940080645937,0.11421810311642891,0.09722793197287108,0.5947021293052587,False,False,none
48,12,stress,greedy_bad_minimizer,0.6868597993063018,0.9750763806734506,0.6697407671376814,0.18589221370413864,0.22871819542245658,0.5042529189849787,False,False,none
48,13,stress,greedy_bad_minimizer,1.0,1.0,1.0,0.0944738635702129,0.0662265880952885,0.627884332941653,False,False,none
48,14,stress,greedy_bad_minimizer,0.37831589846987446,1.0,0.37831589846987446,0.12954178948407782,0.12933828245753742,0.58169482437411,False,False,none
48,15,stress,greedy_bad_minimizer,0.6488518811795096,1.0,0.6488518811795096,0.09735384662822363,0.03675745806541002,0.5692249476526341,False,False,none
48,16,stress,greedy_bad_minimizer,0.9928710693495435,1.0,0.9928710693495435,0.07838203095184987,0.04103139864471448,0.6550412522214235,False,False,none
48,17,stress,greedy_bad_minimizer,1.0,1.0,1.0,0.06733160241718139,0.0,0.6361183232617442,False,False,none
48,18,stress,greedy_bad_minimizer,0.8504969270861391,1.0,0.8504969270861391,0.09184097499954139,0.05099122168331106,0.6147320385004867,False,False,none
48,19,stress,greedy_bad_minimizer,0.8516996338681544,1.0,0.8516996338681544,0.13552448965777159,0.16428069920442664,0.6120924001662941,False,False,none
48,20,stress,greedy_bad_minimizer,0.9152489615702121,1.0,0.9152489615702121,0.06,0.0,0.6675827054798266,False,False,none
48,21,stress,greedy_bad_minimizer,1.0,1.0,1.0,0.06795346613708039,0.0,0.6335272244288317,False,False,none
48,22,stress,greedy_bad_minimizer,0.8761661109492762,1.0,0.8761661109492762,0.06822911504027698,0.009198319434721007,0.6469426931038209,False,False,none
48,23,stress,greedy_bad_minimizer,1.0,1.0,1.0,0.09427637921682755,0.04547087297544711,0.5958439688076765,False,False,none
48,24,stress,greedy_bad_minimizer,1.0,1.0,1.0,0.06782272439800258,0.0,0.6340719816749892,False,False,none
48,25,stress,greedy_bad_minimizer,1.0,1.0,1.0,0.06,0.004077052242773306,0.6784989460724089,False,False,none
48,26,stress,greedy_bad_minimizer,0.46501746646189485,1.0,0.46501746646189485,0.15240854962623124,0.19257171048839958,0.5865362514973359,False,False,none
48,27,stress,greedy_bad_minimizer,0.9749952341390428,1.0,0.9749952341390428,0.08092397388750228,0.005314387862766196,0.5878978895847871,False,False,none
48,28,stress,greedy_bad_minimizer,1.0,1.0,1.0,0.10885605084890546,0.10542713298920993,0.6300260820291431,False,False,none
48,29,stress,greedy_bad_minimizer,1.0,1.0,1.0,0.0773125699529017,0.035780405311413285,0.6511832669393139,False,False,none
50,0,stress,greedy_bad_minimizer,0.7278256902726967,1.0,0.7278256902726967,0.0803731468719247,0.0,0.5817785547003138,False,False,none
50,1,stress,greedy_bad_minimizer,0.8628284349792914,1.0,0.8628284349792914,0.1261273129564202,0.11342183224199617,0.5707207637314097,False,False,none
50,2,stress,greedy_bad_minimizer,0.5954010471585307,0.9754095296191114,0.5807598553436288,0.1488435214292158,0.14890413979607842,0.532250215388725,False,False,none
50,3,stress,greedy_bad_minimizer,1.0,1.0,1.0,0.07340492158263551,0.0,0.6108128267390187,False,False,none
50,4,stress,greedy_bad_minimizer,0.4021333452259896,0.9645609968100218,0.38788214032172913,0.15190993472541656,0.20238486338278316,0.6041513056668378,False,False,none
50,5,stress,greedy_bad_minimizer,0.9654868743699014,0.0,0.0,0.42026006438396774,0.38226332732623086,0.0,True,True,greedy_margin_force
50,6,stress,greedy_bad_minimizer,1.0,1.0,1.0,0.06,0.0020000309927671357,0.6835718025976963,False,False,none
50,7,stress,greedy_bad_minimizer,0.9848508178973154,1.0,0.9848508178973154,0.11869937501676725,0.12356992971362674,0.6177383261433789,False,False,none
50,8,stress,greedy_bad_minimizer,0.8517504237449939,1.0,0.8517504237449939,0.12785164746527486,0.09347963983122026,0.5319608986274534,False,False,none
50,9,stress,greedy_bad_minimizer,0.9470687403262527,1.0,0.9470687403262527,0.0905888800622543,0.05685737953711183,0.6292371840077009,False,False,none
50,10,stress,greedy_bad_minimizer,0.9934381831133847,1.0,0.9934381831133847,0.07670385692895434,0.0385355099786564,0.6580818202622295,False,False,none
50,11,stress,greedy_bad_minimizer,0.44002302262352055,1.0,0.44002302262352055,0.13065525348073162,0.12116990365001037,0.564122124609468,False,False,none
50,12,stress,greedy_bad_minimizer,0.5519621650883406,0.9584310764473895,0.52901769204385,0.20181586072066415,0.2851251390545544,0.5272153838336107,False,False,none
50,13,stress,greedy_bad_minimizer,1.0,1.0,1.0,0.10013017646261205,0.06934924357793198,0.6092605670708422,False,False,none
50,14,stress,greedy_bad_minimizer,0.40099833442088073,1.0,0.40099833442088073,0.11840837206109447,0.11285138732000813,0.6019798130021192,False,False,none
50,15,stress,greedy_bad_minimizer,0.6308948947757456,1.0,0.6308948947757456,0.08463627993481113,0.032145140709481,0.6149119730616319,False,False,none
50,16,stress,greedy_bad_minimizer,0.9490419287222941,1.0,0.9490419287222941,0.06278260757964321,0.0,0.6550724684181533,False,False,none
50,17,stress,greedy_bad_minimizer,1.0,0.9764723580179092,0.9764723580179092,0.10446681890775925,0.05920950791089787,0.5751366420765915,False,False,none
50,18,stress,greedy_bad_minimizer,0.8497162769020411,1.0,0.8497162769020411,0.08703210455621543,0.055871860217098904,0.642496676359509,False,False,none
50,19,stress,greedy_bad_minimizer,0.8418473041352151,1.0,0.8418473041352151,0.09910973898956407,0.04752232875267455,0.5789531080685512,False,False,none
50,20,stress,greedy_bad_minimizer,1.0,1.0,1.0,0.06833809847741765,0.013954211433772058,0.6540187577808989,False,False,none
50,21,stress,greedy_bad_minimizer,0.926591224103963,1.0,0.926591224103963,0.0716835354713587,0.0,0.6179852688693388,False,False,none
50,22,stress,greedy_bad_minimizer,0.7820669383647203,0.9503716230067386,0.7432542255135902,0.14521856472730804,0.16057225915264,0.5658287239612299,False,False,none
50,23,stress,greedy_bad_minimizer,1.0,1.0,1.0,0.08594660107928559,0.04963243940443054,0.6371405245599918,False,False,none
50,24,stress,greedy_bad_minimizer,0.8983280045942712,0.9574848076077672,0.8601354166476152,0.13727478796388531,0.17033796597868017,0.6143901629500549,False,False,none
50,25,stress,greedy_bad_minimizer,0.7047305105816101,0.880456580238606,0.6204846153364911,0.1852911707348217,0.29017470957251773,0.6040634120947292,False,False,none
50,26,stress,greedy_bad_minimizer,0.4059955239563846,1.0,0.4059955239563846,0.10395937466351723,0.0824282965058622,0.6140140750362933,False,False,none
50,27,stress,greedy_bad_minimizer,0.8394658949371211,1.0,0.8394658949371211,0.06469316762782054,0.0,0.6471118015507478,False,False,none
50,28,stress,greedy_bad_minimizer,0.979085561192124,1.0,0.979085561192124,0.11289947106304737,0.12383488412405778,0.6423241037670608,False,False,none
50,29,stress,greedy_bad_minimizer,1.0,1.0,1.0,0.09190919150876531,0.07022470708652882,0.6449008216004819,False,False,none
52,0,stress,greedy_bad_minimizer,0.706073451282741,1.0,0.706073451282741,0.08107134323918402,0.02158772365053154,0.6130499656167415,False,False,none
52,1,stress,greedy_bad_minimizer,0.9607833272474899,1.0,0.9607833272474899,0.10402906811637008,0.07379272479928627,0.6000506971139946,False,False,none
52,2,stress,greedy_bad_minimizer,0.6186577307591663,1.0,0.6186577307591663,0.1695056147186545,0.1996785338362107,0.5265509505796067,False,False,none
52,3,stress,greedy_bad_minimizer,0.9755523776953868,1.0,0.9755523776953868,0.08444513135180509,0.03158028660696911,0.6148140731618467,False,False,none
52,4,stress,greedy_bad_minimizer,0.4558536299508397,1.0,0.4558536299508397,0.15956777174017422,0.2020627333948082,0.5717336122910537,False,False,none
52,5,stress,greedy_bad_minimizer,1.0,0.0,0.0,0.46722175393665444,0.5058467208859327,0.0,True,True,greedy_margin_force
52,6,stress,greedy_bad_minimizer,1.0,1.0,1.0,0.06196435131713626,0.0,0.6584818695119322,False,False,none
52,7,stress,greedy_bad_minimizer,0.9540160084988369,0.9977829615987053,0.9519009183725451,0.12567067614834693,0.14333378726340512,0.619984012548946,False,False,none
52,8,stress,greedy_bad_minimizer,0.8879200789083974,0.9931233668376074,0.8818141782482216,0.1364296066949485,0.11685801163425169,0.5332351571919466,False,False,none
52,9,stress,greedy_bad_minimizer,0.9837939992554638,1.0,0.9837939992554638,0.08798498503853491,0.04993998498851057,0.629134205237913,False,False,none
52,10,stress,greedy_bad_minimizer,0.9929941111454268,0.9952945926633784,0.9883216693696211,0.06262087423424598,0.024253748989964727,0.6941481265914193,False,False,none
52,11,stress,greedy_bad_minimizer,0.48940033015992973,1.0,0.48940033015992973,0.11187546655670746,0.06865910135330291,0.5592291331564485,False,False,none
52,12,stress,greedy_bad_minimizer,0.6826286982204198,1.0,0.6826286982204198,0.18192282661259063,0.22856702485025282,0.5205526784604393,False,False,none
52,13,stress,greedy_bad_minimizer,0.9717933618960977,1.0,0.9717933618960977,0.10090802912585853,0.05786561791463248,0.5878371070070909,False,False,none
52,14,stress,greedy_bad_minimizer,0.5323887993179747,1.0,0.5323887993179747,0.09952119146755353,0.08170629911010754,0.6313633424761972,False,False,none
52,15,stress,greedy_bad_minimizer,0.7139782710933452,1.0,0.7139782710933452,0.07643444029226351,0.049049633788851944,0.6758517522812509,False,False,none
52,16,stress,greedy_bad_minimizer,0.9103346846421418,0.9835419819791524,0.8953523799972989,0.06,0.0,0.7192104787098311,False,False,none
52,17,stress,greedy_bad_minimizer,0.9939382333532901,0.9797458186940227,0.9738068281680098,0.08946169748151261,0.050184004735720336,0.6233676013252547,False,False,none
52,18,stress,greedy_bad_minimizer,0.876785391963382,1.0,0.876785391963382,0.0875623299413294,0.049136523718308706,0.629623121131783,False,False,none
52,19,stress,greedy_bad_minimizer,0.8993271660290484,1.0,0.8993271660290484,0.0957033575713302,0.05376701201052983,0.6030337791361298,False,False,none
52,20,stress,greedy_bad_minimizer,1.0,1.0,1.0,0.08269117461537273,0.0352941287990744,0.6280024763678147,False,False,none
52,21,stress,greedy_bad_minimizer,1.0,1.0,1.0,0.07436905748789524,0.026015508089850883,0.6479868149427004,False,False,none
52,22,stress,greedy_bad_minimizer,0.7177398477836253,1.0,0.7177398477836253,0.13092225116133233,0.12725180199702177,0.5726393066563998,False,False,none
52,23,stress,greedy_bad_minimizer,0.9260446287410373,1.0,0.9260446287410373,0.10236200596624792,0.1006739798242017,0.6495587765289532,False,False,none
52,24,stress,greedy_bad_minimizer,0.8612882292383621,0.9678293181221627,0.833579999610409,0.14475392778010962,0.16883409506818334,0.5808459514408336,False,False,none
52,25,stress,greedy_bad_minimizer,0.7842702321239601,0.935190440696614,0.7334420240052419,0.1972187786027526,0.3020210486563455,0.5731217495277445,False,False,none
52,26,stress,greedy_bad_minimizer,0.34709757031781274,0.9393552069390982,0.32604790999394717,0.15078557769964337,0.20204773686147992,0.6083023429488291,False,False,none
52,27,stress,greedy_bad_minimizer,0.8761245877324606,1.0,0.8761245877324606,0.09192056058505615,0.06485432791248055,0.6363503500903603,False,False,none
52,28,stress,greedy_bad_minimizer,1.0,1.0,1.0,0.11575352909721814,0.13472802048510116,0.6476796611963346,False,False,none
52,29,stress,greedy_bad_minimizer,1.0,1.0,1.0,0.10777883666958707,0.09713092347371778,0.6213788093767738,False,False,none
54,0,stress,greedy_bad_minimizer,0.8569778263161787,1.0,0.8569778263161787,0.08573680275034146,0.05704145248642528,0.6497456216437507,False,False,none
54,1,stress,greedy_bad_minimizer,0.9516730412125785,1.0,0.9516730412125785,0.0994982575601279,0.059259715283715445,0.5959184760320166,False,False,none
54,2,stress,greedy_bad_minimizer,0.6797419832211484,1.0,0.6797419832211484,0.1698452920406385,0.22385591995710702,0.5634164897627592,False,False,none
54,3,stress,greedy_bad_minimizer,0.9780775106062156,0.9843199550164057,0.9627412112424683,0.08351137394750077,0.02851806545041027,0.6138562121818963,False,False,none
54,4,stress,greedy_bad_minimizer,0.3777197103813741,0.9887618899849181,0.3734748547212433,0.15427852891788285,0.22272681451150353,0.6264902524853687,False,False,none
54,5,stress,greedy_bad_minimizer,1.0,0.0,0.0,0.48564718213541563,0.5543346898300411,0.0,True,True,greedy_margin_force
54,6,stress,greedy_bad_minimizer,0.953773210339976,1.0,0.953773210339976,0.0660801535161199,0.017170607256100673,0.6685194885049931,False,False,none
54,7,stress,greedy_bad_minimizer,0.8738751470423025,1.0,0.8738751470423025,0.09570881061764303,0.05364245317699316,0.6028138399567267,False,False,none
54,8,stress,greedy_bad_minimizer,0.9339252352746245,0.9999213150142244,0.9338517493807714,0.16075653813354787,0.18575040533453896,0.5409525662232373,False,False,none
54,9,stress,greedy_bad_minimizer,1.0,1.0,1.0,0.08349199153343287,0.028281412866626946,0.6135622723161891,False,False,none
54,10,stress,greedy_bad_minimizer,0.7677322971340217,0.8294100624786789,0.6367648925328286,0.16475683912295427,0.281568957286176,0.6759973526908025,False,False,none
54,11,stress,greedy_bad_minimizer,0.5203320233079015,1.0,0.5203320233079015,0.12246779286437373,0.11543398748730058,0.5891546765866686,False,False,none
54,12,stress,greedy_bad_minimizer,0.694678893009986,1.0,0.694678893009986,0.1678058127550665,0.20118560839179148,0.5360196601408928,False,False,none
54,13,stress,greedy_bad_minimizer,0.9839852059721234,1.0,0.9839852059721234,0.08393274566201939,0.02603101027141317,0.6081626593379901,False,False,none
54,14,stress,greedy_bad_minimizer,0.6023685795947596,1.0,0.6023685795947596,0.11277126427060769,0.10267824580885743,0.6093602880698257,False,False,none
54,15,stress,greedy_bad_minimizer,0.6662990914391134,1.0,0.6662990914391134,0.09767466172647735,0.0880185478397112,0.6490516102192204,False,False,none
54,16,stress,greedy_bad_minimizer,1.0,1.0,1.0,0.06894712219790466,0.045894520604130656,0.7020533151319374,False,False,none
54,17,stress,greedy_bad_minimizer,0.9032866148717539,1.0,0.9032866148717539,0.09839891139935789,0.0808773166406776,0.634726953850415,False,False,none
54,18,stress,greedy_bad_minimizer,0.9521212906539179,0.9929055256955478,0.9453664906226519,0.09007999762195221,0.050437977640695554,0.6211934745063005,False,False,none
54,19,stress,greedy_bad_minimizer,0.8921493506511874,1.0,0.8921493506511874,0.08498229623791789,0.048598385040829604,0.6395212086566557,False,False,none
54,20,stress,greedy_bad_minimizer,0.8756814382090897,0.99223229395088,0.8688794022044108,0.10743245976225663,0.11211388622745364,0.6465450708507322,False,False,none
54,21,stress,greedy_bad_minimizer,0.9730509042347448,1.0,0.9730509042347448,0.09115493150637957,0.06870584469022017,0.6456387061496004,False,False,none
54,22,stress,greedy_bad_minimizer,0.6808240691508755,1.0,0.6808240691508755,0.13213766349504005,0.1253374804720274,0.5645440795180431,False,False,none
54,23,stress,greedy_bad_minimizer,0.916529841399872,1.0,0.916529841399872,0.09985223752534389,0.059841726162005886,0.5953650767342432,False,False,none
54,24,stress,greedy_bad_minimizer,0.8717297596854459,0.9788926211463846,0.8533298293897941,0.14048337985403708,0.16023889575603084,0.5850308355552276,False,False,none
54,25,stress,greedy_bad_minimizer,0.801281566583335,0.9990656390680149,0.8005328803919998,0.17628284959257276,0.25588855043076175,0.5873116648796529,False,False,none
54,26,stress,greedy_bad_minimizer,0.3609263776753653,1.0,0.3609263776753653,0.1422278976986627,0.14779911506495738,0.558065691775088,False,False,none
54,27,stress,greedy_bad_minimizer,0.98970235399531,1.0,0.98970235399531,0.10287556894611297,0.10436430815237294,0.6532619506324531,False,False,none
54,28,stress,greedy_bad_minimizer,1.0,1.0,1.0,0.0770656771267324,0.062474342652080336,0.6944773878377423,False,False,none
54,29,stress,greedy_bad_minimizer,1.0,1.0,1.0,0.06912897135869916,0.025802693949600643,0.6694835514256212,False,False,none
56,0,stress,greedy_bad_minimizer,0.8873021266155885,0.9749839110778613,0.8651052977153701,0.1097852028249387,0.10388402181370446,0.6237113561011208,False,False,none
56,1,stress,greedy_bad_minimizer,0.9993549671495088,1.0,0.9993549671495088,0.10823832390589405,0.09597431497185918,0.6176329824308852,False,False,none
56,2,stress,greedy_bad_minimizer,0.3542191112620191,0.9462960710560571,0.335196153280217,0.2118467414012294,0.3008046443674795,0.51024593107672,False,False,none
56,3,stress,greedy_bad_minimizer,0.9442788461002817,0.9940318156388781,0.9386432158584478,0.09197309965520084,0.04825119466715723,0.6098431429929955,False,False,none
56,4,stress,greedy_bad_minimizer,0.5662149559069622,0.9879215099313853,0.5593759341853389,0.11797367326861952,0.10764621739127499,0.5955495389169373,False,False,none
56,5,stress,greedy_bad_minimizer,0.9504120592571315,0.0,0.0,0.446435036493021,0.45114483287637114,0.0,True,True,greedy_margin_force
56,6,stress,greedy_bad_minimizer,0.9434105822541855,1.0,0.9434105822541855,0.08256876112304157,0.04411054590100257,0.6424718596639143,False,False,none
56,7,stress,greedy_bad_minimizer,0.7873649164697172,1.0,0.7873649164697172,0.14577275474840481,0.17765345311589287,0.5905648226484769,False,False,none
56,8,stress,greedy_bad_minimizer,0.9559116945911296,1.0,0.9559116945911296,0.12100700411556747,0.12958225359693176,0.6176427177136108,False,False,none
56,9,stress,greedy_bad_minimizer,1.0,1.0,1.0,0.08544045205136294,0.05369444215143269,0.6456809831924228,False,False,none
56,10,stress,greedy_bad_minimizer,0.7790428973380075,0.8823454836974082,0.6873849820727345,0.14425600496413718,0.19183030117185107,0.6193312895048594,False,False,none
56,11,stress,greedy_bad_minimizer,0.5452901990787288,1.0,0.5452901990787288,0.1129524332006843,0.09407365994146358,0.5949814899044662,False,False,none
56,12,stress,greedy_bad_minimizer,0.7702062684790132,1.0,0.7702062684790132,0.1704050518712312,0.2072345723279362,0.5347670233891022,False,False,none
56,13,stress,greedy_bad_minimizer,0.9722800127693113,1.0,0.9722800127693113,0.07355955683260879,0.013365546741474377,0.6313306288714645,False,False,none
56,14,stress,greedy_bad_minimizer,0.6973969726770488,1.0,0.6973969726770488,0.08314051675965717,0.02406051344582462,0.6083436597906507,False,False,none
56,15,stress,greedy_bad_minimizer,0.7053934408424801,1.0,0.7053934408424801,0.08440629383273379,0.06573268046203865,0.669050519761837,False,False,none
56,16,stress,greedy_bad_minimizer,0.9555619303684112,1.0,0.9555619303684112,0.08803969098921358,0.0706115169508441,0.6616361893837799,False,False,none
56,17,stress,greedy_bad_minimizer,0.725236836335623,0.8453753040817769,0.6130973110485332,0.18458054268298268,0.27040761737399077,0.5757264663297241,False,False,none
56,18,stress,greedy_bad_minimizer,1.0,1.0,1.0,0.11266511950515079,0.11760496270761135,0.633436526348923,False,False,none
56,19,stress,greedy_bad_minimizer,0.935285072733185,1.0,0.935285072733185,0.11134782238419397,0.10924845357465336,0.6256941248923928,False,False,none
56,20,stress,greedy_bad_minimizer,0.9956016993528649,1.0,0.9956016993528649,0.10185428912452008,0.09637166712348552,0.6448622682600185,False,False,none
56,21,stress,greedy_bad_minimizer,0.9719061759690673,1.0,0.9719061759690673,0.08552734664159939,0.059919762643752324,0.6551756798459437,False,False,none
56,22,stress,greedy_bad_minimizer,0.7174321085353201,1.0,0.7174321085353201,0.13748124945965828,0.12040180025290886,0.5344643109851962,False,False,none
56,23,stress,greedy_bad_minimizer,0.980955626869842,1.0,0.980955626869842,0.0874638866736134,0.02014329020587821,0.5841273483525846,False,False,none
56,24,stress,greedy_bad_minimizer,0.982929278196892,1.0,0.982929278196892,0.128015572657526,0.11981040082937752,0.5729682485734895,False,False,none
56,25,stress,greedy_bad_minimizer,0.832170114378154,1.0,0.832170114378154,0.15138336116605328,0.18694644213869527,0.5819011951943789,False,False,none
56,26,stress,greedy_bad_minimizer,0.4569802778972368,1.0,0.4569802778972368,0.11359004110567636,0.06507367351939193,0.5464081451320524,False,False,none
56,27,stress,greedy_bad_minimizer,1.0,1.0,1.0,0.11087591813494863,0.13509174844846183,0.6685789428144453,False,False,none
56,28,stress,greedy_bad_minimizer,0.976028317686843,1.0,0.976028317686843,0.07847857082078175,0.07913719006872452,0.7149731725222231,False,False,none
56,29,stress,greedy_bad_minimizer,1.0,1.0,1.0,0.06,0.0,0.68145186843384,False,False,none
58,0,stress,greedy_bad_minimizer,0.9165435120849595,0.9909010604397684,0.9082039380641761,0.08390461410863981,0.03797946118149752,0.6271982547513719,False,False,none
58,1,stress,greedy_bad_minimizer,1.0,1.0,1.0,0.08456047146269133,0.060096030555174665,0.6594834172844793,False,False,none
58,2,stress,greedy_bad_minimizer,0.43410129414831156,0.9678980271879722,0.4201657862058964,0.20576877817907271,0.29249730980103267,0.5224174981054989,False,False,none
58,3,stress,greedy_bad_minimizer,0.9718599242957378,1.0,0.9718599242957378,0.06551565746836147,0.0,0.6436847605484939,False,False,none
58,4,stress,greedy_bad_minimizer,0.5784043541607745,1.0,0.5784043541607745,0.11663089856658226,0.08841333385277762,0.5706923679061384,False,False,none
58,5,stress,greedy_bad_minimizer,1.0,0.0,0.0,0.4435148478311572,0.44346012587146627,0.0,True,True,greedy_margin_force
58,6,stress,greedy_bad_minimizer,0.9950301979996523,1.0,0.9950301979996523,0.07790993039563548,0.024134936051290596,0.630255605432729,False,False,none
58,7,stress,greedy_bad_minimizer,0.7227140679678117,0.9225329709406055,0.666727556262916,0.14719541016770668,0.17074268120894168,0.5736950362153799,False,False,none
58,8,stress,greedy_bad_minimizer,0.9127191463924924,1.0,0.9127191463924924,0.1525912843811706,0.18486842465594053,0.5735779874503617,False,False,none
58,9,stress,greedy_bad_minimizer,1.0,1.0,1.0,0.09219147661925833,0.06104591732732503,0.6291915498546883,False,False,none
58,10,stress,greedy_bad_minimizer,0.8634397199597259,0.9381219782642983,0.8100117782005898,0.13354027410839614,0.1447194773845824,0.5893880304072716,False,False,none
58,11,stress,greedy_bad_minimizer,0.4886997014127039,1.0,0.4886997014127039,0.12020159892161267,0.1042834333409983,0.5809421072831945,False,False,none
58,12,stress,greedy_bad_minimizer,0.8690164443227993,1.0,0.8690164443227993,0.1159225109987343,0.0985178163578394,0.5896427467385196,False,False,none
58,13,stress,greedy_bad_minimizer,0.914580069769076,0.9547050680328852,0.8731542277304066,0.1791322650357538,0.25685941128166,0.5769762968803209,False,False,none
58,14,stress,greedy_bad_minimizer,0.8059445601152384,1.0,0.8059445601152384,0.08086984794346477,0.030404376921483553,0.6278492303612457,False,False,none
58,15,stress,greedy_bad_minimizer,0.7227990887956534,1.0,0.7227990887956534,0.07069695869604817,0.021257049671241562,0.6557530007459318,False,False,none
58,16,stress,greedy_bad_minimizer,1.0,1.0,1.0,0.09168057904139762,0.06395951789522779,0.6359334906616206,False,False,none
58,17,stress,greedy_bad_minimizer,0.8031951396744692,0.9310490583930633,0.7478140784997995,0.1847920820460619,0.22925064279167193,0.5096798425615561,False,False,none
58,18,stress,greedy_bad_minimizer,1.0,0.9963368275951614,0.9963368275951614,0.07868425163442586,0.04194396984286053,0.6552269037744215,False,False,none
58,19,stress,greedy_bad_minimizer,1.0,1.0,1.0,0.12523611472773274,0.11517430580937009,0.5772088394992828,False,False,none
58,20,stress,greedy_bad_minimizer,1.0,0.9919448322012228,0.9919448322012228,0.09467506624360156,0.06399818549523696,0.6235176843524521,False,False,none
58,21,stress,greedy_bad_minimizer,1.0,1.0,1.0,0.06505113336612336,0.00626522411696781,0.6555402158263517,False,False,none
58,22,stress,greedy_bad_minimizer,0.6765018028525331,1.0,0.6765018028525331,0.14422211509480437,0.1311290630434351,0.5233622035904208,False,False,none
58,23,stress,greedy_bad_minimizer,1.0,1.0,1.0,0.09164457308976975,0.017017401507271483,0.5617584978458059,False,False,none
58,24,stress,greedy_bad_minimizer,1.0,1.0,1.0,0.12378372303979018,0.10461078583858599,0.566534898245302,False,False,none
58,25,stress,greedy_bad_minimizer,0.9033441056481686,0.9959318218487844,0.8996691408945413,0.13530427936618,0.1359269232086171,0.5681164643878936,False,False,none
58,26,stress,greedy_bad_minimizer,0.4074267371748089,1.0,0.4074267371748089,0.08917814299054849,0.037982492404788376,0.6052300171802962,False,False,none
58,27,stress,greedy_bad_minimizer,1.0,1.0,1.0,0.06527588897887762,0.029412402852353872,0.6912534337709036,False,False,none
58,28,stress,greedy_bad_minimizer,0.9985156243185146,1.0,0.9985156243185146,0.10077267872385753,0.15055942879931494,0.7351662675828423,False,False,none
58,29,stress,greedy_bad_minimizer,1.0,1.0,1.0,0.06780366036714464,0.02308043695299414,0.6706954403124714,False,False,none
60,0,stress,greedy_bad_minimizer,0.9808976876020676,1.0,0.9808976876020676,0.062019088680719536,0.0,0.6582537971636686,False,False,none
60,1,stress,greedy_bad_minimizer,1.0,1.0,1.0,0.07778939789084474,0.036256495996361,0.6499502941157186,False,False,none
60,2,stress,greedy_bad_minimizer,0.44389839684427207,1.0,0.44389839684427207,0.19662383198045258,0.25840307863700074,0.5065389079233653,False,False,none
60,3,stress,greedy_bad_minimizer,1.0,1.0,1.0,0.08089487717575716,0.013677743894349734,0.6012611062670656,False,False,none
60,4,stress,greedy_bad_minimizer,0.5265643930637026,1.0,0.5265643930637026,0.08864507708397526,0.03408409188875096,0.6012786576406254,False,False,none
60,5,stress,greedy_bad_minimizer,0.9626344424817925,0.0,0.0,0.4493200818626764,0.45873705753335897,0.0,True,True,greedy_margin_force
60,6,stress,greedy_bad_minimizer,1.0,1.0,1.0,0.09180426136774045,0.05996044603879897,0.6290862838625132,False,False,none
60,7,stress,greedy_bad_minimizer,0.7639211823360027,0.9880106484894834,0.7547622627546469,0.12087944094001435,0.11737711567863772,0.5988494292411166,False,False,none
60,8,stress,greedy_bad_minimizer,0.9825139627882106,1.0,0.9825139627882106,0.13914440565871788,0.13832183436942108,0.555907880840259,False,False,none
60,9,stress,greedy_bad_minimizer,0.6261750433789981,0.818891200177472,0.5127692327938084,0.2267202785281385,0.390436144730986,0.5901894019568175,False,False,none
60,10,stress,greedy_bad_minimizer,0.9669328540184504,0.9858662104410857,0.9532664285421533,0.1657148493335212,0.20966619551653864,0.5581596040115147,False,False,none
60,11,stress,greedy_bad_minimizer,0.5476796062151607,1.0,0.5476796062151607,0.11991182676357395,0.10761272566125843,0.587420870782101,False,False,none
60,12,stress,greedy_bad_minimizer,1.0,1.0,1.0,0.13692381221977531,0.14440722567697867,0.5747955564061524,False,False,none
60,13,stress,greedy_bad_minimizer,1.0,1.0,1.0,0.1608361073457542,0.17366611047879302,0.5214875609841132,False,False,none
60,14,stress,greedy_bad_minimizer,0.8566704780197845,1.0,0.8566704780197845,0.086828587514893,0.045388731438198784,0.6267463767984273,False,False,none
60,15,stress,greedy_bad_minimizer,0.8797294573524511,1.0,0.8797294573524511,0.06078392116361253,0.0007555041261827039,0.6645965433514037,False,False,none
60,16,stress,greedy_bad_minimizer,0.9706248158598134,0.9646987246570398,0.9363605219804361,0.08092068019430995,0.024015710619530208,0.6175220410046314,False,False,none
60,17,stress,greedy_bad_minimizer,0.8912733466318337,0.9892581386159446,0.8816994118870113,0.1700098471269289,0.18471416684300496,0.5007564011392208,False,False,none
60,18,stress,greedy_bad_minimizer,1.0,0.9845067321220106,0.9845067321220106,0.062062246197370496,0.0,0.6580739741776229,False,False,none
60,19,stress,greedy_bad_minimizer,0.9781265298116008,0.9901437179760473,0.9684858388786675,0.11894482423453256,0.08691765239809665,0.5586828486531008,False,False,none
60,20,stress,greedy_bad_minimizer,1.0,1.0,1.0,0.08693476293913671,0.058420561837622426,0.646937710663166,False,False,none
60,21,stress,greedy_bad_minimizer,0.9738861949016636,1.0,0.9738861949016636,0.08269985480832634,0.04471042208857689,0.642875439938887,False,False,none
60,22,stress,greedy_bad_minimizer,0.6839001511540976,1.0,0.6839001511540976,0.12636322226532806,0.08947770662002547,0.5318262760428402,False,False,none
60,23,stress,greedy_bad_minimizer,0.9773907909184656,1.0,0.9773907909184656,0.08414817843534575,0.010836063147403657,0.5832063565027819,False,False,none
60,24,stress,greedy_bad_minimizer,1.0,1.0,1.0,0.11248628096238195,0.0773122833491914,0.570384944626295,False,False,none
60,25,stress,greedy_bad_minimizer,1.0,1.0,1.0,0.10956138450879957,0.05933810318340735,0.5541128945870635,False,False,none
60,26,stress,greedy_bad_minimizer,0.49991295003693736,1.0,0.49991295003693736,0.06474526587019949,0.0,0.6468947255408355,False,False,none
60,27,stress,greedy_bad_minimizer,0.9762807588269063,1.0,0.9762807588269063,0.06,0.0,0.725572948252911,False,False,none
60,28,stress,greedy_bad_minimizer,1.0,1.0,1.0,0.09895519487686028,0.11962296706855693,0.6937563858716308,False,False,none
60,29,stress,greedy_bad_minimizer,1.0,1.0,1.0,0.06194818329586896,0.0,0.6585492362672127,False,False,none
62,0,stress,greedy_bad_minimizer,1.0,1.0,1.0,0.07192571992605751,0.037859368229633684,0.6769201666716803,False,False,none
62,1,stress,greedy_bad_minimizer,1.0,1.0,1.0,0.10642817070096958,0.08856165388706708,0.6134385740671497,False,False,none
62,2,stress,greedy_bad_minimizer,0.4900878087525886,0.9498004319182953,0.4654856124310996,0.1743235034033757,0.19935022454175944,0.5059565913437203,False,False,none
62,3,stress,greedy_bad_minimizer,1.0,0.9840719263938004,0.9840719263938004,0.08439632074235998,0.03411780302775163,0.6190351850341069,False,False,none
62,4,stress,greedy_bad_minimizer,0.6384088823366022,1.0,0.6384088823366022,0.07705866516947463,0.0347740570563742,0.6506478187997816,False,False,none
62,5,stress,greedy_bad_minimizer,0.9639336725344733,0.0,0.0,0.4423414711150573,0.4403722924080455,0.0,True,True,greedy_margin_force
62,6,stress,greedy_bad_minimizer,1.0,1.0,1.0,0.08746609709992292,0.05889957537385178,0.6454822564255864,False,False,none
62,7,stress,greedy_bad_minimizer,0.6810805861928223,0.9084551055949335,0.6187311358484596,0.1841501520526131,0.26411812384188416,0.567561395863762,False,False,none
62,8,stress,greedy_bad_minimizer,1.0,1.0,1.0,0.11190672695494608,0.08155839850221364,0.5795227686495629,False,False,none
62,9,stress,greedy_bad_minimizer,0.6641389691726198,0.8547688267247656,0.5676852874618755,0.22915923999439952,0.3431926994396662,0.5052249408028068,False,False,none
62,10,stress,greedy_bad_minimizer,0.7080974303716545,0.928976674684578,0.6578059962193541,0.188325897829108,0.24713602512444308,0.5232741321590849,False,False,none
62,11,stress,greedy_bad_minimizer,0.4583609567414794,0.9685834403316668,0.44396083239437645,0.1070010417834413,0.0774992284253632,0.5935361042424864,False,False,none
62,12,stress,greedy_bad_minimizer,0.8913677202588687,1.0,0.8913677202588687,0.10479971976412902,0.07266266435648353,0.5950503862138946,False,False,none
62,13,stress,greedy_bad_minimizer,1.0,1.0,1.0,0.15030240553808108,0.1235387420248163,0.486009651797288,False,False,none
62,14,stress,greedy_bad_minimizer,0.8829486287549914,1.0,0.8829486287549914,0.06033973010191149,0.0,0.6652511245753688,False,False,none
62,15,stress,greedy_bad_minimizer,0.8820837171308734,1.0,0.8820837171308734,0.06,0.0,0.7017914798426613,False,False,none
62,16,stress,greedy_bad_minimizer,1.0,1.0,1.0,0.07930720615470332,0.0,0.5862199743554029,False,False,none
62,17,stress,greedy_bad_minimizer,0.8580577708112045,1.0,0.8580577708112045,0.12634089050413475,0.0969127220481972,0.5436914328090842,False,False,none
62,18,stress,greedy_bad_minimizer,0.9859983585495561,1.0,0.9859983585495561,0.06962958406827899,0.017114326801426383,0.6536410838177626,False,False,none
62,19,stress,greedy_bad_minimizer,1.0,1.0,1.0,0.12907364358802242,0.13220776665503675,0.5881887822537147,False,False,none
62,20,stress,greedy_bad_minimizer,0.9770261890504258,1.0,0.9770261890504258,0.08329739465573138,0.059380747751290326,0.663613706207329,False,False,none
62,21,stress,greedy_bad_minimizer,0.8793947262904195,0.9771508980799559,0.8593013465614604,0.11316633128620596,0.11637835673586377,0.6294060178059262,False,False,none
62,22,stress,greedy_bad_minimizer,0.7591400985999338,1.0,0.7591400985999338,0.11320983520125291,0.06763797490955763,0.5520524802682458,False,False,none
62,23,stress,greedy_bad_minimizer,1.0,1.0,1.0,0.07906226182938242,0.026971778375245364,0.6299458914717118,False,False,none
62,24,stress,greedy_bad_minimizer,0.9139187379527133,1.0,0.9139187379527133,0.1263125962926323,0.10869286231365463,0.5624612141106519,False,False,none
62,25,stress,greedy_bad_minimizer,0.9005587847603389,1.0,0.9005587847603389,0.09449310938067099,0.033454523756741204,0.5759150401953779,False,False,none
62,26,stress,greedy_bad_minimizer,0.46064407100993054,1.0,0.46064407100993054,0.066401488940701,0.002697082732347769,0.6442641770732965,False,False,none
62,27,stress,greedy_bad_minimizer,0.9555780384667341,1.0,0.9555780384667341,0.06,0.0,0.7180313378618011,False,False,none
62,28,stress,greedy_bad_minimizer,0.8332471106313489,0.9796174891540308,0.8162634423615329,0.16667635790329824,0.28213619013550373,0.6688974764508049,False,False,none
62,29,stress,greedy_bad_minimizer,0.9438912001530494,1.0,0.9438912001530494,0.06,0.0,0.6971137491641894,False,False,none
64,0,stress,greedy_bad_minimizer,0.9817242807624439,1.0,0.9817242807624439,0.09856366479541037,0.06340398847026371,0.6063743784303743,False,False,none
64,1,stress,greedy_bad_minimizer,1.0,1.0,1.0,0.09084258855374877,0.07925709969248813,0.6636462888724863,False,False,none
64,2,stress,greedy_bad_minimizer,0.6075091216524762,0.941108884394419,0.5717322317377952,0.1462707663314494,0.1392782729392978,0.5277290724395158,False,False,none
64,3,stress,greedy_bad_minimizer,1.0,1.0,1.0,0.0687855374007571,0.0,0.6300602608301787,False,False,none
64,4,stress,greedy_bad_minimizer,0.7268609292857372,1.0,0.7268609292857372,0.10257015902748257,0.09122951300010526,0.6337377329689894,False,False,none
64,5,stress,greedy_bad_minimizer,1.0,0.0,0.0,0.424524087411127,0.39348444055559745,0.0,True,True,greedy_margin_force
64,6,stress,greedy_bad_minimizer,0.8868153380870513,0.9654158443941323,0.8561455784409785,0.097455064018527,0.07563725235860908,0.6303628828239353,False,False,none
64,7,stress,greedy_bad_minimizer,0.669531323781656,0.8914311917945452,0.5968411059024612,0.20621525323954912,0.29825745526562325,0.5296774156724489,False,False,none
64,8,stress,greedy_bad_minimizer,1.0,1.0,1.0,0.09127831453985683,0.03687541460229987,0.5947264292042381,False,False,none
64,9,stress,greedy_bad_minimizer,0.6638275848082302,0.8164845488534744,0.5420049660986394,0.21010777743389808,0.2655871047120415,0.4617305098194903,False,False,none
64,10,stress,greedy_bad_minimizer,0.8689341151229765,0.96834733150176,0.8414300316301774,0.14708343289313228,0.1464816993363509,0.5357483868945045,False,False,none
64,11,stress,greedy_bad_minimizer,0.41473307905049245,1.0,0.41473307905049245,0.11823259158962185,0.116648878202414,0.6087249255303978,False,False,none
64,12,stress,greedy_bad_minimizer,1.0,1.0,1.0,0.07239058030139131,0.01658068725186556,0.6412920035596567,False,False,none
64,13,stress,greedy_bad_minimizer,0.8290143304092448,0.9566069813047905,0.7930408960711999,0.15109840980935185,0.13838392945496658,0.5061978474313977,False,False,none
64,14,stress,greedy_bad_minimizer,0.9320143854482589,1.0,0.9320143854482589,0.09856808743951823,0.09674060283023728,0.6591389234832163,False,False,none
64,15,stress,greedy_bad_minimizer,1.0,0.9739886634115407,0.9739886634115407,0.07830178585498976,0.07545348619672042,0.7098772454156833,False,False,none
64,16,stress,greedy_bad_minimizer,1.0,1.0,1.0,0.07879116556071225,0.005001010657312017,0.5962884103711097,False,False,none
64,17,stress,greedy_bad_minimizer,0.9348653312699625,1.0,0.9348653312699625,0.11560254635299352,0.08815170520852336,0.5745629234426891,False,False,none
64,18,stress,greedy_bad_minimizer,1.0,1.0,1.0,0.10671739340462869,0.08909243749258514,0.6130738868439737,False,False,none
64,19,stress,greedy_bad_minimizer,1.0,1.0,1.0,0.13270081446435958,0.12134927495028618,0.5558829584031215,False,False,none
64,20,stress,greedy_bad_minimizer,1.0,1.0,1.0,0.06,0.0,0.7115668643956311,False,False,none
64,21,stress,greedy_bad_minimizer,0.8162624086067567,1.0,0.8162624086067567,0.11944263314189402,0.1169556158633789,0.6041687536924583,False,False,none
64,22,stress,greedy_bad_minimizer,0.902976604937201,1.0,0.902976604937201,0.08423013813046418,0.0,0.5657077577897326,False,False,none
64,23,stress,greedy_bad_minimizer,1.0,1.0,1.0,0.07213593783726252,0.004173762202879253,0.6227087158326317,False,False,none
64,24,stress,greedy_bad_minimizer,0.8824666185995693,0.97176958509827,0.8575542198195768,0.0922852418582274,0.04071061581363117,0.5966033006289686,False,False,none
64,25,stress,greedy_bad_minimizer,1.0,1.0,1.0,0.08696450376754261,0.006975155926919725,0.5653585645195287,False,False,none
64,26,stress,greedy_bad_minimizer,0.5370652281489443,0.988206042100269,0.5307311034587462,0.08407459488370325,0.05460121309254595,0.6528077753811009,False,False,none
64,27,stress,greedy_bad_minimizer,1.0,0.9999207139960609,0.9999207139960609,0.06664123237451147,0.04299176579876701,0.70706516095425,False,False,none
64,28,stress,greedy_bad_minimizer,0.9531576427228244,1.0,0.9531576427228244,0.1667551603428898,0.28321553004645306,0.6702780878115099,False,False,none
64,29,stress,greedy_bad_minimizer,0.9387946241127993,1.0,0.9387946241127993,0.06120123825201973,0.03178053042169306,0.7119806804509319,False,False,none
66,0,stress,greedy_bad_minimizer,0.943976234502106,1.0,0.943976234502106,0.1112648462645551,0.09073278566307784,0.5967233845308938,False,False,none
66,1,stress,greedy_bad_minimizer,1.0,1.0,1.0,0.09953667994382626,0.08198831045803529,0.6317453251259465,False,False,none
66,2,stress,greedy_bad_minimizer,0.6931992503137125,0.989786481347068,0.686119246840435,0.13845353789722276,0.11988976072086963,0.5296023799029488,False,False,none
66,3,stress,greedy_bad_minimizer,0.9925885676988527,0.9600867406650124,0.9529711227833445,0.0730352173880312,0.0,0.6123532608832033,False,False,none
66,4,stress,greedy_bad_minimizer,0.810584070851319,1.0,0.810584070851319,0.09353741805669694,0.08270445579398221,0.6578761464375681,False,False,none
66,5,stress,greedy_bad_minimizer,0.9833518031799608,0.0,0.0,0.4387092323920834,0.43081376945285105,0.0,True,True,greedy_margin_force
66,6,stress,greedy_bad_minimizer,0.9585274935185026,1.0,0.9585274935185026,0.10283450957719775,0.07914539001762272,0.613503077622912,False,False,none
66,7,stress,greedy_bad_minimizer,0.7613345833453828,0.9306931049238718,0.7085688472596366,0.17705025208478858,0.2078745642882669,0.5080920097698036,False,False,none
66,8,stress,greedy_bad_minimizer,0.9828506706046218,1.0,0.9828506706046218,0.07381290248542999,0.001188227514576725,0.6109942665421215,False,False,none
66,9,stress,greedy_bad_minimizer,0.6177411440060506,0.9060108188898035,0.5596801597428459,0.18929541234979969,0.22300744503148184,0.4810309031756809,False,False,none
66,10,stress,greedy_bad_minimizer,0.9088905510016412,0.9927849617319052,0.9023328708946546,0.14758031475673877,0.1556408112439418,0.5481799729831631,False,False,none
66,11,stress,greedy_bad_minimizer,0.6201558064748423,0.9820142525277483,0.6090018407461352,0.07777551353605025,0.0,0.592602026933124,False,False,none
66,12,stress,greedy_bad_minimizer,1.0,1.0,1.0,0.10913187589945242,0.10100998721847529,0.6218829968482009,False,False,none
66,13,stress,greedy_bad_minimizer,0.8373606239855335,1.0,0.8373606239855335,0.13757422725772053,0.11355431342944243,0.5232350493561151,False,False,none
66,14,stress,greedy_bad_minimizer,0.9768307392623695,1.0,0.9768307392623695,0.11411127940322799,0.12467087954671599,0.6385985617688503,False,False,none
66,15,stress,greedy_bad_minimizer,1.0,1.0,1.0,0.07798832745271916,0.04942422704630375,0.6699703284369845,False,False,none
66,16,stress,greedy_bad_minimizer,1.0,1.0,1.0,0.08766714751114038,0.03179741268644213,0.6017327887904484,False,False,none
66,17,stress,greedy_bad_minimizer,0.8974713254457816,1.0,0.8974713254457816,0.08599071798634278,0.025088233707022116,0.5980950450930235,False,False,none
66,18,stress,greedy_bad_minimizer,1.0,1.0,1.0,0.10321601686387175,0.0875907204209567,0.6252852370670492,False,False,none
66,19,stress,greedy_bad_minimizer,0.9601898265052676,1.0,0.9601898265052676,0.07793225150351396,0.016743209191158674,0.6184590332880264,False,False,none
66,20,stress,greedy_bad_minimizer,1.0,1.0,1.0,0.06,0.011357596826212879,0.6901953692736434,False,False,none
66,21,stress,greedy_bad_minimizer,0.7696035611617953,0.9942058875109258,0.7651443915564318,0.12752988561364442,0.11868164985885829,0.5732047555530073,False,False,none
66,22,stress,greedy_bad_minimizer,0.747249262650847,0.9575792594391199,0.7155503955456265,0.15553161194934736,0.18037431011563468,0.5542109412274743,False,False,none
66,23,stress,greedy_bad_minimizer,1.0,1.0,1.0,0.06,0.0,0.6670916525990087,False,False,none
66,24,stress,greedy_bad_minimizer,0.9829240191004207,0.9888110945251392,0.9719261751617357,0.08437896805009423,0.0209993885090032,0.5983366649305291,False,False,none
66,25,stress,greedy_bad_minimizer,1.0,1.0,1.0,0.08741425163587188,0.02722245196079535,0.5955428337884597,False,False,none
66,26,stress,greedy_bad_minimizer,0.5621114612371053,1.0,0.5621114612371053,0.08123898038426655,0.053022848665474034,0.6621237587858899,False,False,none
66,27,stress,greedy_bad_minimizer,1.0,1.0,1.0,0.06738421712170503,0.007121261572804932,0.6471744261498369,False,False,none
66,28,stress,greedy_bad_minimizer,0.9587015105333857,1.0,0.9587015105333857,0.14297880503397273,0.2149512798350858,0.6612611720973328,False,False,none
66,29,stress,greedy_bad_minimizer,1.0,1.0,1.0,0.06673274756975045,0.040372705795447314,0.702537002635498,False,False,none
68,0,stress,greedy_bad_minimizer,0.9666929669529366,1.0,0.9666929669529366,0.07532704637562984,0.02305440561761969,0.6393067823294402,False,False,none
68,1,stress,greedy_bad_minimizer,0.9360059703448146,0.9765445319958158,0.9140515122556664,0.10559794689232091,0.08558572138629682,0.6121859468102996,False,False,none
68,2,stress,greedy_bad_minimizer,0.8245796834736108,1.0,0.8245796834736108,0.10185087648331168,0.06263312844256974,0.5914571346869368,False,False,none
68,3,stress,greedy_bad_minimizer,1.0,0.9808196737199518,0.9808196737199518,0.06477450289207098,0.015050252436224498,0.6706024709737264,False,False,none
68,4,stress,greedy_bad_minimizer,0.765876119817381,1.0,0.765876119817381,0.13783516747568683,0.17171249675989064,0.6142315887211317,False,False,none
68,5,stress,greedy_bad_minimizer,1.0,0.0,0.0,0.42857071943993497,0.40413347221035517,0.0,True,True,greedy_margin_force
68,6,stress,greedy_bad_minimizer,0.8898274242339164,1.0,0.8898274242339164,0.08746358131795356,0.06323696506457413,0.6523602725274359,False,False,none
68,7,stress,greedy_bad_minimizer,0.7149435897033634,0.9794053233148824,0.7002195576253252,0.1535536240446128,0.1457297663139862,0.5075986964779248,False,False,none
68,8,stress,greedy_bad_minimizer,1.0,0.9936102056824535,0.9936102056824535,0.0686658195737834,0.0,0.6305590851092359,False,False,none
68,9,stress,greedy_bad_minimizer,0.6298918541929024,0.9362786390489629,0.5897542879917584,0.16215802455964673,0.15216064114476294,0.4819292461473467,False,False,none
68,10,stress,greedy_bad_minimizer,0.9568434660217875,1.0,0.9568434660217875,0.13393484252614793,0.15452556888903854,0.603270306882028,False,False,none
68,11,stress,greedy_bad_minimizer,0.6378655315961548,1.0,0.6378655315961548,0.07855783410396988,0.011052023007573606,0.6068413943287837,False,False,none
68,12,stress,greedy_bad_minimizer,0.965395156814795,0.931153346713521,0.8989309311691208,0.13620096683181696,0.15632313278236803,0.5966742651061788,False,False,none
68,13,stress,greedy_bad_minimizer,0.8122817296600452,1.0,0.8122817296600452,0.1309099315232175,0.12466511430463902,0.5685950496356056,False,False,none
68,14,stress,greedy_bad_minimizer,1.0,1.0,1.0,0.10548179297211227,0.09578574998917433,0.6288199667657249,False,False,none
68,15,stress,greedy_bad_minimizer,1.0,1.0,1.0,0.10991806657274089,0.11111596069435536,0.634608327046309,False,False,none
68,16,stress,greedy_bad_minimizer,1.0,0.9945477862596027,0.9945477862596027,0.07696489865446096,0.009234235229981028,0.610600461387216,False,False,none
68,17,stress,greedy_bad_minimizer,1.0,1.0,1.0,0.08593172743067612,0.044721457783921593,0.6294267771967254,False,False,none
68,18,stress,greedy_bad_minimizer,0.9531471197252821,1.0,0.9531471197252821,0.11087144312553077,0.11714056324800723,0.6401748787863001,False,False,none
68,19,stress,greedy_bad_minimizer,0.9583788014895828,1.0,0.9583788014895828,0.12037767963152177,0.1139569516732276,0.595524841684603,False,False,none
68,20,stress,greedy_bad_minimizer,0.9905717336634998,1.0,0.9905717336634998,0.06076291724748306,0.0,0.663487844802154,False,False,none
68,21,stress,greedy_bad_minimizer,0.8616541988641084,1.0,0.8616541988641084,0.13692027475715374,0.14159090434781527,0.5703511203959002,False,False,none
68,22,stress,greedy_bad_minimizer,0.8295035050898948,1.0,0.8295035050898948,0.1353916777823547,0.14130001277603585,0.576259696135579,False,False,none
68,23,stress,greedy_bad_minimizer,0.9981421504294503,1.0,0.9981421504294503,0.11722188196772249,0.121681612239452,0.6209047111802887,False,False,none
68,24,stress,greedy_bad_minimizer,0.9837634791495714,1.0,0.9837634791495714,0.08281472352065736,0.005335151313532456,0.5800526415770209,False,False,none
68,25,stress,greedy_bad_minimizer,1.0,1.0,1.0,0.07197136069726842,0.0,0.6167859970947149,False,False,none
68,26,stress,greedy_bad_minimizer,0.6163269301324658,1.0,0.6163269301324658,0.104030682795368,0.08533799794948298,0.6183239851059814,False,False,none
68,27,stress,greedy_bad_minimizer,1.0,1.0,1.0,0.0879396304267272,0.08360619898532476,0.6826280216154008,False,False,none
68,28,stress,greedy_bad_minimizer,0.9301725368637548,1.0,0.9301725368637548,0.1299017128858169,0.15202919202337523,0.6161224170127737,False,False,none
68,29,stress,greedy_bad_minimizer,1.0,0.9623560933735739,0.9623560933735739,0.0675912874372665,0.04222116016357713,0.7018864726037201,False,False,none
70,0,stress,greedy_bad_minimizer,1.0,1.0,1.0,0.07675362213821957,0.024659911096427907,0.6359047669934293,False,False,none
70,1,stress,greedy_bad_minimizer,1.0,1.0,1.0,0.08776632289527728,0.05635549757253855,0.6402031924261974,False,False,none
70,2,stress,greedy_bad_minimizer,0.9145759630349687,1.0,0.9145759630349687,0.10066157266096931,0.06839651486286052,0.6055379291121571,False,False,none
70,3,stress,greedy_bad_minimizer,0.9318123814783739,1.0,0.9318123814783739,0.07510844338518505,0.0,0.6037148192283956,False,False,none
70,4,stress,greedy_bad_minimizer,0.5534252732001931,0.941275595030673,0.5209257033365245,0.19926501334557714,0.32243002265429166,0.5969099802627238,False,False,none
70,5,stress,greedy_bad_minimizer,1.0,0.0,0.0,0.42868139003082556,0.4044247106074356,0.0,True,True,greedy_margin_force
70,6,stress,greedy_bad_minimizer,1.0,1.0,1.0,0.10809066633914993,0.09883954397423492,0.6227848348794138,False,False,none
70,7,stress,greedy_bad_minimizer,0.6674604793870136,1.0,0.6674604793870136,0.13401323321136616,0.11370985850126002,0.5383188042463029,False,False,none
70,8,stress,greedy_bad_minimizer,0.9524961194205653,1.0,0.9524961194205653,0.07244625952434061,0.03138399932263177,0.6644985842427478,False,False,none
70,9,stress,greedy_bad_minimizer,0.59845891678747,0.9509431638456327,0.5691004157615069,0.13696987580095057,0.0973108961942315,0.5000344364702392,False,False,none
70,10,stress,greedy_bad_minimizer,0.9815713252722179,1.0,0.9815713252722179,0.09733203296728749,0.058219218006014616,0.603296957812492,False,False,none
70,11,stress,greedy_bad_minimizer,0.6968362557608626,1.0,0.6968362557608626,0.08703682099432192,0.0,0.5540132458569921,False,False,none
70,12,stress,greedy_bad_minimizer,1.0,0.8827673115761148,0.8827673115761148,0.1129273783792922,0.08382954116813607,0.5788660302691647,False,False,none
70,13,stress,greedy_bad_minimizer,0.7537203110342638,0.986956551071315,0.7438891986507759,0.12587610826450665,0.11343977123991437,0.5717958533610867,False,False,none
70,14,stress,greedy_bad_minimizer,1.0,1.0,1.0,0.09671166828227842,0.07701614615874389,0.6356436135751844,False,False,none
70,15,stress,greedy_bad_minimizer,1.0,1.0,1.0,0.07815380960201287,0.030916725106663687,0.6399772747438305,False,False,none
70,16,stress,greedy_bad_minimizer,0.8785321501837031,1.0,0.8785321501837031,0.11802665042668062,0.10516418011668796,0.5913989084069201,False,False,none
70,17,stress,greedy_bad_minimizer,1.0,1.0,1.0,0.07252716341667334,0.0,0.6144701524305278,False,False,none
70,18,stress,greedy_bad_minimizer,1.0,0.9944648779940551,0.9944648779940551,0.1163143581868947,0.1366283703751831,0.6483517606486454,False,False,none
70,19,stress,greedy_bad_minimizer,0.9956409377869172,1.0,0.9956409377869172,0.09173783247088699,0.03528383436749201,0.5902917691198332,False,False,none
70,20,stress,greedy_bad_minimizer,0.9431304867632678,1.0,0.9431304867632678,0.08578683679409935,0.07586698080553192,0.6793442329666782,False,False,none
70,21,stress,greedy_bad_minimizer,0.9583626047736783,1.0,0.9583626047736783,0.1305643015071404,0.12343338601078122,0.5680849382373185,False,False,none
70,22,stress,greedy_bad_minimizer,0.8180037891811296,1.0,0.8180037891811296,0.15262188155740486,0.18267842620748134,0.5699830016726586,False,False,none
70,23,stress,greedy_bad_minimizer,0.962293342338974,1.0,0.962293342338974,0.12437612397573186,0.12580503708025426,0.5976241254781863,False,False,none
70,24,stress,greedy_bad_minimizer,1.0,1.0,1.0,0.07523282931004097,0.0,0.603196544541496,False,False,none
70,25,stress,greedy_bad_minimizer,1.0,1.0,1.0,0.07716223413204945,0.028865270180094774,0.640860702234944,False,False,none
70,26,stress,greedy_bad_minimizer,0.7727756203096202,1.0,0.7727756203096202,0.1115763434549071,0.10652178892087723,0.620424734729276,False,False,none
70,27,stress,greedy_bad_minimizer,1.0,0.9776037649524653,0.9776037649524653,0.09384545956936632,0.08080192149104067,0.6535802941551213,False,False,none
70,28,stress,greedy_bad_minimizer,0.9753363240945717,0.9919385640508773,0.9674737127890306,0.15451444265540945,0.19207942465804773,0.5769822446443696,False,False,none
70,29,stress,greedy_bad_minimizer,0.9161622672735502,1.0,0.9161622672735502,0.11896586142997548,0.16541188145889701,0.6828777230183558,False,False,none
72,0,stress,greedy_bad_minimizer,1.0,1.0,1.0,0.0677927069260792,0.0068784727952155445,0.6450879697337614,False,False,none
72,1,stress,greedy_bad_minimizer,1.0,1.0,1.0,0.10511002910908768,0.08571529142178438,0.61442409012996,False,False,none
72,2,stress,greedy_bad_minimizer,0.9105367817322473,1.0,0.9105367817322473,0.09283530089522274,0.07053468429382025,0.6415328297351207,False,False,none
72,3,stress,greedy_bad_minimizer,0.9849602691080397,1.0,0.9849602691080397,0.10027854981830742,0.06594083570449648,0.6032456989558386,False,False,none
72,4,stress,greedy_bad_minimizer,0.534780608964565,0.9600519245405134,0.5134171528433784,0.1880270942802888,0.2783393610039876,0.5739244287551103,False,False,none
72,5,stress,greedy_bad_minimizer,0.9842571172539506,0.0,0.0,0.4202917784881782,0.38234678549520584,0.0,True,True,greedy_margin_force
72,6,stress,greedy_bad_minimizer,0.9425995207257534,1.0,0.9425995207257534,0.07407828812060527,0.044976146267509766,0.6792193644210353,False,False,none
72,7,stress,greedy_bad_minimizer,0.7782872912306334,1.0,0.7782872912306334,0.09245978178818748,0.026035128051274163,0.5726398619637363,False,False,none
72,8,stress,greedy_bad_minimizer,0.9978681617971376,1.0,0.9978681617971376,0.06339011348855159,0.0,0.6525411937977017,False,False,none
72,9,stress,greedy_bad_minimizer,0.6801318973919999,0.9959952151636505,0.6774081154826068,0.13430937539072227,0.09587437185120468,0.5088453579697312,False,False,none
72,10,stress,greedy_bad_minimizer,0.9497649468677858,0.9856207669078662,0.9361080553140357,0.07008615907238464,0.0,0.624641003865064,False,False,none
72,11,stress,greedy_bad_minimizer,0.7368687756861,1.0,0.7368687756861,0.09967233134565262,0.04634537420227311,0.5747454618800465,False,False,none
72,12,stress,greedy_bad_minimizer,0.934767231832907,0.9465296418976805,0.8847848932044876,0.09878024948824762,0.05354376016228257,0.5898599140559156,False,False,none
72,13,stress,greedy_bad_minimizer,0.8463220959223422,1.0,0.8463220959223422,0.13573167856728344,0.11348908406344699,0.5308090557367768,False,False,none
72,14,stress,greedy_bad_minimizer,1.0,1.0,1.0,0.06667430853104717,0.0,0.6388570477873035,False,False,none
72,15,stress,greedy_bad_minimizer,1.0,1.0,1.0,0.07197214382402467,0.03121326025138956,0.6662037294645974,False,False,none
72,16,stress,greedy_bad_minimizer,0.8989989225270573,0.9792682443320968,0.8803610965195181,0.09353176794149076,0.04591230634259956,0.5996454519529044,False,False,none
72,17,stress,greedy_bad_minimizer,0.9938086210482614,1.0,0.9938086210482614,0.08811933515371703,0.047962220831057605,0.6254429531753536,False,False,none
72,18,stress,greedy_bad_minimizer,0.9554751916017028,1.0,0.9554751916017028,0.12836147376313795,0.15505637012739748,0.6273331120219712,False,False,none
72,19,stress,greedy_bad_minimizer,1.0,1.0,1.0,0.07104627230843508,0.0,0.6206405320481873,False,False,none
72,20,stress,greedy_bad_minimizer,1.0,1.0,1.0,0.06085100169201538,0.0,0.6631208262832693,False,False,none
72,21,stress,greedy_bad_minimizer,0.9754055671610282,1.0,0.9754055671610282,0.1654656838491706,0.2190663764785637,0.5740814133861817,False,False,none
72,22,stress,greedy_bad_minimizer,0.9070953974108807,1.0,0.9070953974108807,0.08380405951703981,0.01471415955227278,0.5907805046367661,False,False,none
72,23,stress,greedy_bad_minimizer,0.9732456092245122,1.0,0.9732456092245122,0.1189464922375783,0.11849073902267322,0.6086666191293229,False,False,none
72,24,stress,greedy_bad_minimizer,0.9490409257847354,1.0,0.9490409257847354,0.09727015389642707,0.04155873871873332,0.5771756950695484,False,False,none
72,25,stress,greedy_bad_minimizer,1.0,1.0,1.0,0.07948109176721435,0.03819678097369773,0.6459736875116283,False,False,none
72,26,stress,greedy_bad_minimizer,0.6930404020605101,1.0,0.6930404020605101,0.11377080612752502,0.10066944729248868,0.6020149326817528,False,False,none
72,27,stress,greedy_bad_minimizer,1.0,0.9840066059091942,0.9840066059091942,0.07171554896286922,0.02944971176974632,0.6644805896234767,False,False,none
72,28,stress,greedy_bad_minimizer,0.8577103694711143,1.0,0.8577103694711143,0.17127104988476702,0.2076226712014024,0.5317731882156913,False,False,none
72,29,stress,greedy_bad_minimizer,0.8782374752696871,1.0,0.8782374752696871,0.13325479049406275,0.2101015330826262,0.6940991336555634,False,False,none
74,0,stress,greedy_bad_minimizer,0.9468584652086383,1.0,0.9468584652086383,0.10715011557581555,0.08615403867213046,0.6066184129983084,False,False,none
74,1,stress,greedy_bad_minimizer,1.0,1.0,1.0,0.11696073217367203,0.09782707245583536,0.5842231473314391,False,False,none
74,2,stress,greedy_bad_minimizer,0.973104659631887,1.0,0.973104659631887,0.10078167597864635,0.08959679657369402,0.6386046113306558,False,False,none
74,3,stress,greedy_bad_minimizer,0.9637146976717138,1.0,0.9637146976717138,0.08976373997382409,0.03189822667584533,0.5931566090124881,False,False,none
74,4,stress,greedy_bad_minimizer,0.6081497344478192,0.9808614949151978,0.5965106576627685,0.1732193231729353,0.2516498318333318,0.5933650538488783,False,False,none
74,5,stress,greedy_bad_minimizer,0.9864194666066818,0.0,0.0,0.40559972961539903,0.3436834989878922,0.0,True,True,greedy_margin_force
74,6,stress,greedy_bad_minimizer,0.9487819576281727,1.0,0.9487819576281727,0.09412448097751697,0.08832227673565732,0.6643249340918034,False,False,none
74,7,stress,greedy_bad_minimizer,0.8531949097770635,1.0,0.8531949097770635,0.09124617779042962,0.04337546143499135,0.6051520731452795,False,False,none
74,8,stress,greedy_bad_minimizer,1.0,1.0,1.0,0.09297452403718631,0.09187882828663324,0.6747476279655598,False,False,none
74,9,stress,greedy_bad_minimizer,0.7177370640479251,1.0,0.7177370640479251,0.12627952072470106,0.08237846430660119,0.5209345654658641,False,False,none
74,10,stress,greedy_bad_minimizer,0.9596264093252997,1.0,0.9596264093252997,0.07056641532836722,0.012079342450790032,0.6417655616788875,False,False,none
74,11,stress,greedy_bad_minimizer,0.802353066634536,1.0,0.802353066634536,0.0694441891068599,0.0111414315764741,0.6449564787175011,False,False,none
74,12,stress,greedy_bad_minimizer,1.0,1.0,1.0,0.09899839392722337,0.047330213253771285,0.5791128629550405,False,False,none
74,13,stress,greedy_bad_minimizer,0.8465110455913673,1.0,0.8465110455913673,0.11730620038137748,0.08784276835609012,0.5669752149747365,False,False,none
74,14,stress,greedy_bad_minimizer,0.9422927201087208,1.0,0.9422927201087208,0.07276051640023806,0.01666560975123358,0.6398850637717945,False,False,none
74,15,stress,greedy_bad_minimizer,1.0,1.0,1.0,0.07473446906971967,0.046409760877051356,0.6787551669314994,False,False,none
74,16,stress,greedy_bad_minimizer,0.9741666656517847,1.0,0.9741666656517847,0.1250125736292942,0.10012669048331002,0.5543148698098485,False,False,none
74,17,stress,greedy_bad_minimizer,1.0,1.0,1.0,0.1001866325463279,0.09744133738518004,0.6535044819168356,False,False,none
74,18,stress,greedy_bad_minimizer,0.9447854800016089,1.0,0.9447854800016089,0.11557889238231298,0.13122354409578768,0.6428585598920264,False,False,none
74,19,stress,greedy_bad_minimizer,0.939197867513897,1.0,0.939197867513897,0.06532730985722851,0.0,0.644469542261548,False,False,none
74,20,stress,greedy_bad_minimizer,0.6987532416977114,0.8379266983812054,0.5855039967989277,0.18317366705560986,0.3015116360825236,0.630836477732288,False,False,none
74,21,stress,greedy_bad_minimizer,1.0,1.0,1.0,0.1310371243925388,0.1322181966164811,0.5800241263405167,False,False,none
74,22,stress,greedy_bad_minimizer,0.9479393757445235,1.0,0.9479393757445235,0.08087506813391784,0.01775100313809298,0.6077929710773229,False,False,none
74,23,stress,greedy_bad_minimizer,0.9345266456329814,1.0,0.9345266456329814,0.14318601530476052,0.1828152494040867,0.6095157477866351,False,False,none
74,24,stress,greedy_bad_minimizer,1.0,1.0,1.0,0.0922231198643306,0.04876044087650881,0.6096076986197615,False,False,none
74,25,stress,greedy_bad_minimizer,0.9626398799765474,1.0,0.9626398799765474,0.06535672282835295,0.03339274502327038,0.6972188345020409,False,False,none
74,26,stress,greedy_bad_minimizer,0.7662971816533093,1.0,0.7662971816533093,0.13069268827052113,0.13714913467321002,0.5892665954387446,False,False,none
74,27,stress,greedy_bad_minimizer,1.0,0.9920980695920167,0.9920980695920167,0.06702266856773534,0.0077687804667119125,0.64970611670673,False,False,none
74,28,stress,greedy_bad_minimizer,0.9716796022689868,1.0,0.9716796022689868,0.15515135503063654,0.18603217347422038,0.5647536287065299,False,False,none
74,29,stress,greedy_bad_minimizer,0.8119873010782278,0.9913094143902644,0.8049306559241893,0.1442288250647964,0.22602106226921215,0.6735799108229343,False,False,none
76,0,stress,greedy_bad_minimizer,0.9448258651244601,1.0,0.9448258651244601,0.12555177767079745,0.13243989276122775,0.6032307565769546,False,False,none
76,1,stress,greedy_bad_minimizer,1.0,1.0,1.0,0.11210139146247672,0.0674995551052959,0.5564518311563988,False,False,none
76,2,stress,greedy_bad_minimizer,1.0,1.0,1.0,0.09557933495567283,0.10020007220938615,0.6770695520162247,False,False,none
76,3,stress,greedy_bad_minimizer,1.0,1.0,1.0,0.07174669424780325,0.0,0.6177221073008198,False,False,none
76,4,stress,greedy_bad_minimizer,0.7094964118629751,0.975985325276377,0.6924580863145081,0.15536529629060744,0.19101332092520587,0.5717490235873783,False,False,none
76,5,stress,greedy_bad_minimizer,1.0,0.0,0.0,0.3712647793352123,0.2533283666716113,0.0,True,True,greedy_margin_force
76,6,stress,greedy_bad_minimizer,0.9944712722332152,1.0,0.9944712722332152,0.06,0.0,0.6709687828815264,False,False,none
76,7,stress,greedy_bad_minimizer,0.9860897305843226,1.0,0.9860897305843226,0.11215091895268336,0.1001395910847653,0.6079255235813643,False,False,none
76,8,stress,greedy_bad_minimizer,1.0,1.0,1.0,0.10310822683429835,0.10614079536751214,0.6551053141889845,False,False,none
76,9,stress,greedy_bad_minimizer,0.8501406812317803,1.0,0.8501406812317803,0.11142255825673719,0.07492929607603448,0.5710440593839831,False,False,none
76,10,stress,greedy_bad_minimizer,0.9280973424613297,1.0,0.9280973424613297,0.06,0.0,0.6777378764891907,False,False,none
76,11,stress,greedy_bad_minimizer,0.7786243119366549,1.0,0.7786243119366549,0.07945081256743744,0.031181226819472573,0.6349918900998422,False,False,none
76,12,stress,greedy_bad_minimizer,0.9113088278037292,1.0,0.9113088278037292,0.08773307170479705,0.026974910288167647,0.5938224758529445,False,False,none
76,13,stress,greedy_bad_minimizer,0.859813984101475,1.0,0.859813984101475,0.11035145461271509,0.06980668973885079,0.5673961978668676,False,False,none
76,14,stress,greedy_bad_minimizer,0.9789382753104161,1.0,0.9789382753104161,0.0900516442057297,0.0530237158452057,0.6254056992310353,False,False,none
76,15,stress,greedy_bad_minimizer,1.0,1.0,1.0,0.08854897414481996,0.06561649844298433,0.6516053969313087,False,False,none
76,16,stress,greedy_bad_minimizer,1.0,1.0,1.0,0.14343936325754741,0.14247129120435398,0.5445821975004462,False,False,none
76,17,stress,greedy_bad_minimizer,1.0,1.0,1.0,0.08190052107012064,0.045791622664645426,0.6479178980935193,False,False,none
76,18,stress,greedy_bad_minimizer,1.0,1.0,1.0,0.09784756555511187,0.07445108209408927,0.6268493568360086,False,False,none
76,19,stress,greedy_bad_minimizer,0.9053044429090987,0.9571717069161875,0.8665317988981103,0.11153605477816045,0.09538009470745282,0.6029515883777984,False,False,none
76,20,stress,greedy_bad_minimizer,0.6621543813968376,0.8566302974950193,0.5672215047236034,0.20089939775880727,0.3031206164372045,0.55952681869721,False,False,none
76,21,stress,greedy_bad_minimizer,1.0,0.9888481499161395,0.9888481499161395,0.11472204260110483,0.12703742564395096,0.6398007464316524,False,False,none
76,22,stress,greedy_bad_minimizer,0.8956468356170543,1.0,0.8956468356170543,0.11379027881185888,0.0949046603301439,0.5928062171399825,False,False,none
76,23,stress,greedy_bad_minimizer,0.8837088562607339,1.0,0.8837088562607339,0.13544543561616176,0.14822273521108267,0.5869966823502069,False,False,none
76,24,stress,greedy_bad_minimizer,0.9265322578153394,1.0,0.9265322578153394,0.09709800858728951,0.07750303552161623,0.6348047704621861,False,False,none
76,25,stress,greedy_bad_minimizer,1.0,0.9796717601501033,0.9796717601501033,0.06422472336076199,0.0019705968085401288,0.6521837642770136,False,False,none
76,26,stress,greedy_bad_minimizer,0.8492771277609414,1.0,0.8492771277609414,0.10593039017945158,0.06260301742321754,0.5744114851723795,False,False,none
76,27,stress,greedy_bad_minimizer,1.0,1.0,1.0,0.06385837636405564,0.0,0.6505900984831016,False,False,none
76,28,stress,greedy_bad_minimizer,0.9684435172017144,1.0,0.9684435172017144,0.11159413013173594,0.08101973420522113,0.5799723702760338,False,False,none
76,29,stress,greedy_bad_minimizer,0.7061723544313399,1.0,0.7061723544313399,0.1063698940584635,0.1212572399564073,0.6654494046873805,False,False,none
78,0,stress,greedy_bad_minimizer,0.9646470228396538,0.9855712890508671,0.9507284097791588,0.11621234745983439,0.10200689241720423,0.5939594652445968,False,False,none
78,1,stress,greedy_bad_minimizer,0.8669548960959347,0.9010774930607806,0.7811935443708943,0.18051511514402932,0.22582579385370885,0.5220778605015836,False,False,none
78,2,stress,greedy_bad_minimizer,0.986553071106623,1.0,0.986553071106623,0.130767399730231,0.1606666381705687,0.6261913448941048,False,False,none
78,3,stress,greedy_bad_minimizer,1.0,1.0,1.0,0.07467658800140939,0.039402662693621665,0.6679017659256953,False,False,none
78,4,stress,greedy_bad_minimizer,0.7628617767214674,1.0,0.7628617767214674,0.16665533790836307,0.2146899119012459,0.56219511922546,False,False,none
78,5,stress,greedy_bad_minimizer,0.9661644845570627,0.0,0.0,0.37933019768487347,0.27455315180229856,0.0,True,True,greedy_margin_force
78,6,stress,greedy_bad_minimizer,0.9418430521872239,1.0,0.9418430521872239,0.06561017004191341,0.018056097329103963,0.6718797789297755,False,False,none
78,7,stress,greedy_bad_minimizer,1.0,1.0,1.0,0.07809598913367044,0.03327311323190031,0.643949141226882,False,False,none
78,8,stress,greedy_bad_minimizer,1.0,1.0,1.0,0.0730512630354706,0.02679214342447451,0.6547072977742905,False,False,none
78,9,stress,greedy_bad_minimizer,0.9087052744464152,1.0,0.9087052744464152,0.10531584067238012,0.08598692257312827,0.6139966246058692,False,False,none
78,10,stress,greedy_bad_minimizer,1.0,1.0,1.0,0.07624233796036459,0.06078481432780248,0.6952328811841681,False,False,none
78,11,stress,greedy_bad_minimizer,0.9520164449919013,1.0,0.9520164449919013,0.07801268899771296,0.0,0.5916137958428627,False,False,none
78,12,stress,greedy_bad_minimizer,0.8246016524151463,0.9021057862806686,0.7438779220203041,0.1406045999426665,0.16556865500881487,0.5929645373361797,False,False,none
78,13,stress,greedy_bad_minimizer,0.7667548595466599,0.956834962093361,0.7336578569692287,0.1509764273244432,0.17375116721735592,0.5627042342423002,False,False,none
78,14,stress,greedy_bad_minimizer,1.0,1.0,1.0,0.0783037336269875,0.0,0.5904011098875521,False,False,none
78,15,stress,greedy_bad_minimizer,1.0,1.0,1.0,0.0954097049820406,0.07729305258378073,0.6415068958324837,False,False,none
78,16,stress,greedy_bad_minimizer,1.0,1.0,1.0,0.11423601444529644,0.05159529388355426,0.5223758217935591,False,False,none
78,17,stress,greedy_bad_minimizer,1.0,1.0,1.0,0.06567621483220265,0.0,0.643015771532489,False,False,none
78,18,stress,greedy_bad_minimizer,1.0,1.0,1.0,0.07560163147954738,0.021674660285381203,0.6359780809537395,False,False,none
78,19,stress,greedy_bad_minimizer,0.9426174211851611,1.0,0.9426174211851611,0.09631125325487996,0.056876007522999254,0.605423456682749,False,False,none
78,20,stress,greedy_bad_minimizer,0.6229843966372509,0.8560531963448567,0.5333077840142906,0.16989392637829825,0.19327037864287328,0.5147867396083066,False,False,none
78,21,stress,greedy_bad_minimizer,1.0,0.9847946994242307,0.9847946994242307,0.1032558557442517,0.07675835943757721,0.6079680035084486,False,False,none
78,22,stress,greedy_bad_minimizer,0.8325452339773344,1.0,0.8325452339773344,0.09776605441000341,0.09465107351406063,0.6591723063555819,False,False,none
78,23,stress,greedy_bad_minimizer,0.8742489832464271,1.0,0.8742489832464271,0.11933279286185311,0.08466749249095448,0.5535035595196234,False,False,none
78,24,stress,greedy_bad_minimizer,0.9635799726059178,1.0,0.9635799726059178,0.11175434603739859,0.1473074828809579,0.684260406072356,False,False,none
78,25,stress,greedy_bad_minimizer,1.0,1.0,1.0,0.09236414842790572,0.057160444421059,0.6223200852170696,False,False,none
78,26,stress,greedy_bad_minimizer,0.9213881548937604,1.0,0.9213881548937604,0.13807169528703503,0.15837633040793064,0.5921304594499108,False,False,none
78,27,stress,greedy_bad_minimizer,0.9875664051679064,0.9962213366726149,0.9838347242093409,0.07108551038027328,0.01170272088136664,0.6390063481443585,False,False,none
78,28,stress,greedy_bad_minimizer,0.9464727617823092,1.0,0.9464727617823092,0.11972502711049932,0.09172427743667716,0.5630424929809916,False,False,none
78,29,stress,greedy_bad_minimizer,0.7514755899337809,1.0,0.7514755899337809,0.08073417071326783,0.04342784348949158,0.6490350408864125,False,False,none
