event_id,pruning_order_index,event_type,provenance_id,requires_prior,prior_dependency,entropy_before,entropy_after,state_delta,recovery_status,damaged_dependencies,repaired_dependencies,affected_node,repair_target,raw_incident_state,raw_timestamp
INC0000045__0,0,source,INC0000045,False,,0.44999999999999996,0.44999999999999996,0.0,none,0,0,Category 55,Category 55,New,29/2/2016 01:23
INC0000045__1,1,closure,INC0000045,True,INC0000045__0,0.44999999999999996,0.44999999999999996,0.0,complete,0,1,Category 55,Category 55_restored,Resolved,29/2/2016 08:53
INC0000045__2,2,closure,INC0000045,True,INC0000045__1,0.44999999999999996,0.44999999999999996,0.0,complete,0,1,Category 55,Category 55_restored,Resolved,29/2/2016 11:29
INC0000045__3,3,closure,INC0000045,True,INC0000045__2,0.44999999999999996,0.35,-0.09999999999999998,complete,0,1,Category 55,Category 55_restored,Closed,5/3/2016 12:00
INC0000047__0,4,source,INC0000047,False,,0.44999999999999996,0.44999999999999996,0.0,none,0,0,Category 40,Category 40,New,29/2/2016 04:57
INC0000047__1,5,closure,INC0000047,True,INC0000047__0,0.44999999999999996,0.39999999999999997,-0.04999999999999999,complete,0,1,Category 40,Category 40_restored,Active,29/2/2016 05:30
INC0000047__2,6,closure,INC0000047,True,INC0000047__1,0.39999999999999997,0.35,-0.04999999999999999,complete,0,1,Category 40,Category 40_restored,Active,29/2/2016 05:33
INC0000047__3,7,closure,INC0000047,True,INC0000047__2,0.35,0.3,-0.04999999999999999,complete,0,1,Category 40,Category 40_restored,Active,29/2/2016 11:31
INC0000047__4,8,closure,INC0000047,True,INC0000047__3,0.3,0.25,-0.04999999999999999,complete,0,1,Category 40,Category 40_restored,Active,29/2/2016 11:32
INC0000047__5,9,closure,INC0000047,True,INC0000047__4,0.25,0.2,-0.04999999999999999,complete,0,1,Category 40,Category 40_restored,Active,1/3/2016 09:14
INC0000047__6,10,closure,INC0000047,True,INC0000047__5,0.2,0.15000000000000002,-0.04999999999999999,complete,0,1,Category 40,Category 40_restored,Awaiting User Info,1/3/2016 09:14
INC0000047__7,11,closure,INC0000047,True,INC0000047__6,0.15000000000000002,0.10000000000000002,-0.05,complete,0,1,Category 40,Category 40_restored,Resolved,1/3/2016 09:52
INC0000047__8,12,closure,INC0000047,True,INC0000047__7,0.10000000000000002,0.05000000000000002,-0.05,complete,0,1,Category 40,Category 40_restored,Closed,6/3/2016 10:00
INC0000057__0,13,source,INC0000057,False,,0.44999999999999996,0.44999999999999996,0.0,none,0,0,Category 20,Category 20,New,29/2/2016 06:26
INC0000057__1,14,closure,INC0000057,True,INC0000057__0,0.44999999999999996,0.44999999999999996,0.0,complete,0,1,Category 20,Category 20_restored,New,29/2/2016 06:38
INC0000057__2,15,closure,INC0000057,True,INC0000057__1,0.44999999999999996,0.44999999999999996,0.0,complete,0,1,Category 20,Category 20_restored,New,29/2/2016 10:06
INC0000057__3,16,closure,INC0000057,True,INC0000057__2,0.44999999999999996,0.44999999999999996,0.0,complete,0,1,Category 20,Category 20_restored,New,1/3/2016 02:53
INC0000057__4,17,closure,INC0000057,True,INC0000057__3,0.44999999999999996,0.44999999999999996,0.0,complete,0,1,Category 20,Category 20_restored,New,1/3/2016 02:54
INC0000057__5,18,closure,INC0000057,True,INC0000057__4,0.44999999999999996,0.44999999999999996,0.0,complete,0,1,Category 20,Category 20_restored,Resolved,1/3/2016 02:55
INC0000057__6,19,closure,INC0000057,True,INC0000057__5,0.44999999999999996,0.35,-0.09999999999999998,complete,0,1,Category 20,Category 20_restored,Closed,6/3/2016 03:00
INC0000060__0,20,source,INC0000060,False,,0.44999999999999996,0.44999999999999996,0.0,none,0,0,Category 9,Category 9,New,29/2/2016 06:42
INC0000060__1,21,closure,INC0000060,True,INC0000060__0,0.44999999999999996,0.44999999999999996,0.0,complete,0,1,Category 9,Category 9_restored,Active,2/3/2016 08:52
INC0000060__2,22,closure,INC0000060,True,INC0000060__1,0.44999999999999996,0.44999999999999996,0.0,complete,0,1,Category 9,Category 9_restored,Resolved,2/3/2016 12:06
INC0000060__3,23,closure,INC0000060,True,INC0000060__2,0.44999999999999996,0.35,-0.09999999999999998,complete,0,1,Category 9,Category 9_restored,Closed,7/3/2016 13:00
INC0000062__0,24,source,INC0000062,False,,0.44999999999999996,0.44999999999999996,0.0,none,0,0,Category 53,Category 53,New,29/2/2016 07:26
INC0000062__1,25,closure,INC0000062,True,INC0000062__0,0.44999999999999996,0.39999999999999997,-0.04999999999999999,complete,0,1,Category 53,Category 53_restored,New,29/2/2016 07:29
INC0000062__2,26,closure,INC0000062,True,INC0000062__1,0.39999999999999997,0.35,-0.04999999999999999,complete,0,1,Category 53,Category 53_restored,New,29/2/2016 07:34
INC0000062__3,27,closure,INC0000062,True,INC0000062__2,0.35,0.3,-0.04999999999999999,complete,0,1,Category 53,Category 53_restored,New,29/2/2016 11:23
INC0000062__4,28,closure,INC0000062,True,INC0000062__3,0.3,0.25,-0.04999999999999999,complete,0,1,Category 53,Category 53_restored,New,29/2/2016 11:28
INC0000062__5,29,closure,INC0000062,True,INC0000062__4,0.25,0.2,-0.04999999999999999,complete,0,1,Category 53,Category 53_restored,New,29/2/2016 15:51
INC0000062__6,30,closure,INC0000062,True,INC0000062__5,0.2,0.15000000000000002,-0.04999999999999999,complete,0,1,Category 53,Category 53_restored,Resolved,29/2/2016 15:51
INC0000062__7,31,closure,INC0000062,True,INC0000062__6,0.15000000000000002,0.10000000000000002,-0.05,complete,0,1,Category 53,Category 53_restored,Closed,5/3/2016 16:00
INC0000063__0,32,source,INC0000063,False,,0.44999999999999996,0.44999999999999996,0.0,none,0,0,Category 20,Category 20,New,29/2/2016 07:17
INC0000063__1,33,closure,INC0000063,True,INC0000063__0,0.44999999999999996,0.44999999999999996,0.0,complete,0,1,Category 20,Category 20_restored,New,29/2/2016 07:23
INC0000063__2,34,closure,INC0000063,True,INC0000063__1,0.44999999999999996,0.44999999999999996,0.0,complete,0,1,Category 20,Category 20_restored,New,29/2/2016 07:27
INC0000063__3,35,closure,INC0000063,True,INC0000063__2,0.44999999999999996,0.44999999999999996,0.0,complete,0,1,Category 20,Category 20_restored,New,29/2/2016 07:46
INC0000063__4,36,closure,INC0000063,True,INC0000063__3,0.44999999999999996,0.39999999999999997,-0.04999999999999999,complete,0,1,Category 20,Category 20_restored,New,29/2/2016 07:46
INC0000063__5,37,closure,INC0000063,True,INC0000063__4,0.39999999999999997,0.35,-0.04999999999999999,complete,0,1,Category 20,Category 20_restored,New,29/2/2016 16:01
INC0000063__6,38,closure,INC0000063,True,INC0000063__5,0.35,0.3,-0.04999999999999999,complete,0,1,Category 20,Category 20_restored,Resolved,29/2/2016 16:01
INC0000063__7,39,closure,INC0000063,True,INC0000063__6,0.3,0.25,-0.04999999999999999,complete,0,1,Category 20,Category 20_restored,Closed,5/3/2016 17:00
INC0000064__0,40,source,INC0000064,False,,0.44999999999999996,0.44999999999999996,0.0,none,0,0,Category 53,Category 53,New,29/2/2016 07:14
INC0000064__1,41,closure,INC0000064,True,INC0000064__0,0.44999999999999996,0.44999999999999996,0.0,complete,0,1,Category 53,Category 53_restored,New,29/2/2016 07:16
INC0000064__2,42,closure,INC0000064,True,INC0000064__1,0.44999999999999996,0.44999999999999996,0.0,complete,0,1,Category 53,Category 53_restored,Active,29/2/2016 13:12
INC0000064__3,43,closure,INC0000064,True,INC0000064__2,0.44999999999999996,0.39999999999999997,-0.04999999999999999,complete,0,1,Category 53,Category 53_restored,Active,29/2/2016 13:13
INC0000064__4,44,closure,INC0000064,True,INC0000064__3,0.39999999999999997,0.35,-0.04999999999999999,complete,0,1,Category 53,Category 53_restored,Active,2/3/2016 09:17
INC0000064__5,45,closure,INC0000064,True,INC0000064__4,0.35,0.3,-0.04999999999999999,complete,0,1,Category 53,Category 53_restored,Active,2/3/2016 12:00
INC0000064__6,46,closure,INC0000064,True,INC0000064__5,0.3,0.25,-0.04999999999999999,complete,0,1,Category 53,Category 53_restored,Active,3/3/2016 16:00
INC0000064__7,47,closure,INC0000064,True,INC0000064__6,0.25,0.2,-0.04999999999999999,complete,0,1,Category 53,Category 53_restored,Resolved,3/3/2016 16:00
INC0000064__8,48,closure,INC0000064,True,INC0000064__7,0.2,0.15000000000000002,-0.04999999999999999,complete,0,1,Category 53,Category 53_restored,Closed,8/3/2016 17:00
INC0000065__0,49,source,INC0000065,False,,0.44999999999999996,0.44999999999999996,0.0,none,0,0,Category 44,Category 44,New,29/2/2016 07:46
INC0000065__1,50,closure,INC0000065,True,INC0000065__0,0.44999999999999996,0.44999999999999996,0.0,complete,0,1,Category 44,Category 44_restored,New,29/2/2016 07:55
INC0000065__2,51,closure,INC0000065,True,INC0000065__1,0.44999999999999996,0.44999999999999996,0.0,complete,0,1,Category 44,Category 44_restored,New,29/2/2016 08:26
INC0000065__3,52,closure,INC0000065,True,INC0000065__2,0.44999999999999996,0.39999999999999997,-0.04999999999999999,complete,0,1,Category 44,Category 44_restored,New,29/2/2016 08:26
INC0000065__4,53,closure,INC0000065,True,INC0000065__3,0.39999999999999997,0.35,-0.04999999999999999,complete,0,1,Category 45,Category 45_restored,New,29/2/2016 09:19
INC0000065__5,54,closure,INC0000065,True,INC0000065__4,0.35,0.3,-0.04999999999999999,complete,0,1,Category 45,Category 45_restored,New,29/2/2016 09:26
INC0000065__6,55,closure,INC0000065,True,INC0000065__5,0.3,0.25,-0.04999999999999999,complete,0,1,Category 45,Category 45_restored,New,29/2/2016 09:27
INC0000065__7,56,closure,INC0000065,True,INC0000065__6,0.25,0.2,-0.04999999999999999,complete,0,1,Category 45,Category 45_restored,New,29/2/2016 11:17
INC0000065__8,57,closure,INC0000065,True,INC0000065__7,0.2,0.15000000000000002,-0.04999999999999999,complete,0,1,Category 45,Category 45_restored,New,29/2/2016 14:51
INC0000065__9,58,closure,INC0000065,True,INC0000065__8,0.15000000000000002,0.10000000000000002,-0.05,complete,0,1,Category 45,Category 45_restored,New,1/3/2016 16:52
INC0000065__10,59,closure,INC0000065,True,INC0000065__9,0.10000000000000002,0.05000000000000002,-0.05,complete,0,1,Category 45,Category 45_restored,Awaiting User Info,2/3/2016 15:17
INC0000065__11,60,closure,INC0000065,True,INC0000065__10,0.05000000000000002,1.3877787807814457e-17,-0.05,complete,0,1,Category 45,Category 45_restored,Resolved,2/3/2016 15:21
INC0000065__12,61,closure,INC0000065,True,INC0000065__11,1.3877787807814457e-17,0.0,-1.3877787807814457e-17,complete,0,1,Category 45,Category 45_restored,Closed,7/3/2016 16:00
INC0000066__0,62,source,INC0000066,False,,0.44999999999999996,0.44999999999999996,0.0,none,0,0,Category 55,Category 55,New,29/2/2016 08:18
INC0000066__1,63,closure,INC0000066,True,INC0000066__0,0.44999999999999996,0.39999999999999997,-0.04999999999999999,complete,0,1,Category 55,Category 55_restored,New,29/2/2016 11:10
INC0000066__2,64,closure,INC0000066,True,INC0000066__1,0.39999999999999997,0.35,-0.04999999999999999,complete,0,1,Category 55,Category 55_restored,Resolved,2/3/2016 14:37
INC0000066__3,65,closure,INC0000066,True,INC0000066__2,0.35,0.3,-0.04999999999999999,complete,0,1,Category 55,Category 55_restored,Closed,7/3/2016 15:00
INC0000067__0,66,source,INC0000067,False,,0.44999999999999996,0.44999999999999996,0.0,none,0,0,Category 9,Category 9,New,29/2/2016 08:05
INC0000067__1,67,closure,INC0000067,True,INC0000067__0,0.44999999999999996,0.44999999999999996,0.0,complete,0,1,Category 9,Category 9_restored,New,29/2/2016 08:13
INC0000067__2,68,closure,INC0000067,True,INC0000067__1,0.44999999999999996,0.44999999999999996,0.0,complete,0,1,Category 9,Category 9_restored,New,29/2/2016 08:15
INC0000067__3,69,closure,INC0000067,True,INC0000067__2,0.44999999999999996,0.44999999999999996,0.0,complete,0,1,Category 9,Category 9_restored,Active,29/2/2016 08:16
INC0000067__4,70,closure,INC0000067,True,INC0000067__3,0.44999999999999996,0.44999999999999996,0.0,complete,0,1,Category 9,Category 9_restored,Active,29/2/2016 08:30
INC0000067__5,71,closure,INC0000067,True,INC0000067__4,0.44999999999999996,0.39999999999999997,-0.04999999999999999,complete,0,1,Category 9,Category 9_restored,Active,29/2/2016 09:43
INC0000067__6,72,closure,INC0000067,True,INC0000067__5,0.39999999999999997,0.35,-0.04999999999999999,complete,0,1,Category 9,Category 9_restored,Active,29/2/2016 09:44
INC0000067__7,73,closure,INC0000067,True,INC0000067__6,0.35,0.3,-0.04999999999999999,complete,0,1,Category 9,Category 9_restored,Active,29/2/2016 09:58
INC0000067__8,74,closure,INC0000067,True,INC0000067__7,0.3,0.25,-0.04999999999999999,complete,0,1,Category 9,Category 9_restored,Active,2/3/2016 09:18
INC0000067__9,75,closure,INC0000067,True,INC0000067__8,0.25,0.2,-0.04999999999999999,complete,0,1,Category 9,Category 9_restored,Resolved,2/3/2016 11:11
INC0000067__10,76,closure,INC0000067,True,INC0000067__9,0.2,0.15000000000000002,-0.04999999999999999,complete,0,1,Category 9,Category 9_restored,Closed,7/3/2016 12:00
INC0000070__0,77,source,INC0000070,False,,0.44999999999999996,0.44999999999999996,0.0,none,0,0,Category 9,Category 9,New,29/2/2016 08:38
INC0000070__1,78,closure,INC0000070,True,INC0000070__0,0.44999999999999996,0.44999999999999996,0.0,complete,0,1,Category 9,Category 9_restored,Active,29/2/2016 13:18
INC0000070__2,79,closure,INC0000070,True,INC0000070__1,0.44999999999999996,0.44999999999999996,0.0,complete,0,1,Category 9,Category 9_restored,Active,29/2/2016 13:21
INC0000070__3,80,closure,INC0000070,True,INC0000070__2,0.44999999999999996,0.44999999999999996,0.0,complete,0,1,Category 9,Category 9_restored,Awaiting User Info,29/2/2016 13:26
INC0000070__4,81,closure,INC0000070,True,INC0000070__3,0.44999999999999996,0.39999999999999997,-0.04999999999999999,complete,0,1,Category 9,Category 9_restored,Awaiting User Info,4/3/2016 11:49
INC0000070__5,82,closure,INC0000070,True,INC0000070__4,0.39999999999999997,0.35,-0.04999999999999999,complete,0,1,Category 9,Category 9_restored,Awaiting User Info,8/3/2016 09:54
INC0000070__6,83,closure,INC0000070,True,INC0000070__5,0.35,0.3,-0.04999999999999999,complete,0,1,Category 9,Category 9_restored,Resolved,8/3/2016 09:55
INC0000070__7,84,closure,INC0000070,True,INC0000070__6,0.3,0.25,-0.04999999999999999,complete,0,1,Category 9,Category 9_restored,Closed,24/3/2016 18:40
INC0000071__0,85,source,INC0000071,False,,0.44999999999999996,0.44999999999999996,0.0,none,0,0,Category 9,Category 9,New,29/2/2016 08:17
INC0000071__1,86,closure,INC0000071,True,INC0000071__0,0.44999999999999996,0.44999999999999996,0.0,complete,0,1,Category 9,Category 9_restored,New,1/3/2016 08:35
INC0000071__2,87,closure,INC0000071,True,INC0000071__1,0.44999999999999996,0.44999999999999996,0.0,complete,0,1,Category 9,Category 9_restored,New,1/3/2016 08:37
INC0000071__3,88,closure,INC0000071,True,INC0000071__2,0.44999999999999996,0.44999999999999996,0.0,complete,0,1,Category 9,Category 9_restored,New,1/3/2016 08:40
INC0000071__4,89,closure,INC0000071,True,INC0000071__3,0.44999999999999996,0.44999999999999996,0.0,complete,0,1,Category 9,Category 9_restored,Awaiting User Info,1/3/2016 08:40
INC0000071__5,90,closure,INC0000071,True,INC0000071__4,0.44999999999999996,0.44999999999999996,0.0,complete,0,1,Category 9,Category 9_restored,Awaiting User Info,1/3/2016 10:37
INC0000071__6,91,closure,INC0000071,True,INC0000071__5,0.44999999999999996,0.44999999999999996,0.0,complete,0,1,Category 9,Category 9_restored,Resolved,1/3/2016 10:38
INC0000071__7,92,closure,INC0000071,True,INC0000071__6,0.44999999999999996,0.35,-0.09999999999999998,complete,0,1,Category 9,Category 9_restored,Closed,6/3/2016 11:00
INC0000073__0,93,source,INC0000073,False,,0.44999999999999996,0.44999999999999996,0.0,none,0,0,Category 53,Category 53,Active,29/2/2016 08:30
INC0000073__1,94,closure,INC0000073,True,INC0000073__0,0.44999999999999996,0.44999999999999996,0.0,complete,0,1,Category 53,Category 53_restored,Active,29/2/2016 10:06
INC0000073__2,95,closure,INC0000073,True,INC0000073__1,0.44999999999999996,0.39999999999999997,-0.04999999999999999,complete,0,1,Category 53,Category 53_restored,Active,29/2/2016 11:11
INC0000073__3,96,closure,INC0000073,True,INC0000073__2,0.39999999999999997,0.35,-0.04999999999999999,complete,0,1,Category 53,Category 53_restored,Active,1/3/2016 15:35
INC0000073__4,97,closure,INC0000073,True,INC0000073__3,0.35,0.3,-0.04999999999999999,complete,0,1,Category 53,Category 53_restored,Resolved,1/3/2016 15:37
INC0000073__5,98,closure,INC0000073,True,INC0000073__4,0.3,0.25,-0.04999999999999999,complete,0,1,Category 53,Category 53_restored,Closed,6/3/2016 16:00
INC0000074__0,99,source,INC0000074,False,,0.44999999999999996,0.44999999999999996,0.0,none,0,0,Category 45,Category 45,Active,29/2/2016 08:23
INC0000074__1,100,closure,INC0000074,True,INC0000074__0,0.44999999999999996,0.44999999999999996,0.0,complete,0,1,Category 45,Category 45_restored,Awaiting User Info,29/2/2016 08:38
INC0000074__2,101,closure,INC0000074,True,INC0000074__1,0.44999999999999996,0.44999999999999996,0.0,complete,0,1,Category 45,Category 45_restored,Awaiting User Info,29/2/2016 14:16
INC0000074__3,102,closure,INC0000074,True,INC0000074__2,0.44999999999999996,0.44999999999999996,0.0,complete,0,1,Category 45,Category 45_restored,Awaiting User Info,21/3/2016 11:07
INC0000074__4,103,closure,INC0000074,True,INC0000074__3,0.44999999999999996,0.44999999999999996,0.0,complete,0,1,Category 45,Category 45_restored,Resolved,11/4/2016 14:39
INC0000074__5,104,closure,INC0000074,True,INC0000074__4,0.44999999999999996,0.39999999999999997,-0.04999999999999999,complete,0,1,Category 45,Category 45_restored,Closed,16/4/2016 15:07
INC0000077__0,105,source,INC0000077,False,,0.44999999999999996,0.44999999999999996,0.0,none,0,0,Category 32,Category 32,New,29/2/2016 08:27
INC0000077__1,106,closure,INC0000077,True,INC0000077__0,0.44999999999999996,0.44999999999999996,0.0,complete,0,1,Category 32,Category 32_restored,New,29/2/2016 08:42
INC0000077__2,107,closure,INC0000077,True,INC0000077__1,0.44999999999999996,0.44999999999999996,0.0,complete,0,1,Category 32,Category 32_restored,New,29/2/2016 08:43
INC0000077__3,108,closure,INC0000077,True,INC0000077__2,0.44999999999999996,0.44999999999999996,0.0,complete,0,1,Category 32,Category 32_restored,New,29/2/2016 09:03
INC0000077__4,109,closure,INC0000077,True,INC0000077__3,0.44999999999999996,0.44999999999999996,0.0,complete,0,1,Category 32,Category 32_restored,Resolved,29/2/2016 09:04
INC0000077__5,110,closure,INC0000077,True,INC0000077__4,0.44999999999999996,0.35,-0.09999999999999998,complete,0,1,Category 32,Category 32_restored,Closed,5/3/2016 10:00
INC0000079__0,111,source,INC0000079,False,,0.44999999999999996,0.44999999999999996,0.0,none,0,0,Category 8,Category 8,New,29/2/2016 08:32
INC0000079__1,112,closure,INC0000079,True,INC0000079__0,0.44999999999999996,0.39999999999999997,-0.04999999999999999,complete,0,1,Category 55,Category 55_restored,New,29/2/2016 11:14
INC0000079__2,113,closure,INC0000079,True,INC0000079__1,0.39999999999999997,0.35,-0.04999999999999999,complete,0,1,Category 55,Category 55_restored,Active,29/2/2016 11:19
INC0000079__3,114,closure,INC0000079,True,INC0000079__2,0.35,0.3,-0.04999999999999999,complete,0,1,Category 55,Category 55_restored,Resolved,29/2/2016 11:20
INC0000079__4,115,closure,INC0000079,True,INC0000079__3,0.3,0.25,-0.04999999999999999,complete,0,1,Category 55,Category 55_restored,Closed,5/3/2016 12:00
INC0000080__0,116,source,INC0000080,False,,0.44999999999999996,0.44999999999999996,0.0,none,0,0,Category 32,Category 32,New,29/2/2016 08:33
INC0000080__1,117,closure,INC0000080,True,INC0000080__0,0.44999999999999996,0.44999999999999996,0.0,complete,0,1,Category 32,Category 32_restored,New,29/2/2016 08:43
INC0000080__2,118,closure,INC0000080,True,INC0000080__1,0.44999999999999996,0.44999999999999996,0.0,complete,0,1,Category 32,Category 32_restored,New,29/2/2016 08:58
INC0000080__3,119,closure,INC0000080,True,INC0000080__2,0.44999999999999996,0.44999999999999996,0.0,complete,0,1,Category 32,Category 32_restored,New,29/2/2016 12:49
INC0000080__4,120,closure,INC0000080,True,INC0000080__3,0.44999999999999996,0.44999999999999996,0.0,complete,0,1,Category 32,Category 32_restored,New,29/2/2016 20:31
INC0000080__5,121,closure,INC0000080,True,INC0000080__4,0.44999999999999996,0.44999999999999996,0.0,complete,0,1,Category 32,Category 32_restored,Active,29/2/2016 23:13
INC0000080__6,122,closure,INC0000080,True,INC0000080__5,0.44999999999999996,0.44999999999999996,0.0,complete,0,1,Category 32,Category 32_restored,Resolved,2/3/2016 11:40
INC0000080__7,123,closure,INC0000080,True,INC0000080__6,0.44999999999999996,0.35,-0.09999999999999998,complete,0,1,Category 32,Category 32_restored,Closed,7/3/2016 12:00
INC0000083__0,124,source,INC0000083,False,,0.23333333333333334,0.23333333333333334,0.0,none,0,0,Category 24,Category 24,New,29/2/2016 08:56
INC0000083__1,125,closure,INC0000083,True,INC0000083__0,0.23333333333333334,0.18333333333333335,-0.04999999999999999,complete,0,1,Category 24,Category 24_restored,New,29/2/2016 09:19
INC0000083__2,126,closure,INC0000083,True,INC0000083__1,0.18333333333333335,0.13333333333333336,-0.04999999999999999,complete,0,1,Category 24,Category 24_restored,New,29/2/2016 10:06
INC0000083__3,127,closure,INC0000083,True,INC0000083__2,0.13333333333333336,0.08333333333333336,-0.05,complete,0,1,Category 24,Category 24_restored,Resolved,29/2/2016 16:05
INC0000083__4,128,closure,INC0000083,True,INC0000083__3,0.08333333333333336,0.033333333333333354,-0.05,complete,0,1,Category 24,Category 24_restored,Closed,5/3/2016 17:00
INC0000084__0,129,source,INC0000084,False,,0.23333333333333334,0.23333333333333334,0.0,none,0,0,Category 45,Category 45,Active,29/2/2016 08:39
INC0000084__1,130,closure,INC0000084,True,INC0000084__0,0.23333333333333334,0.23333333333333334,0.0,complete,0,1,Category 45,Category 45_restored,Awaiting User Info,29/2/2016 09:11
INC0000084__2,131,closure,INC0000084,True,INC0000084__1,0.23333333333333334,0.23333333333333334,0.0,complete,0,1,Category 45,Category 45_restored,Awaiting User Info,29/2/2016 14:26
INC0000084__3,132,closure,INC0000084,True,INC0000084__2,0.23333333333333334,0.23333333333333334,0.0,complete,0,1,Category 45,Category 45_restored,Awaiting User Info,5/4/2016 06:26
INC0000084__4,133,closure,INC0000084,True,INC0000084__3,0.23333333333333334,0.23333333333333334,0.0,complete,0,1,Category 45,Category 45_restored,Resolved,12/4/2016 14:46
INC0000084__5,134,closure,INC0000084,True,INC0000084__4,0.23333333333333334,0.18333333333333335,-0.04999999999999999,complete,0,1,Category 45,Category 45_restored,Closed,17/4/2016 15:07
INC0000085__0,135,source,INC0000085,False,,0.44999999999999996,0.44999999999999996,0.0,none,0,0,Category 20,Category 20,New,29/2/2016 08:47
INC0000085__1,136,closure,INC0000085,True,INC0000085__0,0.44999999999999996,0.44999999999999996,0.0,complete,0,1,Category 20,Category 20_restored,New,29/2/2016 10:07
INC0000085__2,137,closure,INC0000085,True,INC0000085__1,0.44999999999999996,0.44999999999999996,0.0,complete,0,1,Category 20,Category 20_restored,Resolved,2/3/2016 14:44
INC0000085__3,138,closure,INC0000085,True,INC0000085__2,0.44999999999999996,0.35,-0.09999999999999998,complete,0,1,Category 20,Category 20_restored,Closed,7/3/2016 15:00
INC0000086__0,139,source,INC0000086,False,,0.44999999999999996,0.44999999999999996,0.0,none,0,0,Category 24,Category 24,New,29/2/2016 08:49
INC0000086__1,140,closure,INC0000086,True,INC0000086__0,0.44999999999999996,0.44999999999999996,0.0,complete,0,1,Category 24,Category 24_restored,New,29/2/2016 08:49
INC0000086__2,141,closure,INC0000086,True,INC0000086__1,0.44999999999999996,0.44999999999999996,0.0,complete,0,1,Category 24,Category 24_restored,New,29/2/2016 08:50
INC0000086__3,142,closure,INC0000086,True,INC0000086__2,0.44999999999999996,0.44999999999999996,0.0,complete,0,1,Category 24,Category 24_restored,New,29/2/2016 08:53
INC0000086__4,143,closure,INC0000086,True,INC0000086__3,0.44999999999999996,0.39999999999999997,-0.04999999999999999,complete,0,1,Category 24,Category 24_restored,New,29/2/2016 08:54
INC0000086__5,144,closure,INC0000086,True,INC0000086__4,0.39999999999999997,0.35,-0.04999999999999999,complete,0,1,Category 24,Category 24_restored,New,29/2/2016 10:07
INC0000086__6,145,closure,INC0000086,True,INC0000086__5,0.35,0.3,-0.04999999999999999,complete,0,1,Category 24,Category 24_restored,New,1/3/2016 15:40
INC0000086__7,146,closure,INC0000086,True,INC0000086__6,0.3,0.25,-0.04999999999999999,complete,0,1,Category 24,Category 24_restored,Resolved,1/3/2016 15:45
INC0000086__8,147,closure,INC0000086,True,INC0000086__7,0.25,0.2,-0.04999999999999999,complete,0,1,Category 24,Category 24_restored,Closed,6/3/2016 16:00
INC0000087__0,148,source,INC0000087,False,,0.44999999999999996,0.44999999999999996,0.0,none,0,0,Category 53,Category 53,New,29/2/2016 08:56
INC0000087__1,149,closure,INC0000087,True,INC0000087__0,0.44999999999999996,0.44999999999999996,0.0,complete,0,1,Category 53,Category 53_restored,New,29/2/2016 10:07
INC0000087__2,150,closure,INC0000087,True,INC0000087__1,0.44999999999999996,0.44999999999999996,0.0,complete,0,1,Category 53,Category 53_restored,Resolved,2/3/2016 14:46
INC0000087__3,151,closure,INC0000087,True,INC0000087__2,0.44999999999999996,0.35,-0.09999999999999998,complete,0,1,Category 53,Category 53_restored,Closed,7/3/2016 15:00
INC0000089__0,152,source,INC0000089,False,,0.30000000000000004,0.30000000000000004,0.0,none,0,0,Category 42,Category 42,Active,29/2/2016 09:03
INC0000089__1,153,closure,INC0000089,True,INC0000089__0,0.30000000000000004,0.30000000000000004,0.0,complete,0,1,Category 42,Category 42_restored,Active,29/2/2016 09:14
INC0000089__2,154,closure,INC0000089,True,INC0000089__1,0.30000000000000004,0.25000000000000006,-0.04999999999999999,complete,0,1,Category 42,Category 42_restored,Active,29/2/2016 09:14
INC0000089__3,155,closure,INC0000089,True,INC0000089__2,0.25000000000000006,0.20000000000000007,-0.04999999999999999,complete,0,1,Category 45,Category 45_restored,Active,29/2/2016 09:14
INC0000089__4,156,closure,INC0000089,True,INC0000089__3,0.20000000000000007,0.15000000000000008,-0.04999999999999999,complete,0,1,Category 45,Category 45_restored,Active,2/3/2016 11:42
INC0000089__5,157,closure,INC0000089,True,INC0000089__4,0.15000000000000008,0.10000000000000007,-0.05,complete,0,1,Category 45,Category 45_restored,Awaiting Problem,2/3/2016 14:20
INC0000089__6,158,closure,INC0000089,True,INC0000089__5,0.10000000000000007,0.05000000000000007,-0.05,complete,0,1,Category 45,Category 45_restored,Awaiting Problem,2/3/2016 14:27
INC0000089__7,159,closure,INC0000089,True,INC0000089__6,0.05000000000000007,6.938893903907228e-17,-0.05,complete,0,1,Category 45,Category 45_restored,Awaiting Problem,2/3/2016 14:30
INC0000089__8,160,closure,INC0000089,True,INC0000089__7,6.938893903907228e-17,0.0,-6.938893903907228e-17,complete,0,1,Category 45,Category 45_restored,Resolved,3/3/2016 14:35
INC0000089__9,161,closure,INC0000089,True,INC0000089__8,0.0,0.0,0.0,complete,0,1,Category 45,Category 45_restored,Closed,8/3/2016 15:00
INC0000092__0,162,source,INC0000092,False,,0.44999999999999996,0.44999999999999996,0.0,none,0,0,Category 53,Category 53,Active,29/2/2016 08:55
INC0000092__1,163,closure,INC0000092,True,INC0000092__0,0.44999999999999996,0.44999999999999996,0.0,complete,0,1,Category 53,Category 53_restored,Active,29/2/2016 10:07
INC0000092__2,164,closure,INC0000092,True,INC0000092__1,0.44999999999999996,0.39999999999999997,-0.04999999999999999,complete,0,1,Category 53,Category 53_restored,Active,29/2/2016 13:55
INC0000092__3,165,closure,INC0000092,True,INC0000092__2,0.39999999999999997,0.35,-0.04999999999999999,complete,0,1,Category 53,Category 53_restored,Resolved,7/3/2016 08:45
INC0000092__4,166,closure,INC0000092,True,INC0000092__3,0.35,0.3,-0.04999999999999999,complete,0,1,Category 53,Category 53_restored,Closed,12/3/2016 09:00
INC0000094__0,167,source,INC0000094,False,,0.23333333333333334,0.23333333333333334,0.0,none,0,0,Category 45,Category 45,Active,29/2/2016 08:58
INC0000094__1,168,closure,INC0000094,True,INC0000094__0,0.23333333333333334,0.23333333333333334,0.0,complete,0,1,Category 45,Category 45_restored,Awaiting User Info,29/2/2016 09:11
INC0000094__2,169,closure,INC0000094,True,INC0000094__1,0.23333333333333334,0.23333333333333334,0.0,complete,0,1,Category 45,Category 45_restored,Awaiting User Info,29/2/2016 14:24
INC0000094__3,170,closure,INC0000094,True,INC0000094__2,0.23333333333333334,0.23333333333333334,0.0,complete,0,1,Category 45,Category 45_restored,Resolved,10/3/2016 10:45
INC0000094__4,171,closure,INC0000094,True,INC0000094__3,0.23333333333333334,0.18333333333333335,-0.04999999999999999,complete,0,1,Category 45,Category 45_restored,Closed,24/3/2016 18:50
INC0000098__0,172,source,INC0000098,False,,0.44999999999999996,0.44999999999999996,0.0,none,0,0,Category 20,Category 20,New,29/2/2016 09:08
INC0000098__1,173,closure,INC0000098,True,INC0000098__0,0.44999999999999996,0.44999999999999996,0.0,complete,0,1,Category 53,Category 53_restored,New,29/2/2016 09:11
INC0000098__2,174,closure,INC0000098,True,INC0000098__1,0.44999999999999996,0.39999999999999997,-0.04999999999999999,complete,0,1,Category 53,Category 53_restored,New,29/2/2016 09:12
INC0000098__3,175,closure,INC0000098,True,INC0000098__2,0.39999999999999997,0.35,-0.04999999999999999,complete,0,1,Category 53,Category 53_restored,New,29/2/2016 10:07
INC0000098__4,176,closure,INC0000098,True,INC0000098__3,0.35,0.3,-0.04999999999999999,complete,0,1,Category 53,Category 53_restored,Resolved,2/3/2016 14:51
INC0000098__5,177,closure,INC0000098,True,INC0000098__4,0.3,0.25,-0.04999999999999999,complete,0,1,Category 53,Category 53_restored,Closed,7/3/2016 15:00
INC0000099__0,178,source,INC0000099,False,,0.44999999999999996,0.44999999999999996,0.0,none,0,0,Category 24,Category 24,New,29/2/2016 09:06
INC0000099__1,179,closure,INC0000099,True,INC0000099__0,0.44999999999999996,0.39999999999999997,-0.04999999999999999,complete,0,1,Category 24,Category 24_restored,New,29/2/2016 09:13
INC0000099__2,180,closure,INC0000099,True,INC0000099__1,0.39999999999999997,0.35,-0.04999999999999999,complete,0,1,Category 24,Category 24_restored,Resolved,1/3/2016 09:05
INC0000099__3,181,closure,INC0000099,True,INC0000099__2,0.35,0.3,-0.04999999999999999,complete,0,1,Category 24,Category 24_restored,Closed,6/3/2016 10:00
INC0000100__0,182,source,INC0000100,False,,0.44999999999999996,0.44999999999999996,0.0,none,0,0,Category 53,Category 53,Active,29/2/2016 09:11
INC0000100__1,183,closure,INC0000100,True,INC0000100__0,0.44999999999999996,0.44999999999999996,0.0,complete,0,1,Category 53,Category 53_restored,Active,29/2/2016 10:07
INC0000100__2,184,closure,INC0000100,True,INC0000100__1,0.44999999999999996,0.44999999999999996,0.0,complete,0,1,Category 53,Category 53_restored,Resolved,2/3/2016 14:53
INC0000100__3,185,closure,INC0000100,True,INC0000100__2,0.44999999999999996,0.35,-0.09999999999999998,complete,0,1,Category 53,Category 53_restored,Closed,7/3/2016 15:00
INC0000101__0,186,source,INC0000101,False,,0.30000000000000004,0.30000000000000004,0.0,none,0,0,Category 42,Category 42,New,29/2/2016 09:13
INC0000101__1,187,closure,INC0000101,True,INC0000101__0,0.30000000000000004,0.30000000000000004,0.0,complete,0,1,Category 55,Category 55_restored,New,29/2/2016 09:42
INC0000101__2,188,closure,INC0000101,True,INC0000101__1,0.30000000000000004,0.30000000000000004,0.0,complete,0,1,Category 55,Category 55_restored,Active,29/2/2016 10:28
INC0000101__3,189,closure,INC0000101,True,INC0000101__2,0.30000000000000004,0.30000000000000004,0.0,complete,0,1,Category 55,Category 55_restored,Active,29/2/2016 10:59
INC0000101__4,190,closure,INC0000101,True,INC0000101__3,0.30000000000000004,0.30000000000000004,0.0,complete,0,1,Category 55,Category 55_restored,Active,29/2/2016 10:59
INC0000101__5,191,closure,INC0000101,True,INC0000101__4,0.30000000000000004,0.30000000000000004,0.0,complete,0,1,Category 55,Category 55_restored,Resolved,29/2/2016 11:00
INC0000101__6,192,closure,INC0000101,True,INC0000101__5,0.30000000000000004,0.2,-0.10000000000000003,complete,0,1,Category 55,Category 55_restored,Closed,5/3/2016 12:00
INC0000102__0,193,source,INC0000102,False,,0.44999999999999996,0.44999999999999996,0.0,none,0,0,Category 37,Category 37,New,29/2/2016 09:13
INC0000102__1,194,closure,INC0000102,True,INC0000102__0,0.44999999999999996,0.44999999999999996,0.0,complete,0,1,Category 37,Category 37_restored,New,29/2/2016 20:08
INC0000102__2,195,closure,INC0000102,True,INC0000102__1,0.44999999999999996,0.44999999999999996,0.0,complete,0,1,Category 37,Category 37_restored,Awaiting User Info,29/2/2016 20:09
INC0000102__3,196,closure,INC0000102,True,INC0000102__2,0.44999999999999996,0.44999999999999996,0.0,complete,0,1,Category 37,Category 37_restored,Awaiting User Info,2/3/2016 17:38
INC0000102__4,197,closure,INC0000102,True,INC0000102__3,0.44999999999999996,0.44999999999999996,0.0,complete,0,1,Category 37,Category 37_restored,Awaiting User Info,3/3/2016 14:17
INC0000102__5,198,closure,INC0000102,True,INC0000102__4,0.44999999999999996,0.44999999999999996,0.0,complete,0,1,Category 37,Category 37_restored,Awaiting User Info,3/3/2016 17:27
INC0000102__6,199,closure,INC0000102,True,INC0000102__5,0.44999999999999996,0.44999999999999996,0.0,complete,0,1,Category 37,Category 37_restored,Active,3/3/2016 17:29
INC0000102__7,200,closure,INC0000102,True,INC0000102__6,0.44999999999999996,0.39999999999999997,-0.04999999999999999,complete,0,1,Category 37,Category 37_restored,Active,4/3/2016 11:15
INC0000102__8,201,closure,INC0000102,True,INC0000102__7,0.39999999999999997,0.35,-0.04999999999999999,complete,0,1,Category 37,Category 37_restored,Active,4/3/2016 12:16
INC0000102__9,202,closure,INC0000102,True,INC0000102__8,0.35,0.3,-0.04999999999999999,complete,0,1,Category 37,Category 37_restored,Active,4/3/2016 12:17
INC0000102__10,203,closure,INC0000102,True,INC0000102__9,0.3,0.25,-0.04999999999999999,complete,0,1,Category 37,Category 37_restored,Active,4/3/2016 14:08
INC0000102__11,204,closure,INC0000102,True,INC0000102__10,0.25,0.2,-0.04999999999999999,complete,0,1,Category 37,Category 37_restored,Active,4/3/2016 15:51
INC0000102__12,205,closure,INC0000102,True,INC0000102__11,0.2,0.15000000000000002,-0.04999999999999999,complete,0,1,Category 37,Category 37_restored,Awaiting User Info,7/3/2016 11:50
INC0000102__13,206,closure,INC0000102,True,INC0000102__12,0.15000000000000002,0.10000000000000002,-0.05,complete,0,1,Category 37,Category 37_restored,Awaiting User Info,11/3/2016 11:53
INC0000102__14,207,closure,INC0000102,True,INC0000102__13,0.10000000000000002,0.05000000000000002,-0.05,complete,0,1,Category 37,Category 37_restored,Awaiting User Info,14/3/2016 08:12
INC0000102__15,208,closure,INC0000102,True,INC0000102__14,0.05000000000000002,1.3877787807814457e-17,-0.05,complete,0,1,Category 37,Category 37_restored,Resolved,14/3/2016 08:13
INC0000102__16,209,closure,INC0000102,True,INC0000102__15,1.3877787807814457e-17,0.0,-1.3877787807814457e-17,complete,0,1,Category 37,Category 37_restored,Active,17/3/2016 16:27
INC0000102__17,210,closure,INC0000102,True,INC0000102__16,0.0,0.0,0.0,complete,0,1,Category 37,Category 37_restored,Resolved,17/3/2016 16:28
INC0000102__18,211,closure,INC0000102,True,INC0000102__17,0.0,0.0,0.0,complete,0,1,Category 37,Category 37_restored,Closed,24/3/2016 18:59
INC0000103__0,212,source,INC0000103,False,,0.44999999999999996,0.44999999999999996,0.0,none,0,0,Category 53,Category 53,New,29/2/2016 09:10
INC0000103__1,213,closure,INC0000103,True,INC0000103__0,0.44999999999999996,0.44999999999999996,0.0,complete,0,1,Category 53,Category 53_restored,New,29/2/2016 10:07
INC0000103__2,214,closure,INC0000103,True,INC0000103__1,0.44999999999999996,0.44999999999999996,0.0,complete,0,1,Category 53,Category 53_restored,Resolved,2/3/2016 14:54
INC0000103__3,215,closure,INC0000103,True,INC0000103__2,0.44999999999999996,0.35,-0.09999999999999998,complete,0,1,Category 53,Category 53_restored,Closed,7/3/2016 15:00
INC0000104__0,216,source,INC0000104,False,,0.44999999999999996,0.44999999999999996,0.0,none,0,0,Category 26,Category 26,New,29/2/2016 09:17
INC0000104__1,217,closure,INC0000104,True,INC0000104__0,0.44999999999999996,0.39999999999999997,-0.04999999999999999,complete,0,1,Category 26,Category 26_restored,New,29/2/2016 09:18
INC0000104__2,218,closure,INC0000104,True,INC0000104__1,0.39999999999999997,0.35,-0.04999999999999999,complete,0,1,Category 26,Category 26_restored,Active,29/2/2016 13:18
INC0000104__3,219,closure,INC0000104,True,INC0000104__2,0.35,0.3,-0.04999999999999999,complete,0,1,Category 53,Category 53_restored,Active,29/2/2016 23:48
INC0000104__4,220,closure,INC0000104,True,INC0000104__3,0.3,0.25,-0.04999999999999999,complete,0,1,Category 53,Category 53_restored,Active,1/3/2016 10:00
INC0000104__5,221,closure,INC0000104,True,INC0000104__4,0.25,0.2,-0.04999999999999999,complete,0,1,Category 53,Category 53_restored,Resolved,1/3/2016 11:55
INC0000104__6,222,closure,INC0000104,True,INC0000104__5,0.2,0.15000000000000002,-0.04999999999999999,complete,0,1,Category 53,Category 53_restored,Closed,6/3/2016 12:00
INC0000105__0,223,source,INC0000105,False,,0.44999999999999996,0.44999999999999996,0.0,none,0,0,Category 45,Category 45,New,29/2/2016 09:13
INC0000105__1,224,closure,INC0000105,True,INC0000105__0,0.44999999999999996,0.44999999999999996,0.0,complete,0,1,Category 45,Category 45_restored,New,29/2/2016 09:14
INC0000105__2,225,closure,INC0000105,True,INC0000105__1,0.44999999999999996,0.44999999999999996,0.0,complete,0,1,Category 45,Category 45_restored,New,29/2/2016 09:14
INC0000105__3,226,closure,INC0000105,True,INC0000105__2,0.44999999999999996,0.44999999999999996,0.0,complete,0,1,Category 45,Category 45_restored,New,29/2/2016 09:27
INC0000105__4,227,closure,INC0000105,True,INC0000105__3,0.44999999999999996,0.39999999999999997,-0.04999999999999999,complete,0,1,Category 45,Category 45_restored,New,29/2/2016 09:30
INC0000105__5,228,closure,INC0000105,True,INC0000105__4,0.39999999999999997,0.35,-0.04999999999999999,complete,0,1,Category 45,Category 45_restored,New,29/2/2016 11:55
INC0000105__6,229,closure,INC0000105,True,INC0000105__5,0.35,0.3,-0.04999999999999999,complete,0,1,Category 45,Category 45_restored,Resolved,29/2/2016 11:58
INC0000105__7,230,closure,INC0000105,True,INC0000105__6,0.3,0.25,-0.04999999999999999,complete,0,1,Category 45,Category 45_restored,Closed,5/3/2016 12:00
INC0000110__0,231,source,INC0000110,False,,0.44999999999999996,0.44999999999999996,0.0,none,0,0,Category 53,Category 53,Active,29/2/2016 09:19
INC0000110__1,232,closure,INC0000110,True,INC0000110__0,0.44999999999999996,0.44999999999999996,0.0,complete,0,1,Category 53,Category 53_restored,Active,29/2/2016 10:07
INC0000110__2,233,closure,INC0000110,True,INC0000110__1,0.44999999999999996,0.44999999999999996,0.0,complete,0,1,Category 53,Category 53_restored,Resolved,2/3/2016 14:55
INC0000110__3,234,closure,INC0000110,True,INC0000110__2,0.44999999999999996,0.35,-0.09999999999999998,complete,0,1,Category 53,Category 53_restored,Closed,7/3/2016 15:00
INC0000111__0,235,source,INC0000111,False,,0.44999999999999996,0.44999999999999996,0.0,none,0,0,Category 53,Category 53,New,29/2/2016 09:19
INC0000111__1,236,closure,INC0000111,True,INC0000111__0,0.44999999999999996,0.44999999999999996,0.0,complete,0,1,Category 53,Category 53_restored,New,29/2/2016 10:07
INC0000111__2,237,closure,INC0000111,True,INC0000111__1,0.44999999999999996,0.44999999999999996,0.0,complete,0,1,Category 53,Category 53_restored,Resolved,2/3/2016 14:56
INC0000111__3,238,closure,INC0000111,True,INC0000111__2,0.44999999999999996,0.35,-0.09999999999999998,complete,0,1,Category 53,Category 53_restored,Closed,7/3/2016 15:00
INC0000112__0,239,source,INC0000112,False,,0.44999999999999996,0.44999999999999996,0.0,none,0,0,Category 37,Category 37,New,29/2/2016 09:18
INC0000112__1,240,closure,INC0000112,True,INC0000112__0,0.44999999999999996,0.39999999999999997,-0.04999999999999999,complete,0,1,Category 37,Category 37_restored,New,1/3/2016 01:29
INC0000112__2,241,closure,INC0000112,True,INC0000112__1,0.39999999999999997,0.35,-0.04999999999999999,complete,0,1,Category 37,Category 37_restored,New,2/3/2016 14:22
INC0000112__3,242,closure,INC0000112,True,INC0000112__2,0.35,0.3,-0.04999999999999999,complete,0,1,Category 37,Category 37_restored,New,2/3/2016 14:59
INC0000112__4,243,closure,INC0000112,True,INC0000112__3,0.3,0.25,-0.04999999999999999,complete,0,1,Category 37,Category 37_restored,Resolved,2/3/2016 15:13
INC0000112__5,244,closure,INC0000112,True,INC0000112__4,0.25,0.2,-0.04999999999999999,complete,0,1,Category 37,Category 37_restored,Closed,7/3/2016 16:00
INC0000113__0,245,source,INC0000113,False,,0.44999999999999996,0.44999999999999996,0.0,none,0,0,Category 55,Category 55,New,29/2/2016 09:19
INC0000113__1,246,closure,INC0000113,True,INC0000113__0,0.44999999999999996,0.44999999999999996,0.0,complete,0,1,Category 55,Category 55_restored,Active,2/3/2016 19:28
INC0000113__2,247,closure,INC0000113,True,INC0000113__1,0.44999999999999996,0.44999999999999996,0.0,complete,0,1,Category 55,Category 55_restored,Active,2/3/2016 19:30
INC0000113__3,248,closure,INC0000113,True,INC0000113__2,0.44999999999999996,0.44999999999999996,0.0,complete,0,1,Category 55,Category 55_restored,Resolved,2/3/2016 19:30
INC0000113__4,249,closure,INC0000113,True,INC0000113__3,0.44999999999999996,0.35,-0.09999999999999998,complete,0,1,Category 55,Category 55_restored,Closed,7/3/2016 20:00
INC0000114__0,250,source,INC0000114,False,,0.44999999999999996,0.44999999999999996,0.0,none,0,0,Category 53,Category 53,New,29/2/2016 09:18
INC0000114__1,251,closure,INC0000114,True,INC0000114__0,0.44999999999999996,0.44999999999999996,0.0,complete,0,1,Category 53,Category 53_restored,New,29/2/2016 10:07
INC0000114__2,252,closure,INC0000114,True,INC0000114__1,0.44999999999999996,0.44999999999999996,0.0,complete,0,1,Category 53,Category 53_restored,New,1/3/2016 15:31
INC0000114__3,253,closure,INC0000114,True,INC0000114__2,0.44999999999999996,0.39999999999999997,-0.04999999999999999,complete,0,1,Category 53,Category 53_restored,New,1/3/2016 15:32
INC0000114__4,254,closure,INC0000114,True,INC0000114__3,0.39999999999999997,0.35,-0.04999999999999999,complete,0,1,Category 53,Category 53_restored,Awaiting User Info,2/3/2016 01:13
INC0000114__5,255,closure,INC0000114,True,INC0000114__4,0.35,0.3,-0.04999999999999999,complete,0,1,Category 53,Category 53_restored,Awaiting User Info,2/3/2016 01:20
INC0000114__6,256,closure,INC0000114,True,INC0000114__5,0.3,0.25,-0.04999999999999999,complete,0,1,Category 53,Category 53_restored,Awaiting User Info,3/3/2016 01:17
INC0000114__7,257,closure,INC0000114,True,INC0000114__6,0.25,0.2,-0.04999999999999999,complete,0,1,Category 53,Category 53_restored,Resolved,3/3/2016 01:18
INC0000114__8,258,closure,INC0000114,True,INC0000114__7,0.2,0.15000000000000002,-0.04999999999999999,complete,0,1,Category 53,Category 53_restored,Closed,8/3/2016 02:00
INC0000115__0,259,source,INC0000115,False,,0.44999999999999996,0.44999999999999996,0.0,none,0,0,Category 9,Category 9,New,29/2/2016 09:31
INC0000115__1,260,closure,INC0000115,True,INC0000115__0,0.44999999999999996,0.39999999999999997,-0.04999999999999999,complete,0,1,Category 9,Category 9_restored,New,1/3/2016 00:58
INC0000115__2,261,closure,INC0000115,True,INC0000115__1,0.39999999999999997,0.35,-0.04999999999999999,complete,0,1,Category 9,Category 9_restored,New,1/3/2016 08:38
INC0000115__3,262,closure,INC0000115,True,INC0000115__2,0.35,0.3,-0.04999999999999999,complete,0,1,Category 9,Category 9_restored,New,1/3/2016 08:45
INC0000115__4,263,closure,INC0000115,True,INC0000115__3,0.3,0.25,-0.04999999999999999,complete,0,1,Category 9,Category 9_restored,Resolved,1/3/2016 08:50
INC0000115__5,264,closure,INC0000115,True,INC0000115__4,0.25,0.2,-0.04999999999999999,complete,0,1,Category 9,Category 9_restored,Closed,6/3/2016 09:00
INC0000116__0,265,source,INC0000116,False,,0.44999999999999996,0.44999999999999996,0.0,none,0,0,Category 37,Category 37,New,29/2/2016 09:23
INC0000116__1,266,closure,INC0000116,True,INC0000116__0,0.44999999999999996,0.39999999999999997,-0.04999999999999999,complete,0,1,Category 37,Category 37_restored,New,29/2/2016 13:41
INC0000116__2,267,closure,INC0000116,True,INC0000116__1,0.39999999999999997,0.35,-0.04999999999999999,complete,0,1,Category 37,Category 37_restored,Resolved,1/3/2016 12:02
INC0000116__3,268,closure,INC0000116,True,INC0000116__2,0.35,0.3,-0.04999999999999999,complete,0,1,Category 37,Category 37_restored,Closed,6/3/2016 13:00
INC0000119__0,269,source,INC0000119,False,,0.44999999999999996,0.44999999999999996,0.0,none,0,0,Category 9,Category 9,New,29/2/2016 09:31
INC0000119__1,270,closure,INC0000119,True,INC0000119__0,0.44999999999999996,0.44999999999999996,0.0,complete,0,1,Category 9,Category 9_restored,Active,1/3/2016 09:02
INC0000119__2,271,closure,INC0000119,True,INC0000119__1,0.44999999999999996,0.44999999999999996,0.0,complete,0,1,Category 9,Category 9_restored,Resolved,1/3/2016 09:03
INC0000119__3,272,closure,INC0000119,True,INC0000119__2,0.44999999999999996,0.35,-0.09999999999999998,complete,0,1,Category 9,Category 9_restored,Closed,6/3/2016 10:00
INC0000122__0,273,source,INC0000122,False,,0.44999999999999996,0.44999999999999996,0.0,none,0,0,Category 45,Category 45,New,29/2/2016 09:34
INC0000122__1,274,closure,INC0000122,True,INC0000122__0,0.44999999999999996,0.39999999999999997,-0.04999999999999999,complete,0,1,Category 45,Category 45_restored,New,29/2/2016 11:04
INC0000122__2,275,closure,INC0000122,True,INC0000122__1,0.39999999999999997,0.35,-0.04999999999999999,complete,0,1,Category 45,Category 45_restored,New,29/2/2016 11:56
INC0000122__3,276,closure,INC0000122,True,INC0000122__2,0.35,0.3,-0.04999999999999999,complete,0,1,Category 45,Category 45_restored,Resolved,1/3/2016 16:50
INC0000122__4,277,closure,INC0000122,True,INC0000122__3,0.3,0.25,-0.04999999999999999,complete,0,1,Category 45,Category 45_restored,Closed,6/3/2016 17:00
INC0000123__0,278,source,INC0000123,False,,0.44999999999999996,0.44999999999999996,0.0,none,0,0,Category 53,Category 53,New,29/2/2016 09:38
INC0000123__1,279,closure,INC0000123,True,INC0000123__0,0.44999999999999996,0.44999999999999996,0.0,complete,0,1,Category 53,Category 53_restored,New,29/2/2016 10:08
INC0000123__2,280,closure,INC0000123,True,INC0000123__1,0.44999999999999996,0.44999999999999996,0.0,complete,0,1,Category 53,Category 53_restored,Resolved,2/3/2016 14:56
INC0000123__3,281,closure,INC0000123,True,INC0000123__2,0.44999999999999996,0.35,-0.09999999999999998,complete,0,1,Category 53,Category 53_restored,Closed,7/3/2016 15:00
INC0000124__0,282,source,INC0000124,False,,0.44999999999999996,0.44999999999999996,0.0,none,0,0,Category 53,Category 53,Active,29/2/2016 09:39
INC0000124__1,283,closure,INC0000124,True,INC0000124__0,0.44999999999999996,0.44999999999999996,0.0,complete,0,1,Category 53,Category 53_restored,Active,29/2/2016 11:04
INC0000124__2,284,closure,INC0000124,True,INC0000124__1,0.44999999999999996,0.44999999999999996,0.0,complete,0,1,Category 53,Category 53_restored,Resolved,29/2/2016 11:05
INC0000124__3,285,closure,INC0000124,True,INC0000124__2,0.44999999999999996,0.35,-0.09999999999999998,complete,0,1,Category 53,Category 53_restored,Closed,5/3/2016 12:00
INC0000125__0,286,source,INC0000125,False,,0.44999999999999996,0.44999999999999996,0.0,none,0,0,Category 9,Category 9,New,29/2/2016 09:35
INC0000125__1,287,closure,INC0000125,True,INC0000125__0,0.44999999999999996,0.44999999999999996,0.0,complete,0,1,Category 9,Category 9_restored,New,29/2/2016 10:08
INC0000125__2,288,closure,INC0000125,True,INC0000125__1,0.44999999999999996,0.39999999999999997,-0.04999999999999999,complete,0,1,Category 9,Category 9_restored,New,1/3/2016 01:28
INC0000125__3,289,closure,INC0000125,True,INC0000125__2,0.39999999999999997,0.35,-0.04999999999999999,complete,0,1,Category 9,Category 9_restored,Active,1/3/2016 08:27
INC0000125__4,290,closure,INC0000125,True,INC0000125__3,0.35,0.3,-0.04999999999999999,complete,0,1,Category 9,Category 9_restored,Active,1/3/2016 08:30
INC0000125__5,291,closure,INC0000125,True,INC0000125__4,0.3,0.25,-0.04999999999999999,complete,0,1,Category 9,Category 9_restored,Resolved,1/3/2016 08:32
INC0000125__6,292,closure,INC0000125,True,INC0000125__5,0.25,0.2,-0.04999999999999999,complete,0,1,Category 9,Category 9_restored,Closed,6/3/2016 09:00
INC0000126__0,293,source,INC0000126,False,,0.44999999999999996,0.44999999999999996,0.0,none,0,0,Category 53,Category 53,New,29/2/2016 09:42
INC0000126__1,294,closure,INC0000126,True,INC0000126__0,0.44999999999999996,0.44999999999999996,0.0,complete,0,1,Category 53,Category 53_restored,New,29/2/2016 10:08
INC0000126__2,295,closure,INC0000126,True,INC0000126__1,0.44999999999999996,0.44999999999999996,0.0,complete,0,1,Category 53,Category 53_restored,Resolved,2/3/2016 14:57
INC0000126__3,296,closure,INC0000126,True,INC0000126__2,0.44999999999999996,0.35,-0.09999999999999998,complete,0,1,Category 53,Category 53_restored,Closed,7/3/2016 15:00
INC0000128__0,297,source,INC0000128,False,,0.44999999999999996,0.44999999999999996,0.0,none,0,0,Category 44,Category 44,New,29/2/2016 09:40
INC0000128__1,298,closure,INC0000128,True,INC0000128__0,0.44999999999999996,0.44999999999999996,0.0,complete,0,1,Category 44,Category 44_restored,New,29/2/2016 10:02
INC0000128__2,299,closure,INC0000128,True,INC0000128__1,0.44999999999999996,0.39999999999999997,-0.04999999999999999,complete,0,1,Category 44,Category 44_restored,New,29/2/2016 10:02
INC0000128__3,300,closure,INC0000128,True,INC0000128__2,0.39999999999999997,0.35,-0.04999999999999999,complete,0,1,Category 44,Category 44_restored,Active,29/2/2016 13:40
INC0000128__4,301,closure,INC0000128,True,INC0000128__3,0.35,0.3,-0.04999999999999999,complete,0,1,Category 44,Category 44_restored,Active,4/3/2016 14:57
INC0000128__5,302,closure,INC0000128,True,INC0000128__4,0.3,0.25,-0.04999999999999999,complete,0,1,Category 44,Category 44_restored,Resolved,11/3/2016 12:15
INC0000128__6,303,closure,INC0000128,True,INC0000128__5,0.25,0.2,-0.04999999999999999,complete,0,1,Category 44,Category 44_restored,Closed,24/3/2016 18:50
INC0000129__0,304,source,INC0000129,False,,0.44999999999999996,0.44999999999999996,0.0,none,0,0,Category 23,Category 23,New,29/2/2016 09:48
INC0000129__1,305,closure,INC0000129,True,INC0000129__0,0.44999999999999996,0.44999999999999996,0.0,complete,0,1,Category 23,Category 23_restored,Awaiting User Info,29/2/2016 12:32
INC0000129__2,306,closure,INC0000129,True,INC0000129__1,0.44999999999999996,0.44999999999999996,0.0,complete,0,1,Category 23,Category 23_restored,Awaiting User Info,3/3/2016 04:24
INC0000129__3,307,closure,INC0000129,True,INC0000129__2,0.44999999999999996,0.44999999999999996,0.0,complete,0,1,Category 23,Category 23_restored,Awaiting User Info,3/3/2016 14:24
INC0000129__4,308,closure,INC0000129,True,INC0000129__3,0.44999999999999996,0.44999999999999996,0.0,complete,0,1,Category 23,Category 23_restored,Awaiting User Info,4/3/2016 11:19
INC0000129__5,309,closure,INC0000129,True,INC0000129__4,0.44999999999999996,0.44999999999999996,0.0,complete,0,1,Category 23,Category 23_restored,Awaiting User Info,4/3/2016 13:48
INC0000129__6,310,closure,INC0000129,True,INC0000129__5,0.44999999999999996,0.44999999999999996,0.0,complete,0,1,Category 23,Category 23_restored,Awaiting User Info,9/3/2016 10:58
INC0000129__7,311,closure,INC0000129,True,INC0000129__6,0.44999999999999996,0.39999999999999997,-0.04999999999999999,complete,0,1,Category 23,Category 23_restored,Awaiting User Info,9/3/2016 11:13
INC0000129__8,312,closure,INC0000129,True,INC0000129__7,0.39999999999999997,0.35,-0.04999999999999999,complete,0,1,Category 23,Category 23_restored,Awaiting User Info,22/3/2016 12:31
INC0000129__9,313,closure,INC0000129,True,INC0000129__8,0.35,0.3,-0.04999999999999999,complete,0,1,Category 23,Category 23_restored,Awaiting User Info,22/3/2016 13:15
INC0000129__10,314,closure,INC0000129,True,INC0000129__9,0.3,0.25,-0.04999999999999999,complete,0,1,Category 23,Category 23_restored,Awaiting User Info,22/3/2016 13:18
INC0000129__11,315,closure,INC0000129,True,INC0000129__10,0.25,0.2,-0.04999999999999999,complete,0,1,Category 23,Category 23_restored,Resolved,22/3/2016 13:30
INC0000129__12,316,closure,INC0000129,True,INC0000129__11,0.2,0.15000000000000002,-0.04999999999999999,complete,0,1,Category 23,Category 23_restored,Closed,27/3/2016 13:59
INC0000130__0,317,source,INC0000130,False,,0.44999999999999996,0.44999999999999996,0.0,none,0,0,Category 61,Category 61,New,29/2/2016 07:27
INC0000130__1,318,closure,INC0000130,True,INC0000130__0,0.44999999999999996,0.39999999999999997,-0.04999999999999999,complete,0,1,Category 61,Category 61_restored,New,29/2/2016 09:59
INC0000130__2,319,closure,INC0000130,True,INC0000130__1,0.39999999999999997,0.35,-0.04999999999999999,complete,0,1,Category 61,Category 61_restored,Active,1/3/2016 14:13
INC0000130__3,320,closure,INC0000130,True,INC0000130__2,0.35,0.3,-0.04999999999999999,complete,0,1,Category 61,Category 61_restored,Active,3/3/2016 10:16
INC0000130__4,321,closure,INC0000130,True,INC0000130__3,0.3,0.25,-0.04999999999999999,complete,0,1,Category 61,Category 61_restored,Resolved,3/3/2016 10:16
INC0000130__5,322,closure,INC0000130,True,INC0000130__4,0.25,0.2,-0.04999999999999999,complete,0,1,Category 61,Category 61_restored,Closed,8/3/2016 11:00
INC0000131__0,323,source,INC0000131,False,,0.44999999999999996,0.44999999999999996,0.0,none,0,0,Category 45,Category 45,Active,29/2/2016 07:14
INC0000131__1,324,closure,INC0000131,True,INC0000131__0,0.44999999999999996,0.44999999999999996,0.0,complete,0,1,Category 45,Category 45_restored,Awaiting User Info,29/2/2016 09:45
INC0000131__2,325,closure,INC0000131,True,INC0000131__1,0.44999999999999996,0.44999999999999996,0.0,complete,0,1,Category 45,Category 45_restored,Resolved,3/3/2016 09:27
INC0000131__3,326,closure,INC0000131,True,INC0000131__2,0.44999999999999996,0.35,-0.09999999999999998,complete,0,1,Category 45,Category 45_restored,Closed,8/3/2016 10:00
INC0000132__0,327,source,INC0000132,False,,0.44999999999999996,0.44999999999999996,0.0,none,0,0,Category 9,Category 9,New,29/2/2016 09:50
INC0000132__1,328,closure,INC0000132,True,INC0000132__0,0.44999999999999996,0.39999999999999997,-0.04999999999999999,complete,0,1,Category 9,Category 9_restored,New,29/2/2016 11:54
INC0000132__2,329,closure,INC0000132,True,INC0000132__1,0.39999999999999997,0.35,-0.04999999999999999,complete,0,1,Category 9,Category 9_restored,New,2/3/2016 13:23
INC0000132__3,330,closure,INC0000132,True,INC0000132__2,0.35,0.3,-0.04999999999999999,complete,0,1,Category 9,Category 9_restored,Active,2/3/2016 16:36
INC0000132__4,331,closure,INC0000132,True,INC0000132__3,0.3,0.25,-0.04999999999999999,complete,0,1,Category 9,Category 9_restored,Resolved,3/3/2016 15:18
INC0000132__5,332,closure,INC0000132,True,INC0000132__4,0.25,0.2,-0.04999999999999999,complete,0,1,Category 9,Category 9_restored,Closed,8/3/2016 16:00
INC0000134__0,333,source,INC0000134,False,,0.23333333333333334,0.23333333333333334,0.0,none,0,0,Category 62,Category 62,New,29/2/2016 07:55
INC0000134__1,334,closure,INC0000134,True,INC0000134__0,0.23333333333333334,0.18333333333333335,-0.04999999999999999,complete,0,1,Category 62,Category 62_restored,New,29/2/2016 09:52
INC0000134__2,335,closure,INC0000134,True,INC0000134__1,0.18333333333333335,0.13333333333333336,-0.04999999999999999,complete,0,1,Category 62,Category 62_restored,Active,1/3/2016 14:13
INC0000134__3,336,closure,INC0000134,True,INC0000134__2,0.13333333333333336,0.08333333333333336,-0.05,complete,0,1,Category 62,Category 62_restored,Resolved,3/3/2016 08:21
INC0000134__4,337,closure,INC0000134,True,INC0000134__3,0.08333333333333336,0.033333333333333354,-0.05,complete,0,1,Category 62,Category 62_restored,Closed,8/3/2016 09:00
INC0000135__0,338,source,INC0000135,False,,0.44999999999999996,0.44999999999999996,0.0,none,0,0,Category 53,Category 53,Active,29/2/2016 09:27
INC0000135__1,339,closure,INC0000135,True,INC0000135__0,0.44999999999999996,0.44999999999999996,0.0,complete,0,1,Category 53,Category 53_restored,Active,29/2/2016 11:45
INC0000135__2,340,closure,INC0000135,True,INC0000135__1,0.44999999999999996,0.44999999999999996,0.0,complete,0,1,Category 53,Category 53_restored,Active,29/2/2016 11:56
INC0000135__3,341,closure,INC0000135,True,INC0000135__2,0.44999999999999996,0.44999999999999996,0.0,complete,0,1,Category 53,Category 53_restored,Active,29/2/2016 14:55
INC0000135__4,342,closure,INC0000135,True,INC0000135__3,0.44999999999999996,0.44999999999999996,0.0,complete,0,1,Category 53,Category 53_restored,Active,29/2/2016 15:25
INC0000135__5,343,closure,INC0000135,True,INC0000135__4,0.44999999999999996,0.44999999999999996,0.0,complete,0,1,Category 53,Category 53_restored,Resolved,29/2/2016 15:27
INC0000135__6,344,closure,INC0000135,True,INC0000135__5,0.44999999999999996,0.44999999999999996,0.0,complete,0,1,Category 53,Category 53_restored,Resolved,29/2/2016 16:17
INC0000135__7,345,closure,INC0000135,True,INC0000135__6,0.44999999999999996,0.35,-0.09999999999999998,complete,0,1,Category 53,Category 53_restored,Closed,5/3/2016 17:00
INC0000137__0,346,source,INC0000137,False,,0.44999999999999996,0.44999999999999996,0.0,none,0,0,Category 32,Category 32,New,29/2/2016 09:52
INC0000137__1,347,closure,INC0000137,True,INC0000137__0,0.44999999999999996,0.44999999999999996,0.0,complete,0,1,Category 32,Category 32_restored,Resolved,29/2/2016 11:03
INC0000137__2,348,closure,INC0000137,True,INC0000137__1,0.44999999999999996,0.44999999999999996,0.0,complete,0,1,Category 32,Category 32_restored,New,29/2/2016 11:10
INC0000137__3,349,closure,INC0000137,True,INC0000137__2,0.44999999999999996,0.35,-0.09999999999999998,complete,0,1,Category 32,Category 32_restored,Closed,5/3/2016 12:00
INC0000139__0,350,source,INC0000139,False,,0.44999999999999996,0.44999999999999996,0.0,none,0,0,Category 53,Category 53,New,29/2/2016 10:16
INC0000139__1,351,closure,INC0000139,True,INC0000139__0,0.44999999999999996,0.44999999999999996,0.0,complete,0,1,Category 53,Category 53_restored,New,29/2/2016 10:18
INC0000139__2,352,closure,INC0000139,True,INC0000139__1,0.44999999999999996,0.39999999999999997,-0.04999999999999999,complete,0,1,Category 53,Category 53_restored,New,29/2/2016 17:19
INC0000139__3,353,closure,INC0000139,True,INC0000139__2,0.39999999999999997,0.35,-0.04999999999999999,complete,0,1,Category 53,Category 53_restored,New,1/3/2016 09:54
INC0000139__4,354,closure,INC0000139,True,INC0000139__3,0.35,0.3,-0.04999999999999999,complete,0,1,Category 53,Category 53_restored,Resolved,1/3/2016 09:56
INC0000139__5,355,closure,INC0000139,True,INC0000139__4,0.3,0.25,-0.04999999999999999,complete,0,1,Category 53,Category 53_restored,Closed,6/3/2016 10:00
INC0000140__0,356,source,INC0000140,False,,0.44999999999999996,0.44999999999999996,0.0,none,0,0,Category 9,Category 9,Active,29/2/2016 09:54
INC0000140__1,357,closure,INC0000140,True,INC0000140__0,0.44999999999999996,0.44999999999999996,0.0,complete,0,1,Category 9,Category 9_restored,Active,29/2/2016 10:03
INC0000140__2,358,closure,INC0000140,True,INC0000140__1,0.44999999999999996,0.44999999999999996,0.0,complete,0,1,Category 9,Category 9_restored,Active,29/2/2016 10:07
INC0000140__3,359,closure,INC0000140,True,INC0000140__2,0.44999999999999996,0.39999999999999997,-0.04999999999999999,complete,0,1,Category 9,Category 9_restored,Active,29/2/2016 10:10
INC0000140__4,360,closure,INC0000140,True,INC0000140__3,0.39999999999999997,0.35,-0.04999999999999999,complete,0,1,Category 9,Category 9_restored,Active,2/3/2016 09:12
INC0000140__5,361,closure,INC0000140,True,INC0000140__4,0.35,0.3,-0.04999999999999999,complete,0,1,Category 9,Category 9_restored,Resolved,3/3/2016 11:59
INC0000140__6,362,closure,INC0000140,True,INC0000140__5,0.3,0.25,-0.04999999999999999,complete,0,1,Category 9,Category 9_restored,Closed,8/3/2016 12:00
INC0000141__0,363,source,INC0000141,False,,0.44999999999999996,0.44999999999999996,0.0,none,0,0,Category 53,Category 53,Active,29/2/2016 09:54
INC0000141__1,364,closure,INC0000141,True,INC0000141__0,0.44999999999999996,0.44999999999999996,0.0,complete,0,1,Category 53,Category 53_restored,Active,29/2/2016 09:57
INC0000141__2,365,closure,INC0000141,True,INC0000141__1,0.44999999999999996,0.44999999999999996,0.0,complete,0,1,Category 53,Category 53_restored,Resolved,2/3/2016 14:58
INC0000141__3,366,closure,INC0000141,True,INC0000141__2,0.44999999999999996,0.35,-0.09999999999999998,complete,0,1,Category 53,Category 53_restored,Closed,7/3/2016 15:00
INC0000146__0,367,source,INC0000146,False,,0.44999999999999996,0.44999999999999996,0.0,none,0,0,Category 53,Category 53,New,29/2/2016 10:02
INC0000146__1,368,closure,INC0000146,True,INC0000146__0,0.44999999999999996,0.44999999999999996,0.0,complete,0,1,Category 53,Category 53_restored,New,29/2/2016 10:08
INC0000146__2,369,closure,INC0000146,True,INC0000146__1,0.44999999999999996,0.44999999999999996,0.0,complete,0,1,Category 53,Category 53_restored,Resolved,2/3/2016 14:59
INC0000146__3,370,closure,INC0000146,True,INC0000146__2,0.44999999999999996,0.35,-0.09999999999999998,complete,0,1,Category 53,Category 53_restored,Closed,7/3/2016 15:00
INC0000147__0,371,source,INC0000147,False,,0.44999999999999996,0.44999999999999996,0.0,none,0,0,Category 53,Category 53,Active,29/2/2016 10:08
INC0000147__1,372,closure,INC0000147,True,INC0000147__0,0.44999999999999996,0.44999999999999996,0.0,complete,0,1,Category 53,Category 53_restored,Active,29/2/2016 10:26
INC0000147__2,373,closure,INC0000147,True,INC0000147__1,0.44999999999999996,0.39999999999999997,-0.04999999999999999,complete,0,1,Category 53,Category 53_restored,Active,29/2/2016 13:48
INC0000147__3,374,closure,INC0000147,True,INC0000147__2,0.39999999999999997,0.35,-0.04999999999999999,complete,0,1,Category 53,Category 53_restored,Active,3/3/2016 14:38
INC0000147__4,375,closure,INC0000147,True,INC0000147__3,0.35,0.3,-0.04999999999999999,complete,0,1,Category 53,Category 53_restored,Active,8/3/2016 13:32
INC0000147__5,376,closure,INC0000147,True,INC0000147__4,0.3,0.25,-0.04999999999999999,complete,0,1,Category 53,Category 53_restored,Resolved,14/3/2016 09:49
INC0000147__6,377,closure,INC0000147,True,INC0000147__5,0.25,0.2,-0.04999999999999999,complete,0,1,Category 53,Category 53_restored,Closed,19/3/2016 10:00
INC0000148__0,378,source,INC0000148,False,,0.44999999999999996,0.44999999999999996,0.0,none,0,0,Category 53,Category 53,New,29/2/2016 10:04
INC0000148__1,379,closure,INC0000148,True,INC0000148__0,0.44999999999999996,0.44999999999999996,0.0,complete,0,1,Category 53,Category 53_restored,New,29/2/2016 10:12
INC0000148__2,380,closure,INC0000148,True,INC0000148__1,0.44999999999999996,0.44999999999999996,0.0,complete,0,1,Category 53,Category 53_restored,Resolved,2/3/2016 15:00
INC0000148__3,381,closure,INC0000148,True,INC0000148__2,0.44999999999999996,0.35,-0.09999999999999998,complete,0,1,Category 53,Category 53_restored,Closed,7/3/2016 16:00
INC0000149__0,382,source,INC0000149,False,,0.44999999999999996,0.44999999999999996,0.0,none,0,0,Category 53,Category 53,New,29/2/2016 10:06
INC0000149__1,383,closure,INC0000149,True,INC0000149__0,0.44999999999999996,0.44999999999999996,0.0,complete,0,1,Category 53,Category 53_restored,New,29/2/2016 10:11
INC0000149__2,384,closure,INC0000149,True,INC0000149__1,0.44999999999999996,0.44999999999999996,0.0,complete,0,1,Category 53,Category 53_restored,Resolved,2/3/2016 15:01
INC0000149__3,385,closure,INC0000149,True,INC0000149__2,0.44999999999999996,0.35,-0.09999999999999998,complete,0,1,Category 53,Category 53_restored,Closed,7/3/2016 16:00
INC0000152__0,386,source,INC0000152,False,,0.44999999999999996,0.44999999999999996,0.0,none,0,0,Category 53,Category 53,New,29/2/2016 10:16
INC0000152__1,387,closure,INC0000152,True,INC0000152__0,0.44999999999999996,0.44999999999999996,0.0,complete,0,1,Category 53,Category 53_restored,Awaiting User Info,1/3/2016 14:28
INC0000152__2,388,closure,INC0000152,True,INC0000152__1,0.44999999999999996,0.44999999999999996,0.0,complete,0,1,Category 53,Category 53_restored,Awaiting User Info,1/3/2016 14:29
INC0000152__3,389,closure,INC0000152,True,INC0000152__2,0.44999999999999996,0.44999999999999996,0.0,complete,0,1,Category 53,Category 53_restored,Resolved,3/3/2016 09:23
INC0000152__4,390,closure,INC0000152,True,INC0000152__3,0.44999999999999996,0.35,-0.09999999999999998,complete,0,1,Category 53,Category 53_restored,Closed,8/3/2016 10:00
INC0000153__0,391,source,INC0000153,False,,0.44999999999999996,0.44999999999999996,0.0,none,0,0,Category 53,Category 53,New,29/2/2016 10:11
INC0000153__1,392,closure,INC0000153,True,INC0000153__0,0.44999999999999996,0.44999999999999996,0.0,complete,0,1,Category 53,Category 53_restored,New,29/2/2016 10:12
INC0000153__2,393,closure,INC0000153,True,INC0000153__1,0.44999999999999996,0.44999999999999996,0.0,complete,0,1,Category 53,Category 53_restored,Resolved,2/3/2016 14:55
INC0000153__3,394,closure,INC0000153,True,INC0000153__2,0.44999999999999996,0.35,-0.09999999999999998,complete,0,1,Category 53,Category 53_restored,Closed,7/3/2016 15:00
INC0000155__0,395,source,INC0000155,False,,0.44999999999999996,0.44999999999999996,0.0,none,0,0,Category 53,Category 53,New,29/2/2016 10:13
INC0000155__1,396,closure,INC0000155,True,INC0000155__0,0.44999999999999996,0.44999999999999996,0.0,complete,0,1,Category 53,Category 53_restored,New,29/2/2016 10:19
INC0000155__2,397,closure,INC0000155,True,INC0000155__1,0.44999999999999996,0.44999999999999996,0.0,complete,0,1,Category 53,Category 53_restored,Resolved,2/3/2016 15:02
INC0000155__3,398,closure,INC0000155,True,INC0000155__2,0.44999999999999996,0.35,-0.09999999999999998,complete,0,1,Category 53,Category 53_restored,Closed,7/3/2016 16:00
INC0000156__0,399,source,INC0000156,False,,0.44999999999999996,0.44999999999999996,0.0,none,0,0,Category 53,Category 53,New,29/2/2016 10:18
INC0000156__1,400,closure,INC0000156,True,INC0000156__0,0.44999999999999996,0.44999999999999996,0.0,complete,0,1,Category 53,Category 53_restored,New,29/2/2016 10:19
INC0000156__2,401,closure,INC0000156,True,INC0000156__1,0.44999999999999996,0.44999999999999996,0.0,complete,0,1,Category 53,Category 53_restored,Resolved,2/3/2016 15:02
INC0000156__3,402,closure,INC0000156,True,INC0000156__2,0.44999999999999996,0.35,-0.09999999999999998,complete,0,1,Category 53,Category 53_restored,Closed,7/3/2016 16:00
INC0000159__0,403,source,INC0000159,False,,0.44999999999999996,0.44999999999999996,0.0,none,0,0,Category 24,Category 24,New,29/2/2016 10:22
INC0000159__1,404,closure,INC0000159,True,INC0000159__0,0.44999999999999996,0.44999999999999996,0.0,complete,0,1,Category 24,Category 24_restored,New,29/2/2016 10:23
INC0000159__2,405,closure,INC0000159,True,INC0000159__1,0.44999999999999996,0.39999999999999997,-0.04999999999999999,complete,0,1,Category 24,Category 24_restored,New,29/2/2016 10:27
INC0000159__3,406,closure,INC0000159,True,INC0000159__2,0.39999999999999997,0.35,-0.04999999999999999,complete,0,1,Category 24,Category 24_restored,Resolved,2/3/2016 09:01
INC0000159__4,407,closure,INC0000159,True,INC0000159__3,0.35,0.3,-0.04999999999999999,complete,0,1,Category 24,Category 24_restored,Resolved,2/3/2016 10:09
INC0000159__5,408,closure,INC0000159,True,INC0000159__4,0.3,0.25,-0.04999999999999999,complete,0,1,Category 24,Category 24_restored,Closed,7/3/2016 11:00
INC0000161__0,409,source,INC0000161,False,,0.44999999999999996,0.44999999999999996,0.0,none,0,0,Category 37,Category 37,New,29/2/2016 10:30
INC0000161__1,410,closure,INC0000161,True,INC0000161__0,0.44999999999999996,0.44999999999999996,0.0,complete,0,1,Category 37,Category 37_restored,New,29/2/2016 10:32
INC0000161__2,411,closure,INC0000161,True,INC0000161__1,0.44999999999999996,0.39999999999999997,-0.04999999999999999,complete,0,1,Category 37,Category 37_restored,New,29/2/2016 10:39
INC0000161__3,412,closure,INC0000161,True,INC0000161__2,0.39999999999999997,0.35,-0.04999999999999999,complete,0,1,Category 37,Category 37_restored,New,1/3/2016 01:23
INC0000161__4,413,closure,INC0000161,True,INC0000161__3,0.35,0.3,-0.04999999999999999,complete,0,1,Category 37,Category 37_restored,New,2/3/2016 14:31
INC0000161__5,414,closure,INC0000161,True,INC0000161__4,0.3,0.2633333333333333,-0.03666666666666668,complete,0,1,Category 37,Category 37_restored,New,3/3/2016 12:02
INC0000161__6,415,closure,INC0000161,True,INC0000161__5,0.2633333333333333,0.2633333333333333,0.0,complete,0,1,Category 37,Category 37_restored,New,3/3/2016 14:24
INC0000161__7,416,closure,INC0000161,True,INC0000161__6,0.2633333333333333,0.2633333333333333,0.0,complete,0,1,Category 37,Category 37_restored,Awaiting User Info,3/3/2016 14:24
INC0000161__8,417,closure,INC0000161,True,INC0000161__7,0.2633333333333333,0.2633333333333333,0.0,complete,0,1,Category 37,Category 37_restored,Awaiting User Info,8/3/2016 09:22
INC0000161__9,418,closure,INC0000161,True,INC0000161__8,0.2633333333333333,0.2633333333333333,0.0,complete,0,1,Category 37,Category 37_restored,Resolved,8/3/2016 09:22
INC0000161__10,419,closure,INC0000161,True,INC0000161__9,0.2633333333333333,0.21333333333333332,-0.04999999999999999,complete,0,1,Category 37,Category 37_restored,Closed,24/3/2016 18:40
INC0000164__0,420,source,INC0000164,False,,0.44999999999999996,0.44999999999999996,0.0,none,0,0,Category 32,Category 32,New,29/2/2016 08:53
INC0000164__1,421,closure,INC0000164,True,INC0000164__0,0.44999999999999996,0.39999999999999997,-0.04999999999999999,complete,0,1,Category 53,Category 53_restored,Active,29/2/2016 23:20
INC0000164__2,422,closure,INC0000164,True,INC0000164__1,0.39999999999999997,0.35,-0.04999999999999999,complete,0,1,Category 53,Category 53_restored,Active,1/3/2016 11:56
INC0000164__3,423,closure,INC0000164,True,INC0000164__2,0.35,0.3,-0.04999999999999999,complete,0,1,Category 53,Category 53_restored,Active,3/3/2016 14:32
INC0000164__4,424,closure,INC0000164,True,INC0000164__3,0.3,0.25,-0.04999999999999999,complete,0,1,Category 53,Category 53_restored,Active,3/3/2016 14:34
INC0000164__5,425,closure,INC0000164,True,INC0000164__4,0.25,0.2,-0.04999999999999999,complete,0,1,Category 53,Category 53_restored,Resolved,3/3/2016 14:34
INC0000164__6,426,closure,INC0000164,True,INC0000164__5,0.2,0.15000000000000002,-0.04999999999999999,complete,0,1,Category 53,Category 53_restored,Closed,8/3/2016 15:00
INC0000166__0,427,source,INC0000166,False,,0.44999999999999996,0.44999999999999996,0.0,none,0,0,Category 9,Category 9,New,29/2/2016 10:28
INC0000166__1,428,closure,INC0000166,True,INC0000166__0,0.44999999999999996,0.44999999999999996,0.0,complete,0,1,Category 9,Category 9_restored,New,29/2/2016 16:24
INC0000166__2,429,closure,INC0000166,True,INC0000166__1,0.44999999999999996,0.44999999999999996,0.0,complete,0,1,Category 9,Category 9_restored,Resolved,29/2/2016 16:24
INC0000166__3,430,closure,INC0000166,True,INC0000166__2,0.44999999999999996,0.35,-0.09999999999999998,complete,0,1,Category 9,Category 9_restored,Closed,5/3/2016 17:00
INC0000167__0,431,source,INC0000167,False,,0.44999999999999996,0.44999999999999996,0.0,none,0,0,Category 20,Category 20,New,29/2/2016 10:27
INC0000167__1,432,closure,INC0000167,True,INC0000167__0,0.44999999999999996,0.44999999999999996,0.0,complete,0,1,Category 20,Category 20_restored,Active,29/2/2016 10:30
INC0000167__2,433,closure,INC0000167,True,INC0000167__1,0.44999999999999996,0.44999999999999996,0.0,complete,0,1,Category 20,Category 20_restored,Resolved,29/2/2016 11:02
INC0000167__3,434,closure,INC0000167,True,INC0000167__2,0.44999999999999996,0.35,-0.09999999999999998,complete,0,1,Category 20,Category 20_restored,Closed,5/3/2016 12:00
INC0000171__0,435,source,INC0000171,False,,0.44999999999999996,0.44999999999999996,0.0,none,0,0,Category 24,Category 24,New,29/2/2016 10:33
INC0000171__1,436,closure,INC0000171,True,INC0000171__0,0.44999999999999996,0.39999999999999997,-0.04999999999999999,complete,0,1,Category 24,Category 24_restored,New,29/2/2016 10:38
INC0000171__2,437,closure,INC0000171,True,INC0000171__1,0.39999999999999997,0.35,-0.04999999999999999,complete,0,1,Category 24,Category 24_restored,New,1/3/2016 15:15
INC0000171__3,438,closure,INC0000171,True,INC0000171__2,0.35,0.3,-0.04999999999999999,complete,0,1,Category 24,Category 24_restored,Awaiting User Info,1/3/2016 15:15
INC0000171__4,439,closure,INC0000171,True,INC0000171__3,0.3,0.25,-0.04999999999999999,complete,0,1,Category 24,Category 24_restored,Awaiting User Info,3/3/2016 14:46
INC0000171__5,440,closure,INC0000171,True,INC0000171__4,0.25,0.2,-0.04999999999999999,complete,0,1,Category 24,Category 24_restored,Awaiting User Info,4/3/2016 15:05
INC0000171__6,441,closure,INC0000171,True,INC0000171__5,0.2,0.15000000000000002,-0.04999999999999999,complete,0,1,Category 24,Category 24_restored,Awaiting User Info,4/3/2016 17:52
INC0000171__7,442,closure,INC0000171,True,INC0000171__6,0.15000000000000002,0.10000000000000002,-0.05,complete,0,1,Category 24,Category 24_restored,Awaiting User Info,14/3/2016 09:19
INC0000171__8,443,closure,INC0000171,True,INC0000171__7,0.10000000000000002,0.05000000000000002,-0.05,complete,0,1,Category 24,Category 24_restored,Awaiting User Info,16/3/2016 16:00
INC0000171__9,444,closure,INC0000171,True,INC0000171__8,0.05000000000000002,1.3877787807814457e-17,-0.05,complete,0,1,Category 24,Category 24_restored,Awaiting User Info,17/3/2016 10:27
INC0000171__10,445,closure,INC0000171,True,INC0000171__9,1.3877787807814457e-17,0.0,-1.3877787807814457e-17,complete,0,1,Category 24,Category 24_restored,Awaiting User Info,18/3/2016 13:43
INC0000171__11,446,closure,INC0000171,True,INC0000171__10,0.0,0.0,0.0,complete,0,1,Category 24,Category 24_restored,Awaiting User Info,18/3/2016 13:43
INC0000171__12,447,closure,INC0000171,True,INC0000171__11,0.0,0.0,0.0,complete,0,1,Category 24,Category 24_restored,Resolved,18/3/2016 13:44
INC0000171__13,448,closure,INC0000171,True,INC0000171__12,0.0,0.0,0.0,complete,0,1,Category 24,Category 24_restored,Closed,24/3/2016 18:59
INC0000172__0,449,source,INC0000172,False,,0.44999999999999996,0.44999999999999996,0.0,none,0,0,Category 23,Category 23,New,29/2/2016 10:38
INC0000172__1,450,closure,INC0000172,True,INC0000172__0,0.44999999999999996,0.44999999999999996,0.0,complete,0,1,Category 23,Category 23_restored,New,29/2/2016 10:43
INC0000172__2,451,closure,INC0000172,True,INC0000172__1,0.44999999999999996,0.44999999999999996,0.0,complete,0,1,Category 23,Category 23_restored,New,29/2/2016 11:06
INC0000172__3,452,closure,INC0000172,True,INC0000172__2,0.44999999999999996,0.44999999999999996,0.0,complete,0,1,Category 23,Category 23_restored,Active,29/2/2016 11:06
INC0000172__4,453,closure,INC0000172,True,INC0000172__3,0.44999999999999996,0.44999999999999996,0.0,complete,0,1,Category 23,Category 23_restored,Active,29/2/2016 11:06
INC0000172__5,454,closure,INC0000172,True,INC0000172__4,0.44999999999999996,0.39999999999999997,-0.04999999999999999,complete,0,1,Category 23,Category 23_restored,Active,29/2/2016 13:17
INC0000172__6,455,closure,INC0000172,True,INC0000172__5,0.39999999999999997,0.35,-0.04999999999999999,complete,0,1,Category 23,Category 23_restored,Awaiting User Info,29/2/2016 16:23
INC0000172__7,456,closure,INC0000172,True,INC0000172__6,0.35,0.3,-0.04999999999999999,complete,0,1,Category 23,Category 23_restored,Awaiting User Info,29/2/2016 18:22
INC0000172__8,457,closure,INC0000172,True,INC0000172__7,0.3,0.25,-0.04999999999999999,complete,0,1,Category 23,Category 23_restored,Resolved,29/2/2016 18:24
INC0000172__9,458,closure,INC0000172,True,INC0000172__8,0.25,0.2,-0.04999999999999999,complete,0,1,Category 23,Category 23_restored,Closed,5/3/2016 19:00
INC0000173__0,459,source,INC0000173,False,,0.30000000000000004,0.30000000000000004,0.0,none,0,0,Category 55,Category 55,New,29/2/2016 10:39
INC0000173__1,460,closure,INC0000173,True,INC0000173__0,0.30000000000000004,0.30000000000000004,0.0,complete,0,1,Category 55,Category 55_restored,New,29/2/2016 10:40
INC0000173__2,461,closure,INC0000173,True,INC0000173__1,0.30000000000000004,0.25000000000000006,-0.04999999999999999,complete,0,1,Category 55,Category 55_restored,Active,29/2/2016 10:48
INC0000173__3,462,closure,INC0000173,True,INC0000173__2,0.25000000000000006,0.20000000000000007,-0.04999999999999999,complete,0,1,Category 55,Category 55_restored,Awaiting User Info,21/3/2016 11:06
INC0000173__4,463,closure,INC0000173,True,INC0000173__3,0.20000000000000007,0.15000000000000008,-0.04999999999999999,complete,0,1,Category 55,Category 55_restored,Awaiting User Info,11/4/2016 14:47
INC0000173__5,464,closure,INC0000173,True,INC0000173__4,0.15000000000000008,0.10000000000000007,-0.05,complete,0,1,Category 55,Category 55_restored,Awaiting User Info,11/4/2016 14:49
INC0000173__6,465,closure,INC0000173,True,INC0000173__5,0.10000000000000007,0.05000000000000007,-0.05,complete,0,1,Category 55,Category 55_restored,Resolved,11/4/2016 14:49
INC0000173__7,466,closure,INC0000173,True,INC0000173__6,0.05000000000000007,6.938893903907228e-17,-0.05,complete,0,1,Category 55,Category 55_restored,Closed,16/4/2016 15:07
INC0000174__0,467,source,INC0000174,False,,0.44999999999999996,0.44999999999999996,0.0,none,0,0,Category 32,Category 32,New,29/2/2016 10:52
INC0000174__1,468,closure,INC0000174,True,INC0000174__0,0.44999999999999996,0.44999999999999996,0.0,complete,0,1,Category 32,Category 32_restored,New,1/3/2016 01:57
INC0000174__2,469,closure,INC0000174,True,INC0000174__1,0.44999999999999996,0.44999999999999996,0.0,complete,0,1,Category 32,Category 32_restored,New,2/3/2016 00:33
INC0000174__3,470,closure,INC0000174,True,INC0000174__2,0.44999999999999996,0.39999999999999997,-0.04999999999999999,complete,0,1,Category 32,Category 32_restored,New,2/3/2016 00:58
INC0000174__4,471,closure,INC0000174,True,INC0000174__3,0.39999999999999997,0.35,-0.04999999999999999,complete,0,1,Category 32,Category 32_restored,New,2/3/2016 13:01
INC0000174__5,472,closure,INC0000174,True,INC0000174__4,0.35,0.3,-0.04999999999999999,complete,0,1,Category 32,Category 32_restored,Resolved,2/3/2016 13:01
INC0000174__6,473,closure,INC0000174,True,INC0000174__5,0.3,0.25,-0.04999999999999999,complete,0,1,Category 32,Category 32_restored,Closed,2/3/2016 13:02
INC0000178__0,474,source,INC0000178,False,,0.44999999999999996,0.44999999999999996,0.0,none,0,0,Category 20,Category 20,New,29/2/2016 10:45
INC0000178__1,475,closure,INC0000178,True,INC0000178__0,0.44999999999999996,0.44999999999999996,0.0,complete,0,1,Category 20,Category 20_restored,New,29/2/2016 11:07
INC0000178__2,476,closure,INC0000178,True,INC0000178__1,0.44999999999999996,0.44999999999999996,0.0,complete,0,1,Category 20,Category 20_restored,Resolved,29/2/2016 11:55
INC0000178__3,477,closure,INC0000178,True,INC0000178__2,0.44999999999999996,0.35,-0.09999999999999998,complete,0,1,Category 20,Category 20_restored,Closed,5/3/2016 12:00
INC0000193__0,478,source,INC0000193,False,,0.44999999999999996,0.44999999999999996,0.0,none,0,0,Category 37,Category 37,New,29/2/2016 11:27
INC0000193__1,479,closure,INC0000193,True,INC0000193__0,0.44999999999999996,0.44999999999999996,0.0,complete,0,1,Category 37,Category 37_restored,Active,29/2/2016 11:27
INC0000193__2,480,closure,INC0000193,True,INC0000193__1,0.44999999999999996,0.39999999999999997,-0.04999999999999999,complete,0,1,Category 37,Category 37_restored,Active,1/3/2016 13:15
INC0000193__3,481,closure,INC0000193,True,INC0000193__2,0.39999999999999997,0.35,-0.04999999999999999,complete,0,1,Category 37,Category 37_restored,Active,1/3/2016 16:01
INC0000193__4,482,closure,INC0000193,True,INC0000193__3,0.35,0.3,-0.04999999999999999,complete,0,1,Category 37,Category 37_restored,Resolved,1/3/2016 16:03
INC0000193__5,483,closure,INC0000193,True,INC0000193__4,0.3,0.25,-0.04999999999999999,complete,0,1,Category 37,Category 37_restored,Closed,6/3/2016 17:00
INC0000195__0,484,source,INC0000195,False,,0.44999999999999996,0.44999999999999996,0.0,none,0,0,Category 53,Category 53,Active,29/2/2016 11:04
INC0000195__1,485,closure,INC0000195,True,INC0000195__0,0.44999999999999996,0.44999999999999996,0.0,complete,0,1,Category 53,Category 53_restored,Active,29/2/2016 11:07
INC0000195__2,486,closure,INC0000195,True,INC0000195__1,0.44999999999999996,0.44999999999999996,0.0,complete,0,1,Category 53,Category 53_restored,Resolved,2/3/2016 15:15
INC0000195__3,487,closure,INC0000195,True,INC0000195__2,0.44999999999999996,0.35,-0.09999999999999998,complete,0,1,Category 53,Category 53_restored,Closed,7/3/2016 16:00
INC0000197__0,488,source,INC0000197,False,,0.44999999999999996,0.44999999999999996,0.0,none,0,0,Category 45,Category 45,New,29/2/2016 11:17
INC0000197__1,489,closure,INC0000197,True,INC0000197__0,0.44999999999999996,0.39999999999999997,-0.04999999999999999,complete,0,1,Category 45,Category 45_restored,New,29/2/2016 11:51
INC0000197__2,490,closure,INC0000197,True,INC0000197__1,0.39999999999999997,0.35,-0.04999999999999999,complete,0,1,Category 45,Category 45_restored,New,7/3/2016 08:52
INC0000197__3,491,closure,INC0000197,True,INC0000197__2,0.35,0.3,-0.04999999999999999,complete,0,1,Category 45,Category 45_restored,New,7/3/2016 09:50
INC0000197__4,492,closure,INC0000197,True,INC0000197__3,0.3,0.25,-0.04999999999999999,complete,0,1,Category 45,Category 45_restored,Active,7/3/2016 14:35
INC0000197__5,493,closure,INC0000197,True,INC0000197__4,0.25,0.2,-0.04999999999999999,complete,0,1,Category 45,Category 45_restored,Active,7/3/2016 15:04
INC0000197__6,494,closure,INC0000197,True,INC0000197__5,0.2,0.15000000000000002,-0.04999999999999999,complete,0,1,Category 45,Category 45_restored,Awaiting User Info,7/3/2016 15:04
INC0000197__7,495,closure,INC0000197,True,INC0000197__6,0.15000000000000002,0.10000000000000002,-0.05,complete,0,1,Category 45,Category 45_restored,Awaiting User Info,8/3/2016 13:45
INC0000197__8,496,closure,INC0000197,True,INC0000197__7,0.10000000000000002,0.05000000000000002,-0.05,complete,0,1,Category 45,Category 45_restored,Active,9/3/2016 08:12
INC0000197__9,497,closure,INC0000197,True,INC0000197__8,0.05000000000000002,1.3877787807814457e-17,-0.05,complete,0,1,Category 45,Category 45_restored,Active,9/3/2016 08:19
INC0000197__10,498,closure,INC0000197,True,INC0000197__9,1.3877787807814457e-17,0.0,-1.3877787807814457e-17,complete,0,1,Category 45,Category 45_restored,Active,9/3/2016 08:24
INC0000197__11,499,closure,INC0000197,True,INC0000197__10,0.0,0.0,0.0,complete,0,1,Category 45,Category 45_restored,Active,9/3/2016 08:24
INC0000197__12,500,closure,INC0000197,True,INC0000197__11,0.0,0.0,0.0,complete,0,1,Category 45,Category 45_restored,Active,9/3/2016 09:18
INC0000197__13,501,closure,INC0000197,True,INC0000197__12,0.0,0.0,0.0,complete,0,1,Category 45,Category 45_restored,Active,9/3/2016 11:46
INC0000197__14,502,closure,INC0000197,True,INC0000197__13,0.0,0.0,0.0,complete,0,1,Category 45,Category 45_restored,Active,9/3/2016 11:46
INC0000197__15,503,closure,INC0000197,True,INC0000197__14,0.0,0.0,0.0,complete,0,1,Category 45,Category 45_restored,Active,14/3/2016 17:03
INC0000197__16,504,closure,INC0000197,True,INC0000197__15,0.0,0.0,0.0,complete,0,1,Category 45,Category 45_restored,Active,15/3/2016 14:09
INC0000197__17,505,closure,INC0000197,True,INC0000197__16,0.0,0.0,0.0,complete,0,1,Category 45,Category 45_restored,Active,15/3/2016 17:41
INC0000197__18,506,closure,INC0000197,True,INC0000197__17,0.0,0.0,0.0,complete,0,1,Category 45,Category 45_restored,Awaiting User Info,15/3/2016 17:41
INC0000197__19,507,closure,INC0000197,True,INC0000197__18,0.0,0.0,0.0,complete,0,1,Category 45,Category 45_restored,Awaiting User Info,22/3/2016 13:30
INC0000197__20,508,closure,INC0000197,True,INC0000197__19,0.0,0.0,0.0,complete,0,1,Category 45,Category 45_restored,Awaiting User Info,24/3/2016 17:12
INC0000197__21,509,closure,INC0000197,True,INC0000197__20,0.0,0.0,0.0,complete,0,1,Category 45,Category 45_restored,Active,29/3/2016 11:26
INC0000197__22,510,closure,INC0000197,True,INC0000197__21,0.0,0.0,0.0,complete,0,1,Category 45,Category 45_restored,Awaiting User Info,29/3/2016 12:57
INC0000197__23,511,closure,INC0000197,True,INC0000197__22,0.0,0.0,0.0,complete,0,1,Category 45,Category 45_restored,Active,31/3/2016 10:09
INC0000197__24,512,closure,INC0000197,True,INC0000197__23,0.0,0.0,0.0,complete,0,1,Category 45,Category 45_restored,Resolved,31/3/2016 11:13
INC0000197__25,513,closure,INC0000197,True,INC0000197__24,0.0,0.0,0.0,complete,0,1,Category 45,Category 45_restored,Closed,5/4/2016 11:59
INC0000204__0,514,source,INC0000204,False,,0.23333333333333334,0.23333333333333334,0.0,none,0,0,Category 53,Category 53,New,29/2/2016 11:42
INC0000204__1,515,closure,INC0000204,True,INC0000204__0,0.23333333333333334,0.23333333333333334,0.0,complete,0,1,Category 53,Category 53_restored,Resolved,29/2/2016 16:43
INC0000204__2,516,closure,INC0000204,True,INC0000204__1,0.23333333333333334,0.23333333333333334,0.0,complete,0,1,Category 53,Category 53_restored,Resolved,29/2/2016 16:43
INC0000204__3,517,closure,INC0000204,True,INC0000204__2,0.23333333333333334,0.13333333333333333,-0.1,complete,0,1,Category 53,Category 53_restored,Closed,5/3/2016 17:00
INC0000207__0,518,source,INC0000207,False,,0.44999999999999996,0.44999999999999996,0.0,none,0,0,Category 9,Category 9,New,29/2/2016 11:19
INC0000207__1,519,closure,INC0000207,True,INC0000207__0,0.44999999999999996,0.44999999999999996,0.0,complete,0,1,Category 9,Category 9_restored,New,29/2/2016 20:14
INC0000207__2,520,closure,INC0000207,True,INC0000207__1,0.44999999999999996,0.44999999999999996,0.0,complete,0,1,Category 9,Category 9_restored,New,29/2/2016 20:15
INC0000207__3,521,closure,INC0000207,True,INC0000207__2,0.44999999999999996,0.44999999999999996,0.0,complete,0,1,Category 9,Category 9_restored,Resolved,29/2/2016 20:15
INC0000207__4,522,closure,INC0000207,True,INC0000207__3,0.44999999999999996,0.35,-0.09999999999999998,complete,0,1,Category 9,Category 9_restored,Closed,5/3/2016 21:00
INC0000211__0,523,source,INC0000211,False,,0.44999999999999996,0.44999999999999996,0.0,none,0,0,Category 23,Category 23,Active,29/2/2016 11:23
INC0000211__1,524,closure,INC0000211,True,INC0000211__0,0.44999999999999996,0.44999999999999996,0.0,complete,0,1,Category 23,Category 23_restored,Active,1/3/2016 10:38
INC0000211__2,525,closure,INC0000211,True,INC0000211__1,0.44999999999999996,0.44999999999999996,0.0,complete,0,1,Category 23,Category 23_restored,Active,1/3/2016 12:07
INC0000211__3,526,closure,INC0000211,True,INC0000211__2,0.44999999999999996,0.44999999999999996,0.0,complete,0,1,Category 23,Category 23_restored,Resolved,3/3/2016 06:46
INC0000211__4,527,closure,INC0000211,True,INC0000211__3,0.44999999999999996,0.35,-0.09999999999999998,complete,0,1,Category 23,Category 23_restored,Closed,8/3/2016 07:00
INC0000217__0,528,source,INC0000217,False,,0.44999999999999996,0.44999999999999996,0.0,none,0,0,Category 37,Category 37,New,29/2/2016 12:10
INC0000217__1,529,closure,INC0000217,True,INC0000217__0,0.44999999999999996,0.39999999999999997,-0.04999999999999999,complete,0,1,Category 37,Category 37_restored,New,1/3/2016 01:27
INC0000217__2,530,closure,INC0000217,True,INC0000217__1,0.39999999999999997,0.35,-0.04999999999999999,complete,0,1,Category 37,Category 37_restored,New,2/3/2016 14:09
INC0000217__3,531,closure,INC0000217,True,INC0000217__2,0.35,0.3,-0.04999999999999999,complete,0,1,Category 37,Category 37_restored,New,3/3/2016 15:37
INC0000217__4,532,closure,INC0000217,True,INC0000217__3,0.3,0.25,-0.04999999999999999,complete,0,1,Category 37,Category 37_restored,Awaiting User Info,3/3/2016 15:37
INC0000217__5,533,closure,INC0000217,True,INC0000217__4,0.25,0.2,-0.04999999999999999,complete,0,1,Category 37,Category 37_restored,Awaiting User Info,8/3/2016 09:27
INC0000217__6,534,closure,INC0000217,True,INC0000217__5,0.2,0.15000000000000002,-0.04999999999999999,complete,0,1,Category 37,Category 37_restored,Resolved,8/3/2016 09:27
INC0000217__7,535,closure,INC0000217,True,INC0000217__6,0.15000000000000002,0.10000000000000002,-0.05,complete,0,1,Category 37,Category 37_restored,Closed,24/3/2016 18:40
INC0000218__0,536,source,INC0000218,False,,0.44999999999999996,0.44999999999999996,0.0,none,0,0,Category 9,Category 9,New,29/2/2016 11:56
INC0000218__1,537,closure,INC0000218,True,INC0000218__0,0.44999999999999996,0.39999999999999997,-0.04999999999999999,complete,0,1,Category 9,Category 9_restored,New,29/2/2016 11:58
INC0000218__2,538,closure,INC0000218,True,INC0000218__1,0.39999999999999997,0.35,-0.04999999999999999,complete,0,1,Category 9,Category 9_restored,New,29/2/2016 12:03
INC0000218__3,539,closure,INC0000218,True,INC0000218__2,0.35,0.3,-0.04999999999999999,complete,0,1,Category 9,Category 9_restored,New,29/2/2016 12:08
INC0000218__4,540,closure,INC0000218,True,INC0000218__3,0.3,0.25,-0.04999999999999999,complete,0,1,Category 9,Category 9_restored,Resolved,29/2/2016 12:08
INC0000218__5,541,closure,INC0000218,True,INC0000218__4,0.25,0.2,-0.04999999999999999,complete,0,1,Category 9,Category 9_restored,Resolved,29/2/2016 13:36
INC0000218__6,542,closure,INC0000218,True,INC0000218__5,0.2,0.15000000000000002,-0.04999999999999999,complete,0,1,Category 9,Category 9_restored,Closed,5/3/2016 14:00
INC0000220__0,543,source,INC0000220,False,,0.44999999999999996,0.44999999999999996,0.0,none,0,0,Category 53,Category 53,Active,29/2/2016 11:59
INC0000220__1,544,closure,INC0000220,True,INC0000220__0,0.44999999999999996,0.39999999999999997,-0.04999999999999999,complete,0,1,Category 53,Category 53_restored,Active,3/3/2016 15:05
INC0000220__2,545,closure,INC0000220,True,INC0000220__1,0.39999999999999997,0.35,-0.04999999999999999,complete,0,1,Category 53,Category 53_restored,Active,3/3/2016 15:31
INC0000220__3,546,closure,INC0000220,True,INC0000220__2,0.35,0.3,-0.04999999999999999,complete,0,1,Category 53,Category 53_restored,Awaiting User Info,3/3/2016 15:31
INC0000220__4,547,closure,INC0000220,True,INC0000220__3,0.3,0.25,-0.04999999999999999,complete,0,1,Category 53,Category 53_restored,Resolved,9/3/2016 17:24
INC0000220__5,548,closure,INC0000220,True,INC0000220__4,0.25,0.2,-0.04999999999999999,complete,0,1,Category 53,Category 53_restored,Closed,17/3/2016 16:27
INC0000221__0,549,source,INC0000221,False,,0.44999999999999996,0.44999999999999996,0.0,none,0,0,Category 61,Category 61,New,29/2/2016 11:58
INC0000221__1,550,closure,INC0000221,True,INC0000221__0,0.44999999999999996,0.39999999999999997,-0.04999999999999999,complete,0,1,Category 61,Category 61_restored,New,29/2/2016 13:14
INC0000221__2,551,closure,INC0000221,True,INC0000221__1,0.39999999999999997,0.35,-0.04999999999999999,complete,0,1,Category 61,Category 61_restored,Active,2/3/2016 13:58
INC0000221__3,552,closure,INC0000221,True,INC0000221__2,0.35,0.3,-0.04999999999999999,complete,0,1,Category 61,Category 61_restored,Resolved,2/3/2016 14:06
INC0000221__4,553,closure,INC0000221,True,INC0000221__3,0.3,0.25,-0.04999999999999999,complete,0,1,Category 61,Category 61_restored,Closed,7/3/2016 15:00
INC0000223__0,554,source,INC0000223,False,,0.44999999999999996,0.44999999999999996,0.0,none,0,0,Category 53,Category 53,New,29/2/2016 12:07
INC0000223__1,555,closure,INC0000223,True,INC0000223__0,0.44999999999999996,0.39999999999999997,-0.04999999999999999,complete,0,1,Category 53,Category 53_restored,New,1/3/2016 01:38
INC0000223__2,556,closure,INC0000223,True,INC0000223__1,0.39999999999999997,0.35,-0.04999999999999999,complete,0,1,Category 53,Category 53_restored,Active,1/3/2016 10:27
INC0000223__3,557,closure,INC0000223,True,INC0000223__2,0.35,0.3,-0.04999999999999999,complete,0,1,Category 53,Category 53_restored,Active,1/3/2016 17:01
INC0000223__4,558,closure,INC0000223,True,INC0000223__3,0.3,0.25,-0.04999999999999999,complete,0,1,Category 53,Category 53_restored,Awaiting User Info,1/3/2016 17:01
INC0000223__5,559,closure,INC0000223,True,INC0000223__4,0.25,0.2,-0.04999999999999999,complete,0,1,Category 53,Category 53_restored,Awaiting User Info,2/3/2016 09:18
INC0000223__6,560,closure,INC0000223,True,INC0000223__5,0.2,0.15000000000000002,-0.04999999999999999,complete,0,1,Category 53,Category 53_restored,Awaiting User Info,3/3/2016 08:26
INC0000223__7,561,closure,INC0000223,True,INC0000223__6,0.15000000000000002,0.10000000000000002,-0.05,complete,0,1,Category 53,Category 53_restored,Awaiting User Info,3/3/2016 08:26
INC0000223__8,562,closure,INC0000223,True,INC0000223__7,0.10000000000000002,0.05000000000000002,-0.05,complete,0,1,Category 53,Category 53_restored,Resolved,3/3/2016 08:57
INC0000223__9,563,closure,INC0000223,True,INC0000223__8,0.05000000000000002,1.3877787807814457e-17,-0.05,complete,0,1,Category 53,Category 53_restored,Closed,8/3/2016 09:00
INC0000228__0,564,source,INC0000228,False,,0.44999999999999996,0.44999999999999996,0.0,none,0,0,Category 26,Category 26,New,29/2/2016 12:42
INC0000228__1,565,closure,INC0000228,True,INC0000228__0,0.44999999999999996,0.44999999999999996,0.0,complete,0,1,Category 26,Category 26_restored,New,29/2/2016 16:06
INC0000228__2,566,closure,INC0000228,True,INC0000228__1,0.44999999999999996,0.44999999999999996,0.0,complete,0,1,Category 26,Category 26_restored,Resolved,29/2/2016 16:08
INC0000228__3,567,closure,INC0000228,True,INC0000228__2,0.44999999999999996,0.35,-0.09999999999999998,complete,0,1,Category 26,Category 26_restored,Closed,5/3/2016 17:00
INC0000230__0,568,source,INC0000230,False,,0.44999999999999996,0.44999999999999996,0.0,none,0,0,Category 55,Category 55,New,29/2/2016 12:33
INC0000230__1,569,closure,INC0000230,True,INC0000230__0,0.44999999999999996,0.39999999999999997,-0.04999999999999999,complete,0,1,Category 55,Category 55_restored,Active,29/2/2016 16:27
INC0000230__2,570,closure,INC0000230,True,INC0000230__1,0.39999999999999997,0.35,-0.04999999999999999,complete,0,1,Category 55,Category 55_restored,Awaiting User Info,29/2/2016 17:35
INC0000230__3,571,closure,INC0000230,True,INC0000230__2,0.35,0.3,-0.04999999999999999,complete,0,1,Category 55,Category 55_restored,Awaiting User Info,1/3/2016 07:44
INC0000230__4,572,closure,INC0000230,True,INC0000230__3,0.3,0.25,-0.04999999999999999,complete,0,1,Category 55,Category 55_restored,Active,1/3/2016 07:44
INC0000230__5,573,closure,INC0000230,True,INC0000230__4,0.25,0.2,-0.04999999999999999,complete,0,1,Category 55,Category 55_restored,Awaiting Problem,4/3/2016 14:00
INC0000230__6,574,closure,INC0000230,True,INC0000230__5,0.2,0.15000000000000002,-0.04999999999999999,complete,0,1,Category 55,Category 55_restored,Awaiting Problem,7/3/2016 15:08
INC0000230__7,575,closure,INC0000230,True,INC0000230__6,0.15000000000000002,0.10000000000000002,-0.05,complete,0,1,Category 55,Category 55_restored,Active,7/3/2016 15:09
INC0000230__8,576,closure,INC0000230,True,INC0000230__7,0.10000000000000002,0.05000000000000002,-0.05,complete,0,1,Category 55,Category 55_restored,Resolved,7/3/2016 15:12
INC0000230__9,577,closure,INC0000230,True,INC0000230__8,0.05000000000000002,1.3877787807814457e-17,-0.05,complete,0,1,Category 55,Category 55_restored,Closed,24/3/2016 18:40
INC0000232__0,578,source,INC0000232,False,,0.23333333333333334,0.23333333333333334,0.0,none,0,0,Category 45,Category 45,New,29/2/2016 12:20
INC0000232__1,579,closure,INC0000232,True,INC0000232__0,0.23333333333333334,0.23333333333333334,0.0,complete,0,1,Category 45,Category 45_restored,New,3/3/2016 10:32
INC0000232__2,580,closure,INC0000232,True,INC0000232__1,0.23333333333333334,0.18333333333333335,-0.04999999999999999,complete,0,1,Category 45,Category 45_restored,New,3/3/2016 10:32
INC0000232__3,581,closure,INC0000232,True,INC0000232__2,0.18333333333333335,0.13333333333333336,-0.04999999999999999,complete,0,1,Category 45,Category 45_restored,New,3/3/2016 18:46
INC0000232__4,582,closure,INC0000232,True,INC0000232__3,0.13333333333333336,0.08333333333333336,-0.05,complete,0,1,Category 45,Category 45_restored,New,4/3/2016 11:21
INC0000232__5,583,closure,INC0000232,True,INC0000232__4,0.08333333333333336,0.033333333333333354,-0.05,complete,0,1,Category 45,Category 45_restored,Awaiting User Info,4/3/2016 11:35
INC0000232__6,584,closure,INC0000232,True,INC0000232__5,0.033333333333333354,0.0,-0.033333333333333354,complete,0,1,Category 45,Category 45_restored,Awaiting User Info,4/3/2016 16:09
INC0000232__7,585,closure,INC0000232,True,INC0000232__6,0.0,0.0,0.0,complete,0,1,Category 45,Category 45_restored,Awaiting User Info,9/3/2016 13:52
INC0000232__8,586,closure,INC0000232,True,INC0000232__7,0.0,0.0,0.0,complete,0,1,Category 45,Category 45_restored,Awaiting User Info,9/3/2016 15:06
INC0000232__9,587,closure,INC0000232,True,INC0000232__8,0.0,0.0,0.0,complete,0,1,Category 45,Category 45_restored,Awaiting User Info,12/3/2016 10:22
INC0000232__10,588,closure,INC0000232,True,INC0000232__9,0.0,0.0,0.0,complete,0,1,Category 45,Category 45_restored,Awaiting User Info,12/3/2016 18:34
INC0000232__11,589,closure,INC0000232,True,INC0000232__10,0.0,0.0,0.0,complete,0,1,Category 45,Category 45_restored,Resolved,12/3/2016 21:23
INC0000232__12,590,closure,INC0000232,True,INC0000232__11,0.0,0.0,0.0,complete,0,1,Category 45,Category 45_restored,Closed,24/3/2016 18:50
INC0000236__0,591,source,INC0000236,False,,0.44999999999999996,0.44999999999999996,0.0,none,0,0,Category 45,Category 45,New,29/2/2016 12:26
INC0000236__1,592,closure,INC0000236,True,INC0000236__0,0.44999999999999996,0.44999999999999996,0.0,complete,0,1,Category 45,Category 45_restored,New,29/2/2016 13:15
INC0000236__2,593,closure,INC0000236,True,INC0000236__1,0.44999999999999996,0.44999999999999996,0.0,complete,0,1,Category 45,Category 45_restored,Resolved,29/2/2016 13:16
INC0000236__3,594,closure,INC0000236,True,INC0000236__2,0.44999999999999996,0.35,-0.09999999999999998,complete,0,1,Category 45,Category 45_restored,Closed,5/3/2016 14:00
INC0000237__0,595,source,INC0000237,False,,0.44999999999999996,0.44999999999999996,0.0,none,0,0,Category 45,Category 45,Active,29/2/2016 12:27
INC0000237__1,596,closure,INC0000237,True,INC0000237__0,0.44999999999999996,0.44999999999999996,0.0,complete,0,1,Category 45,Category 45_restored,Active,1/3/2016 14:04
INC0000237__2,597,closure,INC0000237,True,INC0000237__1,0.44999999999999996,0.44999999999999996,0.0,complete,0,1,Category 45,Category 45_restored,Resolved,1/3/2016 14:04
INC0000237__3,598,closure,INC0000237,True,INC0000237__2,0.44999999999999996,0.35,-0.09999999999999998,complete,0,1,Category 45,Category 45_restored,Closed,6/3/2016 15:00
INC0000246__0,599,source,INC0000246,False,,0.44999999999999996,0.44999999999999996,0.0,none,0,0,Category 20,Category 20,New,29/2/2016 12:43
INC0000246__1,600,closure,INC0000246,True,INC0000246__0,0.44999999999999996,0.44999999999999996,0.0,complete,0,1,Category 20,Category 20_restored,Active,29/2/2016 12:44
INC0000246__2,601,closure,INC0000246,True,INC0000246__1,0.44999999999999996,0.44999999999999996,0.0,complete,0,1,Category 20,Category 20_restored,Active,29/2/2016 13:07
INC0000246__3,602,closure,INC0000246,True,INC0000246__2,0.44999999999999996,0.44999999999999996,0.0,complete,0,1,Category 20,Category 20_restored,Awaiting User Info,2/3/2016 11:35
INC0000246__4,603,closure,INC0000246,True,INC0000246__3,0.44999999999999996,0.39999999999999997,-0.04999999999999999,complete,0,1,Category 20,Category 20_restored,Awaiting User Info,4/3/2016 11:46
INC0000246__5,604,closure,INC0000246,True,INC0000246__4,0.39999999999999997,0.35,-0.04999999999999999,complete,0,1,Category 20,Category 20_restored,Active,4/3/2016 11:50
INC0000246__6,605,closure,INC0000246,True,INC0000246__5,0.35,0.3,-0.04999999999999999,complete,0,1,Category 20,Category 20_restored,Active,4/3/2016 11:56
INC0000246__7,606,closure,INC0000246,True,INC0000246__6,0.3,0.25,-0.04999999999999999,complete,0,1,Category 20,Category 20_restored,Resolved,4/3/2016 11:56
INC0000246__8,607,closure,INC0000246,True,INC0000246__7,0.25,0.2,-0.04999999999999999,complete,0,1,Category 20,Category 20_restored,Closed,9/3/2016 12:00
INC0000250__0,608,source,INC0000250,False,,0.44999999999999996,0.44999999999999996,0.0,none,0,0,Category 55,Category 55,New,29/2/2016 12:43
INC0000250__1,609,closure,INC0000250,True,INC0000250__0,0.44999999999999996,0.39999999999999997,-0.04999999999999999,complete,0,1,Category 32,Category 32_restored,New,1/3/2016 10:28
INC0000250__2,610,closure,INC0000250,True,INC0000250__1,0.39999999999999997,0.35,-0.04999999999999999,complete,0,1,Category 32,Category 32_restored,New,2/3/2016 15:36
INC0000250__3,611,closure,INC0000250,True,INC0000250__2,0.35,0.3,-0.04999999999999999,complete,0,1,Category 32,Category 32_restored,Active,2/3/2016 15:37
INC0000250__4,612,closure,INC0000250,True,INC0000250__3,0.3,0.25,-0.04999999999999999,complete,0,1,Category 32,Category 32_restored,Active,3/3/2016 15:14
INC0000250__5,613,closure,INC0000250,True,INC0000250__4,0.25,0.2,-0.04999999999999999,complete,0,1,Category 32,Category 32_restored,Active,4/3/2016 11:10
INC0000250__6,614,closure,INC0000250,True,INC0000250__5,0.2,0.15000000000000002,-0.04999999999999999,complete,0,1,Category 32,Category 32_restored,Active,4/3/2016 16:10
INC0000250__7,615,closure,INC0000250,True,INC0000250__6,0.15000000000000002,0.10000000000000002,-0.05,complete,0,1,Category 32,Category 32_restored,Active,4/3/2016 16:10
INC0000250__8,616,closure,INC0000250,True,INC0000250__7,0.10000000000000002,0.05000000000000002,-0.05,complete,0,1,Category 32,Category 32_restored,Active,4/3/2016 16:53
INC0000250__9,617,closure,INC0000250,True,INC0000250__8,0.05000000000000002,1.3877787807814457e-17,-0.05,complete,0,1,Category 32,Category 32_restored,Awaiting User Info,4/3/2016 16:53
INC0000250__10,618,closure,INC0000250,True,INC0000250__9,1.3877787807814457e-17,0.0,-1.3877787807814457e-17,complete,0,1,Category 32,Category 32_restored,Awaiting User Info,9/3/2016 14:00
INC0000250__11,619,closure,INC0000250,True,INC0000250__10,0.0,0.0,0.0,complete,0,1,Category 32,Category 32_restored,Awaiting User Info,12/3/2016 10:25
INC0000250__12,620,closure,INC0000250,True,INC0000250__11,0.0,0.0,0.0,complete,0,1,Category 32,Category 32_restored,Awaiting User Info,12/3/2016 10:46
INC0000250__13,621,closure,INC0000250,True,INC0000250__12,0.0,0.0,0.0,complete,0,1,Category 32,Category 32_restored,Awaiting User Info,12/3/2016 18:36
INC0000250__14,622,closure,INC0000250,True,INC0000250__13,0.0,0.0,0.0,complete,0,1,Category 32,Category 32_restored,Resolved,12/3/2016 21:29
INC0000250__15,623,closure,INC0000250,True,INC0000250__14,0.0,0.0,0.0,complete,0,1,Category 32,Category 32_restored,Resolved,12/3/2016 21:30
INC0000250__16,624,closure,INC0000250,True,INC0000250__15,0.0,0.0,0.0,complete,0,1,Category 32,Category 32_restored,Closed,24/3/2016 18:50
INC0000253__0,625,source,INC0000253,False,,0.44999999999999996,0.44999999999999996,0.0,none,0,0,Category 26,Category 26,New,29/2/2016 13:04
INC0000253__1,626,closure,INC0000253,True,INC0000253__0,0.44999999999999996,0.39999999999999997,-0.04999999999999999,complete,0,1,Category 26,Category 26_restored,New,1/3/2016 09:32
INC0000253__2,627,closure,INC0000253,True,INC0000253__1,0.39999999999999997,0.35,-0.04999999999999999,complete,0,1,Category 26,Category 26_restored,New,1/3/2016 17:27
INC0000253__3,628,closure,INC0000253,True,INC0000253__2,0.35,0.3,-0.04999999999999999,complete,0,1,Category 26,Category 26_restored,New,1/3/2016 17:28
INC0000253__4,629,closure,INC0000253,True,INC0000253__3,0.3,0.25,-0.04999999999999999,complete,0,1,Category 26,Category 26_restored,New,2/3/2016 09:05
INC0000253__5,630,closure,INC0000253,True,INC0000253__4,0.25,0.2,-0.04999999999999999,complete,0,1,Category 26,Category 26_restored,Resolved,2/3/2016 09:08
INC0000253__6,631,closure,INC0000253,True,INC0000253__5,0.2,0.15000000000000002,-0.04999999999999999,complete,0,1,Category 26,Category 26_restored,Closed,7/3/2016 10:00
INC0000257__0,632,source,INC0000257,False,,0.44999999999999996,0.44999999999999996,0.0,none,0,0,Category 37,Category 37,New,29/2/2016 13:42
INC0000257__1,633,closure,INC0000257,True,INC0000257__0,0.44999999999999996,0.44999999999999996,0.0,complete,0,1,Category 37,Category 37_restored,New,29/2/2016 13:45
INC0000257__2,634,closure,INC0000257,True,INC0000257__1,0.44999999999999996,0.44999999999999996,0.0,complete,0,1,Category 37,Category 37_restored,Resolved,29/2/2016 22:28
INC0000257__3,635,closure,INC0000257,True,INC0000257__2,0.44999999999999996,0.35,-0.09999999999999998,complete,0,1,Category 37,Category 37_restored,Closed,5/3/2016 23:00
INC0000259__0,636,source,INC0000259,False,,0.44999999999999996,0.44999999999999996,0.0,none,0,0,Category 9,Category 9,New,29/2/2016 13:15
INC0000259__1,637,closure,INC0000259,True,INC0000259__0,0.44999999999999996,0.44999999999999996,0.0,complete,0,1,Category 9,Category 9_restored,Active,29/2/2016 13:15
INC0000259__2,638,closure,INC0000259,True,INC0000259__1,0.44999999999999996,0.39999999999999997,-0.04999999999999999,complete,0,1,Category 9,Category 9_restored,Active,1/3/2016 14:17
INC0000259__3,639,closure,INC0000259,True,INC0000259__2,0.39999999999999997,0.35,-0.04999999999999999,complete,0,1,Category 9,Category 9_restored,Active,1/3/2016 16:30
INC0000259__4,640,closure,INC0000259,True,INC0000259__3,0.35,0.3,-0.04999999999999999,complete,0,1,Category 9,Category 9_restored,Active,1/3/2016 16:31
INC0000259__5,641,closure,INC0000259,True,INC0000259__4,0.3,0.25,-0.04999999999999999,complete,0,1,Category 9,Category 9_restored,Awaiting User Info,1/3/2016 16:34
INC0000259__6,642,closure,INC0000259,True,INC0000259__5,0.25,0.2,-0.04999999999999999,complete,0,1,Category 9,Category 9_restored,Active,2/3/2016 10:32
INC0000259__7,643,closure,INC0000259,True,INC0000259__6,0.2,0.15000000000000002,-0.04999999999999999,complete,0,1,Category 9,Category 9_restored,Active,2/3/2016 10:37
INC0000259__8,644,closure,INC0000259,True,INC0000259__7,0.15000000000000002,0.10000000000000002,-0.05,complete,0,1,Category 9,Category 9_restored,Resolved,2/3/2016 10:39
INC0000259__9,645,closure,INC0000259,True,INC0000259__8,0.10000000000000002,0.05000000000000002,-0.05,complete,0,1,Category 9,Category 9_restored,Closed,7/3/2016 11:00
INC0000261__0,646,source,INC0000261,False,,0.75,0.75,0.0,none,0,0,Category 42,Category 42,Active,29/2/2016 12:58
INC0000261__1,647,closure,INC0000261,True,INC0000261__0,0.75,0.75,0.0,complete,0,1,Category 42,Category 42_restored,Active,29/2/2016 13:14
INC0000261__2,648,closure,INC0000261,True,INC0000261__1,0.75,0.75,0.0,complete,0,1,Category 42,Category 42_restored,Active,29/2/2016 13:20
INC0000261__3,649,closure,INC0000261,True,INC0000261__2,0.75,0.75,0.0,complete,0,1,Category 42,Category 42_restored,Active,29/2/2016 13:20
INC0000261__4,650,closure,INC0000261,True,INC0000261__3,0.75,0.75,0.0,complete,0,1,Category 42,Category 42_restored,Active,29/2/2016 13:57
INC0000261__5,651,closure,INC0000261,True,INC0000261__4,0.75,0.75,0.0,complete,0,1,Category 42,Category 42_restored,Active,29/2/2016 13:59
INC0000261__6,652,closure,INC0000261,True,INC0000261__5,0.75,0.75,0.0,complete,0,1,Category 42,Category 42_restored,Resolved,29/2/2016 17:47
INC0000261__7,653,closure,INC0000261,True,INC0000261__6,0.75,0.65,-0.09999999999999998,complete,0,1,Category 42,Category 42_restored,Closed,29/2/2016 17:47
INC0000262__0,654,source,INC0000262,False,,0.44999999999999996,0.44999999999999996,0.0,none,0,0,Category 53,Category 53,Active,29/2/2016 13:13
INC0000262__1,655,closure,INC0000262,True,INC0000262__0,0.44999999999999996,0.44999999999999996,0.0,complete,0,1,Category 53,Category 53_restored,Active,29/2/2016 20:46
INC0000262__2,656,closure,INC0000262,True,INC0000262__1,0.44999999999999996,0.39999999999999997,-0.04999999999999999,complete,0,1,Category 53,Category 53_restored,Active,1/3/2016 19:35
INC0000262__3,657,closure,INC0000262,True,INC0000262__2,0.39999999999999997,0.35,-0.04999999999999999,complete,0,1,Category 53,Category 53_restored,Active,2/3/2016 09:19
INC0000262__4,658,closure,INC0000262,True,INC0000262__3,0.35,0.3,-0.04999999999999999,complete,0,1,Category 53,Category 53_restored,Active,2/3/2016 09:20
INC0000262__5,659,closure,INC0000262,True,INC0000262__4,0.3,0.25,-0.04999999999999999,complete,0,1,Category 53,Category 53_restored,Active,2/3/2016 09:21
INC0000262__6,660,closure,INC0000262,True,INC0000262__5,0.25,0.2,-0.04999999999999999,complete,0,1,Category 53,Category 53_restored,Resolved,2/3/2016 09:21
INC0000262__7,661,closure,INC0000262,True,INC0000262__6,0.2,0.15000000000000002,-0.04999999999999999,complete,0,1,Category 53,Category 53_restored,Closed,7/3/2016 10:00
INC0000265__0,662,source,INC0000265,False,,0.44999999999999996,0.44999999999999996,0.0,none,0,0,Category 20,Category 20,New,29/2/2016 13:14
INC0000265__1,663,closure,INC0000265,True,INC0000265__0,0.44999999999999996,0.39999999999999997,-0.04999999999999999,complete,0,1,Category 20,Category 20_restored,New,29/2/2016 15:02
INC0000265__2,664,closure,INC0000265,True,INC0000265__1,0.39999999999999997,0.35,-0.04999999999999999,complete,0,1,Category 20,Category 20_restored,New,29/2/2016 15:15
INC0000265__3,665,closure,INC0000265,True,INC0000265__2,0.35,0.3,-0.04999999999999999,complete,0,1,Category 20,Category 20_restored,New,29/2/2016 20:17
INC0000265__4,666,closure,INC0000265,True,INC0000265__3,0.3,0.25,-0.04999999999999999,complete,0,1,Category 20,Category 20_restored,New,29/2/2016 20:17
INC0000265__5,667,closure,INC0000265,True,INC0000265__4,0.25,0.2,-0.04999999999999999,complete,0,1,Category 20,Category 20_restored,New,2/3/2016 15:19
INC0000265__6,668,closure,INC0000265,True,INC0000265__5,0.2,0.15000000000000002,-0.04999999999999999,complete,0,1,Category 20,Category 20_restored,Resolved,2/3/2016 15:29
INC0000265__7,669,closure,INC0000265,True,INC0000265__6,0.15000000000000002,0.10000000000000002,-0.05,complete,0,1,Category 20,Category 20_restored,Closed,7/3/2016 16:00
INC0000266__0,670,source,INC0000266,False,,0.44999999999999996,0.44999999999999996,0.0,none,0,0,Category 53,Category 53,Active,29/2/2016 13:20
INC0000266__1,671,closure,INC0000266,True,INC0000266__0,0.44999999999999996,0.44999999999999996,0.0,complete,0,1,Category 53,Category 53_restored,Active,2/3/2016 17:33
INC0000266__2,672,closure,INC0000266,True,INC0000266__1,0.44999999999999996,0.44999999999999996,0.0,complete,0,1,Category 53,Category 53_restored,Awaiting User Info,2/3/2016 17:33
INC0000266__3,673,closure,INC0000266,True,INC0000266__2,0.44999999999999996,0.44999999999999996,0.0,complete,0,1,Category 53,Category 53_restored,Awaiting User Info,3/3/2016 18:51
INC0000266__4,674,closure,INC0000266,True,INC0000266__3,0.44999999999999996,0.44999999999999996,0.0,complete,0,1,Category 53,Category 53_restored,Awaiting User Info,3/3/2016 18:55
INC0000266__5,675,closure,INC0000266,True,INC0000266__4,0.44999999999999996,0.39999999999999997,-0.04999999999999999,complete,0,1,Category 53,Category 53_restored,Awaiting User Info,4/3/2016 11:41
INC0000266__6,676,closure,INC0000266,True,INC0000266__5,0.39999999999999997,0.35,-0.04999999999999999,complete,0,1,Category 53,Category 53_restored,Awaiting User Info,4/3/2016 14:23
INC0000266__7,677,closure,INC0000266,True,INC0000266__6,0.35,0.3,-0.04999999999999999,complete,0,1,Category 53,Category 53_restored,Active,4/3/2016 16:18
INC0000266__8,678,closure,INC0000266,True,INC0000266__7,0.3,0.25,-0.04999999999999999,complete,0,1,Category 53,Category 53_restored,Active,4/3/2016 16:22
INC0000266__9,679,closure,INC0000266,True,INC0000266__8,0.25,0.2,-0.04999999999999999,complete,0,1,Category 53,Category 53_restored,Active,4/3/2016 16:24
INC0000266__10,680,closure,INC0000266,True,INC0000266__9,0.2,0.15000000000000002,-0.04999999999999999,complete,0,1,Category 53,Category 53_restored,Resolved,4/3/2016 16:24
INC0000266__11,681,closure,INC0000266,True,INC0000266__10,0.15000000000000002,0.10000000000000002,-0.05,complete,0,1,Category 53,Category 53_restored,Closed,9/3/2016 17:00
INC0000268__0,682,source,INC0000268,False,,0.44999999999999996,0.44999999999999996,0.0,none,0,0,Category 9,Category 9,New,29/2/2016 13:29
INC0000268__1,683,closure,INC0000268,True,INC0000268__0,0.44999999999999996,0.44999999999999996,0.0,complete,0,1,Category 9,Category 9_restored,New,29/2/2016 17:10
INC0000268__2,684,closure,INC0000268,True,INC0000268__1,0.44999999999999996,0.39999999999999997,-0.04999999999999999,complete,0,1,Category 9,Category 9_restored,Awaiting Problem,29/2/2016 17:10
INC0000268__3,685,closure,INC0000268,True,INC0000268__2,0.39999999999999997,0.35,-0.04999999999999999,complete,0,1,Category 9,Category 9_restored,Active,1/3/2016 08:35
INC0000268__4,686,closure,INC0000268,True,INC0000268__3,0.35,0.3,-0.04999999999999999,complete,0,1,Category 9,Category 9_restored,Active,1/3/2016 14:28
INC0000268__5,687,closure,INC0000268,True,INC0000268__4,0.3,0.25,-0.04999999999999999,complete,0,1,Category 9,Category 9_restored,Active,1/3/2016 14:29
INC0000268__6,688,closure,INC0000268,True,INC0000268__5,0.25,0.2,-0.04999999999999999,complete,0,1,Category 9,Category 9_restored,Awaiting User Info,1/3/2016 17:00
INC0000268__7,689,closure,INC0000268,True,INC0000268__6,0.2,0.15000000000000002,-0.04999999999999999,complete,0,1,Category 9,Category 9_restored,Active,2/3/2016 09:37
INC0000268__8,690,closure,INC0000268,True,INC0000268__7,0.15000000000000002,0.10000000000000002,-0.05,complete,0,1,Category 9,Category 9_restored,Active,2/3/2016 10:21
INC0000268__9,691,closure,INC0000268,True,INC0000268__8,0.10000000000000002,0.05000000000000002,-0.05,complete,0,1,Category 9,Category 9_restored,Awaiting User Info,2/3/2016 10:22
INC0000268__10,692,closure,INC0000268,True,INC0000268__9,0.05000000000000002,1.3877787807814457e-17,-0.05,complete,0,1,Category 9,Category 9_restored,Awaiting User Info,3/3/2016 09:35
INC0000268__11,693,closure,INC0000268,True,INC0000268__10,1.3877787807814457e-17,0.0,-1.3877787807814457e-17,complete,0,1,Category 9,Category 9_restored,Awaiting User Info,4/3/2016 13:01
INC0000268__12,694,closure,INC0000268,True,INC0000268__11,0.0,0.0,0.0,complete,0,1,Category 9,Category 9_restored,Awaiting User Info,7/3/2016 08:39
INC0000268__13,695,closure,INC0000268,True,INC0000268__12,0.0,0.0,0.0,complete,0,1,Category 9,Category 9_restored,Awaiting User Info,8/3/2016 13:42
INC0000268__14,696,closure,INC0000268,True,INC0000268__13,0.0,0.0,0.0,complete,0,1,Category 9,Category 9_restored,Active,9/3/2016 08:44
INC0000268__15,697,closure,INC0000268,True,INC0000268__14,0.0,0.0,0.0,complete,0,1,Category 9,Category 9_restored,Active,9/3/2016 08:46
INC0000268__16,698,closure,INC0000268,True,INC0000268__15,0.0,0.0,0.0,complete,0,1,Category 9,Category 9_restored,Resolved,9/3/2016 08:46
INC0000268__17,699,closure,INC0000268,True,INC0000268__16,0.0,0.0,0.0,complete,0,1,Category 9,Category 9_restored,Closed,24/3/2016 18:40
INC0000272__0,700,source,INC0000272,False,,0.30000000000000004,0.30000000000000004,0.0,none,0,0,Category 42,Category 42,New,29/2/2016 13:46
INC0000272__1,701,closure,INC0000272,True,INC0000272__0,0.30000000000000004,0.30000000000000004,0.0,complete,0,1,Category 42,Category 42_restored,New,2/3/2016 13:49
INC0000272__2,702,closure,INC0000272,True,INC0000272__1,0.30000000000000004,0.30000000000000004,0.0,complete,0,1,Category 42,Category 42_restored,New,2/3/2016 13:51
INC0000272__3,703,closure,INC0000272,True,INC0000272__2,0.30000000000000004,0.30000000000000004,0.0,complete,0,1,Category 42,Category 42_restored,New,8/3/2016 11:48
INC0000272__4,704,closure,INC0000272,True,INC0000272__3,0.30000000000000004,0.25000000000000006,-0.04999999999999999,complete,0,1,Category 42,Category 42_restored,New,8/3/2016 11:48
INC0000272__5,705,closure,INC0000272,True,INC0000272__4,0.25000000000000006,0.20000000000000007,-0.04999999999999999,complete,0,1,Category 42,Category 42_restored,New,8/3/2016 14:47
INC0000272__6,706,closure,INC0000272,True,INC0000272__5,0.20000000000000007,0.15000000000000008,-0.04999999999999999,complete,0,1,Category 42,Category 42_restored,New,8/3/2016 14:47
INC0000272__7,707,closure,INC0000272,True,INC0000272__6,0.15000000000000008,0.10000000000000007,-0.05,complete,0,1,Category 42,Category 42_restored,New,8/3/2016 14:54
INC0000272__8,708,closure,INC0000272,True,INC0000272__7,0.10000000000000007,0.05000000000000007,-0.05,complete,0,1,Category 42,Category 42_restored,New,8/3/2016 14:54
INC0000272__9,709,closure,INC0000272,True,INC0000272__8,0.05000000000000007,6.938893903907228e-17,-0.05,complete,0,1,Category 42,Category 42_restored,New,8/3/2016 15:25
INC0000272__10,710,closure,INC0000272,True,INC0000272__9,6.938893903907228e-17,0.0,-6.938893903907228e-17,complete,0,1,Category 42,Category 42_restored,Resolved,8/3/2016 15:35
INC0000272__11,711,closure,INC0000272,True,INC0000272__10,0.0,0.0,0.0,complete,0,1,Category 42,Category 42_restored,Closed,24/3/2016 18:40
INC0000273__0,712,source,INC0000273,False,,0.44999999999999996,0.44999999999999996,0.0,none,0,0,Category 53,Category 53,Active,29/2/2016 13:49
INC0000273__1,713,closure,INC0000273,True,INC0000273__0,0.44999999999999996,0.44999999999999996,0.0,complete,0,1,Category 53,Category 53_restored,Active,29/2/2016 20:53
INC0000273__2,714,closure,INC0000273,True,INC0000273__1,0.44999999999999996,0.39999999999999997,-0.04999999999999999,complete,0,1,Category 53,Category 53_restored,Active,3/3/2016 15:17
INC0000273__3,715,closure,INC0000273,True,INC0000273__2,0.39999999999999997,0.35,-0.04999999999999999,complete,0,1,Category 53,Category 53_restored,Active,4/3/2016 14:37
INC0000273__4,716,closure,INC0000273,True,INC0000273__3,0.35,0.3,-0.04999999999999999,complete,0,1,Category 53,Category 53_restored,Resolved,4/3/2016 14:38
INC0000273__5,717,closure,INC0000273,True,INC0000273__4,0.3,0.25,-0.04999999999999999,complete,0,1,Category 53,Category 53_restored,Closed,9/3/2016 15:00
INC0000278__0,718,source,INC0000278,False,,0.44999999999999996,0.44999999999999996,0.0,none,0,0,Category 45,Category 45,Active,29/2/2016 14:03
INC0000278__1,719,closure,INC0000278,True,INC0000278__0,0.44999999999999996,0.44999999999999996,0.0,complete,0,1,Category 45,Category 45_restored,Active,29/2/2016 14:26
INC0000278__2,720,closure,INC0000278,True,INC0000278__1,0.44999999999999996,0.44999999999999996,0.0,complete,0,1,Category 45,Category 45_restored,Active,29/2/2016 14:26
INC0000278__3,721,closure,INC0000278,True,INC0000278__2,0.44999999999999996,0.44999999999999996,0.0,complete,0,1,Category 45,Category 45_restored,Active,29/2/2016 14:29
INC0000278__4,722,closure,INC0000278,True,INC0000278__3,0.44999999999999996,0.44999999999999996,0.0,complete,0,1,Category 45,Category 45_restored,Resolved,29/2/2016 14:46
INC0000278__5,723,closure,INC0000278,True,INC0000278__4,0.44999999999999996,0.35,-0.09999999999999998,complete,0,1,Category 45,Category 45_restored,Closed,5/3/2016 15:00
INC0000279__0,724,source,INC0000279,False,,0.44999999999999996,0.44999999999999996,0.0,none,0,0,Category 20,Category 20,New,29/2/2016 13:50
INC0000279__1,725,closure,INC0000279,True,INC0000279__0,0.44999999999999996,0.44999999999999996,0.0,complete,0,1,Category 20,Category 20_restored,New,2/3/2016 00:45
INC0000279__2,726,closure,INC0000279,True,INC0000279__1,0.44999999999999996,0.44999999999999996,0.0,complete,0,1,Category 20,Category 20_restored,Resolved,2/3/2016 01:03
INC0000279__3,727,closure,INC0000279,True,INC0000279__2,0.44999999999999996,0.35,-0.09999999999999998,complete,0,1,Category 20,Category 20_restored,Closed,7/3/2016 02:00
INC0000280__0,728,source,INC0000280,False,,0.44999999999999996,0.44999999999999996,0.0,none,0,0,Category 20,Category 20,New,29/2/2016 13:50
INC0000280__1,729,closure,INC0000280,True,INC0000280__0,0.44999999999999996,0.39999999999999997,-0.04999999999999999,complete,0,1,Category 20,Category 20_restored,New,1/3/2016 01:23
INC0000280__2,730,closure,INC0000280,True,INC0000280__1,0.39999999999999997,0.35,-0.04999999999999999,complete,0,1,Category 20,Category 20_restored,New,2/3/2016 16:41
INC0000280__3,731,closure,INC0000280,True,INC0000280__2,0.35,0.3,-0.04999999999999999,complete,0,1,Category 20,Category 20_restored,New,3/3/2016 01:00
INC0000280__4,732,closure,INC0000280,True,INC0000280__3,0.3,0.25,-0.04999999999999999,complete,0,1,Category 20,Category 20_restored,New,3/3/2016 09:38
INC0000280__5,733,closure,INC0000280,True,INC0000280__4,0.25,0.2,-0.04999999999999999,complete,0,1,Category 20,Category 20_restored,Active,3/3/2016 10:56
INC0000280__6,734,closure,INC0000280,True,INC0000280__5,0.2,0.15000000000000002,-0.04999999999999999,complete,0,1,Category 20,Category 20_restored,Awaiting User Info,3/3/2016 11:04
INC0000280__7,735,closure,INC0000280,True,INC0000280__6,0.15000000000000002,0.10000000000000002,-0.05,complete,0,1,Category 20,Category 20_restored,Awaiting User Info,4/3/2016 10:48
INC0000280__8,736,closure,INC0000280,True,INC0000280__7,0.10000000000000002,0.05000000000000002,-0.05,complete,0,1,Category 20,Category 20_restored,Active,7/3/2016 14:07
INC0000280__9,737,closure,INC0000280,True,INC0000280__8,0.05000000000000002,1.3877787807814457e-17,-0.05,complete,0,1,Category 20,Category 20_restored,Active,7/3/2016 19:56
INC0000280__10,738,closure,INC0000280,True,INC0000280__9,1.3877787807814457e-17,0.0,-1.3877787807814457e-17,complete,0,1,Category 20,Category 20_restored,Resolved,7/3/2016 19:57
INC0000280__11,739,closure,INC0000280,True,INC0000280__10,0.0,0.0,0.0,complete,0,1,Category 20,Category 20_restored,Closed,24/3/2016 18:40
INC0000282__0,740,source,INC0000282,False,,0.44999999999999996,0.44999999999999996,0.0,none,0,0,Category 53,Category 53,Active,29/2/2016 13:52
INC0000282__1,741,closure,INC0000282,True,INC0000282__0,0.44999999999999996,0.44999999999999996,0.0,complete,0,1,Category 53,Category 53_restored,Active,29/2/2016 13:56
INC0000282__2,742,closure,INC0000282,True,INC0000282__1,0.44999999999999996,0.44999999999999996,0.0,complete,0,1,Category 53,Category 53_restored,Resolved,3/3/2016 12:34
INC0000282__3,743,closure,INC0000282,True,INC0000282__2,0.44999999999999996,0.35,-0.09999999999999998,complete,0,1,Category 53,Category 53_restored,Closed,8/3/2016 13:00
INC0000283__0,744,source,INC0000283,False,,0.44999999999999996,0.44999999999999996,0.0,none,0,0,Category 42,Category 42,Active,29/2/2016 14:11
INC0000283__1,745,closure,INC0000283,True,INC0000283__0,0.44999999999999996,0.44999999999999996,0.0,complete,0,1,Category 42,Category 42_restored,Active,29/2/2016 14:13
INC0000283__2,746,closure,INC0000283,True,INC0000283__1,0.44999999999999996,0.44999999999999996,0.0,complete,0,1,Category 42,Category 42_restored,Active,29/2/2016 14:14
INC0000283__3,747,closure,INC0000283,True,INC0000283__2,0.44999999999999996,0.44999999999999996,0.0,complete,0,1,Category 42,Category 42_restored,Active,29/2/2016 14:31
INC0000283__4,748,closure,INC0000283,True,INC0000283__3,0.44999999999999996,0.39999999999999997,-0.04999999999999999,complete,0,1,Category 42,Category 42_restored,Active,29/2/2016 14:36
INC0000283__5,749,closure,INC0000283,True,INC0000283__4,0.39999999999999997,0.35,-0.04999999999999999,complete,0,1,Category 42,Category 42_restored,Active,29/2/2016 14:37
INC0000283__6,750,closure,INC0000283,True,INC0000283__5,0.35,0.3,-0.04999999999999999,complete,0,1,Category 42,Category 42_restored,Active,1/3/2016 08:36
INC0000283__7,751,closure,INC0000283,True,INC0000283__6,0.3,0.25,-0.04999999999999999,complete,0,1,Category 42,Category 42_restored,Resolved,1/3/2016 09:26
INC0000283__8,752,closure,INC0000283,True,INC0000283__7,0.25,0.2,-0.04999999999999999,complete,0,1,Category 42,Category 42_restored,Closed,6/3/2016 10:00
INC0000284__0,753,source,INC0000284,False,,0.44999999999999996,0.44999999999999996,0.0,none,0,0,Category 53,Category 53,New,29/2/2016 14:28
INC0000284__1,754,closure,INC0000284,True,INC0000284__0,0.44999999999999996,0.44999999999999996,0.0,complete,0,1,Category 53,Category 53_restored,Active,2/3/2016 09:24
INC0000284__2,755,closure,INC0000284,True,INC0000284__1,0.44999999999999996,0.44999999999999996,0.0,complete,0,1,Category 53,Category 53_restored,Active,2/3/2016 11:56
INC0000284__3,756,closure,INC0000284,True,INC0000284__2,0.44999999999999996,0.44999999999999996,0.0,complete,0,1,Category 53,Category 53_restored,Active,2/3/2016 11:57
INC0000284__4,757,closure,INC0000284,True,INC0000284__3,0.44999999999999996,0.44999999999999996,0.0,complete,0,1,Category 53,Category 53_restored,Resolved,2/3/2016 11:57
INC0000284__5,758,closure,INC0000284,True,INC0000284__4,0.44999999999999996,0.35,-0.09999999999999998,complete,0,1,Category 53,Category 53_restored,Closed,7/3/2016 12:00
INC0000285__0,759,source,INC0000285,False,,0.44999999999999996,0.44999999999999996,0.0,none,0,0,Category 45,Category 45,New,29/2/2016 13:56
INC0000285__1,760,closure,INC0000285,True,INC0000285__0,0.44999999999999996,0.44999999999999996,0.0,complete,0,1,Category 45,Category 45_restored,New,1/3/2016 01:10
INC0000285__2,761,closure,INC0000285,True,INC0000285__1,0.44999999999999996,0.44999999999999996,0.0,complete,0,1,Category 45,Category 45_restored,New,1/3/2016 01:13
INC0000285__3,762,closure,INC0000285,True,INC0000285__2,0.44999999999999996,0.44999999999999996,0.0,complete,0,1,Category 45,Category 45_restored,New,2/3/2016 00:52
INC0000285__4,763,closure,INC0000285,True,INC0000285__3,0.44999999999999996,0.44999999999999996,0.0,complete,0,1,Category 45,Category 45_restored,Resolved,2/3/2016 00:55
INC0000285__5,764,closure,INC0000285,True,INC0000285__4,0.44999999999999996,0.35,-0.09999999999999998,complete,0,1,Category 45,Category 45_restored,Closed,7/3/2016 01:00
INC0000286__0,765,source,INC0000286,False,,0.44999999999999996,0.44999999999999996,0.0,none,0,0,Category 53,Category 53,Active,29/2/2016 14:04
INC0000286__1,766,closure,INC0000286,True,INC0000286__0,0.44999999999999996,0.39999999999999997,-0.04999999999999999,complete,0,1,Category 53,Category 53_restored,Active,3/3/2016 15:22
INC0000286__2,767,closure,INC0000286,True,INC0000286__1,0.39999999999999997,0.35,-0.04999999999999999,complete,0,1,Category 53,Category 53_restored,Active,3/3/2016 16:07
INC0000286__3,768,closure,INC0000286,True,INC0000286__2,0.35,0.3,-0.04999999999999999,complete,0,1,Category 53,Category 53_restored,Resolved,3/3/2016 16:07
INC0000286__4,769,closure,INC0000286,True,INC0000286__3,0.3,0.25,-0.04999999999999999,complete,0,1,Category 53,Category 53_restored,Closed,8/3/2016 17:00
INC0000292__0,770,source,INC0000292,False,,0.23333333333333334,0.23333333333333334,0.0,none,0,0,Category 20,Category 20,New,29/2/2016 14:18
INC0000292__1,771,closure,INC0000292,True,INC0000292__0,0.23333333333333334,0.18333333333333335,-0.04999999999999999,complete,0,1,Category 20,Category 20_restored,New,29/2/2016 14:48
INC0000292__2,772,closure,INC0000292,True,INC0000292__1,0.18333333333333335,0.13333333333333336,-0.04999999999999999,complete,0,1,Category 20,Category 20_restored,New,29/2/2016 16:26
INC0000292__3,773,closure,INC0000292,True,INC0000292__2,0.13333333333333336,0.08333333333333336,-0.05,complete,0,1,Category 20,Category 20_restored,Active,29/2/2016 16:29
INC0000292__4,774,closure,INC0000292,True,INC0000292__3,0.08333333333333336,0.033333333333333354,-0.05,complete,0,1,Category 20,Category 20_restored,Active,1/3/2016 08:15
INC0000292__5,775,closure,INC0000292,True,INC0000292__4,0.033333333333333354,0.0,-0.033333333333333354,complete,0,1,Category 20,Category 20_restored,Active,1/3/2016 08:49
INC0000292__6,776,closure,INC0000292,True,INC0000292__5,0.0,0.0,0.0,complete,0,1,Category 20,Category 20_restored,Active,1/3/2016 08:50
INC0000292__7,777,closure,INC0000292,True,INC0000292__6,0.0,0.0,0.0,complete,0,1,Category 20,Category 20_restored,Active,2/3/2016 09:13
INC0000292__8,778,closure,INC0000292,True,INC0000292__7,0.0,0.0,0.0,complete,0,1,Category 20,Category 20_restored,Resolved,2/3/2016 09:57
INC0000292__9,779,closure,INC0000292,True,INC0000292__8,0.0,0.0,0.0,complete,0,1,Category 20,Category 20_restored,Closed,7/3/2016 10:00
INC0000294__0,780,source,INC0000294,False,,0.44999999999999996,0.44999999999999996,0.0,none,0,0,Category 20,Category 20,New,29/2/2016 14:14
INC0000294__1,781,closure,INC0000294,True,INC0000294__0,0.44999999999999996,0.39999999999999997,-0.04999999999999999,complete,0,1,Category 20,Category 20_restored,New,29/2/2016 16:10
INC0000294__2,782,closure,INC0000294,True,INC0000294__1,0.39999999999999997,0.35,-0.04999999999999999,complete,0,1,Category 20,Category 20_restored,New,2/3/2016 14:40
INC0000294__3,783,closure,INC0000294,True,INC0000294__2,0.35,0.3,-0.04999999999999999,complete,0,1,Category 20,Category 20_restored,Awaiting Problem,2/3/2016 15:31
INC0000294__4,784,closure,INC0000294,True,INC0000294__3,0.3,0.25,-0.04999999999999999,complete,0,1,Category 20,Category 20_restored,Awaiting Problem,2/3/2016 15:59
INC0000294__5,785,closure,INC0000294,True,INC0000294__4,0.25,0.2,-0.04999999999999999,complete,0,1,Category 20,Category 20_restored,Awaiting Problem,4/3/2016 13:03
INC0000294__6,786,closure,INC0000294,True,INC0000294__5,0.2,0.15000000000000002,-0.04999999999999999,complete,0,1,Category 20,Category 20_restored,Awaiting Problem,8/3/2016 11:30
INC0000294__7,787,closure,INC0000294,True,INC0000294__6,0.15000000000000002,0.10000000000000002,-0.05,complete,0,1,Category 20,Category 20_restored,Resolved,8/3/2016 11:30
INC0000294__8,788,closure,INC0000294,True,INC0000294__7,0.10000000000000002,0.05000000000000002,-0.05,complete,0,1,Category 20,Category 20_restored,Active,8/3/2016 14:14
INC0000294__9,789,closure,INC0000294,True,INC0000294__8,0.05000000000000002,1.3877787807814457e-17,-0.05,complete,0,1,Category 20,Category 20_restored,Active,8/3/2016 14:14
INC0000294__10,790,closure,INC0000294,True,INC0000294__9,1.3877787807814457e-17,0.0,-1.3877787807814457e-17,complete,0,1,Category 20,Category 20_restored,Active,9/3/2016 09:25
INC0000294__11,791,closure,INC0000294,True,INC0000294__10,0.0,0.0,0.0,complete,0,1,Category 20,Category 20_restored,Awaiting User Info,9/3/2016 09:25
INC0000294__12,792,closure,INC0000294,True,INC0000294__11,0.0,0.0,0.0,complete,0,1,Category 20,Category 20_restored,Awaiting User Info,9/3/2016 09:34
INC0000294__13,793,closure,INC0000294,True,INC0000294__12,0.0,0.0,0.0,complete,0,1,Category 20,Category 20_restored,Awaiting User Info,10/3/2016 09:26
INC0000294__14,794,closure,INC0000294,True,INC0000294__13,0.0,0.0,0.0,complete,0,1,Category 20,Category 20_restored,Awaiting User Info,11/3/2016 14:36
INC0000294__15,795,closure,INC0000294,True,INC0000294__14,0.0,0.0,0.0,complete,0,1,Category 20,Category 20_restored,Awaiting User Info,11/3/2016 14:37
INC0000294__16,796,closure,INC0000294,True,INC0000294__15,0.0,0.0,0.0,complete,0,1,Category 20,Category 20_restored,Active,11/3/2016 14:57
INC0000294__17,797,closure,INC0000294,True,INC0000294__16,0.0,0.0,0.0,complete,0,1,Category 20,Category 20_restored,Active,14/3/2016 08:10
INC0000294__18,798,closure,INC0000294,True,INC0000294__17,0.0,0.0,0.0,complete,0,1,Category 20,Category 20_restored,Resolved,14/3/2016 08:10
INC0000294__19,799,closure,INC0000294,True,INC0000294__18,0.0,0.0,0.0,complete,0,1,Category 20,Category 20_restored,Resolved,14/3/2016 08:25
INC0000294__20,800,closure,INC0000294,True,INC0000294__19,0.0,0.0,0.0,complete,0,1,Category 20,Category 20_restored,Closed,24/3/2016 18:50
INC0000295__0,801,source,INC0000295,False,,0.44999999999999996,0.44999999999999996,0.0,none,0,0,Category 13,Category 13,New,29/2/2016 14:15
INC0000295__1,802,closure,INC0000295,True,INC0000295__0,0.44999999999999996,0.44999999999999996,0.0,complete,0,1,Category 13,Category 13_restored,Awaiting User Info,1/3/2016 16:37
INC0000295__2,803,closure,INC0000295,True,INC0000295__1,0.44999999999999996,0.44999999999999996,0.0,complete,0,1,Category 13,Category 13_restored,Awaiting User Info,2/3/2016 16:33
INC0000295__3,804,closure,INC0000295,True,INC0000295__2,0.44999999999999996,0.44999999999999996,0.0,complete,0,1,Category 13,Category 13_restored,Resolved,4/3/2016 09:33
INC0000295__4,805,closure,INC0000295,True,INC0000295__3,0.44999999999999996,0.39999999999999997,-0.04999999999999999,complete,0,1,Category 13,Category 13_restored,Closed,9/3/2016 10:00
INC0000297__0,806,source,INC0000297,False,,0.44999999999999996,0.44999999999999996,0.0,none,0,0,Category 13,Category 13,New,29/2/2016 14:17
INC0000297__1,807,closure,INC0000297,True,INC0000297__0,0.44999999999999996,0.44999999999999996,0.0,complete,0,1,Category 13,Category 13_restored,New,1/3/2016 16:35
INC0000297__2,808,closure,INC0000297,True,INC0000297__1,0.44999999999999996,0.44999999999999996,0.0,complete,0,1,Category 13,Category 13_restored,Awaiting User Info,1/3/2016 16:35
INC0000297__3,809,closure,INC0000297,True,INC0000297__2,0.44999999999999996,0.44999999999999996,0.0,complete,0,1,Category 13,Category 13_restored,Awaiting User Info,2/3/2016 16:34
INC0000297__4,810,closure,INC0000297,True,INC0000297__3,0.44999999999999996,0.44999999999999996,0.0,complete,0,1,Category 13,Category 13_restored,Resolved,4/3/2016 09:34
INC0000297__5,811,closure,INC0000297,True,INC0000297__4,0.44999999999999996,0.39999999999999997,-0.04999999999999999,complete,0,1,Category 13,Category 13_restored,Closed,9/3/2016 10:00
INC0000298__0,812,source,INC0000298,False,,0.23333333333333334,0.23333333333333334,0.0,none,0,0,Category 53,Category 53,Active,29/2/2016 14:16
INC0000298__1,813,closure,INC0000298,True,INC0000298__0,0.23333333333333334,0.23333333333333334,0.0,complete,0,1,Category 53,Category 53_restored,Awaiting User Info,29/2/2016 14:43
INC0000298__2,814,closure,INC0000298,True,INC0000298__1,0.23333333333333334,0.23333333333333334,0.0,complete,0,1,Category 53,Category 53_restored,Awaiting User Info,25/11/2016 07:52
INC0000298__3,815,closure,INC0000298,True,INC0000298__2,0.23333333333333334,0.23333333333333334,0.0,complete,0,1,Category 53,Category 53_restored,Resolved,25/11/2016 08:07
INC0000298__4,816,closure,INC0000298,True,INC0000298__3,0.23333333333333334,0.18333333333333335,-0.04999999999999999,complete,0,1,Category 53,Category 53_restored,Closed,30/11/2016 08:10
INC0000301__0,817,source,INC0000301,False,,0.44999999999999996,0.44999999999999996,0.0,none,0,0,Category 42,Category 42,New,29/2/2016 14:24
INC0000301__1,818,closure,INC0000301,True,INC0000301__0,0.44999999999999996,0.39999999999999997,-0.04999999999999999,complete,0,1,Category 45,Category 45_restored,New,29/2/2016 14:45
INC0000301__2,819,closure,INC0000301,True,INC0000301__1,0.39999999999999997,0.35,-0.04999999999999999,complete,0,1,Category 45,Category 45_restored,New,29/2/2016 15:52
INC0000301__3,820,closure,INC0000301,True,INC0000301__2,0.35,0.3,-0.04999999999999999,complete,0,1,Category 45,Category 45_restored,New,1/3/2016 11:28
INC0000301__4,821,closure,INC0000301,True,INC0000301__3,0.3,0.25,-0.04999999999999999,complete,0,1,Category 45,Category 45_restored,New,1/3/2016 11:34
INC0000301__5,822,closure,INC0000301,True,INC0000301__4,0.25,0.2,-0.04999999999999999,complete,0,1,Category 45,Category 45_restored,Resolved,1/3/2016 11:35
INC0000301__6,823,closure,INC0000301,True,INC0000301__5,0.2,0.15000000000000002,-0.04999999999999999,complete,0,1,Category 45,Category 45_restored,Closed,6/3/2016 12:00
INC0000302__0,824,source,INC0000302,False,,0.44999999999999996,0.44999999999999996,0.0,none,0,0,Category 20,Category 20,New,29/2/2016 14:36
INC0000302__1,825,closure,INC0000302,True,INC0000302__0,0.44999999999999996,0.44999999999999996,0.0,complete,0,1,Category 35,Category 35_restored,Active,29/2/2016 23:08
INC0000302__2,826,closure,INC0000302,True,INC0000302__1,0.44999999999999996,0.39999999999999997,-0.04999999999999999,complete,0,1,Category 35,Category 35_restored,Active,2/3/2016 14:01
INC0000302__3,827,closure,INC0000302,True,INC0000302__2,0.39999999999999997,0.35,-0.04999999999999999,complete,0,1,Category 35,Category 35_restored,Active,3/3/2016 08:24
INC0000302__4,828,closure,INC0000302,True,INC0000302__3,0.35,0.3,-0.04999999999999999,complete,0,1,Category 35,Category 35_restored,Active,3/3/2016 08:47
INC0000302__5,829,closure,INC0000302,True,INC0000302__4,0.3,0.25,-0.04999999999999999,complete,0,1,Category 35,Category 35_restored,Awaiting User Info,4/3/2016 15:11
INC0000302__6,830,closure,INC0000302,True,INC0000302__5,0.25,0.2,-0.04999999999999999,complete,0,1,Category 35,Category 35_restored,Awaiting User Info,10/3/2016 10:40
INC0000302__7,831,closure,INC0000302,True,INC0000302__6,0.2,0.15000000000000002,-0.04999999999999999,complete,0,1,Category 35,Category 35_restored,Awaiting User Info,10/3/2016 10:40
INC0000302__8,832,closure,INC0000302,True,INC0000302__7,0.15000000000000002,0.10000000000000002,-0.05,complete,0,1,Category 35,Category 35_restored,Resolved,22/3/2016 12:57
INC0000302__9,833,closure,INC0000302,True,INC0000302__8,0.10000000000000002,0.05000000000000002,-0.05,complete,0,1,Category 35,Category 35_restored,Closed,27/3/2016 12:59
INC0000303__0,834,source,INC0000303,False,,0.23333333333333334,0.23333333333333334,0.0,none,0,0,Category 53,Category 53,Active,29/2/2016 14:51
INC0000303__1,835,closure,INC0000303,True,INC0000303__0,0.23333333333333334,0.23333333333333334,0.0,complete,0,1,Category 53,Category 53_restored,Active,29/2/2016 14:53
INC0000303__2,836,closure,INC0000303,True,INC0000303__1,0.23333333333333334,0.23333333333333334,0.0,complete,0,1,Category 53,Category 53_restored,Awaiting Problem,29/2/2016 14:56
INC0000303__3,837,closure,INC0000303,True,INC0000303__2,0.23333333333333334,0.23333333333333334,0.0,complete,0,1,Category 53,Category 53_restored,Awaiting User Info,29/2/2016 16:22
INC0000303__4,838,closure,INC0000303,True,INC0000303__3,0.23333333333333334,0.23333333333333334,0.0,complete,0,1,Category 53,Category 53_restored,Awaiting Problem,9/3/2016 17:15
INC0000303__5,839,closure,INC0000303,True,INC0000303__4,0.23333333333333334,0.23333333333333334,0.0,complete,0,1,Category 53,Category 53_restored,Awaiting Problem,10/3/2016 17:47
INC0000303__6,840,closure,INC0000303,True,INC0000303__5,0.23333333333333334,0.23333333333333334,0.0,complete,0,1,Category 53,Category 53_restored,Resolved,10/3/2016 17:47
INC0000303__7,841,closure,INC0000303,True,INC0000303__6,0.23333333333333334,0.18333333333333335,-0.04999999999999999,complete,0,1,Category 53,Category 53_restored,Closed,24/3/2016 18:50
INC0000304__0,842,source,INC0000304,False,,0.44999999999999996,0.44999999999999996,0.0,none,0,0,Category 53,Category 53,New,29/2/2016 14:28
INC0000304__1,843,closure,INC0000304,True,INC0000304__0,0.44999999999999996,0.44999999999999996,0.0,complete,0,1,Category 53,Category 53_restored,Awaiting User Info,1/3/2016 16:36
INC0000304__2,844,closure,INC0000304,True,INC0000304__1,0.44999999999999996,0.44999999999999996,0.0,complete,0,1,Category 53,Category 53_restored,Awaiting User Info,2/3/2016 16:34
INC0000304__3,845,closure,INC0000304,True,INC0000304__2,0.44999999999999996,0.44999999999999996,0.0,complete,0,1,Category 53,Category 53_restored,Awaiting User Info,3/3/2016 15:08
INC0000304__4,846,closure,INC0000304,True,INC0000304__3,0.44999999999999996,0.44999999999999996,0.0,complete,0,1,Category 53,Category 53_restored,Resolved,3/3/2016 15:09
INC0000304__5,847,closure,INC0000304,True,INC0000304__4,0.44999999999999996,0.35,-0.09999999999999998,complete,0,1,Category 53,Category 53_restored,Closed,8/3/2016 16:00
INC0000305__0,848,source,INC0000305,False,,0.44999999999999996,0.44999999999999996,0.0,none,0,0,Category 53,Category 53,New,29/2/2016 14:57
INC0000305__1,849,closure,INC0000305,True,INC0000305__0,0.44999999999999996,0.44999999999999996,0.0,complete,0,1,Category 53,Category 53_restored,New,29/2/2016 14:59
INC0000305__2,850,closure,INC0000305,True,INC0000305__1,0.44999999999999996,0.44999999999999996,0.0,complete,0,1,Category 53,Category 53_restored,New,29/2/2016 15:00
INC0000305__3,851,closure,INC0000305,True,INC0000305__2,0.44999999999999996,0.44999999999999996,0.0,complete,0,1,Category 53,Category 53_restored,New,29/2/2016 18:55
INC0000305__4,852,closure,INC0000305,True,INC0000305__3,0.44999999999999996,0.44999999999999996,0.0,complete,0,1,Category 53,Category 53_restored,Awaiting User Info,29/2/2016 20:01
INC0000305__5,853,closure,INC0000305,True,INC0000305__4,0.44999999999999996,0.44999999999999996,0.0,complete,0,1,Category 53,Category 53_restored,Awaiting User Info,29/2/2016 20:02
INC0000305__6,854,closure,INC0000305,True,INC0000305__5,0.44999999999999996,0.39999999999999997,-0.04999999999999999,complete,0,1,Category 53,Category 53_restored,Awaiting User Info,4/3/2016 12:28
INC0000305__7,855,closure,INC0000305,True,INC0000305__6,0.39999999999999997,0.35,-0.04999999999999999,complete,0,1,Category 53,Category 53_restored,Awaiting User Info,4/3/2016 14:41
INC0000305__8,856,closure,INC0000305,True,INC0000305__7,0.35,0.3,-0.04999999999999999,complete,0,1,Category 53,Category 53_restored,Resolved,4/3/2016 14:41
INC0000305__9,857,closure,INC0000305,True,INC0000305__8,0.3,0.25,-0.04999999999999999,complete,0,1,Category 53,Category 53_restored,Closed,9/3/2016 15:00
INC0000306__0,858,source,INC0000306,False,,0.44999999999999996,0.44999999999999996,0.0,none,0,0,Category 23,Category 23,New,29/2/2016 14:43
INC0000306__1,859,closure,INC0000306,True,INC0000306__0,0.44999999999999996,0.44999999999999996,0.0,complete,0,1,Category 23,Category 23_restored,New,2/3/2016 16:47
INC0000306__2,860,closure,INC0000306,True,INC0000306__1,0.44999999999999996,0.44999999999999996,0.0,complete,0,1,Category 23,Category 23_restored,Resolved,2/3/2016 16:48
INC0000306__3,861,closure,INC0000306,True,INC0000306__2,0.44999999999999996,0.35,-0.09999999999999998,complete,0,1,Category 23,Category 23_restored,Closed,7/3/2016 17:00
INC0000307__0,862,source,INC0000307,False,,0.23333333333333334,0.23333333333333334,0.0,none,0,0,Category 45,Category 45,Active,29/2/2016 14:30
INC0000307__1,863,closure,INC0000307,True,INC0000307__0,0.23333333333333334,0.23333333333333334,0.0,complete,0,1,Category 45,Category 45_restored,Awaiting User Info,29/2/2016 14:43
INC0000307__2,864,closure,INC0000307,True,INC0000307__1,0.23333333333333334,0.23333333333333334,0.0,complete,0,1,Category 45,Category 45_restored,Awaiting User Info,19/12/2016 14:40
INC0000307__3,865,closure,INC0000307,True,INC0000307__2,0.23333333333333334,0.23333333333333334,0.0,complete,0,1,Category 45,Category 45_restored,Resolved,19/12/2016 14:55
INC0000307__4,866,closure,INC0000307,True,INC0000307__3,0.23333333333333334,0.18333333333333335,-0.04999999999999999,complete,0,1,Category 45,Category 45_restored,Closed,24/12/2016 15:00
INC0000310__0,867,source,INC0000310,False,,0.23333333333333334,0.23333333333333334,0.0,none,0,0,Category 45,Category 45,Active,29/2/2016 14:33
INC0000310__1,868,closure,INC0000310,True,INC0000310__0,0.23333333333333334,0.23333333333333334,0.0,complete,0,1,Category 45,Category 45_restored,Awaiting User Info,29/2/2016 14:36
INC0000310__2,869,closure,INC0000310,True,INC0000310__1,0.23333333333333334,0.23333333333333334,0.0,complete,0,1,Category 45,Category 45_restored,Resolved,1/3/2016 13:47
INC0000310__3,870,closure,INC0000310,True,INC0000310__2,0.23333333333333334,0.13333333333333333,-0.1,complete,0,1,Category 45,Category 45_restored,Closed,6/3/2016 14:00
INC0000315__0,871,source,INC0000315,False,,0.44999999999999996,0.44999999999999996,0.0,none,0,0,Category 23,Category 23,New,29/2/2016 14:37
INC0000315__1,872,closure,INC0000315,True,INC0000315__0,0.44999999999999996,0.39999999999999997,-0.04999999999999999,complete,0,1,Category 23,Category 23_restored,New,1/3/2016 09:57
INC0000315__2,873,closure,INC0000315,True,INC0000315__1,0.39999999999999997,0.35,-0.04999999999999999,complete,0,1,Category 23,Category 23_restored,Active,1/3/2016 10:50
INC0000315__3,874,closure,INC0000315,True,INC0000315__2,0.35,0.3,-0.04999999999999999,complete,0,1,Category 23,Category 23_restored,Active,1/3/2016 13:47
INC0000315__4,875,closure,INC0000315,True,INC0000315__3,0.3,0.25,-0.04999999999999999,complete,0,1,Category 23,Category 23_restored,Resolved,7/3/2016 09:12
INC0000315__5,876,closure,INC0000315,True,INC0000315__4,0.25,0.2,-0.04999999999999999,complete,0,1,Category 23,Category 23_restored,Closed,24/3/2016 18:40
INC0000317__0,877,source,INC0000317,False,,0.23333333333333334,0.23333333333333334,0.0,none,0,0,Category 45,Category 45,Active,29/2/2016 14:40
INC0000317__1,878,closure,INC0000317,True,INC0000317__0,0.23333333333333334,0.23333333333333334,0.0,complete,0,1,Category 45,Category 45_restored,Active,29/2/2016 14:42
INC0000317__2,879,closure,INC0000317,True,INC0000317__1,0.23333333333333334,0.23333333333333334,0.0,complete,0,1,Category 45,Category 45_restored,Awaiting User Info,29/2/2016 14:42
INC0000317__3,880,closure,INC0000317,True,INC0000317__2,0.23333333333333334,0.23333333333333334,0.0,complete,0,1,Category 45,Category 45_restored,Awaiting User Info,5/4/2016 06:17
INC0000317__4,881,closure,INC0000317,True,INC0000317__3,0.23333333333333334,0.23333333333333334,0.0,complete,0,1,Category 45,Category 45_restored,Resolved,25/4/2016 17:06
INC0000317__5,882,closure,INC0000317,True,INC0000317__4,0.23333333333333334,0.18333333333333335,-0.04999999999999999,complete,0,1,Category 45,Category 45_restored,Closed,30/4/2016 17:07
INC0000318__0,883,source,INC0000318,False,,0.23333333333333334,0.23333333333333334,0.0,none,0,0,Category 45,Category 45,Active,29/2/2016 14:43
INC0000318__1,884,closure,INC0000318,True,INC0000318__0,0.23333333333333334,0.23333333333333334,0.0,complete,0,1,Category 45,Category 45_restored,Awaiting User Info,29/2/2016 14:54
INC0000318__2,885,closure,INC0000318,True,INC0000318__1,0.23333333333333334,0.23333333333333334,0.0,complete,0,1,Category 45,Category 45_restored,Awaiting User Info,28/3/2016 12:09
INC0000318__3,886,closure,INC0000318,True,INC0000318__2,0.23333333333333334,0.23333333333333334,0.0,complete,0,1,Category 45,Category 45_restored,Awaiting User Info,28/3/2016 12:10
INC0000318__4,887,closure,INC0000318,True,INC0000318__3,0.23333333333333334,0.23333333333333334,0.0,complete,0,1,Category 45,Category 45_restored,Resolved,28/3/2016 12:10
INC0000318__5,888,closure,INC0000318,True,INC0000318__4,0.23333333333333334,0.18333333333333335,-0.04999999999999999,complete,0,1,Category 45,Category 45_restored,Closed,2/4/2016 13:59
INC0000319__0,889,source,INC0000319,False,,0.44999999999999996,0.44999999999999996,0.0,none,0,0,Category 37,Category 37,New,29/2/2016 14:50
INC0000319__1,890,closure,INC0000319,True,INC0000319__0,0.44999999999999996,0.39999999999999997,-0.04999999999999999,complete,0,1,Category 37,Category 37_restored,New,2/3/2016 13:46
INC0000319__2,891,closure,INC0000319,True,INC0000319__1,0.39999999999999997,0.35,-0.04999999999999999,complete,0,1,Category 37,Category 37_restored,Awaiting User Info,2/3/2016 14:11
INC0000319__3,892,closure,INC0000319,True,INC0000319__2,0.35,0.3,-0.04999999999999999,complete,0,1,Category 37,Category 37_restored,Resolved,2/3/2016 15:12
INC0000319__4,893,closure,INC0000319,True,INC0000319__3,0.3,0.25,-0.04999999999999999,complete,0,1,Category 37,Category 37_restored,Closed,7/3/2016 16:00
INC0000324__0,894,source,INC0000324,False,,0.30000000000000004,0.30000000000000004,0.0,none,0,0,Category 45,Category 45,Active,29/2/2016 15:06
INC0000324__1,895,closure,INC0000324,True,INC0000324__0,0.30000000000000004,0.30000000000000004,0.0,complete,0,1,Category 45,Category 45_restored,Active,29/2/2016 15:36
INC0000324__2,896,closure,INC0000324,True,INC0000324__1,0.30000000000000004,0.30000000000000004,0.0,complete,0,1,Category 45,Category 45_restored,Awaiting User Info,29/2/2016 15:43
INC0000324__3,897,closure,INC0000324,True,INC0000324__2,0.30000000000000004,0.30000000000000004,0.0,complete,0,1,Category 45,Category 45_restored,Resolved,16/6/2016 09:34
INC0000324__4,898,closure,INC0000324,True,INC0000324__3,0.30000000000000004,0.25000000000000006,-0.04999999999999999,complete,0,1,Category 45,Category 45_restored,Closed,21/6/2016 10:00
INC0000325__0,899,source,INC0000325,False,,0.23333333333333334,0.23333333333333334,0.0,none,0,0,Category 45,Category 45,Active,29/2/2016 14:49
INC0000325__1,900,closure,INC0000325,True,INC0000325__0,0.23333333333333334,0.23333333333333334,0.0,complete,0,1,Category 45,Category 45_restored,Awaiting User Info,29/2/2016 14:54
INC0000325__2,901,closure,INC0000325,True,INC0000325__1,0.23333333333333334,0.23333333333333334,0.0,complete,0,1,Category 45,Category 45_restored,Resolved,16/3/2016 08:56
INC0000325__3,902,closure,INC0000325,True,INC0000325__2,0.23333333333333334,0.18333333333333335,-0.04999999999999999,complete,0,1,Category 45,Category 45_restored,Closed,24/3/2016 18:59
INC0000329__0,903,source,INC0000329,False,,0.44999999999999996,0.44999999999999996,0.0,none,0,0,Category 42,Category 42,Active,29/2/2016 15:04
INC0000329__1,904,closure,INC0000329,True,INC0000329__0,0.44999999999999996,0.44999999999999996,0.0,complete,0,1,Category 42,Category 42_restored,Active,29/2/2016 15:05
INC0000329__2,905,closure,INC0000329,True,INC0000329__1,0.44999999999999996,0.39999999999999997,-0.04999999999999999,complete,0,1,Category 42,Category 42_restored,Active,29/2/2016 15:42
INC0000329__3,906,closure,INC0000329,True,INC0000329__2,0.39999999999999997,0.35,-0.04999999999999999,complete,0,1,Category 42,Category 42_restored,Active,2/3/2016 09:56
INC0000329__4,907,closure,INC0000329,True,INC0000329__3,0.35,0.3,-0.04999999999999999,complete,0,1,Category 42,Category 42_restored,Active,2/3/2016 17:22
INC0000329__5,908,closure,INC0000329,True,INC0000329__4,0.3,0.25,-0.04999999999999999,complete,0,1,Category 42,Category 42_restored,Active,2/3/2016 17:22
INC0000329__6,909,closure,INC0000329,True,INC0000329__5,0.25,0.2,-0.04999999999999999,complete,0,1,Category 42,Category 42_restored,Active,3/3/2016 15:25
INC0000329__7,910,closure,INC0000329,True,INC0000329__6,0.2,0.15000000000000002,-0.04999999999999999,complete,0,1,Category 42,Category 42_restored,Active,4/3/2016 09:14
INC0000329__8,911,closure,INC0000329,True,INC0000329__7,0.15000000000000002,0.10000000000000002,-0.05,complete,0,1,Category 42,Category 42_restored,Active,4/3/2016 09:53
INC0000329__9,912,closure,INC0000329,True,INC0000329__8,0.10000000000000002,0.05000000000000002,-0.05,complete,0,1,Category 42,Category 42_restored,Active,4/3/2016 09:54
INC0000329__10,913,closure,INC0000329,True,INC0000329__9,0.05000000000000002,1.3877787807814457e-17,-0.05,complete,0,1,Category 42,Category 42_restored,Active,4/3/2016 14:48
INC0000329__11,914,closure,INC0000329,True,INC0000329__10,1.3877787807814457e-17,0.0,-1.3877787807814457e-17,complete,0,1,Category 42,Category 42_restored,Awaiting User Info,4/3/2016 14:48
INC0000329__12,915,closure,INC0000329,True,INC0000329__11,0.0,0.0,0.0,complete,0,1,Category 42,Category 42_restored,Awaiting User Info,16/3/2016 11:37
INC0000329__13,916,closure,INC0000329,True,INC0000329__12,0.0,0.0,0.0,complete,0,1,Category 42,Category 42_restored,Awaiting User Info,16/3/2016 11:38
INC0000329__14,917,closure,INC0000329,True,INC0000329__13,0.0,0.0,0.0,complete,0,1,Category 42,Category 42_restored,Resolved,16/3/2016 11:38
INC0000329__15,918,closure,INC0000329,True,INC0000329__14,0.0,0.0,0.0,complete,0,1,Category 42,Category 42_restored,Closed,24/3/2016 18:59
INC0000330__0,919,source,INC0000330,False,,0.23333333333333334,0.23333333333333334,0.0,none,0,0,Category 45,Category 45,Active,29/2/2016 14:52
INC0000330__1,920,closure,INC0000330,True,INC0000330__0,0.23333333333333334,0.23333333333333334,0.0,complete,0,1,Category 45,Category 45_restored,Awaiting User Info,29/2/2016 14:54
INC0000330__2,921,closure,INC0000330,True,INC0000330__1,0.23333333333333334,0.23333333333333334,0.0,complete,0,1,Category 45,Category 45_restored,Awaiting User Info,18/3/2016 11:02
INC0000330__3,922,closure,INC0000330,True,INC0000330__2,0.23333333333333334,0.23333333333333334,0.0,complete,0,1,Category 45,Category 45_restored,Resolved,18/3/2016 13:44
INC0000330__4,923,closure,INC0000330,True,INC0000330__3,0.23333333333333334,0.18333333333333335,-0.04999999999999999,complete,0,1,Category 45,Category 45_restored,Closed,24/3/2016 18:59
INC0000332__0,924,source,INC0000332,False,,0.44999999999999996,0.44999999999999996,0.0,none,0,0,Category 26,Category 26,New,29/2/2016 14:53
INC0000332__1,925,closure,INC0000332,True,INC0000332__0,0.44999999999999996,0.44999999999999996,0.0,complete,0,1,Category 26,Category 26_restored,Awaiting User Info,29/2/2016 22:30
INC0000332__2,926,closure,INC0000332,True,INC0000332__1,0.44999999999999996,0.44999999999999996,0.0,complete,0,1,Category 26,Category 26_restored,Active,2/3/2016 12:27
INC0000332__3,927,closure,INC0000332,True,INC0000332__2,0.44999999999999996,0.39999999999999997,-0.04999999999999999,complete,0,1,Category 26,Category 26_restored,Active,3/3/2016 15:37
INC0000332__4,928,closure,INC0000332,True,INC0000332__3,0.39999999999999997,0.35,-0.04999999999999999,complete,0,1,Category 26,Category 26_restored,Active,7/3/2016 10:57
INC0000332__5,929,closure,INC0000332,True,INC0000332__4,0.35,0.3,-0.04999999999999999,complete,0,1,Category 26,Category 26_restored,Active,8/3/2016 07:06
INC0000332__6,930,closure,INC0000332,True,INC0000332__5,0.3,0.25,-0.04999999999999999,complete,0,1,Category 26,Category 26_restored,Active,8/3/2016 07:28
INC0000332__7,931,closure,INC0000332,True,INC0000332__6,0.25,0.2,-0.04999999999999999,complete,0,1,Category 26,Category 26_restored,Active,8/3/2016 07:29
INC0000332__8,932,closure,INC0000332,True,INC0000332__7,0.2,0.15000000000000002,-0.04999999999999999,complete,0,1,Category 26,Category 26_restored,Active,8/3/2016 07:30
INC0000332__9,933,closure,INC0000332,True,INC0000332__8,0.15000000000000002,0.10000000000000002,-0.05,complete,0,1,Category 26,Category 26_restored,Active,8/3/2016 08:09
INC0000332__10,934,closure,INC0000332,True,INC0000332__9,0.10000000000000002,0.05000000000000002,-0.05,complete,0,1,Category 26,Category 26_restored,Active,8/3/2016 12:27
INC0000332__11,935,closure,INC0000332,True,INC0000332__10,0.05000000000000002,1.3877787807814457e-17,-0.05,complete,0,1,Category 26,Category 26_restored,Active,8/3/2016 12:41
INC0000332__12,936,closure,INC0000332,True,INC0000332__11,1.3877787807814457e-17,0.0,-1.3877787807814457e-17,complete,0,1,Category 26,Category 26_restored,Active,8/3/2016 15:28
INC0000332__13,937,closure,INC0000332,True,INC0000332__12,0.0,0.0,0.0,complete,0,1,Category 26,Category 26_restored,Awaiting User Info,8/3/2016 15:28
INC0000332__14,938,closure,INC0000332,True,INC0000332__13,0.0,0.0,0.0,complete,0,1,Category 26,Category 26_restored,Awaiting User Info,9/3/2016 10:50
INC0000332__15,939,closure,INC0000332,True,INC0000332__14,0.0,0.0,0.0,complete,0,1,Category 26,Category 26_restored,Resolved,9/3/2016 10:50
INC0000332__16,940,closure,INC0000332,True,INC0000332__15,0.0,0.0,0.0,complete,0,1,Category 26,Category 26_restored,Closed,24/3/2016 18:40
INC0000336__0,941,source,INC0000336,False,,0.23333333333333334,0.23333333333333334,0.0,none,0,0,Category 45,Category 45,Awaiting User Info,29/2/2016 15:03
INC0000336__1,942,closure,INC0000336,True,INC0000336__0,0.23333333333333334,0.23333333333333334,0.0,complete,0,1,Category 45,Category 45_restored,Awaiting User Info,10/3/2016 17:25
INC0000336__2,943,closure,INC0000336,True,INC0000336__1,0.23333333333333334,0.23333333333333334,0.0,complete,0,1,Category 45,Category 45_restored,Resolved,10/3/2016 17:27
INC0000336__3,944,closure,INC0000336,True,INC0000336__2,0.23333333333333334,0.18333333333333335,-0.04999999999999999,complete,0,1,Category 45,Category 45_restored,Closed,24/3/2016 18:50
INC0000338__0,945,source,INC0000338,False,,0.23333333333333334,0.23333333333333334,0.0,none,0,0,Category 45,Category 45,Awaiting User Info,29/2/2016 15:10
INC0000338__1,946,closure,INC0000338,True,INC0000338__0,0.23333333333333334,0.23333333333333334,0.0,complete,0,1,Category 45,Category 45_restored,Awaiting User Info,5/4/2016 14:16
INC0000338__2,947,closure,INC0000338,True,INC0000338__1,0.23333333333333334,0.23333333333333334,0.0,complete,0,1,Category 45,Category 45_restored,Awaiting User Info,5/4/2016 14:18
INC0000338__3,948,closure,INC0000338,True,INC0000338__2,0.23333333333333334,0.23333333333333334,0.0,complete,0,1,Category 45,Category 45_restored,Resolved,5/4/2016 14:18
INC0000338__4,949,closure,INC0000338,True,INC0000338__3,0.23333333333333334,0.18333333333333335,-0.04999999999999999,complete,0,1,Category 45,Category 45_restored,Closed,10/4/2016 14:59
INC0000341__0,950,source,INC0000341,False,,0.23333333333333334,0.23333333333333334,0.0,none,0,0,Category 45,Category 45,Awaiting User Info,29/2/2016 15:13
INC0000341__1,951,closure,INC0000341,True,INC0000341__0,0.23333333333333334,0.23333333333333334,0.0,complete,0,1,Category 45,Category 45_restored,Active,21/3/2016 11:58
INC0000341__2,952,closure,INC0000341,True,INC0000341__1,0.23333333333333334,0.18333333333333335,-0.04999999999999999,complete,0,1,Category 45,Category 45_restored,Active,21/3/2016 12:09
INC0000341__3,953,closure,INC0000341,True,INC0000341__2,0.18333333333333335,0.13333333333333336,-0.04999999999999999,complete,0,1,Category 45,Category 45_restored,Active,21/3/2016 12:09
INC0000341__4,954,closure,INC0000341,True,INC0000341__3,0.13333333333333336,0.08333333333333336,-0.05,complete,0,1,Category 45,Category 45_restored,Awaiting User Info,21/3/2016 13:29
INC0000341__5,955,closure,INC0000341,True,INC0000341__4,0.08333333333333336,0.033333333333333354,-0.05,complete,0,1,Category 45,Category 45_restored,Awaiting User Info,2/8/2016 14:33
INC0000341__6,956,closure,INC0000341,True,INC0000341__5,0.033333333333333354,0.0,-0.033333333333333354,complete,0,1,Category 45,Category 45_restored,Resolved,2/8/2016 14:33
INC0000341__7,957,closure,INC0000341,True,INC0000341__6,0.0,0.0,0.0,complete,0,1,Category 45,Category 45_restored,Closed,7/8/2016 15:00
INC0000343__0,958,source,INC0000343,False,,0.30000000000000004,0.30000000000000004,0.0,none,0,0,Category 45,Category 45,Active,29/2/2016 15:20
INC0000343__1,959,closure,INC0000343,True,INC0000343__0,0.30000000000000004,0.30000000000000004,0.0,complete,0,1,Category 45,Category 45_restored,Awaiting User Info,29/2/2016 15:44
INC0000343__2,960,closure,INC0000343,True,INC0000343__1,0.30000000000000004,0.30000000000000004,0.0,complete,0,1,Category 45,Category 45_restored,Awaiting User Info,27/6/2016 11:43
INC0000343__3,961,closure,INC0000343,True,INC0000343__2,0.30000000000000004,0.30000000000000004,0.0,complete,0,1,Category 45,Category 45_restored,Resolved,22/12/2016 09:31
INC0000343__4,962,closure,INC0000343,True,INC0000343__3,0.30000000000000004,0.25000000000000006,-0.04999999999999999,complete,0,1,Category 45,Category 45_restored,Closed,27/12/2016 10:00
INC0000345__0,963,source,INC0000345,False,,0.44999999999999996,0.44999999999999996,0.0,none,0,0,Category 24,Category 24,New,29/2/2016 15:20
INC0000345__1,964,closure,INC0000345,True,INC0000345__0,0.44999999999999996,0.44999999999999996,0.0,complete,0,1,Category 24,Category 24_restored,New,29/2/2016 15:49
INC0000345__2,965,closure,INC0000345,True,INC0000345__1,0.44999999999999996,0.39999999999999997,-0.04999999999999999,complete,0,1,Category 24,Category 24_restored,New,29/2/2016 15:50
INC0000345__3,966,closure,INC0000345,True,INC0000345__2,0.39999999999999997,0.35,-0.04999999999999999,complete,0,1,Category 24,Category 24_restored,New,1/3/2016 00:01
INC0000345__4,967,closure,INC0000345,True,INC0000345__3,0.35,0.3,-0.04999999999999999,complete,0,1,Category 24,Category 24_restored,New,1/3/2016 00:02
INC0000345__5,968,closure,INC0000345,True,INC0000345__4,0.3,0.25,-0.04999999999999999,complete,0,1,Category 24,Category 24_restored,New,1/3/2016 08:47
INC0000345__6,969,closure,INC0000345,True,INC0000345__5,0.25,0.2,-0.04999999999999999,complete,0,1,Category 24,Category 24_restored,New,1/3/2016 16:00
INC0000345__7,970,closure,INC0000345,True,INC0000345__6,0.2,0.15000000000000002,-0.04999999999999999,complete,0,1,Category 24,Category 24_restored,Resolved,1/3/2016 16:00
INC0000345__8,971,closure,INC0000345,True,INC0000345__7,0.15000000000000002,0.10000000000000002,-0.05,complete,0,1,Category 24,Category 24_restored,Closed,6/3/2016 17:00
INC0000346__0,972,source,INC0000346,False,,0.44999999999999996,0.44999999999999996,0.0,none,0,0,Category 45,Category 45,Active,29/2/2016 15:17
INC0000346__1,973,closure,INC0000346,True,INC0000346__0,0.44999999999999996,0.44999999999999996,0.0,complete,0,1,Category 45,Category 45_restored,Awaiting User Info,29/2/2016 15:23
INC0000346__2,974,closure,INC0000346,True,INC0000346__1,0.44999999999999996,0.44999999999999996,0.0,complete,0,1,Category 45,Category 45_restored,Awaiting User Info,29/4/2016 08:03
INC0000346__3,975,closure,INC0000346,True,INC0000346__2,0.44999999999999996,0.44999999999999996,0.0,complete,0,1,Category 45,Category 45_restored,Resolved,29/4/2016 09:45
INC0000346__4,976,closure,INC0000346,True,INC0000346__3,0.44999999999999996,0.39999999999999997,-0.04999999999999999,complete,0,1,Category 45,Category 45_restored,Closed,4/5/2016 10:07
INC0000347__0,977,source,INC0000347,False,,0.44999999999999996,0.44999999999999996,0.0,none,0,0,Category 61,Category 61,New,29/2/2016 15:27
INC0000347__1,978,closure,INC0000347,True,INC0000347__0,0.44999999999999996,0.44999999999999996,0.0,complete,0,1,Category 61,Category 61_restored,New,2/3/2016 12:24
INC0000347__2,979,closure,INC0000347,True,INC0000347__1,0.44999999999999996,0.44999999999999996,0.0,complete,0,1,Category 61,Category 61_restored,Awaiting Problem,2/3/2016 12:25
INC0000347__3,980,closure,INC0000347,True,INC0000347__2,0.44999999999999996,0.44999999999999996,0.0,complete,0,1,Category 61,Category 61_restored,Resolved,3/3/2016 09:14
INC0000347__4,981,closure,INC0000347,True,INC0000347__3,0.44999999999999996,0.35,-0.09999999999999998,complete,0,1,Category 61,Category 61_restored,Closed,8/3/2016 10:00
INC0000348__0,982,source,INC0000348,False,,0.30000000000000004,0.30000000000000004,0.0,none,0,0,Category 45,Category 45,Active,29/2/2016 15:27
INC0000348__1,983,closure,INC0000348,True,INC0000348__0,0.30000000000000004,0.30000000000000004,0.0,complete,0,1,Category 45,Category 45_restored,Active,29/2/2016 15:29
INC0000348__2,984,closure,INC0000348,True,INC0000348__1,0.30000000000000004,0.30000000000000004,0.0,complete,0,1,Category 45,Category 45_restored,Awaiting User Info,29/2/2016 15:43
INC0000348__3,985,closure,INC0000348,True,INC0000348__2,0.30000000000000004,0.30000000000000004,0.0,complete,0,1,Category 45,Category 45_restored,Awaiting User Info,8/3/2016 15:04
INC0000348__4,986,closure,INC0000348,True,INC0000348__3,0.30000000000000004,0.30000000000000004,0.0,complete,0,1,Category 45,Category 45_restored,Active,12/4/2016 09:04
INC0000348__5,987,closure,INC0000348,True,INC0000348__4,0.30000000000000004,0.30000000000000004,0.0,complete,0,1,Category 45,Category 45_restored,Resolved,18/4/2016 09:44
INC0000348__6,988,closure,INC0000348,True,INC0000348__5,0.30000000000000004,0.25000000000000006,-0.04999999999999999,complete,0,1,Category 45,Category 45_restored,Closed,23/4/2016 10:07
INC0000351__0,989,source,INC0000351,False,,0.23333333333333334,0.23333333333333334,0.0,none,0,0,Category 45,Category 45,Active,29/2/2016 15:24
INC0000351__1,990,closure,INC0000351,True,INC0000351__0,0.23333333333333334,0.23333333333333334,0.0,complete,0,1,Category 45,Category 45_restored,Awaiting User Info,29/2/2016 15:27
INC0000351__2,991,closure,INC0000351,True,INC0000351__1,0.23333333333333334,0.23333333333333334,0.0,complete,0,1,Category 45,Category 45_restored,Resolved,21/3/2016 16:11
INC0000351__3,992,closure,INC0000351,True,INC0000351__2,0.23333333333333334,0.18333333333333335,-0.04999999999999999,complete,0,1,Category 45,Category 45_restored,Closed,26/3/2016 16:59
INC0000355__0,993,source,INC0000355,False,,0.44999999999999996,0.44999999999999996,0.0,none,0,0,Category 61,Category 61,New,29/2/2016 15:32
INC0000355__1,994,closure,INC0000355,True,INC0000355__0,0.44999999999999996,0.44999999999999996,0.0,complete,0,1,Category 61,Category 61_restored,Awaiting User Info,2/3/2016 12:37
INC0000355__2,995,closure,INC0000355,True,INC0000355__1,0.44999999999999996,0.44999999999999996,0.0,complete,0,1,Category 61,Category 61_restored,Active,2/3/2016 16:27
INC0000355__3,996,closure,INC0000355,True,INC0000355__2,0.44999999999999996,0.44999999999999996,0.0,complete,0,1,Category 61,Category 61_restored,Resolved,3/3/2016 11:54
INC0000355__4,997,closure,INC0000355,True,INC0000355__3,0.44999999999999996,0.35,-0.09999999999999998,complete,0,1,Category 61,Category 61_restored,Closed,8/3/2016 12:00
INC0000356__0,998,source,INC0000356,False,,0.44999999999999996,0.44999999999999996,0.0,none,0,0,Category 53,Category 53,New,29/2/2016 15:38
INC0000356__1,999,closure,INC0000356,True,INC0000356__0,0.44999999999999996,0.44999999999999996,0.0,complete,0,1,Category 53,Category 53_restored,New,1/3/2016 01:40
INC0000356__2,1000,closure,INC0000356,True,INC0000356__1,0.44999999999999996,0.39999999999999997,-0.04999999999999999,complete,0,1,Category 53,Category 53_restored,New,1/3/2016 12:29
INC0000356__3,1001,closure,INC0000356,True,INC0000356__2,0.39999999999999997,0.35,-0.04999999999999999,complete,0,1,Category 53,Category 53_restored,New,7/3/2016 16:43
INC0000356__4,1002,closure,INC0000356,True,INC0000356__3,0.35,0.3,-0.04999999999999999,complete,0,1,Category 53,Category 53_restored,New,7/3/2016 16:43
INC0000356__5,1003,closure,INC0000356,True,INC0000356__4,0.3,0.25,-0.04999999999999999,complete,0,1,Category 53,Category 53_restored,New,7/3/2016 18:37
INC0000356__6,1004,closure,INC0000356,True,INC0000356__5,0.25,0.2,-0.04999999999999999,complete,0,1,Category 53,Category 53_restored,New,8/3/2016 08:52
INC0000356__7,1005,closure,INC0000356,True,INC0000356__6,0.2,0.15000000000000002,-0.04999999999999999,complete,0,1,Category 53,Category 53_restored,Resolved,8/3/2016 08:52
INC0000356__8,1006,closure,INC0000356,True,INC0000356__7,0.15000000000000002,0.10000000000000002,-0.05,complete,0,1,Category 53,Category 53_restored,Closed,24/3/2016 18:40
INC0000357__0,1007,source,INC0000357,False,,0.44999999999999996,0.44999999999999996,0.0,none,0,0,Category 23,Category 23,Active,29/2/2016 15:34
INC0000357__1,1008,closure,INC0000357,True,INC0000357__0,0.44999999999999996,0.44999999999999996,0.0,complete,0,1,Category 23,Category 23_restored,Active,1/3/2016 14:11
INC0000357__2,1009,closure,INC0000357,True,INC0000357__1,0.44999999999999996,0.44999999999999996,0.0,complete,0,1,Category 23,Category 23_restored,Awaiting User Info,1/3/2016 14:12
INC0000357__3,1010,closure,INC0000357,True,INC0000357__2,0.44999999999999996,0.44999999999999996,0.0,complete,0,1,Category 23,Category 23_restored,Awaiting User Info,1/3/2016 14:12
INC0000357__4,1011,closure,INC0000357,True,INC0000357__3,0.44999999999999996,0.44999999999999996,0.0,complete,0,1,Category 23,Category 23_restored,Resolved,2/3/2016 16:25
INC0000357__5,1012,closure,INC0000357,True,INC0000357__4,0.44999999999999996,0.35,-0.09999999999999998,complete,0,1,Category 23,Category 23_restored,Closed,7/3/2016 17:00
INC0000358__0,1013,source,INC0000358,False,,0.30000000000000004,0.30000000000000004,0.0,none,0,0,incident,incident,New,29/2/2016 15:42
INC0000358__1,1014,closure,INC0000358,True,INC0000358__0,0.30000000000000004,0.30000000000000004,0.0,complete,0,1,incident,incident_restored,New,29/2/2016 15:43
INC0000358__2,1015,closure,INC0000358,True,INC0000358__1,0.30000000000000004,0.30000000000000004,0.0,complete,0,1,incident,incident_restored,Resolved,29/2/2016 15:43
INC0000358__3,1016,closure,INC0000358,True,INC0000358__2,0.30000000000000004,0.2,-0.10000000000000003,complete,0,1,incident,incident_restored,Closed,29/2/2016 15:44
INC0000358__4,1017,closure,INC0000358,True,INC0000358__3,0.2,0.2,0.0,complete,0,1,incident,incident_restored,Closed,9/3/2016 16:27
INC0000359__0,1018,source,INC0000359,False,,0.30000000000000004,0.30000000000000004,0.0,none,0,0,Group 31,Group 31,Active,29/2/2016 15:40
INC0000359__1,1019,closure,INC0000359,True,INC0000359__0,0.30000000000000004,0.30000000000000004,0.0,complete,0,1,Group 31,Group 31_restored,Awaiting User Info,29/2/2016 15:43
INC0000359__2,1020,closure,INC0000359,True,INC0000359__1,0.30000000000000004,0.30000000000000004,0.0,complete,0,1,Group 31,Group 31_restored,Awaiting User Info,1/4/2016 11:14
INC0000359__3,1021,closure,INC0000359,True,INC0000359__2,0.30000000000000004,0.30000000000000004,0.0,complete,0,1,Group 31,Group 31_restored,Awaiting User Info,4/5/2016 15:43
INC0000359__4,1022,closure,INC0000359,True,INC0000359__3,0.30000000000000004,0.30000000000000004,0.0,complete,0,1,Group 31,Group 31_restored,Awaiting User Info,27/6/2016 11:46
INC0000359__5,1023,closure,INC0000359,True,INC0000359__4,0.30000000000000004,0.30000000000000004,0.0,complete,0,1,Group 31,Group 31_restored,Awaiting User Info,27/6/2016 14:39
INC0000359__6,1024,closure,INC0000359,True,INC0000359__5,0.30000000000000004,0.30000000000000004,0.0,complete,0,1,Group 31,Group 31_restored,Awaiting User Info,11/7/2016 09:26
INC0000359__7,1025,closure,INC0000359,True,INC0000359__6,0.30000000000000004,0.30000000000000004,0.0,complete,0,1,Group 31,Group 31_restored,Resolved,12/7/2016 09:42
INC0000359__8,1026,closure,INC0000359,True,INC0000359__7,0.30000000000000004,0.25000000000000006,-0.04999999999999999,complete,0,1,Group 31,Group 31_restored,Closed,17/7/2016 10:00
INC0000361__0,1027,source,INC0000361,False,,0.44999999999999996,0.44999999999999996,0.0,none,0,0,Group 53,Group 53,New,29/2/2016 15:51
INC0000361__1,1028,closure,INC0000361,True,INC0000361__0,0.44999999999999996,0.44999999999999996,0.0,complete,0,1,Group 53,Group 53_restored,Active,1/3/2016 14:22
INC0000361__2,1029,closure,INC0000361,True,INC0000361__1,0.44999999999999996,0.44999999999999996,0.0,complete,0,1,Group 53,Group 53_restored,Active,1/3/2016 14:52
INC0000361__3,1030,closure,INC0000361,True,INC0000361__2,0.44999999999999996,0.44999999999999996,0.0,complete,0,1,Group 53,Group 53_restored,Awaiting User Info,1/3/2016 17:53
INC0000361__4,1031,closure,INC0000361,True,INC0000361__3,0.44999999999999996,0.39999999999999997,-0.04999999999999999,complete,0,1,Category 53,Category 53_restored,Awaiting User Info,4/3/2016 10:26
INC0000361__5,1032,closure,INC0000361,True,INC0000361__4,0.39999999999999997,0.35,-0.04999999999999999,complete,0,1,Category 53,Category 53_restored,Awaiting User Info,7/3/2016 15:26
INC0000361__6,1033,closure,INC0000361,True,INC0000361__5,0.35,0.3,-0.04999999999999999,complete,0,1,Category 53,Category 53_restored,Resolved,9/3/2016 17:23
INC0000361__7,1034,closure,INC0000361,True,INC0000361__6,0.3,0.25,-0.04999999999999999,complete,0,1,Category 53,Category 53_restored,Closed,24/3/2016 18:40
INC0000363__0,1035,source,INC0000363,False,,0.30000000000000004,0.30000000000000004,0.0,none,0,0,Category 45,Category 45,Active,29/2/2016 15:50
INC0000363__1,1036,closure,INC0000363,True,INC0000363__0,0.30000000000000004,0.30000000000000004,0.0,complete,0,1,Category 45,Category 45_restored,Active,29/2/2016 15:52
INC0000363__2,1037,closure,INC0000363,True,INC0000363__1,0.30000000000000004,0.30000000000000004,0.0,complete,0,1,Category 45,Category 45_restored,Awaiting User Info,29/2/2016 16:08
INC0000363__3,1038,closure,INC0000363,True,INC0000363__2,0.30000000000000004,0.30000000000000004,0.0,complete,0,1,Category 45,Category 45_restored,Resolved,28/3/2016 14:56
INC0000363__4,1039,closure,INC0000363,True,INC0000363__3,0.30000000000000004,0.25000000000000006,-0.04999999999999999,complete,0,1,Category 45,Category 45_restored,Closed,2/4/2016 14:59
INC0000370__0,1040,source,INC0000370,False,,0.75,0.75,0.0,none,0,0,Category 37,Category 37,New,29/2/2016 15:58
INC0000370__1,1041,closure,INC0000370,True,INC0000370__0,0.75,0.75,0.0,complete,0,1,Category 37,Category 37_restored,Active,1/3/2016 08:12
INC0000370__2,1042,closure,INC0000370,True,INC0000370__1,0.75,0.75,0.0,complete,0,1,Category 37,Category 37_restored,Active,1/3/2016 08:12
INC0000370__3,1043,closure,INC0000370,True,INC0000370__2,0.75,0.75,0.0,complete,0,1,Category 37,Category 37_restored,Resolved,1/3/2016 08:25
INC0000370__4,1044,closure,INC0000370,True,INC0000370__3,0.75,0.75,0.0,complete,0,1,Category 37,Category 37_restored,Resolved,1/3/2016 08:31
INC0000370__5,1045,closure,INC0000370,True,INC0000370__4,0.75,0.7,-0.050000000000000044,complete,0,1,Category 37,Category 37_restored,Closed,6/3/2016 09:00
INC0000371__0,1046,source,INC0000371,False,,0.30000000000000004,0.30000000000000004,0.0,none,0,0,Category 45,Category 45,Active,29/2/2016 16:07
INC0000371__1,1047,closure,INC0000371,True,INC0000371__0,0.30000000000000004,0.30000000000000004,0.0,complete,0,1,Category 45,Category 45_restored,Active,29/2/2016 16:08
INC0000371__2,1048,closure,INC0000371,True,INC0000371__1,0.30000000000000004,0.30000000000000004,0.0,complete,0,1,Category 45,Category 45_restored,Awaiting User Info,29/2/2016 16:09
INC0000371__3,1049,closure,INC0000371,True,INC0000371__2,0.30000000000000004,0.30000000000000004,0.0,complete,0,1,Category 45,Category 45_restored,Awaiting User Info,17/3/2016 14:52
INC0000371__4,1050,closure,INC0000371,True,INC0000371__3,0.30000000000000004,0.30000000000000004,0.0,complete,0,1,Category 45,Category 45_restored,Resolved,29/3/2016 17:54
INC0000371__5,1051,closure,INC0000371,True,INC0000371__4,0.30000000000000004,0.25000000000000006,-0.04999999999999999,complete,0,1,Category 45,Category 45_restored,Closed,3/4/2016 17:59
INC0000372__0,1052,source,INC0000372,False,,0.44999999999999996,0.44999999999999996,0.0,none,0,0,Category 20,Category 20,Active,29/2/2016 16:05
INC0000372__1,1053,closure,INC0000372,True,INC0000372__0,0.44999999999999996,0.44999999999999996,0.0,complete,0,1,Category 20,Category 20_restored,Active,4/3/2016 07:57
INC0000372__2,1054,closure,INC0000372,True,INC0000372__1,0.44999999999999996,0.44999999999999996,0.0,complete,0,1,Category 20,Category 20_restored,Resolved,4/3/2016 07:58
INC0000372__3,1055,closure,INC0000372,True,INC0000372__2,0.44999999999999996,0.35,-0.09999999999999998,complete,0,1,Category 20,Category 20_restored,Closed,9/3/2016 08:00
INC0000373__0,1056,source,INC0000373,False,,0.23333333333333334,0.23333333333333334,0.0,none,0,0,Category 8,Category 8,Active,29/2/2016 16:07
INC0000373__1,1057,closure,INC0000373,True,INC0000373__0,0.23333333333333334,0.23333333333333334,0.0,complete,0,1,Category 8,Category 8_restored,Awaiting User Info,29/2/2016 16:20
INC0000373__2,1058,closure,INC0000373,True,INC0000373__1,0.23333333333333334,0.23333333333333334,0.0,complete,0,1,Category 8,Category 8_restored,Awaiting Problem,9/3/2016 17:14
INC0000373__3,1059,closure,INC0000373,True,INC0000373__2,0.23333333333333334,0.23333333333333334,0.0,complete,0,1,Category 8,Category 8_restored,Resolved,10/3/2016 17:51
INC0000373__4,1060,closure,INC0000373,True,INC0000373__3,0.23333333333333334,0.18333333333333335,-0.04999999999999999,complete,0,1,Category 8,Category 8_restored,Closed,24/3/2016 18:50
INC0000374__0,1061,source,INC0000374,False,,0.44999999999999996,0.44999999999999996,0.0,none,0,0,Category 32,Category 32,New,29/2/2016 15:59
INC0000374__1,1062,closure,INC0000374,True,INC0000374__0,0.44999999999999996,0.44999999999999996,0.0,complete,0,1,Category 32,Category 32_restored,Active,29/2/2016 16:04
INC0000374__2,1063,closure,INC0000374,True,INC0000374__1,0.44999999999999996,0.44999999999999996,0.0,complete,0,1,Category 32,Category 32_restored,Resolved,29/2/2016 16:22
INC0000374__3,1064,closure,INC0000374,True,INC0000374__2,0.44999999999999996,0.35,-0.09999999999999998,complete,0,1,Category 32,Category 32_restored,Closed,5/3/2016 17:00
INC0000375__0,1065,source,INC0000375,False,,0.30000000000000004,0.30000000000000004,0.0,none,0,0,Category 45,Category 45,Active,29/2/2016 16:14
INC0000375__1,1066,closure,INC0000375,True,INC0000375__0,0.30000000000000004,0.30000000000000004,0.0,complete,0,1,Category 45,Category 45_restored,Awaiting User Info,29/2/2016 16:15
INC0000375__2,1067,closure,INC0000375,True,INC0000375__1,0.30000000000000004,0.30000000000000004,0.0,complete,0,1,Category 45,Category 45_restored,Awaiting User Info,29/3/2016 17:13
INC0000375__3,1068,closure,INC0000375,True,INC0000375__2,0.30000000000000004,0.30000000000000004,0.0,complete,0,1,Category 45,Category 45_restored,Awaiting User Info,18/4/2016 14:15
INC0000375__4,1069,closure,INC0000375,True,INC0000375__3,0.30000000000000004,0.30000000000000004,0.0,complete,0,1,Category 45,Category 45_restored,Awaiting User Info,13/5/2016 14:39
INC0000375__5,1070,closure,INC0000375,True,INC0000375__4,0.30000000000000004,0.30000000000000004,0.0,complete,0,1,Category 45,Category 45_restored,Resolved,19/5/2016 15:24
INC0000375__6,1071,closure,INC0000375,True,INC0000375__5,0.30000000000000004,0.25000000000000006,-0.04999999999999999,complete,0,1,Category 45,Category 45_restored,Closed,24/5/2016 16:07
INC0000376__0,1072,source,INC0000376,False,,0.44999999999999996,0.44999999999999996,0.0,none,0,0,Category 61,Category 61,New,29/2/2016 16:15
INC0000376__1,1073,closure,INC0000376,True,INC0000376__0,0.44999999999999996,0.39999999999999997,-0.04999999999999999,complete,0,1,Category 61,Category 61_restored,New,7/3/2016 08:48
INC0000376__2,1074,closure,INC0000376,True,INC0000376__1,0.39999999999999997,0.35,-0.04999999999999999,complete,0,1,Category 61,Category 61_restored,Resolved,7/3/2016 15:14
INC0000376__3,1075,closure,INC0000376,True,INC0000376__2,0.35,0.3,-0.04999999999999999,complete,0,1,Category 61,Category 61_restored,Closed,24/3/2016 18:40
INC0000377__0,1076,source,INC0000377,False,,0.30000000000000004,0.30000000000000004,0.0,none,0,0,Category 26,Category 26,Active,29/2/2016 16:25
INC0000377__1,1077,closure,INC0000377,True,INC0000377__0,0.30000000000000004,0.30000000000000004,0.0,complete,0,1,Category 26,Category 26_restored,Active,29/2/2016 16:31
INC0000377__2,1078,closure,INC0000377,True,INC0000377__1,0.30000000000000004,0.30000000000000004,0.0,complete,0,1,Category 26,Category 26_restored,Resolved,29/2/2016 16:38
INC0000377__3,1079,closure,INC0000377,True,INC0000377__2,0.30000000000000004,0.2,-0.10000000000000003,complete,0,1,Category 26,Category 26_restored,Closed,5/3/2016 17:00
INC0000378__0,1080,source,INC0000378,False,,0.44999999999999996,0.44999999999999996,0.0,none,0,0,Category 45,Category 45,Active,29/2/2016 16:28
INC0000378__1,1081,closure,INC0000378,True,INC0000378__0,0.44999999999999996,0.44999999999999996,0.0,complete,0,1,Category 45,Category 45_restored,Awaiting User Info,29/2/2016 16:28
INC0000378__2,1082,closure,INC0000378,True,INC0000378__1,0.44999999999999996,0.44999999999999996,0.0,complete,0,1,Category 45,Category 45_restored,Resolved,1/4/2016 10:26
INC0000378__3,1083,closure,INC0000378,True,INC0000378__2,0.44999999999999996,0.39999999999999997,-0.04999999999999999,complete,0,1,Category 45,Category 45_restored,Closed,6/4/2016 10:59
INC0000384__0,1084,source,INC0000384,False,,0.44999999999999996,0.44999999999999996,0.0,none,0,0,Category 43,Category 43,Active,29/2/2016 16:30
INC0000384__1,1085,closure,INC0000384,True,INC0000384__0,0.44999999999999996,0.44999999999999996,0.0,complete,0,1,Category 43,Category 43_restored,Active,3/3/2016 05:25
INC0000384__2,1086,closure,INC0000384,True,INC0000384__1,0.44999999999999996,0.44999999999999996,0.0,complete,0,1,Category 43,Category 43_restored,Resolved,3/3/2016 09:14
INC0000384__3,1087,closure,INC0000384,True,INC0000384__2,0.44999999999999996,0.35,-0.09999999999999998,complete,0,1,Category 43,Category 43_restored,Closed,8/3/2016 10:00
INC0000385__0,1088,source,INC0000385,False,,0.44999999999999996,0.44999999999999996,0.0,none,0,0,Category 53,Category 53,Active,29/2/2016 16:31
INC0000385__1,1089,closure,INC0000385,True,INC0000385__0,0.44999999999999996,0.44999999999999996,0.0,complete,0,1,Category 53,Category 53_restored,Awaiting User Info,1/3/2016 15:49
INC0000385__2,1090,closure,INC0000385,True,INC0000385__1,0.44999999999999996,0.44999999999999996,0.0,complete,0,1,Category 53,Category 53_restored,Awaiting User Info,10/3/2016 17:03
INC0000385__3,1091,closure,INC0000385,True,INC0000385__2,0.44999999999999996,0.44999999999999996,0.0,complete,0,1,Category 53,Category 53_restored,Awaiting User Info,17/3/2016 12:16
INC0000385__4,1092,closure,INC0000385,True,INC0000385__3,0.44999999999999996,0.44999999999999996,0.0,complete,0,1,Category 53,Category 53_restored,Awaiting User Info,17/3/2016 15:20
INC0000385__5,1093,closure,INC0000385,True,INC0000385__4,0.44999999999999996,0.44999999999999996,0.0,complete,0,1,Category 53,Category 53_restored,Awaiting User Info,22/3/2016 14:58
INC0000385__6,1094,closure,INC0000385,True,INC0000385__5,0.44999999999999996,0.44999999999999996,0.0,complete,0,1,Category 53,Category 53_restored,Awaiting User Info,23/3/2016 16:19
INC0000385__7,1095,closure,INC0000385,True,INC0000385__6,0.44999999999999996,0.44999999999999996,0.0,complete,0,1,Category 53,Category 53_restored,Awaiting User Info,28/3/2016 09:38
INC0000385__8,1096,closure,INC0000385,True,INC0000385__7,0.44999999999999996,0.44999999999999996,0.0,complete,0,1,Category 53,Category 53_restored,Resolved,28/3/2016 09:40
INC0000385__9,1097,closure,INC0000385,True,INC0000385__8,0.44999999999999996,0.39999999999999997,-0.04999999999999999,complete,0,1,Category 53,Category 53_restored,Closed,2/4/2016 09:59
INC0000387__0,1098,source,INC0000387,False,,0.44999999999999996,0.44999999999999996,0.0,none,0,0,Category 24,Category 24,New,29/2/2016 16:46
INC0000387__1,1099,closure,INC0000387,True,INC0000387__0,0.44999999999999996,0.44999999999999996,0.0,complete,0,1,Category 24,Category 24_restored,New,1/3/2016 16:41
INC0000387__2,1100,closure,INC0000387,True,INC0000387__1,0.44999999999999996,0.44999999999999996,0.0,complete,0,1,Category 24,Category 24_restored,Awaiting User Info,1/3/2016 16:41
INC0000387__3,1101,closure,INC0000387,True,INC0000387__2,0.44999999999999996,0.44999999999999996,0.0,complete,0,1,Category 24,Category 24_restored,Awaiting User Info,2/3/2016 13:06
INC0000387__4,1102,closure,INC0000387,True,INC0000387__3,0.44999999999999996,0.44999999999999996,0.0,complete,0,1,Category 24,Category 24_restored,Awaiting User Info,4/3/2016 09:53
INC0000387__5,1103,closure,INC0000387,True,INC0000387__4,0.44999999999999996,0.44999999999999996,0.0,complete,0,1,Category 24,Category 24_restored,Awaiting User Info,8/3/2016 09:59
INC0000387__6,1104,closure,INC0000387,True,INC0000387__5,0.44999999999999996,0.44999999999999996,0.0,complete,0,1,Category 24,Category 24_restored,Awaiting User Info,9/3/2016 10:57
INC0000387__7,1105,closure,INC0000387,True,INC0000387__6,0.44999999999999996,0.44999999999999996,0.0,complete,0,1,Category 24,Category 24_restored,Resolved,9/3/2016 10:57
INC0000387__8,1106,closure,INC0000387,True,INC0000387__7,0.44999999999999996,0.39999999999999997,-0.04999999999999999,complete,0,1,Category 24,Category 24_restored,Closed,24/3/2016 18:40
INC0000388__0,1107,source,INC0000388,False,,0.44999999999999996,0.44999999999999996,0.0,none,0,0,Category 45,Category 45,New,29/2/2016 16:49
INC0000388__1,1108,closure,INC0000388,True,INC0000388__0,0.44999999999999996,0.39999999999999997,-0.04999999999999999,complete,0,1,Category 45,Category 45_restored,New,29/2/2016 17:23
INC0000388__2,1109,closure,INC0000388,True,INC0000388__1,0.39999999999999997,0.35,-0.04999999999999999,complete,0,1,Category 45,Category 45_restored,Awaiting User Info,29/2/2016 17:52
INC0000388__3,1110,closure,INC0000388,True,INC0000388__2,0.35,0.3,-0.04999999999999999,complete,0,1,Category 45,Category 45_restored,Awaiting User Info,7/3/2016 15:26
INC0000388__4,1111,closure,INC0000388,True,INC0000388__3,0.3,0.25,-0.04999999999999999,complete,0,1,Category 45,Category 45_restored,Active,7/3/2016 15:27
INC0000388__5,1112,closure,INC0000388,True,INC0000388__4,0.25,0.2,-0.04999999999999999,complete,0,1,Category 45,Category 45_restored,Resolved,22/3/2016 16:47
INC0000388__6,1113,closure,INC0000388,True,INC0000388__5,0.2,0.15000000000000002,-0.04999999999999999,complete,0,1,Category 45,Category 45_restored,Closed,27/3/2016 16:59
INC0000392__0,1114,source,INC0000392,False,,0.44999999999999996,0.44999999999999996,0.0,none,0,0,Category 9,Category 9,New,29/2/2016 17:03
INC0000392__1,1115,closure,INC0000392,True,INC0000392__0,0.44999999999999996,0.44999999999999996,0.0,complete,0,1,Category 9,Category 9_restored,New,1/3/2016 16:47
INC0000392__2,1116,closure,INC0000392,True,INC0000392__1,0.44999999999999996,0.44999999999999996,0.0,complete,0,1,Category 9,Category 9_restored,New,1/3/2016 16:48
INC0000392__3,1117,closure,INC0000392,True,INC0000392__2,0.44999999999999996,0.44999999999999996,0.0,complete,0,1,Category 9,Category 9_restored,Active,2/3/2016 09:17
INC0000392__4,1118,closure,INC0000392,True,INC0000392__3,0.44999999999999996,0.44999999999999996,0.0,complete,0,1,Category 9,Category 9_restored,Resolved,2/3/2016 11:10
INC0000392__5,1119,closure,INC0000392,True,INC0000392__4,0.44999999999999996,0.35,-0.09999999999999998,complete,0,1,Category 9,Category 9_restored,Closed,7/3/2016 12:00
INC0000393__0,1120,source,INC0000393,False,,0.44999999999999996,0.44999999999999996,0.0,none,0,0,Category 45,Category 45,New,29/2/2016 17:07
INC0000393__1,1121,closure,INC0000393,True,INC0000393__0,0.44999999999999996,0.39999999999999997,-0.04999999999999999,complete,0,1,Category 45,Category 45_restored,Active,1/3/2016 08:36
INC0000393__2,1122,closure,INC0000393,True,INC0000393__1,0.39999999999999997,0.35,-0.04999999999999999,complete,0,1,Category 45,Category 45_restored,Resolved,1/3/2016 09:39
INC0000393__3,1123,closure,INC0000393,True,INC0000393__2,0.35,0.3,-0.04999999999999999,complete,0,1,Category 45,Category 45_restored,Closed,6/3/2016 10:00
INC0000395__0,1124,source,INC0000395,False,,0.44999999999999996,0.44999999999999996,0.0,none,0,0,Category 24,Category 24,New,29/2/2016 17:10
INC0000395__1,1125,closure,INC0000395,True,INC0000395__0,0.44999999999999996,0.39999999999999997,-0.04999999999999999,complete,0,1,Category 24,Category 24_restored,New,1/3/2016 10:04
INC0000395__2,1126,closure,INC0000395,True,INC0000395__1,0.39999999999999997,0.35,-0.04999999999999999,complete,0,1,Category 24,Category 24_restored,New,1/3/2016 11:05
INC0000395__3,1127,closure,INC0000395,True,INC0000395__2,0.35,0.3,-0.04999999999999999,complete,0,1,Category 24,Category 24_restored,New,1/3/2016 17:11
INC0000395__4,1128,closure,INC0000395,True,INC0000395__3,0.3,0.25,-0.04999999999999999,complete,0,1,Category 24,Category 24_restored,Awaiting User Info,1/3/2016 17:12
INC0000395__5,1129,closure,INC0000395,True,INC0000395__4,0.25,0.2,-0.04999999999999999,complete,0,1,Category 24,Category 24_restored,Awaiting User Info,2/3/2016 15:29
INC0000395__6,1130,closure,INC0000395,True,INC0000395__5,0.2,0.15000000000000002,-0.04999999999999999,complete,0,1,Category 24,Category 24_restored,Awaiting User Info,2/3/2016 15:52
INC0000395__7,1131,closure,INC0000395,True,INC0000395__6,0.15000000000000002,0.10000000000000002,-0.05,complete,0,1,Category 24,Category 24_restored,Active,2/3/2016 16:50
INC0000395__8,1132,closure,INC0000395,True,INC0000395__7,0.10000000000000002,0.05000000000000002,-0.05,complete,0,1,Category 24,Category 24_restored,Active,2/3/2016 17:00
INC0000395__9,1133,closure,INC0000395,True,INC0000395__8,0.05000000000000002,1.3877787807814457e-17,-0.05,complete,0,1,Category 24,Category 24_restored,Active,2/3/2016 17:01
INC0000395__10,1134,closure,INC0000395,True,INC0000395__9,1.3877787807814457e-17,0.0,-1.3877787807814457e-17,complete,0,1,Category 24,Category 24_restored,Resolved,2/3/2016 17:01
INC0000395__11,1135,closure,INC0000395,True,INC0000395__10,0.0,0.0,0.0,complete,0,1,Category 24,Category 24_restored,Closed,7/3/2016 18:00
INC0000396__0,1136,source,INC0000396,False,,0.44999999999999996,0.44999999999999996,0.0,none,0,0,Category 40,Category 40,Active,29/2/2016 17:11
INC0000396__1,1137,closure,INC0000396,True,INC0000396__0,0.44999999999999996,0.39999999999999997,-0.04999999999999999,complete,0,1,Category 40,Category 40_restored,Active,29/2/2016 19:14
INC0000396__2,1138,closure,INC0000396,True,INC0000396__1,0.39999999999999997,0.35,-0.04999999999999999,complete,0,1,Category 40,Category 40_restored,Active,3/3/2016 15:40
INC0000396__3,1139,closure,INC0000396,True,INC0000396__2,0.35,0.3,-0.04999999999999999,complete,0,1,Category 40,Category 40_restored,Awaiting User Info,4/3/2016 16:17
INC0000396__4,1140,closure,INC0000396,True,INC0000396__3,0.3,0.25,-0.04999999999999999,complete,0,1,Category 40,Category 40_restored,Awaiting User Info,8/3/2016 09:04
INC0000396__5,1141,closure,INC0000396,True,INC0000396__4,0.25,0.2,-0.04999999999999999,complete,0,1,Category 40,Category 40_restored,Awaiting User Info,9/3/2016 14:02
INC0000396__6,1142,closure,INC0000396,True,INC0000396__5,0.2,0.15000000000000002,-0.04999999999999999,complete,0,1,Category 40,Category 40_restored,Awaiting User Info,9/3/2016 14:02
INC0000396__7,1143,closure,INC0000396,True,INC0000396__6,0.15000000000000002,0.10000000000000002,-0.05,complete,0,1,Category 40,Category 40_restored,Awaiting User Info,9/3/2016 14:35
INC0000396__8,1144,closure,INC0000396,True,INC0000396__7,0.10000000000000002,0.05000000000000002,-0.05,complete,0,1,Category 40,Category 40_restored,Awaiting User Info,9/3/2016 14:35
INC0000396__9,1145,closure,INC0000396,True,INC0000396__8,0.05000000000000002,1.3877787807814457e-17,-0.05,complete,0,1,Category 40,Category 40_restored,Awaiting User Info,9/3/2016 15:07
INC0000396__10,1146,closure,INC0000396,True,INC0000396__9,1.3877787807814457e-17,0.0,-1.3877787807814457e-17,complete,0,1,Category 40,Category 40_restored,Awaiting User Info,12/3/2016 11:48
INC0000396__11,1147,closure,INC0000396,True,INC0000396__10,0.0,0.0,0.0,complete,0,1,Category 40,Category 40_restored,Resolved,12/3/2016 14:27
INC0000396__12,1148,closure,INC0000396,True,INC0000396__11,0.0,0.0,0.0,complete,0,1,Category 40,Category 40_restored,Closed,24/3/2016 18:50
INC0000400__0,1149,source,INC0000400,False,,0.44999999999999996,0.44999999999999996,0.0,none,0,0,Category 45,Category 45,Active,29/2/2016 17:32
INC0000400__1,1150,closure,INC0000400,True,INC0000400__0,0.44999999999999996,0.44999999999999996,0.0,complete,0,1,Category 45,Category 45_restored,Active,29/2/2016 17:39
INC0000400__2,1151,closure,INC0000400,True,INC0000400__1,0.44999999999999996,0.44999999999999996,0.0,complete,0,1,Category 45,Category 45_restored,Active,29/2/2016 17:40
INC0000400__3,1152,closure,INC0000400,True,INC0000400__2,0.44999999999999996,0.39999999999999997,-0.04999999999999999,complete,0,1,Category 45,Category 45_restored,Active,29/2/2016 19:34
INC0000400__4,1153,closure,INC0000400,True,INC0000400__3,0.39999999999999997,0.35,-0.04999999999999999,complete,0,1,Category 45,Category 45_restored,Active,1/3/2016 13:11
INC0000400__5,1154,closure,INC0000400,True,INC0000400__4,0.35,0.3,-0.04999999999999999,complete,0,1,Category 45,Category 45_restored,Active,1/3/2016 13:11
INC0000400__6,1155,closure,INC0000400,True,INC0000400__5,0.3,0.25,-0.04999999999999999,complete,0,1,Category 45,Category 45_restored,Awaiting User Info,1/3/2016 13:18
INC0000400__7,1156,closure,INC0000400,True,INC0000400__6,0.25,0.2,-0.04999999999999999,complete,0,1,Category 45,Category 45_restored,Awaiting User Info,9/3/2016 14:07
INC0000400__8,1157,closure,INC0000400,True,INC0000400__7,0.2,0.15000000000000002,-0.04999999999999999,complete,0,1,Category 45,Category 45_restored,Awaiting User Info,12/3/2016 11:53
INC0000400__9,1158,closure,INC0000400,True,INC0000400__8,0.15000000000000002,0.10000000000000002,-0.05,complete,0,1,Category 45,Category 45_restored,Awaiting User Info,12/3/2016 18:40
INC0000400__10,1159,closure,INC0000400,True,INC0000400__9,0.10000000000000002,0.05000000000000002,-0.05,complete,0,1,Category 45,Category 45_restored,Awaiting User Info,14/3/2016 10:19
INC0000400__11,1160,closure,INC0000400,True,INC0000400__10,0.05000000000000002,1.3877787807814457e-17,-0.05,complete,0,1,Category 45,Category 45_restored,Resolved,14/3/2016 19:03
INC0000400__12,1161,closure,INC0000400,True,INC0000400__11,1.3877787807814457e-17,0.0,-1.3877787807814457e-17,complete,0,1,Category 45,Category 45_restored,Closed,24/3/2016 18:59
INC0000401__0,1162,source,INC0000401,False,,0.44999999999999996,0.44999999999999996,0.0,none,0,0,Category 24,Category 24,New,29/2/2016 17:55
INC0000401__1,1163,closure,INC0000401,True,INC0000401__0,0.44999999999999996,0.44999999999999996,0.0,complete,0,1,Category 24,Category 24_restored,New,1/3/2016 07:56
INC0000401__2,1164,closure,INC0000401,True,INC0000401__1,0.44999999999999996,0.44999999999999996,0.0,complete,0,1,Category 24,Category 24_restored,New,1/3/2016 07:56
INC0000401__3,1165,closure,INC0000401,True,INC0000401__2,0.44999999999999996,0.44999999999999996,0.0,complete,0,1,Category 24,Category 24_restored,New,1/3/2016 08:43
INC0000401__4,1166,closure,INC0000401,True,INC0000401__3,0.44999999999999996,0.44999999999999996,0.0,complete,0,1,Category 24,Category 24_restored,New,1/3/2016 15:27
INC0000401__5,1167,closure,INC0000401,True,INC0000401__4,0.44999999999999996,0.44999999999999996,0.0,complete,0,1,Category 24,Category 24_restored,Resolved,1/3/2016 16:56
INC0000401__6,1168,closure,INC0000401,True,INC0000401__5,0.44999999999999996,0.35,-0.09999999999999998,complete,0,1,Category 24,Category 24_restored,Closed,6/3/2016 17:00
INC0000403__0,1169,source,INC0000403,False,,0.44999999999999996,0.44999999999999996,0.0,none,0,0,Category 40,Category 40,Active,29/2/2016 17:52
INC0000403__1,1170,closure,INC0000403,True,INC0000403__0,0.44999999999999996,0.44999999999999996,0.0,complete,0,1,Category 40,Category 40_restored,Active,29/2/2016 17:53
INC0000403__2,1171,closure,INC0000403,True,INC0000403__1,0.44999999999999996,0.44999999999999996,0.0,complete,0,1,Category 40,Category 40_restored,Awaiting User Info,29/2/2016 18:56
INC0000403__3,1172,closure,INC0000403,True,INC0000403__2,0.44999999999999996,0.44999999999999996,0.0,complete,0,1,Category 40,Category 40_restored,Awaiting User Info,29/2/2016 19:03
INC0000403__4,1173,closure,INC0000403,True,INC0000403__3,0.44999999999999996,0.44999999999999996,0.0,complete,0,1,Category 40,Category 40_restored,Awaiting User Info,1/3/2016 14:25
INC0000403__5,1174,closure,INC0000403,True,INC0000403__4,0.44999999999999996,0.44999999999999996,0.0,complete,0,1,Category 40,Category 40_restored,Awaiting User Info,1/3/2016 14:25
INC0000403__6,1175,closure,INC0000403,True,INC0000403__5,0.44999999999999996,0.44999999999999996,0.0,complete,0,1,Category 40,Category 40_restored,Awaiting User Info,3/3/2016 15:45
INC0000403__7,1176,closure,INC0000403,True,INC0000403__6,0.44999999999999996,0.39999999999999997,-0.04999999999999999,complete,0,1,Category 40,Category 40_restored,Awaiting User Info,4/3/2016 12:09
INC0000403__8,1177,closure,INC0000403,True,INC0000403__7,0.39999999999999997,0.35,-0.04999999999999999,complete,0,1,Category 40,Category 40_restored,Active,4/3/2016 14:03
INC0000403__9,1178,closure,INC0000403,True,INC0000403__8,0.35,0.3,-0.04999999999999999,complete,0,1,Category 40,Category 40_restored,Awaiting User Info,4/3/2016 14:06
INC0000403__10,1179,closure,INC0000403,True,INC0000403__9,0.3,0.25,-0.04999999999999999,complete,0,1,Category 40,Category 40_restored,Awaiting User Info,7/3/2016 08:23
INC0000403__11,1180,closure,INC0000403,True,INC0000403__10,0.25,0.2,-0.04999999999999999,complete,0,1,Category 40,Category 40_restored,Awaiting User Info,7/3/2016 09:03
INC0000403__12,1181,closure,INC0000403,True,INC0000403__11,0.2,0.15000000000000002,-0.04999999999999999,complete,0,1,Category 40,Category 40_restored,Resolved,7/3/2016 10:03
INC0000403__13,1182,closure,INC0000403,True,INC0000403__12,0.15000000000000002,0.10000000000000002,-0.05,complete,0,1,Category 40,Category 40_restored,Resolved,7/3/2016 15:34
INC0000403__14,1183,closure,INC0000403,True,INC0000403__13,0.10000000000000002,0.05000000000000002,-0.05,complete,0,1,Category 40,Category 40_restored,Active,7/3/2016 15:41
INC0000403__15,1184,closure,INC0000403,True,INC0000403__14,0.05000000000000002,1.3877787807814457e-17,-0.05,complete,0,1,Category 40,Category 40_restored,Active,7/3/2016 15:41
INC0000403__16,1185,closure,INC0000403,True,INC0000403__15,1.3877787807814457e-17,0.0,-1.3877787807814457e-17,complete,0,1,Category 40,Category 40_restored,Active,7/3/2016 15:44
INC0000403__17,1186,closure,INC0000403,True,INC0000403__16,0.0,0.0,0.0,complete,0,1,Category 40,Category 40_restored,Active,7/3/2016 16:02
INC0000403__18,1187,closure,INC0000403,True,INC0000403__17,0.0,0.0,0.0,complete,0,1,Category 40,Category 40_restored,Awaiting User Info,7/3/2016 16:04
INC0000403__19,1188,closure,INC0000403,True,INC0000403__18,0.0,0.0,0.0,complete,0,1,Category 40,Category 40_restored,Active,7/3/2016 16:30
INC0000403__20,1189,closure,INC0000403,True,INC0000403__19,0.0,0.0,0.0,complete,0,1,Category 40,Category 40_restored,Resolved,7/3/2016 16:33
INC0000403__21,1190,closure,INC0000403,True,INC0000403__20,0.0,0.0,0.0,complete,0,1,Category 40,Category 40_restored,Closed,24/3/2016 18:40
INC0000405__0,1191,source,INC0000405,False,,0.44999999999999996,0.44999999999999996,0.0,none,0,0,Category 34,Category 34,New,29/2/2016 17:58
INC0000405__1,1192,closure,INC0000405,True,INC0000405__0,0.44999999999999996,0.44999999999999996,0.0,complete,0,1,Category 34,Category 34_restored,Active,2/3/2016 08:22
INC0000405__2,1193,closure,INC0000405,True,INC0000405__1,0.44999999999999996,0.44999999999999996,0.0,complete,0,1,Category 34,Category 34_restored,Resolved,3/3/2016 09:24
INC0000405__3,1194,closure,INC0000405,True,INC0000405__2,0.44999999999999996,0.35,-0.09999999999999998,complete,0,1,Category 34,Category 34_restored,Closed,8/3/2016 10:00
INC0000418__0,1195,source,INC0000418,False,,0.44999999999999996,0.44999999999999996,0.0,none,0,0,Category 55,Category 55,New,29/2/2016 18:44
INC0000418__1,1196,closure,INC0000418,True,INC0000418__0,0.44999999999999996,0.44999999999999996,0.0,complete,0,1,Category 55,Category 55_restored,Active,15/3/2016 08:43
INC0000418__2,1197,closure,INC0000418,True,INC0000418__1,0.44999999999999996,0.44999999999999996,0.0,complete,0,1,Category 55,Category 55_restored,Active,15/3/2016 08:45
INC0000418__3,1198,closure,INC0000418,True,INC0000418__2,0.44999999999999996,0.44999999999999996,0.0,complete,0,1,Category 55,Category 55_restored,Active,15/3/2016 08:49
INC0000418__4,1199,closure,INC0000418,True,INC0000418__3,0.44999999999999996,0.44999999999999996,0.0,complete,0,1,Category 55,Category 55_restored,Awaiting User Info,15/3/2016 10:45
INC0000418__5,1200,closure,INC0000418,True,INC0000418__4,0.44999999999999996,0.44999999999999996,0.0,complete,0,1,Category 55,Category 55_restored,Awaiting User Info,15/3/2016 17:34
INC0000418__6,1201,closure,INC0000418,True,INC0000418__5,0.44999999999999996,0.44999999999999996,0.0,complete,0,1,Category 55,Category 55_restored,Active,17/3/2016 16:12
INC0000418__7,1202,closure,INC0000418,True,INC0000418__6,0.44999999999999996,0.44999999999999996,0.0,complete,0,1,Category 55,Category 55_restored,Active,17/3/2016 16:16
INC0000418__8,1203,closure,INC0000418,True,INC0000418__7,0.44999999999999996,0.44999999999999996,0.0,complete,0,1,Category 55,Category 55_restored,Resolved,17/3/2016 16:17
INC0000418__9,1204,closure,INC0000418,True,INC0000418__8,0.44999999999999996,0.39999999999999997,-0.04999999999999999,complete,0,1,Category 55,Category 55_restored,Closed,24/3/2016 18:59
INC0000419__0,1205,source,INC0000419,False,,0.44999999999999996,0.44999999999999996,0.0,none,0,0,Category 53,Category 53,New,29/2/2016 18:44
INC0000419__1,1206,closure,INC0000419,True,INC0000419__0,0.44999999999999996,0.44999999999999996,0.0,complete,0,1,Category 53,Category 53_restored,New,4/3/2016 15:15
INC0000419__2,1207,closure,INC0000419,True,INC0000419__1,0.44999999999999996,0.44999999999999996,0.0,complete,0,1,Category 53,Category 53_restored,Active,18/3/2016 12:47
INC0000419__3,1208,closure,INC0000419,True,INC0000419__2,0.44999999999999996,0.44999999999999996,0.0,complete,0,1,Category 53,Category 53_restored,Resolved,23/3/2016 14:37
INC0000419__4,1209,closure,INC0000419,True,INC0000419__3,0.44999999999999996,0.39999999999999997,-0.04999999999999999,complete,0,1,Category 53,Category 53_restored,Closed,28/3/2016 14:59
INC0000433__0,1210,source,INC0000433,False,,0.75,0.75,0.0,none,0,0,Category 19,Category 19,New,29/2/2016 20:58
INC0000433__1,1211,closure,INC0000433,True,INC0000433__0,0.75,0.75,0.0,complete,0,1,Category 19,Category 19_restored,New,29/2/2016 21:40
INC0000433__2,1212,closure,INC0000433,True,INC0000433__1,0.75,0.75,0.0,complete,0,1,Category 19,Category 19_restored,New,29/2/2016 22:16
INC0000433__3,1213,closure,INC0000433,True,INC0000433__2,0.75,0.75,0.0,complete,0,1,Category 19,Category 19_restored,New,8/3/2016 16:43
INC0000433__4,1214,closure,INC0000433,True,INC0000433__3,0.75,0.75,0.0,complete,0,1,Category 19,Category 19_restored,New,8/3/2016 17:18
INC0000433__5,1215,closure,INC0000433,True,INC0000433__4,0.75,0.75,0.0,complete,0,1,Category 19,Category 19_restored,Active,8/3/2016 17:39
INC0000433__6,1216,closure,INC0000433,True,INC0000433__5,0.75,0.75,0.0,complete,0,1,Category 19,Category 19_restored,Resolved,25/3/2016 23:57
INC0000433__7,1217,closure,INC0000433,True,INC0000433__6,0.75,0.7,-0.050000000000000044,complete,0,1,Category 19,Category 19_restored,Closed,30/3/2016 23:59
INC0000434__0,1218,source,INC0000434,False,,0.44999999999999996,0.44999999999999996,0.0,none,0,0,Category 9,Category 9,New,29/2/2016 21:10
INC0000434__1,1219,closure,INC0000434,True,INC0000434__0,0.44999999999999996,0.44999999999999996,0.0,complete,0,1,Category 9,Category 9_restored,New,29/2/2016 21:51
INC0000434__2,1220,closure,INC0000434,True,INC0000434__1,0.44999999999999996,0.44999999999999996,0.0,complete,0,1,Category 9,Category 9_restored,Resolved,29/2/2016 21:55
INC0000434__3,1221,closure,INC0000434,True,INC0000434__2,0.44999999999999996,0.35,-0.09999999999999998,complete,0,1,Category 9,Category 9_restored,Closed,5/3/2016 22:00
INC0000439__0,1222,source,INC0000439,False,,0.44999999999999996,0.44999999999999996,0.0,none,0,0,Category 45,Category 45,Active,29/2/2016 21:44
INC0000439__1,1223,closure,INC0000439,True,INC0000439__0,0.44999999999999996,0.44999999999999996,0.0,complete,0,1,Category 45,Category 45_restored,Awaiting User Info,29/2/2016 21:48
INC0000439__2,1224,closure,INC0000439,True,INC0000439__1,0.44999999999999996,0.44999999999999996,0.0,complete,0,1,Category 45,Category 45_restored,Resolved,3/3/2016 09:52
INC0000439__3,1225,closure,INC0000439,True,INC0000439__2,0.44999999999999996,0.35,-0.09999999999999998,complete,0,1,Category 45,Category 45_restored,Closed,8/3/2016 10:00
INC0000440__0,1226,source,INC0000440,False,,0.44999999999999996,0.44999999999999996,0.0,none,0,0,Category 53,Category 53,New,29/2/2016 21:57
INC0000440__1,1227,closure,INC0000440,True,INC0000440__0,0.44999999999999996,0.39999999999999997,-0.04999999999999999,complete,0,1,Category 53,Category 53_restored,New,1/3/2016 11:42
INC0000440__2,1228,closure,INC0000440,True,INC0000440__1,0.39999999999999997,0.35,-0.04999999999999999,complete,0,1,Category 53,Category 53_restored,New,1/3/2016 16:44
INC0000440__3,1229,closure,INC0000440,True,INC0000440__2,0.35,0.3,-0.04999999999999999,complete,0,1,Category 53,Category 53_restored,New,1/3/2016 19:10
INC0000440__4,1230,closure,INC0000440,True,INC0000440__3,0.3,0.25,-0.04999999999999999,complete,0,1,Category 53,Category 53_restored,Resolved,1/3/2016 21:04
INC0000440__5,1231,closure,INC0000440,True,INC0000440__4,0.25,0.2,-0.04999999999999999,complete,0,1,Category 53,Category 53_restored,Closed,6/3/2016 22:00
INC0000441__0,1232,source,INC0000441,False,,0.44999999999999996,0.44999999999999996,0.0,none,0,0,Category 45,Category 45,New,29/2/2016 22:35
INC0000441__1,1233,closure,INC0000441,True,INC0000441__0,0.44999999999999996,0.39999999999999997,-0.04999999999999999,complete,0,1,Category 45,Category 45_restored,New,29/2/2016 22:44
INC0000441__2,1234,closure,INC0000441,True,INC0000441__1,0.39999999999999997,0.35,-0.04999999999999999,complete,0,1,Category 45,Category 45_restored,New,29/2/2016 23:35
INC0000441__3,1235,closure,INC0000441,True,INC0000441__2,0.35,0.3,-0.04999999999999999,complete,0,1,Category 45,Category 45_restored,New,29/2/2016 23:39
INC0000441__4,1236,closure,INC0000441,True,INC0000441__3,0.3,0.25,-0.04999999999999999,complete,0,1,Category 45,Category 45_restored,New,2/3/2016 11:34
INC0000441__5,1237,closure,INC0000441,True,INC0000441__4,0.25,0.2,-0.04999999999999999,complete,0,1,Category 45,Category 45_restored,New,2/3/2016 14:04
INC0000441__6,1238,closure,INC0000441,True,INC0000441__5,0.2,0.15000000000000002,-0.04999999999999999,complete,0,1,Category 45,Category 45_restored,New,8/3/2016 12:02
INC0000441__7,1239,closure,INC0000441,True,INC0000441__6,0.15000000000000002,0.10000000000000002,-0.05,complete,0,1,Category 45,Category 45_restored,New,8/3/2016 12:02
INC0000441__8,1240,closure,INC0000441,True,INC0000441__7,0.10000000000000002,0.05000000000000002,-0.05,complete,0,1,Category 45,Category 45_restored,New,8/3/2016 12:02
INC0000441__9,1241,closure,INC0000441,True,INC0000441__8,0.05000000000000002,1.3877787807814457e-17,-0.05,complete,0,1,Category 45,Category 45_restored,New,8/3/2016 12:03
INC0000441__10,1242,closure,INC0000441,True,INC0000441__9,1.3877787807814457e-17,0.0,-1.3877787807814457e-17,complete,0,1,Category 45,Category 45_restored,New,8/3/2016 12:03
INC0000441__11,1243,closure,INC0000441,True,INC0000441__10,0.0,0.0,0.0,complete,0,1,Category 45,Category 45_restored,New,8/3/2016 12:03
INC0000441__12,1244,closure,INC0000441,True,INC0000441__11,0.0,0.0,0.0,complete,0,1,Category 45,Category 45_restored,Resolved,8/3/2016 12:12
INC0000441__13,1245,closure,INC0000441,True,INC0000441__12,0.0,0.0,0.0,complete,0,1,Category 45,Category 45_restored,Resolved,10/3/2016 11:57
INC0000441__14,1246,closure,INC0000441,True,INC0000441__13,0.0,0.0,0.0,complete,0,1,Category 45,Category 45_restored,Resolved,15/3/2016 12:12
INC0000441__15,1247,closure,INC0000441,True,INC0000441__14,0.0,0.0,0.0,complete,0,1,Category 45,Category 45_restored,Resolved,15/3/2016 13:50
INC0000441__16,1248,closure,INC0000441,True,INC0000441__15,0.0,0.0,0.0,complete,0,1,Category 45,Category 45_restored,Resolved,15/3/2016 13:51
INC0000441__17,1249,closure,INC0000441,True,INC0000441__16,0.0,0.0,0.0,complete,0,1,Category 45,Category 45_restored,Closed,20/3/2016 14:00
INC0000455__0,1250,source,INC0000455,False,,0.44999999999999996,0.44999999999999996,0.0,none,0,0,Category 40,Category 40,New,29/2/2016 23:36
INC0000455__1,1251,closure,INC0000455,True,INC0000455__0,0.44999999999999996,0.44999999999999996,0.0,complete,0,1,Category 40,Category 40_restored,New,29/2/2016 23:54
INC0000455__2,1252,closure,INC0000455,True,INC0000455__1,0.44999999999999996,0.44999999999999996,0.0,complete,0,1,Category 40,Category 40_restored,Resolved,29/2/2016 23:56
INC0000455__3,1253,closure,INC0000455,True,INC0000455__2,0.44999999999999996,0.35,-0.09999999999999998,complete,0,1,Category 40,Category 40_restored,Closed,6/3/2016 00:00
INC0000458__0,1254,source,INC0000458,False,,0.44999999999999996,0.44999999999999996,0.0,none,0,0,Category 9,Category 9,New,29/2/2016 23:53
INC0000458__1,1255,closure,INC0000458,True,INC0000458__0,0.44999999999999996,0.39999999999999997,-0.04999999999999999,complete,0,1,Category 9,Category 9_restored,New,2/3/2016 14:26
INC0000458__2,1256,closure,INC0000458,True,INC0000458__1,0.39999999999999997,0.35,-0.04999999999999999,complete,0,1,Category 9,Category 9_restored,New,2/3/2016 18:24
INC0000458__3,1257,closure,INC0000458,True,INC0000458__2,0.35,0.3,-0.04999999999999999,complete,0,1,Category 9,Category 9_restored,New,9/3/2016 15:58
INC0000458__4,1258,closure,INC0000458,True,INC0000458__3,0.3,0.25,-0.04999999999999999,complete,0,1,Category 9,Category 9_restored,New,9/3/2016 15:58
INC0000458__5,1259,closure,INC0000458,True,INC0000458__4,0.25,0.2,-0.04999999999999999,complete,0,1,Category 53,Category 53_restored,Active,10/3/2016 22:09
INC0000458__6,1260,closure,INC0000458,True,INC0000458__5,0.2,0.15000000000000002,-0.04999999999999999,complete,0,1,Category 53,Category 53_restored,Active,10/3/2016 22:28
INC0000458__7,1261,closure,INC0000458,True,INC0000458__6,0.15000000000000002,0.10000000000000002,-0.05,complete,0,1,Category 53,Category 53_restored,Awaiting User Info,12/3/2016 00:49
INC0000458__8,1262,closure,INC0000458,True,INC0000458__7,0.10000000000000002,0.05000000000000002,-0.05,complete,0,1,Category 53,Category 53_restored,Awaiting User Info,16/3/2016 16:04
INC0000458__9,1263,closure,INC0000458,True,INC0000458__8,0.05000000000000002,1.3877787807814457e-17,-0.05,complete,0,1,Category 53,Category 53_restored,Awaiting User Info,17/3/2016 10:36
INC0000458__10,1264,closure,INC0000458,True,INC0000458__9,1.3877787807814457e-17,0.0,-1.3877787807814457e-17,complete,0,1,Category 53,Category 53_restored,Awaiting User Info,18/3/2016 13:48
INC0000458__11,1265,closure,INC0000458,True,INC0000458__10,0.0,0.0,0.0,complete,0,1,Category 53,Category 53_restored,Resolved,18/3/2016 13:48
INC0000458__12,1266,closure,INC0000458,True,INC0000458__11,0.0,0.0,0.0,complete,0,1,Category 53,Category 53_restored,Closed,24/3/2016 18:59
INC0000464__0,1267,source,INC0000464,False,,0.44999999999999996,0.44999999999999996,0.0,none,0,0,Category 37,Category 37,New,1/3/2016 01:35
INC0000464__1,1268,closure,INC0000464,True,INC0000464__0,0.44999999999999996,0.39999999999999997,-0.04999999999999999,complete,0,1,Category 37,Category 37_restored,New,1/3/2016 16:25
INC0000464__2,1269,closure,INC0000464,True,INC0000464__1,0.39999999999999997,0.35,-0.04999999999999999,complete,0,1,Category 37,Category 37_restored,Active,18/3/2016 13:03
INC0000464__3,1270,closure,INC0000464,True,INC0000464__2,0.35,0.3,-0.04999999999999999,complete,0,1,Category 37,Category 37_restored,Resolved,22/3/2016 15:08
INC0000464__4,1271,closure,INC0000464,True,INC0000464__3,0.3,0.25,-0.04999999999999999,complete,0,1,Category 37,Category 37_restored,Closed,27/3/2016 15:59
INC0000467__0,1272,source,INC0000467,False,,0.44999999999999996,0.44999999999999996,0.0,none,0,0,Category 45,Category 45,New,1/3/2016 01:47
INC0000467__1,1273,closure,INC0000467,True,INC0000467__0,0.44999999999999996,0.44999999999999996,0.0,complete,0,1,Category 45,Category 45_restored,New,1/3/2016 01:49
INC0000467__2,1274,closure,INC0000467,True,INC0000467__1,0.44999999999999996,0.44999999999999996,0.0,complete,0,1,Category 45,Category 45_restored,New,1/3/2016 08:26
INC0000467__3,1275,closure,INC0000467,True,INC0000467__2,0.44999999999999996,0.39999999999999997,-0.04999999999999999,complete,0,1,Category 45,Category 45_restored,New,1/3/2016 08:28
INC0000467__4,1276,closure,INC0000467,True,INC0000467__3,0.39999999999999997,0.35,-0.04999999999999999,complete,0,1,Category 45,Category 45_restored,New,17/3/2016 16:54
INC0000467__5,1277,closure,INC0000467,True,INC0000467__4,0.35,0.3,-0.04999999999999999,complete,0,1,Category 45,Category 45_restored,Active,18/3/2016 12:48
INC0000467__6,1278,closure,INC0000467,True,INC0000467__5,0.3,0.25,-0.04999999999999999,complete,0,1,Category 46,Category 46_restored,Active,22/3/2016 15:44
INC0000467__7,1279,closure,INC0000467,True,INC0000467__6,0.25,0.2,-0.04999999999999999,complete,0,1,Category 46,Category 46_restored,Active,22/3/2016 15:52
INC0000467__8,1280,closure,INC0000467,True,INC0000467__7,0.2,0.15000000000000002,-0.04999999999999999,complete,0,1,Category 46,Category 46_restored,Active,29/3/2016 10:15
INC0000467__9,1281,closure,INC0000467,True,INC0000467__8,0.15000000000000002,0.10000000000000002,-0.05,complete,0,1,Category 46,Category 46_restored,Resolved,13/4/2016 10:28
INC0000467__10,1282,closure,INC0000467,True,INC0000467__9,0.10000000000000002,0.05000000000000002,-0.05,complete,0,1,Category 46,Category 46_restored,Closed,18/4/2016 11:07
INC0000468__0,1283,source,INC0000468,False,,0.44999999999999996,0.44999999999999996,0.0,none,0,0,Category 53,Category 53,New,1/3/2016 01:42
INC0000468__1,1284,closure,INC0000468,True,INC0000468__0,0.44999999999999996,0.44999999999999996,0.0,complete,0,1,Category 53,Category 53_restored,New,1/3/2016 09:03
INC0000468__2,1285,closure,INC0000468,True,INC0000468__1,0.44999999999999996,0.44999999999999996,0.0,complete,0,1,Category 53,Category 53_restored,Active,1/3/2016 09:03
INC0000468__3,1286,closure,INC0000468,True,INC0000468__2,0.44999999999999996,0.44999999999999996,0.0,complete,0,1,Category 53,Category 53_restored,Active,1/3/2016 09:09
INC0000468__4,1287,closure,INC0000468,True,INC0000468__3,0.44999999999999996,0.44999999999999996,0.0,complete,0,1,Category 53,Category 53_restored,Resolved,1/3/2016 09:11
INC0000468__5,1288,closure,INC0000468,True,INC0000468__4,0.44999999999999996,0.35,-0.09999999999999998,complete,0,1,Category 53,Category 53_restored,Closed,6/3/2016 10:00
INC0000469__0,1289,source,INC0000469,False,,0.44999999999999996,0.44999999999999996,0.0,none,0,0,Category 45,Category 45,New,1/3/2016 01:49
INC0000469__1,1290,closure,INC0000469,True,INC0000469__0,0.44999999999999996,0.44999999999999996,0.0,complete,0,1,Category 45,Category 45_restored,Awaiting User Info,2/3/2016 10:22
INC0000469__2,1291,closure,INC0000469,True,INC0000469__1,0.44999999999999996,0.44999999999999996,0.0,complete,0,1,Category 45,Category 45_restored,Resolved,2/3/2016 10:37
INC0000469__3,1292,closure,INC0000469,True,INC0000469__2,0.44999999999999996,0.35,-0.09999999999999998,complete,0,1,Category 45,Category 45_restored,Closed,7/3/2016 11:00
INC0000473__0,1293,source,INC0000473,False,,0.44999999999999996,0.44999999999999996,0.0,none,0,0,Category 37,Category 37,New,1/3/2016 02:03
INC0000473__1,1294,closure,INC0000473,True,INC0000473__0,0.44999999999999996,0.44999999999999996,0.0,complete,0,1,Category 37,Category 37_restored,Active,15/3/2016 12:44
INC0000473__2,1295,closure,INC0000473,True,INC0000473__1,0.44999999999999996,0.44999999999999996,0.0,complete,0,1,Category 37,Category 37_restored,Resolved,22/3/2016 15:14
INC0000473__3,1296,closure,INC0000473,True,INC0000473__2,0.44999999999999996,0.39999999999999997,-0.04999999999999999,complete,0,1,Category 37,Category 37_restored,Closed,27/3/2016 15:59
INC0000477__0,1297,source,INC0000477,False,,0.44999999999999996,0.44999999999999996,0.0,none,0,0,Category 37,Category 37,New,1/3/2016 02:34
INC0000477__1,1298,closure,INC0000477,True,INC0000477__0,0.44999999999999996,0.39999999999999997,-0.04999999999999999,complete,0,1,Category 37,Category 37_restored,New,1/3/2016 02:38
INC0000477__2,1299,closure,INC0000477,True,INC0000477__1,0.39999999999999997,0.35,-0.04999999999999999,complete,0,1,Category 37,Category 37_restored,Active,1/3/2016 09:19
INC0000477__3,1300,closure,INC0000477,True,INC0000477__2,0.35,0.3,-0.04999999999999999,complete,0,1,Category 37,Category 37_restored,Active,1/3/2016 09:23
INC0000477__4,1301,closure,INC0000477,True,INC0000477__3,0.3,0.25,-0.04999999999999999,complete,0,1,Category 37,Category 37_restored,Awaiting User Info,1/3/2016 09:23
INC0000477__5,1302,closure,INC0000477,True,INC0000477__4,0.25,0.2,-0.04999999999999999,complete,0,1,Category 37,Category 37_restored,Awaiting User Info,2/3/2016 08:56
INC0000477__6,1303,closure,INC0000477,True,INC0000477__5,0.2,0.15000000000000002,-0.04999999999999999,complete,0,1,Category 37,Category 37_restored,Awaiting User Info,2/3/2016 09:00
INC0000477__7,1304,closure,INC0000477,True,INC0000477__6,0.15000000000000002,0.10000000000000002,-0.05,complete,0,1,Category 37,Category 37_restored,Resolved,2/3/2016 09:01
INC0000477__8,1305,closure,INC0000477,True,INC0000477__7,0.10000000000000002,0.05000000000000002,-0.05,complete,0,1,Category 37,Category 37_restored,Closed,7/3/2016 10:00
INC0000480__0,1306,source,INC0000480,False,,0.44999999999999996,0.44999999999999996,0.0,none,0,0,Category 63,Category 63,New,1/3/2016 02:56
INC0000480__1,1307,closure,INC0000480,True,INC0000480__0,0.44999999999999996,0.44999999999999996,0.0,complete,0,1,Category 63,Category 63_restored,New,1/3/2016 03:11
INC0000480__2,1308,closure,INC0000480,True,INC0000480__1,0.44999999999999996,0.44999999999999996,0.0,complete,0,1,Category 63,Category 63_restored,New,1/3/2016 03:25
INC0000480__3,1309,closure,INC0000480,True,INC0000480__2,0.44999999999999996,0.44999999999999996,0.0,complete,0,1,Category 63,Category 63_restored,New,1/3/2016 03:27
INC0000480__4,1310,closure,INC0000480,True,INC0000480__3,0.44999999999999996,0.44999999999999996,0.0,complete,0,1,Category 63,Category 63_restored,New,1/3/2016 03:53
INC0000480__5,1311,closure,INC0000480,True,INC0000480__4,0.44999999999999996,0.39999999999999997,-0.04999999999999999,complete,0,1,Category 63,Category 63_restored,New,1/3/2016 03:54
INC0000480__6,1312,closure,INC0000480,True,INC0000480__5,0.39999999999999997,0.35,-0.04999999999999999,complete,0,1,Category 63,Category 63_restored,New,1/3/2016 04:10
INC0000480__7,1313,closure,INC0000480,True,INC0000480__6,0.35,0.3,-0.04999999999999999,complete,0,1,Category 63,Category 63_restored,New,1/3/2016 04:13
INC0000480__8,1314,closure,INC0000480,True,INC0000480__7,0.3,0.25,-0.04999999999999999,complete,0,1,Category 63,Category 63_restored,New,1/3/2016 05:19
INC0000480__9,1315,closure,INC0000480,True,INC0000480__8,0.25,0.2,-0.04999999999999999,complete,0,1,Category 63,Category 63_restored,Active,1/3/2016 09:28
INC0000480__10,1316,closure,INC0000480,True,INC0000480__9,0.2,0.15000000000000002,-0.04999999999999999,complete,0,1,Category 63,Category 63_restored,Active,1/3/2016 09:31
INC0000480__11,1317,closure,INC0000480,True,INC0000480__10,0.15000000000000002,0.10000000000000002,-0.05,complete,0,1,Category 63,Category 63_restored,Resolved,1/3/2016 09:39
INC0000480__12,1318,closure,INC0000480,True,INC0000480__11,0.10000000000000002,0.05000000000000002,-0.05,complete,0,1,Category 63,Category 63_restored,Closed,6/3/2016 10:00
INC0000486__0,1319,source,INC0000486,False,,0.44999999999999996,0.44999999999999996,0.0,none,0,0,Category 40,Category 40,Active,1/3/2016 03:57
INC0000486__1,1320,closure,INC0000486,True,INC0000486__0,0.44999999999999996,0.44999999999999996,0.0,complete,0,1,Category 40,Category 40_restored,Active,1/3/2016 04:00
INC0000486__2,1321,closure,INC0000486,True,INC0000486__1,0.44999999999999996,0.44999999999999996,0.0,complete,0,1,Category 40,Category 40_restored,Active,1/3/2016 04:13
INC0000486__3,1322,closure,INC0000486,True,INC0000486__2,0.44999999999999996,0.44999999999999996,0.0,complete,0,1,Category 40,Category 40_restored,Active,1/3/2016 04:14
INC0000486__4,1323,closure,INC0000486,True,INC0000486__3,0.44999999999999996,0.44999999999999996,0.0,complete,0,1,Category 40,Category 40_restored,Resolved,1/3/2016 04:17
INC0000486__5,1324,closure,INC0000486,True,INC0000486__4,0.44999999999999996,0.35,-0.09999999999999998,complete,0,1,Category 40,Category 40_restored,Closed,6/3/2016 05:00
INC0000491__0,1325,source,INC0000491,False,,0.44999999999999996,0.44999999999999996,0.0,none,0,0,Category 45,Category 45,New,1/3/2016 05:04
INC0000491__1,1326,closure,INC0000491,True,INC0000491__0,0.44999999999999996,0.44999999999999996,0.0,complete,0,1,Category 45,Category 45_restored,New,1/3/2016 05:50
INC0000491__2,1327,closure,INC0000491,True,INC0000491__1,0.44999999999999996,0.44999999999999996,0.0,complete,0,1,Category 45,Category 45_restored,Resolved,1/3/2016 05:50
INC0000491__3,1328,closure,INC0000491,True,INC0000491__2,0.44999999999999996,0.35,-0.09999999999999998,complete,0,1,Category 45,Category 45_restored,Closed,6/3/2016 06:00
INC0000493__0,1329,source,INC0000493,False,,0.44999999999999996,0.44999999999999996,0.0,none,0,0,Category 9,Category 9,New,1/3/2016 06:05
INC0000493__1,1330,closure,INC0000493,True,INC0000493__0,0.44999999999999996,0.39999999999999997,-0.04999999999999999,complete,0,1,Category 9,Category 9_restored,New,3/3/2016 09:21
INC0000493__2,1331,closure,INC0000493,True,INC0000493__1,0.39999999999999997,0.35,-0.04999999999999999,complete,0,1,Category 9,Category 9_restored,New,3/3/2016 10:16
INC0000493__3,1332,closure,INC0000493,True,INC0000493__2,0.35,0.3,-0.04999999999999999,complete,0,1,Category 9,Category 9_restored,New,3/3/2016 11:08
INC0000493__4,1333,closure,INC0000493,True,INC0000493__3,0.3,0.25,-0.04999999999999999,complete,0,1,Category 9,Category 9_restored,New,3/3/2016 11:09
INC0000493__5,1334,closure,INC0000493,True,INC0000493__4,0.25,0.2,-0.04999999999999999,complete,0,1,Category 9,Category 9_restored,New,3/3/2016 15:51
INC0000493__6,1335,closure,INC0000493,True,INC0000493__5,0.2,0.15000000000000002,-0.04999999999999999,complete,0,1,Category 9,Category 9_restored,New,11/3/2016 14:56
INC0000493__7,1336,closure,INC0000493,True,INC0000493__6,0.15000000000000002,0.10000000000000002,-0.05,complete,0,1,Category 9,Category 9_restored,Active,11/3/2016 19:50
INC0000493__8,1337,closure,INC0000493,True,INC0000493__7,0.10000000000000002,0.05000000000000002,-0.05,complete,0,1,Category 9,Category 9_restored,Active,15/3/2016 08:11
INC0000493__9,1338,closure,INC0000493,True,INC0000493__8,0.05000000000000002,1.3877787807814457e-17,-0.05,complete,0,1,Category 9,Category 9_restored,Awaiting User Info,15/3/2016 08:13
INC0000493__10,1339,closure,INC0000493,True,INC0000493__9,1.3877787807814457e-17,0.0,-1.3877787807814457e-17,complete,0,1,Category 9,Category 9_restored,Awaiting User Info,17/3/2016 14:28
INC0000493__11,1340,closure,INC0000493,True,INC0000493__10,0.0,0.0,0.0,complete,0,1,Category 9,Category 9_restored,Resolved,17/3/2016 14:28
INC0000493__12,1341,closure,INC0000493,True,INC0000493__11,0.0,0.0,0.0,complete,0,1,Category 9,Category 9_restored,Closed,24/3/2016 18:59
INC0000494__0,1342,source,INC0000494,False,,0.44999999999999996,0.44999999999999996,0.0,none,0,0,Category 53,Category 53,New,1/3/2016 07:09
INC0000494__1,1343,closure,INC0000494,True,INC0000494__0,0.44999999999999996,0.44999999999999996,0.0,complete,0,1,Category 53,Category 53_restored,New,1/3/2016 08:00
INC0000494__2,1344,closure,INC0000494,True,INC0000494__1,0.44999999999999996,0.44999999999999996,0.0,complete,0,1,Category 55,Category 55_restored,New,1/3/2016 08:28
INC0000494__3,1345,closure,INC0000494,True,INC0000494__2,0.44999999999999996,0.39999999999999997,-0.04999999999999999,complete,0,1,Category 55,Category 55_restored,New,1/3/2016 11:06
INC0000494__4,1346,closure,INC0000494,True,INC0000494__3,0.39999999999999997,0.35,-0.04999999999999999,complete,0,1,Category 55,Category 55_restored,New,3/3/2016 10:12
INC0000494__5,1347,closure,INC0000494,True,INC0000494__4,0.35,0.3,-0.04999999999999999,complete,0,1,Category 55,Category 55_restored,Resolved,3/3/2016 10:13
INC0000494__6,1348,closure,INC0000494,True,INC0000494__5,0.3,0.25,-0.04999999999999999,complete,0,1,Category 55,Category 55_restored,Closed,8/3/2016 11:00
INC0000497__0,1349,source,INC0000497,False,,0.44999999999999996,0.44999999999999996,0.0,none,0,0,Category 23,Category 23,New,1/3/2016 07:50
INC0000497__1,1350,closure,INC0000497,True,INC0000497__0,0.44999999999999996,0.44999999999999996,0.0,complete,0,1,Category 23,Category 23_restored,New,1/3/2016 07:55
INC0000497__2,1351,closure,INC0000497,True,INC0000497__1,0.44999999999999996,0.39999999999999997,-0.04999999999999999,complete,0,1,Category 23,Category 23_restored,New,2/3/2016 01:07
INC0000497__3,1352,closure,INC0000497,True,INC0000497__2,0.39999999999999997,0.35,-0.04999999999999999,complete,0,1,Category 23,Category 23_restored,Active,2/3/2016 17:09
INC0000497__4,1353,closure,INC0000497,True,INC0000497__3,0.35,0.3,-0.04999999999999999,complete,0,1,Category 23,Category 23_restored,Active,2/3/2016 17:11
INC0000497__5,1354,closure,INC0000497,True,INC0000497__4,0.3,0.25,-0.04999999999999999,complete,0,1,Category 23,Category 23_restored,Awaiting User Info,3/3/2016 16:00
INC0000497__6,1355,closure,INC0000497,True,INC0000497__5,0.25,0.2,-0.04999999999999999,complete,0,1,Category 23,Category 23_restored,Awaiting User Info,4/3/2016 17:50
INC0000497__7,1356,closure,INC0000497,True,INC0000497__6,0.2,0.15000000000000002,-0.04999999999999999,complete,0,1,Category 23,Category 23_restored,Resolved,4/3/2016 17:50
INC0000497__8,1357,closure,INC0000497,True,INC0000497__7,0.15000000000000002,0.10000000000000002,-0.05,complete,0,1,Category 23,Category 23_restored,Closed,9/3/2016 18:00
INC0000499__0,1358,source,INC0000499,False,,0.44999999999999996,0.44999999999999996,0.0,none,0,0,Category 53,Category 53,New,1/3/2016 07:59
INC0000499__1,1359,closure,INC0000499,True,INC0000499__0,0.44999999999999996,0.44999999999999996,0.0,complete,0,1,Category 53,Category 53_restored,New,1/3/2016 08:57
INC0000499__2,1360,closure,INC0000499,True,INC0000499__1,0.44999999999999996,0.44999999999999996,0.0,complete,0,1,Category 53,Category 53_restored,Active,1/3/2016 08:57
INC0000499__3,1361,closure,INC0000499,True,INC0000499__2,0.44999999999999996,0.44999999999999996,0.0,complete,0,1,Category 53,Category 53_restored,Active,1/3/2016 09:00
INC0000499__4,1362,closure,INC0000499,True,INC0000499__3,0.44999999999999996,0.44999999999999996,0.0,complete,0,1,Category 53,Category 53_restored,Awaiting User Info,1/3/2016 09:00
INC0000499__5,1363,closure,INC0000499,True,INC0000499__4,0.44999999999999996,0.44999999999999996,0.0,complete,0,1,Category 53,Category 53_restored,Active,1/3/2016 09:14
INC0000499__6,1364,closure,INC0000499,True,INC0000499__5,0.44999999999999996,0.44999999999999996,0.0,complete,0,1,Category 53,Category 53_restored,Resolved,1/3/2016 09:16
INC0000499__7,1365,closure,INC0000499,True,INC0000499__6,0.44999999999999996,0.35,-0.09999999999999998,complete,0,1,Category 53,Category 53_restored,Closed,6/3/2016 10:00
INC0000500__0,1366,source,INC0000500,False,,0.44999999999999996,0.44999999999999996,0.0,none,0,0,Category 23,Category 23,New,1/3/2016 08:03
INC0000500__1,1367,closure,INC0000500,True,INC0000500__0,0.44999999999999996,0.39999999999999997,-0.04999999999999999,complete,0,1,Category 23,Category 23_restored,New,1/3/2016 08:04
INC0000500__2,1368,closure,INC0000500,True,INC0000500__1,0.39999999999999997,0.35,-0.04999999999999999,complete,0,1,Category 13,Category 13_restored,New,1/3/2016 08:06
INC0000500__3,1369,closure,INC0000500,True,INC0000500__2,0.35,0.3,-0.04999999999999999,complete,0,1,Category 13,Category 13_restored,New,1/3/2016 17:10
INC0000500__4,1370,closure,INC0000500,True,INC0000500__3,0.3,0.25,-0.04999999999999999,complete,0,1,Category 13,Category 13_restored,Resolved,2/3/2016 09:08
INC0000500__5,1371,closure,INC0000500,True,INC0000500__4,0.25,0.2,-0.04999999999999999,complete,0,1,Category 13,Category 13_restored,Closed,7/3/2016 10:00
INC0000503__0,1372,source,INC0000503,False,,0.44999999999999996,0.44999999999999996,0.0,none,0,0,Category 53,Category 53,New,1/3/2016 08:10
INC0000503__1,1373,closure,INC0000503,True,INC0000503__0,0.44999999999999996,0.39999999999999997,-0.04999999999999999,complete,0,1,Category 53,Category 53_restored,New,2/3/2016 01:10
INC0000503__2,1374,closure,INC0000503,True,INC0000503__1,0.39999999999999997,0.35,-0.04999999999999999,complete,0,1,Category 53,Category 53_restored,New,2/3/2016 17:12
INC0000503__3,1375,closure,INC0000503,True,INC0000503__2,0.35,0.3,-0.04999999999999999,complete,0,1,Category 53,Category 53_restored,New,2/3/2016 17:13
INC0000503__4,1376,closure,INC0000503,True,INC0000503__3,0.3,0.25,-0.04999999999999999,complete,0,1,Category 53,Category 53_restored,Resolved,2/3/2016 17:23
INC0000503__5,1377,closure,INC0000503,True,INC0000503__4,0.25,0.2,-0.04999999999999999,complete,0,1,Category 53,Category 53_restored,Closed,7/3/2016 18:00
INC0000504__0,1378,source,INC0000504,False,,0.44999999999999996,0.44999999999999996,0.0,none,0,0,Category 32,Category 32,New,1/3/2016 08:04
INC0000504__1,1379,closure,INC0000504,True,INC0000504__0,0.44999999999999996,0.44999999999999996,0.0,complete,0,1,Category 32,Category 32_restored,New,1/3/2016 08:16
INC0000504__2,1380,closure,INC0000504,True,INC0000504__1,0.44999999999999996,0.39999999999999997,-0.04999999999999999,complete,0,1,Category 32,Category 32_restored,New,2/3/2016 02:41
INC0000504__3,1381,closure,INC0000504,True,INC0000504__2,0.39999999999999997,0.35,-0.04999999999999999,complete,0,1,Category 32,Category 32_restored,New,2/3/2016 11:39
INC0000504__4,1382,closure,INC0000504,True,INC0000504__3,0.35,0.3,-0.04999999999999999,complete,0,1,Category 32,Category 32_restored,Resolved,2/3/2016 16:26
INC0000504__5,1383,closure,INC0000504,True,INC0000504__4,0.3,0.25,-0.04999999999999999,complete,0,1,Category 32,Category 32_restored,Closed,7/3/2016 17:00
INC0000505__0,1384,source,INC0000505,False,,0.44999999999999996,0.44999999999999996,0.0,none,0,0,Category 55,Category 55,New,1/3/2016 08:10
INC0000505__1,1385,closure,INC0000505,True,INC0000505__0,0.44999999999999996,0.44999999999999996,0.0,complete,0,1,Category 55,Category 55_restored,New,1/3/2016 08:24
INC0000505__2,1386,closure,INC0000505,True,INC0000505__1,0.44999999999999996,0.39999999999999997,-0.04999999999999999,complete,0,1,Category 55,Category 55_restored,New,1/3/2016 19:21
INC0000505__3,1387,closure,INC0000505,True,INC0000505__2,0.39999999999999997,0.35,-0.04999999999999999,complete,0,1,Category 55,Category 55_restored,Active,3/3/2016 10:05
INC0000505__4,1388,closure,INC0000505,True,INC0000505__3,0.35,0.3,-0.04999999999999999,complete,0,1,Category 55,Category 55_restored,Active,3/3/2016 10:06
INC0000505__5,1389,closure,INC0000505,True,INC0000505__4,0.3,0.25,-0.04999999999999999,complete,0,1,Category 55,Category 55_restored,Resolved,3/3/2016 10:10
INC0000505__6,1390,closure,INC0000505,True,INC0000505__5,0.25,0.2,-0.04999999999999999,complete,0,1,Category 55,Category 55_restored,Closed,8/3/2016 11:00
INC0000508__0,1391,source,INC0000508,False,,0.6,0.6,0.0,none,0,0,Category 51,Category 51,New,1/3/2016 08:30
INC0000508__1,1392,closure,INC0000508,True,INC0000508__0,0.6,0.6,0.0,complete,0,1,Category 51,Category 51_restored,New,4/3/2016 15:17
INC0000508__2,1393,closure,INC0000508,True,INC0000508__1,0.6,0.6,0.0,complete,0,1,Category 51,Category 51_restored,New,15/3/2016 10:54
INC0000508__3,1394,closure,INC0000508,True,INC0000508__2,0.6,0.6,0.0,complete,0,1,Category 51,Category 51_restored,Active,15/3/2016 10:54
INC0000508__4,1395,closure,INC0000508,True,INC0000508__3,0.6,0.6,0.0,complete,0,1,Category 51,Category 51_restored,Active,15/3/2016 11:09
INC0000508__5,1396,closure,INC0000508,True,INC0000508__4,0.6,0.6,0.0,complete,0,1,Category 51,Category 51_restored,Awaiting User Info,15/3/2016 17:05
INC0000508__6,1397,closure,INC0000508,True,INC0000508__5,0.6,0.6,0.0,complete,0,1,Category 51,Category 51_restored,Awaiting User Info,15/3/2016 17:06
INC0000508__7,1398,closure,INC0000508,True,INC0000508__6,0.6,0.6,0.0,complete,0,1,Category 51,Category 51_restored,Awaiting User Info,17/3/2016 18:50
INC0000508__8,1399,closure,INC0000508,True,INC0000508__7,0.6,0.6,0.0,complete,0,1,Category 51,Category 51_restored,Resolved,17/3/2016 18:51
INC0000508__9,1400,closure,INC0000508,True,INC0000508__8,0.6,0.5499999999999999,-0.050000000000000044,complete,0,1,Category 51,Category 51_restored,Closed,24/3/2016 18:59
INC0000509__0,1401,source,INC0000509,False,,0.44999999999999996,0.44999999999999996,0.0,none,0,0,Category 45,Category 45,New,1/3/2016 08:57
INC0000509__1,1402,closure,INC0000509,True,INC0000509__0,0.44999999999999996,0.44999999999999996,0.0,complete,0,1,Category 45,Category 45_restored,New,2/3/2016 08:03
INC0000509__2,1403,closure,INC0000509,True,INC0000509__1,0.44999999999999996,0.44999999999999996,0.0,complete,0,1,Category 45,Category 45_restored,New,2/3/2016 08:04
INC0000509__3,1404,closure,INC0000509,True,INC0000509__2,0.44999999999999996,0.39999999999999997,-0.04999999999999999,complete,0,1,Category 53,Category 53_restored,New,3/3/2016 16:11
INC0000509__4,1405,closure,INC0000509,True,INC0000509__3,0.39999999999999997,0.35,-0.04999999999999999,complete,0,1,Category 53,Category 53_restored,Active,3/3/2016 16:32
INC0000509__5,1406,closure,INC0000509,True,INC0000509__4,0.35,0.3,-0.04999999999999999,complete,0,1,Category 53,Category 53_restored,Resolved,3/3/2016 17:28
INC0000509__6,1407,closure,INC0000509,True,INC0000509__5,0.3,0.25,-0.04999999999999999,complete,0,1,Category 53,Category 53_restored,Closed,8/3/2016 18:00
INC0000510__0,1408,source,INC0000510,False,,0.44999999999999996,0.44999999999999996,0.0,none,0,0,Category 43,Category 43,New,1/3/2016 08:32
INC0000510__1,1409,closure,INC0000510,True,INC0000510__0,0.44999999999999996,0.44999999999999996,0.0,complete,0,1,Category 43,Category 43_restored,New,1/3/2016 08:32
INC0000510__2,1410,closure,INC0000510,True,INC0000510__1,0.44999999999999996,0.39999999999999997,-0.04999999999999999,complete,0,1,Category 43,Category 43_restored,New,2/3/2016 11:44
INC0000510__3,1411,closure,INC0000510,True,INC0000510__2,0.39999999999999997,0.35,-0.04999999999999999,complete,0,1,Category 43,Category 43_restored,Active,3/3/2016 09:11
INC0000510__4,1412,closure,INC0000510,True,INC0000510__3,0.35,0.3,-0.04999999999999999,complete,0,1,Category 43,Category 43_restored,Active,3/3/2016 09:11
INC0000510__5,1413,closure,INC0000510,True,INC0000510__4,0.3,0.25,-0.04999999999999999,complete,0,1,Category 43,Category 43_restored,Resolved,3/3/2016 17:00
INC0000510__6,1414,closure,INC0000510,True,INC0000510__5,0.25,0.2,-0.04999999999999999,complete,0,1,Category 43,Category 43_restored,Closed,8/3/2016 18:00
INC0000511__0,1415,source,INC0000511,False,,0.23333333333333334,0.23333333333333334,0.0,none,0,0,Category 37,Category 37,New,1/3/2016 08:34
INC0000511__1,1416,closure,INC0000511,True,INC0000511__0,0.23333333333333334,0.18333333333333335,-0.04999999999999999,complete,0,1,Category 37,Category 37_restored,New,1/3/2016 10:52
INC0000511__2,1417,closure,INC0000511,True,INC0000511__1,0.18333333333333335,0.13333333333333336,-0.04999999999999999,complete,0,1,Category 37,Category 37_restored,Active,18/3/2016 12:25
INC0000511__3,1418,closure,INC0000511,True,INC0000511__2,0.13333333333333336,0.08333333333333336,-0.05,complete,0,1,Category 37,Category 37_restored,Resolved,22/3/2016 15:15
INC0000511__4,1419,closure,INC0000511,True,INC0000511__3,0.08333333333333336,0.033333333333333354,-0.05,complete,0,1,Category 37,Category 37_restored,Closed,27/3/2016 15:59
INC0000512__0,1420,source,INC0000512,False,,0.44999999999999996,0.44999999999999996,0.0,none,0,0,Category 53,Category 53,Active,1/3/2016 08:35
INC0000512__1,1421,closure,INC0000512,True,INC0000512__0,0.44999999999999996,0.39999999999999997,-0.04999999999999999,complete,0,1,Category 53,Category 53_restored,Active,3/3/2016 09:12
INC0000512__2,1422,closure,INC0000512,True,INC0000512__1,0.39999999999999997,0.35,-0.04999999999999999,complete,0,1,Category 53,Category 53_restored,Resolved,3/3/2016 09:21
INC0000512__3,1423,closure,INC0000512,True,INC0000512__2,0.35,0.3,-0.04999999999999999,complete,0,1,Category 53,Category 53_restored,Closed,8/3/2016 10:00
INC0000513__0,1424,source,INC0000513,False,,0.44999999999999996,0.44999999999999996,0.0,none,0,0,Category 32,Category 32,New,1/3/2016 08:30
INC0000513__1,1425,closure,INC0000513,True,INC0000513__0,0.44999999999999996,0.44999999999999996,0.0,complete,0,1,Category 32,Category 32_restored,New,3/3/2016 09:36
INC0000513__2,1426,closure,INC0000513,True,INC0000513__1,0.44999999999999996,0.44999999999999996,0.0,complete,0,1,Category 32,Category 32_restored,New,3/3/2016 15:56
INC0000513__3,1427,closure,INC0000513,True,INC0000513__2,0.44999999999999996,0.44999999999999996,0.0,complete,0,1,Category 32,Category 32_restored,Resolved,3/3/2016 15:58
INC0000513__4,1428,closure,INC0000513,True,INC0000513__3,0.44999999999999996,0.35,-0.09999999999999998,complete,0,1,Category 32,Category 32_restored,Closed,8/3/2016 16:00
INC0000516__0,1429,source,INC0000516,False,,0.44999999999999996,0.44999999999999996,0.0,none,0,0,Category 45,Category 45,New,1/3/2016 08:39
INC0000516__1,1430,closure,INC0000516,True,INC0000516__0,0.44999999999999996,0.44999999999999996,0.0,complete,0,1,Category 45,Category 45_restored,Active,1/3/2016 09:28
INC0000516__2,1431,closure,INC0000516,True,INC0000516__1,0.44999999999999996,0.44999999999999996,0.0,complete,0,1,Category 45,Category 45_restored,Active,1/3/2016 10:25
INC0000516__3,1432,closure,INC0000516,True,INC0000516__2,0.44999999999999996,0.44999999999999996,0.0,complete,0,1,Category 45,Category 45_restored,Resolved,1/3/2016 10:26
INC0000516__4,1433,closure,INC0000516,True,INC0000516__3,0.44999999999999996,0.35,-0.09999999999999998,complete,0,1,Category 45,Category 45_restored,Closed,6/3/2016 11:00
INC0000517__0,1434,source,INC0000517,False,,0.75,0.75,0.0,none,0,0,Category 45,Category 45,New,1/3/2016 08:35
INC0000517__1,1435,closure,INC0000517,True,INC0000517__0,0.75,0.7,-0.050000000000000044,complete,0,1,Category 45,Category 45_restored,New,1/3/2016 11:41
INC0000517__2,1436,closure,INC0000517,True,INC0000517__1,0.7,0.6499999999999999,-0.050000000000000044,complete,0,1,Category 45,Category 45_restored,New,7/3/2016 05:14
INC0000517__3,1437,closure,INC0000517,True,INC0000517__2,0.6499999999999999,0.5999999999999999,-0.050000000000000044,complete,0,1,Category 45,Category 45_restored,New,7/3/2016 10:31
INC0000517__4,1438,closure,INC0000517,True,INC0000517__3,0.5999999999999999,0.5499999999999998,-0.050000000000000044,complete,0,1,Category 45,Category 45_restored,New,8/3/2016 17:36
INC0000517__5,1439,closure,INC0000517,True,INC0000517__4,0.5499999999999998,0.495,-0.05499999999999983,complete,0,1,Category 45,Category 45_restored,New,8/3/2016 18:02
INC0000517__6,1440,closure,INC0000517,True,INC0000517__5,0.495,0.495,0.0,complete,0,1,Category 45,Category 45_restored,New,11/3/2016 08:56
INC0000517__7,1441,closure,INC0000517,True,INC0000517__6,0.495,0.495,0.0,complete,0,1,Category 45,Category 45_restored,Active,18/3/2016 12:46
INC0000517__8,1442,closure,INC0000517,True,INC0000517__7,0.495,0.495,0.0,complete,0,1,Category 45,Category 45_restored,Active,19/4/2016 11:08
INC0000517__9,1443,closure,INC0000517,True,INC0000517__8,0.495,0.495,0.0,complete,0,1,Category 45,Category 45_restored,Resolved,19/4/2016 11:09
INC0000517__10,1444,closure,INC0000517,True,INC0000517__9,0.495,0.445,-0.04999999999999999,complete,0,1,Category 45,Category 45_restored,Closed,24/4/2016 11:10
INC0000519__0,1445,source,INC0000519,False,,0.44999999999999996,0.44999999999999996,0.0,none,0,0,Category 20,Category 20,New,1/3/2016 08:53
INC0000519__1,1446,closure,INC0000519,True,INC0000519__0,0.44999999999999996,0.44999999999999996,0.0,complete,0,1,Category 20,Category 20_restored,New,1/3/2016 08:55
INC0000519__2,1447,closure,INC0000519,True,INC0000519__1,0.44999999999999996,0.44999999999999996,0.0,complete,0,1,Category 20,Category 20_restored,Active,2/3/2016 09:53
INC0000519__3,1448,closure,INC0000519,True,INC0000519__2,0.44999999999999996,0.44999999999999996,0.0,complete,0,1,Category 20,Category 20_restored,Active,2/3/2016 11:07
INC0000519__4,1449,closure,INC0000519,True,INC0000519__3,0.44999999999999996,0.44999999999999996,0.0,complete,0,1,Category 20,Category 20_restored,Resolved,2/3/2016 11:07
INC0000519__5,1450,closure,INC0000519,True,INC0000519__4,0.44999999999999996,0.35,-0.09999999999999998,complete,0,1,Category 20,Category 20_restored,Closed,7/3/2016 12:00
INC0000520__0,1451,source,INC0000520,False,,0.44999999999999996,0.44999999999999996,0.0,none,0,0,Category 20,Category 20,New,1/3/2016 08:52
INC0000520__1,1452,closure,INC0000520,True,INC0000520__0,0.44999999999999996,0.39999999999999997,-0.04999999999999999,complete,0,1,Category 20,Category 20_restored,New,2/3/2016 16:35
INC0000520__2,1453,closure,INC0000520,True,INC0000520__1,0.39999999999999997,0.35,-0.04999999999999999,complete,0,1,Category 20,Category 20_restored,New,3/3/2016 01:00
INC0000520__3,1454,closure,INC0000520,True,INC0000520__2,0.35,0.3,-0.04999999999999999,complete,0,1,Category 20,Category 20_restored,New,3/3/2016 09:37
INC0000520__4,1455,closure,INC0000520,True,INC0000520__3,0.3,0.25,-0.04999999999999999,complete,0,1,Category 20,Category 20_restored,Resolved,3/3/2016 13:41
INC0000520__5,1456,closure,INC0000520,True,INC0000520__4,0.25,0.2,-0.04999999999999999,complete,0,1,Category 20,Category 20_restored,Closed,8/3/2016 14:00
INC0000521__0,1457,source,INC0000521,False,,0.44999999999999996,0.44999999999999996,0.0,none,0,0,Category 22,Category 22,Active,1/3/2016 08:42
INC0000521__1,1458,closure,INC0000521,True,INC0000521__0,0.44999999999999996,0.44999999999999996,0.0,complete,0,1,Category 22,Category 22_restored,Active,1/3/2016 08:49
INC0000521__2,1459,closure,INC0000521,True,INC0000521__1,0.44999999999999996,0.44999999999999996,0.0,complete,0,1,Category 22,Category 22_restored,Resolved,2/3/2016 08:04
INC0000521__3,1460,closure,INC0000521,True,INC0000521__2,0.44999999999999996,0.35,-0.09999999999999998,complete,0,1,Category 22,Category 22_restored,Closed,7/3/2016 09:00
INC0000524__0,1461,source,INC0000524,False,,0.44999999999999996,0.44999999999999996,0.0,none,0,0,Category 53,Category 53,Active,1/3/2016 08:47
INC0000524__1,1462,closure,INC0000524,True,INC0000524__0,0.44999999999999996,0.44999999999999996,0.0,complete,0,1,Category 53,Category 53_restored,Active,1/3/2016 10:20
INC0000524__2,1463,closure,INC0000524,True,INC0000524__1,0.44999999999999996,0.44999999999999996,0.0,complete,0,1,Category 53,Category 53_restored,Awaiting User Info,1/3/2016 10:20
INC0000524__3,1464,closure,INC0000524,True,INC0000524__2,0.44999999999999996,0.44999999999999996,0.0,complete,0,1,Category 53,Category 53_restored,Awaiting User Info,9/3/2016 14:13
INC0000524__4,1465,closure,INC0000524,True,INC0000524__3,0.44999999999999996,0.44999999999999996,0.0,complete,0,1,Category 43,Category 43_restored,Awaiting User Info,10/3/2016 06:39
INC0000524__5,1466,closure,INC0000524,True,INC0000524__4,0.44999999999999996,0.44999999999999996,0.0,complete,0,1,Category 43,Category 43_restored,Awaiting User Info,12/3/2016 11:45
INC0000524__6,1467,closure,INC0000524,True,INC0000524__5,0.44999999999999996,0.44999999999999996,0.0,complete,0,1,Category 43,Category 43_restored,Awaiting User Info,12/3/2016 18:47
INC0000524__7,1468,closure,INC0000524,True,INC0000524__6,0.44999999999999996,0.44999999999999996,0.0,complete,0,1,Category 43,Category 43_restored,Awaiting User Info,12/3/2016 19:11
INC0000524__8,1469,closure,INC0000524,True,INC0000524__7,0.44999999999999996,0.44999999999999996,0.0,complete,0,1,Category 43,Category 43_restored,Awaiting User Info,12/3/2016 20:33
INC0000524__9,1470,closure,INC0000524,True,INC0000524__8,0.44999999999999996,0.39999999999999997,-0.04999999999999999,complete,0,1,Category 43,Category 43_restored,Awaiting User Info,12/3/2016 20:34
INC0000524__10,1471,closure,INC0000524,True,INC0000524__9,0.39999999999999997,0.35,-0.04999999999999999,complete,0,1,Category 43,Category 43_restored,Awaiting User Info,14/3/2016 10:23
INC0000524__11,1472,closure,INC0000524,True,INC0000524__10,0.35,0.3,-0.04999999999999999,complete,0,1,Category 43,Category 43_restored,Resolved,16/3/2016 13:02
INC0000524__12,1473,closure,INC0000524,True,INC0000524__11,0.3,0.25,-0.04999999999999999,complete,0,1,Category 43,Category 43_restored,Closed,24/3/2016 18:59
INC0000525__0,1474,source,INC0000525,False,,0.44999999999999996,0.44999999999999996,0.0,none,0,0,Category 19,Category 19,New,1/3/2016 08:53
INC0000525__1,1475,closure,INC0000525,True,INC0000525__0,0.44999999999999996,0.39999999999999997,-0.04999999999999999,complete,0,1,Category 19,Category 19_restored,New,1/3/2016 12:45
INC0000525__2,1476,closure,INC0000525,True,INC0000525__1,0.39999999999999997,0.35,-0.04999999999999999,complete,0,1,Category 19,Category 19_restored,New,4/3/2016 12:02
INC0000525__3,1477,closure,INC0000525,True,INC0000525__2,0.35,0.3,-0.04999999999999999,complete,0,1,Category 19,Category 19_restored,New,4/3/2016 13:40
INC0000525__4,1478,closure,INC0000525,True,INC0000525__3,0.3,0.25,-0.04999999999999999,complete,0,1,Category 19,Category 19_restored,New,4/3/2016 13:40
INC0000525__5,1479,closure,INC0000525,True,INC0000525__4,0.25,0.2,-0.04999999999999999,complete,0,1,Category 19,Category 19_restored,New,4/3/2016 15:03
INC0000525__6,1480,closure,INC0000525,True,INC0000525__5,0.2,0.15000000000000002,-0.04999999999999999,complete,0,1,Category 19,Category 19_restored,Active,4/3/2016 15:05
INC0000525__7,1481,closure,INC0000525,True,INC0000525__6,0.15000000000000002,0.10000000000000002,-0.05,complete,0,1,Category 19,Category 19_restored,Active,4/3/2016 15:18
INC0000525__8,1482,closure,INC0000525,True,INC0000525__7,0.10000000000000002,0.05000000000000002,-0.05,complete,0,1,Category 19,Category 19_restored,Resolved,4/3/2016 15:19
INC0000525__9,1483,closure,INC0000525,True,INC0000525__8,0.05000000000000002,1.3877787807814457e-17,-0.05,complete,0,1,Category 19,Category 19_restored,Closed,9/3/2016 16:00
INC0000527__0,1484,source,INC0000527,False,,0.44999999999999996,0.44999999999999996,0.0,none,0,0,Category 53,Category 53,New,1/3/2016 08:53
INC0000527__1,1485,closure,INC0000527,True,INC0000527__0,0.44999999999999996,0.44999999999999996,0.0,complete,0,1,Category 53,Category 53_restored,New,1/3/2016 09:05
INC0000527__2,1486,closure,INC0000527,True,INC0000527__1,0.44999999999999996,0.44999999999999996,0.0,complete,0,1,Category 53,Category 53_restored,Awaiting User Info,1/3/2016 13:58
INC0000527__3,1487,closure,INC0000527,True,INC0000527__2,0.44999999999999996,0.44999999999999996,0.0,complete,0,1,Category 53,Category 53_restored,Resolved,1/3/2016 19:47
INC0000527__4,1488,closure,INC0000527,True,INC0000527__3,0.44999999999999996,0.35,-0.09999999999999998,complete,0,1,Category 53,Category 53_restored,Closed,6/3/2016 20:00
INC0000528__0,1489,source,INC0000528,False,,0.23333333333333334,0.23333333333333334,0.0,none,0,0,Category 61,Category 61,New,1/3/2016 08:53
INC0000528__1,1490,closure,INC0000528,True,INC0000528__0,0.23333333333333334,0.18333333333333335,-0.04999999999999999,complete,0,1,Category 61,Category 61_restored,New,1/3/2016 13:15
INC0000528__2,1491,closure,INC0000528,True,INC0000528__1,0.18333333333333335,0.13333333333333336,-0.04999999999999999,complete,0,1,Category 61,Category 61_restored,Active,1/3/2016 14:08
INC0000528__3,1492,closure,INC0000528,True,INC0000528__2,0.13333333333333336,0.08333333333333336,-0.05,complete,0,1,Category 61,Category 61_restored,Active,3/3/2016 10:19
INC0000528__4,1493,closure,INC0000528,True,INC0000528__3,0.08333333333333336,0.033333333333333354,-0.05,complete,0,1,Category 61,Category 61_restored,Resolved,3/3/2016 10:19
INC0000528__5,1494,closure,INC0000528,True,INC0000528__4,0.033333333333333354,0.0,-0.033333333333333354,complete,0,1,Category 61,Category 61_restored,Closed,8/3/2016 11:00
INC0000532__0,1495,source,INC0000532,False,,0.23333333333333334,0.23333333333333334,0.0,none,0,0,Category 45,Category 45,New,1/3/2016 09:05
INC0000532__1,1496,closure,INC0000532,True,INC0000532__0,0.23333333333333334,0.23333333333333334,0.0,complete,0,1,Category 45,Category 45_restored,New,1/3/2016 09:54
INC0000532__2,1497,closure,INC0000532,True,INC0000532__1,0.23333333333333334,0.18333333333333335,-0.04999999999999999,complete,0,1,Category 45,Category 45_restored,New,1/3/2016 10:59
INC0000532__3,1498,closure,INC0000532,True,INC0000532__2,0.18333333333333335,0.13333333333333336,-0.04999999999999999,complete,0,1,Category 45,Category 45_restored,Awaiting Problem,2/3/2016 11:37
INC0000532__4,1499,closure,INC0000532,True,INC0000532__3,0.13333333333333336,0.08333333333333336,-0.05,complete,0,1,Category 45,Category 45_restored,Resolved,2/3/2016 11:39
INC0000532__5,1500,closure,INC0000532,True,INC0000532__4,0.08333333333333336,0.033333333333333354,-0.05,complete,0,1,Category 45,Category 45_restored,Closed,7/3/2016 12:00
INC0000534__0,1501,source,INC0000534,False,,0.44999999999999996,0.44999999999999996,0.0,none,0,0,Category 9,Category 9,New,1/3/2016 09:02
INC0000534__1,1502,closure,INC0000534,True,INC0000534__0,0.44999999999999996,0.44999999999999996,0.0,complete,0,1,Category 9,Category 9_restored,New,1/3/2016 09:02
INC0000534__2,1503,closure,INC0000534,True,INC0000534__1,0.44999999999999996,0.44999999999999996,0.0,complete,0,1,Category 9,Category 9_restored,New,1/3/2016 09:12
INC0000534__3,1504,closure,INC0000534,True,INC0000534__2,0.44999999999999996,0.39999999999999997,-0.04999999999999999,complete,0,1,Category 9,Category 9_restored,New,1/3/2016 09:13
INC0000534__4,1505,closure,INC0000534,True,INC0000534__3,0.39999999999999997,0.35,-0.04999999999999999,complete,0,1,Category 9,Category 9_restored,Active,1/3/2016 14:07
INC0000534__5,1506,closure,INC0000534,True,INC0000534__4,0.35,0.3,-0.04999999999999999,complete,0,1,Category 9,Category 9_restored,Active,1/3/2016 14:19
INC0000534__6,1507,closure,INC0000534,True,INC0000534__5,0.3,0.25,-0.04999999999999999,complete,0,1,Category 9,Category 9_restored,Resolved,1/3/2016 14:19
INC0000534__7,1508,closure,INC0000534,True,INC0000534__6,0.25,0.2,-0.04999999999999999,complete,0,1,Category 9,Category 9_restored,Closed,6/3/2016 15:00
INC0000535__0,1509,source,INC0000535,False,,0.44999999999999996,0.44999999999999996,0.0,none,0,0,Category 23,Category 23,New,1/3/2016 09:02
INC0000535__1,1510,closure,INC0000535,True,INC0000535__0,0.44999999999999996,0.44999999999999996,0.0,complete,0,1,Category 23,Category 23_restored,New,2/3/2016 01:29
INC0000535__2,1511,closure,INC0000535,True,INC0000535__1,0.44999999999999996,0.44999999999999996,0.0,complete,0,1,Category 23,Category 23_restored,Resolved,2/3/2016 01:30
INC0000535__3,1512,closure,INC0000535,True,INC0000535__2,0.44999999999999996,0.35,-0.09999999999999998,complete,0,1,Category 23,Category 23_restored,Closed,7/3/2016 02:00
INC0000536__0,1513,source,INC0000536,False,,0.44999999999999996,0.44999999999999996,0.0,none,0,0,Category 40,Category 40,New,1/3/2016 09:09
INC0000536__1,1514,closure,INC0000536,True,INC0000536__0,0.44999999999999996,0.44999999999999996,0.0,complete,0,1,Category 40,Category 40_restored,New,3/3/2016 11:18
INC0000536__2,1515,closure,INC0000536,True,INC0000536__1,0.44999999999999996,0.39999999999999997,-0.04999999999999999,complete,0,1,Category 40,Category 40_restored,New,3/3/2016 11:19
INC0000536__3,1516,closure,INC0000536,True,INC0000536__2,0.39999999999999997,0.35,-0.04999999999999999,complete,0,1,Category 40,Category 40_restored,New,3/3/2016 15:47
INC0000536__4,1517,closure,INC0000536,True,INC0000536__3,0.35,0.3,-0.04999999999999999,complete,0,1,Category 40,Category 40_restored,Active,3/3/2016 16:56
INC0000536__5,1518,closure,INC0000536,True,INC0000536__4,0.3,0.25,-0.04999999999999999,complete,0,1,Category 40,Category 40_restored,Active,3/3/2016 16:57
INC0000536__6,1519,closure,INC0000536,True,INC0000536__5,0.25,0.2,-0.04999999999999999,complete,0,1,Category 40,Category 40_restored,Active,4/3/2016 08:15
INC0000536__7,1520,closure,INC0000536,True,INC0000536__6,0.2,0.15000000000000002,-0.04999999999999999,complete,0,1,Category 40,Category 40_restored,Awaiting User Info,4/3/2016 08:32
INC0000536__8,1521,closure,INC0000536,True,INC0000536__7,0.15000000000000002,0.10000000000000002,-0.05,complete,0,1,Category 40,Category 40_restored,Resolved,4/3/2016 09:29
INC0000536__9,1522,closure,INC0000536,True,INC0000536__8,0.10000000000000002,0.05000000000000002,-0.05,complete,0,1,Category 40,Category 40_restored,Closed,9/3/2016 10:00
INC0000538__0,1523,source,INC0000538,False,,0.6,0.6,0.0,none,0,0,Category 20,Category 20,New,1/3/2016 09:12
INC0000538__1,1524,closure,INC0000538,True,INC0000538__0,0.6,0.6,0.0,complete,0,1,Category 20,Category 20_restored,Active,2/3/2016 13:08
INC0000538__2,1525,closure,INC0000538,True,INC0000538__1,0.6,0.6,0.0,complete,0,1,Category 20,Category 20_restored,Resolved,2/3/2016 13:14
INC0000538__3,1526,closure,INC0000538,True,INC0000538__2,0.6,0.5499999999999999,-0.050000000000000044,complete,0,1,Category 20,Category 20_restored,Closed,7/3/2016 14:00
INC0000539__0,1527,source,INC0000539,False,,0.44999999999999996,0.44999999999999996,0.0,none,0,0,Category 37,Category 37,New,1/3/2016 09:15
INC0000539__1,1528,closure,INC0000539,True,INC0000539__0,0.44999999999999996,0.39999999999999997,-0.04999999999999999,complete,0,1,Category 37,Category 37_restored,New,2/3/2016 01:31
INC0000539__2,1529,closure,INC0000539,True,INC0000539__1,0.39999999999999997,0.35,-0.04999999999999999,complete,0,1,Category 37,Category 37_restored,New,2/3/2016 14:29
INC0000539__3,1530,closure,INC0000539,True,INC0000539__2,0.35,0.3,-0.04999999999999999,complete,0,1,Category 37,Category 37_restored,Awaiting Problem,2/3/2016 14:29
INC0000539__4,1531,closure,INC0000539,True,INC0000539__3,0.3,0.25,-0.04999999999999999,complete,0,1,Category 37,Category 37_restored,Awaiting Problem,3/3/2016 12:59
INC0000539__5,1532,closure,INC0000539,True,INC0000539__4,0.25,0.2,-0.04999999999999999,complete,0,1,Category 37,Category 37_restored,Resolved,3/3/2016 12:59
INC0000539__6,1533,closure,INC0000539,True,INC0000539__5,0.2,0.15000000000000002,-0.04999999999999999,complete,0,1,Category 37,Category 37_restored,Closed,8/3/2016 13:00
INC0000541__0,1534,source,INC0000541,False,,0.44999999999999996,0.44999999999999996,0.0,none,0,0,Category 23,Category 23,New,1/3/2016 09:13
INC0000541__1,1535,closure,INC0000541,True,INC0000541__0,0.44999999999999996,0.44999999999999996,0.0,complete,0,1,Category 23,Category 23_restored,New,1/3/2016 09:33
INC0000541__2,1536,closure,INC0000541,True,INC0000541__1,0.44999999999999996,0.39999999999999997,-0.04999999999999999,complete,0,1,Category 23,Category 23_restored,New,1/3/2016 09:34
INC0000541__3,1537,closure,INC0000541,True,INC0000541__2,0.39999999999999997,0.35,-0.04999999999999999,complete,0,1,Category 23,Category 23_restored,New,2/3/2016 02:37
INC0000541__4,1538,closure,INC0000541,True,INC0000541__3,0.35,0.3,-0.04999999999999999,complete,0,1,Category 23,Category 23_restored,Active,2/3/2016 09:38
INC0000541__5,1539,closure,INC0000541,True,INC0000541__4,0.3,0.25,-0.04999999999999999,complete,0,1,Category 23,Category 23_restored,Awaiting Problem,2/3/2016 10:47
INC0000541__6,1540,closure,INC0000541,True,INC0000541__5,0.25,0.2,-0.04999999999999999,complete,0,1,Category 23,Category 23_restored,Awaiting Problem,2/3/2016 11:23
INC0000541__7,1541,closure,INC0000541,True,INC0000541__6,0.2,0.15000000000000002,-0.04999999999999999,complete,0,1,Category 23,Category 23_restored,Awaiting Problem,2/3/2016 11:25
INC0000541__8,1542,closure,INC0000541,True,INC0000541__7,0.15000000000000002,0.10000000000000002,-0.05,complete,0,1,Category 23,Category 23_restored,Awaiting Problem,3/3/2016 16:05
INC0000541__9,1543,closure,INC0000541,True,INC0000541__8,0.10000000000000002,0.05000000000000002,-0.05,complete,0,1,Category 23,Category 23_restored,Awaiting Problem,3/3/2016 18:42
INC0000541__10,1544,closure,INC0000541,True,INC0000541__9,0.05000000000000002,1.3877787807814457e-17,-0.05,complete,0,1,Category 23,Category 23_restored,Awaiting Problem,4/3/2016 09:46
INC0000541__11,1545,closure,INC0000541,True,INC0000541__10,1.3877787807814457e-17,0.0,-1.3877787807814457e-17,complete,0,1,Category 23,Category 23_restored,Awaiting Problem,4/3/2016 09:46
INC0000541__12,1546,closure,INC0000541,True,INC0000541__11,0.0,0.0,0.0,complete,0,1,Category 23,Category 23_restored,Awaiting Problem,7/3/2016 04:38
INC0000541__13,1547,closure,INC0000541,True,INC0000541__12,0.0,0.0,0.0,complete,0,1,Category 23,Category 23_restored,Awaiting Problem,7/3/2016 11:28
INC0000541__14,1548,closure,INC0000541,True,INC0000541__13,0.0,0.0,0.0,complete,0,1,Category 23,Category 23_restored,Awaiting User Info,12/3/2016 13:44
INC0000541__15,1549,closure,INC0000541,True,INC0000541__14,0.0,0.0,0.0,complete,0,1,Category 23,Category 23_restored,Awaiting User Info,12/3/2016 18:53
INC0000541__16,1550,closure,INC0000541,True,INC0000541__15,0.0,0.0,0.0,complete,0,1,Category 23,Category 23_restored,Awaiting User Info,14/3/2016 18:50
INC0000541__17,1551,closure,INC0000541,True,INC0000541__16,0.0,0.0,0.0,complete,0,1,Category 23,Category 23_restored,Awaiting User Info,16/3/2016 07:42
INC0000541__18,1552,closure,INC0000541,True,INC0000541__17,0.0,0.0,0.0,complete,0,1,Category 23,Category 23_restored,Awaiting User Info,16/3/2016 12:09
INC0000541__19,1553,closure,INC0000541,True,INC0000541__18,0.0,0.0,0.0,complete,0,1,Category 23,Category 23_restored,Awaiting User Info,17/3/2016 08:34
INC0000541__20,1554,closure,INC0000541,True,INC0000541__19,0.0,0.0,0.0,complete,0,1,Category 23,Category 23_restored,Awaiting User Info,17/3/2016 10:21
INC0000541__21,1555,closure,INC0000541,True,INC0000541__20,0.0,0.0,0.0,complete,0,1,Category 23,Category 23_restored,Awaiting User Info,18/3/2016 13:11
INC0000541__22,1556,closure,INC0000541,True,INC0000541__21,0.0,0.0,0.0,complete,0,1,Category 23,Category 23_restored,Awaiting User Info,18/3/2016 19:12
INC0000541__23,1557,closure,INC0000541,True,INC0000541__22,0.0,0.0,0.0,complete,0,1,Category 23,Category 23_restored,Resolved,22/3/2016 08:20
INC0000541__24,1558,closure,INC0000541,True,INC0000541__23,0.0,0.0,0.0,complete,0,1,Category 23,Category 23_restored,Closed,27/3/2016 08:59
INC0000543__0,1559,source,INC0000543,False,,0.44999999999999996,0.44999999999999996,0.0,none,0,0,Category 34,Category 34,New,1/3/2016 09:36
INC0000543__1,1560,closure,INC0000543,True,INC0000543__0,0.44999999999999996,0.44999999999999996,0.0,complete,0,1,Category 34,Category 34_restored,Active,1/3/2016 10:12
INC0000543__2,1561,closure,INC0000543,True,INC0000543__1,0.44999999999999996,0.44999999999999996,0.0,complete,0,1,Category 34,Category 34_restored,Active,1/3/2016 10:35
INC0000543__3,1562,closure,INC0000543,True,INC0000543__2,0.44999999999999996,0.44999999999999996,0.0,complete,0,1,Category 34,Category 34_restored,Active,1/3/2016 10:41
INC0000543__4,1563,closure,INC0000543,True,INC0000543__3,0.44999999999999996,0.44999999999999996,0.0,complete,0,1,Category 34,Category 34_restored,Active,1/3/2016 14:05
INC0000543__5,1564,closure,INC0000543,True,INC0000543__4,0.44999999999999996,0.44999999999999996,0.0,complete,0,1,Category 34,Category 34_restored,Awaiting User Info,1/3/2016 14:18
INC0000543__6,1565,closure,INC0000543,True,INC0000543__5,0.44999999999999996,0.44999999999999996,0.0,complete,0,1,Category 34,Category 34_restored,Awaiting User Info,1/3/2016 16:19
INC0000543__7,1566,closure,INC0000543,True,INC0000543__6,0.44999999999999996,0.44999999999999996,0.0,complete,0,1,Category 34,Category 34_restored,Resolved,1/3/2016 16:20
INC0000543__8,1567,closure,INC0000543,True,INC0000543__7,0.44999999999999996,0.35,-0.09999999999999998,complete,0,1,Category 34,Category 34_restored,Closed,6/3/2016 17:00
INC0000544__0,1568,source,INC0000544,False,,0.23333333333333334,0.23333333333333334,0.0,none,0,0,Category 9,Category 9,New,1/3/2016 09:21
INC0000544__1,1569,closure,INC0000544,True,INC0000544__0,0.23333333333333334,0.23333333333333334,0.0,complete,0,1,Category 9,Category 9_restored,Awaiting User Info,1/3/2016 16:07
INC0000544__2,1570,closure,INC0000544,True,INC0000544__1,0.23333333333333334,0.23333333333333334,0.0,complete,0,1,Category 9,Category 9_restored,Active,3/3/2016 09:21
INC0000544__3,1571,closure,INC0000544,True,INC0000544__2,0.23333333333333334,0.23333333333333334,0.0,complete,0,1,Category 9,Category 9_restored,Resolved,3/3/2016 11:56
INC0000544__4,1572,closure,INC0000544,True,INC0000544__3,0.23333333333333334,0.13333333333333333,-0.1,complete,0,1,Category 9,Category 9_restored,Closed,8/3/2016 12:00
INC0000547__0,1573,source,INC0000547,False,,0.44999999999999996,0.44999999999999996,0.0,none,0,0,Category 53,Category 53,New,1/3/2016 09:19
INC0000547__1,1574,closure,INC0000547,True,INC0000547__0,0.44999999999999996,0.44999999999999996,0.0,complete,0,1,Category 53,Category 53_restored,New,1/3/2016 09:19
INC0000547__2,1575,closure,INC0000547,True,INC0000547__1,0.44999999999999996,0.39999999999999997,-0.04999999999999999,complete,0,1,Category 53,Category 53_restored,New,1/3/2016 14:30
INC0000547__3,1576,closure,INC0000547,True,INC0000547__2,0.39999999999999997,0.35,-0.04999999999999999,complete,0,1,Category 53,Category 53_restored,Active,2/3/2016 13:29
INC0000547__4,1577,closure,INC0000547,True,INC0000547__3,0.35,0.3,-0.04999999999999999,complete,0,1,Category 53,Category 53_restored,Active,3/3/2016 14:30
INC0000547__5,1578,closure,INC0000547,True,INC0000547__4,0.3,0.25,-0.04999999999999999,complete,0,1,Category 53,Category 53_restored,Active,7/3/2016 10:06
INC0000547__6,1579,closure,INC0000547,True,INC0000547__5,0.25,0.2,-0.04999999999999999,complete,0,1,Category 53,Category 53_restored,Resolved,8/3/2016 13:31
INC0000547__7,1580,closure,INC0000547,True,INC0000547__6,0.2,0.15000000000000002,-0.04999999999999999,complete,0,1,Category 53,Category 53_restored,Closed,24/3/2016 18:40
INC0000548__0,1581,source,INC0000548,False,,0.75,0.75,0.0,none,0,0,Category 42,Category 42,Active,1/3/2016 09:20
INC0000548__1,1582,closure,INC0000548,True,INC0000548__0,0.75,0.44999999999999996,-0.30000000000000004,complete,0,3,Category 42,Category 42_restored,Active,4/3/2016 10:59
INC0000548__2,1583,closure,INC0000548,True,INC0000548__1,0.44999999999999996,0.39999999999999997,-0.04999999999999999,complete,0,1,Category 42,Category 42_restored,Active,4/3/2016 11:02
INC0000548__3,1584,closure,INC0000548,True,INC0000548__2,0.39999999999999997,0.35,-0.04999999999999999,complete,0,1,Category 42,Category 42_restored,Active,4/3/2016 11:02
INC0000548__4,1585,closure,INC0000548,True,INC0000548__3,0.35,0.3,-0.04999999999999999,complete,0,1,Category 42,Category 42_restored,Resolved,4/3/2016 11:02
INC0000548__5,1586,closure,INC0000548,True,INC0000548__4,0.3,0.25,-0.04999999999999999,complete,0,1,Category 42,Category 42_restored,Closed,9/3/2016 12:00
INC0000549__0,1587,source,INC0000549,False,,0.44999999999999996,0.44999999999999996,0.0,none,0,0,Category 9,Category 9,New,1/3/2016 09:31
INC0000549__1,1588,closure,INC0000549,True,INC0000549__0,0.44999999999999996,0.44999999999999996,0.0,complete,0,1,Category 9,Category 9_restored,Active,1/3/2016 10:09
INC0000549__2,1589,closure,INC0000549,True,INC0000549__1,0.44999999999999996,0.44999999999999996,0.0,complete,0,1,Category 9,Category 9_restored,Awaiting User Info,1/3/2016 10:34
INC0000549__3,1590,closure,INC0000549,True,INC0000549__2,0.44999999999999996,0.44999999999999996,0.0,complete,0,1,Category 9,Category 9_restored,Active,2/3/2016 11:27
INC0000549__4,1591,closure,INC0000549,True,INC0000549__3,0.44999999999999996,0.44999999999999996,0.0,complete,0,1,Category 23,Category 23_restored,Resolved,2/3/2016 11:29
INC0000549__5,1592,closure,INC0000549,True,INC0000549__4,0.44999999999999996,0.35,-0.09999999999999998,complete,0,1,Category 23,Category 23_restored,Closed,7/3/2016 12:00
INC0000550__0,1593,source,INC0000550,False,,0.23333333333333334,0.23333333333333334,0.0,none,0,0,Category 9,Category 9,New,1/3/2016 09:23
INC0000550__1,1594,closure,INC0000550,True,INC0000550__0,0.23333333333333334,0.18333333333333335,-0.04999999999999999,complete,0,1,Category 9,Category 9_restored,New,1/3/2016 17:47
INC0000550__2,1595,closure,INC0000550,True,INC0000550__1,0.18333333333333335,0.13333333333333336,-0.04999999999999999,complete,0,1,Category 9,Category 9_restored,New,2/3/2016 13:32
INC0000550__3,1596,closure,INC0000550,True,INC0000550__2,0.13333333333333336,0.08333333333333336,-0.05,complete,0,1,Category 9,Category 9_restored,New,2/3/2016 13:33
INC0000550__4,1597,closure,INC0000550,True,INC0000550__3,0.08333333333333336,0.033333333333333354,-0.05,complete,0,1,Category 9,Category 9_restored,New,2/3/2016 14:53
INC0000550__5,1598,closure,INC0000550,True,INC0000550__4,0.033333333333333354,0.0,-0.033333333333333354,complete,0,1,Category 9,Category 9_restored,Awaiting User Info,2/3/2016 14:54
INC0000550__6,1599,closure,INC0000550,True,INC0000550__5,0.0,0.0,0.0,complete,0,1,Category 9,Category 9_restored,Awaiting User Info,2/3/2016 14:55
INC0000550__7,1600,closure,INC0000550,True,INC0000550__6,0.0,0.0,0.0,complete,0,1,Category 9,Category 9_restored,Awaiting User Info,3/3/2016 09:09
INC0000550__8,1601,closure,INC0000550,True,INC0000550__7,0.0,0.0,0.0,complete,0,1,Category 9,Category 9_restored,Awaiting User Info,3/3/2016 09:10
INC0000550__9,1602,closure,INC0000550,True,INC0000550__8,0.0,0.0,0.0,complete,0,1,Category 9,Category 9_restored,Awaiting User Info,3/3/2016 15:50
INC0000550__10,1603,closure,INC0000550,True,INC0000550__9,0.0,0.0,0.0,complete,0,1,Category 9,Category 9_restored,Resolved,3/3/2016 15:51
INC0000550__11,1604,closure,INC0000550,True,INC0000550__10,0.0,0.0,0.0,complete,0,1,Category 9,Category 9_restored,Closed,8/3/2016 16:00
INC0000552__0,1605,source,INC0000552,False,,0.44999999999999996,0.44999999999999996,0.0,none,0,0,Category 53,Category 53,New,1/3/2016 09:32
INC0000552__1,1606,closure,INC0000552,True,INC0000552__0,0.44999999999999996,0.44999999999999996,0.0,complete,0,1,Category 53,Category 53_restored,New,1/3/2016 09:36
INC0000552__2,1607,closure,INC0000552,True,INC0000552__1,0.44999999999999996,0.39999999999999997,-0.04999999999999999,complete,0,1,Category 53,Category 53_restored,New,2/3/2016 01:34
INC0000552__3,1608,closure,INC0000552,True,INC0000552__2,0.39999999999999997,0.35,-0.04999999999999999,complete,0,1,Category 53,Category 53_restored,New,2/3/2016 08:54
INC0000552__4,1609,closure,INC0000552,True,INC0000552__3,0.35,0.3,-0.04999999999999999,complete,0,1,Category 53,Category 53_restored,Active,2/3/2016 09:25
INC0000552__5,1610,closure,INC0000552,True,INC0000552__4,0.3,0.25,-0.04999999999999999,complete,0,1,Category 53,Category 53_restored,Active,2/3/2016 11:36
INC0000552__6,1611,closure,INC0000552,True,INC0000552__5,0.25,0.2,-0.04999999999999999,complete,0,1,Category 53,Category 53_restored,Active,2/3/2016 11:43
INC0000552__7,1612,closure,INC0000552,True,INC0000552__6,0.2,0.15000000000000002,-0.04999999999999999,complete,0,1,Category 53,Category 53_restored,Active,2/3/2016 11:48
INC0000552__8,1613,closure,INC0000552,True,INC0000552__7,0.15000000000000002,0.10000000000000002,-0.05,complete,0,1,Category 53,Category 53_restored,Active,3/3/2016 14:17
INC0000552__9,1614,closure,INC0000552,True,INC0000552__8,0.10000000000000002,0.05000000000000002,-0.05,complete,0,1,Category 53,Category 53_restored,Resolved,3/3/2016 14:20
INC0000552__10,1615,closure,INC0000552,True,INC0000552__9,0.05000000000000002,1.3877787807814457e-17,-0.05,complete,0,1,Category 53,Category 53_restored,Closed,8/3/2016 15:00
INC0000553__0,1616,source,INC0000553,False,,0.44999999999999996,0.44999999999999996,0.0,none,0,0,Category 53,Category 53,Active,1/3/2016 09:36
INC0000553__1,1617,closure,INC0000553,True,INC0000553__0,0.44999999999999996,0.39999999999999997,-0.04999999999999999,complete,0,1,Category 53,Category 53_restored,Active,3/3/2016 16:06
INC0000553__2,1618,closure,INC0000553,True,INC0000553__1,0.39999999999999997,0.35,-0.04999999999999999,complete,0,1,Category 53,Category 53_restored,Active,4/3/2016 09:58
INC0000553__3,1619,closure,INC0000553,True,INC0000553__2,0.35,0.3,-0.04999999999999999,complete,0,1,Category 53,Category 53_restored,Active,4/3/2016 09:58
INC0000553__4,1620,closure,INC0000553,True,INC0000553__3,0.3,0.25,-0.04999999999999999,complete,0,1,Category 53,Category 53_restored,Active,4/3/2016 11:09
INC0000553__5,1621,closure,INC0000553,True,INC0000553__4,0.25,0.2,-0.04999999999999999,complete,0,1,Category 53,Category 53_restored,Resolved,11/3/2016 12:12
INC0000553__6,1622,closure,INC0000553,True,INC0000553__5,0.2,0.15000000000000002,-0.04999999999999999,complete,0,1,Category 53,Category 53_restored,Closed,24/3/2016 18:50
INC0000554__0,1623,source,INC0000554,False,,0.44999999999999996,0.44999999999999996,0.0,none,0,0,Category 61,Category 61,New,1/3/2016 09:31
INC0000554__1,1624,closure,INC0000554,True,INC0000554__0,0.44999999999999996,0.39999999999999997,-0.04999999999999999,complete,0,1,Category 61,Category 61_restored,New,2/3/2016 14:37
INC0000554__2,1625,closure,INC0000554,True,INC0000554__1,0.39999999999999997,0.35,-0.04999999999999999,complete,0,1,Category 61,Category 61_restored,Active,2/3/2016 16:36
INC0000554__3,1626,closure,INC0000554,True,INC0000554__2,0.35,0.3,-0.04999999999999999,complete,0,1,Category 61,Category 61_restored,Resolved,3/3/2016 08:43
INC0000554__4,1627,closure,INC0000554,True,INC0000554__3,0.3,0.25,-0.04999999999999999,complete,0,1,Category 61,Category 61_restored,Closed,8/3/2016 09:00
INC0000557__0,1628,source,INC0000557,False,,0.44999999999999996,0.44999999999999996,0.0,none,0,0,Category 53,Category 53,New,1/3/2016 09:37
INC0000557__1,1629,closure,INC0000557,True,INC0000557__0,0.44999999999999996,0.44999999999999996,0.0,complete,0,1,Category 53,Category 53_restored,New,1/3/2016 15:19
INC0000557__2,1630,closure,INC0000557,True,INC0000557__1,0.44999999999999996,0.44999999999999996,0.0,complete,0,1,Category 53,Category 53_restored,Resolved,1/3/2016 15:25
INC0000557__3,1631,closure,INC0000557,True,INC0000557__2,0.44999999999999996,0.35,-0.09999999999999998,complete,0,1,Category 53,Category 53_restored,Closed,6/3/2016 16:00
INC0000558__0,1632,source,INC0000558,False,,0.44999999999999996,0.44999999999999996,0.0,none,0,0,Category 24,Category 24,New,1/3/2016 09:42
INC0000558__1,1633,closure,INC0000558,True,INC0000558__0,0.44999999999999996,0.39999999999999997,-0.04999999999999999,complete,0,1,Category 24,Category 24_restored,New,2/3/2016 01:36
INC0000558__2,1634,closure,INC0000558,True,INC0000558__1,0.39999999999999997,0.35,-0.04999999999999999,complete,0,1,Category 24,Category 24_restored,Active,2/3/2016 13:58
INC0000558__3,1635,closure,INC0000558,True,INC0000558__2,0.35,0.3,-0.04999999999999999,complete,0,1,Category 24,Category 24_restored,Closed,4/4/2016 10:59
INC0000558__4,1636,closure,INC0000558,True,INC0000558__3,0.3,0.25,-0.04999999999999999,complete,0,1,Category 24,Category 24_restored,Active,7/3/2016 08:52
INC0000558__5,1637,closure,INC0000558,True,INC0000558__4,0.25,0.2,-0.04999999999999999,complete,0,1,Category 24,Category 24_restored,Resolved,7/3/2016 08:52
INC0000558__6,1638,closure,INC0000558,True,INC0000558__5,0.2,0.15000000000000002,-0.04999999999999999,complete,0,1,Category 24,Category 24_restored,Active,15/3/2016 15:45
INC0000558__7,1639,closure,INC0000558,True,INC0000558__6,0.15000000000000002,0.10000000000000002,-0.05,complete,0,1,Category 24,Category 24_restored,Active,15/3/2016 15:45
INC0000558__8,1640,closure,INC0000558,True,INC0000558__7,0.10000000000000002,0.05000000000000002,-0.05,complete,0,1,Category 24,Category 24_restored,Active,15/3/2016 15:45
INC0000558__9,1641,closure,INC0000558,True,INC0000558__8,0.05000000000000002,1.3877787807814457e-17,-0.05,complete,0,1,Category 24,Category 24_restored,Active,15/3/2016 15:45
INC0000558__10,1642,closure,INC0000558,True,INC0000558__9,1.3877787807814457e-17,0.0,-1.3877787807814457e-17,complete,0,1,Category 24,Category 24_restored,Active,17/3/2016 09:59
INC0000558__11,1643,closure,INC0000558,True,INC0000558__10,0.0,0.0,0.0,complete,0,1,Category 24,Category 24_restored,Active,17/3/2016 15:10
INC0000558__12,1644,closure,INC0000558,True,INC0000558__11,0.0,0.0,0.0,complete,0,1,Category 24,Category 24_restored,Active,17/3/2016 15:41
INC0000558__13,1645,closure,INC0000558,True,INC0000558__12,0.0,0.0,0.0,complete,0,1,Category 24,Category 24_restored,Awaiting User Info,17/3/2016 15:41
INC0000558__14,1646,closure,INC0000558,True,INC0000558__13,0.0,0.0,0.0,complete,0,1,Category 24,Category 24_restored,Awaiting User Info,22/3/2016 09:39
INC0000558__15,1647,closure,INC0000558,True,INC0000558__14,0.0,0.0,0.0,complete,0,1,Category 24,Category 24_restored,Awaiting User Info,22/3/2016 09:46
INC0000558__16,1648,closure,INC0000558,True,INC0000558__15,0.0,0.0,0.0,complete,0,1,Category 24,Category 24_restored,Awaiting User Info,22/3/2016 16:18
INC0000558__17,1649,closure,INC0000558,True,INC0000558__16,0.0,0.0,0.0,complete,0,1,Category 24,Category 24_restored,Awaiting User Info,23/3/2016 12:18
INC0000558__18,1650,closure,INC0000558,True,INC0000558__17,0.0,0.0,0.0,complete,0,1,Category 24,Category 24_restored,Awaiting User Info,23/3/2016 15:14
INC0000558__19,1651,closure,INC0000558,True,INC0000558__18,0.0,0.0,0.0,complete,0,1,Category 24,Category 24_restored,Awaiting User Info,24/3/2016 09:13
INC0000558__20,1652,closure,INC0000558,True,INC0000558__19,0.0,0.0,0.0,complete,0,1,Category 24,Category 24_restored,Awaiting User Info,30/3/2016 09:19
INC0000558__21,1653,closure,INC0000558,True,INC0000558__20,0.0,0.0,0.0,complete,0,1,Category 24,Category 24_restored,Resolved,30/3/2016 10:16
INC0000559__0,1654,source,INC0000559,False,,0.44999999999999996,0.44999999999999996,0.0,none,0,0,Category 24,Category 24,New,1/3/2016 09:41
INC0000559__1,1655,closure,INC0000559,True,INC0000559__0,0.44999999999999996,0.39999999999999997,-0.04999999999999999,complete,0,1,Category 24,Category 24_restored,New,2/3/2016 01:38
INC0000559__2,1656,closure,INC0000559,True,INC0000559__1,0.39999999999999997,0.35,-0.04999999999999999,complete,0,1,Category 24,Category 24_restored,New,2/3/2016 12:22
INC0000559__3,1657,closure,INC0000559,True,INC0000559__2,0.35,0.3,-0.04999999999999999,complete,0,1,Category 24,Category 24_restored,New,2/3/2016 15:16
INC0000559__4,1658,closure,INC0000559,True,INC0000559__3,0.3,0.25,-0.04999999999999999,complete,0,1,Category 24,Category 24_restored,New,2/3/2016 15:20
INC0000559__5,1659,closure,INC0000559,True,INC0000559__4,0.25,0.2,-0.04999999999999999,complete,0,1,Category 24,Category 24_restored,Awaiting User Info,2/3/2016 15:20
INC0000559__6,1660,closure,INC0000559,True,INC0000559__5,0.2,0.15000000000000002,-0.04999999999999999,complete,0,1,Category 24,Category 24_restored,Awaiting User Info,4/3/2016 09:10
INC0000559__7,1661,closure,INC0000559,True,INC0000559__6,0.15000000000000002,0.10000000000000002,-0.05,complete,0,1,Category 24,Category 24_restored,Active,4/3/2016 09:10
INC0000559__8,1662,closure,INC0000559,True,INC0000559__7,0.10000000000000002,0.05000000000000002,-0.05,complete,0,1,Category 24,Category 24_restored,Active,4/3/2016 09:18
INC0000559__9,1663,closure,INC0000559,True,INC0000559__8,0.05000000000000002,1.3877787807814457e-17,-0.05,complete,0,1,Category 24,Category 24_restored,Resolved,4/3/2016 09:18
INC0000559__10,1664,closure,INC0000559,True,INC0000559__9,1.3877787807814457e-17,0.0,-1.3877787807814457e-17,complete,0,1,Category 24,Category 24_restored,Closed,9/3/2016 10:00
INC0000561__0,1665,source,INC0000561,False,,0.44999999999999996,0.44999999999999996,0.0,none,0,0,Category 37,Category 37,New,1/3/2016 09:54
INC0000561__1,1666,closure,INC0000561,True,INC0000561__0,0.44999999999999996,0.39999999999999997,-0.04999999999999999,complete,0,1,Category 37,Category 37_restored,New,1/3/2016 16:24
INC0000561__2,1667,closure,INC0000561,True,INC0000561__1,0.39999999999999997,0.35,-0.04999999999999999,complete,0,1,Category 37,Category 37_restored,New,2/3/2016 17:15
INC0000561__3,1668,closure,INC0000561,True,INC0000561__2,0.35,0.3,-0.04999999999999999,complete,0,1,Category 37,Category 37_restored,New,3/3/2016 08:44
INC0000561__4,1669,closure,INC0000561,True,INC0000561__3,0.3,0.25,-0.04999999999999999,complete,0,1,Category 37,Category 37_restored,New,3/3/2016 08:44
INC0000561__5,1670,closure,INC0000561,True,INC0000561__4,0.25,0.2,-0.04999999999999999,complete,0,1,Category 37,Category 37_restored,Active,19/3/2016 08:35
INC0000561__6,1671,closure,INC0000561,True,INC0000561__5,0.2,0.15000000000000002,-0.04999999999999999,complete,0,1,Category 37,Category 37_restored,Resolved,22/3/2016 15:16
INC0000561__7,1672,closure,INC0000561,True,INC0000561__6,0.15000000000000002,0.10000000000000002,-0.05,complete,0,1,Category 37,Category 37_restored,Closed,27/3/2016 15:59
INC0000564__0,1673,source,INC0000564,False,,0.44999999999999996,0.44999999999999996,0.0,none,0,0,Category 53,Category 53,Active,1/3/2016 09:42
INC0000564__1,1674,closure,INC0000564,True,INC0000564__0,0.44999999999999996,0.44999999999999996,0.0,complete,0,1,Category 44,Category 44_restored,Active,3/3/2016 16:03
INC0000564__2,1675,closure,INC0000564,True,INC0000564__1,0.44999999999999996,0.44999999999999996,0.0,complete,0,1,Category 44,Category 44_restored,Active,3/3/2016 19:24
INC0000564__3,1676,closure,INC0000564,True,INC0000564__2,0.44999999999999996,0.44999999999999996,0.0,complete,0,1,Category 44,Category 44_restored,Resolved,4/3/2016 11:29
INC0000564__4,1677,closure,INC0000564,True,INC0000564__3,0.44999999999999996,0.35,-0.09999999999999998,complete,0,1,Category 44,Category 44_restored,Closed,9/3/2016 12:00
INC0000565__0,1678,source,INC0000565,False,,0.44999999999999996,0.44999999999999996,0.0,none,0,0,Category 32,Category 32,New,1/3/2016 09:42
INC0000565__1,1679,closure,INC0000565,True,INC0000565__0,0.44999999999999996,0.39999999999999997,-0.04999999999999999,complete,0,1,Category 32,Category 32_restored,New,2/3/2016 01:39
INC0000565__2,1680,closure,INC0000565,True,INC0000565__1,0.39999999999999997,0.35,-0.04999999999999999,complete,0,1,Category 32,Category 32_restored,New,3/3/2016 11:54
INC0000565__3,1681,closure,INC0000565,True,INC0000565__2,0.35,0.3,-0.04999999999999999,complete,0,1,Category 32,Category 32_restored,New,3/3/2016 12:27
INC0000565__4,1682,closure,INC0000565,True,INC0000565__3,0.3,0.25,-0.04999999999999999,complete,0,1,Category 32,Category 32_restored,New,3/3/2016 12:28
INC0000565__5,1683,closure,INC0000565,True,INC0000565__4,0.25,0.2,-0.04999999999999999,complete,0,1,Category 32,Category 32_restored,Resolved,3/3/2016 17:13
INC0000565__6,1684,closure,INC0000565,True,INC0000565__5,0.2,0.15000000000000002,-0.04999999999999999,complete,0,1,Category 32,Category 32_restored,Closed,8/3/2016 18:00
INC0000566__0,1685,source,INC0000566,False,,0.44999999999999996,0.44999999999999996,0.0,none,0,0,Category 45,Category 45,Active,1/3/2016 09:51
INC0000566__1,1686,closure,INC0000566,True,INC0000566__0,0.44999999999999996,0.44999999999999996,0.0,complete,0,1,Category 45,Category 45_restored,Awaiting User Info,2/3/2016 10:05
INC0000566__2,1687,closure,INC0000566,True,INC0000566__1,0.44999999999999996,0.39999999999999997,-0.04999999999999999,complete,0,1,Category 45,Category 45_restored,Awaiting User Info,4/3/2016 13:51
INC0000566__3,1688,closure,INC0000566,True,INC0000566__2,0.39999999999999997,0.35,-0.04999999999999999,complete,0,1,Category 45,Category 45_restored,Resolved,11/3/2016 09:47
INC0000566__4,1689,closure,INC0000566,True,INC0000566__3,0.35,0.3,-0.04999999999999999,complete,0,1,Category 45,Category 45_restored,Closed,23/5/2016 11:07
INC0000568__0,1690,source,INC0000568,False,,0.6,0.6,0.0,none,0,0,Category 24,Category 24,New,1/3/2016 09:52
INC0000568__1,1691,closure,INC0000568,True,INC0000568__0,0.6,0.6,0.0,complete,0,1,Category 24,Category 24_restored,Active,2/3/2016 09:13
INC0000568__2,1692,closure,INC0000568,True,INC0000568__1,0.6,0.6,0.0,complete,0,1,Category 24,Category 24_restored,Active,2/3/2016 13:39
INC0000568__3,1693,closure,INC0000568,True,INC0000568__2,0.6,0.6,0.0,complete,0,1,Category 24,Category 24_restored,Active,2/3/2016 13:39
INC0000568__4,1694,closure,INC0000568,True,INC0000568__3,0.6,0.6,0.0,complete,0,1,Category 24,Category 24_restored,Resolved,2/3/2016 13:39
INC0000568__5,1695,closure,INC0000568,True,INC0000568__4,0.6,0.5499999999999999,-0.050000000000000044,complete,0,1,Category 24,Category 24_restored,Closed,7/3/2016 14:00
INC0000569__0,1696,source,INC0000569,False,,0.44999999999999996,0.44999999999999996,0.0,none,0,0,Category 45,Category 45,New,1/3/2016 09:49
INC0000569__1,1697,closure,INC0000569,True,INC0000569__0,0.44999999999999996,0.39999999999999997,-0.04999999999999999,complete,0,1,Category 45,Category 45_restored,New,1/3/2016 09:50
INC0000569__2,1698,closure,INC0000569,True,INC0000569__1,0.39999999999999997,0.35,-0.04999999999999999,complete,0,1,Category 45,Category 45_restored,Active,1/3/2016 16:25
INC0000569__3,1699,closure,INC0000569,True,INC0000569__2,0.35,0.3,-0.04999999999999999,complete,0,1,Category 45,Category 45_restored,Active,1/3/2016 16:30
INC0000569__4,1700,closure,INC0000569,True,INC0000569__3,0.3,0.25,-0.04999999999999999,complete,0,1,Category 45,Category 45_restored,Active,9/3/2016 09:15
INC0000569__5,1701,closure,INC0000569,True,INC0000569__4,0.25,0.2,-0.04999999999999999,complete,0,1,Category 45,Category 45_restored,Awaiting User Info,14/3/2016 15:17
INC0000569__6,1702,closure,INC0000569,True,INC0000569__5,0.2,0.15000000000000002,-0.04999999999999999,complete,0,1,Category 45,Category 45_restored,Resolved,22/3/2016 08:34
INC0000569__7,1703,closure,INC0000569,True,INC0000569__6,0.15000000000000002,0.10000000000000002,-0.05,complete,0,1,Category 45,Category 45_restored,Closed,27/3/2016 08:59
INC0000570__0,1704,source,INC0000570,False,,0.23333333333333334,0.23333333333333334,0.0,none,0,0,Category 23,Category 23,New,1/3/2016 09:49
INC0000570__1,1705,closure,INC0000570,True,INC0000570__0,0.23333333333333334,0.23333333333333334,0.0,complete,0,1,Category 23,Category 23_restored,New,1/3/2016 10:15
INC0000570__2,1706,closure,INC0000570,True,INC0000570__1,0.23333333333333334,0.18333333333333335,-0.04999999999999999,complete,0,1,Category 23,Category 23_restored,New,2/3/2016 09:52
INC0000570__3,1707,closure,INC0000570,True,INC0000570__2,0.18333333333333335,0.13333333333333336,-0.04999999999999999,complete,0,1,Category 23,Category 23_restored,Closed,2/4/2016 09:59
INC0000570__4,1708,closure,INC0000570,True,INC0000570__3,0.13333333333333336,0.08333333333333336,-0.05,complete,0,1,Category 23,Category 23_restored,Active,18/3/2016 13:04
INC0000570__5,1709,closure,INC0000570,True,INC0000570__4,0.08333333333333336,0.033333333333333354,-0.05,complete,0,1,Category 23,Category 23_restored,Active,28/3/2016 09:21
INC0000570__6,1710,closure,INC0000570,True,INC0000570__5,0.033333333333333354,0.0,-0.033333333333333354,complete,0,1,Category 23,Category 23_restored,Active,28/3/2016 09:22
INC0000570__7,1711,closure,INC0000570,True,INC0000570__6,0.0,0.0,0.0,complete,0,1,Category 23,Category 23_restored,Resolved,28/3/2016 09:22
INC0000571__0,1712,source,INC0000571,False,,0.44999999999999996,0.44999999999999996,0.0,none,0,0,Category 53,Category 53,New,1/3/2016 09:52
INC0000571__1,1713,closure,INC0000571,True,INC0000571__0,0.44999999999999996,0.44999999999999996,0.0,complete,0,1,Category 53,Category 53_restored,Active,1/3/2016 09:53
INC0000571__2,1714,closure,INC0000571,True,INC0000571__1,0.44999999999999996,0.39999999999999997,-0.04999999999999999,complete,0,1,Category 53,Category 53_restored,Active,1/3/2016 11:57
INC0000571__3,1715,closure,INC0000571,True,INC0000571__2,0.39999999999999997,0.35,-0.04999999999999999,complete,0,1,Category 53,Category 53_restored,Active,1/3/2016 12:26
INC0000571__4,1716,closure,INC0000571,True,INC0000571__3,0.35,0.3,-0.04999999999999999,complete,0,1,Category 53,Category 53_restored,Resolved,1/3/2016 12:26
INC0000571__5,1717,closure,INC0000571,True,INC0000571__4,0.3,0.25,-0.04999999999999999,complete,0,1,Category 53,Category 53_restored,Closed,6/3/2016 13:00
INC0000572__0,1718,source,INC0000572,False,,0.44999999999999996,0.44999999999999996,0.0,none,0,0,Category 61,Category 61,New,1/3/2016 09:50
INC0000572__1,1719,closure,INC0000572,True,INC0000572__0,0.44999999999999996,0.39999999999999997,-0.04999999999999999,complete,0,1,Category 61,Category 61_restored,New,1/3/2016 16:25
INC0000572__2,1720,closure,INC0000572,True,INC0000572__1,0.39999999999999997,0.35,-0.04999999999999999,complete,0,1,Category 61,Category 61_restored,New,2/3/2016 17:16
INC0000572__3,1721,closure,INC0000572,True,INC0000572__2,0.35,0.3,-0.04999999999999999,complete,0,1,Category 61,Category 61_restored,Active,7/3/2016 17:30
INC0000572__4,1722,closure,INC0000572,True,INC0000572__3,0.3,0.25,-0.04999999999999999,complete,0,1,Category 61,Category 61_restored,Active,8/3/2016 09:31
INC0000572__5,1723,closure,INC0000572,True,INC0000572__4,0.25,0.2,-0.04999999999999999,complete,0,1,Category 61,Category 61_restored,Active,11/3/2016 11:02
INC0000572__6,1724,closure,INC0000572,True,INC0000572__5,0.2,0.15000000000000002,-0.04999999999999999,complete,0,1,Category 61,Category 61_restored,Active,14/3/2016 16:11
INC0000572__7,1725,closure,INC0000572,True,INC0000572__6,0.15000000000000002,0.10000000000000002,-0.05,complete,0,1,Category 61,Category 61_restored,Active,17/3/2016 16:21
INC0000572__8,1726,closure,INC0000572,True,INC0000572__7,0.10000000000000002,0.05000000000000002,-0.05,complete,0,1,Category 61,Category 61_restored,Active,29/3/2016 10:02
INC0000572__9,1727,closure,INC0000572,True,INC0000572__8,0.05000000000000002,1.3877787807814457e-17,-0.05,complete,0,1,Category 61,Category 61_restored,Awaiting User Info,13/4/2016 09:57
INC0000572__10,1728,closure,INC0000572,True,INC0000572__9,1.3877787807814457e-17,0.0,-1.3877787807814457e-17,complete,0,1,Category 61,Category 61_restored,Resolved,19/4/2016 15:45
INC0000572__11,1729,closure,INC0000572,True,INC0000572__10,0.0,0.0,0.0,complete,0,1,Category 61,Category 61_restored,Closed,24/4/2016 16:07
INC0000574__0,1730,source,INC0000574,False,,0.23333333333333334,0.23333333333333334,0.0,none,0,0,Category 53,Category 53,New,1/3/2016 10:10
INC0000574__1,1731,closure,INC0000574,True,INC0000574__0,0.23333333333333334,0.23333333333333334,0.0,complete,0,1,Category 53,Category 53_restored,Active,1/3/2016 16:18
INC0000574__2,1732,closure,INC0000574,True,INC0000574__1,0.23333333333333334,0.23333333333333334,0.0,complete,0,1,Category 53,Category 53_restored,Active,1/3/2016 16:58
INC0000574__3,1733,closure,INC0000574,True,INC0000574__2,0.23333333333333334,0.23333333333333334,0.0,complete,0,1,Category 53,Category 53_restored,Awaiting User Info,1/3/2016 16:59
INC0000574__4,1734,closure,INC0000574,True,INC0000574__3,0.23333333333333334,0.23333333333333334,0.0,complete,0,1,Category 53,Category 53_restored,Active,7/3/2016 16:14
INC0000574__5,1735,closure,INC0000574,True,INC0000574__4,0.23333333333333334,0.23333333333333334,0.0,complete,0,1,Category 53,Category 53_restored,Resolved,7/3/2016 16:16
INC0000574__6,1736,closure,INC0000574,True,INC0000574__5,0.23333333333333334,0.18333333333333335,-0.04999999999999999,complete,0,1,Category 53,Category 53_restored,Closed,24/3/2016 18:40
INC0000576__0,1737,source,INC0000576,False,,0.6,0.6,0.0,none,0,0,Category 26,Category 26,New,1/3/2016 10:00
INC0000576__1,1738,closure,INC0000576,True,INC0000576__0,0.6,0.6,0.0,complete,0,1,Category 26,Category 26_restored,Active,2/3/2016 09:19
INC0000576__2,1739,closure,INC0000576,True,INC0000576__1,0.6,0.6,0.0,complete,0,1,Category 26,Category 26_restored,Active,3/3/2016 15:54
INC0000576__3,1740,closure,INC0000576,True,INC0000576__2,0.6,0.6,0.0,complete,0,1,Category 26,Category 26_restored,Active,3/3/2016 15:55
INC0000576__4,1741,closure,INC0000576,True,INC0000576__3,0.6,0.6,0.0,complete,0,1,Category 26,Category 26_restored,Resolved,3/3/2016 15:55
INC0000576__5,1742,closure,INC0000576,True,INC0000576__4,0.6,0.5499999999999999,-0.050000000000000044,complete,0,1,Category 26,Category 26_restored,Closed,8/3/2016 16:00
INC0000577__0,1743,source,INC0000577,False,,0.44999999999999996,0.44999999999999996,0.0,none,0,0,Category 9,Category 9,New,1/3/2016 09:57
INC0000577__1,1744,closure,INC0000577,True,INC0000577__0,0.44999999999999996,0.39999999999999997,-0.04999999999999999,complete,0,1,Category 9,Category 9_restored,New,1/3/2016 16:23
INC0000577__2,1745,closure,INC0000577,True,INC0000577__1,0.39999999999999997,0.35,-0.04999999999999999,complete,0,1,Category 9,Category 9_restored,Active,2/3/2016 17:18
INC0000577__3,1746,closure,INC0000577,True,INC0000577__2,0.35,0.3,-0.04999999999999999,complete,0,1,Category 9,Category 9_restored,Active,7/3/2016 12:21
INC0000577__4,1747,closure,INC0000577,True,INC0000577__3,0.3,0.25,-0.04999999999999999,complete,0,1,Category 9,Category 9_restored,Active,7/3/2016 12:21
INC0000577__5,1748,closure,INC0000577,True,INC0000577__4,0.25,0.2,-0.04999999999999999,complete,0,1,Category 9,Category 9_restored,Active,8/3/2016 16:04
INC0000577__6,1749,closure,INC0000577,True,INC0000577__5,0.2,0.15000000000000002,-0.04999999999999999,complete,0,1,Category 9,Category 9_restored,Active,9/3/2016 12:02
INC0000577__7,1750,closure,INC0000577,True,INC0000577__6,0.15000000000000002,0.10000000000000002,-0.05,complete,0,1,Category 9,Category 9_restored,Active,11/3/2016 08:28
INC0000577__8,1751,closure,INC0000577,True,INC0000577__7,0.10000000000000002,0.05000000000000002,-0.05,complete,0,1,Category 9,Category 9_restored,Active,16/3/2016 14:17
INC0000577__9,1752,closure,INC0000577,True,INC0000577__8,0.05000000000000002,1.3877787807814457e-17,-0.05,complete,0,1,Category 9,Category 9_restored,Active,17/3/2016 10:31
INC0000577__10,1753,closure,INC0000577,True,INC0000577__9,1.3877787807814457e-17,0.0,-1.3877787807814457e-17,complete,0,1,Category 9,Category 9_restored,Active,17/3/2016 10:32
INC0000577__11,1754,closure,INC0000577,True,INC0000577__10,0.0,0.0,0.0,complete,0,1,Category 9,Category 9_restored,Resolved,17/3/2016 10:32
INC0000577__12,1755,closure,INC0000577,True,INC0000577__11,0.0,0.0,0.0,complete,0,1,Category 9,Category 9_restored,Closed,24/3/2016 18:59
INC0000579__0,1756,source,INC0000579,False,,0.44999999999999996,0.44999999999999996,0.0,none,0,0,Category 32,Category 32,New,1/3/2016 09:57
INC0000579__1,1757,closure,INC0000579,True,INC0000579__0,0.44999999999999996,0.39999999999999997,-0.04999999999999999,complete,0,1,Category 32,Category 32_restored,New,2/3/2016 01:41
INC0000579__2,1758,closure,INC0000579,True,INC0000579__1,0.39999999999999997,0.35,-0.04999999999999999,complete,0,1,Category 32,Category 32_restored,New,3/3/2016 11:13
INC0000579__3,1759,closure,INC0000579,True,INC0000579__2,0.35,0.3,-0.04999999999999999,complete,0,1,Category 32,Category 32_restored,New,3/3/2016 11:45
INC0000579__4,1760,closure,INC0000579,True,INC0000579__3,0.3,0.25,-0.04999999999999999,complete,0,1,Category 32,Category 32_restored,New,3/3/2016 12:22
INC0000579__5,1761,closure,INC0000579,True,INC0000579__4,0.25,0.2,-0.04999999999999999,complete,0,1,Category 32,Category 32_restored,Resolved,3/3/2016 18:34
INC0000579__6,1762,closure,INC0000579,True,INC0000579__5,0.2,0.15000000000000002,-0.04999999999999999,complete,0,1,Category 32,Category 32_restored,Closed,8/3/2016 19:00
INC0000583__0,1763,source,INC0000583,False,,0.44999999999999996,0.44999999999999996,0.0,none,0,0,Category 32,Category 32,New,1/3/2016 10:04
INC0000583__1,1764,closure,INC0000583,True,INC0000583__0,0.44999999999999996,0.44999999999999996,0.0,complete,0,1,Category 32,Category 32_restored,New,1/3/2016 10:08
INC0000583__2,1765,closure,INC0000583,True,INC0000583__1,0.44999999999999996,0.44999999999999996,0.0,complete,0,1,Category 32,Category 32_restored,Resolved,1/3/2016 21:50
INC0000583__3,1766,closure,INC0000583,True,INC0000583__2,0.44999999999999996,0.35,-0.09999999999999998,complete,0,1,Category 32,Category 32_restored,Closed,6/3/2016 22:00
INC0000588__0,1767,source,INC0000588,False,,0.44999999999999996,0.44999999999999996,0.0,none,0,0,Category 40,Category 40,New,1/3/2016 10:10
INC0000588__1,1768,closure,INC0000588,True,INC0000588__0,0.44999999999999996,0.44999999999999996,0.0,complete,0,1,Category 40,Category 40_restored,New,1/3/2016 10:38
INC0000588__2,1769,closure,INC0000588,True,INC0000588__1,0.44999999999999996,0.44999999999999996,0.0,complete,0,1,Category 40,Category 40_restored,Resolved,1/3/2016 10:39
INC0000588__3,1770,closure,INC0000588,True,INC0000588__2,0.44999999999999996,0.35,-0.09999999999999998,complete,0,1,Category 40,Category 40_restored,Closed,6/3/2016 11:00
INC0000590__0,1771,source,INC0000590,False,,0.23333333333333334,0.23333333333333334,0.0,none,0,0,Category 53,Category 53,New,1/3/2016 10:15
INC0000590__1,1772,closure,INC0000590,True,INC0000590__0,0.23333333333333334,0.18333333333333335,-0.04999999999999999,complete,0,1,Category 53,Category 53_restored,New,1/3/2016 19:14
INC0000590__2,1773,closure,INC0000590,True,INC0000590__1,0.18333333333333335,0.13333333333333336,-0.04999999999999999,complete,0,1,Category 53,Category 53_restored,New,2/3/2016 16:36
INC0000590__3,1774,closure,INC0000590,True,INC0000590__2,0.13333333333333336,0.08333333333333336,-0.05,complete,0,1,Category 53,Category 53_restored,Active,2/3/2016 16:41
INC0000590__4,1775,closure,INC0000590,True,INC0000590__3,0.08333333333333336,0.033333333333333354,-0.05,complete,0,1,Category 53,Category 53_restored,Awaiting User Info,2/3/2016 16:44
INC0000590__5,1776,closure,INC0000590,True,INC0000590__4,0.033333333333333354,0.0,-0.033333333333333354,complete,0,1,Category 53,Category 53_restored,Awaiting User Info,3/3/2016 08:18
INC0000590__6,1777,closure,INC0000590,True,INC0000590__5,0.0,0.0,0.0,complete,0,1,Category 53,Category 53_restored,Awaiting User Info,3/3/2016 08:18
INC0000590__7,1778,closure,INC0000590,True,INC0000590__6,0.0,0.0,0.0,complete,0,1,Category 53,Category 53_restored,Awaiting User Info,3/3/2016 10:39
INC0000590__8,1779,closure,INC0000590,True,INC0000590__7,0.0,0.0,0.0,complete,0,1,Category 53,Category 53_restored,Resolved,3/3/2016 10:40
INC0000590__9,1780,closure,INC0000590,True,INC0000590__8,0.0,0.0,0.0,complete,0,1,Category 53,Category 53_restored,Closed,8/3/2016 11:00
INC0000591__0,1781,source,INC0000591,False,,0.44999999999999996,0.44999999999999996,0.0,none,0,0,Category 34,Category 34,New,1/3/2016 10:12
INC0000591__1,1782,closure,INC0000591,True,INC0000591__0,0.44999999999999996,0.44999999999999996,0.0,complete,0,1,Category 34,Category 34_restored,Active,1/3/2016 11:02
INC0000591__2,1783,closure,INC0000591,True,INC0000591__1,0.44999999999999996,0.44999999999999996,0.0,complete,0,1,Category 34,Category 34_restored,Active,1/3/2016 11:51
INC0000591__3,1784,closure,INC0000591,True,INC0000591__2,0.44999999999999996,0.44999999999999996,0.0,complete,0,1,Category 34,Category 34_restored,Active,1/3/2016 11:54
INC0000591__4,1785,closure,INC0000591,True,INC0000591__3,0.44999999999999996,0.39999999999999997,-0.04999999999999999,complete,0,1,Category 34,Category 34_restored,Active,1/3/2016 12:02
INC0000591__5,1786,closure,INC0000591,True,INC0000591__4,0.39999999999999997,0.35,-0.04999999999999999,complete,0,1,Category 34,Category 34_restored,Active,1/3/2016 13:53
INC0000591__6,1787,closure,INC0000591,True,INC0000591__5,0.35,0.3,-0.04999999999999999,complete,0,1,Category 34,Category 34_restored,Active,2/3/2016 14:01
INC0000591__7,1788,closure,INC0000591,True,INC0000591__6,0.3,0.25,-0.04999999999999999,complete,0,1,Category 34,Category 34_restored,Active,9/3/2016 12:02
INC0000591__8,1789,closure,INC0000591,True,INC0000591__7,0.25,0.2,-0.04999999999999999,complete,0,1,Category 34,Category 34_restored,Active,14/3/2016 17:02
INC0000591__9,1790,closure,INC0000591,True,INC0000591__8,0.2,0.15000000000000002,-0.04999999999999999,complete,0,1,Category 34,Category 34_restored,Active,15/3/2016 12:15
INC0000591__10,1791,closure,INC0000591,True,INC0000591__9,0.15000000000000002,0.10000000000000002,-0.05,complete,0,1,Category 34,Category 34_restored,Active,23/3/2016 09:27
INC0000591__11,1792,closure,INC0000591,True,INC0000591__10,0.10000000000000002,0.05000000000000002,-0.05,complete,0,1,Category 34,Category 34_restored,Awaiting User Info,23/3/2016 14:32
INC0000591__12,1793,closure,INC0000591,True,INC0000591__11,0.05000000000000002,1.3877787807814457e-17,-0.05,complete,0,1,Category 34,Category 34_restored,Awaiting User Info,24/3/2016 11:14
INC0000591__13,1794,closure,INC0000591,True,INC0000591__12,1.3877787807814457e-17,0.0,-1.3877787807814457e-17,complete,0,1,Category 34,Category 34_restored,Awaiting User Info,24/3/2016 12:10
INC0000591__14,1795,closure,INC0000591,True,INC0000591__13,0.0,0.0,0.0,complete,0,1,Category 34,Category 34_restored,Resolved,24/3/2016 12:11
INC0000591__15,1796,closure,INC0000591,True,INC0000591__14,0.0,0.0,0.0,complete,0,1,Category 34,Category 34_restored,Closed,29/3/2016 12:59
INC0000592__0,1797,source,INC0000592,False,,0.44999999999999996,0.44999999999999996,0.0,none,0,0,Category 30,Category 30,New,1/3/2016 10:16
INC0000592__1,1798,closure,INC0000592,True,INC0000592__0,0.44999999999999996,0.39999999999999997,-0.04999999999999999,complete,0,1,Category 26,Category 26_restored,New,1/3/2016 10:26
INC0000592__2,1799,closure,INC0000592,True,INC0000592__1,0.39999999999999997,0.35,-0.04999999999999999,complete,0,1,Category 26,Category 26_restored,New,1/3/2016 10:26
INC0000592__3,1800,closure,INC0000592,True,INC0000592__2,0.35,0.3,-0.04999999999999999,complete,0,1,Category 26,Category 26_restored,New,1/3/2016 14:15
INC0000592__4,1801,closure,INC0000592,True,INC0000592__3,0.3,0.25,-0.04999999999999999,complete,0,1,Category 26,Category 26_restored,Active,2/3/2016 09:06
INC0000592__5,1802,closure,INC0000592,True,INC0000592__4,0.25,0.2,-0.04999999999999999,complete,0,1,Category 26,Category 26_restored,Active,3/3/2016 08:49
INC0000592__6,1803,closure,INC0000592,True,INC0000592__5,0.2,0.15000000000000002,-0.04999999999999999,complete,0,1,Category 26,Category 26_restored,Active,3/3/2016 13:49
INC0000592__7,1804,closure,INC0000592,True,INC0000592__6,0.15000000000000002,0.10000000000000002,-0.05,complete,0,1,Category 26,Category 26_restored,Active,3/3/2016 13:49
INC0000592__8,1805,closure,INC0000592,True,INC0000592__7,0.10000000000000002,0.05000000000000002,-0.05,complete,0,1,Category 26,Category 26_restored,Awaiting User Info,3/3/2016 13:50
INC0000592__9,1806,closure,INC0000592,True,INC0000592__8,0.05000000000000002,1.3877787807814457e-17,-0.05,complete,0,1,Category 26,Category 26_restored,Awaiting User Info,4/3/2016 17:48
INC0000592__10,1807,closure,INC0000592,True,INC0000592__9,1.3877787807814457e-17,0.0,-1.3877787807814457e-17,complete,0,1,Category 26,Category 26_restored,Resolved,4/3/2016 17:48
INC0000592__11,1808,closure,INC0000592,True,INC0000592__10,0.0,0.0,0.0,complete,0,1,Category 26,Category 26_restored,Closed,9/3/2016 18:00
INC0000594__0,1809,source,INC0000594,False,,0.6,0.6,0.0,none,0,0,Category 55,Category 55,Active,1/3/2016 11:03
INC0000594__1,1810,closure,INC0000594,True,INC0000594__0,0.6,0.5499999999999999,-0.050000000000000044,complete,0,1,Category 55,Category 55_restored,Active,1/3/2016 12:10
INC0000594__2,1811,closure,INC0000594,True,INC0000594__1,0.5499999999999999,0.44999999999999996,-0.09999999999999998,complete,0,1,Category 55,Category 55_restored,Active,3/3/2016 14:54
INC0000594__3,1812,closure,INC0000594,True,INC0000594__2,0.44999999999999996,0.44999999999999996,0.0,complete,0,1,Category 55,Category 55_restored,Awaiting User Info,8/3/2016 09:24
INC0000594__4,1813,closure,INC0000594,True,INC0000594__3,0.44999999999999996,0.44999999999999996,0.0,complete,0,1,Category 55,Category 55_restored,Resolved,17/3/2016 11:11
INC0000594__5,1814,closure,INC0000594,True,INC0000594__4,0.44999999999999996,0.39999999999999997,-0.04999999999999999,complete,0,1,Category 55,Category 55_restored,Closed,24/3/2016 18:59
INC0000595__0,1815,source,INC0000595,False,,0.44999999999999996,0.44999999999999996,0.0,none,0,0,Category 53,Category 53,New,1/3/2016 10:16
INC0000595__1,1816,closure,INC0000595,True,INC0000595__0,0.44999999999999996,0.39999999999999997,-0.04999999999999999,complete,0,1,Category 53,Category 53_restored,New,2/3/2016 01:43
INC0000595__2,1817,closure,INC0000595,True,INC0000595__1,0.39999999999999997,0.35,-0.04999999999999999,complete,0,1,Category 53,Category 53_restored,New,3/3/2016 17:59
INC0000595__3,1818,closure,INC0000595,True,INC0000595__2,0.35,0.3,-0.04999999999999999,complete,0,1,Category 53,Category 53_restored,New,3/3/2016 17:59
INC0000595__4,1819,closure,INC0000595,True,INC0000595__3,0.3,0.25,-0.04999999999999999,complete,0,1,Category 53,Category 53_restored,New,3/3/2016 18:48
INC0000595__5,1820,closure,INC0000595,True,INC0000595__4,0.25,0.2,-0.04999999999999999,complete,0,1,Category 53,Category 53_restored,Awaiting User Info,3/3/2016 18:49
INC0000595__6,1821,closure,INC0000595,True,INC0000595__5,0.2,0.15000000000000002,-0.04999999999999999,complete,0,1,Category 53,Category 53_restored,Resolved,9/3/2016 14:19
INC0000595__7,1822,closure,INC0000595,True,INC0000595__6,0.15000000000000002,0.10000000000000002,-0.05,complete,0,1,Category 53,Category 53_restored,Resolved,17/3/2016 17:57
INC0000595__8,1823,closure,INC0000595,True,INC0000595__7,0.10000000000000002,0.05000000000000002,-0.05,complete,0,1,Category 53,Category 53_restored,Closed,24/3/2016 18:59
INC0000596__0,1824,source,INC0000596,False,,0.44999999999999996,0.44999999999999996,0.0,none,0,0,Category 30,Category 30,New,1/3/2016 10:18
INC0000596__1,1825,closure,INC0000596,True,INC0000596__0,0.44999999999999996,0.44999999999999996,0.0,complete,0,1,Category 30,Category 30_restored,Active,1/3/2016 10:21
INC0000596__2,1826,closure,INC0000596,True,INC0000596__1,0.44999999999999996,0.39999999999999997,-0.04999999999999999,complete,0,1,Category 26,Category 26_restored,Active,1/3/2016 10:27
INC0000596__3,1827,closure,INC0000596,True,INC0000596__2,0.39999999999999997,0.35,-0.04999999999999999,complete,0,1,Category 26,Category 26_restored,Active,1/3/2016 19:05
INC0000596__4,1828,closure,INC0000596,True,INC0000596__3,0.35,0.3,-0.04999999999999999,complete,0,1,Category 26,Category 26_restored,Active,2/3/2016 08:40
INC0000596__5,1829,closure,INC0000596,True,INC0000596__4,0.3,0.25,-0.04999999999999999,complete,0,1,Category 26,Category 26_restored,Resolved,2/3/2016 08:40
INC0000596__6,1830,closure,INC0000596,True,INC0000596__5,0.25,0.2,-0.04999999999999999,complete,0,1,Category 26,Category 26_restored,Closed,7/3/2016 09:00
INC0000597__0,1831,source,INC0000597,False,,0.44999999999999996,0.44999999999999996,0.0,none,0,0,Category 9,Category 9,New,1/3/2016 10:29
INC0000597__1,1832,closure,INC0000597,True,INC0000597__0,0.44999999999999996,0.39999999999999997,-0.04999999999999999,complete,0,1,Category 9,Category 9_restored,New,1/3/2016 15:30
INC0000597__2,1833,closure,INC0000597,True,INC0000597__1,0.39999999999999997,0.35,-0.04999999999999999,complete,0,1,Category 9,Category 9_restored,New,1/3/2016 16:10
INC0000597__3,1834,closure,INC0000597,True,INC0000597__2,0.35,0.3,-0.04999999999999999,complete,0,1,Category 9,Category 9_restored,New,1/3/2016 17:08
INC0000597__4,1835,closure,INC0000597,True,INC0000597__3,0.3,0.25,-0.04999999999999999,complete,0,1,Category 9,Category 9_restored,Active,1/3/2016 17:10
INC0000597__5,1836,closure,INC0000597,True,INC0000597__4,0.25,0.2,-0.04999999999999999,complete,0,1,Category 9,Category 9_restored,Active,3/3/2016 08:13
INC0000597__6,1837,closure,INC0000597,True,INC0000597__5,0.2,0.15000000000000002,-0.04999999999999999,complete,0,1,Category 9,Category 9_restored,Active,3/3/2016 08:15
INC0000597__7,1838,closure,INC0000597,True,INC0000597__6,0.15000000000000002,0.10000000000000002,-0.05,complete,0,1,Category 9,Category 9_restored,Active,3/3/2016 08:16
INC0000597__8,1839,closure,INC0000597,True,INC0000597__7,0.10000000000000002,0.05000000000000002,-0.05,complete,0,1,Category 9,Category 9_restored,Resolved,3/3/2016 08:16
INC0000597__9,1840,closure,INC0000597,True,INC0000597__8,0.05000000000000002,1.3877787807814457e-17,-0.05,complete,0,1,Category 9,Category 9_restored,Closed,8/3/2016 09:00
INC0000598__0,1841,source,INC0000598,False,,0.44999999999999996,0.44999999999999996,0.0,none,0,0,Category 53,Category 53,New,1/3/2016 10:26
INC0000598__1,1842,closure,INC0000598,True,INC0000598__0,0.44999999999999996,0.44999999999999996,0.0,complete,0,1,Category 53,Category 53_restored,New,3/3/2016 15:48
INC0000598__2,1843,closure,INC0000598,True,INC0000598__1,0.44999999999999996,0.44999999999999996,0.0,complete,0,1,Category 53,Category 53_restored,Awaiting User Info,3/3/2016 15:49
INC0000598__3,1844,closure,INC0000598,True,INC0000598__2,0.44999999999999996,0.44999999999999996,0.0,complete,0,1,Category 53,Category 53_restored,Awaiting User Info,3/3/2016 18:25
INC0000598__4,1845,closure,INC0000598,True,INC0000598__3,0.44999999999999996,0.44999999999999996,0.0,complete,0,1,Category 53,Category 53_restored,Resolved,3/3/2016 18:28
INC0000598__5,1846,closure,INC0000598,True,INC0000598__4,0.44999999999999996,0.35,-0.09999999999999998,complete,0,1,Category 53,Category 53_restored,Closed,8/3/2016 19:00
INC0000599__0,1847,source,INC0000599,False,,0.44999999999999996,0.44999999999999996,0.0,none,0,0,Category 24,Category 24,New,1/3/2016 10:26
INC0000599__1,1848,closure,INC0000599,True,INC0000599__0,0.44999999999999996,0.44999999999999996,0.0,complete,0,1,Category 24,Category 24_restored,New,1/3/2016 10:27
INC0000599__2,1849,closure,INC0000599,True,INC0000599__1,0.44999999999999996,0.44999999999999996,0.0,complete,0,1,Category 24,Category 24_restored,Active,1/3/2016 15:01
INC0000599__3,1850,closure,INC0000599,True,INC0000599__2,0.44999999999999996,0.44999999999999996,0.0,complete,0,1,Category 24,Category 24_restored,Active,1/3/2016 15:03
INC0000599__4,1851,closure,INC0000599,True,INC0000599__3,0.44999999999999996,0.44999999999999996,0.0,complete,0,1,Category 24,Category 24_restored,Active,1/3/2016 21:05
INC0000599__5,1852,closure,INC0000599,True,INC0000599__4,0.44999999999999996,0.44999999999999996,0.0,complete,0,1,Category 24,Category 24_restored,Awaiting Problem,1/3/2016 21:06
INC0000599__6,1853,closure,INC0000599,True,INC0000599__5,0.44999999999999996,0.44999999999999996,0.0,complete,0,1,Category 24,Category 24_restored,Awaiting Problem,4/3/2016 08:46
INC0000599__7,1854,closure,INC0000599,True,INC0000599__6,0.44999999999999996,0.44999999999999996,0.0,complete,0,1,Category 24,Category 24_restored,Awaiting Problem,7/3/2016 10:26
INC0000599__8,1855,closure,INC0000599,True,INC0000599__7,0.44999999999999996,0.44999999999999996,0.0,complete,0,1,Category 24,Category 24_restored,Awaiting Problem,7/3/2016 19:33
INC0000599__9,1856,closure,INC0000599,True,INC0000599__8,0.44999999999999996,0.44999999999999996,0.0,complete,0,1,Category 24,Category 24_restored,Resolved,14/3/2016 18:13
INC0000599__10,1857,closure,INC0000599,True,INC0000599__9,0.44999999999999996,0.39999999999999997,-0.04999999999999999,complete,0,1,Category 24,Category 24_restored,Closed,24/3/2016 18:50
INC0000600__0,1858,source,INC0000600,False,,0.23333333333333334,0.23333333333333334,0.0,none,0,0,Category 32,Category 32,New,1/3/2016 10:33
INC0000600__1,1859,closure,INC0000600,True,INC0000600__0,0.23333333333333334,0.18333333333333335,-0.04999999999999999,complete,0,1,Category 32,Category 32_restored,New,2/3/2016 01:45
INC0000600__2,1860,closure,INC0000600,True,INC0000600__1,0.18333333333333335,0.13333333333333336,-0.04999999999999999,complete,0,1,Category 32,Category 32_restored,Active,2/3/2016 10:50
INC0000600__3,1861,closure,INC0000600,True,INC0000600__2,0.13333333333333336,0.08333333333333336,-0.05,complete,0,1,Category 32,Category 32_restored,Resolved,2/3/2016 19:33
INC0000600__4,1862,closure,INC0000600,True,INC0000600__3,0.08333333333333336,0.033333333333333354,-0.05,complete,0,1,Category 32,Category 32_restored,Closed,7/3/2016 20:00
INC0000602__0,1863,source,INC0000602,False,,0.44999999999999996,0.44999999999999996,0.0,none,0,0,Category 35,Category 35,New,1/3/2016 10:39
INC0000602__1,1864,closure,INC0000602,True,INC0000602__0,0.44999999999999996,0.44999999999999996,0.0,complete,0,1,Category 35,Category 35_restored,New,1/3/2016 11:45
INC0000602__2,1865,closure,INC0000602,True,INC0000602__1,0.44999999999999996,0.39999999999999997,-0.04999999999999999,complete,0,1,Category 35,Category 35_restored,New,1/3/2016 11:46
INC0000602__3,1866,closure,INC0000602,True,INC0000602__2,0.39999999999999997,0.35,-0.04999999999999999,complete,0,1,Category 35,Category 35_restored,Active,2/3/2016 10:02
INC0000602__4,1867,closure,INC0000602,True,INC0000602__3,0.35,0.3,-0.04999999999999999,complete,0,1,Category 35,Category 35_restored,Active,2/3/2016 10:03
INC0000602__5,1868,closure,INC0000602,True,INC0000602__4,0.3,0.25,-0.04999999999999999,complete,0,1,Category 35,Category 35_restored,Active,2/3/2016 10:07
INC0000602__6,1869,closure,INC0000602,True,INC0000602__5,0.25,0.2,-0.04999999999999999,complete,0,1,Category 35,Category 35_restored,Awaiting User Info,2/3/2016 20:07
INC0000602__7,1870,closure,INC0000602,True,INC0000602__6,0.2,0.15000000000000002,-0.04999999999999999,complete,0,1,Category 35,Category 35_restored,Awaiting User Info,2/3/2016 20:07
INC0000602__8,1871,closure,INC0000602,True,INC0000602__7,0.15000000000000002,0.10000000000000002,-0.05,complete,0,1,Category 35,Category 35_restored,Resolved,7/3/2016 09:55
INC0000602__9,1872,closure,INC0000602,True,INC0000602__8,0.10000000000000002,0.05000000000000002,-0.05,complete,0,1,Category 35,Category 35_restored,Closed,24/3/2016 18:40
INC0000603__0,1873,source,INC0000603,False,,0.23333333333333334,0.23333333333333334,0.0,none,0,0,Category 9,Category 9,New,1/3/2016 10:39
INC0000603__1,1874,closure,INC0000603,True,INC0000603__0,0.23333333333333334,0.23333333333333334,0.0,complete,0,1,Category 9,Category 9_restored,New,1/3/2016 10:39
INC0000603__2,1875,closure,INC0000603,True,INC0000603__1,0.23333333333333334,0.18333333333333335,-0.04999999999999999,complete,0,1,Category 9,Category 9_restored,New,1/3/2016 13:20
INC0000603__3,1876,closure,INC0000603,True,INC0000603__2,0.18333333333333335,0.13333333333333336,-0.04999999999999999,complete,0,1,Category 9,Category 9_restored,New,3/3/2016 14:31
INC0000603__4,1877,closure,INC0000603,True,INC0000603__3,0.13333333333333336,0.08333333333333336,-0.05,complete,0,1,Category 9,Category 9_restored,New,3/3/2016 14:31
INC0000603__5,1878,closure,INC0000603,True,INC0000603__4,0.08333333333333336,0.033333333333333354,-0.05,complete,0,1,Category 9,Category 9_restored,New,3/3/2016 16:34
INC0000603__6,1879,closure,INC0000603,True,INC0000603__5,0.033333333333333354,0.0,-0.033333333333333354,complete,0,1,Category 9,Category 9_restored,Resolved,3/3/2016 16:34
INC0000603__7,1880,closure,INC0000603,True,INC0000603__6,0.0,0.0,0.0,complete,0,1,Category 9,Category 9_restored,Closed,8/3/2016 17:00
INC0000605__0,1881,source,INC0000605,False,,0.44999999999999996,0.44999999999999996,0.0,none,0,0,Category 53,Category 53,New,1/3/2016 10:38
INC0000605__1,1882,closure,INC0000605,True,INC0000605__0,0.44999999999999996,0.39999999999999997,-0.04999999999999999,complete,0,1,Category 53,Category 53_restored,New,2/3/2016 01:45
INC0000605__2,1883,closure,INC0000605,True,INC0000605__1,0.39999999999999997,0.35,-0.04999999999999999,complete,0,1,Category 53,Category 53_restored,Active,2/3/2016 09:38
INC0000605__3,1884,closure,INC0000605,True,INC0000605__2,0.35,0.3,-0.04999999999999999,complete,0,1,Category 53,Category 53_restored,Active,7/3/2016 14:18
INC0000605__4,1885,closure,INC0000605,True,INC0000605__3,0.3,0.25,-0.04999999999999999,complete,0,1,Category 53,Category 53_restored,Active,7/3/2016 14:20
INC0000605__5,1886,closure,INC0000605,True,INC0000605__4,0.25,0.2,-0.04999999999999999,complete,0,1,Category 53,Category 53_restored,Active,7/3/2016 21:33
INC0000605__6,1887,closure,INC0000605,True,INC0000605__5,0.2,0.15000000000000002,-0.04999999999999999,complete,0,1,Category 53,Category 53_restored,Awaiting User Info,7/3/2016 21:33
INC0000605__7,1888,closure,INC0000605,True,INC0000605__6,0.15000000000000002,0.10000000000000002,-0.05,complete,0,1,Category 53,Category 53_restored,Awaiting User Info,9/3/2016 14:22
INC0000605__8,1889,closure,INC0000605,True,INC0000605__7,0.10000000000000002,0.05000000000000002,-0.05,complete,0,1,Category 53,Category 53_restored,Resolved,9/3/2016 14:23
INC0000605__9,1890,closure,INC0000605,True,INC0000605__8,0.05000000000000002,1.3877787807814457e-17,-0.05,complete,0,1,Category 53,Category 53_restored,Resolved,17/3/2016 17:58
INC0000605__10,1891,closure,INC0000605,True,INC0000605__9,1.3877787807814457e-17,0.0,-1.3877787807814457e-17,complete,0,1,Category 53,Category 53_restored,Closed,24/3/2016 18:59
INC0000606__0,1892,source,INC0000606,False,,0.44999999999999996,0.44999999999999996,0.0,none,0,0,Category 23,Category 23,New,1/3/2016 11:00
INC0000606__1,1893,closure,INC0000606,True,INC0000606__0,0.44999999999999996,0.44999999999999996,0.0,complete,0,1,Category 23,Category 23_restored,Awaiting User Info,1/3/2016 19:59
INC0000606__2,1894,closure,INC0000606,True,INC0000606__1,0.44999999999999996,0.44999999999999996,0.0,complete,0,1,Category 23,Category 23_restored,Awaiting User Info,3/3/2016 16:20
INC0000606__3,1895,closure,INC0000606,True,INC0000606__2,0.44999999999999996,0.44999999999999996,0.0,complete,0,1,Category 23,Category 23_restored,Awaiting User Info,4/3/2016 13:03
INC0000606__4,1896,closure,INC0000606,True,INC0000606__3,0.44999999999999996,0.44999999999999996,0.0,complete,0,1,Category 23,Category 23_restored,Awaiting User Info,9/3/2016 14:26
INC0000606__5,1897,closure,INC0000606,True,INC0000606__4,0.44999999999999996,0.44999999999999996,0.0,complete,0,1,Category 23,Category 23_restored,Awaiting User Info,9/3/2016 15:02
INC0000606__6,1898,closure,INC0000606,True,INC0000606__5,0.44999999999999996,0.44999999999999996,0.0,complete,0,1,Category 23,Category 23_restored,Awaiting User Info,12/3/2016 11:13
INC0000606__7,1899,closure,INC0000606,True,INC0000606__6,0.44999999999999996,0.39999999999999997,-0.04999999999999999,complete,0,1,Category 23,Category 23_restored,Awaiting User Info,14/3/2016 18:58
INC0000606__8,1900,closure,INC0000606,True,INC0000606__7,0.39999999999999997,0.35,-0.04999999999999999,complete,0,1,Category 23,Category 23_restored,Resolved,17/3/2016 10:25
INC0000606__9,1901,closure,INC0000606,True,INC0000606__8,0.35,0.3,-0.04999999999999999,complete,0,1,Category 23,Category 23_restored,Closed,24/3/2016 18:59
INC0000607__0,1902,source,INC0000607,False,,0.44999999999999996,0.44999999999999996,0.0,none,0,0,Category 9,Category 9,New,1/3/2016 10:53
INC0000607__1,1903,closure,INC0000607,True,INC0000607__0,0.44999999999999996,0.39999999999999997,-0.04999999999999999,complete,0,1,Category 9,Category 9_restored,New,1/3/2016 18:48
INC0000607__2,1904,closure,INC0000607,True,INC0000607__1,0.39999999999999997,0.35,-0.04999999999999999,complete,0,1,Category 9,Category 9_restored,Active,2/3/2016 08:50
INC0000607__3,1905,closure,INC0000607,True,INC0000607__2,0.35,0.3,-0.04999999999999999,complete,0,1,Category 9,Category 9_restored,Active,2/3/2016 08:56
INC0000607__4,1906,closure,INC0000607,True,INC0000607__3,0.3,0.25,-0.04999999999999999,complete,0,1,Category 9,Category 9_restored,Active,2/3/2016 09:01
INC0000607__5,1907,closure,INC0000607,True,INC0000607__4,0.25,0.2,-0.04999999999999999,complete,0,1,Category 53,Category 53_restored,Awaiting User Info,2/3/2016 09:01
INC0000607__6,1908,closure,INC0000607,True,INC0000607__5,0.2,0.15000000000000002,-0.04999999999999999,complete,0,1,Category 53,Category 53_restored,Awaiting User Info,2/3/2016 10:51
INC0000607__7,1909,closure,INC0000607,True,INC0000607__6,0.15000000000000002,0.10000000000000002,-0.05,complete,0,1,Category 53,Category 53_restored,Awaiting User Info,2/3/2016 11:35
INC0000607__8,1910,closure,INC0000607,True,INC0000607__7,0.10000000000000002,0.05000000000000002,-0.05,complete,0,1,Category 53,Category 53_restored,Awaiting User Info,2/3/2016 11:37
INC0000607__9,1911,closure,INC0000607,True,INC0000607__8,0.05000000000000002,1.3877787807814457e-17,-0.05,complete,0,1,Category 53,Category 53_restored,Awaiting User Info,2/3/2016 14:30
INC0000607__10,1912,closure,INC0000607,True,INC0000607__9,1.3877787807814457e-17,0.0,-1.3877787807814457e-17,complete,0,1,Category 53,Category 53_restored,Resolved,2/3/2016 14:31
INC0000607__11,1913,closure,INC0000607,True,INC0000607__10,0.0,0.0,0.0,complete,0,1,Category 53,Category 53_restored,Closed,7/3/2016 15:00
INC0000609__0,1914,source,INC0000609,False,,0.44999999999999996,0.44999999999999996,0.0,none,0,0,Category 44,Category 44,Active,1/3/2016 10:43
INC0000609__1,1915,closure,INC0000609,True,INC0000609__0,0.44999999999999996,0.44999999999999996,0.0,complete,0,1,Category 44,Category 44_restored,Active,3/3/2016 11:57
INC0000609__2,1916,closure,INC0000609,True,INC0000609__1,0.44999999999999996,0.39999999999999997,-0.04999999999999999,complete,0,1,Category 44,Category 44_restored,Active,3/3/2016 15:37
INC0000609__3,1917,closure,INC0000609,True,INC0000609__2,0.39999999999999997,0.35,-0.04999999999999999,complete,0,1,Category 44,Category 44_restored,Active,3/3/2016 17:18
INC0000609__4,1918,closure,INC0000609,True,INC0000609__3,0.35,0.3,-0.04999999999999999,complete,0,1,Category 45,Category 45_restored,Active,7/3/2016 09:02
INC0000609__5,1919,closure,INC0000609,True,INC0000609__4,0.3,0.25,-0.04999999999999999,complete,0,1,Category 53,Category 53_restored,Active,7/3/2016 09:04
INC0000609__6,1920,closure,INC0000609,True,INC0000609__5,0.25,0.2,-0.04999999999999999,complete,0,1,Category 53,Category 53_restored,Active,7/3/2016 14:40
INC0000609__7,1921,closure,INC0000609,True,INC0000609__6,0.2,0.15000000000000002,-0.04999999999999999,complete,0,1,Category 53,Category 53_restored,Resolved,7/3/2016 14:42
INC0000609__8,1922,closure,INC0000609,True,INC0000609__7,0.15000000000000002,0.10000000000000002,-0.05,complete,0,1,Category 53,Category 53_restored,Resolved,17/3/2016 11:31
INC0000609__9,1923,closure,INC0000609,True,INC0000609__8,0.10000000000000002,0.05000000000000002,-0.05,complete,0,1,Category 53,Category 53_restored,Closed,24/3/2016 18:59
INC0000610__0,1924,source,INC0000610,False,,0.44999999999999996,0.44999999999999996,0.0,none,0,0,Category 53,Category 53,New,1/3/2016 10:46
INC0000610__1,1925,closure,INC0000610,True,INC0000610__0,0.44999999999999996,0.44999999999999996,0.0,complete,0,1,Category 53,Category 53_restored,New,1/3/2016 11:03
INC0000610__2,1926,closure,INC0000610,True,INC0000610__1,0.44999999999999996,0.39999999999999997,-0.04999999999999999,complete,0,1,Category 53,Category 53_restored,New,2/3/2016 01:46
INC0000610__3,1927,closure,INC0000610,True,INC0000610__2,0.39999999999999997,0.35,-0.04999999999999999,complete,0,1,Category 53,Category 53_restored,New,2/3/2016 10:49
INC0000610__4,1928,closure,INC0000610,True,INC0000610__3,0.35,0.3,-0.04999999999999999,complete,0,1,Category 53,Category 53_restored,Resolved,2/3/2016 11:13
INC0000610__5,1929,closure,INC0000610,True,INC0000610__4,0.3,0.25,-0.04999999999999999,complete,0,1,Category 53,Category 53_restored,Closed,7/3/2016 12:00
INC0000611__0,1930,source,INC0000611,False,,0.44999999999999996,0.44999999999999996,0.0,none,0,0,Category 20,Category 20,New,1/3/2016 10:55
INC0000611__1,1931,closure,INC0000611,True,INC0000611__0,0.44999999999999996,0.39999999999999997,-0.04999999999999999,complete,0,1,Category 20,Category 20_restored,New,1/3/2016 19:36
INC0000611__2,1932,closure,INC0000611,True,INC0000611__1,0.39999999999999997,0.35,-0.04999999999999999,complete,0,1,Category 20,Category 20_restored,New,2/3/2016 08:42
INC0000611__3,1933,closure,INC0000611,True,INC0000611__2,0.35,0.3,-0.04999999999999999,complete,0,1,Category 20,Category 20_restored,Active,2/3/2016 08:42
INC0000611__4,1934,closure,INC0000611,True,INC0000611__3,0.3,0.25,-0.04999999999999999,complete,0,1,Category 20,Category 20_restored,Active,2/3/2016 09:14
INC0000611__5,1935,closure,INC0000611,True,INC0000611__4,0.25,0.2,-0.04999999999999999,complete,0,1,Category 20,Category 20_restored,Resolved,2/3/2016 09:14
INC0000611__6,1936,closure,INC0000611,True,INC0000611__5,0.2,0.15000000000000002,-0.04999999999999999,complete,0,1,Category 20,Category 20_restored,Closed,7/3/2016 10:00
INC0000612__0,1937,source,INC0000612,False,,0.44999999999999996,0.44999999999999996,0.0,none,0,0,Category 53,Category 53,New,1/3/2016 10:52
INC0000612__1,1938,closure,INC0000612,True,INC0000612__0,0.44999999999999996,0.39999999999999997,-0.04999999999999999,complete,0,1,Category 53,Category 53_restored,New,2/3/2016 09:53
INC0000612__2,1939,closure,INC0000612,True,INC0000612__1,0.39999999999999997,0.35,-0.04999999999999999,complete,0,1,Category 53,Category 53_restored,Active,2/3/2016 10:54
INC0000612__3,1940,closure,INC0000612,True,INC0000612__2,0.35,0.3,-0.04999999999999999,complete,0,1,Category 53,Category 53_restored,Active,2/3/2016 10:57
INC0000612__4,1941,closure,INC0000612,True,INC0000612__3,0.3,0.25,-0.04999999999999999,complete,0,1,Category 53,Category 53_restored,Resolved,2/3/2016 10:58
INC0000612__5,1942,closure,INC0000612,True,INC0000612__4,0.25,0.2,-0.04999999999999999,complete,0,1,Category 53,Category 53_restored,Closed,7/3/2016 11:00
INC0000613__0,1943,source,INC0000613,False,,0.44999999999999996,0.44999999999999996,0.0,none,0,0,Category 53,Category 53,New,1/3/2016 11:02
INC0000613__1,1944,closure,INC0000613,True,INC0000613__0,0.44999999999999996,0.39999999999999997,-0.04999999999999999,complete,0,1,Category 53,Category 53_restored,New,2/3/2016 01:47
INC0000613__2,1945,closure,INC0000613,True,INC0000613__1,0.39999999999999997,0.35,-0.04999999999999999,complete,0,1,Category 53,Category 53_restored,New,2/3/2016 10:43
INC0000613__3,1946,closure,INC0000613,True,INC0000613__2,0.35,0.3,-0.04999999999999999,complete,0,1,Category 53,Category 53_restored,New,2/3/2016 11:17
INC0000613__4,1947,closure,INC0000613,True,INC0000613__3,0.3,0.25,-0.04999999999999999,complete,0,1,Category 53,Category 53_restored,Resolved,2/3/2016 11:18
INC0000613__5,1948,closure,INC0000613,True,INC0000613__4,0.25,0.2,-0.04999999999999999,complete,0,1,Category 53,Category 53_restored,Closed,7/3/2016 12:00
INC0000614__0,1949,source,INC0000614,False,,0.44999999999999996,0.44999999999999996,0.0,none,0,0,Category 9,Category 9,New,1/3/2016 11:00
INC0000614__1,1950,closure,INC0000614,True,INC0000614__0,0.44999999999999996,0.39999999999999997,-0.04999999999999999,complete,0,1,Category 9,Category 9_restored,New,2/3/2016 01:48
INC0000614__2,1951,closure,INC0000614,True,INC0000614__1,0.39999999999999997,0.35,-0.04999999999999999,complete,0,1,Category 9,Category 9_restored,New,2/3/2016 13:31
INC0000614__3,1952,closure,INC0000614,True,INC0000614__2,0.35,0.3,-0.04999999999999999,complete,0,1,Category 9,Category 9_restored,Active,2/3/2016 13:42
INC0000614__4,1953,closure,INC0000614,True,INC0000614__3,0.3,0.25,-0.04999999999999999,complete,0,1,Category 9,Category 9_restored,Active,2/3/2016 13:47
INC0000614__5,1954,closure,INC0000614,True,INC0000614__4,0.25,0.2,-0.04999999999999999,complete,0,1,Category 9,Category 9_restored,Active,2/3/2016 15:53
INC0000614__6,1955,closure,INC0000614,True,INC0000614__5,0.2,0.15000000000000002,-0.04999999999999999,complete,0,1,Category 9,Category 9_restored,Active,2/3/2016 15:56
INC0000614__7,1956,closure,INC0000614,True,INC0000614__6,0.15000000000000002,0.10000000000000002,-0.05,complete,0,1,Category 9,Category 9_restored,Resolved,2/3/2016 15:57
INC0000614__8,1957,closure,INC0000614,True,INC0000614__7,0.10000000000000002,0.05000000000000002,-0.05,complete,0,1,Category 9,Category 9_restored,Closed,7/3/2016 16:00
INC0000615__0,1958,source,INC0000615,False,,0.44999999999999996,0.44999999999999996,0.0,none,0,0,Category 45,Category 45,New,1/3/2016 11:02
INC0000615__1,1959,closure,INC0000615,True,INC0000615__0,0.44999999999999996,0.44999999999999996,0.0,complete,0,1,Category 45,Category 45_restored,New,1/3/2016 11:51
INC0000615__2,1960,closure,INC0000615,True,INC0000615__1,0.44999999999999996,0.44999999999999996,0.0,complete,0,1,Category 45,Category 45_restored,Resolved,1/3/2016 11:53
INC0000615__3,1961,closure,INC0000615,True,INC0000615__2,0.44999999999999996,0.35,-0.09999999999999998,complete,0,1,Category 45,Category 45_restored,Closed,6/3/2016 12:00
INC0000617__0,1962,source,INC0000617,False,,0.44999999999999996,0.44999999999999996,0.0,none,0,0,Category 53,Category 53,New,1/3/2016 11:06
INC0000617__1,1963,closure,INC0000617,True,INC0000617__0,0.44999999999999996,0.44999999999999996,0.0,complete,0,1,Category 53,Category 53_restored,New,1/3/2016 11:08
INC0000617__2,1964,closure,INC0000617,True,INC0000617__1,0.44999999999999996,0.44999999999999996,0.0,complete,0,1,Category 53,Category 53_restored,New,1/3/2016 14:39
INC0000617__3,1965,closure,INC0000617,True,INC0000617__2,0.44999999999999996,0.39999999999999997,-0.04999999999999999,complete,0,1,Category 53,Category 53_restored,New,2/3/2016 01:48
INC0000617__4,1966,closure,INC0000617,True,INC0000617__3,0.39999999999999997,0.35,-0.04999999999999999,complete,0,1,Category 53,Category 53_restored,New,2/3/2016 09:16
INC0000617__5,1967,closure,INC0000617,True,INC0000617__4,0.35,0.3,-0.04999999999999999,complete,0,1,Category 53,Category 53_restored,New,2/3/2016 09:57
INC0000617__6,1968,closure,INC0000617,True,INC0000617__5,0.3,0.25,-0.04999999999999999,complete,0,1,Category 53,Category 53_restored,Resolved,2/3/2016 10:03
INC0000617__7,1969,closure,INC0000617,True,INC0000617__6,0.25,0.2,-0.04999999999999999,complete,0,1,Category 53,Category 53_restored,Closed,7/3/2016 11:00
INC0000619__0,1970,source,INC0000619,False,,0.44999999999999996,0.44999999999999996,0.0,none,0,0,Category 37,Category 37,New,1/3/2016 11:10
INC0000619__1,1971,closure,INC0000619,True,INC0000619__0,0.44999999999999996,0.44999999999999996,0.0,complete,0,1,Category 37,Category 37_restored,New,1/3/2016 11:45
INC0000619__2,1972,closure,INC0000619,True,INC0000619__1,0.44999999999999996,0.39999999999999997,-0.04999999999999999,complete,0,1,Category 37,Category 37_restored,New,1/3/2016 11:45
INC0000619__3,1973,closure,INC0000619,True,INC0000619__2,0.39999999999999997,0.35,-0.04999999999999999,complete,0,1,Category 37,Category 37_restored,Active,1/3/2016 12:53
INC0000619__4,1974,closure,INC0000619,True,INC0000619__3,0.35,0.3,-0.04999999999999999,complete,0,1,Category 37,Category 37_restored,Active,1/3/2016 12:55
INC0000619__5,1975,closure,INC0000619,True,INC0000619__4,0.3,0.25,-0.04999999999999999,complete,0,1,Category 37,Category 37_restored,Active,1/3/2016 13:00
INC0000619__6,1976,closure,INC0000619,True,INC0000619__5,0.25,0.2,-0.04999999999999999,complete,0,1,Category 37,Category 37_restored,Resolved,1/3/2016 13:01
INC0000619__7,1977,closure,INC0000619,True,INC0000619__6,0.2,0.15000000000000002,-0.04999999999999999,complete,0,1,Category 37,Category 37_restored,Closed,6/3/2016 14:00
INC0000620__0,1978,source,INC0000620,False,,0.23333333333333334,0.23333333333333334,0.0,none,0,0,Category 26,Category 26,New,1/3/2016 11:04
INC0000620__1,1979,closure,INC0000620,True,INC0000620__0,0.23333333333333334,0.23333333333333334,0.0,complete,0,1,Category 26,Category 26_restored,New,3/3/2016 10:31
INC0000620__2,1980,closure,INC0000620,True,INC0000620__1,0.23333333333333334,0.18333333333333335,-0.04999999999999999,complete,0,1,Category 26,Category 26_restored,New,3/3/2016 10:31
INC0000620__3,1981,closure,INC0000620,True,INC0000620__2,0.18333333333333335,0.13333333333333336,-0.04999999999999999,complete,0,1,Category 26,Category 26_restored,Resolved,3/3/2016 16:30
INC0000620__4,1982,closure,INC0000620,True,INC0000620__3,0.13333333333333336,0.08333333333333336,-0.05,complete,0,1,Category 26,Category 26_restored,Closed,8/3/2016 17:00
INC0000621__0,1983,source,INC0000621,False,,0.44999999999999996,0.44999999999999996,0.0,none,0,0,Category 61,Category 61,New,1/3/2016 11:07
INC0000621__1,1984,closure,INC0000621,True,INC0000621__0,0.44999999999999996,0.39999999999999997,-0.04999999999999999,complete,0,1,Category 61,Category 61_restored,New,1/3/2016 11:25
INC0000621__2,1985,closure,INC0000621,True,INC0000621__1,0.39999999999999997,0.35,-0.04999999999999999,complete,0,1,Category 61,Category 61_restored,Active,1/3/2016 14:12
INC0000621__3,1986,closure,INC0000621,True,INC0000621__2,0.35,0.3,-0.04999999999999999,complete,0,1,Category 61,Category 61_restored,Active,3/3/2016 08:59
INC0000621__4,1987,closure,INC0000621,True,INC0000621__3,0.3,0.25,-0.04999999999999999,complete,0,1,Category 61,Category 61_restored,Resolved,3/3/2016 08:59
INC0000621__5,1988,closure,INC0000621,True,INC0000621__4,0.25,0.2,-0.04999999999999999,complete,0,1,Category 61,Category 61_restored,Closed,8/3/2016 09:00
INC0000622__0,1989,source,INC0000622,False,,0.23333333333333334,0.23333333333333334,0.0,none,0,0,Category 32,Category 32,New,1/3/2016 11:16
INC0000622__1,1990,closure,INC0000622,True,INC0000622__0,0.23333333333333334,0.23333333333333334,0.0,complete,0,1,Category 32,Category 32_restored,New,1/3/2016 11:17
INC0000622__2,1991,closure,INC0000622,True,INC0000622__1,0.23333333333333334,0.18333333333333335,-0.04999999999999999,complete,0,1,Category 32,Category 32_restored,New,2/3/2016 01:50
INC0000622__3,1992,closure,INC0000622,True,INC0000622__2,0.18333333333333335,0.13333333333333336,-0.04999999999999999,complete,0,1,Category 32,Category 32_restored,Active,2/3/2016 09:45
INC0000622__4,1993,closure,INC0000622,True,INC0000622__3,0.13333333333333336,0.08333333333333336,-0.05,complete,0,1,Category 32,Category 32_restored,Active,2/3/2016 12:02
INC0000622__5,1994,closure,INC0000622,True,INC0000622__4,0.08333333333333336,0.033333333333333354,-0.05,complete,0,1,Category 32,Category 32_restored,Resolved,2/3/2016 12:19
INC0000622__6,1995,closure,INC0000622,True,INC0000622__5,0.033333333333333354,0.0,-0.033333333333333354,complete,0,1,Category 32,Category 32_restored,Closed,7/3/2016 13:00
INC0000623__0,1996,source,INC0000623,False,,0.44999999999999996,0.44999999999999996,0.0,none,0,0,Category 26,Category 26,New,1/3/2016 11:18
INC0000623__1,1997,closure,INC0000623,True,INC0000623__0,0.44999999999999996,0.39999999999999997,-0.04999999999999999,complete,0,1,Category 26,Category 26_restored,New,3/3/2016 17:26
INC0000623__2,1998,closure,INC0000623,True,INC0000623__1,0.39999999999999997,0.35,-0.04999999999999999,complete,0,1,Category 26,Category 26_restored,New,18/3/2016 11:38
INC0000623__3,1999,closure,INC0000623,True,INC0000623__2,0.35,0.3,-0.04999999999999999,complete,0,1,Category 26,Category 26_restored,New,18/3/2016 11:39
INC0000623__4,2000,closure,INC0000623,True,INC0000623__3,0.3,0.25,-0.04999999999999999,complete,0,1,Category 26,Category 26_restored,Resolved,18/3/2016 11:39
INC0000623__5,2001,closure,INC0000623,True,INC0000623__4,0.25,0.2,-0.04999999999999999,complete,0,1,Category 26,Category 26_restored,Closed,24/3/2016 18:59
INC0000624__0,2002,source,INC0000624,False,,0.44999999999999996,0.44999999999999996,0.0,none,0,0,Category 42,Category 42,Active,1/3/2016 11:17
INC0000624__1,2003,closure,INC0000624,True,INC0000624__0,0.44999999999999996,0.44999999999999996,0.0,complete,0,1,Category 42,Category 42_restored,Active,1/3/2016 14:07
INC0000624__2,2004,closure,INC0000624,True,INC0000624__1,0.44999999999999996,0.44999999999999996,0.0,complete,0,1,Category 42,Category 42_restored,Resolved,1/3/2016 14:07
INC0000624__3,2005,closure,INC0000624,True,INC0000624__2,0.44999999999999996,0.35,-0.09999999999999998,complete,0,1,Category 42,Category 42_restored,Closed,6/3/2016 15:00
INC0000625__0,2006,source,INC0000625,False,,0.44999999999999996,0.44999999999999996,0.0,none,0,0,Category 20,Category 20,New,1/3/2016 11:19
INC0000625__1,2007,closure,INC0000625,True,INC0000625__0,0.44999999999999996,0.39999999999999997,-0.04999999999999999,complete,0,1,Category 20,Category 20_restored,New,2/3/2016 10:20
INC0000625__2,2008,closure,INC0000625,True,INC0000625__1,0.39999999999999997,0.35,-0.04999999999999999,complete,0,1,Category 20,Category 20_restored,New,2/3/2016 19:19
INC0000625__3,2009,closure,INC0000625,True,INC0000625__2,0.35,0.3,-0.04999999999999999,complete,0,1,Category 20,Category 20_restored,Awaiting User Info,2/3/2016 19:19
INC0000625__4,2010,closure,INC0000625,True,INC0000625__3,0.3,0.25,-0.04999999999999999,complete,0,1,Category 20,Category 20_restored,Awaiting User Info,4/3/2016 13:05
INC0000625__5,2011,closure,INC0000625,True,INC0000625__4,0.25,0.2,-0.04999999999999999,complete,0,1,Category 20,Category 20_restored,Awaiting User Info,4/3/2016 14:10
INC0000625__6,2012,closure,INC0000625,True,INC0000625__5,0.2,0.15000000000000002,-0.04999999999999999,complete,0,1,Category 20,Category 20_restored,Awaiting User Info,8/3/2016 10:55
INC0000625__7,2013,closure,INC0000625,True,INC0000625__6,0.15000000000000002,0.10000000000000002,-0.05,complete,0,1,Category 20,Category 20_restored,Resolved,8/3/2016 10:56
INC0000625__8,2014,closure,INC0000625,True,INC0000625__7,0.10000000000000002,0.05000000000000002,-0.05,complete,0,1,Category 20,Category 20_restored,Resolved,18/3/2016 07:41
INC0000625__9,2015,closure,INC0000625,True,INC0000625__8,0.05000000000000002,1.3877787807814457e-17,-0.05,complete,0,1,Category 20,Category 20_restored,Closed,24/3/2016 18:59
INC0000627__0,2016,source,INC0000627,False,,0.44999999999999996,0.44999999999999996,0.0,none,0,0,Category 37,Category 37,New,1/3/2016 11:22
INC0000627__1,2017,closure,INC0000627,True,INC0000627__0,0.44999999999999996,0.39999999999999997,-0.04999999999999999,complete,0,1,Category 37,Category 37_restored,New,1/3/2016 16:40
INC0000627__2,2018,closure,INC0000627,True,INC0000627__1,0.39999999999999997,0.35,-0.04999999999999999,complete,0,1,Category 37,Category 37_restored,New,7/3/2016 07:56
INC0000627__3,2019,closure,INC0000627,True,INC0000627__2,0.35,0.3,-0.04999999999999999,complete,0,1,Category 37,Category 37_restored,Resolved,7/3/2016 07:57
INC0000627__4,2020,closure,INC0000627,True,INC0000627__3,0.3,0.25,-0.04999999999999999,complete,0,1,Category 37,Category 37_restored,Closed,24/3/2016 18:40
INC0000628__0,2021,source,INC0000628,False,,0.44999999999999996,0.44999999999999996,0.0,none,0,0,Category 53,Category 53,New,1/3/2016 11:24
INC0000628__1,2022,closure,INC0000628,True,INC0000628__0,0.44999999999999996,0.44999999999999996,0.0,complete,0,1,Category 53,Category 53_restored,Active,2/3/2016 13:12
INC0000628__2,2023,closure,INC0000628,True,INC0000628__1,0.44999999999999996,0.44999999999999996,0.0,complete,0,1,Category 53,Category 53_restored,Active,3/3/2016 16:35
INC0000628__3,2024,closure,INC0000628,True,INC0000628__2,0.44999999999999996,0.44999999999999996,0.0,complete,0,1,Category 53,Category 53_restored,Resolved,3/3/2016 16:35
INC0000628__4,2025,closure,INC0000628,True,INC0000628__3,0.44999999999999996,0.35,-0.09999999999999998,complete,0,1,Category 53,Category 53_restored,Closed,8/3/2016 17:00
INC0000630__0,2026,source,INC0000630,False,,0.44999999999999996,0.44999999999999996,0.0,none,0,0,Category 53,Category 53,New,1/3/2016 11:33
INC0000630__1,2027,closure,INC0000630,True,INC0000630__0,0.44999999999999996,0.39999999999999997,-0.04999999999999999,complete,0,1,Category 53,Category 53_restored,New,2/3/2016 01:53
INC0000630__2,2028,closure,INC0000630,True,INC0000630__1,0.39999999999999997,0.35,-0.04999999999999999,complete,0,1,Category 53,Category 53_restored,Active,2/3/2016 09:25
INC0000630__3,2029,closure,INC0000630,True,INC0000630__2,0.35,0.3,-0.04999999999999999,complete,0,1,Category 53,Category 53_restored,Resolved,2/3/2016 12:40
INC0000630__4,2030,closure,INC0000630,True,INC0000630__3,0.3,0.25,-0.04999999999999999,complete,0,1,Category 53,Category 53_restored,Closed,7/3/2016 13:00
INC0000631__0,2031,source,INC0000631,False,,0.44999999999999996,0.44999999999999996,0.0,none,0,0,Category 26,Category 26,New,1/3/2016 11:23
INC0000631__1,2032,closure,INC0000631,True,INC0000631__0,0.44999999999999996,0.44999999999999996,0.0,complete,0,1,Category 26,Category 26_restored,New,3/3/2016 13:06
INC0000631__2,2033,closure,INC0000631,True,INC0000631__1,0.44999999999999996,0.44999999999999996,0.0,complete,0,1,Category 26,Category 26_restored,Resolved,3/3/2016 13:07
INC0000631__3,2034,closure,INC0000631,True,INC0000631__2,0.44999999999999996,0.35,-0.09999999999999998,complete,0,1,Category 26,Category 26_restored,Closed,8/3/2016 14:00
INC0000632__0,2035,source,INC0000632,False,,0.44999999999999996,0.44999999999999996,0.0,none,0,0,Category 26,Category 26,New,1/3/2016 11:25
INC0000632__1,2036,closure,INC0000632,True,INC0000632__0,0.44999999999999996,0.39999999999999997,-0.04999999999999999,complete,0,1,Category 26,Category 26_restored,New,3/3/2016 16:40
INC0000632__2,2037,closure,INC0000632,True,INC0000632__1,0.39999999999999997,0.35,-0.04999999999999999,complete,0,1,Category 26,Category 26_restored,Active,4/3/2016 09:53
INC0000632__3,2038,closure,INC0000632,True,INC0000632__2,0.35,0.3,-0.04999999999999999,complete,0,1,Category 26,Category 26_restored,Active,4/3/2016 09:58
INC0000632__4,2039,closure,INC0000632,True,INC0000632__3,0.3,0.25,-0.04999999999999999,complete,0,1,Category 26,Category 26_restored,Awaiting User Info,4/3/2016 09:59
INC0000632__5,2040,closure,INC0000632,True,INC0000632__4,0.25,0.2,-0.04999999999999999,complete,0,1,Category 26,Category 26_restored,Active,7/3/2016 08:44
INC0000632__6,2041,closure,INC0000632,True,INC0000632__5,0.2,0.15000000000000002,-0.04999999999999999,complete,0,1,Category 26,Category 26_restored,Active,7/3/2016 08:46
INC0000632__7,2042,closure,INC0000632,True,INC0000632__6,0.15000000000000002,0.10000000000000002,-0.05,complete,0,1,Category 26,Category 26_restored,Awaiting User Info,7/3/2016 08:46
INC0000632__8,2043,closure,INC0000632,True,INC0000632__7,0.10000000000000002,0.05000000000000002,-0.05,complete,0,1,Category 26,Category 26_restored,Active,7/3/2016 17:09
INC0000632__9,2044,closure,INC0000632,True,INC0000632__8,0.05000000000000002,1.3877787807814457e-17,-0.05,complete,0,1,Category 26,Category 26_restored,Active,7/3/2016 17:11
INC0000632__10,2045,closure,INC0000632,True,INC0000632__9,1.3877787807814457e-17,0.0,-1.3877787807814457e-17,complete,0,1,Category 26,Category 26_restored,Resolved,7/3/2016 17:11
INC0000632__11,2046,closure,INC0000632,True,INC0000632__10,0.0,0.0,0.0,complete,0,1,Category 26,Category 26_restored,Closed,24/3/2016 18:40
INC0000633__0,2047,source,INC0000633,False,,0.44999999999999996,0.44999999999999996,0.0,none,0,0,Category 61,Category 61,New,1/3/2016 11:22
INC0000633__1,2048,closure,INC0000633,True,INC0000633__0,0.44999999999999996,0.39999999999999997,-0.04999999999999999,complete,0,1,Category 61,Category 61_restored,New,1/3/2016 11:34
INC0000633__2,2049,closure,INC0000633,True,INC0000633__1,0.39999999999999997,0.35,-0.04999999999999999,complete,0,1,Category 61,Category 61_restored,Active,1/3/2016 14:12
INC0000633__3,2050,closure,INC0000633,True,INC0000633__2,0.35,0.3,-0.04999999999999999,complete,0,1,Category 61,Category 61_restored,Active,3/3/2016 09:02
INC0000633__4,2051,closure,INC0000633,True,INC0000633__3,0.3,0.25,-0.04999999999999999,complete,0,1,Category 61,Category 61_restored,Resolved,3/3/2016 09:03
INC0000633__5,2052,closure,INC0000633,True,INC0000633__4,0.25,0.2,-0.04999999999999999,complete,0,1,Category 61,Category 61_restored,Closed,8/3/2016 10:00
INC0000634__0,2053,source,INC0000634,False,,0.44999999999999996,0.44999999999999996,0.0,none,0,0,Category 53,Category 53,New,1/3/2016 11:59
INC0000634__1,2054,closure,INC0000634,True,INC0000634__0,0.44999999999999996,0.39999999999999997,-0.04999999999999999,complete,0,1,Category 53,Category 53_restored,New,3/3/2016 16:43
INC0000634__2,2055,closure,INC0000634,True,INC0000634__1,0.39999999999999997,0.35,-0.04999999999999999,complete,0,1,Category 53,Category 53_restored,Resolved,4/3/2016 16:16
INC0000634__3,2056,closure,INC0000634,True,INC0000634__2,0.35,0.3,-0.04999999999999999,complete,0,1,Category 53,Category 53_restored,Closed,9/3/2016 17:00
INC0000637__0,2057,source,INC0000637,False,,0.44999999999999996,0.44999999999999996,0.0,none,0,0,Category 53,Category 53,New,1/3/2016 11:31
INC0000637__1,2058,closure,INC0000637,True,INC0000637__0,0.44999999999999996,0.39999999999999997,-0.04999999999999999,complete,0,1,Category 43,Category 43_restored,New,1/3/2016 11:36
INC0000637__2,2059,closure,INC0000637,True,INC0000637__1,0.39999999999999997,0.35,-0.04999999999999999,complete,0,1,Category 43,Category 43_restored,New,1/3/2016 16:43
INC0000637__3,2060,closure,INC0000637,True,INC0000637__2,0.35,0.3,-0.04999999999999999,complete,0,1,Category 43,Category 43_restored,Resolved,3/3/2016 09:24
INC0000637__4,2061,closure,INC0000637,True,INC0000637__3,0.3,0.25,-0.04999999999999999,complete,0,1,Category 43,Category 43_restored,Closed,8/3/2016 10:00
INC0000638__0,2062,source,INC0000638,False,,0.44999999999999996,0.44999999999999996,0.0,none,0,0,Category 9,Category 9,New,1/3/2016 11:29
INC0000638__1,2063,closure,INC0000638,True,INC0000638__0,0.44999999999999996,0.39999999999999997,-0.04999999999999999,complete,0,1,Category 9,Category 9_restored,New,1/3/2016 11:31
INC0000638__2,2064,closure,INC0000638,True,INC0000638__1,0.39999999999999997,0.35,-0.04999999999999999,complete,0,1,Category 9,Category 9_restored,Resolved,1/3/2016 12:58
INC0000638__3,2065,closure,INC0000638,True,INC0000638__2,0.35,0.3,-0.04999999999999999,complete,0,1,Category 9,Category 9_restored,Closed,6/3/2016 13:00
INC0000644__0,2066,source,INC0000644,False,,0.44999999999999996,0.44999999999999996,0.0,none,0,0,Category 32,Category 32,New,1/3/2016 11:31
INC0000644__1,2067,closure,INC0000644,True,INC0000644__0,0.44999999999999996,0.44999999999999996,0.0,complete,0,1,Category 32,Category 32_restored,New,4/3/2016 16:57
INC0000644__2,2068,closure,INC0000644,True,INC0000644__1,0.44999999999999996,0.44999999999999996,0.0,complete,0,1,Category 32,Category 32_restored,Awaiting User Info,4/3/2016 16:57
INC0000644__3,2069,closure,INC0000644,True,INC0000644__2,0.44999999999999996,0.44999999999999996,0.0,complete,0,1,Category 32,Category 32_restored,Awaiting User Info,4/3/2016 17:02
INC0000644__4,2070,closure,INC0000644,True,INC0000644__3,0.44999999999999996,0.44999999999999996,0.0,complete,0,1,Category 32,Category 32_restored,Awaiting User Info,9/3/2016 11:10
INC0000644__5,2071,closure,INC0000644,True,INC0000644__4,0.44999999999999996,0.44999999999999996,0.0,complete,0,1,Category 32,Category 32_restored,Awaiting User Info,9/3/2016 14:30
INC0000644__6,2072,closure,INC0000644,True,INC0000644__5,0.44999999999999996,0.44999999999999996,0.0,complete,0,1,Category 32,Category 32_restored,Awaiting User Info,10/3/2016 06:41
INC0000644__7,2073,closure,INC0000644,True,INC0000644__6,0.44999999999999996,0.44999999999999996,0.0,complete,0,1,Category 32,Category 32_restored,Resolved,12/3/2016 19:06
INC0000644__8,2074,closure,INC0000644,True,INC0000644__7,0.44999999999999996,0.39999999999999997,-0.04999999999999999,complete,0,1,Category 32,Category 32_restored,Closed,24/3/2016 18:50
INC0000648__0,2075,source,INC0000648,False,,0.44999999999999996,0.44999999999999996,0.0,none,0,0,Category 23,Category 23,New,1/3/2016 11:49
INC0000648__1,2076,closure,INC0000648,True,INC0000648__0,0.44999999999999996,0.44999999999999996,0.0,complete,0,1,Category 23,Category 23_restored,New,3/3/2016 13:28
INC0000648__2,2077,closure,INC0000648,True,INC0000648__1,0.44999999999999996,0.44999999999999996,0.0,complete,0,1,Category 23,Category 23_restored,Resolved,3/3/2016 13:28
INC0000648__3,2078,closure,INC0000648,True,INC0000648__2,0.44999999999999996,0.35,-0.09999999999999998,complete,0,1,Category 23,Category 23_restored,Closed,8/3/2016 14:00
INC0000649__0,2079,source,INC0000649,False,,0.23333333333333334,0.23333333333333334,0.0,none,0,0,Category 55,Category 55,New,1/3/2016 11:57
INC0000649__1,2080,closure,INC0000649,True,INC0000649__0,0.23333333333333334,0.23333333333333334,0.0,complete,0,1,Category 55,Category 55_restored,New,1/3/2016 14:41
INC0000649__2,2081,closure,INC0000649,True,INC0000649__1,0.23333333333333334,0.18333333333333335,-0.04999999999999999,complete,0,1,Category 32,Category 32_restored,New,1/3/2016 14:45
INC0000649__3,2082,closure,INC0000649,True,INC0000649__2,0.18333333333333335,0.13333333333333336,-0.04999999999999999,complete,0,1,Category 32,Category 32_restored,New,2/3/2016 02:31
INC0000649__4,2083,closure,INC0000649,True,INC0000649__3,0.13333333333333336,0.08333333333333336,-0.05,complete,0,1,Category 32,Category 32_restored,New,3/3/2016 11:37
INC0000649__5,2084,closure,INC0000649,True,INC0000649__4,0.08333333333333336,0.033333333333333354,-0.05,complete,0,1,Category 32,Category 32_restored,New,4/3/2016 16:04
INC0000649__6,2085,closure,INC0000649,True,INC0000649__5,0.033333333333333354,0.0,-0.033333333333333354,complete,0,1,Category 32,Category 32_restored,New,4/3/2016 18:07
INC0000649__7,2086,closure,INC0000649,True,INC0000649__6,0.0,0.0,0.0,complete,0,1,Category 32,Category 32_restored,New,4/3/2016 18:07
INC0000649__8,2087,closure,INC0000649,True,INC0000649__7,0.0,0.0,0.0,complete,0,1,Category 32,Category 32_restored,New,11/3/2016 08:27
INC0000649__9,2088,closure,INC0000649,True,INC0000649__8,0.0,0.0,0.0,complete,0,1,Category 32,Category 32_restored,New,11/3/2016 08:44
INC0000649__10,2089,closure,INC0000649,True,INC0000649__9,0.0,0.0,0.0,complete,0,1,Category 32,Category 32_restored,New,11/3/2016 12:04
INC0000649__11,2090,closure,INC0000649,True,INC0000649__10,0.0,0.0,0.0,complete,0,1,Category 32,Category 32_restored,New,11/3/2016 12:41
INC0000649__12,2091,closure,INC0000649,True,INC0000649__11,0.0,0.0,0.0,complete,0,1,Category 32,Category 32_restored,New,11/3/2016 14:43
INC0000649__13,2092,closure,INC0000649,True,INC0000649__12,0.0,0.0,0.0,complete,0,1,Category 32,Category 32_restored,Resolved,11/3/2016 14:48
INC0000649__14,2093,closure,INC0000649,True,INC0000649__13,0.0,0.0,0.0,complete,0,1,Category 32,Category 32_restored,Closed,24/3/2016 18:50
INC0000649__15,2094,closure,INC0000649,True,INC0000649__14,0.0,0.0,0.0,complete,0,1,Category 32,Category 32_restored,Closed,28/3/2016 19:16
INC0000649__16,2095,closure,INC0000649,True,INC0000649__15,0.0,0.0,0.0,complete,0,1,Category 32,Category 32_restored,Closed,29/3/2016 14:20
INC0000651__0,2096,source,INC0000651,False,,0.44999999999999996,0.44999999999999996,0.0,none,0,0,Category 26,Category 26,New,1/3/2016 12:04
INC0000651__1,2097,closure,INC0000651,True,INC0000651__0,0.44999999999999996,0.39999999999999997,-0.04999999999999999,complete,0,1,Category 26,Category 26_restored,New,3/3/2016 16:47
INC0000651__2,2098,closure,INC0000651,True,INC0000651__1,0.39999999999999997,0.35,-0.04999999999999999,complete,0,1,Category 26,Category 26_restored,New,4/3/2016 16:15
INC0000651__3,2099,closure,INC0000651,True,INC0000651__2,0.35,0.3,-0.04999999999999999,complete,0,1,Category 26,Category 26_restored,Awaiting User Info,4/3/2016 16:16
INC0000651__4,2100,closure,INC0000651,True,INC0000651__3,0.3,0.25,-0.04999999999999999,complete,0,1,Category 26,Category 26_restored,Awaiting User Info,10/3/2016 11:58
INC0000651__5,2101,closure,INC0000651,True,INC0000651__4,0.25,0.2,-0.04999999999999999,complete,0,1,Category 26,Category 26_restored,Awaiting User Info,14/3/2016 09:30
INC0000651__6,2102,closure,INC0000651,True,INC0000651__5,0.2,0.15000000000000002,-0.04999999999999999,complete,0,1,Category 26,Category 26_restored,Resolved,14/3/2016 09:30
INC0000651__7,2103,closure,INC0000651,True,INC0000651__6,0.15000000000000002,0.10000000000000002,-0.05,complete,0,1,Category 26,Category 26_restored,Closed,24/3/2016 18:50
INC0000654__0,2104,source,INC0000654,False,,0.44999999999999996,0.44999999999999996,0.0,none,0,0,Category 53,Category 53,New,1/3/2016 11:48
INC0000654__1,2105,closure,INC0000654,True,INC0000654__0,0.44999999999999996,0.44999999999999996,0.0,complete,0,1,Category 42,Category 42_restored,New,1/3/2016 11:52
INC0000654__2,2106,closure,INC0000654,True,INC0000654__1,0.44999999999999996,0.44999999999999996,0.0,complete,0,1,Category 42,Category 42_restored,Awaiting User Info,1/3/2016 17:17
INC0000654__3,2107,closure,INC0000654,True,INC0000654__2,0.44999999999999996,0.44999999999999996,0.0,complete,0,1,Category 42,Category 42_restored,Resolved,2/3/2016 16:27
INC0000654__4,2108,closure,INC0000654,True,INC0000654__3,0.44999999999999996,0.35,-0.09999999999999998,complete,0,1,Category 42,Category 42_restored,Closed,7/3/2016 17:00
INC0000655__0,2109,source,INC0000655,False,,0.44999999999999996,0.44999999999999996,0.0,none,0,0,Category 53,Category 53,New,1/3/2016 11:45
INC0000655__1,2110,closure,INC0000655,True,INC0000655__0,0.44999999999999996,0.39999999999999997,-0.04999999999999999,complete,0,1,Category 53,Category 53_restored,New,3/3/2016 02:07
INC0000655__2,2111,closure,INC0000655,True,INC0000655__1,0.39999999999999997,0.35,-0.04999999999999999,complete,0,1,Category 53,Category 53_restored,New,3/3/2016 08:54
INC0000655__3,2112,closure,INC0000655,True,INC0000655__2,0.35,0.3,-0.04999999999999999,complete,0,1,Category 53,Category 53_restored,Active,3/3/2016 09:13
INC0000655__4,2113,closure,INC0000655,True,INC0000655__3,0.3,0.25,-0.04999999999999999,complete,0,1,Category 53,Category 53_restored,Resolved,3/3/2016 09:32
INC0000655__5,2114,closure,INC0000655,True,INC0000655__4,0.25,0.2,-0.04999999999999999,complete,0,1,Category 53,Category 53_restored,Closed,8/3/2016 10:00
INC0000661__0,2115,source,INC0000661,False,,0.75,0.75,0.0,none,0,0,Category 45,Category 45,Active,1/3/2016 11:55
INC0000661__1,2116,closure,INC0000661,True,INC0000661__0,0.75,0.75,0.0,complete,0,1,Category 45,Category 45_restored,Active,1/3/2016 16:50
INC0000661__2,2117,closure,INC0000661,True,INC0000661__1,0.75,0.75,0.0,complete,0,1,Category 45,Category 45_restored,Active,1/3/2016 16:58
INC0000661__3,2118,closure,INC0000661,True,INC0000661__2,0.75,0.75,0.0,complete,0,1,Category 45,Category 45_restored,Active,1/3/2016 17:41
INC0000661__4,2119,closure,INC0000661,True,INC0000661__3,0.75,0.75,0.0,complete,0,1,Category 45,Category 45_restored,Active,1/3/2016 17:41
INC0000661__5,2120,closure,INC0000661,True,INC0000661__4,0.75,0.75,0.0,complete,0,1,Category 45,Category 45_restored,Resolved,1/3/2016 17:44
INC0000661__6,2121,closure,INC0000661,True,INC0000661__5,0.75,0.7,-0.050000000000000044,complete,0,1,Category 45,Category 45_restored,Closed,6/3/2016 18:00
INC0000665__0,2122,source,INC0000665,False,,0.75,0.75,0.0,none,0,0,Category 55,Category 55,Active,1/3/2016 12:06
INC0000665__1,2123,closure,INC0000665,True,INC0000665__0,0.75,0.75,0.0,complete,0,1,Category 55,Category 55_restored,Active,1/3/2016 13:00
INC0000665__2,2124,closure,INC0000665,True,INC0000665__1,0.75,0.44999999999999996,-0.30000000000000004,complete,0,3,Category 55,Category 55_restored,Active,3/3/2016 14:54
INC0000665__3,2125,closure,INC0000665,True,INC0000665__2,0.44999999999999996,0.44999999999999996,0.0,complete,0,1,Category 55,Category 55_restored,Awaiting User Info,8/3/2016 09:25
INC0000665__4,2126,closure,INC0000665,True,INC0000665__3,0.44999999999999996,0.44999999999999996,0.0,complete,0,1,Category 55,Category 55_restored,Resolved,17/3/2016 11:12
INC0000665__5,2127,closure,INC0000665,True,INC0000665__4,0.44999999999999996,0.39999999999999997,-0.04999999999999999,complete,0,1,Category 55,Category 55_restored,Closed,24/3/2016 18:59
INC0000666__0,2128,source,INC0000666,False,,0.44999999999999996,0.44999999999999996,0.0,none,0,0,Category 42,Category 42,Active,1/3/2016 11:56
INC0000666__1,2129,closure,INC0000666,True,INC0000666__0,0.44999999999999996,0.44999999999999996,0.0,complete,0,1,Category 42,Category 42_restored,Active,1/3/2016 14:22
INC0000666__2,2130,closure,INC0000666,True,INC0000666__1,0.44999999999999996,0.44999999999999996,0.0,complete,0,1,Category 42,Category 42_restored,Resolved,1/3/2016 14:22
INC0000666__3,2131,closure,INC0000666,True,INC0000666__2,0.44999999999999996,0.35,-0.09999999999999998,complete,0,1,Category 42,Category 42_restored,Closed,6/3/2016 15:00
INC0000668__0,2132,source,INC0000668,False,,0.44999999999999996,0.44999999999999996,0.0,none,0,0,Category 61,Category 61,New,1/3/2016 11:59
INC0000668__1,2133,closure,INC0000668,True,INC0000668__0,0.44999999999999996,0.39999999999999997,-0.04999999999999999,complete,0,1,Category 61,Category 61_restored,New,3/3/2016 15:50
INC0000668__2,2134,closure,INC0000668,True,INC0000668__1,0.39999999999999997,0.35,-0.04999999999999999,complete,0,1,Category 61,Category 61_restored,Active,4/3/2016 11:52
INC0000668__3,2135,closure,INC0000668,True,INC0000668__2,0.35,0.3,-0.04999999999999999,complete,0,1,Category 61,Category 61_restored,Active,10/3/2016 15:06
INC0000668__4,2136,closure,INC0000668,True,INC0000668__3,0.3,0.25,-0.04999999999999999,complete,0,1,Category 61,Category 61_restored,Resolved,10/3/2016 15:33
INC0000668__5,2137,closure,INC0000668,True,INC0000668__4,0.25,0.2,-0.04999999999999999,complete,0,1,Category 61,Category 61_restored,Closed,24/3/2016 18:50
INC0000669__0,2138,source,INC0000669,False,,0.44999999999999996,0.44999999999999996,0.0,none,0,0,Category 20,Category 20,New,1/3/2016 12:05
INC0000669__1,2139,closure,INC0000669,True,INC0000669__0,0.44999999999999996,0.39999999999999997,-0.04999999999999999,complete,0,1,Category 20,Category 20_restored,New,2/3/2016 01:57
INC0000669__2,2140,closure,INC0000669,True,INC0000669__1,0.39999999999999997,0.35,-0.04999999999999999,complete,0,1,Category 20,Category 20_restored,New,2/3/2016 13:52
INC0000669__3,2141,closure,INC0000669,True,INC0000669__2,0.35,0.3,-0.04999999999999999,complete,0,1,Category 20,Category 20_restored,Active,2/3/2016 15:13
INC0000669__4,2142,closure,INC0000669,True,INC0000669__3,0.3,0.25,-0.04999999999999999,complete,0,1,Category 20,Category 20_restored,Active,2/3/2016 16:14
INC0000669__5,2143,closure,INC0000669,True,INC0000669__4,0.25,0.2,-0.04999999999999999,complete,0,1,Category 20,Category 20_restored,Awaiting User Info,2/3/2016 16:14
INC0000669__6,2144,closure,INC0000669,True,INC0000669__5,0.2,0.15000000000000002,-0.04999999999999999,complete,0,1,Category 20,Category 20_restored,Awaiting User Info,3/3/2016 08:24
INC0000669__7,2145,closure,INC0000669,True,INC0000669__6,0.15000000000000002,0.10000000000000002,-0.05,complete,0,1,Category 20,Category 20_restored,Awaiting User Info,3/3/2016 08:25
INC0000669__8,2146,closure,INC0000669,True,INC0000669__7,0.10000000000000002,0.05000000000000002,-0.05,complete,0,1,Category 20,Category 20_restored,Awaiting User Info,3/3/2016 09:33
INC0000669__9,2147,closure,INC0000669,True,INC0000669__8,0.05000000000000002,1.3877787807814457e-17,-0.05,complete,0,1,Category 20,Category 20_restored,Awaiting User Info,3/3/2016 09:43
INC0000669__10,2148,closure,INC0000669,True,INC0000669__9,1.3877787807814457e-17,0.0,-1.3877787807814457e-17,complete,0,1,Category 20,Category 20_restored,Active,3/3/2016 09:43
INC0000669__11,2149,closure,INC0000669,True,INC0000669__10,0.0,0.0,0.0,complete,0,1,Category 20,Category 20_restored,Active,3/3/2016 09:54
INC0000669__12,2150,closure,INC0000669,True,INC0000669__11,0.0,0.0,0.0,complete,0,1,Category 20,Category 20_restored,Active,3/3/2016 09:57
INC0000669__13,2151,closure,INC0000669,True,INC0000669__12,0.0,0.0,0.0,complete,0,1,Category 20,Category 20_restored,Active,3/3/2016 10:14
INC0000669__14,2152,closure,INC0000669,True,INC0000669__13,0.0,0.0,0.0,complete,0,1,Category 20,Category 20_restored,Active,3/3/2016 10:16
INC0000669__15,2153,closure,INC0000669,True,INC0000669__14,0.0,0.0,0.0,complete,0,1,Category 20,Category 20_restored,Active,3/3/2016 16:57
INC0000669__16,2154,closure,INC0000669,True,INC0000669__15,0.0,0.0,0.0,complete,0,1,Category 20,Category 20_restored,Active,4/3/2016 07:56
INC0000669__17,2155,closure,INC0000669,True,INC0000669__16,0.0,0.0,0.0,complete,0,1,Category 20,Category 20_restored,Resolved,4/3/2016 08:02
INC0000669__18,2156,closure,INC0000669,True,INC0000669__17,0.0,0.0,0.0,complete,0,1,Category 20,Category 20_restored,Closed,9/3/2016 09:00
INC0000670__0,2157,source,INC0000670,False,,0.44999999999999996,0.44999999999999996,0.0,none,0,0,Category 34,Category 34,New,1/3/2016 12:06
INC0000670__1,2158,closure,INC0000670,True,INC0000670__0,0.44999999999999996,0.39999999999999997,-0.04999999999999999,complete,0,1,Category 34,Category 34_restored,New,2/3/2016 13:19
INC0000670__2,2159,closure,INC0000670,True,INC0000670__1,0.39999999999999997,0.35,-0.04999999999999999,complete,0,1,Category 34,Category 34_restored,Active,2/3/2016 13:19
INC0000670__3,2160,closure,INC0000670,True,INC0000670__2,0.35,0.3,-0.04999999999999999,complete,0,1,Category 34,Category 34_restored,Resolved,2/3/2016 13:40
INC0000670__4,2161,closure,INC0000670,True,INC0000670__3,0.3,0.25,-0.04999999999999999,complete,0,1,Category 34,Category 34_restored,Closed,7/3/2016 14:00
INC0000672__0,2162,source,INC0000672,False,,0.75,0.75,0.0,none,0,0,Category 37,Category 37,New,1/3/2016 12:36
INC0000672__1,2163,closure,INC0000672,True,INC0000672__0,0.75,0.44999999999999996,-0.30000000000000004,complete,0,3,Category 37,Category 37_restored,New,8/3/2016 11:17
INC0000672__2,2164,closure,INC0000672,True,INC0000672__1,0.44999999999999996,0.44999999999999996,0.0,complete,0,1,Category 37,Category 37_restored,Active,18/3/2016 13:54
INC0000672__3,2165,closure,INC0000672,True,INC0000672__2,0.44999999999999996,0.44999999999999996,0.0,complete,0,1,Category 37,Category 37_restored,Resolved,22/3/2016 15:17
INC0000672__4,2166,closure,INC0000672,True,INC0000672__3,0.44999999999999996,0.39999999999999997,-0.04999999999999999,complete,0,1,Category 37,Category 37_restored,Closed,27/3/2016 15:59
INC0000673__0,2167,source,INC0000673,False,,0.23333333333333334,0.23333333333333334,0.0,none,0,0,Category 53,Category 53,New,1/3/2016 12:12
INC0000673__1,2168,closure,INC0000673,True,INC0000673__0,0.23333333333333334,0.18333333333333335,-0.04999999999999999,complete,0,1,Category 53,Category 53_restored,New,1/3/2016 19:16
INC0000673__2,2169,closure,INC0000673,True,INC0000673__1,0.18333333333333335,0.13333333333333336,-0.04999999999999999,complete,0,1,Category 53,Category 53_restored,Active,2/3/2016 11:00
INC0000673__3,2170,closure,INC0000673,True,INC0000673__2,0.13333333333333336,0.08333333333333336,-0.05,complete,0,1,Category 53,Category 53_restored,Awaiting User Info,2/3/2016 11:00
INC0000673__4,2171,closure,INC0000673,True,INC0000673__3,0.08333333333333336,0.033333333333333354,-0.05,complete,0,1,Category 53,Category 53_restored,Awaiting User Info,2/3/2016 11:02
INC0000673__5,2172,closure,INC0000673,True,INC0000673__4,0.033333333333333354,0.0,-0.033333333333333354,complete,0,1,Category 53,Category 53_restored,Awaiting User Info,2/3/2016 11:19
INC0000673__6,2173,closure,INC0000673,True,INC0000673__5,0.0,0.0,0.0,complete,0,1,Category 53,Category 53_restored,Awaiting User Info,2/3/2016 15:38
INC0000673__7,2174,closure,INC0000673,True,INC0000673__6,0.0,0.0,0.0,complete,0,1,Category 53,Category 53_restored,Active,3/3/2016 10:52
INC0000673__8,2175,closure,INC0000673,True,INC0000673__7,0.0,0.0,0.0,complete,0,1,Category 53,Category 53_restored,Active,3/3/2016 10:53
INC0000673__9,2176,closure,INC0000673,True,INC0000673__8,0.0,0.0,0.0,complete,0,1,Category 53,Category 53_restored,Resolved,3/3/2016 10:53
INC0000673__10,2177,closure,INC0000673,True,INC0000673__9,0.0,0.0,0.0,complete,0,1,Category 53,Category 53_restored,Closed,8/3/2016 11:00
INC0000674__0,2178,source,INC0000674,False,,0.44999999999999996,0.44999999999999996,0.0,none,0,0,Category 34,Category 34,New,1/3/2016 12:07
INC0000674__1,2179,closure,INC0000674,True,INC0000674__0,0.44999999999999996,0.44999999999999996,0.0,complete,0,1,Category 34,Category 34_restored,Active,1/3/2016 15:39
INC0000674__2,2180,closure,INC0000674,True,INC0000674__1,0.44999999999999996,0.44999999999999996,0.0,complete,0,1,Category 34,Category 34_restored,Active,1/3/2016 15:41
INC0000674__3,2181,closure,INC0000674,True,INC0000674__2,0.44999999999999996,0.39999999999999997,-0.04999999999999999,complete,0,1,Category 34,Category 34_restored,Active,1/3/2016 16:56
INC0000674__4,2182,closure,INC0000674,True,INC0000674__3,0.39999999999999997,0.35,-0.04999999999999999,complete,0,1,Category 34,Category 34_restored,Active,3/3/2016 11:21
INC0000674__5,2183,closure,INC0000674,True,INC0000674__4,0.35,0.3,-0.04999999999999999,complete,0,1,Category 34,Category 34_restored,Resolved,3/3/2016 11:22
INC0000674__6,2184,closure,INC0000674,True,INC0000674__5,0.3,0.25,-0.04999999999999999,complete,0,1,Category 34,Category 34_restored,Closed,8/3/2016 12:00
INC0000676__0,2185,source,INC0000676,False,,0.75,0.75,0.0,none,0,0,Category 42,Category 42,New,1/3/2016 12:26
INC0000676__1,2186,closure,INC0000676,True,INC0000676__0,0.75,0.75,0.0,complete,0,1,Category 42,Category 42_restored,New,1/3/2016 14:00
INC0000676__2,2187,closure,INC0000676,True,INC0000676__1,0.75,0.7,-0.050000000000000044,complete,0,1,Category 42,Category 42_restored,New,1/3/2016 14:01
INC0000676__3,2188,closure,INC0000676,True,INC0000676__2,0.7,0.46499999999999997,-0.235,complete,0,2,Category 42,Category 42_restored,New,1/3/2016 17:18
INC0000676__4,2189,closure,INC0000676,True,INC0000676__3,0.46499999999999997,0.415,-0.04999999999999999,complete,0,1,Category 42,Category 42_restored,New,1/3/2016 18:50
INC0000676__5,2190,closure,INC0000676,True,INC0000676__4,0.415,0.365,-0.04999999999999999,complete,0,1,Category 45,Category 45_restored,New,2/3/2016 11:15
INC0000676__6,2191,closure,INC0000676,True,INC0000676__5,0.365,0.315,-0.04999999999999999,complete,0,1,Category 45,Category 45_restored,Active,3/3/2016 08:24
INC0000676__7,2192,closure,INC0000676,True,INC0000676__6,0.315,0.265,-0.04999999999999999,complete,0,1,Category 45,Category 45_restored,Resolved,3/3/2016 08:46
INC0000676__8,2193,closure,INC0000676,True,INC0000676__7,0.265,0.21500000000000002,-0.04999999999999999,complete,0,1,Category 45,Category 45_restored,Closed,8/3/2016 09:00
INC0000677__0,2194,source,INC0000677,False,,0.44999999999999996,0.44999999999999996,0.0,none,0,0,Category 31,Category 31,New,1/3/2016 12:16
INC0000677__1,2195,closure,INC0000677,True,INC0000677__0,0.44999999999999996,0.39999999999999997,-0.04999999999999999,complete,0,1,Category 26,Category 26_restored,Active,15/3/2016 12:43
INC0000677__2,2196,closure,INC0000677,True,INC0000677__1,0.39999999999999997,0.35,-0.04999999999999999,complete,0,1,Category 26,Category 26_restored,Active,15/3/2016 12:43
INC0000677__3,2197,closure,INC0000677,True,INC0000677__2,0.35,0.3,-0.04999999999999999,complete,0,1,Category 26,Category 26_restored,Active,15/3/2016 13:09
INC0000677__4,2198,closure,INC0000677,True,INC0000677__3,0.3,0.25,-0.04999999999999999,complete,0,1,Category 26,Category 26_restored,Active,26/3/2016 14:18
INC0000677__5,2199,closure,INC0000677,True,INC0000677__4,0.25,0.2,-0.04999999999999999,complete,0,1,Category 26,Category 26_restored,Resolved,26/3/2016 14:18
INC0000677__6,2200,closure,INC0000677,True,INC0000677__5,0.2,0.15000000000000002,-0.04999999999999999,complete,0,1,Category 26,Category 26_restored,Closed,31/3/2016 14:59
INC0000678__0,2201,source,INC0000678,False,,0.44999999999999996,0.44999999999999996,0.0,none,0,0,Category 32,Category 32,New,1/3/2016 12:14
INC0000678__1,2202,closure,INC0000678,True,INC0000678__0,0.44999999999999996,0.39999999999999997,-0.04999999999999999,complete,0,1,Category 32,Category 32_restored,New,4/3/2016 11:43
INC0000678__2,2203,closure,INC0000678,True,INC0000678__1,0.39999999999999997,0.35,-0.04999999999999999,complete,0,1,Category 32,Category 32_restored,Resolved,4/3/2016 16:59
INC0000678__3,2204,closure,INC0000678,True,INC0000678__2,0.35,0.3,-0.04999999999999999,complete,0,1,Category 32,Category 32_restored,Closed,9/3/2016 17:00
INC0000679__0,2205,source,INC0000679,False,,0.23333333333333334,0.23333333333333334,0.0,none,0,0,Category 20,Category 20,New,1/3/2016 12:19
INC0000679__1,2206,closure,INC0000679,True,INC0000679__0,0.23333333333333334,0.23333333333333334,0.0,complete,0,1,Category 20,Category 20_restored,Awaiting User Info,2/3/2016 18:08
INC0000679__2,2207,closure,INC0000679,True,INC0000679__1,0.23333333333333334,0.23333333333333334,0.0,complete,0,1,Category 20,Category 20_restored,Awaiting User Info,3/3/2016 17:01
INC0000679__3,2208,closure,INC0000679,True,INC0000679__2,0.23333333333333334,0.18333333333333335,-0.04999999999999999,complete,0,1,Category 20,Category 20_restored,Awaiting User Info,4/3/2016 12:30
INC0000679__4,2209,closure,INC0000679,True,INC0000679__3,0.18333333333333335,0.13333333333333336,-0.04999999999999999,complete,0,1,Category 20,Category 20_restored,Resolved,4/3/2016 15:54
INC0000679__5,2210,closure,INC0000679,True,INC0000679__4,0.13333333333333336,0.08333333333333336,-0.05,complete,0,1,Category 20,Category 20_restored,Closed,9/3/2016 16:00
INC0000681__0,2211,source,INC0000681,False,,0.44999999999999996,0.44999999999999996,0.0,none,0,0,Category 37,Category 37,New,1/3/2016 12:40
INC0000681__1,2212,closure,INC0000681,True,INC0000681__0,0.44999999999999996,0.44999999999999996,0.0,complete,0,1,Category 37,Category 37_restored,Active,19/3/2016 08:37
INC0000681__2,2213,closure,INC0000681,True,INC0000681__1,0.44999999999999996,0.44999999999999996,0.0,complete,0,1,Category 37,Category 37_restored,Resolved,22/3/2016 15:18
INC0000681__3,2214,closure,INC0000681,True,INC0000681__2,0.44999999999999996,0.39999999999999997,-0.04999999999999999,complete,0,1,Category 37,Category 37_restored,Closed,27/3/2016 15:59
INC0000696__0,2215,source,INC0000696,False,,0.44999999999999996,0.44999999999999996,0.0,none,0,0,Category 24,Category 24,New,1/3/2016 12:41
INC0000696__1,2216,closure,INC0000696,True,INC0000696__0,0.44999999999999996,0.44999999999999996,0.0,complete,0,1,Category 24,Category 24_restored,New,1/3/2016 12:43
INC0000696__2,2217,closure,INC0000696,True,INC0000696__1,0.44999999999999996,0.39999999999999997,-0.04999999999999999,complete,0,1,Category 24,Category 24_restored,New,3/3/2016 02:33
INC0000696__3,2218,closure,INC0000696,True,INC0000696__2,0.39999999999999997,0.35,-0.04999999999999999,complete,0,1,Category 24,Category 24_restored,New,3/3/2016 08:54
INC0000696__4,2219,closure,INC0000696,True,INC0000696__3,0.35,0.3,-0.04999999999999999,complete,0,1,Category 24,Category 24_restored,Active,3/3/2016 09:39
INC0000696__5,2220,closure,INC0000696,True,INC0000696__4,0.3,0.25,-0.04999999999999999,complete,0,1,Category 24,Category 24_restored,Active,3/3/2016 13:03
INC0000696__6,2221,closure,INC0000696,True,INC0000696__5,0.25,0.2,-0.04999999999999999,complete,0,1,Category 24,Category 24_restored,Active,3/3/2016 14:37
INC0000696__7,2222,closure,INC0000696,True,INC0000696__6,0.2,0.15000000000000002,-0.04999999999999999,complete,0,1,Category 24,Category 24_restored,Active,3/3/2016 14:38
INC0000696__8,2223,closure,INC0000696,True,INC0000696__7,0.15000000000000002,0.10000000000000002,-0.05,complete,0,1,Category 24,Category 24_restored,Resolved,3/3/2016 14:38
INC0000696__9,2224,closure,INC0000696,True,INC0000696__8,0.10000000000000002,0.05000000000000002,-0.05,complete,0,1,Category 24,Category 24_restored,Closed,8/3/2016 15:00
INC0000699__0,2225,source,INC0000699,False,,0.44999999999999996,0.44999999999999996,0.0,none,0,0,Category 44,Category 44,New,1/3/2016 12:36
INC0000699__1,2226,closure,INC0000699,True,INC0000699__0,0.44999999999999996,0.44999999999999996,0.0,complete,0,1,Category 44,Category 44_restored,New,1/3/2016 15:49
INC0000699__2,2227,closure,INC0000699,True,INC0000699__1,0.44999999999999996,0.44999999999999996,0.0,complete,0,1,Category 44,Category 44_restored,Resolved,1/3/2016 15:52
INC0000699__3,2228,closure,INC0000699,True,INC0000699__2,0.44999999999999996,0.35,-0.09999999999999998,complete,0,1,Category 44,Category 44_restored,Closed,6/3/2016 16:00
INC0000704__0,2229,source,INC0000704,False,,0.44999999999999996,0.44999999999999996,0.0,none,0,0,Category 53,Category 53,New,1/3/2016 12:45
INC0000704__1,2230,closure,INC0000704,True,INC0000704__0,0.44999999999999996,0.44999999999999996,0.0,complete,0,1,Category 53,Category 53_restored,Awaiting User Info,1/3/2016 14:46
INC0000704__2,2231,closure,INC0000704,True,INC0000704__1,0.44999999999999996,0.44999999999999996,0.0,complete,0,1,Category 53,Category 53_restored,Awaiting User Info,3/3/2016 12:09
INC0000704__3,2232,closure,INC0000704,True,INC0000704__2,0.44999999999999996,0.44999999999999996,0.0,complete,0,1,Category 53,Category 53_restored,Resolved,4/3/2016 15:37
INC0000704__4,2233,closure,INC0000704,True,INC0000704__3,0.44999999999999996,0.35,-0.09999999999999998,complete,0,1,Category 53,Category 53_restored,Closed,9/3/2016 16:00
INC0000705__0,2234,source,INC0000705,False,,0.44999999999999996,0.44999999999999996,0.0,none,0,0,Category 51,Category 51,New,1/3/2016 13:23
INC0000705__1,2235,closure,INC0000705,True,INC0000705__0,0.44999999999999996,0.39999999999999997,-0.04999999999999999,complete,0,1,Category 51,Category 51_restored,New,3/3/2016 10:30
INC0000705__2,2236,closure,INC0000705,True,INC0000705__1,0.39999999999999997,0.35,-0.04999999999999999,complete,0,1,Category 51,Category 51_restored,New,3/3/2016 10:30
INC0000705__3,2237,closure,INC0000705,True,INC0000705__2,0.35,0.3,-0.04999999999999999,complete,0,1,Category 51,Category 51_restored,New,4/3/2016 01:40
INC0000705__4,2238,closure,INC0000705,True,INC0000705__3,0.3,0.25,-0.04999999999999999,complete,0,1,Category 51,Category 51_restored,New,4/3/2016 09:50
INC0000705__5,2239,closure,INC0000705,True,INC0000705__4,0.25,0.2,-0.04999999999999999,complete,0,1,Category 51,Category 51_restored,New,4/3/2016 10:48
INC0000705__6,2240,closure,INC0000705,True,INC0000705__5,0.2,0.15000000000000002,-0.04999999999999999,complete,0,1,Category 51,Category 51_restored,New,4/3/2016 10:57
INC0000705__7,2241,closure,INC0000705,True,INC0000705__6,0.15000000000000002,0.10000000000000002,-0.05,complete,0,1,Category 51,Category 51_restored,Resolved,4/3/2016 11:09
INC0000705__8,2242,closure,INC0000705,True,INC0000705__7,0.10000000000000002,0.05000000000000002,-0.05,complete,0,1,Category 51,Category 51_restored,Closed,9/3/2016 12:00
INC0000706__0,2243,source,INC0000706,False,,0.44999999999999996,0.44999999999999996,0.0,none,0,0,Category 45,Category 45,New,1/3/2016 12:43
INC0000706__1,2244,closure,INC0000706,True,INC0000706__0,0.44999999999999996,0.44999999999999996,0.0,complete,0,1,Category 45,Category 45_restored,New,1/3/2016 12:56
INC0000706__2,2245,closure,INC0000706,True,INC0000706__1,0.44999999999999996,0.44999999999999996,0.0,complete,0,1,Category 45,Category 45_restored,Resolved,1/3/2016 12:56
INC0000706__3,2246,closure,INC0000706,True,INC0000706__2,0.44999999999999996,0.35,-0.09999999999999998,complete,0,1,Category 45,Category 45_restored,Closed,6/3/2016 13:00
INC0000708__0,2247,source,INC0000708,False,,0.44999999999999996,0.44999999999999996,0.0,none,0,0,Category 37,Category 37,New,1/3/2016 12:48
INC0000708__1,2248,closure,INC0000708,True,INC0000708__0,0.44999999999999996,0.44999999999999996,0.0,complete,0,1,Category 37,Category 37_restored,New,1/3/2016 13:12
INC0000708__2,2249,closure,INC0000708,True,INC0000708__1,0.44999999999999996,0.39999999999999997,-0.04999999999999999,complete,0,1,Category 37,Category 37_restored,New,1/3/2016 13:12
INC0000708__3,2250,closure,INC0000708,True,INC0000708__2,0.39999999999999997,0.35,-0.04999999999999999,complete,0,1,Category 37,Category 37_restored,New,1/3/2016 15:06
INC0000708__4,2251,closure,INC0000708,True,INC0000708__3,0.35,0.3,-0.04999999999999999,complete,0,1,Category 37,Category 37_restored,Resolved,1/3/2016 15:07
INC0000708__5,2252,closure,INC0000708,True,INC0000708__4,0.3,0.25,-0.04999999999999999,complete,0,1,Category 37,Category 37_restored,Closed,6/3/2016 16:00
INC0000710__0,2253,source,INC0000710,False,,0.44999999999999996,0.44999999999999996,0.0,none,0,0,Category 45,Category 45,New,1/3/2016 12:50
INC0000710__1,2254,closure,INC0000710,True,INC0000710__0,0.44999999999999996,0.39999999999999997,-0.04999999999999999,complete,0,1,Category 45,Category 45_restored,New,3/3/2016 16:28
INC0000710__2,2255,closure,INC0000710,True,INC0000710__1,0.39999999999999997,0.35,-0.04999999999999999,complete,0,1,Category 45,Category 45_restored,New,3/3/2016 17:10
INC0000710__3,2256,closure,INC0000710,True,INC0000710__2,0.35,0.3,-0.04999999999999999,complete,0,1,Category 45,Category 45_restored,Awaiting User Info,3/3/2016 17:10
INC0000710__4,2257,closure,INC0000710,True,INC0000710__3,0.3,0.25,-0.04999999999999999,complete,0,1,Category 45,Category 45_restored,Awaiting User Info,4/3/2016 11:42
INC0000710__5,2258,closure,INC0000710,True,INC0000710__4,0.25,0.2,-0.04999999999999999,complete,0,1,Category 45,Category 45_restored,Awaiting User Info,7/3/2016 17:14
INC0000710__6,2259,closure,INC0000710,True,INC0000710__5,0.2,0.15000000000000002,-0.04999999999999999,complete,0,1,Category 45,Category 45_restored,Awaiting User Info,7/3/2016 17:15
INC0000710__7,2260,closure,INC0000710,True,INC0000710__6,0.15000000000000002,0.10000000000000002,-0.05,complete,0,1,Category 45,Category 45_restored,Awaiting User Info,7/3/2016 17:33
INC0000710__8,2261,closure,INC0000710,True,INC0000710__7,0.10000000000000002,0.05000000000000002,-0.05,complete,0,1,Category 45,Category 45_restored,Awaiting User Info,7/3/2016 17:35
INC0000710__9,2262,closure,INC0000710,True,INC0000710__8,0.05000000000000002,1.3877787807814457e-17,-0.05,complete,0,1,Category 45,Category 45_restored,Active,8/3/2016 10:43
INC0000710__10,2263,closure,INC0000710,True,INC0000710__9,1.3877787807814457e-17,0.0,-1.3877787807814457e-17,complete,0,1,Category 45,Category 45_restored,Active,8/3/2016 13:56
INC0000710__11,2264,closure,INC0000710,True,INC0000710__10,0.0,0.0,0.0,complete,0,1,Category 45,Category 45_restored,Active,8/3/2016 14:03
INC0000710__12,2265,closure,INC0000710,True,INC0000710__11,0.0,0.0,0.0,complete,0,1,Category 45,Category 45_restored,Active,8/3/2016 15:31
INC0000710__13,2266,closure,INC0000710,True,INC0000710__12,0.0,0.0,0.0,complete,0,1,Category 45,Category 45_restored,Awaiting User Info,8/3/2016 15:31
INC0000710__14,2267,closure,INC0000710,True,INC0000710__13,0.0,0.0,0.0,complete,0,1,Category 45,Category 45_restored,Awaiting User Info,9/3/2016 14:32
INC0000710__15,2268,closure,INC0000710,True,INC0000710__14,0.0,0.0,0.0,complete,0,1,Category 45,Category 45_restored,Resolved,14/3/2016 19:15
INC0000710__16,2269,closure,INC0000710,True,INC0000710__15,0.0,0.0,0.0,complete,0,1,Category 45,Category 45_restored,Closed,24/3/2016 18:59
INC0000712__0,2270,source,INC0000712,False,,0.44999999999999996,0.44999999999999996,0.0,none,0,0,Category 32,Category 32,New,1/3/2016 13:59
INC0000712__1,2271,closure,INC0000712,True,INC0000712__0,0.44999999999999996,0.44999999999999996,0.0,complete,0,1,Category 32,Category 32_restored,Awaiting User Info,1/3/2016 14:01
INC0000712__2,2272,closure,INC0000712,True,INC0000712__1,0.44999999999999996,0.44999999999999996,0.0,complete,0,1,Category 32,Category 32_restored,Resolved,1/3/2016 14:22
INC0000712__3,2273,closure,INC0000712,True,INC0000712__2,0.44999999999999996,0.35,-0.09999999999999998,complete,0,1,Category 32,Category 32_restored,Closed,6/3/2016 15:00
INC0000715__0,2274,source,INC0000715,False,,0.44999999999999996,0.44999999999999996,0.0,none,0,0,Category 61,Category 61,New,1/3/2016 13:03
INC0000715__1,2275,closure,INC0000715,True,INC0000715__0,0.44999999999999996,0.44999999999999996,0.0,complete,0,1,Category 61,Category 61_restored,Active,1/3/2016 14:10
INC0000715__2,2276,closure,INC0000715,True,INC0000715__1,0.44999999999999996,0.44999999999999996,0.0,complete,0,1,Category 61,Category 61_restored,Resolved,3/3/2016 08:36
INC0000715__3,2277,closure,INC0000715,True,INC0000715__2,0.44999999999999996,0.39999999999999997,-0.04999999999999999,complete,0,1,Category 61,Category 61_restored,Active,4/3/2016 12:42
INC0000715__4,2278,closure,INC0000715,True,INC0000715__3,0.39999999999999997,0.35,-0.04999999999999999,complete,0,1,Category 61,Category 61_restored,Active,10/3/2016 12:16
INC0000715__5,2279,closure,INC0000715,True,INC0000715__4,0.35,0.3,-0.04999999999999999,complete,0,1,Category 61,Category 61_restored,Resolved,10/3/2016 12:16
INC0000715__6,2280,closure,INC0000715,True,INC0000715__5,0.3,0.25,-0.04999999999999999,complete,0,1,Category 61,Category 61_restored,Active,10/3/2016 12:47
INC0000715__7,2281,closure,INC0000715,True,INC0000715__6,0.25,0.2,-0.04999999999999999,complete,0,1,Category 61,Category 61_restored,Active,10/3/2016 12:47
INC0000715__8,2282,closure,INC0000715,True,INC0000715__7,0.2,0.15000000000000002,-0.04999999999999999,complete,0,1,Category 61,Category 61_restored,Active,10/3/2016 15:36
INC0000715__9,2283,closure,INC0000715,True,INC0000715__8,0.15000000000000002,0.10000000000000002,-0.05,complete,0,1,Category 61,Category 61_restored,Resolved,10/3/2016 15:36
INC0000715__10,2284,closure,INC0000715,True,INC0000715__9,0.10000000000000002,0.05000000000000002,-0.05,complete,0,1,Category 61,Category 61_restored,Closed,24/3/2016 18:50
INC0000717__0,2285,source,INC0000717,False,,0.44999999999999996,0.44999999999999996,0.0,none,0,0,Category 53,Category 53,New,1/3/2016 13:45
INC0000717__1,2286,closure,INC0000717,True,INC0000717__0,0.44999999999999996,0.39999999999999997,-0.04999999999999999,complete,0,1,Category 53,Category 53_restored,New,1/3/2016 16:20
INC0000717__2,2287,closure,INC0000717,True,INC0000717__1,0.39999999999999997,0.35,-0.04999999999999999,complete,0,1,Category 53,Category 53_restored,Resolved,3/3/2016 11:47
INC0000717__3,2288,closure,INC0000717,True,INC0000717__2,0.35,0.3,-0.04999999999999999,complete,0,1,Category 53,Category 53_restored,Closed,8/3/2016 12:00
INC0000720__0,2289,source,INC0000720,False,,0.75,0.75,0.0,none,0,0,Category 55,Category 55,Active,1/3/2016 13:14
INC0000720__1,2290,closure,INC0000720,True,INC0000720__0,0.75,0.75,0.0,complete,0,1,Category 55,Category 55_restored,Active,1/3/2016 13:16
INC0000720__2,2291,closure,INC0000720,True,INC0000720__1,0.75,0.44999999999999996,-0.30000000000000004,complete,0,3,Category 55,Category 55_restored,Active,3/3/2016 14:52
INC0000720__3,2292,closure,INC0000720,True,INC0000720__2,0.44999999999999996,0.44999999999999996,0.0,complete,0,1,Category 55,Category 55_restored,Awaiting User Info,8/3/2016 09:25
INC0000720__4,2293,closure,INC0000720,True,INC0000720__3,0.44999999999999996,0.44999999999999996,0.0,complete,0,1,Category 55,Category 55_restored,Resolved,17/3/2016 11:07
INC0000720__5,2294,closure,INC0000720,True,INC0000720__4,0.44999999999999996,0.39999999999999997,-0.04999999999999999,complete,0,1,Category 55,Category 55_restored,Closed,24/3/2016 18:59
INC0000722__0,2295,source,INC0000722,False,,0.44999999999999996,0.44999999999999996,0.0,none,0,0,Category 15,Category 15,New,1/3/2016 13:18
INC0000722__1,2296,closure,INC0000722,True,INC0000722__0,0.44999999999999996,0.44999999999999996,0.0,complete,0,1,Category 15,Category 15_restored,New,1/3/2016 13:20
INC0000722__2,2297,closure,INC0000722,True,INC0000722__1,0.44999999999999996,0.44999999999999996,0.0,complete,0,1,Category 15,Category 15_restored,New,1/3/2016 13:22
INC0000722__3,2298,closure,INC0000722,True,INC0000722__2,0.44999999999999996,0.39999999999999997,-0.04999999999999999,complete,0,1,Category 37,Category 37_restored,Active,1/3/2016 13:34
INC0000722__4,2299,closure,INC0000722,True,INC0000722__3,0.39999999999999997,0.35,-0.04999999999999999,complete,0,1,Category 37,Category 37_restored,Resolved,1/3/2016 13:35
INC0000722__5,2300,closure,INC0000722,True,INC0000722__4,0.35,0.3,-0.04999999999999999,complete,0,1,Category 37,Category 37_restored,Closed,6/3/2016 14:00
INC0000723__0,2301,source,INC0000723,False,,0.44999999999999996,0.44999999999999996,0.0,none,0,0,Category 9,Category 9,New,1/3/2016 13:13
INC0000723__1,2302,closure,INC0000723,True,INC0000723__0,0.44999999999999996,0.39999999999999997,-0.04999999999999999,complete,0,1,Category 9,Category 9_restored,New,2/3/2016 01:59
INC0000723__2,2303,closure,INC0000723,True,INC0000723__1,0.39999999999999997,0.35,-0.04999999999999999,complete,0,1,Category 9,Category 9_restored,New,17/3/2016 09:22
INC0000723__3,2304,closure,INC0000723,True,INC0000723__2,0.35,0.3,-0.04999999999999999,complete,0,1,Category 9,Category 9_restored,Active,18/3/2016 13:02
INC0000723__4,2305,closure,INC0000723,True,INC0000723__3,0.3,0.25,-0.04999999999999999,complete,0,1,Category 9,Category 9_restored,Active,22/3/2016 17:14
INC0000723__5,2306,closure,INC0000723,True,INC0000723__4,0.25,0.2,-0.04999999999999999,complete,0,1,Category 9,Category 9_restored,Awaiting User Info,23/3/2016 14:38
INC0000723__6,2307,closure,INC0000723,True,INC0000723__5,0.2,0.15000000000000002,-0.04999999999999999,complete,0,1,Category 9,Category 9_restored,Awaiting User Info,24/3/2016 11:15
INC0000723__7,2308,closure,INC0000723,True,INC0000723__6,0.15000000000000002,0.10000000000000002,-0.05,complete,0,1,Category 9,Category 9_restored,Awaiting User Info,24/3/2016 12:14
INC0000723__8,2309,closure,INC0000723,True,INC0000723__7,0.10000000000000002,0.05000000000000002,-0.05,complete,0,1,Category 9,Category 9_restored,Resolved,24/3/2016 12:14
INC0000723__9,2310,closure,INC0000723,True,INC0000723__8,0.05000000000000002,1.3877787807814457e-17,-0.05,complete,0,1,Category 9,Category 9_restored,Closed,29/3/2016 12:59
INC0000727__0,2311,source,INC0000727,False,,0.44999999999999996,0.44999999999999996,0.0,none,0,0,Category 51,Category 51,New,1/3/2016 13:23
INC0000727__1,2312,closure,INC0000727,True,INC0000727__0,0.44999999999999996,0.44999999999999996,0.0,complete,0,1,Category 51,Category 51_restored,New,3/3/2016 10:29
INC0000727__2,2313,closure,INC0000727,True,INC0000727__1,0.44999999999999996,0.39999999999999997,-0.04999999999999999,complete,0,1,Category 51,Category 51_restored,New,3/3/2016 10:29
INC0000727__3,2314,closure,INC0000727,True,INC0000727__2,0.39999999999999997,0.35,-0.04999999999999999,complete,0,1,Category 51,Category 51_restored,New,4/3/2016 01:40
INC0000727__4,2315,closure,INC0000727,True,INC0000727__3,0.35,0.3,-0.04999999999999999,complete,0,1,Category 51,Category 51_restored,New,4/3/2016 09:50
INC0000727__5,2316,closure,INC0000727,True,INC0000727__4,0.3,0.25,-0.04999999999999999,complete,0,1,Category 51,Category 51_restored,New,4/3/2016 16:16
INC0000727__6,2317,closure,INC0000727,True,INC0000727__5,0.25,0.2,-0.04999999999999999,complete,0,1,Category 51,Category 51_restored,New,4/3/2016 16:16
INC0000727__7,2318,closure,INC0000727,True,INC0000727__6,0.2,0.15000000000000002,-0.04999999999999999,complete,0,1,Category 51,Category 51_restored,New,4/3/2016 17:08
INC0000727__8,2319,closure,INC0000727,True,INC0000727__7,0.15000000000000002,0.10000000000000002,-0.05,complete,0,1,Category 51,Category 51_restored,Awaiting User Info,4/3/2016 17:08
INC0000727__9,2320,closure,INC0000727,True,INC0000727__8,0.10000000000000002,0.05000000000000002,-0.05,complete,0,1,Category 51,Category 51_restored,Awaiting User Info,9/3/2016 14:37
INC0000727__10,2321,closure,INC0000727,True,INC0000727__9,0.05000000000000002,1.3877787807814457e-17,-0.05,complete,0,1,Category 51,Category 51_restored,Awaiting User Info,12/3/2016 19:31
INC0000727__11,2322,closure,INC0000727,True,INC0000727__10,1.3877787807814457e-17,0.0,-1.3877787807814457e-17,complete,0,1,Category 51,Category 51_restored,Awaiting User Info,14/3/2016 10:56
INC0000727__12,2323,closure,INC0000727,True,INC0000727__11,0.0,0.0,0.0,complete,0,1,Category 51,Category 51_restored,Awaiting User Info,14/3/2016 19:41
INC0000727__13,2324,closure,INC0000727,True,INC0000727__12,0.0,0.0,0.0,complete,0,1,Category 51,Category 51_restored,Awaiting User Info,15/3/2016 11:25
INC0000727__14,2325,closure,INC0000727,True,INC0000727__13,0.0,0.0,0.0,complete,0,1,Category 51,Category 51_restored,Resolved,15/3/2016 19:13
INC0000727__15,2326,closure,INC0000727,True,INC0000727__14,0.0,0.0,0.0,complete,0,1,Category 51,Category 51_restored,Closed,24/3/2016 18:59
INC0000728__0,2327,source,INC0000728,False,,0.30000000000000004,0.30000000000000004,0.0,none,0,0,Category 53,Category 53,Active,1/3/2016 13:27
INC0000728__1,2328,closure,INC0000728,True,INC0000728__0,0.30000000000000004,0.25000000000000006,-0.04999999999999999,complete,0,1,Category 53,Category 53_restored,Active,1/3/2016 13:33
INC0000728__2,2329,closure,INC0000728,True,INC0000728__1,0.25000000000000006,0.20000000000000007,-0.04999999999999999,complete,0,1,Category 53,Category 53_restored,Resolved,3/3/2016 11:50
INC0000728__3,2330,closure,INC0000728,True,INC0000728__2,0.20000000000000007,0.15000000000000008,-0.04999999999999999,complete,0,1,Category 53,Category 53_restored,Closed,8/3/2016 12:00
INC0000729__0,2331,source,INC0000729,False,,0.75,0.75,0.0,none,0,0,Category 45,Category 45,New,1/3/2016 14:05
INC0000729__1,2332,closure,INC0000729,True,INC0000729__0,0.75,0.75,0.0,complete,0,1,Category 45,Category 45_restored,Active,1/3/2016 14:47
INC0000729__2,2333,closure,INC0000729,True,INC0000729__1,0.75,0.75,0.0,complete,0,1,Category 45,Category 45_restored,Awaiting User Info,1/3/2016 15:16
INC0000729__3,2334,closure,INC0000729,True,INC0000729__2,0.75,0.75,0.0,complete,0,1,Category 45,Category 45_restored,Awaiting User Info,1/3/2016 15:20
INC0000729__4,2335,closure,INC0000729,True,INC0000729__3,0.75,0.75,0.0,complete,0,1,Category 45,Category 45_restored,Awaiting User Info,1/3/2016 15:20
INC0000729__5,2336,closure,INC0000729,True,INC0000729__4,0.75,0.23333333333333334,-0.5166666666666666,complete,0,5,Category 45,Category 45_restored,Awaiting User Info,1/3/2016 15:38
INC0000729__6,2337,closure,INC0000729,True,INC0000729__5,0.23333333333333334,0.23333333333333334,0.0,complete,0,1,Category 45,Category 45_restored,Awaiting User Info,2/3/2016 16:03
INC0000729__7,2338,closure,INC0000729,True,INC0000729__6,0.23333333333333334,0.18333333333333335,-0.04999999999999999,complete,0,1,Category 45,Category 45_restored,Active,2/3/2016 16:04
INC0000729__8,2339,closure,INC0000729,True,INC0000729__7,0.18333333333333335,0.13333333333333336,-0.04999999999999999,complete,0,1,Category 45,Category 45_restored,Resolved,3/3/2016 09:03
INC0000729__9,2340,closure,INC0000729,True,INC0000729__8,0.13333333333333336,0.08333333333333336,-0.05,complete,0,1,Category 45,Category 45_restored,Closed,8/3/2016 10:00
INC0000733__0,2341,source,INC0000733,False,,0.44999999999999996,0.44999999999999996,0.0,none,0,0,Category 23,Category 23,New,1/3/2016 13:32
INC0000733__1,2342,closure,INC0000733,True,INC0000733__0,0.44999999999999996,0.39999999999999997,-0.04999999999999999,complete,0,1,Category 23,Category 23_restored,New,2/3/2016 02:01
INC0000733__2,2343,closure,INC0000733,True,INC0000733__1,0.39999999999999997,0.35,-0.04999999999999999,complete,0,1,Category 23,Category 23_restored,Active,2/3/2016 09:26
INC0000733__3,2344,closure,INC0000733,True,INC0000733__2,0.35,0.3,-0.04999999999999999,complete,0,1,Category 23,Category 23_restored,Active,18/3/2016 16:22
INC0000733__4,2345,closure,INC0000733,True,INC0000733__3,0.3,0.25,-0.04999999999999999,complete,0,1,Category 23,Category 23_restored,Active,18/3/2016 16:22
INC0000733__5,2346,closure,INC0000733,True,INC0000733__4,0.25,0.2,-0.04999999999999999,complete,0,1,Category 23,Category 23_restored,Resolved,18/3/2016 18:36
INC0000733__6,2347,closure,INC0000733,True,INC0000733__5,0.2,0.15000000000000002,-0.04999999999999999,complete,0,1,Category 23,Category 23_restored,Closed,24/3/2016 18:59
INC0000734__0,2348,source,INC0000734,False,,0.44999999999999996,0.44999999999999996,0.0,none,0,0,Category 8,Category 8,New,1/3/2016 13:39
INC0000734__1,2349,closure,INC0000734,True,INC0000734__0,0.44999999999999996,0.39999999999999997,-0.04999999999999999,complete,0,1,Category 8,Category 8_restored,New,2/3/2016 02:00
INC0000734__2,2350,closure,INC0000734,True,INC0000734__1,0.39999999999999997,0.35,-0.04999999999999999,complete,0,1,Category 8,Category 8_restored,Active,3/3/2016 11:20
INC0000734__3,2351,closure,INC0000734,True,INC0000734__2,0.35,0.3,-0.04999999999999999,complete,0,1,Category 8,Category 8_restored,Awaiting User Info,3/3/2016 11:21
INC0000734__4,2352,closure,INC0000734,True,INC0000734__3,0.3,0.25,-0.04999999999999999,complete,0,1,Category 8,Category 8_restored,Resolved,3/3/2016 16:03
INC0000734__5,2353,closure,INC0000734,True,INC0000734__4,0.25,0.2,-0.04999999999999999,complete,0,1,Category 8,Category 8_restored,Closed,8/3/2016 17:00
INC0000735__0,2354,source,INC0000735,False,,0.44999999999999996,0.44999999999999996,0.0,none,0,0,Category 53,Category 53,New,1/3/2016 13:37
INC0000735__1,2355,closure,INC0000735,True,INC0000735__0,0.44999999999999996,0.44999999999999996,0.0,complete,0,1,Category 53,Category 53_restored,New,1/3/2016 14:18
INC0000735__2,2356,closure,INC0000735,True,INC0000735__1,0.44999999999999996,0.39999999999999997,-0.04999999999999999,complete,0,1,Category 53,Category 53_restored,New,2/3/2016 02:02
INC0000735__3,2357,closure,INC0000735,True,INC0000735__2,0.39999999999999997,0.35,-0.04999999999999999,complete,0,1,Category 53,Category 53_restored,New,2/3/2016 09:20
INC0000735__4,2358,closure,INC0000735,True,INC0000735__3,0.35,0.3,-0.04999999999999999,complete,0,1,Category 53,Category 53_restored,New,3/3/2016 02:07
INC0000735__5,2359,closure,INC0000735,True,INC0000735__4,0.3,0.25,-0.04999999999999999,complete,0,1,Category 53,Category 53_restored,Active,3/3/2016 09:26
INC0000735__6,2360,closure,INC0000735,True,INC0000735__5,0.25,0.2,-0.04999999999999999,complete,0,1,Category 53,Category 53_restored,Active,3/3/2016 10:18
INC0000735__7,2361,closure,INC0000735,True,INC0000735__6,0.2,0.15000000000000002,-0.04999999999999999,complete,0,1,Category 53,Category 53_restored,Active,3/3/2016 10:27
INC0000735__8,2362,closure,INC0000735,True,INC0000735__7,0.15000000000000002,0.10000000000000002,-0.05,complete,0,1,Category 53,Category 53_restored,Resolved,3/3/2016 10:27
INC0000735__9,2363,closure,INC0000735,True,INC0000735__8,0.10000000000000002,0.05000000000000002,-0.05,complete,0,1,Category 53,Category 53_restored,Closed,8/3/2016 11:00
INC0000740__0,2364,source,INC0000740,False,,0.6,0.6,0.0,none,0,0,Category 53,Category 53,New,1/3/2016 13:44
INC0000740__1,2365,closure,INC0000740,True,INC0000740__0,0.6,0.5499999999999999,-0.050000000000000044,complete,0,1,Category 53,Category 53_restored,New,2/3/2016 02:04
INC0000740__2,2366,closure,INC0000740,True,INC0000740__1,0.5499999999999999,0.49999999999999994,-0.04999999999999999,complete,0,1,Category 53,Category 53_restored,New,2/3/2016 09:28
INC0000740__3,2367,closure,INC0000740,True,INC0000740__2,0.49999999999999994,0.44999999999999996,-0.04999999999999999,complete,0,1,Category 53,Category 53_restored,New,2/3/2016 14:25
INC0000740__4,2368,closure,INC0000740,True,INC0000740__3,0.44999999999999996,0.39999999999999997,-0.04999999999999999,complete,0,1,Category 53,Category 53_restored,Awaiting Problem,2/3/2016 14:25
INC0000740__5,2369,closure,INC0000740,True,INC0000740__4,0.39999999999999997,0.35,-0.04999999999999999,complete,0,1,Category 53,Category 53_restored,Awaiting Problem,7/3/2016 12:09
INC0000740__6,2370,closure,INC0000740,True,INC0000740__5,0.35,0.3,-0.04999999999999999,complete,0,1,Category 53,Category 53_restored,Awaiting User Info,7/3/2016 12:09
INC0000740__7,2371,closure,INC0000740,True,INC0000740__6,0.3,0.25,-0.04999999999999999,complete,0,1,Category 53,Category 53_restored,Awaiting User Info,8/3/2016 11:37
INC0000740__8,2372,closure,INC0000740,True,INC0000740__7,0.25,0.2,-0.04999999999999999,complete,0,1,Category 53,Category 53_restored,Resolved,8/3/2016 11:37
INC0000740__9,2373,closure,INC0000740,True,INC0000740__8,0.2,0.15000000000000002,-0.04999999999999999,complete,0,1,Category 53,Category 53_restored,Closed,24/3/2016 18:40
INC0000741__0,2374,source,INC0000741,False,,0.44999999999999996,0.44999999999999996,0.0,none,0,0,Category 37,Category 37,New,1/3/2016 13:48
INC0000741__1,2375,closure,INC0000741,True,INC0000741__0,0.44999999999999996,0.44999999999999996,0.0,complete,0,1,Category 37,Category 37_restored,Active,1/3/2016 13:49
INC0000741__2,2376,closure,INC0000741,True,INC0000741__1,0.44999999999999996,0.44999999999999996,0.0,complete,0,1,Category 37,Category 37_restored,Active,1/3/2016 13:50
INC0000741__3,2377,closure,INC0000741,True,INC0000741__2,0.44999999999999996,0.44999999999999996,0.0,complete,0,1,Category 37,Category 37_restored,Active,1/3/2016 13:52
INC0000741__4,2378,closure,INC0000741,True,INC0000741__3,0.44999999999999996,0.44999999999999996,0.0,complete,0,1,Category 37,Category 37_restored,Awaiting User Info,1/3/2016 14:05
INC0000741__5,2379,closure,INC0000741,True,INC0000741__4,0.44999999999999996,0.44999999999999996,0.0,complete,0,1,Category 37,Category 37_restored,Awaiting User Info,10/3/2016 14:16
INC0000741__6,2380,closure,INC0000741,True,INC0000741__5,0.44999999999999996,0.44999999999999996,0.0,complete,0,1,Category 37,Category 37_restored,Awaiting User Info,14/3/2016 15:29
INC0000741__7,2381,closure,INC0000741,True,INC0000741__6,0.44999999999999996,0.44999999999999996,0.0,complete,0,1,Category 37,Category 37_restored,Resolved,14/3/2016 15:30
INC0000741__8,2382,closure,INC0000741,True,INC0000741__7,0.44999999999999996,0.39999999999999997,-0.04999999999999999,complete,0,1,Category 37,Category 37_restored,Closed,24/3/2016 18:50
INC0000743__0,2383,source,INC0000743,False,,0.44999999999999996,0.44999999999999996,0.0,none,0,0,Category 42,Category 42,New,1/3/2016 13:54
INC0000743__1,2384,closure,INC0000743,True,INC0000743__0,0.44999999999999996,0.39999999999999997,-0.04999999999999999,complete,0,1,Category 42,Category 42_restored,New,1/3/2016 14:55
INC0000743__2,2385,closure,INC0000743,True,INC0000743__1,0.39999999999999997,0.35,-0.04999999999999999,complete,0,1,Category 42,Category 42_restored,Resolved,1/3/2016 15:12
INC0000743__3,2386,closure,INC0000743,True,INC0000743__2,0.35,0.3,-0.04999999999999999,complete,0,1,Category 42,Category 42_restored,Closed,6/3/2016 16:00
INC0000745__0,2387,source,INC0000745,False,,0.44999999999999996,0.44999999999999996,0.0,none,0,0,Category 32,Category 32,New,1/3/2016 13:56
INC0000745__1,2388,closure,INC0000745,True,INC0000745__0,0.44999999999999996,0.44999999999999996,0.0,complete,0,1,Category 32,Category 32_restored,New,1/3/2016 15:15
INC0000745__2,2389,closure,INC0000745,True,INC0000745__1,0.44999999999999996,0.44999999999999996,0.0,complete,0,1,Category 32,Category 32_restored,Resolved,1/3/2016 15:15
INC0000745__3,2390,closure,INC0000745,True,INC0000745__2,0.44999999999999996,0.35,-0.09999999999999998,complete,0,1,Category 32,Category 32_restored,Closed,6/3/2016 16:00
INC0000746__0,2391,source,INC0000746,False,,0.44999999999999996,0.44999999999999996,0.0,none,0,0,Category 34,Category 34,New,1/3/2016 14:00
INC0000746__1,2392,closure,INC0000746,True,INC0000746__0,0.44999999999999996,0.44999999999999996,0.0,complete,0,1,Category 34,Category 34_restored,Active,1/3/2016 14:22
INC0000746__2,2393,closure,INC0000746,True,INC0000746__1,0.44999999999999996,0.44999999999999996,0.0,complete,0,1,Category 34,Category 34_restored,Resolved,1/3/2016 14:23
INC0000746__3,2394,closure,INC0000746,True,INC0000746__2,0.44999999999999996,0.35,-0.09999999999999998,complete,0,1,Category 34,Category 34_restored,Closed,6/3/2016 15:00
INC0000747__0,2395,source,INC0000747,False,,0.44999999999999996,0.44999999999999996,0.0,none,0,0,Category 23,Category 23,Active,1/3/2016 14:00
INC0000747__1,2396,closure,INC0000747,True,INC0000747__0,0.44999999999999996,0.44999999999999996,0.0,complete,0,1,Category 23,Category 23_restored,Active,1/3/2016 16:58
INC0000747__2,2397,closure,INC0000747,True,INC0000747__1,0.44999999999999996,0.44999999999999996,0.0,complete,0,1,Category 23,Category 23_restored,Active,1/3/2016 17:52
INC0000747__3,2398,closure,INC0000747,True,INC0000747__2,0.44999999999999996,0.44999999999999996,0.0,complete,0,1,Category 23,Category 23_restored,Active,2/3/2016 17:24
INC0000747__4,2399,closure,INC0000747,True,INC0000747__3,0.44999999999999996,0.44999999999999996,0.0,complete,0,1,Category 23,Category 23_restored,Active,3/3/2016 17:19
INC0000747__5,2400,closure,INC0000747,True,INC0000747__4,0.44999999999999996,0.44999999999999996,0.0,complete,0,1,Category 23,Category 23_restored,Awaiting User Info,3/3/2016 17:19
INC0000747__6,2401,closure,INC0000747,True,INC0000747__5,0.44999999999999996,0.44999999999999996,0.0,complete,0,1,Category 23,Category 23_restored,Awaiting User Info,4/3/2016 13:08
INC0000747__7,2402,closure,INC0000747,True,INC0000747__6,0.44999999999999996,0.44999999999999996,0.0,complete,0,1,Category 23,Category 23_restored,Awaiting User Info,9/3/2016 14:41
INC0000747__8,2403,closure,INC0000747,True,INC0000747__7,0.44999999999999996,0.44999999999999996,0.0,complete,0,1,Category 23,Category 23_restored,Resolved,9/3/2016 14:41
INC0000747__9,2404,closure,INC0000747,True,INC0000747__8,0.44999999999999996,0.39999999999999997,-0.04999999999999999,complete,0,1,Category 23,Category 23_restored,Closed,24/3/2016 18:40
INC0000749__0,2405,source,INC0000749,False,,0.44999999999999996,0.44999999999999996,0.0,none,0,0,Category 42,Category 42,New,1/3/2016 14:09
INC0000749__1,2406,closure,INC0000749,True,INC0000749__0,0.44999999999999996,0.44999999999999996,0.0,complete,0,1,Category 42,Category 42_restored,Active,1/3/2016 14:09
INC0000749__2,2407,closure,INC0000749,True,INC0000749__1,0.44999999999999996,0.39999999999999997,-0.04999999999999999,complete,0,1,Category 42,Category 42_restored,Active,1/3/2016 16:08
INC0000749__3,2408,closure,INC0000749,True,INC0000749__2,0.39999999999999997,0.35,-0.04999999999999999,complete,0,1,Category 42,Category 42_restored,Resolved,1/3/2016 16:09
INC0000749__4,2409,closure,INC0000749,True,INC0000749__3,0.35,0.3,-0.04999999999999999,complete,0,1,Category 42,Category 42_restored,Closed,6/3/2016 17:00
INC0000750__0,2410,source,INC0000750,False,,0.44999999999999996,0.44999999999999996,0.0,none,0,0,Category 51,Category 51,New,1/3/2016 14:14
INC0000750__1,2411,closure,INC0000750,True,INC0000750__0,0.44999999999999996,0.39999999999999997,-0.04999999999999999,complete,0,1,Category 51,Category 51_restored,New,2/3/2016 02:05
INC0000750__2,2412,closure,INC0000750,True,INC0000750__1,0.39999999999999997,0.35,-0.04999999999999999,complete,0,1,Category 51,Category 51_restored,New,2/3/2016 09:22
INC0000750__3,2413,closure,INC0000750,True,INC0000750__2,0.35,0.3,-0.04999999999999999,complete,0,1,Category 51,Category 51_restored,Active,2/3/2016 09:53
INC0000750__4,2414,closure,INC0000750,True,INC0000750__3,0.3,0.25,-0.04999999999999999,complete,0,1,Category 51,Category 51_restored,Resolved,2/3/2016 14:09
INC0000750__5,2415,closure,INC0000750,True,INC0000750__4,0.25,0.2,-0.04999999999999999,complete,0,1,Category 51,Category 51_restored,Closed,7/3/2016 15:00
INC0000754__0,2416,source,INC0000754,False,,0.44999999999999996,0.44999999999999996,0.0,none,0,0,Category 34,Category 34,New,1/3/2016 14:21
INC0000754__1,2417,closure,INC0000754,True,INC0000754__0,0.44999999999999996,0.39999999999999997,-0.04999999999999999,complete,0,1,Category 34,Category 34_restored,New,3/3/2016 10:15
INC0000754__2,2418,closure,INC0000754,True,INC0000754__1,0.39999999999999997,0.35,-0.04999999999999999,complete,0,1,Category 34,Category 34_restored,New,11/3/2016 14:23
INC0000754__3,2419,closure,INC0000754,True,INC0000754__2,0.35,0.3,-0.04999999999999999,complete,0,1,Category 34,Category 34_restored,New,11/3/2016 17:39
INC0000754__4,2420,closure,INC0000754,True,INC0000754__3,0.3,0.25,-0.04999999999999999,complete,0,1,Category 34,Category 34_restored,Active,14/3/2016 08:46
INC0000754__5,2421,closure,INC0000754,True,INC0000754__4,0.25,0.2,-0.04999999999999999,complete,0,1,Category 34,Category 34_restored,Active,15/3/2016 17:05
INC0000754__6,2422,closure,INC0000754,True,INC0000754__5,0.2,0.15000000000000002,-0.04999999999999999,complete,0,1,Category 34,Category 34_restored,Active,17/3/2016 08:18
INC0000754__7,2423,closure,INC0000754,True,INC0000754__6,0.15000000000000002,0.10000000000000002,-0.05,complete,0,1,Category 34,Category 34_restored,Resolved,17/3/2016 08:18
INC0000754__8,2424,closure,INC0000754,True,INC0000754__7,0.10000000000000002,0.05000000000000002,-0.05,complete,0,1,Category 34,Category 34_restored,Closed,24/3/2016 18:59
INC0000757__0,2425,source,INC0000757,False,,0.44999999999999996,0.44999999999999996,0.0,none,0,0,Category 42,Category 42,New,1/3/2016 14:35
INC0000757__1,2426,closure,INC0000757,True,INC0000757__0,0.44999999999999996,0.44999999999999996,0.0,complete,0,1,Category 42,Category 42_restored,New,1/3/2016 14:39
INC0000757__2,2427,closure,INC0000757,True,INC0000757__1,0.44999999999999996,0.44999999999999996,0.0,complete,0,1,Category 42,Category 42_restored,New,1/3/2016 14:44
INC0000757__3,2428,closure,INC0000757,True,INC0000757__2,0.44999999999999996,0.44999999999999996,0.0,complete,0,1,Category 42,Category 42_restored,Resolved,1/3/2016 14:59
INC0000757__4,2429,closure,INC0000757,True,INC0000757__3,0.44999999999999996,0.35,-0.09999999999999998,complete,0,1,Category 42,Category 42_restored,Closed,6/3/2016 15:00
INC0000759__0,2430,source,INC0000759,False,,0.44999999999999996,0.44999999999999996,0.0,none,0,0,Category 20,Category 20,New,1/3/2016 14:35
INC0000759__1,2431,closure,INC0000759,True,INC0000759__0,0.44999999999999996,0.44999999999999996,0.0,complete,0,1,Category 20,Category 20_restored,Active,1/3/2016 15:38
INC0000759__2,2432,closure,INC0000759,True,INC0000759__1,0.44999999999999996,0.44999999999999996,0.0,complete,0,1,Category 20,Category 20_restored,Active,1/3/2016 15:51
INC0000759__3,2433,closure,INC0000759,True,INC0000759__2,0.44999999999999996,0.44999999999999996,0.0,complete,0,1,Category 20,Category 20_restored,Active,1/3/2016 15:52
INC0000759__4,2434,closure,INC0000759,True,INC0000759__3,0.44999999999999996,0.44999999999999996,0.0,complete,0,1,Category 20,Category 20_restored,Resolved,1/3/2016 15:52
INC0000759__5,2435,closure,INC0000759,True,INC0000759__4,0.44999999999999996,0.35,-0.09999999999999998,complete,0,1,Category 20,Category 20_restored,Closed,6/3/2016 16:00
INC0000760__0,2436,source,INC0000760,False,,0.44999999999999996,0.44999999999999996,0.0,none,0,0,Category 37,Category 37,New,1/3/2016 14:34
INC0000760__1,2437,closure,INC0000760,True,INC0000760__0,0.44999999999999996,0.44999999999999996,0.0,complete,0,1,Category 37,Category 37_restored,Active,1/3/2016 15:53
INC0000760__2,2438,closure,INC0000760,True,INC0000760__1,0.44999999999999996,0.44999999999999996,0.0,complete,0,1,Category 37,Category 37_restored,Resolved,1/3/2016 15:58
INC0000760__3,2439,closure,INC0000760,True,INC0000760__2,0.44999999999999996,0.35,-0.09999999999999998,complete,0,1,Category 37,Category 37_restored,Closed,6/3/2016 16:00
INC0000761__0,2440,source,INC0000761,False,,0.44999999999999996,0.44999999999999996,0.0,none,0,0,Category 53,Category 53,New,1/3/2016 14:38
INC0000761__1,2441,closure,INC0000761,True,INC0000761__0,0.44999999999999996,0.44999999999999996,0.0,complete,0,1,Category 53,Category 53_restored,Active,1/3/2016 16:39
INC0000761__2,2442,closure,INC0000761,True,INC0000761__1,0.44999999999999996,0.44999999999999996,0.0,complete,0,1,Category 53,Category 53_restored,Awaiting User Info,1/3/2016 16:55
INC0000761__3,2443,closure,INC0000761,True,INC0000761__2,0.44999999999999996,0.44999999999999996,0.0,complete,0,1,Category 53,Category 53_restored,Active,2/3/2016 10:26
INC0000761__4,2444,closure,INC0000761,True,INC0000761__3,0.44999999999999996,0.44999999999999996,0.0,complete,0,1,Category 53,Category 53_restored,Active,2/3/2016 10:31
INC0000761__5,2445,closure,INC0000761,True,INC0000761__4,0.44999999999999996,0.44999999999999996,0.0,complete,0,1,Category 53,Category 53_restored,Awaiting User Info,2/3/2016 10:31
INC0000761__6,2446,closure,INC0000761,True,INC0000761__5,0.44999999999999996,0.44999999999999996,0.0,complete,0,1,Category 53,Category 53_restored,Active,2/3/2016 15:01
INC0000761__7,2447,closure,INC0000761,True,INC0000761__6,0.44999999999999996,0.44999999999999996,0.0,complete,0,1,Category 53,Category 53_restored,Active,2/3/2016 15:19
INC0000761__8,2448,closure,INC0000761,True,INC0000761__7,0.44999999999999996,0.44999999999999996,0.0,complete,0,1,Category 53,Category 53_restored,Resolved,2/3/2016 15:20
INC0000761__9,2449,closure,INC0000761,True,INC0000761__8,0.44999999999999996,0.35,-0.09999999999999998,complete,0,1,Category 53,Category 53_restored,Closed,7/3/2016 16:00
INC0000763__0,2450,source,INC0000763,False,,0.44999999999999996,0.44999999999999996,0.0,none,0,0,Category 20,Category 20,New,1/3/2016 14:46
INC0000763__1,2451,closure,INC0000763,True,INC0000763__0,0.44999999999999996,0.44999999999999996,0.0,complete,0,1,Category 20,Category 20_restored,Active,1/3/2016 15:03
INC0000763__2,2452,closure,INC0000763,True,INC0000763__1,0.44999999999999996,0.44999999999999996,0.0,complete,0,1,Category 20,Category 20_restored,Resolved,1/3/2016 15:36
INC0000763__3,2453,closure,INC0000763,True,INC0000763__2,0.44999999999999996,0.35,-0.09999999999999998,complete,0,1,Category 20,Category 20_restored,Closed,6/3/2016 16:00
INC0000764__0,2454,source,INC0000764,False,,0.6,0.6,0.0,none,0,0,Category 53,Category 53,New,1/3/2016 14:49
INC0000764__1,2455,closure,INC0000764,True,INC0000764__0,0.6,0.5499999999999999,-0.050000000000000044,complete,0,1,Category 53,Category 53_restored,New,2/3/2016 16:54
INC0000764__2,2456,closure,INC0000764,True,INC0000764__1,0.5499999999999999,0.49999999999999994,-0.04999999999999999,complete,0,1,Category 53,Category 53_restored,Active,4/3/2016 16:03
INC0000764__3,2457,closure,INC0000764,True,INC0000764__2,0.49999999999999994,0.44999999999999996,-0.04999999999999999,complete,0,1,Category 53,Category 53_restored,Active,7/3/2016 09:07
INC0000764__4,2458,closure,INC0000764,True,INC0000764__3,0.44999999999999996,0.39999999999999997,-0.04999999999999999,complete,0,1,Category 53,Category 53_restored,Active,7/3/2016 09:07
INC0000764__5,2459,closure,INC0000764,True,INC0000764__4,0.39999999999999997,0.35,-0.04999999999999999,complete,0,1,Category 53,Category 53_restored,Active,12/3/2016 06:30
INC0000764__6,2460,closure,INC0000764,True,INC0000764__5,0.35,0.3,-0.04999999999999999,complete,0,1,Category 53,Category 53_restored,Active,12/3/2016 13:22
INC0000764__7,2461,closure,INC0000764,True,INC0000764__6,0.3,0.25,-0.04999999999999999,complete,0,1,Category 53,Category 53_restored,Active,12/3/2016 13:22
INC0000764__8,2462,closure,INC0000764,True,INC0000764__7,0.25,0.2,-0.04999999999999999,complete,0,1,Category 53,Category 53_restored,Active,12/3/2016 13:23
INC0000764__9,2463,closure,INC0000764,True,INC0000764__8,0.2,0.15000000000000002,-0.04999999999999999,complete,0,1,Category 53,Category 53_restored,Active,15/3/2016 08:21
INC0000764__10,2464,closure,INC0000764,True,INC0000764__9,0.15000000000000002,0.10000000000000002,-0.05,complete,0,1,Category 53,Category 53_restored,Awaiting User Info,15/3/2016 08:25
INC0000764__11,2465,closure,INC0000764,True,INC0000764__10,0.10000000000000002,0.05000000000000002,-0.05,complete,0,1,Category 53,Category 53_restored,Awaiting User Info,17/3/2016 10:30
INC0000764__12,2466,closure,INC0000764,True,INC0000764__11,0.05000000000000002,1.3877787807814457e-17,-0.05,complete,0,1,Category 53,Category 53_restored,Resolved,17/3/2016 10:33
INC0000764__13,2467,closure,INC0000764,True,INC0000764__12,1.3877787807814457e-17,0.0,-1.3877787807814457e-17,complete,0,1,Category 53,Category 53_restored,Closed,24/3/2016 18:59
INC0000765__0,2468,source,INC0000765,False,,0.44999999999999996,0.44999999999999996,0.0,none,0,0,Category 9,Category 9,New,1/3/2016 14:44
INC0000765__1,2469,closure,INC0000765,True,INC0000765__0,0.44999999999999996,0.39999999999999997,-0.04999999999999999,complete,0,1,Category 9,Category 9_restored,New,1/3/2016 16:04
INC0000765__2,2470,closure,INC0000765,True,INC0000765__1,0.39999999999999997,0.35,-0.04999999999999999,complete,0,1,Category 9,Category 9_restored,New,2/3/2016 19:38
INC0000765__3,2471,closure,INC0000765,True,INC0000765__2,0.35,0.3,-0.04999999999999999,complete,0,1,Category 9,Category 9_restored,New,2/3/2016 19:42
INC0000765__4,2472,closure,INC0000765,True,INC0000765__3,0.3,0.25,-0.04999999999999999,complete,0,1,Category 9,Category 9_restored,Active,3/3/2016 16:37
INC0000765__5,2473,closure,INC0000765,True,INC0000765__4,0.25,0.2,-0.04999999999999999,complete,0,1,Category 9,Category 9_restored,Active,8/3/2016 08:03
INC0000765__6,2474,closure,INC0000765,True,INC0000765__5,0.2,0.15000000000000002,-0.04999999999999999,complete,0,1,Category 9,Category 9_restored,Active,8/3/2016 12:28
INC0000765__7,2475,closure,INC0000765,True,INC0000765__6,0.15000000000000002,0.10000000000000002,-0.05,complete,0,1,Category 9,Category 9_restored,Active,9/3/2016 16:43
INC0000765__8,2476,closure,INC0000765,True,INC0000765__7,0.10000000000000002,0.05000000000000002,-0.05,complete,0,1,Category 9,Category 9_restored,Active,11/3/2016 12:19
INC0000765__9,2477,closure,INC0000765,True,INC0000765__8,0.05000000000000002,1.3877787807814457e-17,-0.05,complete,0,1,Category 9,Category 9_restored,Active,14/3/2016 09:52
INC0000765__10,2478,closure,INC0000765,True,INC0000765__9,1.3877787807814457e-17,0.0,-1.3877787807814457e-17,complete,0,1,Category 9,Category 9_restored,Active,14/3/2016 09:53
INC0000765__11,2479,closure,INC0000765,True,INC0000765__10,0.0,0.0,0.0,complete,0,1,Category 9,Category 9_restored,Active,15/3/2016 10:00
INC0000765__12,2480,closure,INC0000765,True,INC0000765__11,0.0,0.0,0.0,complete,0,1,Category 9,Category 9_restored,Active,15/3/2016 10:01
INC0000765__13,2481,closure,INC0000765,True,INC0000765__12,0.0,0.0,0.0,complete,0,1,Category 9,Category 9_restored,Awaiting User Info,15/3/2016 10:54
INC0000765__14,2482,closure,INC0000765,True,INC0000765__13,0.0,0.0,0.0,complete,0,1,Category 9,Category 9_restored,Awaiting User Info,15/3/2016 10:54
INC0000765__15,2483,closure,INC0000765,True,INC0000765__14,0.0,0.0,0.0,complete,0,1,Category 9,Category 9_restored,Awaiting User Info,17/3/2016 08:41
INC0000765__16,2484,closure,INC0000765,True,INC0000765__15,0.0,0.0,0.0,complete,0,1,Category 9,Category 9_restored,Resolved,17/3/2016 08:41
INC0000765__17,2485,closure,INC0000765,True,INC0000765__16,0.0,0.0,0.0,complete,0,1,Category 9,Category 9_restored,Closed,24/3/2016 18:59
INC0000767__0,2486,source,INC0000767,False,,0.44999999999999996,0.44999999999999996,0.0,none,0,0,Category 26,Category 26,New,1/3/2016 14:48
INC0000767__1,2487,closure,INC0000767,True,INC0000767__0,0.44999999999999996,0.39999999999999997,-0.04999999999999999,complete,0,1,Category 26,Category 26_restored,New,3/3/2016 17:26
INC0000767__2,2488,closure,INC0000767,True,INC0000767__1,0.39999999999999997,0.35,-0.04999999999999999,complete,0,1,Category 26,Category 26_restored,Active,4/3/2016 07:55
INC0000767__3,2489,closure,INC0000767,True,INC0000767__2,0.35,0.3,-0.04999999999999999,complete,0,1,Category 26,Category 26_restored,Active,4/3/2016 08:22
INC0000767__4,2490,closure,INC0000767,True,INC0000767__3,0.3,0.25,-0.04999999999999999,complete,0,1,Category 26,Category 26_restored,Active,4/3/2016 09:15
INC0000767__5,2491,closure,INC0000767,True,INC0000767__4,0.25,0.2,-0.04999999999999999,complete,0,1,Category 26,Category 26_restored,Active,4/3/2016 09:39
INC0000767__6,2492,closure,INC0000767,True,INC0000767__5,0.2,0.15000000000000002,-0.04999999999999999,complete,0,1,Category 26,Category 26_restored,Awaiting User Info,4/3/2016 09:39
INC0000767__7,2493,closure,INC0000767,True,INC0000767__6,0.15000000000000002,0.10000000000000002,-0.05,complete,0,1,Category 26,Category 26_restored,Awaiting User Info,4/3/2016 11:59
INC0000767__8,2494,closure,INC0000767,True,INC0000767__7,0.10000000000000002,0.05000000000000002,-0.05,complete,0,1,Category 26,Category 26_restored,Resolved,4/3/2016 12:00
INC0000767__9,2495,closure,INC0000767,True,INC0000767__8,0.05000000000000002,1.3877787807814457e-17,-0.05,complete,0,1,Category 26,Category 26_restored,Closed,9/3/2016 13:00
INC0000768__0,2496,source,INC0000768,False,,0.44999999999999996,0.44999999999999996,0.0,none,0,0,Category 51,Category 51,New,1/3/2016 14:41
INC0000768__1,2497,closure,INC0000768,True,INC0000768__0,0.44999999999999996,0.39999999999999997,-0.04999999999999999,complete,0,1,Category 51,Category 51_restored,New,2/3/2016 02:08
INC0000768__2,2498,closure,INC0000768,True,INC0000768__1,0.39999999999999997,0.35,-0.04999999999999999,complete,0,1,Category 51,Category 51_restored,New,4/3/2016 16:35
INC0000768__3,2499,closure,INC0000768,True,INC0000768__2,0.35,0.3,-0.04999999999999999,complete,0,1,Category 51,Category 51_restored,New,4/3/2016 16:36
INC0000768__4,2500,closure,INC0000768,True,INC0000768__3,0.3,0.25,-0.04999999999999999,complete,0,1,Category 51,Category 51_restored,New,4/3/2016 17:23
INC0000768__5,2501,closure,INC0000768,True,INC0000768__4,0.25,0.2,-0.04999999999999999,complete,0,1,Category 51,Category 51_restored,New,4/3/2016 17:30
INC0000768__6,2502,closure,INC0000768,True,INC0000768__5,0.2,0.15000000000000002,-0.04999999999999999,complete,0,1,Category 40,Category 40_restored,New,4/3/2016 18:47
INC0000768__7,2503,closure,INC0000768,True,INC0000768__6,0.15000000000000002,0.10000000000000002,-0.05,complete,0,1,Category 40,Category 40_restored,Resolved,4/3/2016 19:00
INC0000768__8,2504,closure,INC0000768,True,INC0000768__7,0.10000000000000002,0.05000000000000002,-0.05,complete,0,1,Category 40,Category 40_restored,Closed,9/3/2016 20:00
INC0000769__0,2505,source,INC0000769,False,,0.44999999999999996,0.44999999999999996,0.0,none,0,0,Category 23,Category 23,New,1/3/2016 14:46
INC0000769__1,2506,closure,INC0000769,True,INC0000769__0,0.44999999999999996,0.39999999999999997,-0.04999999999999999,complete,0,1,Category 23,Category 23_restored,New,2/3/2016 02:36
INC0000769__2,2507,closure,INC0000769,True,INC0000769__1,0.39999999999999997,0.35,-0.04999999999999999,complete,0,1,Category 23,Category 23_restored,Active,2/3/2016 09:05
INC0000769__3,2508,closure,INC0000769,True,INC0000769__2,0.35,0.3,-0.04999999999999999,complete,0,1,Category 23,Category 23_restored,Active,3/3/2016 08:50
INC0000769__4,2509,closure,INC0000769,True,INC0000769__3,0.3,0.25,-0.04999999999999999,complete,0,1,Category 23,Category 23_restored,Active,4/3/2016 16:46
INC0000769__5,2510,closure,INC0000769,True,INC0000769__4,0.25,0.2,-0.04999999999999999,complete,0,1,Category 23,Category 23_restored,Resolved,4/3/2016 16:47
INC0000769__6,2511,closure,INC0000769,True,INC0000769__5,0.2,0.15000000000000002,-0.04999999999999999,complete,0,1,Category 23,Category 23_restored,Closed,9/3/2016 17:00
INC0000771__0,2512,source,INC0000771,False,,0.75,0.75,0.0,none,0,0,Category 44,Category 44,New,1/3/2016 14:52
INC0000771__1,2513,closure,INC0000771,True,INC0000771__0,0.75,0.44999999999999996,-0.30000000000000004,complete,0,3,Category 44,Category 44_restored,New,1/3/2016 16:06
INC0000771__2,2514,closure,INC0000771,True,INC0000771__1,0.44999999999999996,0.44999999999999996,0.0,complete,0,1,Category 44,Category 44_restored,Active,1/3/2016 16:29
INC0000771__3,2515,closure,INC0000771,True,INC0000771__2,0.44999999999999996,0.44999999999999996,0.0,complete,0,1,Category 44,Category 44_restored,Active,1/3/2016 17:47
INC0000771__4,2516,closure,INC0000771,True,INC0000771__3,0.44999999999999996,0.44999999999999996,0.0,complete,0,1,Category 44,Category 44_restored,Resolved,7/4/2016 08:29
INC0000771__5,2517,closure,INC0000771,True,INC0000771__4,0.44999999999999996,0.39999999999999997,-0.04999999999999999,complete,0,1,Category 44,Category 44_restored,Closed,12/4/2016 08:59
INC0000771__6,2518,closure,INC0000771,True,INC0000771__5,0.39999999999999997,0.35,-0.04999999999999999,complete,0,1,Category 44,Category 44_restored,Active,17/3/2016 14:51
INC0000771__7,2519,closure,INC0000771,True,INC0000771__6,0.35,0.3,-0.04999999999999999,complete,0,1,Category 44,Category 44_restored,Active,17/3/2016 14:51
INC0000772__0,2520,source,INC0000772,False,,0.44999999999999996,0.44999999999999996,0.0,none,0,0,Category 26,Category 26,New,1/3/2016 15:02
INC0000772__1,2521,closure,INC0000772,True,INC0000772__0,0.44999999999999996,0.39999999999999997,-0.04999999999999999,complete,0,1,Category 26,Category 26_restored,New,1/3/2016 19:34
INC0000772__2,2522,closure,INC0000772,True,INC0000772__1,0.39999999999999997,0.35,-0.04999999999999999,complete,0,1,Category 26,Category 26_restored,New,2/3/2016 10:43
INC0000772__3,2523,closure,INC0000772,True,INC0000772__2,0.35,0.3,-0.04999999999999999,complete,0,1,Category 26,Category 26_restored,Awaiting User Info,2/3/2016 10:44
INC0000772__4,2524,closure,INC0000772,True,INC0000772__3,0.3,0.25,-0.04999999999999999,complete,0,1,Category 26,Category 26_restored,Awaiting User Info,2/3/2016 16:25
INC0000772__5,2525,closure,INC0000772,True,INC0000772__4,0.25,0.2,-0.04999999999999999,complete,0,1,Category 26,Category 26_restored,Awaiting User Info,3/3/2016 16:28
INC0000772__6,2526,closure,INC0000772,True,INC0000772__5,0.2,0.15000000000000002,-0.04999999999999999,complete,0,1,Category 26,Category 26_restored,Awaiting User Info,4/3/2016 12:31
INC0000772__7,2527,closure,INC0000772,True,INC0000772__6,0.15000000000000002,0.10000000000000002,-0.05,complete,0,1,Category 26,Category 26_restored,Awaiting User Info,11/3/2016 12:08
INC0000772__8,2528,closure,INC0000772,True,INC0000772__7,0.10000000000000002,0.05000000000000002,-0.05,complete,0,1,Category 26,Category 26_restored,Awaiting User Info,11/3/2016 15:25
INC0000772__9,2529,closure,INC0000772,True,INC0000772__8,0.05000000000000002,1.3877787807814457e-17,-0.05,complete,0,1,Category 26,Category 26_restored,Awaiting User Info,14/3/2016 10:17
INC0000772__10,2530,closure,INC0000772,True,INC0000772__9,1.3877787807814457e-17,0.0,-1.3877787807814457e-17,complete,0,1,Category 26,Category 26_restored,Awaiting User Info,14/3/2016 10:18
INC0000772__11,2531,closure,INC0000772,True,INC0000772__10,0.0,0.0,0.0,complete,0,1,Category 44,Category 44_restored,Awaiting User Info,14/3/2016 10:58
INC0000772__12,2532,closure,INC0000772,True,INC0000772__11,0.0,0.0,0.0,complete,0,1,Category 46,Category 46_restored,Awaiting User Info,14/3/2016 16:32
INC0000772__13,2533,closure,INC0000772,True,INC0000772__12,0.0,0.0,0.0,complete,0,1,Category 46,Category 46_restored,Awaiting User Info,14/3/2016 17:59
INC0000772__14,2534,closure,INC0000772,True,INC0000772__13,0.0,0.0,0.0,complete,0,1,Category 46,Category 46_restored,Resolved,15/3/2016 14:30
INC0000772__15,2535,closure,INC0000772,True,INC0000772__14,0.0,0.0,0.0,complete,0,1,Category 46,Category 46_restored,Closed,24/3/2016 18:59
INC0000773__0,2536,source,INC0000773,False,,0.44999999999999996,0.44999999999999996,0.0,none,0,0,Category 53,Category 53,New,1/3/2016 14:50
INC0000773__1,2537,closure,INC0000773,True,INC0000773__0,0.44999999999999996,0.39999999999999997,-0.04999999999999999,complete,0,1,Category 53,Category 53_restored,New,4/3/2016 13:49
INC0000773__2,2538,closure,INC0000773,True,INC0000773__1,0.39999999999999997,0.35,-0.04999999999999999,complete,0,1,Category 53,Category 53_restored,Active,4/3/2016 15:15
INC0000773__3,2539,closure,INC0000773,True,INC0000773__2,0.35,0.3,-0.04999999999999999,complete,0,1,Category 53,Category 53_restored,Active,10/3/2016 11:22
INC0000773__4,2540,closure,INC0000773,True,INC0000773__3,0.3,0.25,-0.04999999999999999,complete,0,1,Category 53,Category 53_restored,Resolved,10/3/2016 11:22
INC0000773__5,2541,closure,INC0000773,True,INC0000773__4,0.25,0.2,-0.04999999999999999,complete,0,1,Category 53,Category 53_restored,Closed,24/3/2016 18:50
INC0000774__0,2542,source,INC0000774,False,,0.44999999999999996,0.44999999999999996,0.0,none,0,0,Category 47,Category 47,New,1/3/2016 14:51
INC0000774__1,2543,closure,INC0000774,True,INC0000774__0,0.44999999999999996,0.39999999999999997,-0.04999999999999999,complete,0,1,Category 47,Category 47_restored,New,2/3/2016 02:35
INC0000774__2,2544,closure,INC0000774,True,INC0000774__1,0.39999999999999997,0.35,-0.04999999999999999,complete,0,1,Category 47,Category 47_restored,New,2/3/2016 08:15
INC0000774__3,2545,closure,INC0000774,True,INC0000774__2,0.35,0.3,-0.04999999999999999,complete,0,1,Category 53,Category 53_restored,New,2/3/2016 08:15
INC0000774__4,2546,closure,INC0000774,True,INC0000774__3,0.3,0.25,-0.04999999999999999,complete,0,1,Category 53,Category 53_restored,New,2/3/2016 21:09
INC0000774__5,2547,closure,INC0000774,True,INC0000774__4,0.25,0.2,-0.04999999999999999,complete,0,1,Category 53,Category 53_restored,Active,3/3/2016 08:15
INC0000774__6,2548,closure,INC0000774,True,INC0000774__5,0.2,0.15000000000000002,-0.04999999999999999,complete,0,1,Category 53,Category 53_restored,Awaiting User Info,3/3/2016 08:16
INC0000774__7,2549,closure,INC0000774,True,INC0000774__6,0.15000000000000002,0.10000000000000002,-0.05,complete,0,1,Category 53,Category 53_restored,Awaiting User Info,3/3/2016 08:34
INC0000774__8,2550,closure,INC0000774,True,INC0000774__7,0.10000000000000002,0.05000000000000002,-0.05,complete,0,1,Category 53,Category 53_restored,Awaiting User Info,3/3/2016 17:38
INC0000774__9,2551,closure,INC0000774,True,INC0000774__8,0.05000000000000002,1.3877787807814457e-17,-0.05,complete,0,1,Category 53,Category 53_restored,Resolved,3/3/2016 17:38
INC0000774__10,2552,closure,INC0000774,True,INC0000774__9,1.3877787807814457e-17,0.0,-1.3877787807814457e-17,complete,0,1,Category 53,Category 53_restored,Closed,8/3/2016 18:00
INC0000775__0,2553,source,INC0000775,False,,0.44999999999999996,0.44999999999999996,0.0,none,0,0,Category 45,Category 45,New,1/3/2016 15:14
INC0000775__1,2554,closure,INC0000775,True,INC0000775__0,0.44999999999999996,0.44999999999999996,0.0,complete,0,1,Category 45,Category 45_restored,Active,1/3/2016 15:43
INC0000775__2,2555,closure,INC0000775,True,INC0000775__1,0.44999999999999996,0.44999999999999996,0.0,complete,0,1,Category 45,Category 45_restored,Resolved,1/3/2016 16:01
INC0000775__3,2556,closure,INC0000775,True,INC0000775__2,0.44999999999999996,0.35,-0.09999999999999998,complete,0,1,Category 45,Category 45_restored,Closed,6/3/2016 17:00
INC0000778__0,2557,source,INC0000778,False,,0.44999999999999996,0.44999999999999996,0.0,none,0,0,Category 42,Category 42,Active,1/3/2016 15:03
INC0000778__1,2558,closure,INC0000778,True,INC0000778__0,0.44999999999999996,0.44999999999999996,0.0,complete,0,1,Category 45,Category 45_restored,Active,1/3/2016 16:10
INC0000778__2,2559,closure,INC0000778,True,INC0000778__1,0.44999999999999996,0.44999999999999996,0.0,complete,0,1,Category 45,Category 45_restored,Active,1/3/2016 16:24
INC0000778__3,2560,closure,INC0000778,True,INC0000778__2,0.44999999999999996,0.39999999999999997,-0.04999999999999999,complete,0,1,Category 45,Category 45_restored,Active,1/3/2016 16:24
INC0000778__4,2561,closure,INC0000778,True,INC0000778__3,0.39999999999999997,0.35,-0.04999999999999999,complete,0,1,Category 45,Category 45_restored,Active,4/3/2016 12:06
INC0000778__5,2562,closure,INC0000778,True,INC0000778__4,0.35,0.3,-0.04999999999999999,complete,0,1,Category 45,Category 45_restored,Resolved,4/3/2016 17:33
INC0000778__6,2563,closure,INC0000778,True,INC0000778__5,0.3,0.25,-0.04999999999999999,complete,0,1,Category 45,Category 45_restored,Closed,9/3/2016 18:00
INC0000780__0,2564,source,INC0000780,False,,0.44999999999999996,0.44999999999999996,0.0,none,0,0,Category 53,Category 53,New,1/3/2016 15:02
INC0000780__1,2565,closure,INC0000780,True,INC0000780__0,0.44999999999999996,0.44999999999999996,0.0,complete,0,1,Category 53,Category 53_restored,Active,1/3/2016 15:18
INC0000780__2,2566,closure,INC0000780,True,INC0000780__1,0.44999999999999996,0.44999999999999996,0.0,complete,0,1,Category 53,Category 53_restored,Active,1/3/2016 17:18
INC0000780__3,2567,closure,INC0000780,True,INC0000780__2,0.44999999999999996,0.44999999999999996,0.0,complete,0,1,Category 53,Category 53_restored,Resolved,1/3/2016 17:19
INC0000780__4,2568,closure,INC0000780,True,INC0000780__3,0.44999999999999996,0.35,-0.09999999999999998,complete,0,1,Category 53,Category 53_restored,Closed,6/3/2016 18:00
INC0000782__0,2569,source,INC0000782,False,,0.44999999999999996,0.44999999999999996,0.0,none,0,0,Category 42,Category 42,New,1/3/2016 15:11
INC0000782__1,2570,closure,INC0000782,True,INC0000782__0,0.44999999999999996,0.44999999999999996,0.0,complete,0,1,Category 42,Category 42_restored,New,8/3/2016 11:19
INC0000782__2,2571,closure,INC0000782,True,INC0000782__1,0.44999999999999996,0.44999999999999996,0.0,complete,0,1,Category 42,Category 42_restored,Resolved,8/3/2016 11:19
INC0000782__3,2572,closure,INC0000782,True,INC0000782__2,0.44999999999999996,0.44999999999999996,0.0,complete,0,1,Category 42,Category 42_restored,Resolved,9/3/2016 08:21
INC0000782__4,2573,closure,INC0000782,True,INC0000782__3,0.44999999999999996,0.44999999999999996,0.0,complete,0,1,Category 42,Category 42_restored,Resolved,16/3/2016 15:24
INC0000782__5,2574,closure,INC0000782,True,INC0000782__4,0.44999999999999996,0.39999999999999997,-0.04999999999999999,complete,0,1,Category 42,Category 42_restored,Closed,24/3/2016 18:59
INC0000783__0,2575,source,INC0000783,False,,0.44999999999999996,0.44999999999999996,0.0,none,0,0,Category 34,Category 34,New,1/3/2016 15:10
INC0000783__1,2576,closure,INC0000783,True,INC0000783__0,0.44999999999999996,0.39999999999999997,-0.04999999999999999,complete,0,1,Category 34,Category 34_restored,New,1/3/2016 15:17
INC0000783__2,2577,closure,INC0000783,True,INC0000783__1,0.39999999999999997,0.35,-0.04999999999999999,complete,0,1,Category 34,Category 34_restored,New,1/3/2016 16:24
INC0000783__3,2578,closure,INC0000783,True,INC0000783__2,0.35,0.3,-0.04999999999999999,complete,0,1,Category 34,Category 34_restored,New,11/3/2016 13:06
INC0000783__4,2579,closure,INC0000783,True,INC0000783__3,0.3,0.25,-0.04999999999999999,complete,0,1,Category 34,Category 34_restored,New,11/3/2016 13:08
INC0000783__5,2580,closure,INC0000783,True,INC0000783__4,0.25,0.2,-0.04999999999999999,complete,0,1,Category 34,Category 34_restored,New,11/3/2016 14:23
INC0000783__6,2581,closure,INC0000783,True,INC0000783__5,0.2,0.15000000000000002,-0.04999999999999999,complete,0,1,Category 34,Category 34_restored,New,11/3/2016 14:33
INC0000783__7,2582,closure,INC0000783,True,INC0000783__6,0.15000000000000002,0.10000000000000002,-0.05,complete,0,1,Category 34,Category 34_restored,New,11/3/2016 16:10
INC0000783__8,2583,closure,INC0000783,True,INC0000783__7,0.10000000000000002,0.05000000000000002,-0.05,complete,0,1,Category 34,Category 34_restored,New,11/3/2016 16:34
INC0000783__9,2584,closure,INC0000783,True,INC0000783__8,0.05000000000000002,1.3877787807814457e-17,-0.05,complete,0,1,Category 34,Category 34_restored,New,14/3/2016 08:14
INC0000783__10,2585,closure,INC0000783,True,INC0000783__9,1.3877787807814457e-17,0.0,-1.3877787807814457e-17,complete,0,1,Category 34,Category 34_restored,Active,18/3/2016 12:27
INC0000783__11,2586,closure,INC0000783,True,INC0000783__10,0.0,0.0,0.0,complete,0,1,Category 34,Category 34_restored,Active,22/3/2016 18:26
INC0000783__12,2587,closure,INC0000783,True,INC0000783__11,0.0,0.0,0.0,complete,0,1,Category 34,Category 34_restored,Active,22/3/2016 18:26
INC0000783__13,2588,closure,INC0000783,True,INC0000783__12,0.0,0.0,0.0,complete,0,1,Category 34,Category 34_restored,Active,23/3/2016 08:15
INC0000783__14,2589,closure,INC0000783,True,INC0000783__13,0.0,0.0,0.0,complete,0,1,Category 34,Category 34_restored,Active,23/3/2016 08:15
INC0000783__15,2590,closure,INC0000783,True,INC0000783__14,0.0,0.0,0.0,complete,0,1,Category 34,Category 34_restored,Active,23/3/2016 10:51
INC0000783__16,2591,closure,INC0000783,True,INC0000783__15,0.0,0.0,0.0,complete,0,1,Category 34,Category 34_restored,Resolved,23/3/2016 10:51
INC0000783__17,2592,closure,INC0000783,True,INC0000783__16,0.0,0.0,0.0,complete,0,1,Category 34,Category 34_restored,Closed,28/3/2016 10:59
INC0000784__0,2593,source,INC0000784,False,,0.44999999999999996,0.44999999999999996,0.0,none,0,0,Category 22,Category 22,New,1/3/2016 15:05
INC0000784__1,2594,closure,INC0000784,True,INC0000784__0,0.44999999999999996,0.44999999999999996,0.0,complete,0,1,Category 22,Category 22_restored,Active,8/4/2016 19:13
INC0000784__2,2595,closure,INC0000784,True,INC0000784__1,0.44999999999999996,0.44999999999999996,0.0,complete,0,1,Category 22,Category 22_restored,Active,19/3/2016 08:23
INC0000784__3,2596,closure,INC0000784,True,INC0000784__2,0.44999999999999996,0.44999999999999996,0.0,complete,0,1,Category 22,Category 22_restored,Active,30/3/2016 18:27
INC0000784__4,2597,closure,INC0000784,True,INC0000784__3,0.44999999999999996,0.44999999999999996,0.0,complete,0,1,Category 22,Category 22_restored,Awaiting User Info,30/3/2016 18:28
INC0000784__5,2598,closure,INC0000784,True,INC0000784__4,0.44999999999999996,0.44999999999999996,0.0,complete,0,1,Category 22,Category 22_restored,Resolved,14/4/2016 15:24
INC0000784__6,2599,closure,INC0000784,True,INC0000784__5,0.44999999999999996,0.39999999999999997,-0.04999999999999999,complete,0,1,Category 22,Category 22_restored,Closed,19/4/2016 16:07
INC0000785__0,2600,source,INC0000785,False,,0.44999999999999996,0.44999999999999996,0.0,none,0,0,Category 26,Category 26,Active,1/3/2016 15:17
INC0000785__1,2601,closure,INC0000785,True,INC0000785__0,0.44999999999999996,0.44999999999999996,0.0,complete,0,1,Category 26,Category 26_restored,Awaiting User Info,3/3/2016 15:25
INC0000785__2,2602,closure,INC0000785,True,INC0000785__1,0.44999999999999996,0.44999999999999996,0.0,complete,0,1,Category 26,Category 26_restored,Awaiting User Info,9/3/2016 12:16
INC0000785__3,2603,closure,INC0000785,True,INC0000785__2,0.44999999999999996,0.39999999999999997,-0.04999999999999999,complete,0,1,Category 26,Category 26_restored,Awaiting User Info,9/3/2016 13:09
INC0000785__4,2604,closure,INC0000785,True,INC0000785__3,0.39999999999999997,0.35,-0.04999999999999999,complete,0,1,Category 26,Category 26_restored,Awaiting User Info,9/3/2016 15:56
INC0000785__5,2605,closure,INC0000785,True,INC0000785__4,0.35,0.3,-0.04999999999999999,complete,0,1,Category 26,Category 26_restored,Active,9/3/2016 15:56
INC0000785__6,2606,closure,INC0000785,True,INC0000785__5,0.3,0.25,-0.04999999999999999,complete,0,1,Category 26,Category 26_restored,Active,9/3/2016 15:57
INC0000785__7,2607,closure,INC0000785,True,INC0000785__6,0.25,0.2,-0.04999999999999999,complete,0,1,Category 26,Category 26_restored,Resolved,9/3/2016 15:57
INC0000785__8,2608,closure,INC0000785,True,INC0000785__7,0.2,0.15000000000000002,-0.04999999999999999,complete,0,1,Category 26,Category 26_restored,Closed,24/3/2016 18:40
INC0000790__0,2609,source,INC0000790,False,,0.44999999999999996,0.44999999999999996,0.0,none,0,0,Category 45,Category 45,New,1/3/2016 15:24
INC0000790__1,2610,closure,INC0000790,True,INC0000790__0,0.44999999999999996,0.39999999999999997,-0.04999999999999999,complete,0,1,Category 45,Category 45_restored,Active,2/3/2016 10:24
INC0000790__2,2611,closure,INC0000790,True,INC0000790__1,0.39999999999999997,0.35,-0.04999999999999999,complete,0,1,Category 45,Category 45_restored,Awaiting User Info,4/3/2016 15:17
INC0000790__3,2612,closure,INC0000790,True,INC0000790__2,0.35,0.3,-0.04999999999999999,complete,0,1,Category 45,Category 45_restored,Awaiting User Info,21/3/2016 11:13
INC0000790__4,2613,closure,INC0000790,True,INC0000790__3,0.3,0.25,-0.04999999999999999,complete,0,1,Category 45,Category 45_restored,Resolved,24/3/2016 08:04
INC0000790__5,2614,closure,INC0000790,True,INC0000790__4,0.25,0.2,-0.04999999999999999,complete,0,1,Category 45,Category 45_restored,Closed,29/3/2016 08:59
INC0000791__0,2615,source,INC0000791,False,,0.44999999999999996,0.44999999999999996,0.0,none,0,0,Category 26,Category 26,Active,1/3/2016 15:26
INC0000791__1,2616,closure,INC0000791,True,INC0000791__0,0.44999999999999996,0.44999999999999996,0.0,complete,0,1,Category 26,Category 26_restored,Active,2/3/2016 13:04
INC0000791__2,2617,closure,INC0000791,True,INC0000791__1,0.44999999999999996,0.44999999999999996,0.0,complete,0,1,Category 26,Category 26_restored,Resolved,2/3/2016 13:06
INC0000791__3,2618,closure,INC0000791,True,INC0000791__2,0.44999999999999996,0.35,-0.09999999999999998,complete,0,1,Category 26,Category 26_restored,Closed,7/3/2016 14:00
INC0000792__0,2619,source,INC0000792,False,,0.44999999999999996,0.44999999999999996,0.0,none,0,0,Category 32,Category 32,Active,1/3/2016 15:23
INC0000792__1,2620,closure,INC0000792,True,INC0000792__0,0.44999999999999996,0.44999999999999996,0.0,complete,0,1,Category 32,Category 32_restored,Active,3/3/2016 17:43
INC0000792__2,2621,closure,INC0000792,True,INC0000792__1,0.44999999999999996,0.44999999999999996,0.0,complete,0,1,Category 32,Category 32_restored,Resolved,3/3/2016 17:43
INC0000792__3,2622,closure,INC0000792,True,INC0000792__2,0.44999999999999996,0.35,-0.09999999999999998,complete,0,1,Category 32,Category 32_restored,Closed,8/3/2016 18:00
INC0000794__0,2623,source,INC0000794,False,,0.44999999999999996,0.44999999999999996,0.0,none,0,0,Category 26,Category 26,New,1/3/2016 15:30
INC0000794__1,2624,closure,INC0000794,True,INC0000794__0,0.44999999999999996,0.44999999999999996,0.0,complete,0,1,Category 26,Category 26_restored,New,3/3/2016 15:30
INC0000794__2,2625,closure,INC0000794,True,INC0000794__1,0.44999999999999996,0.44999999999999996,0.0,complete,0,1,Category 26,Category 26_restored,Awaiting User Info,3/3/2016 15:31
INC0000794__3,2626,closure,INC0000794,True,INC0000794__2,0.44999999999999996,0.44999999999999996,0.0,complete,0,1,Category 26,Category 26_restored,Awaiting User Info,3/3/2016 15:34
INC0000794__4,2627,closure,INC0000794,True,INC0000794__3,0.44999999999999996,0.44999999999999996,0.0,complete,0,1,Category 26,Category 26_restored,Awaiting User Info,8/3/2016 09:23
INC0000794__5,2628,closure,INC0000794,True,INC0000794__4,0.44999999999999996,0.44999999999999996,0.0,complete,0,1,Category 26,Category 26_restored,Resolved,8/3/2016 09:24
INC0000794__6,2629,closure,INC0000794,True,INC0000794__5,0.44999999999999996,0.39999999999999997,-0.04999999999999999,complete,0,1,Category 26,Category 26_restored,Closed,24/3/2016 18:40
INC0000795__0,2630,source,INC0000795,False,,0.44999999999999996,0.44999999999999996,0.0,none,0,0,Category 61,Category 61,New,1/3/2016 15:26
INC0000795__1,2631,closure,INC0000795,True,INC0000795__0,0.44999999999999996,0.44999999999999996,0.0,complete,0,1,Category 61,Category 61_restored,Active,1/3/2016 16:25
INC0000795__2,2632,closure,INC0000795,True,INC0000795__1,0.44999999999999996,0.44999999999999996,0.0,complete,0,1,Category 61,Category 61_restored,Resolved,3/3/2016 08:39
INC0000795__3,2633,closure,INC0000795,True,INC0000795__2,0.44999999999999996,0.35,-0.09999999999999998,complete,0,1,Category 61,Category 61_restored,Closed,8/3/2016 09:00
INC0000798__0,2634,source,INC0000798,False,,0.44999999999999996,0.44999999999999996,0.0,none,0,0,Category 45,Category 45,New,1/3/2016 15:45
INC0000798__1,2635,closure,INC0000798,True,INC0000798__0,0.44999999999999996,0.39999999999999997,-0.04999999999999999,complete,0,1,Category 45,Category 45_restored,New,1/3/2016 17:23
INC0000798__2,2636,closure,INC0000798,True,INC0000798__1,0.39999999999999997,0.35,-0.04999999999999999,complete,0,1,Category 45,Category 45_restored,Resolved,3/3/2016 10:29
INC0000798__3,2637,closure,INC0000798,True,INC0000798__2,0.35,0.3,-0.04999999999999999,complete,0,1,Category 45,Category 45_restored,Closed,8/3/2016 11:00
INC0000801__0,2638,source,INC0000801,False,,0.23333333333333334,0.23333333333333334,0.0,none,0,0,Category 8,Category 8,New,1/3/2016 15:46
INC0000801__1,2639,closure,INC0000801,True,INC0000801__0,0.23333333333333334,0.23333333333333334,0.0,complete,0,1,Category 8,Category 8_restored,Active,3/3/2016 12:00
INC0000801__2,2640,closure,INC0000801,True,INC0000801__1,0.23333333333333334,0.23333333333333334,0.0,complete,0,1,Category 8,Category 8_restored,Resolved,3/3/2016 16:28
INC0000801__3,2641,closure,INC0000801,True,INC0000801__2,0.23333333333333334,0.13333333333333333,-0.1,complete,0,1,Category 8,Category 8_restored,Closed,8/3/2016 17:00
INC0000802__0,2642,source,INC0000802,False,,0.44999999999999996,0.44999999999999996,0.0,none,0,0,Category 19,Category 19,New,1/3/2016 15:50
INC0000802__1,2643,closure,INC0000802,True,INC0000802__0,0.44999999999999996,0.39999999999999997,-0.04999999999999999,complete,0,1,Category 19,Category 19_restored,New,1/3/2016 16:03
INC0000802__2,2644,closure,INC0000802,True,INC0000802__1,0.39999999999999997,0.35,-0.04999999999999999,complete,0,1,Category 19,Category 19_restored,New,1/3/2016 16:17
INC0000802__3,2645,closure,INC0000802,True,INC0000802__2,0.35,0.3,-0.04999999999999999,complete,0,1,Category 19,Category 19_restored,New,1/3/2016 16:54
INC0000802__4,2646,closure,INC0000802,True,INC0000802__3,0.3,0.25,-0.04999999999999999,complete,0,1,Category 19,Category 19_restored,Active,2/3/2016 08:36
INC0000802__5,2647,closure,INC0000802,True,INC0000802__4,0.25,0.2,-0.04999999999999999,complete,0,1,Category 19,Category 19_restored,Resolved,3/3/2016 09:26
INC0000802__6,2648,closure,INC0000802,True,INC0000802__5,0.2,0.15000000000000002,-0.04999999999999999,complete,0,1,Category 19,Category 19_restored,Closed,8/3/2016 10:00
INC0000804__0,2649,source,INC0000804,False,,0.44999999999999996,0.44999999999999996,0.0,none,0,0,Category 61,Category 61,New,1/3/2016 15:36
INC0000804__1,2650,closure,INC0000804,True,INC0000804__0,0.44999999999999996,0.39999999999999997,-0.04999999999999999,complete,0,1,Category 61,Category 61_restored,New,2/3/2016 02:11
INC0000804__2,2651,closure,INC0000804,True,INC0000804__1,0.39999999999999997,0.35,-0.04999999999999999,complete,0,1,Category 61,Category 61_restored,New,3/3/2016 15:51
INC0000804__3,2652,closure,INC0000804,True,INC0000804__2,0.35,0.3,-0.04999999999999999,complete,0,1,Category 61,Category 61_restored,Active,4/3/2016 11:52
INC0000804__4,2653,closure,INC0000804,True,INC0000804__3,0.3,0.25,-0.04999999999999999,complete,0,1,Category 61,Category 61_restored,Active,10/3/2016 12:11
INC0000804__5,2654,closure,INC0000804,True,INC0000804__4,0.25,0.2,-0.04999999999999999,complete,0,1,Category 61,Category 61_restored,Resolved,10/3/2016 12:12
INC0000804__6,2655,closure,INC0000804,True,INC0000804__5,0.2,0.15000000000000002,-0.04999999999999999,complete,0,1,Category 61,Category 61_restored,Closed,24/3/2016 18:50
INC0000807__0,2656,source,INC0000807,False,,0.44999999999999996,0.44999999999999996,0.0,none,0,0,Category 26,Category 26,New,1/3/2016 16:05
INC0000807__1,2657,closure,INC0000807,True,INC0000807__0,0.44999999999999996,0.44999999999999996,0.0,complete,0,1,Category 26,Category 26_restored,New,4/3/2016 16:49
INC0000807__2,2658,closure,INC0000807,True,INC0000807__1,0.44999999999999996,0.39999999999999997,-0.04999999999999999,complete,0,1,Category 26,Category 26_restored,New,4/3/2016 16:50
INC0000807__3,2659,closure,INC0000807,True,INC0000807__2,0.39999999999999997,0.35,-0.04999999999999999,complete,0,1,Category 26,Category 26_restored,Active,4/3/2016 17:33
INC0000807__4,2660,closure,INC0000807,True,INC0000807__3,0.35,0.3,-0.04999999999999999,complete,0,1,Category 26,Category 26_restored,Active,4/3/2016 17:58
INC0000807__5,2661,closure,INC0000807,True,INC0000807__4,0.3,0.25,-0.04999999999999999,complete,0,1,Category 26,Category 26_restored,Resolved,4/3/2016 18:00
INC0000807__6,2662,closure,INC0000807,True,INC0000807__5,0.25,0.2,-0.04999999999999999,complete,0,1,Category 26,Category 26_restored,Closed,9/3/2016 19:00
INC0000809__0,2663,source,INC0000809,False,,0.44999999999999996,0.44999999999999996,0.0,none,0,0,Category 53,Category 53,New,1/3/2016 15:48
INC0000809__1,2664,closure,INC0000809,True,INC0000809__0,0.44999999999999996,0.39999999999999997,-0.04999999999999999,complete,0,1,Category 53,Category 53_restored,New,1/3/2016 16:35
INC0000809__2,2665,closure,INC0000809,True,INC0000809__1,0.39999999999999997,0.35,-0.04999999999999999,complete,0,1,Category 53,Category 53_restored,New,3/3/2016 15:39
INC0000809__3,2666,closure,INC0000809,True,INC0000809__2,0.35,0.3,-0.04999999999999999,complete,0,1,Category 53,Category 53_restored,New,3/3/2016 15:39
INC0000809__4,2667,closure,INC0000809,True,INC0000809__3,0.3,0.25,-0.04999999999999999,complete,0,1,Category 53,Category 53_restored,Resolved,3/3/2016 15:41
INC0000809__5,2668,closure,INC0000809,True,INC0000809__4,0.25,0.2,-0.04999999999999999,complete,0,1,Category 53,Category 53_restored,Closed,8/3/2016 16:00
INC0000810__0,2669,source,INC0000810,False,,0.44999999999999996,0.44999999999999996,0.0,none,0,0,Category 53,Category 53,New,1/3/2016 15:44
INC0000810__1,2670,closure,INC0000810,True,INC0000810__0,0.44999999999999996,0.39999999999999997,-0.04999999999999999,complete,0,1,Category 53,Category 53_restored,Awaiting User Info,3/3/2016 10:55
INC0000810__2,2671,closure,INC0000810,True,INC0000810__1,0.39999999999999997,0.35,-0.04999999999999999,complete,0,1,Category 53,Category 53_restored,Awaiting User Info,3/3/2016 12:56
INC0000810__3,2672,closure,INC0000810,True,INC0000810__2,0.35,0.3,-0.04999999999999999,complete,0,1,Category 53,Category 53_restored,Awaiting User Info,3/3/2016 16:35
INC0000810__4,2673,closure,INC0000810,True,INC0000810__3,0.3,0.25,-0.04999999999999999,complete,0,1,Category 53,Category 53_restored,Resolved,11/3/2016 16:50
INC0000810__5,2674,closure,INC0000810,True,INC0000810__4,0.25,0.2,-0.04999999999999999,complete,0,1,Category 53,Category 53_restored,Closed,24/3/2016 18:50
INC0000811__0,2675,source,INC0000811,False,,0.44999999999999996,0.44999999999999996,0.0,none,0,0,Category 53,Category 53,New,1/3/2016 16:00
INC0000811__1,2676,closure,INC0000811,True,INC0000811__0,0.44999999999999996,0.39999999999999997,-0.04999999999999999,complete,0,1,Category 53,Category 53_restored,New,1/3/2016 17:15
INC0000811__2,2677,closure,INC0000811,True,INC0000811__1,0.39999999999999997,0.35,-0.04999999999999999,complete,0,1,Category 24,Category 24_restored,New,1/3/2016 17:45
INC0000811__3,2678,closure,INC0000811,True,INC0000811__2,0.35,0.3,-0.04999999999999999,complete,0,1,Category 24,Category 24_restored,Active,2/3/2016 09:17
INC0000811__4,2679,closure,INC0000811,True,INC0000811__3,0.3,0.25,-0.04999999999999999,complete,0,1,Category 24,Category 24_restored,Resolved,2/3/2016 09:54
INC0000811__5,2680,closure,INC0000811,True,INC0000811__4,0.25,0.2,-0.04999999999999999,complete,0,1,Category 24,Category 24_restored,Closed,7/3/2016 10:00
INC0000812__0,2681,source,INC0000812,False,,0.44999999999999996,0.44999999999999996,0.0,none,0,0,Category 53,Category 53,New,1/3/2016 15:53
INC0000812__1,2682,closure,INC0000812,True,INC0000812__0,0.44999999999999996,0.44999999999999996,0.0,complete,0,1,Category 53,Category 53_restored,New,2/3/2016 12:39
INC0000812__2,2683,closure,INC0000812,True,INC0000812__1,0.44999999999999996,0.44999999999999996,0.0,complete,0,1,Category 53,Category 53_restored,New,2/3/2016 13:27
INC0000812__3,2684,closure,INC0000812,True,INC0000812__2,0.44999999999999996,0.44999999999999996,0.0,complete,0,1,Category 53,Category 53_restored,Active,2/3/2016 13:31
INC0000812__4,2685,closure,INC0000812,True,INC0000812__3,0.44999999999999996,0.44999999999999996,0.0,complete,0,1,Category 53,Category 53_restored,Active,2/3/2016 13:37
INC0000812__5,2686,closure,INC0000812,True,INC0000812__4,0.44999999999999996,0.44999999999999996,0.0,complete,0,1,Category 53,Category 53_restored,Resolved,2/3/2016 13:40
INC0000812__6,2687,closure,INC0000812,True,INC0000812__5,0.44999999999999996,0.35,-0.09999999999999998,complete,0,1,Category 53,Category 53_restored,Closed,7/3/2016 14:00
INC0000814__0,2688,source,INC0000814,False,,0.44999999999999996,0.44999999999999996,0.0,none,0,0,Category 53,Category 53,New,1/3/2016 15:51
INC0000814__1,2689,closure,INC0000814,True,INC0000814__0,0.44999999999999996,0.44999999999999996,0.0,complete,0,1,Category 53,Category 53_restored,Active,1/3/2016 16:36
INC0000814__2,2690,closure,INC0000814,True,INC0000814__1,0.44999999999999996,0.44999999999999996,0.0,complete,0,1,Category 53,Category 53_restored,Active,1/3/2016 16:38
INC0000814__3,2691,closure,INC0000814,True,INC0000814__2,0.44999999999999996,0.44999999999999996,0.0,complete,0,1,Category 53,Category 53_restored,Awaiting User Info,1/3/2016 16:38
INC0000814__4,2692,closure,INC0000814,True,INC0000814__3,0.44999999999999996,0.44999999999999996,0.0,complete,0,1,Category 53,Category 53_restored,Active,2/3/2016 10:23
INC0000814__5,2693,closure,INC0000814,True,INC0000814__4,0.44999999999999996,0.44999999999999996,0.0,complete,0,1,Category 53,Category 53_restored,Active,2/3/2016 10:25
INC0000814__6,2694,closure,INC0000814,True,INC0000814__5,0.44999999999999996,0.44999999999999996,0.0,complete,0,1,Category 53,Category 53_restored,Awaiting User Info,2/3/2016 10:25
INC0000814__7,2695,closure,INC0000814,True,INC0000814__6,0.44999999999999996,0.44999999999999996,0.0,complete,0,1,Category 53,Category 53_restored,Active,2/3/2016 15:29
INC0000814__8,2696,closure,INC0000814,True,INC0000814__7,0.44999999999999996,0.44999999999999996,0.0,complete,0,1,Category 53,Category 53_restored,Active,2/3/2016 15:30
INC0000814__9,2697,closure,INC0000814,True,INC0000814__8,0.44999999999999996,0.44999999999999996,0.0,complete,0,1,Category 53,Category 53_restored,Awaiting User Info,2/3/2016 15:30
INC0000814__10,2698,closure,INC0000814,True,INC0000814__9,0.44999999999999996,0.44999999999999996,0.0,complete,0,1,Category 53,Category 53_restored,Active,3/3/2016 09:50
INC0000814__11,2699,closure,INC0000814,True,INC0000814__10,0.44999999999999996,0.44999999999999996,0.0,complete,0,1,Category 53,Category 53_restored,Active,3/3/2016 09:55
INC0000814__12,2700,closure,INC0000814,True,INC0000814__11,0.44999999999999996,0.44999999999999996,0.0,complete,0,1,Category 53,Category 53_restored,Resolved,3/3/2016 09:56
INC0000814__13,2701,closure,INC0000814,True,INC0000814__12,0.44999999999999996,0.35,-0.09999999999999998,complete,0,1,Category 53,Category 53_restored,Closed,8/3/2016 10:00
INC0000817__0,2702,source,INC0000817,False,,0.44999999999999996,0.44999999999999996,0.0,none,0,0,Category 32,Category 32,New,1/3/2016 15:48
INC0000817__1,2703,closure,INC0000817,True,INC0000817__0,0.44999999999999996,0.39999999999999997,-0.04999999999999999,complete,0,1,Category 32,Category 32_restored,New,2/3/2016 16:37
INC0000817__2,2704,closure,INC0000817,True,INC0000817__1,0.39999999999999997,0.35,-0.04999999999999999,complete,0,1,Category 32,Category 32_restored,Active,3/3/2016 17:44
INC0000817__3,2705,closure,INC0000817,True,INC0000817__2,0.35,0.3,-0.04999999999999999,complete,0,1,Category 32,Category 32_restored,Active,4/3/2016 15:09
INC0000817__4,2706,closure,INC0000817,True,INC0000817__3,0.3,0.25,-0.04999999999999999,complete,0,1,Category 32,Category 32_restored,Active,4/3/2016 16:56
INC0000817__5,2707,closure,INC0000817,True,INC0000817__4,0.25,0.2,-0.04999999999999999,complete,0,1,Category 32,Category 32_restored,Active,4/3/2016 19:41
INC0000817__6,2708,closure,INC0000817,True,INC0000817__5,0.2,0.15000000000000002,-0.04999999999999999,complete,0,1,Category 32,Category 32_restored,Resolved,4/3/2016 19:41
INC0000817__7,2709,closure,INC0000817,True,INC0000817__6,0.15000000000000002,0.10000000000000002,-0.05,complete,0,1,Category 32,Category 32_restored,Closed,9/3/2016 20:00
INC0000818__0,2710,source,INC0000818,False,,0.44999999999999996,0.44999999999999996,0.0,none,0,0,Category 24,Category 24,Active,1/3/2016 15:53
INC0000818__1,2711,closure,INC0000818,True,INC0000818__0,0.44999999999999996,0.44999999999999996,0.0,complete,0,1,Category 24,Category 24_restored,Active,2/3/2016 11:19
INC0000818__2,2712,closure,INC0000818,True,INC0000818__1,0.44999999999999996,0.44999999999999996,0.0,complete,0,1,Category 24,Category 24_restored,Active,2/3/2016 11:19
INC0000818__3,2713,closure,INC0000818,True,INC0000818__2,0.44999999999999996,0.44999999999999996,0.0,complete,0,1,Category 24,Category 24_restored,Active,2/3/2016 16:39
INC0000818__4,2714,closure,INC0000818,True,INC0000818__3,0.44999999999999996,0.44999999999999996,0.0,complete,0,1,Category 24,Category 24_restored,Active,3/3/2016 12:11
INC0000818__5,2715,closure,INC0000818,True,INC0000818__4,0.44999999999999996,0.44999999999999996,0.0,complete,0,1,Category 24,Category 24_restored,Awaiting User Info,3/3/2016 12:11
INC0000818__6,2716,closure,INC0000818,True,INC0000818__5,0.44999999999999996,0.44999999999999996,0.0,complete,0,1,Category 24,Category 24_restored,Resolved,3/3/2016 14:55
INC0000818__7,2717,closure,INC0000818,True,INC0000818__6,0.44999999999999996,0.35,-0.09999999999999998,complete,0,1,Category 24,Category 24_restored,Closed,8/3/2016 15:00
INC0000820__0,2718,source,INC0000820,False,,0.44999999999999996,0.44999999999999996,0.0,none,0,0,cmdb_ci 31,cmdb_ci 31,New,1/3/2016 15:54
INC0000820__1,2719,closure,INC0000820,True,INC0000820__0,0.44999999999999996,0.44999999999999996,0.0,complete,0,1,cmdb_ci 31,cmdb_ci 31_restored,Active,2/3/2016 08:49
INC0000820__2,2720,closure,INC0000820,True,INC0000820__1,0.44999999999999996,0.44999999999999996,0.0,complete,0,1,cmdb_ci 31,cmdb_ci 31_restored,Active,2/3/2016 08:49
INC0000820__3,2721,closure,INC0000820,True,INC0000820__2,0.44999999999999996,0.44999999999999996,0.0,complete,0,1,cmdb_ci 31,cmdb_ci 31_restored,Active,2/3/2016 10:11
INC0000820__4,2722,closure,INC0000820,True,INC0000820__3,0.44999999999999996,0.39999999999999997,-0.04999999999999999,complete,0,1,cmdb_ci 31,cmdb_ci 31_restored,Active,2/3/2016 10:11
INC0000820__5,2723,closure,INC0000820,True,INC0000820__4,0.39999999999999997,0.35,-0.04999999999999999,complete,0,1,cmdb_ci 31,cmdb_ci 31_restored,Active,5/4/2016 15:37
INC0000820__6,2724,closure,INC0000820,True,INC0000820__5,0.35,0.3,-0.04999999999999999,complete,0,1,cmdb_ci 31,cmdb_ci 31_restored,Resolved,5/4/2016 15:41
INC0000820__7,2725,closure,INC0000820,True,INC0000820__6,0.3,0.25,-0.04999999999999999,complete,0,1,cmdb_ci 31,cmdb_ci 31_restored,Active,7/3/2016 09:37
INC0000820__8,2726,closure,INC0000820,True,INC0000820__7,0.25,0.2,-0.04999999999999999,complete,0,1,cmdb_ci 31,cmdb_ci 31_restored,Active,9/3/2016 11:55
INC0000820__9,2727,closure,INC0000820,True,INC0000820__8,0.2,0.15000000000000002,-0.04999999999999999,complete,0,1,cmdb_ci 31,cmdb_ci 31_restored,Active,9/3/2016 12:34
INC0000820__10,2728,closure,INC0000820,True,INC0000820__9,0.15000000000000002,0.10000000000000002,-0.05,complete,0,1,cmdb_ci 31,cmdb_ci 31_restored,Active,9/3/2016 12:38
INC0000820__11,2729,closure,INC0000820,True,INC0000820__10,0.10000000000000002,0.05000000000000002,-0.05,complete,0,1,cmdb_ci 31,cmdb_ci 31_restored,Active,9/3/2016 12:50
INC0000820__12,2730,closure,INC0000820,True,INC0000820__11,0.05000000000000002,1.3877787807814457e-17,-0.05,complete,0,1,cmdb_ci 31,cmdb_ci 31_restored,Active,9/3/2016 14:10
INC0000820__13,2731,closure,INC0000820,True,INC0000820__12,1.3877787807814457e-17,0.0,-1.3877787807814457e-17,complete,0,1,cmdb_ci 31,cmdb_ci 31_restored,Active,9/3/2016 14:11
INC0000820__14,2732,closure,INC0000820,True,INC0000820__13,0.0,0.0,0.0,complete,0,1,cmdb_ci 31,cmdb_ci 31_restored,Active,9/3/2016 14:34
INC0000820__15,2733,closure,INC0000820,True,INC0000820__14,0.0,0.0,0.0,complete,0,1,cmdb_ci 31,cmdb_ci 31_restored,Active,9/3/2016 14:38
INC0000820__16,2734,closure,INC0000820,True,INC0000820__15,0.0,0.0,0.0,complete,0,1,cmdb_ci 31,cmdb_ci 31_restored,Active,9/3/2016 19:26
INC0000820__17,2735,closure,INC0000820,True,INC0000820__16,0.0,0.0,0.0,complete,0,1,cmdb_ci 31,cmdb_ci 31_restored,Closed,10/4/2016 15:59
INC0000820__18,2736,closure,INC0000820,True,INC0000820__17,0.0,0.0,0.0,complete,0,1,cmdb_ci 31,cmdb_ci 31_restored,Active,11/3/2016 14:32
INC0000820__19,2737,closure,INC0000820,True,INC0000820__18,0.0,0.0,0.0,complete,0,1,cmdb_ci 31,cmdb_ci 31_restored,Active,11/3/2016 14:36
INC0000820__20,2738,closure,INC0000820,True,INC0000820__19,0.0,0.0,0.0,complete,0,1,cmdb_ci 31,cmdb_ci 31_restored,Active,11/3/2016 14:36
INC0000820__21,2739,closure,INC0000820,True,INC0000820__20,0.0,0.0,0.0,complete,0,1,cmdb_ci 31,cmdb_ci 31_restored,Active,11/3/2016 14:43
INC0000820__22,2740,closure,INC0000820,True,INC0000820__21,0.0,0.0,0.0,complete,0,1,cmdb_ci 31,cmdb_ci 31_restored,Active,11/3/2016 14:46
INC0000820__23,2741,closure,INC0000820,True,INC0000820__22,0.0,0.0,0.0,complete,0,1,cmdb_ci 31,cmdb_ci 31_restored,Active,11/3/2016 14:47
INC0000820__24,2742,closure,INC0000820,True,INC0000820__23,0.0,0.0,0.0,complete,0,1,cmdb_ci 31,cmdb_ci 31_restored,Active,11/3/2016 14:49
INC0000820__25,2743,closure,INC0000820,True,INC0000820__24,0.0,0.0,0.0,complete,0,1,cmdb_ci 31,cmdb_ci 31_restored,Active,11/3/2016 17:14
INC0000821__0,2744,source,INC0000821,False,,0.44999999999999996,0.44999999999999996,0.0,none,0,0,Category 23,Category 23,New,1/3/2016 15:54
INC0000821__1,2745,closure,INC0000821,True,INC0000821__0,0.44999999999999996,0.44999999999999996,0.0,complete,0,1,Category 23,Category 23_restored,Active,1/3/2016 16:09
INC0000821__2,2746,closure,INC0000821,True,INC0000821__1,0.44999999999999996,0.44999999999999996,0.0,complete,0,1,Category 23,Category 23_restored,Active,2/3/2016 14:07
INC0000821__3,2747,closure,INC0000821,True,INC0000821__2,0.44999999999999996,0.44999999999999996,0.0,complete,0,1,Category 23,Category 23_restored,Active,4/3/2016 18:41
INC0000821__4,2748,closure,INC0000821,True,INC0000821__3,0.44999999999999996,0.39999999999999997,-0.04999999999999999,complete,0,1,Category 23,Category 23_restored,Active,4/3/2016 18:42
INC0000821__5,2749,closure,INC0000821,True,INC0000821__4,0.39999999999999997,0.35,-0.04999999999999999,complete,0,1,Category 23,Category 23_restored,Awaiting User Info,4/3/2016 19:21
INC0000821__6,2750,closure,INC0000821,True,INC0000821__5,0.35,0.3,-0.04999999999999999,complete,0,1,Category 23,Category 23_restored,Awaiting User Info,9/3/2016 14:43
INC0000821__7,2751,closure,INC0000821,True,INC0000821__6,0.3,0.25,-0.04999999999999999,complete,0,1,Category 23,Category 23_restored,Awaiting User Info,14/3/2016 19:50
INC0000821__8,2752,closure,INC0000821,True,INC0000821__7,0.25,0.2,-0.04999999999999999,complete,0,1,Category 23,Category 23_restored,Awaiting User Info,15/3/2016 08:58
INC0000821__9,2753,closure,INC0000821,True,INC0000821__8,0.2,0.15000000000000002,-0.04999999999999999,complete,0,1,Category 23,Category 23_restored,Resolved,15/3/2016 23:10
INC0000821__10,2754,closure,INC0000821,True,INC0000821__9,0.15000000000000002,0.10000000000000002,-0.05,complete,0,1,Category 23,Category 23_restored,Closed,24/3/2016 18:59
INC0000822__0,2755,source,INC0000822,False,,0.44999999999999996,0.44999999999999996,0.0,none,0,0,cmdb_ci 31,cmdb_ci 31,New,1/3/2016 15:55
INC0000822__1,2756,closure,INC0000822,True,INC0000822__0,0.44999999999999996,0.44999999999999996,0.0,complete,0,1,cmdb_ci 31,cmdb_ci 31_restored,New,2/3/2016 08:49
INC0000822__2,2757,closure,INC0000822,True,INC0000822__1,0.44999999999999996,0.44999999999999996,0.0,complete,0,1,cmdb_ci 31,cmdb_ci 31_restored,Active,2/3/2016 08:49
INC0000822__3,2758,closure,INC0000822,True,INC0000822__2,0.44999999999999996,0.44999999999999996,0.0,complete,0,1,cmdb_ci 31,cmdb_ci 31_restored,Active,2/3/2016 09:50
INC0000822__4,2759,closure,INC0000822,True,INC0000822__3,0.44999999999999996,0.44999999999999996,0.0,complete,0,1,cmdb_ci 31,cmdb_ci 31_restored,Resolved,2/3/2016 09:50
INC0000822__5,2760,closure,INC0000822,True,INC0000822__4,0.44999999999999996,0.35,-0.09999999999999998,complete,0,1,cmdb_ci 31,cmdb_ci 31_restored,Closed,7/3/2016 10:00
INC0000823__0,2761,source,INC0000823,False,,0.44999999999999996,0.44999999999999996,0.0,none,0,0,Category 37,Category 37,New,1/3/2016 15:55
INC0000823__1,2762,closure,INC0000823,True,INC0000823__0,0.44999999999999996,0.44999999999999996,0.0,complete,0,1,Category 37,Category 37_restored,Resolved,1/3/2016 16:13
INC0000823__2,2763,closure,INC0000823,True,INC0000823__1,0.44999999999999996,0.44999999999999996,0.0,complete,0,1,Category 37,Category 37_restored,Resolved,2/3/2016 16:03
INC0000823__3,2764,closure,INC0000823,True,INC0000823__2,0.44999999999999996,0.35,-0.09999999999999998,complete,0,1,Category 37,Category 37_restored,Closed,7/3/2016 17:00
INC0000824__0,2765,source,INC0000824,False,,0.44999999999999996,0.44999999999999996,0.0,none,0,0,Category 55,Category 55,New,1/3/2016 16:04
INC0000824__1,2766,closure,INC0000824,True,INC0000824__0,0.44999999999999996,0.39999999999999997,-0.04999999999999999,complete,0,1,Category 55,Category 55_restored,New,2/3/2016 02:14
INC0000824__2,2767,closure,INC0000824,True,INC0000824__1,0.39999999999999997,0.35,-0.04999999999999999,complete,0,1,Category 32,Category 32_restored,New,2/3/2016 14:40
INC0000824__3,2768,closure,INC0000824,True,INC0000824__2,0.35,0.3,-0.04999999999999999,complete,0,1,Category 32,Category 32_restored,New,2/3/2016 16:36
INC0000824__4,2769,closure,INC0000824,True,INC0000824__3,0.3,0.25,-0.04999999999999999,complete,0,1,Category 32,Category 32_restored,New,3/3/2016 17:45
INC0000824__5,2770,closure,INC0000824,True,INC0000824__4,0.25,0.2,-0.04999999999999999,complete,0,1,Category 32,Category 32_restored,New,4/3/2016 13:53
INC0000824__6,2771,closure,INC0000824,True,INC0000824__5,0.2,0.15000000000000002,-0.04999999999999999,complete,0,1,Category 55,Category 55_restored,New,5/3/2016 13:53
INC0000824__7,2772,closure,INC0000824,True,INC0000824__6,0.15000000000000002,0.10000000000000002,-0.05,complete,0,1,Category 55,Category 55_restored,Active,7/3/2016 10:48
INC0000824__8,2773,closure,INC0000824,True,INC0000824__7,0.10000000000000002,0.05000000000000002,-0.05,complete,0,1,Category 55,Category 55_restored,Awaiting Problem,7/3/2016 10:50
INC0000824__9,2774,closure,INC0000824,True,INC0000824__8,0.05000000000000002,1.3877787807814457e-17,-0.05,complete,0,1,Category 55,Category 55_restored,Active,7/3/2016 15:44
INC0000824__10,2775,closure,INC0000824,True,INC0000824__9,1.3877787807814457e-17,0.0,-1.3877787807814457e-17,complete,0,1,Category 55,Category 55_restored,Active,7/3/2016 21:37
INC0000824__11,2776,closure,INC0000824,True,INC0000824__10,0.0,0.0,0.0,complete,0,1,Category 55,Category 55_restored,Awaiting User Info,7/3/2016 21:37
INC0000824__12,2777,closure,INC0000824,True,INC0000824__11,0.0,0.0,0.0,complete,0,1,Category 55,Category 55_restored,Awaiting User Info,8/3/2016 01:53
INC0000824__13,2778,closure,INC0000824,True,INC0000824__12,0.0,0.0,0.0,complete,0,1,Category 55,Category 55_restored,Awaiting User Info,8/3/2016 09:33
INC0000824__14,2779,closure,INC0000824,True,INC0000824__13,0.0,0.0,0.0,complete,0,1,Category 55,Category 55_restored,Awaiting User Info,8/3/2016 09:33
INC0000824__15,2780,closure,INC0000824,True,INC0000824__14,0.0,0.0,0.0,complete,0,1,Category 55,Category 55_restored,Awaiting User Info,8/3/2016 15:17
INC0000824__16,2781,closure,INC0000824,True,INC0000824__15,0.0,0.0,0.0,complete,0,1,Category 55,Category 55_restored,Awaiting User Info,10/3/2016 11:17
INC0000824__17,2782,closure,INC0000824,True,INC0000824__16,0.0,0.0,0.0,complete,0,1,Category 55,Category 55_restored,Awaiting User Info,10/3/2016 11:17
INC0000824__18,2783,closure,INC0000824,True,INC0000824__17,0.0,0.0,0.0,complete,0,1,Category 55,Category 55_restored,Resolved,10/3/2016 11:18
INC0000824__19,2784,closure,INC0000824,True,INC0000824__18,0.0,0.0,0.0,complete,0,1,Category 55,Category 55_restored,Closed,24/3/2016 18:50
INC0000825__0,2785,source,INC0000825,False,,0.44999999999999996,0.44999999999999996,0.0,none,0,0,Category 26,Category 26,New,1/3/2016 16:05
INC0000825__1,2786,closure,INC0000825,True,INC0000825__0,0.44999999999999996,0.39999999999999997,-0.04999999999999999,complete,0,1,Category 26,Category 26_restored,New,3/3/2016 17:46
INC0000825__2,2787,closure,INC0000825,True,INC0000825__1,0.39999999999999997,0.35,-0.04999999999999999,complete,0,1,Category 26,Category 26_restored,Resolved,4/3/2016 12:29
INC0000825__3,2788,closure,INC0000825,True,INC0000825__2,0.35,0.3,-0.04999999999999999,complete,0,1,Category 26,Category 26_restored,Closed,9/3/2016 13:00
INC0000826__0,2789,source,INC0000826,False,,0.44999999999999996,0.44999999999999996,0.0,none,0,0,Category 35,Category 35,New,1/3/2016 16:07
INC0000826__1,2790,closure,INC0000826,True,INC0000826__0,0.44999999999999996,0.39999999999999997,-0.04999999999999999,complete,0,1,Category 35,Category 35_restored,New,3/3/2016 01:55
INC0000826__2,2791,closure,INC0000826,True,INC0000826__1,0.39999999999999997,0.35,-0.04999999999999999,complete,0,1,Category 35,Category 35_restored,Active,3/3/2016 09:51
INC0000826__3,2792,closure,INC0000826,True,INC0000826__2,0.35,0.3,-0.04999999999999999,complete,0,1,Category 35,Category 35_restored,Active,3/3/2016 10:27
INC0000826__4,2793,closure,INC0000826,True,INC0000826__3,0.3,0.25,-0.04999999999999999,complete,0,1,Category 35,Category 35_restored,Active,3/3/2016 10:43
INC0000826__5,2794,closure,INC0000826,True,INC0000826__4,0.25,0.2,-0.04999999999999999,complete,0,1,Category 35,Category 35_restored,Awaiting User Info,3/3/2016 10:43
INC0000826__6,2795,closure,INC0000826,True,INC0000826__5,0.2,0.15000000000000002,-0.04999999999999999,complete,0,1,Category 35,Category 35_restored,Awaiting User Info,3/3/2016 14:11
INC0000826__7,2796,closure,INC0000826,True,INC0000826__6,0.15000000000000002,0.10000000000000002,-0.05,complete,0,1,Category 35,Category 35_restored,Resolved,3/3/2016 16:34
INC0000826__8,2797,closure,INC0000826,True,INC0000826__7,0.10000000000000002,0.05000000000000002,-0.05,complete,0,1,Category 35,Category 35_restored,Closed,8/3/2016 17:00
INC0000827__0,2798,source,INC0000827,False,,0.44999999999999996,0.44999999999999996,0.0,none,0,0,Category 26,Category 26,Active,1/3/2016 16:03
INC0000827__1,2799,closure,INC0000827,True,INC0000827__0,0.44999999999999996,0.44999999999999996,0.0,complete,0,1,Category 26,Category 26_restored,Active,1/3/2016 16:23
INC0000827__2,2800,closure,INC0000827,True,INC0000827__1,0.44999999999999996,0.44999999999999996,0.0,complete,0,1,Category 26,Category 26_restored,Resolved,2/3/2016 19:45
INC0000827__3,2801,closure,INC0000827,True,INC0000827__2,0.44999999999999996,0.35,-0.09999999999999998,complete,0,1,Category 26,Category 26_restored,Closed,7/3/2016 20:00
INC0000828__0,2802,source,INC0000828,False,,0.6,0.6,0.0,none,0,0,incident,incident,New,1/3/2016 16:12
INC0000828__1,2803,closure,INC0000828,True,INC0000828__0,0.6,0.6,0.0,complete,0,1,incident,incident_restored,Resolved,2/3/2016 09:47
INC0000828__2,2804,closure,INC0000828,True,INC0000828__1,0.6,0.6,0.0,complete,0,1,incident,incident_restored,Resolved,2/3/2016 09:47
INC0000828__3,2805,closure,INC0000828,True,INC0000828__2,0.6,0.6,0.0,complete,0,1,incident,incident_restored,Resolved,2/3/2016 09:47
INC0000828__4,2806,closure,INC0000828,True,INC0000828__3,0.6,0.5499999999999999,-0.050000000000000044,complete,0,1,incident,incident_restored,Closed,7/3/2016 10:00
INC0000830__0,2807,source,INC0000830,False,,0.44999999999999996,0.44999999999999996,0.0,none,0,0,Group 70,Group 70,New,1/3/2016 16:10
INC0000830__1,2808,closure,INC0000830,True,INC0000830__0,0.44999999999999996,0.39999999999999997,-0.04999999999999999,complete,0,1,Group 29,Group 29_restored,New,3/3/2016 17:47
INC0000830__2,2809,closure,INC0000830,True,INC0000830__1,0.39999999999999997,0.35,-0.04999999999999999,complete,0,1,Group 29,Group 29_restored,New,7/3/2016 09:24
INC0000830__3,2810,closure,INC0000830,True,INC0000830__2,0.35,0.3,-0.04999999999999999,complete,0,1,Group 29,Group 29_restored,New,7/3/2016 10:17
INC0000830__4,2811,closure,INC0000830,True,INC0000830__3,0.3,0.25,-0.04999999999999999,complete,0,1,Category 26,Category 26_restored,Active,7/3/2016 10:34
INC0000830__5,2812,closure,INC0000830,True,INC0000830__4,0.25,0.2,-0.04999999999999999,complete,0,1,Category 26,Category 26_restored,Active,7/3/2016 15:27
INC0000830__6,2813,closure,INC0000830,True,INC0000830__5,0.2,0.15000000000000002,-0.04999999999999999,complete,0,1,Category 26,Category 26_restored,Resolved,7/3/2016 15:27
INC0000830__7,2814,closure,INC0000830,True,INC0000830__6,0.15000000000000002,0.10000000000000002,-0.05,complete,0,1,Category 26,Category 26_restored,Closed,24/3/2016 18:40
INC0000831__0,2815,source,INC0000831,False,,0.44999999999999996,0.44999999999999996,0.0,none,0,0,Category 37,Category 37,New,1/3/2016 16:10
INC0000831__1,2816,closure,INC0000831,True,INC0000831__0,0.44999999999999996,0.39999999999999997,-0.04999999999999999,complete,0,1,Category 37,Category 37_restored,New,2/3/2016 09:09
INC0000831__2,2817,closure,INC0000831,True,INC0000831__1,0.39999999999999997,0.35,-0.04999999999999999,complete,0,1,Category 37,Category 37_restored,Active,18/3/2016 13:03
INC0000831__3,2818,closure,INC0000831,True,INC0000831__2,0.35,0.3,-0.04999999999999999,complete,0,1,Category 37,Category 37_restored,Resolved,22/3/2016 15:19
INC0000831__4,2819,closure,INC0000831,True,INC0000831__3,0.3,0.25,-0.04999999999999999,complete,0,1,Category 37,Category 37_restored,Closed,27/3/2016 15:59
INC0000832__0,2820,source,INC0000832,False,,0.44999999999999996,0.44999999999999996,0.0,none,0,0,Category 26,Category 26,Active,1/3/2016 16:22
INC0000832__1,2821,closure,INC0000832,True,INC0000832__0,0.44999999999999996,0.44999999999999996,0.0,complete,0,1,Category 26,Category 26_restored,Active,2/3/2016 12:44
INC0000832__2,2822,closure,INC0000832,True,INC0000832__1,0.44999999999999996,0.44999999999999996,0.0,complete,0,1,Category 26,Category 26_restored,Active,2/3/2016 12:46
INC0000832__3,2823,closure,INC0000832,True,INC0000832__2,0.44999999999999996,0.44999999999999996,0.0,complete,0,1,Category 26,Category 26_restored,Active,7/3/2016 14:32
INC0000832__4,2824,closure,INC0000832,True,INC0000832__3,0.44999999999999996,0.44999999999999996,0.0,complete,0,1,Category 26,Category 26_restored,Active,7/3/2016 14:32
INC0000832__5,2825,closure,INC0000832,True,INC0000832__4,0.44999999999999996,0.44999999999999996,0.0,complete,0,1,Category 26,Category 26_restored,Resolved,9/3/2016 09:52
INC0000832__6,2826,closure,INC0000832,True,INC0000832__5,0.44999999999999996,0.39999999999999997,-0.04999999999999999,complete,0,1,Category 26,Category 26_restored,Closed,24/3/2016 18:40
INC0000833__0,2827,source,INC0000833,False,,0.44999999999999996,0.44999999999999996,0.0,none,0,0,Category 37,Category 37,New,1/3/2016 16:17
INC0000833__1,2828,closure,INC0000833,True,INC0000833__0,0.44999999999999996,0.39999999999999997,-0.04999999999999999,complete,0,1,Category 37,Category 37_restored,New,2/3/2016 02:15
INC0000833__2,2829,closure,INC0000833,True,INC0000833__1,0.39999999999999997,0.35,-0.04999999999999999,complete,0,1,Category 37,Category 37_restored,New,2/3/2016 13:28
INC0000833__3,2830,closure,INC0000833,True,INC0000833__2,0.35,0.3,-0.04999999999999999,complete,0,1,Category 37,Category 37_restored,Awaiting User Info,3/3/2016 15:35
INC0000833__4,2831,closure,INC0000833,True,INC0000833__3,0.3,0.25,-0.04999999999999999,complete,0,1,Category 37,Category 37_restored,Awaiting User Info,8/3/2016 09:25
INC0000833__5,2832,closure,INC0000833,True,INC0000833__4,0.25,0.2,-0.04999999999999999,complete,0,1,Category 37,Category 37_restored,Resolved,8/3/2016 09:26
INC0000833__6,2833,closure,INC0000833,True,INC0000833__5,0.2,0.15000000000000002,-0.04999999999999999,complete,0,1,Category 37,Category 37_restored,Closed,24/3/2016 18:40
INC0000834__0,2834,source,INC0000834,False,,0.44999999999999996,0.44999999999999996,0.0,none,0,0,Category 42,Category 42,New,1/3/2016 16:18
INC0000834__1,2835,closure,INC0000834,True,INC0000834__0,0.44999999999999996,0.44999999999999996,0.0,complete,0,1,Category 42,Category 42_restored,Awaiting User Info,1/3/2016 19:51
INC0000834__2,2836,closure,INC0000834,True,INC0000834__1,0.44999999999999996,0.39999999999999997,-0.04999999999999999,complete,0,1,Category 42,Category 42_restored,Awaiting User Info,3/3/2016 03:48
INC0000834__3,2837,closure,INC0000834,True,INC0000834__2,0.39999999999999997,0.35,-0.04999999999999999,complete,0,1,Category 42,Category 42_restored,Awaiting User Info,3/3/2016 11:33
INC0000834__4,2838,closure,INC0000834,True,INC0000834__3,0.35,0.3,-0.04999999999999999,complete,0,1,Category 42,Category 42_restored,Awaiting User Info,3/3/2016 11:52
INC0000834__5,2839,closure,INC0000834,True,INC0000834__4,0.3,0.25,-0.04999999999999999,complete,0,1,Category 42,Category 42_restored,Awaiting User Info,3/3/2016 17:47
INC0000834__6,2840,closure,INC0000834,True,INC0000834__5,0.25,0.2,-0.04999999999999999,complete,0,1,Category 42,Category 42_restored,Resolved,4/3/2016 11:58
INC0000834__7,2841,closure,INC0000834,True,INC0000834__6,0.2,0.15000000000000002,-0.04999999999999999,complete,0,1,Category 42,Category 42_restored,Closed,9/3/2016 12:00
INC0000835__0,2842,source,INC0000835,False,,0.44999999999999996,0.44999999999999996,0.0,none,0,0,Category 26,Category 26,New,1/3/2016 16:30
INC0000835__1,2843,closure,INC0000835,True,INC0000835__0,0.44999999999999996,0.44999999999999996,0.0,complete,0,1,Category 26,Category 26_restored,New,2/3/2016 08:15
INC0000835__2,2844,closure,INC0000835,True,INC0000835__1,0.44999999999999996,0.39999999999999997,-0.04999999999999999,complete,0,1,Category 26,Category 26_restored,New,3/3/2016 17:48
INC0000835__3,2845,closure,INC0000835,True,INC0000835__2,0.39999999999999997,0.35,-0.04999999999999999,complete,0,1,Category 26,Category 26_restored,Active,18/3/2016 12:25
INC0000835__4,2846,closure,INC0000835,True,INC0000835__3,0.35,0.3,-0.04999999999999999,complete,0,1,Category 26,Category 26_restored,Active,18/3/2016 12:59
INC0000835__5,2847,closure,INC0000835,True,INC0000835__4,0.3,0.25,-0.04999999999999999,complete,0,1,Category 26,Category 26_restored,Resolved,23/3/2016 14:29
INC0000835__6,2848,closure,INC0000835,True,INC0000835__5,0.25,0.2,-0.04999999999999999,complete,0,1,Category 26,Category 26_restored,Closed,28/3/2016 14:59
INC0000837__0,2849,source,INC0000837,False,,0.44999999999999996,0.44999999999999996,0.0,none,0,0,Category 26,Category 26,New,1/3/2016 16:24
INC0000837__1,2850,closure,INC0000837,True,INC0000837__0,0.44999999999999996,0.44999999999999996,0.0,complete,0,1,Category 26,Category 26_restored,New,2/3/2016 20:13
INC0000837__2,2851,closure,INC0000837,True,INC0000837__1,0.44999999999999996,0.44999999999999996,0.0,complete,0,1,Category 26,Category 26_restored,Resolved,2/3/2016 20:13
INC0000837__3,2852,closure,INC0000837,True,INC0000837__2,0.44999999999999996,0.35,-0.09999999999999998,complete,0,1,Category 26,Category 26_restored,Closed,7/3/2016 21:00
INC0000838__0,2853,source,INC0000838,False,,0.44999999999999996,0.44999999999999996,0.0,none,0,0,Category 23,Category 23,New,1/3/2016 16:42
INC0000838__1,2854,closure,INC0000838,True,INC0000838__0,0.44999999999999996,0.39999999999999997,-0.04999999999999999,complete,0,1,Category 23,Category 23_restored,New,2/3/2016 02:16
INC0000838__2,2855,closure,INC0000838,True,INC0000838__1,0.39999999999999997,0.35,-0.04999999999999999,complete,0,1,Category 23,Category 23_restored,Active,2/3/2016 10:45
INC0000838__3,2856,closure,INC0000838,True,INC0000838__2,0.35,0.3,-0.04999999999999999,complete,0,1,Category 23,Category 23_restored,Active,3/3/2016 09:47
INC0000838__4,2857,closure,INC0000838,True,INC0000838__3,0.3,0.25,-0.04999999999999999,complete,0,1,Category 23,Category 23_restored,Resolved,3/3/2016 09:47
INC0000838__5,2858,closure,INC0000838,True,INC0000838__4,0.25,0.2,-0.04999999999999999,complete,0,1,Category 23,Category 23_restored,Closed,8/3/2016 10:00
INC0000839__0,2859,source,INC0000839,False,,0.44999999999999996,0.44999999999999996,0.0,none,0,0,Category 24,Category 24,New,1/3/2016 16:45
INC0000839__1,2860,closure,INC0000839,True,INC0000839__0,0.44999999999999996,0.44999999999999996,0.0,complete,0,1,Category 24,Category 24_restored,Active,2/3/2016 09:36
INC0000839__2,2861,closure,INC0000839,True,INC0000839__1,0.44999999999999996,0.44999999999999996,0.0,complete,0,1,Category 24,Category 24_restored,Active,2/3/2016 10:53
INC0000839__3,2862,closure,INC0000839,True,INC0000839__2,0.44999999999999996,0.44999999999999996,0.0,complete,0,1,Category 24,Category 24_restored,Resolved,2/3/2016 10:53
INC0000839__4,2863,closure,INC0000839,True,INC0000839__3,0.44999999999999996,0.35,-0.09999999999999998,complete,0,1,Category 24,Category 24_restored,Closed,7/3/2016 11:00
INC0000840__0,2864,source,INC0000840,False,,0.44999999999999996,0.44999999999999996,0.0,none,0,0,Category 45,Category 45,Active,1/3/2016 16:51
INC0000840__1,2865,closure,INC0000840,True,INC0000840__0,0.44999999999999996,0.44999999999999996,0.0,complete,0,1,Category 45,Category 45_restored,Awaiting User Info,1/3/2016 16:52
INC0000840__2,2866,closure,INC0000840,True,INC0000840__1,0.44999999999999996,0.44999999999999996,0.0,complete,0,1,Category 45,Category 45_restored,Awaiting User Info,1/3/2016 16:52
INC0000840__3,2867,closure,INC0000840,True,INC0000840__2,0.44999999999999996,0.44999999999999996,0.0,complete,0,1,Category 45,Category 45_restored,Awaiting User Info,8/3/2016 15:12
INC0000840__4,2868,closure,INC0000840,True,INC0000840__3,0.44999999999999996,0.44999999999999996,0.0,complete,0,1,Category 45,Category 45_restored,Awaiting User Info,12/5/2016 14:42
INC0000840__5,2869,closure,INC0000840,True,INC0000840__4,0.44999999999999996,0.44999999999999996,0.0,complete,0,1,Category 45,Category 45_restored,Resolved,13/5/2016 14:23
INC0000840__6,2870,closure,INC0000840,True,INC0000840__5,0.44999999999999996,0.39999999999999997,-0.04999999999999999,complete,0,1,Category 45,Category 45_restored,Closed,18/5/2016 15:07
INC0000842__0,2871,source,INC0000842,False,,0.44999999999999996,0.44999999999999996,0.0,none,0,0,Category 45,Category 45,New,1/3/2016 16:55
INC0000842__1,2872,closure,INC0000842,True,INC0000842__0,0.44999999999999996,0.39999999999999997,-0.04999999999999999,complete,0,1,Category 45,Category 45_restored,New,1/3/2016 18:36
INC0000842__2,2873,closure,INC0000842,True,INC0000842__1,0.39999999999999997,0.35,-0.04999999999999999,complete,0,1,Category 45,Category 45_restored,New,2/3/2016 02:39
INC0000842__3,2874,closure,INC0000842,True,INC0000842__2,0.35,0.3,-0.04999999999999999,complete,0,1,Category 45,Category 45_restored,New,2/3/2016 11:41
INC0000842__4,2875,closure,INC0000842,True,INC0000842__3,0.3,0.25,-0.04999999999999999,complete,0,1,Category 45,Category 45_restored,New,2/3/2016 11:49
INC0000842__5,2876,closure,INC0000842,True,INC0000842__4,0.25,0.2,-0.04999999999999999,complete,0,1,Category 45,Category 45_restored,New,3/3/2016 02:38
INC0000842__6,2877,closure,INC0000842,True,INC0000842__5,0.2,0.15000000000000002,-0.04999999999999999,complete,0,1,Category 45,Category 45_restored,New,3/3/2016 09:36
INC0000842__7,2878,closure,INC0000842,True,INC0000842__6,0.15000000000000002,0.10000000000000002,-0.05,complete,0,1,Category 45,Category 45_restored,Active,15/3/2016 12:45
INC0000842__8,2879,closure,INC0000842,True,INC0000842__7,0.10000000000000002,0.05000000000000002,-0.05,complete,0,1,Category 45,Category 45_restored,Active,17/3/2016 10:26
INC0000842__9,2880,closure,INC0000842,True,INC0000842__8,0.05000000000000002,1.3877787807814457e-17,-0.05,complete,0,1,Category 45,Category 45_restored,Active,17/3/2016 10:42
INC0000842__10,2881,closure,INC0000842,True,INC0000842__9,1.3877787807814457e-17,0.0,-1.3877787807814457e-17,complete,0,1,Category 45,Category 45_restored,Resolved,17/3/2016 15:55
INC0000842__11,2882,closure,INC0000842,True,INC0000842__10,0.0,0.0,0.0,complete,0,1,Category 45,Category 45_restored,Closed,24/3/2016 18:59
INC0000845__0,2883,source,INC0000845,False,,0.30000000000000004,0.30000000000000004,0.0,none,0,0,Category 26,Category 26,New,1/3/2016 16:52
INC0000845__1,2884,closure,INC0000845,True,INC0000845__0,0.30000000000000004,0.30000000000000004,0.0,complete,0,1,Category 26,Category 26_restored,New,3/3/2016 09:47
INC0000845__2,2885,closure,INC0000845,True,INC0000845__1,0.30000000000000004,0.25000000000000006,-0.04999999999999999,complete,0,1,Category 26,Category 26_restored,New,3/3/2016 09:47
INC0000845__3,2886,closure,INC0000845,True,INC0000845__2,0.25000000000000006,0.20000000000000007,-0.04999999999999999,complete,0,1,Category 26,Category 26_restored,New,3/3/2016 17:50
INC0000845__4,2887,closure,INC0000845,True,INC0000845__3,0.20000000000000007,0.15000000000000008,-0.04999999999999999,complete,0,1,Category 26,Category 26_restored,New,3/3/2016 17:50
INC0000845__5,2888,closure,INC0000845,True,INC0000845__4,0.15000000000000008,0.10000000000000007,-0.05,complete,0,1,Category 26,Category 26_restored,Resolved,4/3/2016 16:22
INC0000845__6,2889,closure,INC0000845,True,INC0000845__5,0.10000000000000007,0.05000000000000007,-0.05,complete,0,1,Category 26,Category 26_restored,Closed,9/3/2016 17:00
INC0000847__0,2890,source,INC0000847,False,,0.44999999999999996,0.44999999999999996,0.0,none,0,0,Category 23,Category 23,New,1/3/2016 16:56
INC0000847__1,2891,closure,INC0000847,True,INC0000847__0,0.44999999999999996,0.44999999999999996,0.0,complete,0,1,Category 23,Category 23_restored,Active,2/3/2016 08:51
INC0000847__2,2892,closure,INC0000847,True,INC0000847__1,0.44999999999999996,0.44999999999999996,0.0,complete,0,1,Category 23,Category 23_restored,Active,2/3/2016 09:02
INC0000847__3,2893,closure,INC0000847,True,INC0000847__2,0.44999999999999996,0.44999999999999996,0.0,complete,0,1,Category 23,Category 23_restored,Active,2/3/2016 09:02
INC0000847__4,2894,closure,INC0000847,True,INC0000847__3,0.44999999999999996,0.44999999999999996,0.0,complete,0,1,Category 23,Category 23_restored,Awaiting User Info,2/3/2016 09:03
INC0000847__5,2895,closure,INC0000847,True,INC0000847__4,0.44999999999999996,0.44999999999999996,0.0,complete,0,1,Category 23,Category 23_restored,Awaiting User Info,2/3/2016 09:43
INC0000847__6,2896,closure,INC0000847,True,INC0000847__5,0.44999999999999996,0.44999999999999996,0.0,complete,0,1,Category 23,Category 23_restored,Active,2/3/2016 09:44
INC0000847__7,2897,closure,INC0000847,True,INC0000847__6,0.44999999999999996,0.44999999999999996,0.0,complete,0,1,Category 23,Category 23_restored,Active,2/3/2016 09:47
INC0000847__8,2898,closure,INC0000847,True,INC0000847__7,0.44999999999999996,0.44999999999999996,0.0,complete,0,1,Category 23,Category 23_restored,Resolved,2/3/2016 10:18
INC0000847__9,2899,closure,INC0000847,True,INC0000847__8,0.44999999999999996,0.35,-0.09999999999999998,complete,0,1,Category 23,Category 23_restored,Closed,7/3/2016 11:00
INC0000849__0,2900,source,INC0000849,False,,0.44999999999999996,0.44999999999999996,0.0,none,0,0,Category 45,Category 45,Active,1/3/2016 16:58
INC0000849__1,2901,closure,INC0000849,True,INC0000849__0,0.44999999999999996,0.44999999999999996,0.0,complete,0,1,Category 45,Category 45_restored,Awaiting User Info,1/3/2016 16:59
INC0000849__2,2902,closure,INC0000849,True,INC0000849__1,0.44999999999999996,0.39999999999999997,-0.04999999999999999,complete,0,1,Category 45,Category 45_restored,Closed,4/4/2016 16:59
INC0000849__3,2903,closure,INC0000849,True,INC0000849__2,0.39999999999999997,0.35,-0.04999999999999999,complete,0,1,Category 45,Category 45_restored,Resolved,30/3/2016 16:38
INC0000850__0,2904,source,INC0000850,False,,0.44999999999999996,0.44999999999999996,0.0,none,0,0,Category 40,Category 40,New,1/3/2016 16:55
INC0000850__1,2905,closure,INC0000850,True,INC0000850__0,0.44999999999999996,0.44999999999999996,0.0,complete,0,1,Category 40,Category 40_restored,Active,2/3/2016 12:48
INC0000850__2,2906,closure,INC0000850,True,INC0000850__1,0.44999999999999996,0.44999999999999996,0.0,complete,0,1,Category 40,Category 40_restored,Active,2/3/2016 13:02
INC0000850__3,2907,closure,INC0000850,True,INC0000850__2,0.44999999999999996,0.44999999999999996,0.0,complete,0,1,Category 40,Category 40_restored,Active,3/3/2016 17:56
INC0000850__4,2908,closure,INC0000850,True,INC0000850__3,0.44999999999999996,0.44999999999999996,0.0,complete,0,1,Category 40,Category 40_restored,Resolved,4/3/2016 16:09
INC0000850__5,2909,closure,INC0000850,True,INC0000850__4,0.44999999999999996,0.35,-0.09999999999999998,complete,0,1,Category 40,Category 40_restored,Closed,9/3/2016 17:00
INC0000852__0,2910,source,INC0000852,False,,0.44999999999999996,0.44999999999999996,0.0,none,0,0,Category 23,Category 23,New,1/3/2016 17:09
INC0000852__1,2911,closure,INC0000852,True,INC0000852__0,0.44999999999999996,0.44999999999999996,0.0,complete,0,1,Category 23,Category 23_restored,New,3/3/2016 14:45
INC0000852__2,2912,closure,INC0000852,True,INC0000852__1,0.44999999999999996,0.44999999999999996,0.0,complete,0,1,Category 23,Category 23_restored,New,3/3/2016 15:54
INC0000852__3,2913,closure,INC0000852,True,INC0000852__2,0.44999999999999996,0.44999999999999996,0.0,complete,0,1,Category 23,Category 23_restored,Resolved,3/3/2016 15:55
INC0000852__4,2914,closure,INC0000852,True,INC0000852__3,0.44999999999999996,0.35,-0.09999999999999998,complete,0,1,Category 23,Category 23_restored,Closed,8/3/2016 16:00
INC0000854__0,2915,source,INC0000854,False,,0.44999999999999996,0.44999999999999996,0.0,none,0,0,Category 53,Category 53,New,1/3/2016 17:13
INC0000854__1,2916,closure,INC0000854,True,INC0000854__0,0.44999999999999996,0.44999999999999996,0.0,complete,0,1,Category 26,Category 26_restored,New,1/3/2016 17:14
INC0000854__2,2917,closure,INC0000854,True,INC0000854__1,0.44999999999999996,0.39999999999999997,-0.04999999999999999,complete,0,1,Category 26,Category 26_restored,New,3/3/2016 02:58
INC0000854__3,2918,closure,INC0000854,True,INC0000854__2,0.39999999999999997,0.35,-0.04999999999999999,complete,0,1,Category 26,Category 26_restored,Active,3/3/2016 09:29
INC0000854__4,2919,closure,INC0000854,True,INC0000854__3,0.35,0.3,-0.04999999999999999,complete,0,1,Category 26,Category 26_restored,Resolved,4/3/2016 14:44
INC0000854__5,2920,closure,INC0000854,True,INC0000854__4,0.3,0.25,-0.04999999999999999,complete,0,1,Category 26,Category 26_restored,Closed,9/3/2016 15:00
INC0000856__0,2921,source,INC0000856,False,,0.44999999999999996,0.44999999999999996,0.0,none,0,0,Category 26,Category 26,New,1/3/2016 17:08
INC0000856__1,2922,closure,INC0000856,True,INC0000856__0,0.44999999999999996,0.39999999999999997,-0.04999999999999999,complete,0,1,Category 26,Category 26_restored,New,2/3/2016 09:44
INC0000856__2,2923,closure,INC0000856,True,INC0000856__1,0.39999999999999997,0.35,-0.04999999999999999,complete,0,1,Category 26,Category 26_restored,New,2/3/2016 10:05
INC0000856__3,2924,closure,INC0000856,True,INC0000856__2,0.35,0.3,-0.04999999999999999,complete,0,1,Category 26,Category 26_restored,Resolved,2/3/2016 10:05
INC0000856__4,2925,closure,INC0000856,True,INC0000856__3,0.3,0.25,-0.04999999999999999,complete,0,1,Category 26,Category 26_restored,Closed,7/3/2016 11:00
INC0000857__0,2926,source,INC0000857,False,,0.44999999999999996,0.44999999999999996,0.0,none,0,0,Category 45,Category 45,Active,1/3/2016 17:12
INC0000857__1,2927,closure,INC0000857,True,INC0000857__0,0.44999999999999996,0.44999999999999996,0.0,complete,0,1,Category 45,Category 45_restored,Awaiting User Info,1/3/2016 17:13
INC0000857__2,2928,closure,INC0000857,True,INC0000857__1,0.44999999999999996,0.39999999999999997,-0.04999999999999999,complete,0,1,Category 46,Category 46_restored,Closed,3/5/2016 12:07
INC0000857__3,2929,closure,INC0000857,True,INC0000857__2,0.39999999999999997,0.35,-0.04999999999999999,complete,0,1,Category 46,Category 46_restored,Awaiting User Info,5/4/2016 10:42
INC0000857__4,2930,closure,INC0000857,True,INC0000857__3,0.35,0.3,-0.04999999999999999,complete,0,1,Category 46,Category 46_restored,Awaiting User Info,28/3/2016 17:08
INC0000857__5,2931,closure,INC0000857,True,INC0000857__4,0.3,0.25,-0.04999999999999999,complete,0,1,Category 46,Category 46_restored,Awaiting User Info,28/3/2016 17:26
INC0000857__6,2932,closure,INC0000857,True,INC0000857__5,0.25,0.2,-0.04999999999999999,complete,0,1,Category 46,Category 46_restored,Awaiting User Info,29/3/2016 09:47
INC0000857__7,2933,closure,INC0000857,True,INC0000857__6,0.2,0.15000000000000002,-0.04999999999999999,complete,0,1,Category 46,Category 46_restored,Awaiting User Info,30/3/2016 16:56
INC0000857__8,2934,closure,INC0000857,True,INC0000857__7,0.15000000000000002,0.10000000000000002,-0.05,complete,0,1,Category 46,Category 46_restored,Awaiting User Info,30/3/2016 17:50
INC0000857__9,2935,closure,INC0000857,True,INC0000857__8,0.10000000000000002,0.05000000000000002,-0.05,complete,0,1,Category 46,Category 46_restored,Awaiting User Info,15/4/2016 10:35
INC0000857__10,2936,closure,INC0000857,True,INC0000857__9,0.05000000000000002,1.3877787807814457e-17,-0.05,complete,0,1,Category 46,Category 46_restored,Awaiting User Info,26/4/2016 13:42
INC0000857__11,2937,closure,INC0000857,True,INC0000857__10,1.3877787807814457e-17,0.0,-1.3877787807814457e-17,complete,0,1,Category 46,Category 46_restored,Awaiting User Info,28/4/2016 09:54
INC0000857__12,2938,closure,INC0000857,True,INC0000857__11,0.0,0.0,0.0,complete,0,1,Category 46,Category 46_restored,Resolved,28/4/2016 11:44
INC0000860__0,2939,source,INC0000860,False,,0.44999999999999996,0.44999999999999996,0.0,none,0,0,Category 9,Category 9,New,1/3/2016 17:16
INC0000860__1,2940,closure,INC0000860,True,INC0000860__0,0.44999999999999996,0.44999999999999996,0.0,complete,0,1,Category 9,Category 9_restored,Active,1/3/2016 17:22
INC0000860__2,2941,closure,INC0000860,True,INC0000860__1,0.44999999999999996,0.44999999999999996,0.0,complete,0,1,Category 9,Category 9_restored,Active,1/3/2016 17:26
INC0000860__3,2942,closure,INC0000860,True,INC0000860__2,0.44999999999999996,0.44999999999999996,0.0,complete,0,1,Category 9,Category 9_restored,Resolved,1/3/2016 17:28
INC0000860__4,2943,closure,INC0000860,True,INC0000860__3,0.44999999999999996,0.35,-0.09999999999999998,complete,0,1,Category 9,Category 9_restored,Closed,6/3/2016 18:00
INC0000863__0,2944,source,INC0000863,False,,0.44999999999999996,0.44999999999999996,0.0,none,0,0,Category 26,Category 26,New,1/3/2016 17:28
INC0000863__1,2945,closure,INC0000863,True,INC0000863__0,0.44999999999999996,0.44999999999999996,0.0,complete,0,1,Category 26,Category 26_restored,New,1/3/2016 17:28
INC0000863__2,2946,closure,INC0000863,True,INC0000863__1,0.44999999999999996,0.39999999999999997,-0.04999999999999999,complete,0,1,Category 26,Category 26_restored,New,3/3/2016 18:03
INC0000863__3,2947,closure,INC0000863,True,INC0000863__2,0.39999999999999997,0.35,-0.04999999999999999,complete,0,1,Category 26,Category 26_restored,Resolved,4/3/2016 10:27
INC0000863__4,2948,closure,INC0000863,True,INC0000863__3,0.35,0.3,-0.04999999999999999,complete,0,1,Category 26,Category 26_restored,Closed,9/3/2016 11:00
INC0000864__0,2949,source,INC0000864,False,,0.44999999999999996,0.44999999999999996,0.0,none,0,0,Category 26,Category 26,New,1/3/2016 17:17
INC0000864__1,2950,closure,INC0000864,True,INC0000864__0,0.44999999999999996,0.39999999999999997,-0.04999999999999999,complete,0,1,Category 26,Category 26_restored,New,1/3/2016 19:13
INC0000864__2,2951,closure,INC0000864,True,INC0000864__1,0.39999999999999997,0.35,-0.04999999999999999,complete,0,1,Category 26,Category 26_restored,New,2/3/2016 14:08
INC0000864__3,2952,closure,INC0000864,True,INC0000864__2,0.35,0.3,-0.04999999999999999,complete,0,1,Category 26,Category 26_restored,Active,2/3/2016 16:50
INC0000864__4,2953,closure,INC0000864,True,INC0000864__3,0.3,0.25,-0.04999999999999999,complete,0,1,Category 26,Category 26_restored,Active,3/3/2016 10:14
INC0000864__5,2954,closure,INC0000864,True,INC0000864__4,0.25,0.2,-0.04999999999999999,complete,0,1,Category 26,Category 26_restored,Resolved,3/3/2016 10:14
INC0000864__6,2955,closure,INC0000864,True,INC0000864__5,0.2,0.15000000000000002,-0.04999999999999999,complete,0,1,Category 26,Category 26_restored,Closed,8/3/2016 11:00
INC0000867__0,2956,source,INC0000867,False,,0.44999999999999996,0.44999999999999996,0.0,none,0,0,Category 26,Category 26,New,1/3/2016 17:31
INC0000867__1,2957,closure,INC0000867,True,INC0000867__0,0.44999999999999996,0.44999999999999996,0.0,complete,0,1,Category 26,Category 26_restored,New,2/3/2016 10:46
INC0000867__2,2958,closure,INC0000867,True,INC0000867__1,0.44999999999999996,0.44999999999999996,0.0,complete,0,1,Category 26,Category 26_restored,New,2/3/2016 12:06
INC0000867__3,2959,closure,INC0000867,True,INC0000867__2,0.44999999999999996,0.44999999999999996,0.0,complete,0,1,Category 26,Category 26_restored,Resolved,2/3/2016 12:06
INC0000867__4,2960,closure,INC0000867,True,INC0000867__3,0.44999999999999996,0.35,-0.09999999999999998,complete,0,1,Category 26,Category 26_restored,Closed,7/3/2016 13:00
INC0000868__0,2961,source,INC0000868,False,,0.44999999999999996,0.44999999999999996,0.0,none,0,0,Category 44,Category 44,New,1/3/2016 17:42
INC0000868__1,2962,closure,INC0000868,True,INC0000868__0,0.44999999999999996,0.39999999999999997,-0.04999999999999999,complete,0,1,Category 45,Category 45_restored,New,2/3/2016 08:43
INC0000868__2,2963,closure,INC0000868,True,INC0000868__1,0.39999999999999997,0.35,-0.04999999999999999,complete,0,1,Category 45,Category 45_restored,Active,2/3/2016 09:41
INC0000868__3,2964,closure,INC0000868,True,INC0000868__2,0.35,0.3,-0.04999999999999999,complete,0,1,Category 45,Category 45_restored,Active,2/3/2016 09:43
INC0000868__4,2965,closure,INC0000868,True,INC0000868__3,0.3,0.25,-0.04999999999999999,complete,0,1,Category 45,Category 45_restored,Active,2/3/2016 10:48
INC0000868__5,2966,closure,INC0000868,True,INC0000868__4,0.25,0.2,-0.04999999999999999,complete,0,1,Category 45,Category 45_restored,Awaiting User Info,2/3/2016 10:51
INC0000868__6,2967,closure,INC0000868,True,INC0000868__5,0.2,0.15000000000000002,-0.04999999999999999,complete,0,1,Category 45,Category 45_restored,Resolved,2/3/2016 11:47
INC0000868__7,2968,closure,INC0000868,True,INC0000868__6,0.15000000000000002,0.10000000000000002,-0.05,complete,0,1,Category 45,Category 45_restored,Closed,7/3/2016 12:00
INC0000872__0,2969,source,INC0000872,False,,0.44999999999999996,0.44999999999999996,0.0,none,0,0,Category 45,Category 45,Active,1/3/2016 17:42
INC0000872__1,2970,closure,INC0000872,True,INC0000872__0,0.44999999999999996,0.39999999999999997,-0.04999999999999999,complete,0,1,Category 45,Category 45_restored,Active,2/3/2016 08:57
INC0000872__2,2971,closure,INC0000872,True,INC0000872__1,0.39999999999999997,0.35,-0.04999999999999999,complete,0,1,Category 45,Category 45_restored,Active,2/3/2016 09:57
INC0000872__3,2972,closure,INC0000872,True,INC0000872__2,0.35,0.3,-0.04999999999999999,complete,0,1,Category 45,Category 45_restored,Active,2/3/2016 14:55
INC0000872__4,2973,closure,INC0000872,True,INC0000872__3,0.3,0.25,-0.04999999999999999,complete,0,1,Category 45,Category 45_restored,Active,2/3/2016 14:56
INC0000872__5,2974,closure,INC0000872,True,INC0000872__4,0.25,0.2,-0.04999999999999999,complete,0,1,Category 45,Category 45_restored,Resolved,2/3/2016 14:56
INC0000872__6,2975,closure,INC0000872,True,INC0000872__5,0.2,0.15000000000000002,-0.04999999999999999,complete,0,1,Category 45,Category 45_restored,Closed,7/3/2016 15:00
INC0000873__0,2976,source,INC0000873,False,,0.44999999999999996,0.44999999999999996,0.0,none,0,0,Category 19,Category 19,New,1/3/2016 17:42
INC0000873__1,2977,closure,INC0000873,True,INC0000873__0,0.44999999999999996,0.44999999999999996,0.0,complete,0,1,Category 19,Category 19_restored,Active,3/3/2016 17:09
INC0000873__2,2978,closure,INC0000873,True,INC0000873__1,0.44999999999999996,0.44999999999999996,0.0,complete,0,1,Category 19,Category 19_restored,Active,3/3/2016 17:31
INC0000873__3,2979,closure,INC0000873,True,INC0000873__2,0.44999999999999996,0.44999999999999996,0.0,complete,0,1,Category 19,Category 19_restored,Resolved,3/3/2016 17:32
INC0000873__4,2980,closure,INC0000873,True,INC0000873__3,0.44999999999999996,0.35,-0.09999999999999998,complete,0,1,Category 19,Category 19_restored,Closed,8/3/2016 18:00
INC0000875__0,2981,source,INC0000875,False,,0.44999999999999996,0.44999999999999996,0.0,none,0,0,Category 26,Category 26,Active,1/3/2016 17:50
INC0000875__1,2982,closure,INC0000875,True,INC0000875__0,0.44999999999999996,0.44999999999999996,0.0,complete,0,1,Category 26,Category 26_restored,Active,8/3/2016 17:24
INC0000875__2,2983,closure,INC0000875,True,INC0000875__1,0.44999999999999996,0.39999999999999997,-0.04999999999999999,complete,0,1,Category 26,Category 26_restored,Active,8/3/2016 17:25
INC0000875__3,2984,closure,INC0000875,True,INC0000875__2,0.39999999999999997,0.35,-0.04999999999999999,complete,0,1,Category 26,Category 26_restored,Active,15/3/2016 09:58
INC0000875__4,2985,closure,INC0000875,True,INC0000875__3,0.35,0.3,-0.04999999999999999,complete,0,1,Category 26,Category 26_restored,Active,21/3/2016 11:11
INC0000875__5,2986,closure,INC0000875,True,INC0000875__4,0.3,0.25,-0.04999999999999999,complete,0,1,Category 26,Category 26_restored,Resolved,21/3/2016 11:11
INC0000875__6,2987,closure,INC0000875,True,INC0000875__5,0.25,0.2,-0.04999999999999999,complete,0,1,Category 26,Category 26_restored,Closed,26/3/2016 11:59
INC0000877__0,2988,source,INC0000877,False,,0.75,0.75,0.0,none,0,0,Category 44,Category 44,New,1/3/2016 18:04
INC0000877__1,2989,closure,INC0000877,True,INC0000877__0,0.75,0.75,0.0,complete,0,1,Category 44,Category 44_restored,Active,1/3/2016 19:31
INC0000877__2,2990,closure,INC0000877,True,INC0000877__1,0.75,0.44999999999999996,-0.30000000000000004,complete,0,3,Category 44,Category 44_restored,Active,2/3/2016 08:45
INC0000877__3,2991,closure,INC0000877,True,INC0000877__2,0.44999999999999996,0.44999999999999996,0.0,complete,0,1,Category 44,Category 44_restored,Resolved,2/3/2016 09:55
INC0000877__4,2992,closure,INC0000877,True,INC0000877__3,0.44999999999999996,0.35,-0.09999999999999998,complete,0,1,Category 44,Category 44_restored,Closed,7/3/2016 10:00
INC0000879__0,2993,source,INC0000879,False,,0.44999999999999996,0.44999999999999996,0.0,none,0,0,Category 23,Category 23,New,1/3/2016 17:59
INC0000879__1,2994,closure,INC0000879,True,INC0000879__0,0.44999999999999996,0.39999999999999997,-0.04999999999999999,complete,0,1,Category 23,Category 23_restored,New,2/3/2016 02:19
INC0000879__2,2995,closure,INC0000879,True,INC0000879__1,0.39999999999999997,0.35,-0.04999999999999999,complete,0,1,Category 23,Category 23_restored,New,2/3/2016 15:49
INC0000879__3,2996,closure,INC0000879,True,INC0000879__2,0.35,0.3,-0.04999999999999999,complete,0,1,Category 23,Category 23_restored,Resolved,3/3/2016 12:27
INC0000879__4,2997,closure,INC0000879,True,INC0000879__3,0.3,0.25,-0.04999999999999999,complete,0,1,Category 23,Category 23_restored,Closed,8/3/2016 13:00
INC0000880__0,2998,source,INC0000880,False,,0.44999999999999996,0.44999999999999996,0.0,none,0,0,Category 45,Category 45,New,1/3/2016 18:11
INC0000880__1,2999,closure,INC0000880,True,INC0000880__0,0.44999999999999996,0.39999999999999997,-0.04999999999999999,complete,0,1,Category 45,Category 45_restored,New,2/3/2016 08:56
INC0000880__2,3000,closure,INC0000880,True,INC0000880__1,0.39999999999999997,0.35,-0.04999999999999999,complete,0,1,Category 45,Category 45_restored,Active,2/3/2016 09:33
INC0000880__3,3001,closure,INC0000880,True,INC0000880__2,0.35,0.3,-0.04999999999999999,complete,0,1,Category 45,Category 45_restored,Active,7/3/2016 17:01
INC0000880__4,3002,closure,INC0000880,True,INC0000880__3,0.3,0.25,-0.04999999999999999,complete,0,1,Category 45,Category 45_restored,Resolved,7/3/2016 17:06
INC0000880__5,3003,closure,INC0000880,True,INC0000880__4,0.25,0.2,-0.04999999999999999,complete,0,1,Category 45,Category 45_restored,Closed,24/3/2016 18:40
INC0000885__0,3004,source,INC0000885,False,,0.44999999999999996,0.44999999999999996,0.0,none,0,0,Category 40,Category 40,New,1/3/2016 18:06
INC0000885__1,3005,closure,INC0000885,True,INC0000885__0,0.44999999999999996,0.44999999999999996,0.0,complete,0,1,Category 53,Category 53_restored,Awaiting User Info,1/3/2016 18:18
INC0000885__2,3006,closure,INC0000885,True,INC0000885__1,0.44999999999999996,0.44999999999999996,0.0,complete,0,1,Category 53,Category 53_restored,Resolved,3/3/2016 17:44
INC0000885__3,3007,closure,INC0000885,True,INC0000885__2,0.44999999999999996,0.39999999999999997,-0.04999999999999999,complete,0,1,Category 53,Category 53_restored,Resolved,3/3/2016 18:04
INC0000885__4,3008,closure,INC0000885,True,INC0000885__3,0.39999999999999997,0.365,-0.034999999999999976,complete,0,1,Category 53,Category 53_restored,Closed,8/3/2016 19:00
INC0000886__0,3009,source,INC0000886,False,,0.44999999999999996,0.44999999999999996,0.0,none,0,0,Category 53,Category 53,New,1/3/2016 18:25
INC0000886__1,3010,closure,INC0000886,True,INC0000886__0,0.44999999999999996,0.44999999999999996,0.0,complete,0,1,Category 53,Category 53_restored,Active,3/3/2016 17:37
INC0000886__2,3011,closure,INC0000886,True,INC0000886__1,0.44999999999999996,0.44999999999999996,0.0,complete,0,1,Category 53,Category 53_restored,Active,4/3/2016 10:09
INC0000886__3,3012,closure,INC0000886,True,INC0000886__2,0.44999999999999996,0.39999999999999997,-0.04999999999999999,complete,0,1,Category 53,Category 53_restored,Active,4/3/2016 10:09
INC0000886__4,3013,closure,INC0000886,True,INC0000886__3,0.39999999999999997,0.35,-0.04999999999999999,complete,0,1,Category 53,Category 53_restored,Active,4/3/2016 10:52
INC0000886__5,3014,closure,INC0000886,True,INC0000886__4,0.35,0.3,-0.04999999999999999,complete,0,1,Category 53,Category 53_restored,Active,4/3/2016 11:20
INC0000886__6,3015,closure,INC0000886,True,INC0000886__5,0.3,0.25,-0.04999999999999999,complete,0,1,Category 53,Category 53_restored,Awaiting User Info,4/3/2016 11:20
INC0000886__7,3016,closure,INC0000886,True,INC0000886__6,0.25,0.2,-0.04999999999999999,complete,0,1,Category 53,Category 53_restored,Awaiting User Info,4/3/2016 11:49
INC0000886__8,3017,closure,INC0000886,True,INC0000886__7,0.2,0.15000000000000002,-0.04999999999999999,complete,0,1,Category 53,Category 53_restored,Active,7/3/2016 08:49
INC0000886__9,3018,closure,INC0000886,True,INC0000886__8,0.15000000000000002,0.10000000000000002,-0.05,complete,0,1,Category 53,Category 53_restored,Active,7/3/2016 08:58
INC0000886__10,3019,closure,INC0000886,True,INC0000886__9,0.10000000000000002,0.05000000000000002,-0.05,complete,0,1,Category 53,Category 53_restored,Resolved,7/3/2016 08:59
INC0000886__11,3020,closure,INC0000886,True,INC0000886__10,0.05000000000000002,1.3877787807814457e-17,-0.05,complete,0,1,Category 53,Category 53_restored,Closed,24/3/2016 18:40
INC0000887__0,3021,source,INC0000887,False,,0.44999999999999996,0.44999999999999996,0.0,none,0,0,Category 55,Category 55,Active,1/3/2016 18:31
INC0000887__1,3022,closure,INC0000887,True,INC0000887__0,0.44999999999999996,0.44999999999999996,0.0,complete,0,1,Category 55,Category 55_restored,Active,8/3/2016 14:56
INC0000887__2,3023,closure,INC0000887,True,INC0000887__1,0.44999999999999996,0.44999999999999996,0.0,complete,0,1,Category 55,Category 55_restored,Active,9/3/2016 12:26
INC0000887__3,3024,closure,INC0000887,True,INC0000887__2,0.44999999999999996,0.44999999999999996,0.0,complete,0,1,Category 55,Category 55_restored,Active,9/3/2016 14:26
INC0000887__4,3025,closure,INC0000887,True,INC0000887__3,0.44999999999999996,0.44999999999999996,0.0,complete,0,1,Category 55,Category 55_restored,Active,9/3/2016 14:27
INC0000887__5,3026,closure,INC0000887,True,INC0000887__4,0.44999999999999996,0.44999999999999996,0.0,complete,0,1,Category 55,Category 55_restored,Resolved,9/3/2016 14:28
INC0000887__6,3027,closure,INC0000887,True,INC0000887__5,0.44999999999999996,0.39999999999999997,-0.04999999999999999,complete,0,1,Category 55,Category 55_restored,Closed,24/3/2016 18:40
INC0000888__0,3028,source,INC0000888,False,,0.44999999999999996,0.44999999999999996,0.0,none,0,0,cmdb_ci 23,cmdb_ci 23,New,1/3/2016 18:49
INC0000888__1,3029,closure,INC0000888,True,INC0000888__0,0.44999999999999996,0.44999999999999996,0.0,complete,0,1,cmdb_ci 23,cmdb_ci 23_restored,New,2/3/2016 08:46
INC0000888__2,3030,closure,INC0000888,True,INC0000888__1,0.44999999999999996,0.44999999999999996,0.0,complete,0,1,cmdb_ci 23,cmdb_ci 23_restored,Active,2/3/2016 08:48
INC0000888__3,3031,closure,INC0000888,True,INC0000888__2,0.44999999999999996,0.44999999999999996,0.0,complete,0,1,cmdb_ci 23,cmdb_ci 23_restored,Active,2/3/2016 09:21
INC0000888__4,3032,closure,INC0000888,True,INC0000888__3,0.44999999999999996,0.44999999999999996,0.0,complete,0,1,cmdb_ci 23,cmdb_ci 23_restored,Active,2/3/2016 09:22
INC0000888__5,3033,closure,INC0000888,True,INC0000888__4,0.44999999999999996,0.44999999999999996,0.0,complete,0,1,cmdb_ci 23,cmdb_ci 23_restored,Awaiting User Info,2/3/2016 09:22
INC0000888__6,3034,closure,INC0000888,True,INC0000888__5,0.44999999999999996,0.44999999999999996,0.0,complete,0,1,cmdb_ci 23,cmdb_ci 23_restored,Awaiting User Info,2/3/2016 09:24
INC0000888__7,3035,closure,INC0000888,True,INC0000888__6,0.44999999999999996,0.44999999999999996,0.0,complete,0,1,cmdb_ci 23,cmdb_ci 23_restored,Awaiting User Info,3/3/2016 09:00
INC0000888__8,3036,closure,INC0000888,True,INC0000888__7,0.44999999999999996,0.44999999999999996,0.0,complete,0,1,cmdb_ci 23,cmdb_ci 23_restored,Awaiting User Info,4/3/2016 09:39
INC0000888__9,3037,closure,INC0000888,True,INC0000888__8,0.44999999999999996,0.44999999999999996,0.0,complete,0,1,cmdb_ci 23,cmdb_ci 23_restored,Awaiting User Info,7/3/2016 09:12
INC0000888__10,3038,closure,INC0000888,True,INC0000888__9,0.44999999999999996,0.44999999999999996,0.0,complete,0,1,cmdb_ci 23,cmdb_ci 23_restored,Active,7/3/2016 09:49
INC0000888__11,3039,closure,INC0000888,True,INC0000888__10,0.44999999999999996,0.44999999999999996,0.0,complete,0,1,cmdb_ci 23,cmdb_ci 23_restored,Active,7/3/2016 10:52
INC0000888__12,3040,closure,INC0000888,True,INC0000888__11,0.44999999999999996,0.44999999999999996,0.0,complete,0,1,cmdb_ci 23,cmdb_ci 23_restored,Resolved,7/3/2016 11:20
INC0000888__13,3041,closure,INC0000888,True,INC0000888__12,0.44999999999999996,0.39999999999999997,-0.04999999999999999,complete,0,1,cmdb_ci 23,cmdb_ci 23_restored,Closed,24/3/2016 18:40
INC0000890__0,3042,source,INC0000890,False,,0.44999999999999996,0.44999999999999996,0.0,none,0,0,Category 42,Category 42,Active,1/3/2016 18:33
INC0000890__1,3043,closure,INC0000890,True,INC0000890__0,0.44999999999999996,0.44999999999999996,0.0,complete,0,1,Category 42,Category 42_restored,Active,1/3/2016 18:45
INC0000890__2,3044,closure,INC0000890,True,INC0000890__1,0.44999999999999996,0.44999999999999996,0.0,complete,0,1,Category 42,Category 42_restored,Active,1/3/2016 18:46
INC0000890__3,3045,closure,INC0000890,True,INC0000890__2,0.44999999999999996,0.44999999999999996,0.0,complete,0,1,Category 42,Category 42_restored,Resolved,1/3/2016 18:49
INC0000890__4,3046,closure,INC0000890,True,INC0000890__3,0.44999999999999996,0.35,-0.09999999999999998,complete,0,1,Category 42,Category 42_restored,Closed,6/3/2016 19:00
INC0000892__0,3047,source,INC0000892,False,,0.44999999999999996,0.44999999999999996,0.0,none,0,0,Category 22,Category 22,New,1/3/2016 18:51
INC0000892__1,3048,closure,INC0000892,True,INC0000892__0,0.44999999999999996,0.44999999999999996,0.0,complete,0,1,Category 22,Category 22_restored,New,2/3/2016 08:53
INC0000892__2,3049,closure,INC0000892,True,INC0000892__1,0.44999999999999996,0.39999999999999997,-0.04999999999999999,complete,0,1,Category 22,Category 22_restored,New,2/3/2016 08:53
INC0000892__3,3050,closure,INC0000892,True,INC0000892__2,0.39999999999999997,0.35,-0.04999999999999999,complete,0,1,Category 22,Category 22_restored,New,4/3/2016 16:51
INC0000892__4,3051,closure,INC0000892,True,INC0000892__3,0.35,0.3,-0.04999999999999999,complete,0,1,Category 22,Category 22_restored,New,4/3/2016 16:51
INC0000892__5,3052,closure,INC0000892,True,INC0000892__4,0.3,0.25,-0.04999999999999999,complete,0,1,Category 22,Category 22_restored,New,4/3/2016 17:11
INC0000892__6,3053,closure,INC0000892,True,INC0000892__5,0.25,0.2,-0.04999999999999999,complete,0,1,Category 22,Category 22_restored,New,5/3/2016 11:37
INC0000892__7,3054,closure,INC0000892,True,INC0000892__6,0.2,0.15000000000000002,-0.04999999999999999,complete,0,1,Category 22,Category 22_restored,New,5/3/2016 11:37
INC0000892__8,3055,closure,INC0000892,True,INC0000892__7,0.15000000000000002,0.10000000000000002,-0.05,complete,0,1,Category 22,Category 22_restored,New,7/3/2016 10:20
INC0000892__9,3056,closure,INC0000892,True,INC0000892__8,0.10000000000000002,0.05000000000000002,-0.05,complete,0,1,Category 22,Category 22_restored,New,7/3/2016 10:20
INC0000892__10,3057,closure,INC0000892,True,INC0000892__9,0.05000000000000002,1.3877787807814457e-17,-0.05,complete,0,1,Category 22,Category 22_restored,New,7/3/2016 18:36
INC0000892__11,3058,closure,INC0000892,True,INC0000892__10,1.3877787807814457e-17,0.0,-1.3877787807814457e-17,complete,0,1,Category 22,Category 22_restored,New,8/3/2016 10:21
INC0000892__12,3059,closure,INC0000892,True,INC0000892__11,0.0,0.0,0.0,complete,0,1,Category 22,Category 22_restored,Active,8/3/2016 10:21
INC0000892__13,3060,closure,INC0000892,True,INC0000892__12,0.0,0.0,0.0,complete,0,1,Category 22,Category 22_restored,Resolved,8/3/2016 13:40
INC0000892__14,3061,closure,INC0000892,True,INC0000892__13,0.0,0.0,0.0,complete,0,1,Category 22,Category 22_restored,Closed,24/3/2016 18:40
INC0000894__0,3062,source,INC0000894,False,,0.44999999999999996,0.44999999999999996,0.0,none,0,0,Category 24,Category 24,New,1/3/2016 19:03
INC0000894__1,3063,closure,INC0000894,True,INC0000894__0,0.44999999999999996,0.44999999999999996,0.0,complete,0,1,Category 24,Category 24_restored,Active,2/3/2016 10:41
INC0000894__2,3064,closure,INC0000894,True,INC0000894__1,0.44999999999999996,0.44999999999999996,0.0,complete,0,1,Category 24,Category 24_restored,Active,2/3/2016 10:46
INC0000894__3,3065,closure,INC0000894,True,INC0000894__2,0.44999999999999996,0.44999999999999996,0.0,complete,0,1,Category 24,Category 24_restored,Awaiting User Info,2/3/2016 10:46
INC0000894__4,3066,closure,INC0000894,True,INC0000894__3,0.44999999999999996,0.44999999999999996,0.0,complete,0,1,Category 24,Category 24_restored,Active,2/3/2016 15:24
INC0000894__5,3067,closure,INC0000894,True,INC0000894__4,0.44999999999999996,0.44999999999999996,0.0,complete,0,1,Category 24,Category 24_restored,Active,2/3/2016 15:26
INC0000894__6,3068,closure,INC0000894,True,INC0000894__5,0.44999999999999996,0.44999999999999996,0.0,complete,0,1,Category 24,Category 24_restored,Awaiting User Info,2/3/2016 15:26
INC0000894__7,3069,closure,INC0000894,True,INC0000894__6,0.44999999999999996,0.44999999999999996,0.0,complete,0,1,Category 24,Category 24_restored,Active,3/3/2016 10:35
INC0000894__8,3070,closure,INC0000894,True,INC0000894__7,0.44999999999999996,0.44999999999999996,0.0,complete,0,1,Category 24,Category 24_restored,Active,3/3/2016 10:40
INC0000894__9,3071,closure,INC0000894,True,INC0000894__8,0.44999999999999996,0.39999999999999997,-0.04999999999999999,complete,0,1,Category 24,Category 24_restored,Active,3/3/2016 10:42
INC0000894__10,3072,closure,INC0000894,True,INC0000894__9,0.39999999999999997,0.35,-0.04999999999999999,complete,0,1,Category 24,Category 24_restored,Active,3/3/2016 10:43
INC0000894__11,3073,closure,INC0000894,True,INC0000894__10,0.35,0.3,-0.04999999999999999,complete,0,1,Category 24,Category 24_restored,Active,3/3/2016 18:04
INC0000894__12,3074,closure,INC0000894,True,INC0000894__11,0.3,0.25,-0.04999999999999999,complete,0,1,Category 24,Category 24_restored,Active,4/3/2016 10:38
INC0000894__13,3075,closure,INC0000894,True,INC0000894__12,0.25,0.2,-0.04999999999999999,complete,0,1,Category 24,Category 24_restored,Awaiting User Info,4/3/2016 10:38
INC0000894__14,3076,closure,INC0000894,True,INC0000894__13,0.2,0.15000000000000002,-0.04999999999999999,complete,0,1,Category 24,Category 24_restored,Awaiting User Info,4/3/2016 11:49
INC0000894__15,3077,closure,INC0000894,True,INC0000894__14,0.15000000000000002,0.10000000000000002,-0.05,complete,0,1,Category 24,Category 24_restored,Active,7/3/2016 08:50
INC0000894__16,3078,closure,INC0000894,True,INC0000894__15,0.10000000000000002,0.05000000000000002,-0.05,complete,0,1,Category 24,Category 24_restored,Active,7/3/2016 09:00
INC0000894__17,3079,closure,INC0000894,True,INC0000894__16,0.05000000000000002,1.3877787807814457e-17,-0.05,complete,0,1,Category 24,Category 24_restored,Resolved,7/3/2016 09:00
INC0000894__18,3080,closure,INC0000894,True,INC0000894__17,1.3877787807814457e-17,0.0,-1.3877787807814457e-17,complete,0,1,Category 24,Category 24_restored,Closed,24/3/2016 18:40
INC0000895__0,3081,source,INC0000895,False,,0.44999999999999996,0.44999999999999996,0.0,none,0,0,Category 44,Category 44,New,1/3/2016 19:06
INC0000895__1,3082,closure,INC0000895,True,INC0000895__0,0.44999999999999996,0.39999999999999997,-0.04999999999999999,complete,0,1,Category 44,Category 44_restored,New,1/3/2016 19:32
INC0000895__2,3083,closure,INC0000895,True,INC0000895__1,0.39999999999999997,0.35,-0.04999999999999999,complete,0,1,Category 44,Category 44_restored,New,2/3/2016 12:32
INC0000895__3,3084,closure,INC0000895,True,INC0000895__2,0.35,0.3,-0.04999999999999999,complete,0,1,Category 44,Category 44_restored,Awaiting User Info,2/3/2016 14:58
INC0000895__4,3085,closure,INC0000895,True,INC0000895__3,0.3,0.25,-0.04999999999999999,complete,0,1,Category 44,Category 44_restored,Awaiting User Info,3/3/2016 16:26
INC0000895__5,3086,closure,INC0000895,True,INC0000895__4,0.25,0.2,-0.04999999999999999,complete,0,1,Category 44,Category 44_restored,Awaiting User Info,4/3/2016 10:54
INC0000895__6,3087,closure,INC0000895,True,INC0000895__5,0.2,0.15000000000000002,-0.04999999999999999,complete,0,1,Category 44,Category 44_restored,Awaiting User Info,4/3/2016 10:59
INC0000895__7,3088,closure,INC0000895,True,INC0000895__6,0.15000000000000002,0.10000000000000002,-0.05,complete,0,1,Category 44,Category 44_restored,Awaiting User Info,7/3/2016 14:56
INC0000895__8,3089,closure,INC0000895,True,INC0000895__7,0.10000000000000002,0.05000000000000002,-0.05,complete,0,1,Category 44,Category 44_restored,Resolved,7/3/2016 14:59
INC0000895__9,3090,closure,INC0000895,True,INC0000895__8,0.05000000000000002,1.3877787807814457e-17,-0.05,complete,0,1,Category 44,Category 44_restored,Closed,24/3/2016 18:40
INC0000896__0,3091,source,INC0000896,False,,0.44999999999999996,0.44999999999999996,0.0,none,0,0,Category 53,Category 53,New,1/3/2016 19:13
INC0000896__1,3092,closure,INC0000896,True,INC0000896__0,0.44999999999999996,0.44999999999999996,0.0,complete,0,1,Category 53,Category 53_restored,Active,2/3/2016 10:53
INC0000896__2,3093,closure,INC0000896,True,INC0000896__1,0.44999999999999996,0.44999999999999996,0.0,complete,0,1,Category 53,Category 53_restored,Active,2/3/2016 10:59
INC0000896__3,3094,closure,INC0000896,True,INC0000896__2,0.44999999999999996,0.44999999999999996,0.0,complete,0,1,Category 53,Category 53_restored,Active,2/3/2016 11:06
INC0000896__4,3095,closure,INC0000896,True,INC0000896__3,0.44999999999999996,0.44999999999999996,0.0,complete,0,1,Category 53,Category 53_restored,Resolved,2/3/2016 11:06
INC0000896__5,3096,closure,INC0000896,True,INC0000896__4,0.44999999999999996,0.35,-0.09999999999999998,complete,0,1,Category 53,Category 53_restored,Closed,7/3/2016 12:00
INC0000897__0,3097,source,INC0000897,False,,0.44999999999999996,0.44999999999999996,0.0,none,0,0,Category 53,Category 53,New,1/3/2016 19:10
INC0000897__1,3098,closure,INC0000897,True,INC0000897__0,0.44999999999999996,0.39999999999999997,-0.04999999999999999,complete,0,1,Category 53,Category 53_restored,New,1/3/2016 19:15
INC0000897__2,3099,closure,INC0000897,True,INC0000897__1,0.39999999999999997,0.35,-0.04999999999999999,complete,0,1,Category 53,Category 53_restored,New,3/3/2016 10:35
INC0000897__3,3100,closure,INC0000897,True,INC0000897__2,0.35,0.3,-0.04999999999999999,complete,0,1,Category 55,Category 55_restored,Active,3/3/2016 10:35
INC0000897__4,3101,closure,INC0000897,True,INC0000897__3,0.3,0.25,-0.04999999999999999,complete,0,1,Category 55,Category 55_restored,Active,3/3/2016 16:33
INC0000897__5,3102,closure,INC0000897,True,INC0000897__4,0.25,0.2,-0.04999999999999999,complete,0,1,Category 55,Category 55_restored,Active,3/3/2016 16:34
INC0000897__6,3103,closure,INC0000897,True,INC0000897__5,0.2,0.15000000000000002,-0.04999999999999999,complete,0,1,Category 55,Category 55_restored,Active,12/3/2016 06:31
INC0000897__7,3104,closure,INC0000897,True,INC0000897__6,0.15000000000000002,0.10000000000000002,-0.05,complete,0,1,Category 55,Category 55_restored,Active,12/3/2016 09:39
INC0000897__8,3105,closure,INC0000897,True,INC0000897__7,0.10000000000000002,0.05000000000000002,-0.05,complete,0,1,Category 55,Category 55_restored,Awaiting User Info,12/3/2016 09:39
INC0000897__9,3106,closure,INC0000897,True,INC0000897__8,0.05000000000000002,1.3877787807814457e-17,-0.05,complete,0,1,Category 55,Category 55_restored,Awaiting User Info,17/3/2016 10:41
INC0000897__10,3107,closure,INC0000897,True,INC0000897__9,1.3877787807814457e-17,0.0,-1.3877787807814457e-17,complete,0,1,Category 55,Category 55_restored,Awaiting User Info,18/3/2016 13:21
INC0000897__11,3108,closure,INC0000897,True,INC0000897__10,0.0,0.0,0.0,complete,0,1,Category 55,Category 55_restored,Awaiting User Info,22/3/2016 08:28
INC0000897__12,3109,closure,INC0000897,True,INC0000897__11,0.0,0.0,0.0,complete,0,1,Category 55,Category 55_restored,Resolved,22/3/2016 09:40
INC0000897__13,3110,closure,INC0000897,True,INC0000897__12,0.0,0.0,0.0,complete,0,1,Category 55,Category 55_restored,Closed,27/3/2016 09:59
INC0000899__0,3111,source,INC0000899,False,,0.44999999999999996,0.44999999999999996,0.0,none,0,0,Category 53,Category 53,New,1/3/2016 19:20
INC0000899__1,3112,closure,INC0000899,True,INC0000899__0,0.44999999999999996,0.39999999999999997,-0.04999999999999999,complete,0,1,Category 53,Category 53_restored,New,3/3/2016 02:19
INC0000899__2,3113,closure,INC0000899,True,INC0000899__1,0.39999999999999997,0.35,-0.04999999999999999,complete,0,1,Category 53,Category 53_restored,New,3/3/2016 16:38
INC0000899__3,3114,closure,INC0000899,True,INC0000899__2,0.35,0.3,-0.04999999999999999,complete,0,1,Category 53,Category 53_restored,Active,4/3/2016 08:01
INC0000899__4,3115,closure,INC0000899,True,INC0000899__3,0.3,0.25,-0.04999999999999999,complete,0,1,Category 53,Category 53_restored,Active,7/3/2016 10:39
INC0000899__5,3116,closure,INC0000899,True,INC0000899__4,0.25,0.2,-0.04999999999999999,complete,0,1,Category 53,Category 53_restored,Active,7/3/2016 10:40
INC0000899__6,3117,closure,INC0000899,True,INC0000899__5,0.2,0.15000000000000002,-0.04999999999999999,complete,0,1,Category 53,Category 53_restored,Active,7/3/2016 11:12
INC0000899__7,3118,closure,INC0000899,True,INC0000899__6,0.15000000000000002,0.10000000000000002,-0.05,complete,0,1,Category 53,Category 53_restored,Active,7/3/2016 11:13
INC0000899__8,3119,closure,INC0000899,True,INC0000899__7,0.10000000000000002,0.05000000000000002,-0.05,complete,0,1,Category 53,Category 53_restored,Active,7/3/2016 21:36
INC0000899__9,3120,closure,INC0000899,True,INC0000899__8,0.05000000000000002,1.3877787807814457e-17,-0.05,complete,0,1,Category 53,Category 53_restored,Active,8/3/2016 10:31
INC0000899__10,3121,closure,INC0000899,True,INC0000899__9,1.3877787807814457e-17,0.0,-1.3877787807814457e-17,complete,0,1,Category 53,Category 53_restored,Active,8/3/2016 10:32
INC0000899__11,3122,closure,INC0000899,True,INC0000899__10,0.0,0.0,0.0,complete,0,1,Category 53,Category 53_restored,Active,8/3/2016 10:56
INC0000899__12,3123,closure,INC0000899,True,INC0000899__11,0.0,0.0,0.0,complete,0,1,Category 53,Category 53_restored,Active,8/3/2016 15:17
INC0000899__13,3124,closure,INC0000899,True,INC0000899__12,0.0,0.0,0.0,complete,0,1,Category 53,Category 53_restored,Active,8/3/2016 15:17
INC0000899__14,3125,closure,INC0000899,True,INC0000899__13,0.0,0.0,0.0,complete,0,1,Category 53,Category 53_restored,Active,8/3/2016 15:34
INC0000899__15,3126,closure,INC0000899,True,INC0000899__14,0.0,0.0,0.0,complete,0,1,Category 53,Category 53_restored,Awaiting User Info,8/3/2016 15:34
INC0000899__16,3127,closure,INC0000899,True,INC0000899__15,0.0,0.0,0.0,complete,0,1,Category 53,Category 53_restored,Awaiting User Info,14/3/2016 20:00
INC0000899__17,3128,closure,INC0000899,True,INC0000899__16,0.0,0.0,0.0,complete,0,1,Category 53,Category 53_restored,Awaiting User Info,17/3/2016 10:47
INC0000899__18,3129,closure,INC0000899,True,INC0000899__17,0.0,0.0,0.0,complete,0,1,Category 53,Category 53_restored,Awaiting User Info,18/3/2016 13:50
INC0000899__19,3130,closure,INC0000899,True,INC0000899__18,0.0,0.0,0.0,complete,0,1,Category 53,Category 53_restored,Resolved,22/3/2016 08:29
INC0000899__20,3131,closure,INC0000899,True,INC0000899__19,0.0,0.0,0.0,complete,0,1,Category 53,Category 53_restored,Closed,27/3/2016 08:59
INC0000900__0,3132,source,INC0000900,False,,0.44999999999999996,0.44999999999999996,0.0,none,0,0,Category 53,Category 53,New,1/3/2016 19:16
INC0000900__1,3133,closure,INC0000900,True,INC0000900__0,0.44999999999999996,0.39999999999999997,-0.04999999999999999,complete,0,1,Category 53,Category 53_restored,New,3/3/2016 02:18
INC0000900__2,3134,closure,INC0000900,True,INC0000900__1,0.39999999999999997,0.35,-0.04999999999999999,complete,0,1,Category 53,Category 53_restored,Active,3/3/2016 09:39
INC0000900__3,3135,closure,INC0000900,True,INC0000900__2,0.35,0.3,-0.04999999999999999,complete,0,1,Category 53,Category 53_restored,Active,3/3/2016 16:52
INC0000900__4,3136,closure,INC0000900,True,INC0000900__3,0.3,0.25,-0.04999999999999999,complete,0,1,Category 53,Category 53_restored,Active,7/3/2016 08:58
INC0000900__5,3137,closure,INC0000900,True,INC0000900__4,0.25,0.2,-0.04999999999999999,complete,0,1,Category 53,Category 53_restored,Awaiting User Info,7/3/2016 08:59
INC0000900__6,3138,closure,INC0000900,True,INC0000900__5,0.2,0.15000000000000002,-0.04999999999999999,complete,0,1,Category 53,Category 53_restored,Awaiting User Info,7/3/2016 15:20
INC0000900__7,3139,closure,INC0000900,True,INC0000900__6,0.15000000000000002,0.10000000000000002,-0.05,complete,0,1,Category 53,Category 53_restored,Resolved,7/3/2016 15:20
INC0000900__8,3140,closure,INC0000900,True,INC0000900__7,0.10000000000000002,0.05000000000000002,-0.05,complete,0,1,Category 53,Category 53_restored,Closed,23/5/2016 11:07
INC0000901__0,3141,source,INC0000901,False,,0.44999999999999996,0.44999999999999996,0.0,none,0,0,Category 53,Category 53,New,1/3/2016 19:14
INC0000901__1,3142,closure,INC0000901,True,INC0000901__0,0.44999999999999996,0.44999999999999996,0.0,complete,0,1,Category 53,Category 53_restored,New,2/3/2016 09:14
INC0000901__2,3143,closure,INC0000901,True,INC0000901__1,0.44999999999999996,0.39999999999999997,-0.04999999999999999,complete,0,1,Category 53,Category 53_restored,New,2/3/2016 09:15
INC0000901__3,3144,closure,INC0000901,True,INC0000901__2,0.39999999999999997,0.35,-0.04999999999999999,complete,0,1,Category 53,Category 53_restored,Awaiting User Info,2/3/2016 23:04
INC0000901__4,3145,closure,INC0000901,True,INC0000901__3,0.35,0.3,-0.04999999999999999,complete,0,1,Category 53,Category 53_restored,Awaiting User Info,3/3/2016 16:30
INC0000901__5,3146,closure,INC0000901,True,INC0000901__4,0.3,0.25,-0.04999999999999999,complete,0,1,Category 53,Category 53_restored,Resolved,3/3/2016 16:30
INC0000901__6,3147,closure,INC0000901,True,INC0000901__5,0.25,0.2,-0.04999999999999999,complete,0,1,Category 53,Category 53_restored,Closed,8/3/2016 17:00
INC0000903__0,3148,source,INC0000903,False,,0.44999999999999996,0.44999999999999996,0.0,none,0,0,Category 53,Category 53,New,1/3/2016 19:20
INC0000903__1,3149,closure,INC0000903,True,INC0000903__0,0.44999999999999996,0.44999999999999996,0.0,complete,0,1,Category 53,Category 53_restored,Active,3/3/2016 17:58
INC0000903__2,3150,closure,INC0000903,True,INC0000903__1,0.44999999999999996,0.44999999999999996,0.0,complete,0,1,Category 53,Category 53_restored,Active,3/3/2016 18:00
INC0000903__3,3151,closure,INC0000903,True,INC0000903__2,0.44999999999999996,0.44999999999999996,0.0,complete,0,1,Category 53,Category 53_restored,Awaiting User Info,3/3/2016 18:00
INC0000903__4,3152,closure,INC0000903,True,INC0000903__3,0.44999999999999996,0.39999999999999997,-0.04999999999999999,complete,0,1,Category 53,Category 53_restored,Awaiting User Info,3/3/2016 18:16
INC0000903__5,3153,closure,INC0000903,True,INC0000903__4,0.39999999999999997,0.35,-0.04999999999999999,complete,0,1,Category 53,Category 53_restored,Awaiting User Info,4/3/2016 08:17
INC0000903__6,3154,closure,INC0000903,True,INC0000903__5,0.35,0.3,-0.04999999999999999,complete,0,1,Category 53,Category 53_restored,Awaiting User Info,4/3/2016 10:19
INC0000903__7,3155,closure,INC0000903,True,INC0000903__6,0.3,0.25,-0.04999999999999999,complete,0,1,Category 53,Category 53_restored,Awaiting User Info,4/3/2016 14:07
INC0000903__8,3156,closure,INC0000903,True,INC0000903__7,0.25,0.2,-0.04999999999999999,complete,0,1,Category 53,Category 53_restored,Awaiting User Info,4/3/2016 14:08
INC0000903__9,3157,closure,INC0000903,True,INC0000903__8,0.2,0.15000000000000002,-0.04999999999999999,complete,0,1,Category 53,Category 53_restored,Awaiting User Info,9/3/2016 14:45
INC0000903__10,3158,closure,INC0000903,True,INC0000903__9,0.15000000000000002,0.10000000000000002,-0.05,complete,0,1,Category 53,Category 53_restored,Awaiting User Info,12/3/2016 12:59
INC0000903__11,3159,closure,INC0000903,True,INC0000903__10,0.10000000000000002,0.05000000000000002,-0.05,complete,0,1,Category 53,Category 53_restored,Awaiting User Info,12/3/2016 13:52
INC0000903__12,3160,closure,INC0000903,True,INC0000903__11,0.05000000000000002,1.3877787807814457e-17,-0.05,complete,0,1,Category 53,Category 53_restored,Awaiting User Info,12/3/2016 20:36
INC0000903__13,3161,closure,INC0000903,True,INC0000903__12,1.3877787807814457e-17,0.0,-1.3877787807814457e-17,complete,0,1,Category 53,Category 53_restored,Awaiting User Info,16/3/2016 01:53
INC0000903__14,3162,closure,INC0000903,True,INC0000903__13,0.0,0.0,0.0,complete,0,1,Category 53,Category 53_restored,Awaiting User Info,16/3/2016 09:35
INC0000903__15,3163,closure,INC0000903,True,INC0000903__14,0.0,0.0,0.0,complete,0,1,Category 53,Category 53_restored,Awaiting User Info,16/3/2016 09:36
INC0000903__16,3164,closure,INC0000903,True,INC0000903__15,0.0,0.0,0.0,complete,0,1,Category 53,Category 53_restored,Awaiting User Info,17/3/2016 12:45
INC0000903__17,3165,closure,INC0000903,True,INC0000903__16,0.0,0.0,0.0,complete,0,1,Category 53,Category 53_restored,Resolved,17/3/2016 12:46
INC0000903__18,3166,closure,INC0000903,True,INC0000903__17,0.0,0.0,0.0,complete,0,1,Category 53,Category 53_restored,Closed,24/3/2016 18:59
INC0000905__0,3167,source,INC0000905,False,,0.44999999999999996,0.44999999999999996,0.0,none,0,0,Category 53,Category 53,New,1/3/2016 19:42
INC0000905__1,3168,closure,INC0000905,True,INC0000905__0,0.44999999999999996,0.44999999999999996,0.0,complete,0,1,Category 53,Category 53_restored,Awaiting User Info,3/3/2016 11:49
INC0000905__2,3169,closure,INC0000905,True,INC0000905__1,0.44999999999999996,0.44999999999999996,0.0,complete,0,1,Category 53,Category 53_restored,Awaiting User Info,7/3/2016 16:37
INC0000905__3,3170,closure,INC0000905,True,INC0000905__2,0.44999999999999996,0.44999999999999996,0.0,complete,0,1,Category 53,Category 53_restored,Resolved,9/3/2016 09:48
INC0000905__4,3171,closure,INC0000905,True,INC0000905__3,0.44999999999999996,0.39999999999999997,-0.04999999999999999,complete,0,1,Category 53,Category 53_restored,Closed,24/3/2016 18:40
INC0000906__0,3172,source,INC0000906,False,,0.44999999999999996,0.44999999999999996,0.0,none,0,0,Category 42,Category 42,New,1/3/2016 19:25
INC0000906__1,3173,closure,INC0000906,True,INC0000906__0,0.44999999999999996,0.44999999999999996,0.0,complete,0,1,Category 42,Category 42_restored,Active,3/3/2016 18:16
INC0000906__2,3174,closure,INC0000906,True,INC0000906__1,0.44999999999999996,0.44999999999999996,0.0,complete,0,1,Category 42,Category 42_restored,Active,4/3/2016 15:35
INC0000906__3,3175,closure,INC0000906,True,INC0000906__2,0.44999999999999996,0.44999999999999996,0.0,complete,0,1,Category 42,Category 42_restored,Resolved,4/3/2016 15:35
INC0000906__4,3176,closure,INC0000906,True,INC0000906__3,0.44999999999999996,0.35,-0.09999999999999998,complete,0,1,Category 42,Category 42_restored,Closed,9/3/2016 16:00
INC0000907__0,3177,source,INC0000907,False,,0.44999999999999996,0.44999999999999996,0.0,none,0,0,Category 42,Category 42,New,1/3/2016 19:29
INC0000907__1,3178,closure,INC0000907,True,INC0000907__0,0.44999999999999996,0.44999999999999996,0.0,complete,0,1,Category 42,Category 42_restored,New,2/3/2016 19:06
INC0000907__2,3179,closure,INC0000907,True,INC0000907__1,0.44999999999999996,0.44999999999999996,0.0,complete,0,1,Category 42,Category 42_restored,Awaiting User Info,2/3/2016 19:06
INC0000907__3,3180,closure,INC0000907,True,INC0000907__2,0.44999999999999996,0.44999999999999996,0.0,complete,0,1,Category 42,Category 42_restored,Awaiting User Info,3/3/2016 18:16
INC0000907__4,3181,closure,INC0000907,True,INC0000907__3,0.44999999999999996,0.44999999999999996,0.0,complete,0,1,Category 42,Category 42_restored,Awaiting User Info,4/3/2016 15:19
INC0000907__5,3182,closure,INC0000907,True,INC0000907__4,0.44999999999999996,0.44999999999999996,0.0,complete,0,1,Category 42,Category 42_restored,Awaiting User Info,8/3/2016 14:11
INC0000907__6,3183,closure,INC0000907,True,INC0000907__5,0.44999999999999996,0.44999999999999996,0.0,complete,0,1,Category 42,Category 42_restored,Awaiting User Info,8/3/2016 14:15
INC0000907__7,3184,closure,INC0000907,True,INC0000907__6,0.44999999999999996,0.44999999999999996,0.0,complete,0,1,Category 42,Category 42_restored,Resolved,8/3/2016 14:16
INC0000907__8,3185,closure,INC0000907,True,INC0000907__7,0.44999999999999996,0.39999999999999997,-0.04999999999999999,complete,0,1,Category 42,Category 42_restored,Closed,24/3/2016 18:40
INC0000908__0,3186,source,INC0000908,False,,0.44999999999999996,0.44999999999999996,0.0,none,0,0,Category 53,Category 53,New,1/3/2016 19:35
INC0000908__1,3187,closure,INC0000908,True,INC0000908__0,0.44999999999999996,0.44999999999999996,0.0,complete,0,1,Category 53,Category 53_restored,Active,3/3/2016 18:21
INC0000908__2,3188,closure,INC0000908,True,INC0000908__1,0.44999999999999996,0.39999999999999997,-0.04999999999999999,complete,0,1,Category 53,Category 53_restored,Active,4/3/2016 11:08
INC0000908__3,3189,closure,INC0000908,True,INC0000908__2,0.39999999999999997,0.35,-0.04999999999999999,complete,0,1,Category 53,Category 53_restored,Resolved,4/3/2016 15:56
INC0000908__4,3190,closure,INC0000908,True,INC0000908__3,0.35,0.3,-0.04999999999999999,complete,0,1,Category 53,Category 53_restored,Closed,9/3/2016 16:00
INC0000910__0,3191,source,INC0000910,False,,0.44999999999999996,0.44999999999999996,0.0,none,0,0,Category 23,Category 23,New,1/3/2016 19:48
INC0000910__1,3192,closure,INC0000910,True,INC0000910__0,0.44999999999999996,0.44999999999999996,0.0,complete,0,1,Category 23,Category 23_restored,Active,2/3/2016 09:36
INC0000910__2,3193,closure,INC0000910,True,INC0000910__1,0.44999999999999996,0.44999999999999996,0.0,complete,0,1,Category 23,Category 23_restored,Active,2/3/2016 09:46
INC0000910__3,3194,closure,INC0000910,True,INC0000910__2,0.44999999999999996,0.44999999999999996,0.0,complete,0,1,Category 23,Category 23_restored,Awaiting User Info,2/3/2016 09:48
INC0000910__4,3195,closure,INC0000910,True,INC0000910__3,0.44999999999999996,0.44999999999999996,0.0,complete,0,1,Category 23,Category 23_restored,Awaiting User Info,2/3/2016 09:51
INC0000910__5,3196,closure,INC0000910,True,INC0000910__4,0.44999999999999996,0.39999999999999997,-0.04999999999999999,complete,0,1,Category 23,Category 23_restored,Awaiting User Info,2/3/2016 09:52
INC0000910__6,3197,closure,INC0000910,True,INC0000910__5,0.39999999999999997,0.35,-0.04999999999999999,complete,0,1,Category 23,Category 23_restored,Awaiting User Info,3/3/2016 18:22
INC0000910__7,3198,closure,INC0000910,True,INC0000910__6,0.35,0.3,-0.04999999999999999,complete,0,1,Category 23,Category 23_restored,Awaiting User Info,4/3/2016 12:41
INC0000910__8,3199,closure,INC0000910,True,INC0000910__7,0.3,0.25,-0.04999999999999999,complete,0,1,Category 23,Category 23_restored,Awaiting User Info,7/3/2016 16:38
INC0000910__9,3200,closure,INC0000910,True,INC0000910__8,0.25,0.2,-0.04999999999999999,complete,0,1,Category 23,Category 23_restored,Resolved,9/3/2016 10:22
INC0000910__10,3201,closure,INC0000910,True,INC0000910__9,0.2,0.15000000000000002,-0.04999999999999999,complete,0,1,Category 23,Category 23_restored,Closed,24/3/2016 18:40
INC0000911__0,3202,source,INC0000911,False,,0.44999999999999996,0.44999999999999996,0.0,none,0,0,Category 42,Category 42,New,1/3/2016 19:49
INC0000911__1,3203,closure,INC0000911,True,INC0000911__0,0.44999999999999996,0.44999999999999996,0.0,complete,0,1,Category 42,Category 42_restored,New,4/3/2016 17:28
INC0000911__2,3204,closure,INC0000911,True,INC0000911__1,0.44999999999999996,0.44999999999999996,0.0,complete,0,1,Category 42,Category 42_restored,Awaiting User Info,4/3/2016 17:28
INC0000911__3,3205,closure,INC0000911,True,INC0000911__2,0.44999999999999996,0.44999999999999996,0.0,complete,0,1,Category 42,Category 42_restored,Awaiting User Info,9/3/2016 00:25
INC0000911__4,3206,closure,INC0000911,True,INC0000911__3,0.44999999999999996,0.44999999999999996,0.0,complete,0,1,Category 42,Category 42_restored,Awaiting User Info,16/3/2016 13:07
INC0000911__5,3207,closure,INC0000911,True,INC0000911__4,0.44999999999999996,0.44999999999999996,0.0,complete,0,1,Category 42,Category 42_restored,Awaiting User Info,16/3/2016 17:59
INC0000911__6,3208,closure,INC0000911,True,INC0000911__5,0.44999999999999996,0.44999999999999996,0.0,complete,0,1,Category 42,Category 42_restored,Resolved,16/3/2016 18:00
INC0000911__7,3209,closure,INC0000911,True,INC0000911__6,0.44999999999999996,0.39999999999999997,-0.04999999999999999,complete,0,1,Category 42,Category 42_restored,Closed,24/3/2016 18:59
INC0000912__0,3210,source,INC0000912,False,,0.44999999999999996,0.44999999999999996,0.0,none,0,0,Category 53,Category 53,New,1/3/2016 19:58
INC0000912__1,3211,closure,INC0000912,True,INC0000912__0,0.44999999999999996,0.44999999999999996,0.0,complete,0,1,Category 53,Category 53_restored,New,3/3/2016 18:23
INC0000912__2,3212,closure,INC0000912,True,INC0000912__1,0.44999999999999996,0.39999999999999997,-0.04999999999999999,complete,0,1,Category 53,Category 53_restored,New,3/3/2016 18:23
INC0000912__3,3213,closure,INC0000912,True,INC0000912__2,0.39999999999999997,0.35,-0.04999999999999999,complete,0,1,Category 53,Category 53_restored,Active,4/3/2016 10:07
INC0000912__4,3214,closure,INC0000912,True,INC0000912__3,0.35,0.3,-0.04999999999999999,complete,0,1,Category 53,Category 53_restored,Active,4/3/2016 10:26
INC0000912__5,3215,closure,INC0000912,True,INC0000912__4,0.3,0.25,-0.04999999999999999,complete,0,1,Category 53,Category 53_restored,Resolved,4/3/2016 10:26
INC0000912__6,3216,closure,INC0000912,True,INC0000912__5,0.25,0.2,-0.04999999999999999,complete,0,1,Category 53,Category 53_restored,Closed,9/3/2016 11:00
