n,mode,cell_id,cell_index,nodes,orientation,W3,W3_basis_signature,retained_curvature_R,source_current_JR,signed_boundary_pairing,raw_curvature_current_residual,current_integrity,boundary_integrity,solver_operator_integrity,delta_Gamma_R_correction,stationary_residual,stationarity_pass
5,valid,C0,0,U0->U1->U2,1,True,138aba80b45f9d99,3.359465787705303e-16,-0.009133886098477003,-0.013468251570119667,-0.004334365471642327,True,True,True,0.004334365471642327,0.0,True
5,valid,C1,1,U1->U2->U3,-1,True,00b16459f5a95bd1,-2.523690608901827e-16,0.17000070403573012,0.16071852220636507,-0.009282181829365299,True,True,True,0.009282181829365299,0.0,True
5,valid,C2,2,U2->U3->U4,1,True,4339bd827dbc5aee,2.7267365414628534e-16,-0.08859019507258303,-0.08575538297406912,0.002834812098514189,True,True,True,-0.002834812098514189,0.0,True
5,valid,C3,3,U3->U4->U0,-1,True,1dccc1f830c356ad,-1.6754043216296798e-16,-0.10549824723237673,-0.11324856604018821,-0.007750318807811643,True,True,True,0.007750318807811643,0.0,True
5,valid,C4,4,U4->U0->U1,1,True,7ed448ad4926b1aa,1.624847628533756e-16,0.13655298195964674,0.14519460068130075,0.00864161872165417,True,True,True,-0.00864161872165417,0.0,True
5,genesis_root_break,C0,0,U0->U1->U2,1,True,138aba80b45f9d99,3.359465787705303e-16,-0.009133886098477003,-0.013468251570119667,-0.004334365471642327,True,True,True,0.004334365471642327,0.0,True
5,genesis_root_break,C1,1,U1->U2->U3,-1,True,00b16459f5a95bd1,-2.523690608901827e-16,0.17000070403573012,0.16071852220636507,-0.009282181829365299,True,True,True,0.009282181829365299,0.0,True
5,genesis_root_break,C2,2,U2->U3->U4,1,True,4339bd827dbc5aee,2.7267365414628534e-16,-0.08859019507258303,-0.08575538297406912,0.002834812098514189,True,True,True,-0.002834812098514189,0.0,True
5,genesis_root_break,C3,3,U3->U4->U0,-1,True,1dccc1f830c356ad,-1.6754043216296798e-16,-0.10549824723237673,-0.11324856604018821,-0.007750318807811643,True,True,True,0.007750318807811643,0.0,True
5,genesis_root_break,C4,4,U4->U0->U1,1,True,7ed448ad4926b1aa,1.624847628533756e-16,0.13655298195964674,0.14519460068130075,0.00864161872165417,True,True,True,-0.00864161872165417,0.0,True
5,retained_order_shuffle,C0,0,U0->U1->U2,1,True,138aba80b45f9d99,3.359465787705303e-16,0.01422018227131234,0.008625134610640548,-0.005595047660671456,True,True,True,0.005595047660671456,0.0,True
5,retained_order_shuffle,C1,1,U1->U2->U3,-1,True,00b16459f5a95bd1,-2.523690608901827e-16,0.16386307285502022,0.1618966631236039,-0.0019664097314165685,True,True,True,0.0019664097314165685,0.0,True
5,retained_order_shuffle,C2,2,U2->U3->U4,1,True,4339bd827dbc5aee,2.7267365414628534e-16,-0.08921078409473338,-0.09051462575382233,-0.0013038416590886726,True,True,True,0.0013038416590886726,0.0,True
5,retained_order_shuffle,C3,3,U3->U4->U0,-1,True,1dccc1f830c356ad,-1.6754043216296798e-16,-0.1042857895760324,-0.1175488894100981,-0.013263099834065858,True,True,True,0.013263099834065858,0.0,True
5,retained_order_shuffle,C4,4,U4->U0->U1,1,True,7ed448ad4926b1aa,1.624847628533756e-16,0.14209639517814746,0.15663409095368483,0.01453769577553754,True,True,True,-0.01453769577553754,0.0,True
5,source_value_shuffle,C0,0,U0->U1->U2,1,True,138aba80b45f9d99,3.359465787705303e-16,-0.07783847242199528,-0.08217283789363794,-0.004334365471642329,True,True,True,0.004334365471642329,0.0,True
5,source_value_shuffle,C1,1,U1->U2->U3,-1,True,00b16459f5a95bd1,-2.523690608901827e-16,-0.10777485185558795,-0.11705703368495302,-0.009282181829365313,True,True,True,0.009282181829365313,0.0,True
5,source_value_shuffle,C2,2,U2->U3->U4,1,True,4339bd827dbc5aee,2.7267365414628534e-16,0.13976476663558582,0.14259957873409976,0.0028348120985142167,True,True,True,-0.0028348120985142167,0.0,True
5,source_value_shuffle,C3,3,U3->U4->U0,-1,True,1dccc1f830c356ad,-1.6754043216296798e-16,-0.00408655979698741,-0.011836878604798883,-0.0077503188078116405,True,True,True,0.0077503188078116405,0.0,True
5,source_value_shuffle,C4,4,U4->U0->U1,1,True,7ed448ad4926b1aa,1.624847628533756e-16,-0.161882970099363,-0.153241351377709,0.00864161872165417,True,True,True,-0.00864161872165417,0.0,True
5,source_provenance_shuffle,C0,0,U0->U1->U2,1,True,138aba80b45f9d99,3.359465787705303e-16,-0.004560904965091206,-0.0025233318976293877,0.002037573067462154,True,True,True,-0.002037573067462154,0.0,True
5,source_provenance_shuffle,C1,1,U1->U2->U3,-1,True,00b16459f5a95bd1,-2.523690608901827e-16,0.1746966600999953,0.15916248049626086,-0.015534179603734682,True,True,True,0.015534179603734682,0.0,True
5,source_provenance_shuffle,C2,2,U2->U3->U4,1,True,4339bd827dbc5aee,2.7267365414628534e-16,-0.09776175822665756,-0.09241382761873695,0.005347930607920881,True,True,True,-0.005347930607920881,0.0,True
5,source_provenance_shuffle,C3,3,U3->U4->U0,-1,True,1dccc1f830c356ad,-1.6754043216296798e-16,-0.09783429591876729,-0.10878251769360704,-0.010948221774839922,True,True,True,0.010948221774839922,0.0,True
5,source_provenance_shuffle,C4,4,U4->U0->U1,1,True,7ed448ad4926b1aa,1.624847628533756e-16,0.13358163877848064,0.14808695775706496,0.01450531897858448,True,True,True,-0.01450531897858448,0.0,True
5,support_shuffle,C0,0,U0->U1->U2,1,True,138aba80b45f9d99,3.359465787705303e-16,-0.009133886098477003,-0.013468251570119667,-0.004334365471642327,True,True,True,0.004334365471642327,0.0,True
5,support_shuffle,C1,1,U1->U2->U3,-1,True,00b16459f5a95bd1,-2.523690608901827e-16,0.17000070403573012,0.16071852220636507,-0.009282181829365299,True,True,True,0.009282181829365299,0.0,True
5,support_shuffle,C2,2,U2->U3->U4,1,True,4339bd827dbc5aee,2.7267365414628534e-16,-0.08859019507258303,-0.08575538297406912,0.002834812098514189,True,True,True,-0.002834812098514189,0.0,True
5,support_shuffle,C3,3,U3->U4->U0,-1,True,1dccc1f830c356ad,-1.6754043216296798e-16,-0.10549824723237673,-0.11324856604018821,-0.007750318807811643,True,True,True,0.007750318807811643,0.0,True
5,support_shuffle,C4,4,U4->U0->U1,1,True,7ed448ad4926b1aa,1.624847628533756e-16,0.13655298195964674,0.14519460068130075,0.00864161872165417,True,True,True,-0.00864161872165417,0.0,True
5,transition_shuffle,C0,0,U0->U1->U2,1,True,138aba80b45f9d99,0.07275052078159173,-0.009133886098477003,-0.013631305420336763,0.06825310145973197,True,True,True,-0.06825310145973197,0.0,True
5,transition_shuffle,C1,1,U1->U2->U3,-1,True,00b16459f5a95bd1,-0.2975121662036323,0.17000070403573012,0.16075162977413976,-0.30676124046522263,True,True,True,0.30676124046522263,0.0,True
5,transition_shuffle,C2,2,U2->U3->U4,1,True,4339bd827dbc5aee,0.23911349710783705,-0.08859019507258303,-0.08581052536340193,0.2418931668170181,True,True,True,-0.2418931668170181,0.0,True
5,transition_shuffle,C3,3,U3->U4->U0,-1,True,1dccc1f830c356ad,-0.4779954856807898,-0.10549824723237673,-0.1133677591348,-0.4858649975832131,True,True,True,0.4858649975832131,0.0,True
5,transition_shuffle,C4,4,U4->U0->U1,1,True,7ed448ad4926b1aa,0.04549103090993798,0.13655298195964674,0.1454400059035423,0.05437805485383354,True,True,True,-0.05437805485383354,0.0,True
5,cocycle_break,C0,0,U0->U1->U2,1,True,138aba80b45f9d99,0.04152546818482932,-0.009133886098477003,-0.013428251570119667,0.03723110271318666,True,True,True,-0.03723110271318666,0.0,True
5,cocycle_break,C1,1,U1->U2->U3,-1,True,00b16459f5a95bd1,-2.523690608901827e-16,0.17000070403573012,0.16071852220636507,-0.009282181829365299,True,True,True,0.009282181829365299,0.0,True
5,cocycle_break,C2,2,U2->U3->U4,1,True,4339bd827dbc5aee,2.7267365414628534e-16,-0.08859019507258303,-0.08575538297406912,0.002834812098514189,True,True,True,-0.002834812098514189,0.0,True
5,cocycle_break,C3,3,U3->U4->U0,-1,True,1dccc1f830c356ad,-1.6754043216296798e-16,-0.10549824723237673,-0.11324856604018821,-0.007750318807811643,True,True,True,0.007750318807811643,0.0,True
5,cocycle_break,C4,4,U4->U0->U1,1,True,7ed448ad4926b1aa,0.041534472612098236,0.13655298195964674,0.14523460068130076,0.05021609133375225,True,True,True,-0.05021609133375225,0.0,True
5,source_current_shuffle,C0,0,U0->U1->U2,1,True,138aba80b45f9d99,3.359465787705303e-16,-0.08859019507258303,-0.013468251570119667,0.0751219435024637,False,True,True,-0.0751219435024637,0.0,True
5,source_current_shuffle,C1,1,U1->U2->U3,-1,True,00b16459f5a95bd1,-2.523690608901827e-16,-0.10549824723237673,0.16071852220636507,0.26621676943874156,False,True,True,-0.26621676943874156,0.0,True
5,source_current_shuffle,C2,2,U2->U3->U4,1,True,4339bd827dbc5aee,2.7267365414628534e-16,0.13655298195964674,-0.08575538297406912,-0.22230836493371559,False,True,True,0.22230836493371559,0.0,True
5,source_current_shuffle,C3,3,U3->U4->U0,-1,True,1dccc1f830c356ad,-1.6754043216296798e-16,-0.009133886098477003,-0.11324856604018821,-0.10411467994171138,False,True,True,0.10411467994171138,0.0,True
5,source_current_shuffle,C4,4,U4->U0->U1,1,True,7ed448ad4926b1aa,1.624847628533756e-16,0.17000070403573012,0.14519460068130075,-0.024806103354429204,False,True,True,0.024806103354429204,0.0,True
5,boundary_pairing_shuffle,C0,0,U0->U1->U2,1,True,138aba80b45f9d99,3.359465787705303e-16,-0.009133886098477003,-0.08575538297406912,-0.07662149687559178,True,False,True,0.07662149687559178,0.0,True
5,boundary_pairing_shuffle,C1,1,U1->U2->U3,-1,True,00b16459f5a95bd1,-2.523690608901827e-16,0.17000070403573012,-0.11324856604018821,-0.2832492700759186,True,False,True,0.2832492700759186,0.0,True
5,boundary_pairing_shuffle,C2,2,U2->U3->U4,1,True,4339bd827dbc5aee,2.7267365414628534e-16,-0.08859019507258303,0.14519460068130075,0.23378479575388406,True,False,True,-0.23378479575388406,0.0,True
5,boundary_pairing_shuffle,C3,3,U3->U4->U0,-1,True,1dccc1f830c356ad,-1.6754043216296798e-16,-0.10549824723237673,-0.013468251570119667,0.09202999566225689,True,False,True,-0.09202999566225689,0.0,True
5,boundary_pairing_shuffle,C4,4,U4->U0->U1,1,True,7ed448ad4926b1aa,1.624847628533756e-16,0.13655298195964674,0.16071852220636507,0.024165540246718492,True,False,True,-0.024165540246718492,0.0,True
5,W3_local_free_random,C0,0,U0->U1->U2,1,True,986586efa06a4b44,3.359465787705303e-16,-0.009133886098477003,-0.009204362883016737,-7.047678453939686e-05,True,True,True,7.047678453939686e-05,0.0,True
5,W3_local_free_random,C1,1,U1->U2->U3,-1,True,190fb30c857dddbf,-2.523690608901827e-16,0.17000070403573012,0.16041425919225322,-0.009586444843477149,True,True,True,0.009586444843477149,0.0,True
5,W3_local_free_random,C2,2,U2->U3->U4,1,True,64703a60da87e10f,2.7267365414628534e-16,-0.08859019507258303,-0.08562327024995882,0.002966924822624492,True,True,True,-0.002966924822624492,0.0,True
5,W3_local_free_random,C3,3,U3->U4->U0,-1,True,d9e1a9eb0975d539,-1.6754043216296798e-16,-0.10549824723237673,-0.10793398976576306,-0.0024357425333864924,True,True,True,0.0024357425333864924,0.0,True
5,W3_local_free_random,C4,4,U4->U0->U1,1,True,e83f7d8fa694732d,1.624847628533756e-16,0.13655298195964674,0.13724234332757032,0.0006893613679237465,True,True,True,-0.0006893613679237465,0.0,True
5,W3_adjacency_shuffle,C0,0,U0->U1->U2,1,True,138aba80b45f9d99,3.359465787705303e-16,-0.009133886098477003,-0.005853650217936244,0.003280235880541096,True,True,True,-0.003280235880541096,0.0,True
5,W3_adjacency_shuffle,C1,1,U1->U2->U3,-1,True,00b16459f5a95bd1,-2.523690608901827e-16,0.17000070403573012,0.15799207996313996,-0.012008624072590401,True,True,True,0.012008624072590401,0.0,True
5,W3_adjacency_shuffle,C2,2,U2->U3->U4,1,True,4339bd827dbc5aee,2.7267365414628534e-16,-0.08859019507258303,-0.09330044221243855,-0.004710247139855239,True,True,True,0.004710247139855239,0.0,True
5,W3_adjacency_shuffle,C3,3,U3->U4->U0,-1,True,1dccc1f830c356ad,-1.6754043216296798e-16,-0.10549824723237673,-0.10560782762875665,-0.00010958039638007955,True,True,True,0.00010958039638007955,0.0,True
5,W3_adjacency_shuffle,C4,4,U4->U0->U1,1,True,7ed448ad4926b1aa,1.624847628533756e-16,0.13655298195964674,0.15003935473569321,0.01348637277604664,True,True,True,-0.01348637277604664,0.0,True
5,W3_provenance_shuffle,C0,0,U0->U1->U2,1,True,138aba80b45f9d99,3.359465787705303e-16,-0.009133886098477003,-0.00609753537464916,0.00303635072382818,True,True,True,-0.00303635072382818,0.0,True
5,W3_provenance_shuffle,C1,1,U1->U2->U3,-1,True,00b16459f5a95bd1,-2.523690608901827e-16,0.17000070403573012,0.15557943803678007,-0.0144212659989503,True,True,True,0.0144212659989503,0.0,True
5,W3_provenance_shuffle,C2,2,U2->U3->U4,1,True,4339bd827dbc5aee,2.7267365414628534e-16,-0.08859019507258303,-0.0873170062839328,0.0012731887886505144,True,True,True,-0.0012731887886505144,0.0,True
5,W3_provenance_shuffle,C3,3,U3->U4->U0,-1,True,1dccc1f830c356ad,-1.6754043216296798e-16,-0.10549824723237673,-0.10831936809676049,-0.002821120864383922,True,True,True,0.002821120864383922,0.0,True
5,W3_provenance_shuffle,C4,4,U4->U0->U1,1,True,7ed448ad4926b1aa,1.624847628533756e-16,0.13655298195964674,0.13917562156953664,0.002622639609890065,True,True,True,-0.002622639609890065,0.0,True
5,W3_subdivision_break,C0,0,U0->U1->U2,1,True,138aba80b45f9d99,3.359465787705303e-16,-0.009133886098477003,-0.01074445024111436,-0.0016105641426370203,True,True,True,0.0016105641426370203,0.0,True
5,W3_subdivision_break,C1,1,U1->U2->U3,-1,True,00b16459f5a95bd1,-2.523690608901827e-16,0.17000070403573012,0.16071852220636507,-0.009282181829365299,True,True,True,0.009282181829365299,0.0,True
5,W3_subdivision_break,C2,2,U2->U3->U4,1,True,4339bd827dbc5aee,2.7267365414628534e-16,-0.08859019507258303,-0.08575538297406912,0.002834812098514189,True,True,True,-0.002834812098514189,0.0,True
5,W3_subdivision_break,C3,3,U3->U4->U0,-1,True,1dccc1f830c356ad,-1.6754043216296798e-16,-0.10549824723237673,-0.11600355093901143,-0.01050530370663487,True,True,True,0.01050530370663487,0.0,True
5,W3_subdivision_break,C4,4,U4->U0->U1,1,True,7ed448ad4926b1aa,1.624847628533756e-16,0.13655298195964674,0.14519460068130075,0.00864161872165417,True,True,True,-0.00864161872165417,0.0,True
5,W3_coarse_fine_break,C0,0,U0->U1->U2,1,True,138aba80b45f9d99,3.359465787705303e-16,-0.009133886098477003,-0.013468251570119667,-0.004334365471642327,True,True,True,0.004334365471642327,0.0,True
5,W3_coarse_fine_break,C1,1,U1->U2->U3,-1,True,00b16459f5a95bd1,-2.523690608901827e-16,0.17000070403573012,0.1650994932507264,-0.004901210785003968,True,True,True,0.004901210785003968,0.0,True
5,W3_coarse_fine_break,C2,2,U2->U3->U4,1,True,4339bd827dbc5aee,2.7267365414628534e-16,-0.08859019507258303,-0.08575538297406912,0.002834812098514189,True,True,True,-0.002834812098514189,0.0,True
5,W3_coarse_fine_break,C3,3,U3->U4->U0,-1,True,1dccc1f830c356ad,-1.6754043216296798e-16,-0.10549824723237673,-0.11324856604018821,-0.007750318807811643,True,True,True,0.007750318807811643,0.0,True
5,W3_coarse_fine_break,C4,4,U4->U0->U1,1,True,7ed448ad4926b1aa,1.624847628533756e-16,0.13655298195964674,0.14519460068130075,0.00864161872165417,True,True,True,-0.00864161872165417,0.0,True
5,W3_basis_shuffle,C0,0,U0->U1->U2,1,True,4339bd827dbc5aee,3.359465787705303e-16,-0.009133886098477003,-0.013929860408082743,-0.0047959743096054035,True,True,True,0.0047959743096054035,0.0,True
5,W3_basis_shuffle,C1,1,U1->U2->U3,-1,True,1dccc1f830c356ad,-2.523690608901827e-16,0.17000070403573012,0.1572945241804987,-0.012706179855231675,True,True,True,0.012706179855231675,0.0,True
5,W3_basis_shuffle,C2,2,U2->U3->U4,1,True,7ed448ad4926b1aa,2.7267365414628534e-16,-0.08859019507258303,-0.07886761302959824,0.009722582042985067,True,True,True,-0.009722582042985067,0.0,True
5,W3_basis_shuffle,C3,3,U3->U4->U0,-1,True,138aba80b45f9d99,-1.6754043216296798e-16,-0.10549824723237673,-0.1089883560820201,-0.003490108849643528,True,True,True,0.003490108849643528,0.0,True
5,W3_basis_shuffle,C4,4,U4->U0->U1,1,True,00b16459f5a95bd1,1.624847628533756e-16,0.13655298195964674,0.1396046515070947,0.0030516695474481215,True,True,True,-0.0030516695474481215,0.0,True
5,W3_missing,C0,0,U0->U1->U2,1,False,MISSING,3.359465787705303e-16,-0.009133886098477003,nan,nan,True,True,True,nan,nan,False
5,W3_missing,C1,1,U1->U2->U3,-1,True,00b16459f5a95bd1,-2.523690608901827e-16,0.17000070403573012,0.16071852220636507,-0.009282181829365299,True,True,True,0.009282181829365299,0.0,True
5,W3_missing,C2,2,U2->U3->U4,1,True,4339bd827dbc5aee,2.7267365414628534e-16,-0.08859019507258303,-0.08575538297406912,0.002834812098514189,True,True,True,-0.002834812098514189,0.0,True
5,W3_missing,C3,3,U3->U4->U0,-1,False,MISSING,-1.6754043216296798e-16,-0.10549824723237673,nan,nan,True,True,True,nan,nan,False
5,W3_missing,C4,4,U4->U0->U1,1,True,7ed448ad4926b1aa,1.624847628533756e-16,0.13655298195964674,0.14519460068130075,0.00864161872165417,True,True,True,-0.00864161872165417,0.0,True
5,solver_operator_shuffle,C0,0,U0->U1->U2,1,True,138aba80b45f9d99,3.359465787705303e-16,-0.009133886098477003,-0.013468251570119667,-0.004334365471642327,True,True,False,0.004334365471642327,0.0,True
5,solver_operator_shuffle,C1,1,U1->U2->U3,-1,True,00b16459f5a95bd1,-2.523690608901827e-16,0.17000070403573012,0.16071852220636507,-0.009282181829365299,True,True,False,0.009282181829365299,0.0,True
5,solver_operator_shuffle,C2,2,U2->U3->U4,1,True,4339bd827dbc5aee,2.7267365414628534e-16,-0.08859019507258303,-0.08575538297406912,0.002834812098514189,True,True,False,-0.002834812098514189,0.0,True
5,solver_operator_shuffle,C3,3,U3->U4->U0,-1,True,1dccc1f830c356ad,-1.6754043216296798e-16,-0.10549824723237673,-0.11324856604018821,-0.007750318807811643,True,True,False,0.007750318807811643,0.0,True
5,solver_operator_shuffle,C4,4,U4->U0->U1,1,True,7ed448ad4926b1aa,1.624847628533756e-16,0.13655298195964674,0.14519460068130075,0.00864161872165417,True,True,False,-0.00864161872165417,0.0,True
7,valid,C0,0,U0->U1->U2,1,True,73122da04a43f500,2.486069154725362e-16,0.08517231760965387,0.0945164852418248,0.009344167632171177,True,True,True,-0.009344167632171177,0.0,True
7,valid,C1,1,U1->U2->U3,-1,True,6904e7f79ca3c9c9,-2.49968239345392e-16,0.15161678339672494,0.150120689054975,-0.001496094341750187,True,True,True,0.001496094341750187,0.0,True
7,valid,C2,2,U2->U3->U4,1,True,abf30992cac7e3b8,1.3298406809146298e-16,-0.24113479073049593,-0.23670500301599798,0.00442978771449809,True,True,True,-0.00442978771449809,0.0,True
7,valid,C3,3,U3->U4->U5,-1,True,6929d401aa766852,-3.5758570761059893e-16,0.16761242344890728,0.1626326302225476,-0.004979793226360052,True,True,True,0.004979793226360052,0.0,True
7,valid,C4,4,U4->U5->U6,1,True,cdc5200058f09783,4.026618993479704e-16,-0.00582462417810975,-0.004912868395760614,0.0009117557823495378,True,True,True,-0.0009117557823495378,0.0,True
7,valid,C5,5,U5->U6->U0,-1,True,be994bdd496b2edd,-4.786855788728877e-16,-0.21536720556076108,-0.2094307226565884,0.005936482904172202,True,True,True,-0.005936482904172202,0.0,True
7,valid,C6,6,U6->U0->U1,1,True,4a0729734d5042ff,1.157196621811429e-16,0.2697222025365292,0.2719296256551546,0.00220742311862554,True,True,True,-0.00220742311862554,0.0,True
7,genesis_root_break,C0,0,U0->U1->U2,1,True,73122da04a43f500,2.486069154725362e-16,0.08517231760965387,0.0945164852418248,0.009344167632171177,True,True,True,-0.009344167632171177,0.0,True
7,genesis_root_break,C1,1,U1->U2->U3,-1,True,6904e7f79ca3c9c9,-2.49968239345392e-16,0.15161678339672494,0.150120689054975,-0.001496094341750187,True,True,True,0.001496094341750187,0.0,True
7,genesis_root_break,C2,2,U2->U3->U4,1,True,abf30992cac7e3b8,1.3298406809146298e-16,-0.24113479073049593,-0.23670500301599798,0.00442978771449809,True,True,True,-0.00442978771449809,0.0,True
7,genesis_root_break,C3,3,U3->U4->U5,-1,True,6929d401aa766852,-3.5758570761059893e-16,0.16761242344890728,0.1626326302225476,-0.004979793226360052,True,True,True,0.004979793226360052,0.0,True
7,genesis_root_break,C4,4,U4->U5->U6,1,True,cdc5200058f09783,4.026618993479704e-16,-0.00582462417810975,-0.004912868395760614,0.0009117557823495378,True,True,True,-0.0009117557823495378,0.0,True
7,genesis_root_break,C5,5,U5->U6->U0,-1,True,be994bdd496b2edd,-4.786855788728877e-16,-0.21536720556076108,-0.2094307226565884,0.005936482904172202,True,True,True,-0.005936482904172202,0.0,True
7,genesis_root_break,C6,6,U6->U0->U1,1,True,4a0729734d5042ff,1.157196621811429e-16,0.2697222025365292,0.2719296256551546,0.00220742311862554,True,True,True,-0.00220742311862554,0.0,True
7,retained_order_shuffle,C0,0,U0->U1->U2,1,True,73122da04a43f500,2.486069154725362e-16,0.08074624884090896,0.103517206122915,0.022770957282006288,True,True,True,-0.022770957282006288,0.0,True
7,retained_order_shuffle,C1,1,U1->U2->U3,-1,True,6904e7f79ca3c9c9,-2.49968239345392e-16,0.1652310314011527,0.14763853036557598,-0.01759250103557697,True,True,True,0.01759250103557697,0.0,True
7,retained_order_shuffle,C2,2,U2->U3->U4,1,True,abf30992cac7e3b8,1.3298406809146298e-16,-0.25071740939273995,-0.23624539813094836,0.014472011261791706,True,True,True,-0.014472011261791706,0.0,True
7,retained_order_shuffle,C3,3,U3->U4->U5,-1,True,6929d401aa766852,-3.5758570761059893e-16,0.16236133349354187,0.15343146768997112,-0.008929865803571108,True,True,True,0.008929865803571108,0.0,True
7,retained_order_shuffle,C4,4,U4->U5->U6,1,True,cdc5200058f09783,4.026618993479704e-16,0.0060100797286342655,0.00588038136375367,-0.00012969836488019304,True,True,True,0.00012969836488019304,0.0,True
7,retained_order_shuffle,C5,5,U5->U6->U0,-1,True,be994bdd496b2edd,-4.786855788728877e-16,-0.2256034196556657,-0.22033616101328102,0.005267258642384198,True,True,True,-0.005267258642384198,0.0,True
7,retained_order_shuffle,C6,6,U6->U0->U1,1,True,4a0729734d5042ff,1.157196621811429e-16,0.28423125251975445,0.2940450577805529,0.009813805260798558,True,True,True,-0.009813805260798558,0.0,True
7,source_value_shuffle,C0,0,U0->U1->U2,1,True,73122da04a43f500,2.486069154725362e-16,-0.2349713581144746,-0.22562719048230367,0.009344167632171163,True,True,True,-0.009344167632171163,0.0,True
7,source_value_shuffle,C1,1,U1->U2->U3,-1,True,6904e7f79ca3c9c9,-2.49968239345392e-16,0.15904843457430376,0.15755234023255382,-0.001496094341750187,True,True,True,0.001496094341750187,0.0,True
7,source_value_shuffle,C2,2,U2->U3->U4,1,True,abf30992cac7e3b8,1.3298406809146298e-16,0.007584842312945539,0.012014630027443459,0.004429787714498053,True,True,True,-0.004429787714498053,0.0,True
7,source_value_shuffle,C3,3,U3->U4->U5,-1,True,6929d401aa766852,-3.5758570761059893e-16,-0.21743430676057374,-0.22241409998693343,-0.004979793226360052,True,True,True,0.004979793226360052,0.0,True
7,source_value_shuffle,C4,4,U4->U5->U6,1,True,cdc5200058f09783,4.026618993479704e-16,0.2740600365053529,0.274971792287702,0.0009117557823495326,True,True,True,-0.0009117557823495326,0.0,True
7,source_value_shuffle,C5,5,U5->U6->U0,-1,True,be994bdd496b2edd,-4.786855788728877e-16,-0.08170815737319435,-0.0757716744690217,0.005936482904172188,True,True,True,-0.005936482904172188,0.0,True
7,source_value_shuffle,C6,6,U6->U0->U1,1,True,4a0729734d5042ff,1.157196621811429e-16,-0.15139100681032747,-0.14918358369170204,0.00220742311862554,True,True,True,-0.00220742311862554,0.0,True
7,source_provenance_shuffle,C0,0,U0->U1->U2,1,True,73122da04a43f500,2.486069154725362e-16,0.09888589967210865,0.1167488030393658,0.017862903367257404,True,True,True,-0.017862903367257404,0.0,True
7,source_provenance_shuffle,C1,1,U1->U2->U3,-1,True,6904e7f79ca3c9c9,-2.49968239345392e-16,0.15808080873913036,0.14970672887097855,-0.008374079868152057,True,True,True,0.008374079868152057,0.0,True
7,source_provenance_shuffle,C2,2,U2->U3->U4,1,True,abf30992cac7e3b8,1.3298406809146298e-16,-0.2507495687025796,-0.2422099489549297,0.008539619747649996,True,True,True,-0.008539619747649996,0.0,True
7,source_provenance_shuffle,C3,3,U3->U4->U5,-1,True,6929d401aa766852,-3.5758570761059893e-16,0.18052235347762965,0.1744398593845525,-0.006082494093077512,True,True,True,0.006082494093077512,0.0,True
7,source_provenance_shuffle,C4,4,U4->U5->U6,1,True,cdc5200058f09783,4.026618993479704e-16,-0.015633481298694407,-0.010187087509804528,0.005446393788890282,True,True,True,-0.005446393788890282,0.0,True
7,source_provenance_shuffle,C5,5,U5->U6->U0,-1,True,be994bdd496b2edd,-4.786855788728877e-16,-0.2160379002346057,-0.21608307826654827,-4.517803194303838e-05,True,True,True,4.517803194303838e-05,0.0,True
7,source_provenance_shuffle,C6,6,U6->U0->U1,1,True,4a0729734d5042ff,1.157196621811429e-16,0.277656035012498,0.2922155373794927,0.01455950236699477,True,True,True,-0.01455950236699477,0.0,True
7,support_shuffle,C0,0,U0->U1->U2,1,True,73122da04a43f500,2.486069154725362e-16,0.08517231760965387,0.0945164852418248,0.009344167632171177,True,True,True,-0.009344167632171177,0.0,True
7,support_shuffle,C1,1,U1->U2->U3,-1,True,6904e7f79ca3c9c9,-2.49968239345392e-16,0.15161678339672494,0.150120689054975,-0.001496094341750187,True,True,True,0.001496094341750187,0.0,True
7,support_shuffle,C2,2,U2->U3->U4,1,True,abf30992cac7e3b8,1.3298406809146298e-16,-0.24113479073049593,-0.23670500301599798,0.00442978771449809,True,True,True,-0.00442978771449809,0.0,True
7,support_shuffle,C3,3,U3->U4->U5,-1,True,6929d401aa766852,-3.5758570761059893e-16,0.16761242344890728,0.1626326302225476,-0.004979793226360052,True,True,True,0.004979793226360052,0.0,True
7,support_shuffle,C4,4,U4->U5->U6,1,True,cdc5200058f09783,4.026618993479704e-16,-0.00582462417810975,-0.004912868395760614,0.0009117557823495378,True,True,True,-0.0009117557823495378,0.0,True
7,support_shuffle,C5,5,U5->U6->U0,-1,True,be994bdd496b2edd,-4.786855788728877e-16,-0.21536720556076108,-0.2094307226565884,0.005936482904172202,True,True,True,-0.005936482904172202,0.0,True
7,support_shuffle,C6,6,U6->U0->U1,1,True,4a0729734d5042ff,1.157196621811429e-16,0.2697222025365292,0.2719296256551546,0.00220742311862554,True,True,True,-0.00220742311862554,0.0,True
7,transition_shuffle,C0,0,U0->U1->U2,1,True,73122da04a43f500,0.06041364249068817,0.08517231760965387,0.09446524219359151,0.0697065670746258,True,True,True,-0.0697065670746258,0.0,True
7,transition_shuffle,C1,1,U1->U2->U3,-1,True,6904e7f79ca3c9c9,-0.07426108557990312,0.15161678339672494,0.1502163548346303,-0.07566151414199773,True,True,True,0.07566151414199773,0.0,True
7,transition_shuffle,C2,2,U2->U3->U4,1,True,abf30992cac7e3b8,0.22234951752521476,-0.24113479073049593,-0.2368076942124873,0.2266766140432234,True,True,True,-0.2266766140432234,0.0,True
7,transition_shuffle,C3,3,U3->U4->U5,-1,True,6929d401aa766852,-0.33645614356281345,0.16761242344890728,0.1624896199207741,-0.34157894709094666,True,True,True,0.34157894709094666,0.0,True
7,transition_shuffle,C4,4,U4->U5->U6,1,True,cdc5200058f09783,0.14778788390492575,-0.00582462417810975,-0.00496407095748919,0.14864843712554632,True,True,True,-0.14864843712554632,0.0,True
7,transition_shuffle,C5,5,U5->U6->U0,-1,True,be994bdd496b2edd,-0.36605605788358436,-0.21536720556076108,-0.20962839929029126,-0.36031725161311456,True,True,True,0.36031725161311456,0.0,True
7,transition_shuffle,C6,6,U6->U0->U1,1,True,4a0729734d5042ff,0.04778657607494487,0.2697222025365292,0.2721060956647264,0.050170469203142054,True,True,True,-0.050170469203142054,0.0,True
7,cocycle_break,C0,0,U0->U1->U2,1,True,73122da04a43f500,0.04123842889011567,0.08517231760965387,0.09455648524182479,0.050622596522286595,True,True,True,-0.050622596522286595,0.0,True
7,cocycle_break,C1,1,U1->U2->U3,-1,True,6904e7f79ca3c9c9,-2.49968239345392e-16,0.15161678339672494,0.150120689054975,-0.001496094341750187,True,True,True,0.001496094341750187,0.0,True
7,cocycle_break,C2,2,U2->U3->U4,1,True,abf30992cac7e3b8,1.3298406809146298e-16,-0.24113479073049593,-0.23670500301599798,0.00442978771449809,True,True,True,-0.00442978771449809,0.0,True
7,cocycle_break,C3,3,U3->U4->U5,-1,True,6929d401aa766852,-3.5758570761059893e-16,0.16761242344890728,0.1626326302225476,-0.004979793226360052,True,True,True,0.004979793226360052,0.0,True
7,cocycle_break,C4,4,U4->U5->U6,1,True,cdc5200058f09783,4.026618993479704e-16,-0.00582462417810975,-0.004912868395760614,0.0009117557823495378,True,True,True,-0.0009117557823495378,0.0,True
7,cocycle_break,C5,5,U5->U6->U0,-1,True,be994bdd496b2edd,-4.786855788728877e-16,-0.21536720556076108,-0.2094307226565884,0.005936482904172202,True,True,True,-0.005936482904172202,0.0,True
7,cocycle_break,C6,6,U6->U0->U1,1,True,4a0729734d5042ff,0.04123289058279008,0.2697222025365292,0.27196962565515465,0.04348031370141556,True,True,True,-0.04348031370141556,0.0,True
7,source_current_shuffle,C0,0,U0->U1->U2,1,True,73122da04a43f500,2.486069154725362e-16,-0.24113479073049593,0.0945164852418248,0.335651275972321,False,True,True,-0.335651275972321,0.0,True
7,source_current_shuffle,C1,1,U1->U2->U3,-1,True,6904e7f79ca3c9c9,-2.49968239345392e-16,0.16761242344890728,0.150120689054975,-0.017491734393932534,False,True,True,0.017491734393932534,0.0,True
7,source_current_shuffle,C2,2,U2->U3->U4,1,True,abf30992cac7e3b8,1.3298406809146298e-16,-0.00582462417810975,-0.23670500301599798,-0.2308803788378881,False,True,True,0.2308803788378881,0.0,True
7,source_current_shuffle,C3,3,U3->U4->U5,-1,True,6929d401aa766852,-3.5758570761059893e-16,-0.21536720556076108,0.1626326302225476,0.3779998357833083,False,True,True,-0.3779998357833083,0.0,True
7,source_current_shuffle,C4,4,U4->U5->U6,1,True,cdc5200058f09783,4.026618993479704e-16,0.2697222025365292,-0.004912868395760614,-0.2746350709322894,False,True,True,0.2746350709322894,0.0,True
7,source_current_shuffle,C5,5,U5->U6->U0,-1,True,be994bdd496b2edd,-4.786855788728877e-16,0.08517231760965387,-0.2094307226565884,-0.29460304026624273,False,True,True,0.29460304026624273,0.0,True
7,source_current_shuffle,C6,6,U6->U0->U1,1,True,4a0729734d5042ff,1.157196621811429e-16,0.15161678339672494,0.2719296256551546,0.12031284225842978,False,True,True,-0.12031284225842978,0.0,True
7,boundary_pairing_shuffle,C0,0,U0->U1->U2,1,True,73122da04a43f500,2.486069154725362e-16,0.08517231760965387,-0.23670500301599798,-0.3218773206256516,True,False,True,0.3218773206256516,0.0,True
7,boundary_pairing_shuffle,C1,1,U1->U2->U3,-1,True,6904e7f79ca3c9c9,-2.49968239345392e-16,0.15161678339672494,0.1626326302225476,0.011015846825822406,True,False,True,-0.011015846825822406,0.0,True
7,boundary_pairing_shuffle,C2,2,U2->U3->U4,1,True,abf30992cac7e3b8,1.3298406809146298e-16,-0.24113479073049593,-0.004912868395760614,0.23622192233473546,True,False,True,-0.23622192233473546,0.0,True
7,boundary_pairing_shuffle,C3,3,U3->U4->U5,-1,True,6929d401aa766852,-3.5758570761059893e-16,0.16761242344890728,-0.2094307226565884,-0.37704314610549605,True,False,True,0.37704314610549605,0.0,True
7,boundary_pairing_shuffle,C4,4,U4->U5->U6,1,True,cdc5200058f09783,4.026618993479704e-16,-0.00582462417810975,0.2719296256551546,0.27775424983326474,True,False,True,-0.27775424983326474,0.0,True
7,boundary_pairing_shuffle,C5,5,U5->U6->U0,-1,True,be994bdd496b2edd,-4.786855788728877e-16,-0.21536720556076108,0.0945164852418248,0.3098836908025854,True,False,True,-0.3098836908025854,0.0,True
7,boundary_pairing_shuffle,C6,6,U6->U0->U1,1,True,4a0729734d5042ff,1.157196621811429e-16,0.2697222025365292,0.150120689054975,-0.11960151348155407,True,False,True,0.11960151348155407,0.0,True
7,W3_local_free_random,C0,0,U0->U1->U2,1,True,0d158c90c38040d0,2.486069154725362e-16,0.08517231760965387,0.09286922872159939,0.007696911111945773,True,True,True,-0.007696911111945773,0.0,True
7,W3_local_free_random,C1,1,U1->U2->U3,-1,True,367acce1380f4cc3,-2.49968239345392e-16,0.15161678339672494,0.14808799366151912,-0.003528789735206067,True,True,True,0.003528789735206067,0.0,True
7,W3_local_free_random,C2,2,U2->U3->U4,1,True,65b84eae041130b6,1.3298406809146298e-16,-0.24113479073049593,-0.23564605918849166,0.00548873154200441,True,True,True,-0.00548873154200441,0.0,True
7,W3_local_free_random,C3,3,U3->U4->U5,-1,True,455de367ebfd2a10,-3.5758570761059893e-16,0.16761242344890728,0.16814958392611695,0.0005371604772093086,True,True,True,-0.0005371604772093086,0.0,True
7,W3_local_free_random,C4,4,U4->U5->U6,1,True,f0136b1140a443b0,4.026618993479704e-16,-0.00582462417810975,-0.009355003676397527,-0.003530379498287375,True,True,True,0.003530379498287375,0.0,True
7,W3_local_free_random,C5,5,U5->U6->U0,-1,True,80a4bf778669ebec,-4.786855788728877e-16,-0.21536720556076108,-0.2125940884770895,0.002773117083671117,True,True,True,-0.002773117083671117,0.0,True
7,W3_local_free_random,C6,6,U6->U0->U1,1,True,94fa741b0f5b926b,1.157196621811429e-16,0.2697222025365292,0.26762325342801724,-0.0020989491085118273,True,True,True,0.0020989491085118273,0.0,True
7,W3_adjacency_shuffle,C0,0,U0->U1->U2,1,True,73122da04a43f500,2.486069154725362e-16,0.08517231760965387,0.09103201305266115,0.0058596954430075315,True,True,True,-0.0058596954430075315,0.0,True
7,W3_adjacency_shuffle,C1,1,U1->U2->U3,-1,True,6904e7f79ca3c9c9,-2.49968239345392e-16,0.15161678339672494,0.15094694017946708,-0.0006698432172581037,True,True,True,0.0006698432172581037,0.0,True
7,W3_adjacency_shuffle,C2,2,U2->U3->U4,1,True,abf30992cac7e3b8,1.3298406809146298e-16,-0.24113479073049593,-0.2337016025000046,0.0074331882304914665,True,True,True,-0.0074331882304914665,0.0,True
7,W3_adjacency_shuffle,C3,3,U3->U4->U5,-1,True,6929d401aa766852,-3.5758570761059893e-16,0.16761242344890728,0.16186897799507852,-0.005743445453829127,True,True,True,0.005743445453829127,0.0,True
7,W3_adjacency_shuffle,C4,4,U4->U5->U6,1,True,cdc5200058f09783,4.026618993479704e-16,-0.00582462417810975,-0.0050471889552340925,0.0007774352228760596,True,True,True,-0.0007774352228760596,0.0,True
7,W3_adjacency_shuffle,C5,5,U5->U6->U0,-1,True,be994bdd496b2edd,-4.786855788728877e-16,-0.21536720556076108,-0.209372490500875,0.005994715059885608,True,True,True,-0.005994715059885608,0.0,True
7,W3_adjacency_shuffle,C6,6,U6->U0->U1,1,True,4a0729734d5042ff,1.157196621811429e-16,0.2697222025365292,0.27266584894053475,0.0029436464040056842,True,True,True,-0.0029436464040056842,0.0,True
7,W3_provenance_shuffle,C0,0,U0->U1->U2,1,True,73122da04a43f500,2.486069154725362e-16,0.08517231760965387,0.08728501686246214,0.0021126992528085198,True,True,True,-0.0021126992528085198,0.0,True
7,W3_provenance_shuffle,C1,1,U1->U2->U3,-1,True,6904e7f79ca3c9c9,-2.49968239345392e-16,0.15161678339672494,0.15789169214473664,0.006274908748011454,True,True,True,-0.006274908748011454,0.0,True
7,W3_provenance_shuffle,C2,2,U2->U3->U4,1,True,abf30992cac7e3b8,1.3298406809146298e-16,-0.24113479073049593,-0.24449497339878767,-0.003360182668291606,True,True,True,0.003360182668291606,0.0,True
7,W3_provenance_shuffle,C3,3,U3->U4->U5,-1,True,6929d401aa766852,-3.5758570761059893e-16,0.16761242344890728,0.15873673263904137,-0.008875690809866277,True,True,True,0.008875690809866277,0.0,True
7,W3_provenance_shuffle,C4,4,U4->U5->U6,1,True,cdc5200058f09783,4.026618993479704e-16,-0.00582462417810975,0.0025401368844931577,0.00836476106260331,True,True,True,-0.00836476106260331,0.0,True
7,W3_provenance_shuffle,C5,5,U5->U6->U0,-1,True,be994bdd496b2edd,-4.786855788728877e-16,-0.21536720556076108,-0.21726714664842092,-0.0018999410876603118,True,True,True,0.0018999410876603118,0.0,True
7,W3_provenance_shuffle,C6,6,U6->U0->U1,1,True,4a0729734d5042ff,1.157196621811429e-16,0.2697222025365292,0.2755367406514761,0.005814538114947032,True,True,True,-0.005814538114947032,0.0,True
7,W3_subdivision_break,C0,0,U0->U1->U2,1,True,73122da04a43f500,2.486069154725362e-16,0.08517231760965387,0.09029196582110101,0.005119648211447392,True,True,True,-0.005119648211447392,0.0,True
7,W3_subdivision_break,C1,1,U1->U2->U3,-1,True,6904e7f79ca3c9c9,-2.49968239345392e-16,0.15161678339672494,0.150120689054975,-0.001496094341750187,True,True,True,0.001496094341750187,0.0,True
7,W3_subdivision_break,C2,2,U2->U3->U4,1,True,abf30992cac7e3b8,1.3298406809146298e-16,-0.24113479073049593,-0.23670500301599798,0.00442978771449809,True,True,True,-0.00442978771449809,0.0,True
7,W3_subdivision_break,C3,3,U3->U4->U5,-1,True,6929d401aa766852,-3.5758570761059893e-16,0.16761242344890728,0.16676064725501394,-0.0008517761938937052,True,True,True,0.0008517761938937052,0.0,True
7,W3_subdivision_break,C4,4,U4->U5->U6,1,True,cdc5200058f09783,4.026618993479704e-16,-0.00582462417810975,-0.004912868395760614,0.0009117557823495378,True,True,True,-0.0009117557823495378,0.0,True
7,W3_subdivision_break,C5,5,U5->U6->U0,-1,True,be994bdd496b2edd,-4.786855788728877e-16,-0.21536720556076108,-0.2094307226565884,0.005936482904172202,True,True,True,-0.005936482904172202,0.0,True
7,W3_subdivision_break,C6,6,U6->U0->U1,1,True,4a0729734d5042ff,1.157196621811429e-16,0.2697222025365292,0.26884337207033265,-0.0008788304661964119,True,True,True,0.0008788304661964119,0.0,True
7,W3_coarse_fine_break,C0,0,U0->U1->U2,1,True,73122da04a43f500,2.486069154725362e-16,0.08517231760965387,0.0945164852418248,0.009344167632171177,True,True,True,-0.009344167632171177,0.0,True
7,W3_coarse_fine_break,C1,1,U1->U2->U3,-1,True,6904e7f79ca3c9c9,-2.49968239345392e-16,0.15161678339672494,0.15393934195985085,0.0023225585631256596,True,True,True,-0.0023225585631256596,0.0,True
7,W3_coarse_fine_break,C2,2,U2->U3->U4,1,True,abf30992cac7e3b8,1.3298406809146298e-16,-0.24113479073049593,-0.23670500301599798,0.00442978771449809,True,True,True,-0.00442978771449809,0.0,True
7,W3_coarse_fine_break,C3,3,U3->U4->U5,-1,True,6929d401aa766852,-3.5758570761059893e-16,0.16761242344890728,0.1626326302225476,-0.004979793226360052,True,True,True,0.004979793226360052,0.0,True
7,W3_coarse_fine_break,C4,4,U4->U5->U6,1,True,cdc5200058f09783,4.026618993479704e-16,-0.00582462417810975,-0.004912868395760614,0.0009117557823495378,True,True,True,-0.0009117557823495378,0.0,True
7,W3_coarse_fine_break,C5,5,U5->U6->U0,-1,True,be994bdd496b2edd,-4.786855788728877e-16,-0.21536720556076108,-0.2118785579923434,0.0034886475684172136,True,True,True,-0.0034886475684172136,0.0,True
7,W3_coarse_fine_break,C6,6,U6->U0->U1,1,True,4a0729734d5042ff,1.157196621811429e-16,0.2697222025365292,0.2719296256551546,0.00220742311862554,True,True,True,-0.00220742311862554,0.0,True
7,W3_basis_shuffle,C0,0,U0->U1->U2,1,True,abf30992cac7e3b8,2.486069154725362e-16,0.08517231760965387,0.09557494985601246,0.010402632246358845,True,True,True,-0.010402632246358845,0.0,True
7,W3_basis_shuffle,C1,1,U1->U2->U3,-1,True,6929d401aa766852,-2.49968239345392e-16,0.15161678339672494,0.14393155580393222,-0.00768522759279297,True,True,True,0.00768522759279297,0.0,True
7,W3_basis_shuffle,C2,2,U2->U3->U4,1,True,cdc5200058f09783,1.3298406809146298e-16,-0.24113479073049593,-0.23406469266543442,0.007070098065061647,True,True,True,-0.007070098065061647,0.0,True
7,W3_basis_shuffle,C3,3,U3->U4->U5,-1,True,be994bdd496b2edd,-3.5758570761059893e-16,0.16761242344890728,0.16445809969145583,-0.00315432375745181,True,True,True,0.00315432375745181,0.0,True
7,W3_basis_shuffle,C4,4,U4->U5->U6,1,True,4a0729734d5042ff,4.026618993479704e-16,-0.00582462417810975,-0.005879662252465308,-5.503807435515602e-05,True,True,True,5.503807435515602e-05,0.0,True
7,W3_basis_shuffle,C5,5,U5->U6->U0,-1,True,73122da04a43f500,-4.786855788728877e-16,-0.21536720556076108,-0.20650302236406698,0.008864183196693631,True,True,True,-0.008864183196693631,0.0,True
7,W3_basis_shuffle,C6,6,U6->U0->U1,1,True,6904e7f79ca3c9c9,1.157196621811429e-16,0.2697222025365292,0.267761681057495,-0.001960521479034083,True,True,True,0.001960521479034083,0.0,True
7,W3_missing,C0,0,U0->U1->U2,1,False,MISSING,2.486069154725362e-16,0.08517231760965387,nan,nan,True,True,True,nan,nan,False
7,W3_missing,C1,1,U1->U2->U3,-1,True,6904e7f79ca3c9c9,-2.49968239345392e-16,0.15161678339672494,0.150120689054975,-0.001496094341750187,True,True,True,0.001496094341750187,0.0,True
7,W3_missing,C2,2,U2->U3->U4,1,True,abf30992cac7e3b8,1.3298406809146298e-16,-0.24113479073049593,-0.23670500301599798,0.00442978771449809,True,True,True,-0.00442978771449809,0.0,True
7,W3_missing,C3,3,U3->U4->U5,-1,False,MISSING,-3.5758570761059893e-16,0.16761242344890728,nan,nan,True,True,True,nan,nan,False
7,W3_missing,C4,4,U4->U5->U6,1,True,cdc5200058f09783,4.026618993479704e-16,-0.00582462417810975,-0.004912868395760614,0.0009117557823495378,True,True,True,-0.0009117557823495378,0.0,True
7,W3_missing,C5,5,U5->U6->U0,-1,True,be994bdd496b2edd,-4.786855788728877e-16,-0.21536720556076108,-0.2094307226565884,0.005936482904172202,True,True,True,-0.005936482904172202,0.0,True
7,W3_missing,C6,6,U6->U0->U1,1,False,MISSING,1.157196621811429e-16,0.2697222025365292,nan,nan,True,True,True,nan,nan,False
7,solver_operator_shuffle,C0,0,U0->U1->U2,1,True,73122da04a43f500,2.486069154725362e-16,0.08517231760965387,0.0945164852418248,0.009344167632171177,True,True,False,-0.009344167632171177,0.0,True
7,solver_operator_shuffle,C1,1,U1->U2->U3,-1,True,6904e7f79ca3c9c9,-2.49968239345392e-16,0.15161678339672494,0.150120689054975,-0.001496094341750187,True,True,False,0.001496094341750187,0.0,True
7,solver_operator_shuffle,C2,2,U2->U3->U4,1,True,abf30992cac7e3b8,1.3298406809146298e-16,-0.24113479073049593,-0.23670500301599798,0.00442978771449809,True,True,False,-0.00442978771449809,0.0,True
7,solver_operator_shuffle,C3,3,U3->U4->U5,-1,True,6929d401aa766852,-3.5758570761059893e-16,0.16761242344890728,0.1626326302225476,-0.004979793226360052,True,True,False,0.004979793226360052,0.0,True
7,solver_operator_shuffle,C4,4,U4->U5->U6,1,True,cdc5200058f09783,4.026618993479704e-16,-0.00582462417810975,-0.004912868395760614,0.0009117557823495378,True,True,False,-0.0009117557823495378,0.0,True
7,solver_operator_shuffle,C5,5,U5->U6->U0,-1,True,be994bdd496b2edd,-4.786855788728877e-16,-0.21536720556076108,-0.2094307226565884,0.005936482904172202,True,True,False,-0.005936482904172202,0.0,True
7,solver_operator_shuffle,C6,6,U6->U0->U1,1,True,4a0729734d5042ff,1.157196621811429e-16,0.2697222025365292,0.2719296256551546,0.00220742311862554,True,True,False,-0.00220742311862554,0.0,True
9,valid,C0,0,U0->U1->U2,1,True,5fe14777016a1dc6,3.1690716791805607e-16,0.18827564768022764,0.1955136339678935,0.0072379862876661705,True,True,True,-0.0072379862876661705,0.0,True
9,valid,C1,1,U1->U2->U3,-1,True,5126c79a5593af08,-3.1527435210016545e-16,0.08467757056448028,0.07000993048828232,-0.01466764007619828,True,True,True,0.01466764007619828,0.0,True
9,valid,C2,2,U2->U3->U4,1,True,7471f1c3eb682aad,4.0056447509415186e-16,-0.219530261065341,-0.2205170232298083,-0.0009867621644669144,True,True,True,0.0009867621644669144,0.0,True
9,valid,C3,3,U3->U4->U5,-1,True,1e37f197b25c260c,-2.484884115027115e-16,0.19502426051802,0.18654499726143947,-0.008479263256580771,True,True,True,0.008479263256580771,0.0,True
9,valid,C4,4,U4->U5->U6,1,True,79989615813c8075,2.236222775564398e-16,-0.13464154446735516,-0.1355516020205974,-0.0009100575532420274,True,True,True,0.0009100575532420274,0.0,True
9,valid,C5,5,U5->U6->U7,-1,True,52e6384b2baf9ae8,-1.22946328507506e-16,0.10892913163383999,0.10561872449281252,-0.0033104071410275937,True,True,True,0.0033104071410275937,0.0,True
9,valid,C6,6,U6->U7->U8,1,True,0b256cc8b14c28b1,2.608436253987484e-16,-0.0038134802953524263,0.024737644512580773,0.02855112480793346,True,True,True,-0.02855112480793346,0.0,True
9,valid,C7,7,U7->U8->U0,-1,True,4407f05c9ecf1b41,-3.242047072579615e-16,-0.20875702189869064,-0.21981524137795994,-0.011058219479269632,True,True,True,0.011058219479269632,0.0,True
9,valid,C8,8,U8->U0->U1,1,True,23f308bb25450089,5.985651535326216e-16,0.3178972995660362,0.32823520543434914,0.010337905868313568,True,True,True,-0.010337905868313568,0.0,True
9,genesis_root_break,C0,0,U0->U1->U2,1,True,5fe14777016a1dc6,3.1690716791805607e-16,0.18827564768022764,0.1955136339678935,0.0072379862876661705,True,True,True,-0.0072379862876661705,0.0,True
9,genesis_root_break,C1,1,U1->U2->U3,-1,True,5126c79a5593af08,-3.1527435210016545e-16,0.08467757056448028,0.07000993048828232,-0.01466764007619828,True,True,True,0.01466764007619828,0.0,True
9,genesis_root_break,C2,2,U2->U3->U4,1,True,7471f1c3eb682aad,4.0056447509415186e-16,-0.219530261065341,-0.2205170232298083,-0.0009867621644669144,True,True,True,0.0009867621644669144,0.0,True
9,genesis_root_break,C3,3,U3->U4->U5,-1,True,1e37f197b25c260c,-2.484884115027115e-16,0.19502426051802,0.18654499726143947,-0.008479263256580771,True,True,True,0.008479263256580771,0.0,True
9,genesis_root_break,C4,4,U4->U5->U6,1,True,79989615813c8075,2.236222775564398e-16,-0.13464154446735516,-0.1355516020205974,-0.0009100575532420274,True,True,True,0.0009100575532420274,0.0,True
9,genesis_root_break,C5,5,U5->U6->U7,-1,True,52e6384b2baf9ae8,-1.22946328507506e-16,0.10892913163383999,0.10561872449281252,-0.0033104071410275937,True,True,True,0.0033104071410275937,0.0,True
9,genesis_root_break,C6,6,U6->U7->U8,1,True,0b256cc8b14c28b1,2.608436253987484e-16,-0.0038134802953524263,0.024737644512580773,0.02855112480793346,True,True,True,-0.02855112480793346,0.0,True
9,genesis_root_break,C7,7,U7->U8->U0,-1,True,4407f05c9ecf1b41,-3.242047072579615e-16,-0.20875702189869064,-0.21981524137795994,-0.011058219479269632,True,True,True,0.011058219479269632,0.0,True
9,genesis_root_break,C8,8,U8->U0->U1,1,True,23f308bb25450089,5.985651535326216e-16,0.3178972995660362,0.32823520543434914,0.010337905868313568,True,True,True,-0.010337905868313568,0.0,True
9,retained_order_shuffle,C0,0,U0->U1->U2,1,True,5fe14777016a1dc6,3.1690716791805607e-16,0.20505419282987433,0.2189168197159849,0.013862626886110868,True,True,True,-0.013862626886110868,0.0,True
9,retained_order_shuffle,C1,1,U1->U2->U3,-1,True,5126c79a5593af08,-3.1527435210016545e-16,0.0769695955341733,0.055053376445554136,-0.021916219088619487,True,True,True,0.021916219088619487,0.0,True
9,retained_order_shuffle,C2,2,U2->U3->U4,1,True,7471f1c3eb682aad,4.0056447509415186e-16,-0.2181283052003098,-0.21114747177070964,0.006980833429600541,True,True,True,-0.006980833429600541,0.0,True
9,retained_order_shuffle,C3,3,U3->U4->U5,-1,True,1e37f197b25c260c,-2.484884115027115e-16,0.1982128572611118,0.1836798952145981,-0.014532962046513942,True,True,True,0.014532962046513942,0.0,True
9,retained_order_shuffle,C4,4,U4->U5->U6,1,True,79989615813c8075,2.236222775564398e-16,-0.14535444986457027,-0.145938591210721,-0.0005841413461505074,True,True,True,0.0005841413461505074,0.0,True
9,retained_order_shuffle,C5,5,U5->U6->U7,-1,True,52e6384b2baf9ae8,-1.22946328507506e-16,0.12053184839158458,0.12222561904230299,0.001693770650718282,True,True,True,-0.001693770650718282,0.0,True
9,retained_order_shuffle,C6,6,U6->U7->U8,1,True,0b256cc8b14c28b1,2.608436253987484e-16,-0.0049459285216872555,0.018146105484427202,0.023092034006114717,True,True,True,-0.023092034006114717,0.0,True
9,retained_order_shuffle,C7,7,U7->U8->U0,-1,True,4407f05c9ecf1b41,-3.242047072579615e-16,-0.2242194524458189,-0.23492242529213458,-0.010702972846316022,True,True,True,0.010702972846316022,0.0,True
9,retained_order_shuffle,C8,8,U8->U0->U1,1,True,23f308bb25450089,5.985651535326216e-16,0.3405555606389697,0.35514929729152017,0.014593736652551093,True,True,True,-0.014593736652551093,0.0,True
9,source_value_shuffle,C0,0,U0->U1->U2,1,True,5fe14777016a1dc6,3.1690716791805607e-16,-0.209720181708434,-0.20248219542076815,0.0072379862876661705,True,True,True,-0.0072379862876661705,0.0,True
9,source_value_shuffle,C1,1,U1->U2->U3,-1,True,5126c79a5593af08,-3.1527435210016545e-16,0.1891509348613805,0.1744832947851825,-0.01466764007619828,True,True,True,0.01466764007619828,0.0,True
9,source_value_shuffle,C2,2,U2->U3->U4,1,True,7471f1c3eb682aad,4.0056447509415186e-16,-0.13980942356437012,-0.14079618572883743,-0.0009867621644669144,True,True,True,0.0009867621644669144,0.0,True
9,source_value_shuffle,C3,3,U3->U4->U5,-1,True,1e37f197b25c260c,-2.484884115027115e-16,0.11530342301704914,0.10682415976046862,-0.008479263256580771,True,True,True,0.008479263256580771,0.0,True
9,source_value_shuffle,C4,4,U4->U5->U6,1,True,79989615813c8075,2.236222775564398e-16,-0.006877162853780233,-0.007787220407022469,-0.0009100575532420118,True,True,True,0.0009100575532420118,0.0,True
9,source_value_shuffle,C5,5,U5->U6->U7,-1,True,52e6384b2baf9ae8,-1.22946328507506e-16,-0.2061004391093005,-0.20941084625032794,-0.003310407141027538,True,True,True,0.003310407141027538,0.0,True
9,source_value_shuffle,C6,6,U6->U7->U8,1,True,0b256cc8b14c28b1,2.608436253987484e-16,0.31121609044778803,0.33976721525572123,0.02855112480793348,True,True,True,-0.02855112480793348,0.0,True
9,source_value_shuffle,C7,7,U7->U8->U0,-1,True,4407f05c9ecf1b41,-3.242047072579615e-16,-0.18222058343746564,-0.19327880291673494,-0.011058219479269632,True,True,True,0.011058219479269632,0.0,True
9,source_value_shuffle,C8,8,U8->U0->U1,1,True,23f308bb25450089,5.985651535326216e-16,-0.08009852982262548,-0.06976062395431253,0.010337905868313554,True,True,True,-0.010337905868313554,0.0,True
9,source_provenance_shuffle,C0,0,U0->U1->U2,1,True,5fe14777016a1dc6,3.1690716791805607e-16,0.20515682472777633,0.21662393512594944,0.011467110398173413,True,True,True,-0.011467110398173413,0.0,True
9,source_provenance_shuffle,C1,1,U1->U2->U3,-1,True,5126c79a5593af08,-3.1527435210016545e-16,0.07205582897943923,0.057567968665911004,-0.014487860313528542,True,True,True,0.014487860313528542,0.0,True
9,source_provenance_shuffle,C2,2,U2->U3->U4,1,True,7471f1c3eb682aad,4.0056447509415186e-16,-0.21450592689843617,-0.22093343419775904,-0.0064275072993224824,True,True,True,0.0064275072993224824,0.0,True
9,source_provenance_shuffle,C3,3,U3->U4->U5,-1,True,1e37f197b25c260c,-2.484884115027115e-16,0.1937170069217475,0.18685970828102597,-0.006857298640721793,True,True,True,0.006857298640721793,0.0,True
9,source_provenance_shuffle,C4,4,U4->U5->U6,1,True,79989615813c8075,2.236222775564398e-16,-0.13799206412452072,-0.13704865002706143,0.0009434140974595162,True,True,True,-0.0009434140974595162,0.0,True
9,source_provenance_shuffle,C5,5,U5->U6->U7,-1,True,52e6384b2baf9ae8,-1.22946328507506e-16,0.11351679191097307,0.10810398166353648,-0.005412810247436714,True,True,True,0.005412810247436714,0.0,True
9,source_provenance_shuffle,C6,6,U6->U7->U8,1,True,0b256cc8b14c28b1,2.608436253987484e-16,-0.0011988712941043977,0.026751903647114987,0.027950774941219645,True,True,True,-0.027950774941219645,0.0,True
9,source_provenance_shuffle,C7,7,U7->U8->U0,-1,True,4407f05c9ecf1b41,-3.242047072579615e-16,-0.2202888396158844,-0.23168017683505632,-0.011391337219172237,True,True,True,0.011391337219172237,0.0,True
9,source_provenance_shuffle,C8,8,U8->U0->U1,1,True,23f308bb25450089,5.985651535326216e-16,0.3382636653213336,0.35394672284602746,0.015683057524694455,True,True,True,-0.015683057524694455,0.0,True
9,support_shuffle,C0,0,U0->U1->U2,1,True,5fe14777016a1dc6,3.1690716791805607e-16,0.18827564768022764,0.1955136339678935,0.0072379862876661705,True,True,True,-0.0072379862876661705,0.0,True
9,support_shuffle,C1,1,U1->U2->U3,-1,True,5126c79a5593af08,-3.1527435210016545e-16,0.08467757056448028,0.07000993048828232,-0.01466764007619828,True,True,True,0.01466764007619828,0.0,True
9,support_shuffle,C2,2,U2->U3->U4,1,True,7471f1c3eb682aad,4.0056447509415186e-16,-0.219530261065341,-0.2205170232298083,-0.0009867621644669144,True,True,True,0.0009867621644669144,0.0,True
9,support_shuffle,C3,3,U3->U4->U5,-1,True,1e37f197b25c260c,-2.484884115027115e-16,0.19502426051802,0.18654499726143947,-0.008479263256580771,True,True,True,0.008479263256580771,0.0,True
9,support_shuffle,C4,4,U4->U5->U6,1,True,79989615813c8075,2.236222775564398e-16,-0.13464154446735516,-0.1355516020205974,-0.0009100575532420274,True,True,True,0.0009100575532420274,0.0,True
9,support_shuffle,C5,5,U5->U6->U7,-1,True,52e6384b2baf9ae8,-1.22946328507506e-16,0.10892913163383999,0.10561872449281252,-0.0033104071410275937,True,True,True,0.0033104071410275937,0.0,True
9,support_shuffle,C6,6,U6->U7->U8,1,True,0b256cc8b14c28b1,2.608436253987484e-16,-0.0038134802953524263,0.024737644512580773,0.02855112480793346,True,True,True,-0.02855112480793346,0.0,True
9,support_shuffle,C7,7,U7->U8->U0,-1,True,4407f05c9ecf1b41,-3.242047072579615e-16,-0.20875702189869064,-0.21981524137795994,-0.011058219479269632,True,True,True,0.011058219479269632,0.0,True
9,support_shuffle,C8,8,U8->U0->U1,1,True,23f308bb25450089,5.985651535326216e-16,0.3178972995660362,0.32823520543434914,0.010337905868313568,True,True,True,-0.010337905868313568,0.0,True
9,transition_shuffle,C0,0,U0->U1->U2,1,True,5fe14777016a1dc6,0.07238251168137207,0.18827564768022764,0.19549685768308678,0.0796037216842312,True,True,True,-0.0796037216842312,0.0,True
9,transition_shuffle,C1,1,U1->U2->U3,-1,True,5126c79a5593af08,-0.04099816622368641,0.08467757056448028,0.0700591033472512,-0.05561663344091548,True,True,True,0.05561663344091548,0.0,True
9,transition_shuffle,C2,2,U2->U3->U4,1,True,7471f1c3eb682aad,0.04893155660248291,-0.219530261065341,-0.22057314083785556,0.047888676829968335,True,True,True,-0.047888676829968335,0.0,True
9,transition_shuffle,C3,3,U3->U4->U5,-1,True,1e37f197b25c260c,-0.1739456951759643,0.19502426051802,0.1866309006653367,-0.18233905502864758,True,True,True,0.18233905502864758,0.0,True
9,transition_shuffle,C4,4,U4->U5->U6,1,True,79989615813c8075,0.30467722767897704,-0.13464154446735516,-0.135440068838278,0.3038787033080542,True,True,True,-0.3038787033080542,0.0,True
9,transition_shuffle,C5,5,U5->U6->U7,-1,True,52e6384b2baf9ae8,-0.09728000991219948,0.10892913163383999,0.10556045030111041,-0.10064869124492906,True,True,True,0.10064869124492906,0.0,True
9,transition_shuffle,C6,6,U6->U7->U8,1,True,0b256cc8b14c28b1,0.24022299447262138,-0.0038134802953524263,0.02469247657632896,0.26872895134430275,True,True,True,-0.26872895134430275,0.0,True
9,transition_shuffle,C7,7,U7->U8->U0,-1,True,4407f05c9ecf1b41,-0.28162566820576185,-0.20875702189869064,-0.2200268634699858,-0.29289550977705703,True,True,True,0.29289550977705703,0.0,True
9,transition_shuffle,C8,8,U8->U0->U1,1,True,23f308bb25450089,0.05972406899698931,0.3178972995660362,0.32835957180109504,0.07018634123204814,True,True,True,-0.07018634123204814,0.0,True
9,cocycle_break,C0,0,U0->U1->U2,1,True,5fe14777016a1dc6,0.04100329127517796,0.18827564768022764,0.1955536339678935,0.04828127756284381,True,True,True,-0.04828127756284381,0.0,True
9,cocycle_break,C1,1,U1->U2->U3,-1,True,5126c79a5593af08,-3.1527435210016545e-16,0.08467757056448028,0.07000993048828232,-0.01466764007619828,True,True,True,0.01466764007619828,0.0,True
9,cocycle_break,C2,2,U2->U3->U4,1,True,7471f1c3eb682aad,4.0056447509415186e-16,-0.219530261065341,-0.2205170232298083,-0.0009867621644669144,True,True,True,0.0009867621644669144,0.0,True
9,cocycle_break,C3,3,U3->U4->U5,-1,True,1e37f197b25c260c,-2.484884115027115e-16,0.19502426051802,0.18654499726143947,-0.008479263256580771,True,True,True,0.008479263256580771,0.0,True
9,cocycle_break,C4,4,U4->U5->U6,1,True,79989615813c8075,2.236222775564398e-16,-0.13464154446735516,-0.1355516020205974,-0.0009100575532420274,True,True,True,0.0009100575532420274,0.0,True
9,cocycle_break,C5,5,U5->U6->U7,-1,True,52e6384b2baf9ae8,-1.22946328507506e-16,0.10892913163383999,0.10561872449281252,-0.0033104071410275937,True,True,True,0.0033104071410275937,0.0,True
9,cocycle_break,C6,6,U6->U7->U8,1,True,0b256cc8b14c28b1,2.608436253987484e-16,-0.0038134802953524263,0.024737644512580773,0.02855112480793346,True,True,True,-0.02855112480793346,0.0,True
9,cocycle_break,C7,7,U7->U8->U0,-1,True,4407f05c9ecf1b41,-3.242047072579615e-16,-0.20875702189869064,-0.21981524137795994,-0.011058219479269632,True,True,True,0.011058219479269632,0.0,True
9,cocycle_break,C8,8,U8->U0->U1,1,True,23f308bb25450089,0.040988977882646986,0.3178972995660362,0.3282752054343491,0.051366883750959935,True,True,True,-0.051366883750959935,0.0,True
9,source_current_shuffle,C0,0,U0->U1->U2,1,True,5fe14777016a1dc6,3.1690716791805607e-16,-0.219530261065341,0.1955136339678935,0.4150438950332348,False,True,True,-0.4150438950332348,0.0,True
9,source_current_shuffle,C1,1,U1->U2->U3,-1,True,5126c79a5593af08,-3.1527435210016545e-16,0.19502426051802,0.07000993048828232,-0.125014330029738,False,True,True,0.125014330029738,0.0,True
9,source_current_shuffle,C2,2,U2->U3->U4,1,True,7471f1c3eb682aad,4.0056447509415186e-16,-0.13464154446735516,-0.2205170232298083,-0.08587547876245274,False,True,True,0.08587547876245274,0.0,True
9,source_current_shuffle,C3,3,U3->U4->U5,-1,True,1e37f197b25c260c,-2.484884115027115e-16,0.10892913163383999,0.18654499726143947,0.07761586562759923,False,True,True,-0.07761586562759923,0.0,True
9,source_current_shuffle,C4,4,U4->U5->U6,1,True,79989615813c8075,2.236222775564398e-16,-0.0038134802953524263,-0.1355516020205974,-0.13173812172524477,False,True,True,0.13173812172524477,0.0,True
9,source_current_shuffle,C5,5,U5->U6->U7,-1,True,52e6384b2baf9ae8,-1.22946328507506e-16,-0.20875702189869064,0.10561872449281252,0.31437574639150306,False,True,True,-0.31437574639150306,0.0,True
9,source_current_shuffle,C6,6,U6->U7->U8,1,True,0b256cc8b14c28b1,2.608436253987484e-16,0.3178972995660362,0.024737644512580773,-0.29315965505345515,False,True,True,0.29315965505345515,0.0,True
9,source_current_shuffle,C7,7,U7->U8->U0,-1,True,4407f05c9ecf1b41,-3.242047072579615e-16,0.18827564768022764,-0.21981524137795994,-0.4080908890581879,False,True,True,0.4080908890581879,0.0,True
9,source_current_shuffle,C8,8,U8->U0->U1,1,True,23f308bb25450089,5.985651535326216e-16,0.08467757056448028,0.32823520543434914,0.24355763486986948,False,True,True,-0.24355763486986948,0.0,True
9,boundary_pairing_shuffle,C0,0,U0->U1->U2,1,True,5fe14777016a1dc6,3.1690716791805607e-16,0.18827564768022764,-0.2205170232298083,-0.4087926709100356,True,False,True,0.4087926709100356,0.0,True
9,boundary_pairing_shuffle,C1,1,U1->U2->U3,-1,True,5126c79a5593af08,-3.1527435210016545e-16,0.08467757056448028,0.18654499726143947,0.10186742669695888,True,False,True,-0.10186742669695888,0.0,True
9,boundary_pairing_shuffle,C2,2,U2->U3->U4,1,True,7471f1c3eb682aad,4.0056447509415186e-16,-0.219530261065341,-0.1355516020205974,0.08397865904474397,True,False,True,-0.08397865904474397,0.0,True
9,boundary_pairing_shuffle,C3,3,U3->U4->U5,-1,True,1e37f197b25c260c,-2.484884115027115e-16,0.19502426051802,0.10561872449281252,-0.08940553602520772,True,False,True,0.08940553602520772,0.0,True
9,boundary_pairing_shuffle,C4,4,U4->U5->U6,1,True,79989615813c8075,2.236222775564398e-16,-0.13464154446735516,0.024737644512580773,0.15937918897993614,True,False,True,-0.15937918897993614,0.0,True
9,boundary_pairing_shuffle,C5,5,U5->U6->U7,-1,True,52e6384b2baf9ae8,-1.22946328507506e-16,0.10892913163383999,-0.21981524137795994,-0.32874437301180004,True,False,True,0.32874437301180004,0.0,True
9,boundary_pairing_shuffle,C6,6,U6->U7->U8,1,True,0b256cc8b14c28b1,2.608436253987484e-16,-0.0038134802953524263,0.32823520543434914,0.3320486857297018,True,False,True,-0.3320486857297018,0.0,True
9,boundary_pairing_shuffle,C7,7,U7->U8->U0,-1,True,4407f05c9ecf1b41,-3.242047072579615e-16,-0.20875702189869064,0.1955136339678935,0.40427065586658384,True,False,True,-0.40427065586658384,0.0,True
9,boundary_pairing_shuffle,C8,8,U8->U0->U1,1,True,23f308bb25450089,5.985651535326216e-16,0.3178972995660362,0.07000993048828232,-0.24788736907775327,True,False,True,0.24788736907775327,0.0,True
9,W3_local_free_random,C0,0,U0->U1->U2,1,True,fa43eedde780311b,3.1690716791805607e-16,0.18827564768022764,0.20020482681988042,0.011929179139653079,True,True,True,-0.011929179139653079,0.0,True
9,W3_local_free_random,C1,1,U1->U2->U3,-1,True,9f79b858acb83483,-3.1527435210016545e-16,0.08467757056448028,0.07769148028058434,-0.006986090283896254,True,True,True,0.006986090283896254,0.0,True
9,W3_local_free_random,C2,2,U2->U3->U4,1,True,ff5d5135463be724,4.0056447509415186e-16,-0.219530261065341,-0.22232174757253495,-0.0027914865071935746,True,True,True,0.0027914865071935746,0.0,True
9,W3_local_free_random,C3,3,U3->U4->U5,-1,True,2dac711773408ec5,-2.484884115027115e-16,0.19502426051802,0.19434411577453564,-0.0006801447434846009,True,True,True,0.0006801447434846009,0.0,True
9,W3_local_free_random,C4,4,U4->U5->U6,1,True,68bb2c2d191edf0a,2.236222775564398e-16,-0.13464154446735516,-0.13827297303670424,-0.0036314285693488657,True,True,True,0.0036314285693488657,0.0,True
9,W3_local_free_random,C5,5,U5->U6->U7,-1,True,10c1d4eb9d629b77,-1.22946328507506e-16,0.10892913163383999,0.09839070590979727,-0.010538425724042844,True,True,True,0.010538425724042844,0.0,True
9,W3_local_free_random,C6,6,U6->U7->U8,1,True,7ac197bdf7779cdd,2.608436253987484e-16,-0.0038134802953524263,0.024940720711993075,0.028754201007345763,True,True,True,-0.028754201007345763,0.0,True
9,W3_local_free_random,C7,7,U7->U8->U0,-1,True,92568d8809df9864,-3.242047072579615e-16,-0.20875702189869064,-0.21962840164329045,-0.010871379744600146,True,True,True,0.010871379744600146,0.0,True
9,W3_local_free_random,C8,8,U8->U0->U1,1,True,827116fd1839d7de,5.985651535326216e-16,0.3178972995660362,0.3252840262103352,0.007386726644299624,True,True,True,-0.007386726644299624,0.0,True
9,W3_adjacency_shuffle,C0,0,U0->U1->U2,1,True,5fe14777016a1dc6,3.1690716791805607e-16,0.18827564768022764,0.19303472984673267,0.004759082166505335,True,True,True,-0.004759082166505335,0.0,True
9,W3_adjacency_shuffle,C1,1,U1->U2->U3,-1,True,5126c79a5593af08,-3.1527435210016545e-16,0.08467757056448028,0.06580206157334177,-0.018875508991138823,True,True,True,0.018875508991138823,0.0,True
9,W3_adjacency_shuffle,C2,2,U2->U3->U4,1,True,7471f1c3eb682aad,4.0056447509415186e-16,-0.219530261065341,-0.21719348049005582,0.002336780575285552,True,True,True,-0.002336780575285552,0.0,True
9,W3_adjacency_shuffle,C3,3,U3->U4->U5,-1,True,1e37f197b25c260c,-2.484884115027115e-16,0.19502426051802,0.19433332201654094,-0.0006909385014793046,True,True,True,0.0006909385014793046,0.0,True
9,W3_adjacency_shuffle,C4,4,U4->U5->U6,1,True,79989615813c8075,2.236222775564398e-16,-0.13464154446735516,-0.13553841415176365,-0.0008968696844082746,True,True,True,0.0008968696844082746,0.0,True
9,W3_adjacency_shuffle,C5,5,U5->U6->U7,-1,True,52e6384b2baf9ae8,-1.22946328507506e-16,0.10892913163383999,0.1040703972861729,-0.004858734347667218,True,True,True,0.004858734347667218,0.0,True
9,W3_adjacency_shuffle,C6,6,U6->U7->U8,1,True,0b256cc8b14c28b1,2.608436253987484e-16,-0.0038134802953524263,0.025115270445448944,0.02892875074080163,True,True,True,-0.02892875074080163,0.0,True
9,W3_adjacency_shuffle,C7,7,U7->U8->U0,-1,True,4407f05c9ecf1b41,-3.242047072579615e-16,-0.20875702189869064,-0.22175452627927278,-0.012997504380582475,True,True,True,0.012997504380582475,0.0,True
9,W3_adjacency_shuffle,C8,8,U8->U0->U1,1,True,23f308bb25450089,5.985651535326216e-16,0.3178972995660362,0.32709259674626395,0.009195297180228379,True,True,True,-0.009195297180228379,0.0,True
9,W3_provenance_shuffle,C0,0,U0->U1->U2,1,True,5fe14777016a1dc6,3.1690716791805607e-16,0.18827564768022764,0.1932071431904221,0.0049314955101947555,True,True,True,-0.0049314955101947555,0.0,True
9,W3_provenance_shuffle,C1,1,U1->U2->U3,-1,True,5126c79a5593af08,-3.1527435210016545e-16,0.08467757056448028,0.0706341393833911,-0.0140434311810895,True,True,True,0.0140434311810895,0.0,True
9,W3_provenance_shuffle,C2,2,U2->U3->U4,1,True,7471f1c3eb682aad,4.0056447509415186e-16,-0.219530261065341,-0.22421233122182865,-0.004682070156487278,True,True,True,0.004682070156487278,0.0,True
9,W3_provenance_shuffle,C3,3,U3->U4->U5,-1,True,1e37f197b25c260c,-2.484884115027115e-16,0.19502426051802,0.18253821286055325,-0.012486047657466998,True,True,True,0.012486047657466998,0.0,True
9,W3_provenance_shuffle,C4,4,U4->U5->U6,1,True,79989615813c8075,2.236222775564398e-16,-0.13464154446735516,-0.13095638922345904,0.003685155243896343,True,True,True,-0.003685155243896343,0.0,True
9,W3_provenance_shuffle,C5,5,U5->U6->U7,-1,True,52e6384b2baf9ae8,-1.22946328507506e-16,0.10892913163383999,0.1005338489760035,-0.008395282657836622,True,True,True,0.008395282657836622,0.0,True
9,W3_provenance_shuffle,C6,6,U6->U7->U8,1,True,0b256cc8b14c28b1,2.608436253987484e-16,-0.0038134802953524263,0.023037350889165947,0.026850831184518635,True,True,True,-0.026850831184518635,0.0,True
9,W3_provenance_shuffle,C7,7,U7->U8->U0,-1,True,4407f05c9ecf1b41,-3.242047072579615e-16,-0.20875702189869064,-0.21584423747593032,-0.007087215577240014,True,True,True,0.007087215577240014,0.0,True
9,W3_provenance_shuffle,C8,8,U8->U0->U1,1,True,23f308bb25450089,5.985651535326216e-16,0.3178972995660362,0.3268456379095605,0.00894833834352493,True,True,True,-0.00894833834352493,0.0,True
9,W3_subdivision_break,C0,0,U0->U1->U2,1,True,5fe14777016a1dc6,3.1690716791805607e-16,0.18827564768022764,0.19591042615273127,0.007634778472503934,True,True,True,-0.007634778472503934,0.0,True
9,W3_subdivision_break,C1,1,U1->U2->U3,-1,True,5126c79a5593af08,-3.1527435210016545e-16,0.08467757056448028,0.07000993048828232,-0.01466764007619828,True,True,True,0.01466764007619828,0.0,True
9,W3_subdivision_break,C2,2,U2->U3->U4,1,True,7471f1c3eb682aad,4.0056447509415186e-16,-0.219530261065341,-0.2205170232298083,-0.0009867621644669144,True,True,True,0.0009867621644669144,0.0,True
9,W3_subdivision_break,C3,3,U3->U4->U5,-1,True,1e37f197b25c260c,-2.484884115027115e-16,0.19502426051802,0.18527195971694255,-0.009752300801077696,True,True,True,0.009752300801077696,0.0,True
9,W3_subdivision_break,C4,4,U4->U5->U6,1,True,79989615813c8075,2.236222775564398e-16,-0.13464154446735516,-0.1355516020205974,-0.0009100575532420274,True,True,True,0.0009100575532420274,0.0,True
9,W3_subdivision_break,C5,5,U5->U6->U7,-1,True,52e6384b2baf9ae8,-1.22946328507506e-16,0.10892913163383999,0.10561872449281252,-0.0033104071410275937,True,True,True,0.0033104071410275937,0.0,True
9,W3_subdivision_break,C6,6,U6->U7->U8,1,True,0b256cc8b14c28b1,2.608436253987484e-16,-0.0038134802953524263,0.022601637066745,0.026415117362097687,True,True,True,-0.026415117362097687,0.0,True
9,W3_subdivision_break,C7,7,U7->U8->U0,-1,True,4407f05c9ecf1b41,-3.242047072579615e-16,-0.20875702189869064,-0.21981524137795994,-0.011058219479269632,True,True,True,0.011058219479269632,0.0,True
9,W3_subdivision_break,C8,8,U8->U0->U1,1,True,23f308bb25450089,5.985651535326216e-16,0.3178972995660362,0.32823520543434914,0.010337905868313568,True,True,True,-0.010337905868313568,0.0,True
9,W3_coarse_fine_break,C0,0,U0->U1->U2,1,True,5fe14777016a1dc6,3.1690716791805607e-16,0.18827564768022764,0.1955136339678935,0.0072379862876661705,True,True,True,-0.0072379862876661705,0.0,True
9,W3_coarse_fine_break,C1,1,U1->U2->U3,-1,True,5126c79a5593af08,-3.1527435210016545e-16,0.08467757056448028,0.0752420031331881,-0.009435567431292494,True,True,True,0.009435567431292494,0.0,True
9,W3_coarse_fine_break,C2,2,U2->U3->U4,1,True,7471f1c3eb682aad,4.0056447509415186e-16,-0.219530261065341,-0.2205170232298083,-0.0009867621644669144,True,True,True,0.0009867621644669144,0.0,True
9,W3_coarse_fine_break,C3,3,U3->U4->U5,-1,True,1e37f197b25c260c,-2.484884115027115e-16,0.19502426051802,0.18654499726143947,-0.008479263256580771,True,True,True,0.008479263256580771,0.0,True
9,W3_coarse_fine_break,C4,4,U4->U5->U6,1,True,79989615813c8075,2.236222775564398e-16,-0.13464154446735516,-0.1355516020205974,-0.0009100575532420274,True,True,True,0.0009100575532420274,0.0,True
9,W3_coarse_fine_break,C5,5,U5->U6->U7,-1,True,52e6384b2baf9ae8,-1.22946328507506e-16,0.10892913163383999,0.10285086084423258,-0.006078270789607543,True,True,True,0.006078270789607543,0.0,True
9,W3_coarse_fine_break,C6,6,U6->U7->U8,1,True,0b256cc8b14c28b1,2.608436253987484e-16,-0.0038134802953524263,0.024737644512580773,0.02855112480793346,True,True,True,-0.02855112480793346,0.0,True
9,W3_coarse_fine_break,C7,7,U7->U8->U0,-1,True,4407f05c9ecf1b41,-3.242047072579615e-16,-0.20875702189869064,-0.21981524137795994,-0.011058219479269632,True,True,True,0.011058219479269632,0.0,True
9,W3_coarse_fine_break,C8,8,U8->U0->U1,1,True,23f308bb25450089,5.985651535326216e-16,0.3178972995660362,0.32823520543434914,0.010337905868313568,True,True,True,-0.010337905868313568,0.0,True
9,W3_basis_shuffle,C0,0,U0->U1->U2,1,True,7471f1c3eb682aad,3.1690716791805607e-16,0.18827564768022764,0.19516080717242823,0.006885159492200893,True,True,True,-0.006885159492200893,0.0,True
9,W3_basis_shuffle,C1,1,U1->U2->U3,-1,True,1e37f197b25c260c,-3.1527435210016545e-16,0.08467757056448028,0.06985955665469225,-0.014818013909788347,True,True,True,0.014818013909788347,0.0,True
9,W3_basis_shuffle,C2,2,U2->U3->U4,1,True,79989615813c8075,4.0056447509415186e-16,-0.219530261065341,-0.2189849794395714,0.0005452816257699722,True,True,True,-0.0005452816257699722,0.0,True
9,W3_basis_shuffle,C3,3,U3->U4->U5,-1,True,52e6384b2baf9ae8,-2.484884115027115e-16,0.19502426051802,0.1942541802506721,-0.0007700802673481499,True,True,True,0.0007700802673481499,0.0,True
9,W3_basis_shuffle,C4,4,U4->U5->U6,1,True,0b256cc8b14c28b1,2.236222775564398e-16,-0.13464154446735516,-0.1314187928113508,0.00322275165600458,True,True,True,-0.00322275165600458,0.0,True
9,W3_basis_shuffle,C5,5,U5->U6->U7,-1,True,4407f05c9ecf1b41,-1.22946328507506e-16,0.10892913163383999,0.10479855600450054,-0.004130575629339578,True,True,True,0.004130575629339578,0.0,True
9,W3_basis_shuffle,C6,6,U6->U7->U8,1,True,23f308bb25450089,2.608436253987484e-16,-0.0038134802953524263,0.020288955691550967,0.024102435986903654,True,True,True,-0.024102435986903654,0.0,True
9,W3_basis_shuffle,C7,7,U7->U8->U0,-1,True,5fe14777016a1dc6,-3.242047072579615e-16,-0.20875702189869064,-0.22130914710097696,-0.012552125202286657,True,True,True,0.012552125202286657,0.0,True
9,W3_basis_shuffle,C8,8,U8->U0->U1,1,True,5126c79a5593af08,5.985651535326216e-16,0.3178972995660362,0.3326166029956742,0.01471930342963862,True,True,True,-0.01471930342963862,0.0,True
9,W3_missing,C0,0,U0->U1->U2,1,False,MISSING,3.1690716791805607e-16,0.18827564768022764,nan,nan,True,True,True,nan,nan,False
9,W3_missing,C1,1,U1->U2->U3,-1,True,5126c79a5593af08,-3.1527435210016545e-16,0.08467757056448028,0.07000993048828232,-0.01466764007619828,True,True,True,0.01466764007619828,0.0,True
9,W3_missing,C2,2,U2->U3->U4,1,True,7471f1c3eb682aad,4.0056447509415186e-16,-0.219530261065341,-0.2205170232298083,-0.0009867621644669144,True,True,True,0.0009867621644669144,0.0,True
9,W3_missing,C3,3,U3->U4->U5,-1,False,MISSING,-2.484884115027115e-16,0.19502426051802,nan,nan,True,True,True,nan,nan,False
9,W3_missing,C4,4,U4->U5->U6,1,True,79989615813c8075,2.236222775564398e-16,-0.13464154446735516,-0.1355516020205974,-0.0009100575532420274,True,True,True,0.0009100575532420274,0.0,True
9,W3_missing,C5,5,U5->U6->U7,-1,True,52e6384b2baf9ae8,-1.22946328507506e-16,0.10892913163383999,0.10561872449281252,-0.0033104071410275937,True,True,True,0.0033104071410275937,0.0,True
9,W3_missing,C6,6,U6->U7->U8,1,False,MISSING,2.608436253987484e-16,-0.0038134802953524263,nan,nan,True,True,True,nan,nan,False
9,W3_missing,C7,7,U7->U8->U0,-1,True,4407f05c9ecf1b41,-3.242047072579615e-16,-0.20875702189869064,-0.21981524137795994,-0.011058219479269632,True,True,True,0.011058219479269632,0.0,True
9,W3_missing,C8,8,U8->U0->U1,1,True,23f308bb25450089,5.985651535326216e-16,0.3178972995660362,0.32823520543434914,0.010337905868313568,True,True,True,-0.010337905868313568,0.0,True
9,solver_operator_shuffle,C0,0,U0->U1->U2,1,True,5fe14777016a1dc6,3.1690716791805607e-16,0.18827564768022764,0.1955136339678935,0.0072379862876661705,True,True,False,-0.0072379862876661705,0.0,True
9,solver_operator_shuffle,C1,1,U1->U2->U3,-1,True,5126c79a5593af08,-3.1527435210016545e-16,0.08467757056448028,0.07000993048828232,-0.01466764007619828,True,True,False,0.01466764007619828,0.0,True
9,solver_operator_shuffle,C2,2,U2->U3->U4,1,True,7471f1c3eb682aad,4.0056447509415186e-16,-0.219530261065341,-0.2205170232298083,-0.0009867621644669144,True,True,False,0.0009867621644669144,0.0,True
9,solver_operator_shuffle,C3,3,U3->U4->U5,-1,True,1e37f197b25c260c,-2.484884115027115e-16,0.19502426051802,0.18654499726143947,-0.008479263256580771,True,True,False,0.008479263256580771,0.0,True
9,solver_operator_shuffle,C4,4,U4->U5->U6,1,True,79989615813c8075,2.236222775564398e-16,-0.13464154446735516,-0.1355516020205974,-0.0009100575532420274,True,True,False,0.0009100575532420274,0.0,True
9,solver_operator_shuffle,C5,5,U5->U6->U7,-1,True,52e6384b2baf9ae8,-1.22946328507506e-16,0.10892913163383999,0.10561872449281252,-0.0033104071410275937,True,True,False,0.0033104071410275937,0.0,True
9,solver_operator_shuffle,C6,6,U6->U7->U8,1,True,0b256cc8b14c28b1,2.608436253987484e-16,-0.0038134802953524263,0.024737644512580773,0.02855112480793346,True,True,False,-0.02855112480793346,0.0,True
9,solver_operator_shuffle,C7,7,U7->U8->U0,-1,True,4407f05c9ecf1b41,-3.242047072579615e-16,-0.20875702189869064,-0.21981524137795994,-0.011058219479269632,True,True,False,0.011058219479269632,0.0,True
9,solver_operator_shuffle,C8,8,U8->U0->U1,1,True,23f308bb25450089,5.985651535326216e-16,0.3178972995660362,0.32823520543434914,0.010337905868313568,True,True,False,-0.010337905868313568,0.0,True
13,valid,C0,0,U0->U1->U2,1,True,818795ec93fcf595,2.2349559005066083e-16,0.23939921693436603,0.2546123499317222,0.01521313299735641,True,True,True,-0.01521313299735641,0.0,True
13,valid,C1,1,U1->U2->U3,-1,True,b90b5e364fa5e0ea,-2.7318686225647995e-16,-0.02763966449648821,-0.023997922100980652,0.003641742395507283,True,True,True,-0.003641742395507283,0.0,True
13,valid,C2,2,U2->U3->U4,1,True,d3fd9dc705c6059b,3.512645772297745e-16,-0.15562568031055427,-0.154839952160282,0.0007857281502726132,True,True,True,-0.0007857281502726132,0.0,True
13,valid,C3,3,U3->U4->U5,-1,True,0d1c041ed3b40447,-1.153534636143471e-16,0.2132487995231023,0.21683683538282772,0.003588035859725308,True,True,True,-0.003588035859725308,0.0,True
13,valid,C4,4,U4->U5->U6,1,True,621cfbee6eab9f30,1.1246223186523272e-16,-0.15987768829649587,-0.16385944725060542,-0.003981758954109432,True,True,True,0.003981758954109432,0.0,True
13,valid,C5,5,U5->U6->U7,-1,True,782fa09ccf75a1e8,-2.2240934229970306e-16,0.08482075756775936,0.07955795870739973,-0.005262798860359852,True,True,True,0.005262798860359852,0.0,True
13,valid,C6,6,U6->U7->U8,1,True,135d099060a3645d,2.764899305687143e-16,-0.08845018568438952,-0.06896639274859794,0.01948379293579186,True,True,True,-0.01948379293579186,0.0,True
13,valid,C7,7,U7->U8->U9,-1,True,e2ba331edf8274d9,-1.6737096457010502e-16,0.11608238433768141,0.0940782556186927,-0.02200412871898888,True,True,True,0.02200412871898888,0.0,True
13,valid,C8,8,U8->U9->U10,1,True,4ca05b46f36f2a27,4.0842261631456734e-16,-0.08888474598247005,-0.08129285495321345,0.007591891029257003,True,True,True,-0.007591891029257003,0.0,True
13,valid,C9,9,U9->U10->U11,-1,True,e6d453c78de3578a,-3.377656820112522e-16,0.027632198653291872,0.020802020216517433,-0.006830178436774775,True,True,True,0.006830178436774775,0.0,True
13,valid,C10,10,U10->U11->U12,1,True,41c21a2fa921e6c8,1.174669034373689e-16,0.07874064475554972,0.0783301555207894,-0.00041048923476021126,True,True,True,0.00041048923476021126,0.0,True
13,valid,C11,11,U11->U12->U0,-1,True,6358e2203870fe01,-3.2070021848548876e-17,-0.23712908596682106,-0.2318260084878926,0.005303077478928442,True,True,True,-0.005303077478928442,0.0,True
13,valid,C12,12,U12->U0->U1,1,True,da4472915b50434b,2.2724455070895e-16,0.31813986168991576,0.3195760593895621,0.0014361976996465353,True,True,True,-0.0014361976996465353,0.0,True
13,genesis_root_break,C0,0,U0->U1->U2,1,True,818795ec93fcf595,2.2349559005066083e-16,0.23939921693436603,0.2546123499317222,0.01521313299735641,True,True,True,-0.01521313299735641,0.0,True
13,genesis_root_break,C1,1,U1->U2->U3,-1,True,b90b5e364fa5e0ea,-2.7318686225647995e-16,-0.02763966449648821,-0.023997922100980652,0.003641742395507283,True,True,True,-0.003641742395507283,0.0,True
13,genesis_root_break,C2,2,U2->U3->U4,1,True,d3fd9dc705c6059b,3.512645772297745e-16,-0.15562568031055427,-0.154839952160282,0.0007857281502726132,True,True,True,-0.0007857281502726132,0.0,True
13,genesis_root_break,C3,3,U3->U4->U5,-1,True,0d1c041ed3b40447,-1.153534636143471e-16,0.2132487995231023,0.21683683538282772,0.003588035859725308,True,True,True,-0.003588035859725308,0.0,True
13,genesis_root_break,C4,4,U4->U5->U6,1,True,621cfbee6eab9f30,1.1246223186523272e-16,-0.15987768829649587,-0.16385944725060542,-0.003981758954109432,True,True,True,0.003981758954109432,0.0,True
13,genesis_root_break,C5,5,U5->U6->U7,-1,True,782fa09ccf75a1e8,-2.2240934229970306e-16,0.08482075756775936,0.07955795870739973,-0.005262798860359852,True,True,True,0.005262798860359852,0.0,True
13,genesis_root_break,C6,6,U6->U7->U8,1,True,135d099060a3645d,2.764899305687143e-16,-0.08845018568438952,-0.06896639274859794,0.01948379293579186,True,True,True,-0.01948379293579186,0.0,True
13,genesis_root_break,C7,7,U7->U8->U9,-1,True,e2ba331edf8274d9,-1.6737096457010502e-16,0.11608238433768141,0.0940782556186927,-0.02200412871898888,True,True,True,0.02200412871898888,0.0,True
13,genesis_root_break,C8,8,U8->U9->U10,1,True,4ca05b46f36f2a27,4.0842261631456734e-16,-0.08888474598247005,-0.08129285495321345,0.007591891029257003,True,True,True,-0.007591891029257003,0.0,True
13,genesis_root_break,C9,9,U9->U10->U11,-1,True,e6d453c78de3578a,-3.377656820112522e-16,0.027632198653291872,0.020802020216517433,-0.006830178436774775,True,True,True,0.006830178436774775,0.0,True
13,genesis_root_break,C10,10,U10->U11->U12,1,True,41c21a2fa921e6c8,1.174669034373689e-16,0.07874064475554972,0.0783301555207894,-0.00041048923476021126,True,True,True,0.00041048923476021126,0.0,True
13,genesis_root_break,C11,11,U11->U12->U0,-1,True,6358e2203870fe01,-3.2070021848548876e-17,-0.23712908596682106,-0.2318260084878926,0.005303077478928442,True,True,True,-0.005303077478928442,0.0,True
13,genesis_root_break,C12,12,U12->U0->U1,1,True,da4472915b50434b,2.2724455070895e-16,0.31813986168991576,0.3195760593895621,0.0014361976996465353,True,True,True,-0.0014361976996465353,0.0,True
13,retained_order_shuffle,C0,0,U0->U1->U2,1,True,818795ec93fcf595,2.2349559005066083e-16,0.24153700088034083,0.2586652437544919,0.017128242874151295,True,True,True,-0.017128242874151295,0.0,True
13,retained_order_shuffle,C1,1,U1->U2->U3,-1,True,b90b5e364fa5e0ea,-2.7318686225647995e-16,-0.026486669404005004,-0.02848621836572899,-0.0019995489617242596,True,True,True,0.0019995489617242596,0.0,True
13,retained_order_shuffle,C2,2,U2->U3->U4,1,True,d3fd9dc705c6059b,3.512645772297745e-16,-0.1650172992477695,-0.15944481046813663,0.005572488779633233,True,True,True,-0.005572488779633233,0.0,True
13,retained_order_shuffle,C3,3,U3->U4->U5,-1,True,0d1c041ed3b40447,-1.153534636143471e-16,0.21869469800553673,0.21845012858234536,-0.0002445694231914819,True,True,True,0.0002445694231914819,0.0,True
13,retained_order_shuffle,C4,4,U4->U5->U6,1,True,621cfbee6eab9f30,1.1246223186523272e-16,-0.1665059766289312,-0.17244380669922676,-0.005937830070295441,True,True,True,0.005937830070295441,0.0,True
13,retained_order_shuffle,C5,5,U5->U6->U7,-1,True,782fa09ccf75a1e8,-2.2240934229970306e-16,0.08087836326248539,0.07729862566920799,-0.003579737593277621,True,True,True,0.003579737593277621,0.0,True
13,retained_order_shuffle,C6,6,U6->U7->U8,1,True,135d099060a3645d,2.764899305687143e-16,-0.08527636881320312,-0.06504215344601322,0.02023421536719018,True,True,True,-0.02023421536719018,0.0,True
13,retained_order_shuffle,C7,7,U7->U8->U9,-1,True,e2ba331edf8274d9,-1.6737096457010502e-16,0.114180275834126,0.09371174567533856,-0.020468530158787607,True,True,True,0.020468530158787607,0.0,True
13,retained_order_shuffle,C8,8,U8->U9->U10,1,True,4ca05b46f36f2a27,4.0842261631456734e-16,-0.08697931132940784,-0.08106790620933202,0.005911405120076221,True,True,True,-0.005911405120076221,0.0,True
13,retained_order_shuffle,C9,9,U9->U10->U11,-1,True,e6d453c78de3578a,-3.377656820112522e-16,0.02890390702092289,0.020621749464911764,-0.008282157556011464,True,True,True,0.008282157556011464,0.0,True
13,retained_order_shuffle,C10,10,U10->U11->U12,1,True,41c21a2fa921e6c8,1.174669034373689e-16,0.08232501672257271,0.08074444102760625,-0.001580575694966349,True,True,True,0.001580575694966349,0.0,True
13,retained_order_shuffle,C11,11,U11->U12->U0,-1,True,6358e2203870fe01,-3.2070021848548876e-17,-0.24518662682230308,-0.24013076470208036,0.005055862120222687,True,True,True,-0.005055862120222687,0.0,True
13,retained_order_shuffle,C12,12,U12->U0->U1,1,True,da4472915b50434b,2.2724455070895e-16,0.32386201760291355,0.3214708849832224,-0.0023911326196909277,True,True,True,0.0023911326196909277,0.0,True
13,source_value_shuffle,C0,0,U0->U1->U2,1,True,818795ec93fcf595,2.2349559005066083e-16,-0.15440508081702223,-0.13919194781966604,0.01521313299735641,True,True,True,-0.01521313299735641,0.0,True
13,source_value_shuffle,C1,1,U1->U2->U3,-1,True,b90b5e364fa5e0ea,-2.7318686225647995e-16,0.20777619204362865,0.21141793443913623,0.003641742395507297,True,True,True,-0.003641742395507297,0.0,True
13,source_value_shuffle,C2,2,U2->U3->U4,1,True,d3fd9dc705c6059b,3.512645772297745e-16,-0.15511918782361717,-0.1543334596733449,0.0007857281502726132,True,True,True,-0.0007857281502726132,0.0,True
13,source_value_shuffle,C3,3,U3->U4->U5,-1,True,0d1c041ed3b40447,-1.153534636143471e-16,0.0843989446487477,0.0879869805084731,0.0035880358597252943,True,True,True,-0.0035880358597252943,0.0,True
13,source_value_shuffle,C4,4,U4->U5->U6,1,True,621cfbee6eab9f30,1.1246223186523272e-16,-0.08705071183290773,-0.09103247078701726,-0.003981758954109418,True,True,True,0.003981758954109418,0.0,True
13,source_value_shuffle,C5,5,U5->U6->U7,-1,True,782fa09ccf75a1e8,-2.2240934229970306e-16,0.11424835018811906,0.10898555132775943,-0.005262798860359852,True,True,True,0.005262798860359852,0.0,True
13,source_value_shuffle,C6,6,U6->U7->U8,1,True,135d099060a3645d,2.764899305687143e-16,-0.0832205167659778,-0.06373672383018622,0.01948379293579186,True,True,True,-0.01948379293579186,0.0,True
13,source_value_shuffle,C7,7,U7->U8->U9,-1,True,e2ba331edf8274d9,-1.6737096457010502e-16,0.027197638355211325,0.0051935096362226135,-0.02200412871898888,True,True,True,0.02200412871898888,0.0,True
13,source_value_shuffle,C8,8,U8->U9->U10,1,True,4ca05b46f36f2a27,4.0842261631456734e-16,0.079190117715687,0.0867820087449436,0.007591891029257003,True,True,True,-0.007591891029257003,0.0,True
13,source_value_shuffle,C9,9,U9->U10->U11,-1,True,e6d453c78de3578a,-3.377656820112522e-16,-0.25537262690766277,-0.26220280534443724,-0.006830178436774803,True,True,True,0.006830178436774803,0.0,True
13,source_value_shuffle,C10,10,U10->U11->U12,1,True,41c21a2fa921e6c8,1.174669034373689e-16,0.3341132716632125,0.33370278242845214,-0.00041048923476022514,True,True,True,0.00041048923476022514,0.0,True
13,source_value_shuffle,C11,11,U11->U12->U0,-1,True,6358e2203870fe01,-3.2070021848548876e-17,-0.2549231539475255,-0.24962007646859707,0.005303077478928386,True,True,True,-0.005303077478928386,0.0,True
13,source_value_shuffle,C12,12,U12->U0->U1,1,True,da4472915b50434b,2.2724455070895e-16,0.02608364053553819,0.027519838235184516,0.0014361976996465527,True,True,True,-0.0014361976996465527,0.0,True
13,source_provenance_shuffle,C0,0,U0->U1->U2,1,True,818795ec93fcf595,2.2349559005066083e-16,0.25031853519143255,0.2737294663101307,0.023410931118698353,True,True,True,-0.023410931118698353,0.0,True
13,source_provenance_shuffle,C1,1,U1->U2->U3,-1,True,b90b5e364fa5e0ea,-2.7318686225647995e-16,-0.02537315971195017,-0.03309788048472177,-0.007724720772771875,True,True,True,0.007724720772771875,0.0,True
13,source_provenance_shuffle,C2,2,U2->U3->U4,1,True,d3fd9dc705c6059b,3.512645772297745e-16,-0.1694439521117105,-0.16129968362424238,0.008144268487468492,True,True,True,-0.008144268487468492,0.0,True
13,source_provenance_shuffle,C3,3,U3->U4->U5,-1,True,0d1c041ed3b40447,-1.153534636143471e-16,0.22159667922399787,0.21472814376998953,-0.006868535454008451,True,True,True,0.006868535454008451,0.0,True
13,source_provenance_shuffle,C4,4,U4->U5->U6,1,True,621cfbee6eab9f30,1.1246223186523272e-16,-0.16390012572499627,-0.16972559477154792,-0.00582546904655154,True,True,True,0.00582546904655154,0.0,True
13,source_provenance_shuffle,C5,5,U5->U6->U7,-1,True,782fa09ccf75a1e8,-2.2240934229970306e-16,0.0828880849369063,0.08536695909994915,0.002478874163042627,True,True,True,-0.002478874163042627,0.0,True
13,source_provenance_shuffle,C6,6,U6->U7->U8,1,True,135d099060a3645d,2.764899305687143e-16,-0.08518570734611297,-0.07394674525895281,0.011238962087160437,True,True,True,-0.011238962087160437,0.0,True
13,source_provenance_shuffle,C7,7,U7->U8->U9,-1,True,e2ba331edf8274d9,-1.6737096457010502e-16,0.1129838371141439,0.0928391052597604,-0.020144731854383674,True,True,True,0.020144731854383674,0.0,True
13,source_provenance_shuffle,C8,8,U8->U9->U10,1,True,4ca05b46f36f2a27,4.0842261631456734e-16,-0.08224847928952496,-0.07496433961224852,0.007284139677276841,True,True,True,-0.007284139677276841,0.0,True
13,source_provenance_shuffle,C9,9,U9->U10->U11,-1,True,e6d453c78de3578a,-3.377656820112522e-16,0.02779812976803094,0.02140944472740293,-0.006388685040628346,True,True,True,0.006388685040628346,0.0,True
13,source_provenance_shuffle,C10,10,U10->U11->U12,1,True,41c21a2fa921e6c8,1.174669034373689e-16,0.08240138285459221,0.07605268334513421,-0.006348699509457892,True,True,True,0.006348699509457892,0.0,True
13,source_provenance_shuffle,C11,11,U11->U12->U0,-1,True,6358e2203870fe01,-3.2070021848548876e-17,-0.24965020483507297,-0.24588790250511414,0.0037623023299588054,True,True,True,-0.0037623023299588054,0.0,True
13,source_provenance_shuffle,C12,12,U12->U0->U1,1,True,da4472915b50434b,2.2724455070895e-16,0.33271991804602474,0.3343830834055524,0.001663165359527874,True,True,True,-0.001663165359527874,0.0,True
13,support_shuffle,C0,0,U0->U1->U2,1,True,818795ec93fcf595,2.2349559005066083e-16,0.23939921693436603,0.2546123499317222,0.01521313299735641,True,True,True,-0.01521313299735641,0.0,True
13,support_shuffle,C1,1,U1->U2->U3,-1,True,b90b5e364fa5e0ea,-2.7318686225647995e-16,-0.02763966449648821,-0.023997922100980652,0.003641742395507283,True,True,True,-0.003641742395507283,0.0,True
13,support_shuffle,C2,2,U2->U3->U4,1,True,d3fd9dc705c6059b,3.512645772297745e-16,-0.15562568031055427,-0.154839952160282,0.0007857281502726132,True,True,True,-0.0007857281502726132,0.0,True
13,support_shuffle,C3,3,U3->U4->U5,-1,True,0d1c041ed3b40447,-1.153534636143471e-16,0.2132487995231023,0.21683683538282772,0.003588035859725308,True,True,True,-0.003588035859725308,0.0,True
13,support_shuffle,C4,4,U4->U5->U6,1,True,621cfbee6eab9f30,1.1246223186523272e-16,-0.15987768829649587,-0.16385944725060542,-0.003981758954109432,True,True,True,0.003981758954109432,0.0,True
13,support_shuffle,C5,5,U5->U6->U7,-1,True,782fa09ccf75a1e8,-2.2240934229970306e-16,0.08482075756775936,0.07955795870739973,-0.005262798860359852,True,True,True,0.005262798860359852,0.0,True
13,support_shuffle,C6,6,U6->U7->U8,1,True,135d099060a3645d,2.764899305687143e-16,-0.08845018568438952,-0.06896639274859794,0.01948379293579186,True,True,True,-0.01948379293579186,0.0,True
13,support_shuffle,C7,7,U7->U8->U9,-1,True,e2ba331edf8274d9,-1.6737096457010502e-16,0.11608238433768141,0.0940782556186927,-0.02200412871898888,True,True,True,0.02200412871898888,0.0,True
13,support_shuffle,C8,8,U8->U9->U10,1,True,4ca05b46f36f2a27,4.0842261631456734e-16,-0.08888474598247005,-0.08129285495321345,0.007591891029257003,True,True,True,-0.007591891029257003,0.0,True
13,support_shuffle,C9,9,U9->U10->U11,-1,True,e6d453c78de3578a,-3.377656820112522e-16,0.027632198653291872,0.020802020216517433,-0.006830178436774775,True,True,True,0.006830178436774775,0.0,True
13,support_shuffle,C10,10,U10->U11->U12,1,True,41c21a2fa921e6c8,1.174669034373689e-16,0.07874064475554972,0.0783301555207894,-0.00041048923476021126,True,True,True,0.00041048923476021126,0.0,True
13,support_shuffle,C11,11,U11->U12->U0,-1,True,6358e2203870fe01,-3.2070021848548876e-17,-0.23712908596682106,-0.2318260084878926,0.005303077478928442,True,True,True,-0.005303077478928442,0.0,True
13,support_shuffle,C12,12,U12->U0->U1,1,True,da4472915b50434b,2.2724455070895e-16,0.31813986168991576,0.3195760593895621,0.0014361976996465353,True,True,True,-0.0014361976996465353,0.0,True
13,transition_shuffle,C0,0,U0->U1->U2,1,True,818795ec93fcf595,0.038866317843943184,0.23939921693436603,0.2546187367147251,0.054085837624302274,True,True,True,-0.054085837624302274,0.0,True
13,transition_shuffle,C1,1,U1->U2->U3,-1,True,b90b5e364fa5e0ea,-0.04316000401596943,-0.02763966449648821,-0.023980262265421035,-0.03950060178490225,True,True,True,0.03950060178490225,0.0,True
13,transition_shuffle,C2,2,U2->U3->U4,1,True,d3fd9dc705c6059b,0.026754117826475438,-0.15562568031055427,-0.1548773023713939,0.027502495765635793,True,True,True,-0.027502495765635793,0.0,True
13,transition_shuffle,C3,3,U3->U4->U5,-1,True,0d1c041ed3b40447,-0.055624587760164976,0.2132487995231023,0.21686448989318394,-0.052008897390083325,True,True,True,0.052008897390083325,0.0,True
13,transition_shuffle,C4,4,U4->U5->U6,1,True,621cfbee6eab9f30,0.021071268720352785,-0.15987768829649587,-0.1638852337434722,0.017063723273376463,True,True,True,-0.017063723273376463,0.0,True
13,transition_shuffle,C5,5,U5->U6->U7,-1,True,782fa09ccf75a1e8,-0.12863437244614445,0.08482075756775936,0.07959693923894383,-0.13385819077495997,True,True,True,0.13385819077495997,0.0,True
13,transition_shuffle,C6,6,U6->U7->U8,1,True,135d099060a3645d,0.21398141273623467,-0.08845018568438952,-0.06893519242159565,0.23349640599902852,True,True,True,-0.23349640599902852,0.0,True
13,transition_shuffle,C7,7,U7->U8->U9,-1,True,e2ba331edf8274d9,-0.18113467449261683,0.11608238433768141,0.09398710017920776,-0.2032299586510905,True,True,True,0.2032299586510905,0.0,True
13,transition_shuffle,C8,8,U8->U9->U10,1,True,4ca05b46f36f2a27,0.05123609603351019,-0.08888474598247005,-0.08127149916014946,0.05884934285583078,True,True,True,-0.05884934285583078,0.0,True
13,transition_shuffle,C9,9,U9->U10->U11,-1,True,e6d453c78de3578a,-0.11851389685100965,0.027632198653291872,0.02084001709021624,-0.12530607841408528,True,True,True,0.12530607841408528,0.0,True
13,transition_shuffle,C10,10,U10->U11->U12,1,True,41c21a2fa921e6c8,0.21838226901811497,0.07874064475554972,0.07838500487737936,0.21802662913994464,True,True,True,-0.21802662913994464,0.0,True
13,transition_shuffle,C11,11,U11->U12->U0,-1,True,6358e2203870fe01,-0.18616976610375086,-0.23712908596682106,-0.23196561601378504,-0.18100629615071484,True,True,True,0.18100629615071484,0.0,True
13,transition_shuffle,C12,12,U12->U0->U1,1,True,da4472915b50434b,0.05865494839069265,0.31813986168991576,0.31965020828215374,0.060165294982930606,True,True,True,-0.060165294982930606,0.0,True
13,cocycle_break,C0,0,U0->U1->U2,1,True,818795ec93fcf595,0.04071591259604277,0.23939921693436603,0.2546523499317222,0.055969045593398936,True,True,True,-0.055969045593398936,0.0,True
13,cocycle_break,C1,1,U1->U2->U3,-1,True,b90b5e364fa5e0ea,-2.7318686225647995e-16,-0.02763966449648821,-0.023997922100980652,0.003641742395507283,True,True,True,-0.003641742395507283,0.0,True
13,cocycle_break,C2,2,U2->U3->U4,1,True,d3fd9dc705c6059b,3.512645772297745e-16,-0.15562568031055427,-0.154839952160282,0.0007857281502726132,True,True,True,-0.0007857281502726132,0.0,True
13,cocycle_break,C3,3,U3->U4->U5,-1,True,0d1c041ed3b40447,-1.153534636143471e-16,0.2132487995231023,0.21683683538282772,0.003588035859725308,True,True,True,-0.003588035859725308,0.0,True
13,cocycle_break,C4,4,U4->U5->U6,1,True,621cfbee6eab9f30,1.1246223186523272e-16,-0.15987768829649587,-0.16385944725060542,-0.003981758954109432,True,True,True,0.003981758954109432,0.0,True
13,cocycle_break,C5,5,U5->U6->U7,-1,True,782fa09ccf75a1e8,-2.2240934229970306e-16,0.08482075756775936,0.07955795870739973,-0.005262798860359852,True,True,True,0.005262798860359852,0.0,True
13,cocycle_break,C6,6,U6->U7->U8,1,True,135d099060a3645d,2.764899305687143e-16,-0.08845018568438952,-0.06896639274859794,0.01948379293579186,True,True,True,-0.01948379293579186,0.0,True
13,cocycle_break,C7,7,U7->U8->U9,-1,True,e2ba331edf8274d9,-1.6737096457010502e-16,0.11608238433768141,0.0940782556186927,-0.02200412871898888,True,True,True,0.02200412871898888,0.0,True
13,cocycle_break,C8,8,U8->U9->U10,1,True,4ca05b46f36f2a27,4.0842261631456734e-16,-0.08888474598247005,-0.08129285495321345,0.007591891029257003,True,True,True,-0.007591891029257003,0.0,True
13,cocycle_break,C9,9,U9->U10->U11,-1,True,e6d453c78de3578a,-3.377656820112522e-16,0.027632198653291872,0.020802020216517433,-0.006830178436774775,True,True,True,0.006830178436774775,0.0,True
13,cocycle_break,C10,10,U10->U11->U12,1,True,41c21a2fa921e6c8,1.174669034373689e-16,0.07874064475554972,0.0783301555207894,-0.00041048923476021126,True,True,True,0.00041048923476021126,0.0,True
13,cocycle_break,C11,11,U11->U12->U0,-1,True,6358e2203870fe01,-3.2070021848548876e-17,-0.23712908596682106,-0.2318260084878926,0.005303077478928442,True,True,True,-0.005303077478928442,0.0,True
13,cocycle_break,C12,12,U12->U0->U1,1,True,da4472915b50434b,0.04070432716822546,0.31813986168991576,0.31961605938956206,0.04218052486787177,True,True,True,-0.04218052486787177,0.0,True
13,source_current_shuffle,C0,0,U0->U1->U2,1,True,818795ec93fcf595,2.2349559005066083e-16,-0.15562568031055427,0.2546123499317222,0.4102380302422767,False,True,True,-0.4102380302422767,0.0,True
13,source_current_shuffle,C1,1,U1->U2->U3,-1,True,b90b5e364fa5e0ea,-2.7318686225647995e-16,0.2132487995231023,-0.023997922100980652,-0.23724672162408322,False,True,True,0.23724672162408322,0.0,True
13,source_current_shuffle,C2,2,U2->U3->U4,1,True,d3fd9dc705c6059b,3.512645772297745e-16,-0.15987768829649587,-0.154839952160282,0.0050377361362142214,False,True,True,-0.0050377361362142214,0.0,True
13,source_current_shuffle,C3,3,U3->U4->U5,-1,True,0d1c041ed3b40447,-1.153534636143471e-16,0.08482075756775936,0.21683683538282772,0.13201607781506824,False,True,True,-0.13201607781506824,0.0,True
13,source_current_shuffle,C4,4,U4->U5->U6,1,True,621cfbee6eab9f30,1.1246223186523272e-16,-0.08845018568438952,-0.16385944725060542,-0.07540926156621579,False,True,True,0.07540926156621579,0.0,True
13,source_current_shuffle,C5,5,U5->U6->U7,-1,True,782fa09ccf75a1e8,-2.2240934229970306e-16,0.11608238433768141,0.07955795870739973,-0.036524425630281895,False,True,True,0.036524425630281895,0.0,True
13,source_current_shuffle,C6,6,U6->U7->U8,1,True,135d099060a3645d,2.764899305687143e-16,-0.08888474598247005,-0.06896639274859794,0.019918353233872393,False,True,True,-0.019918353233872393,0.0,True
13,source_current_shuffle,C7,7,U7->U8->U9,-1,True,e2ba331edf8274d9,-1.6737096457010502e-16,0.027632198653291872,0.0940782556186927,0.06644605696540065,False,True,True,-0.06644605696540065,0.0,True
13,source_current_shuffle,C8,8,U8->U9->U10,1,True,4ca05b46f36f2a27,4.0842261631456734e-16,0.07874064475554972,-0.08129285495321345,-0.16003349970876277,False,True,True,0.16003349970876277,0.0,True
13,source_current_shuffle,C9,9,U9->U10->U11,-1,True,e6d453c78de3578a,-3.377656820112522e-16,-0.23712908596682106,0.020802020216517433,0.25793110618333814,False,True,True,-0.25793110618333814,0.0,True
13,source_current_shuffle,C10,10,U10->U11->U12,1,True,41c21a2fa921e6c8,1.174669034373689e-16,0.31813986168991576,0.0783301555207894,-0.23980970616912625,False,True,True,0.23980970616912625,0.0,True
13,source_current_shuffle,C11,11,U11->U12->U0,-1,True,6358e2203870fe01,-3.2070021848548876e-17,0.23939921693436603,-0.2318260084878926,-0.47122522542225864,False,True,True,0.47122522542225864,0.0,True
13,source_current_shuffle,C12,12,U12->U0->U1,1,True,da4472915b50434b,2.2724455070895e-16,-0.02763966449648821,0.3195760593895621,0.3472157238860505,False,True,True,-0.3472157238860505,0.0,True
13,boundary_pairing_shuffle,C0,0,U0->U1->U2,1,True,818795ec93fcf595,2.2349559005066083e-16,0.23939921693436603,-0.154839952160282,-0.39423916909464785,True,False,True,0.39423916909464785,0.0,True
13,boundary_pairing_shuffle,C1,1,U1->U2->U3,-1,True,b90b5e364fa5e0ea,-2.7318686225647995e-16,-0.02763966449648821,0.21683683538282772,0.24447649987931566,True,False,True,-0.24447649987931566,0.0,True
13,boundary_pairing_shuffle,C2,2,U2->U3->U4,1,True,d3fd9dc705c6059b,3.512645772297745e-16,-0.15562568031055427,-0.16385944725060542,-0.00823376694005079,True,False,True,0.00823376694005079,0.0,True
13,boundary_pairing_shuffle,C3,3,U3->U4->U5,-1,True,0d1c041ed3b40447,-1.153534636143471e-16,0.2132487995231023,0.07955795870739973,-0.13369084081570268,True,False,True,0.13369084081570268,0.0,True
13,boundary_pairing_shuffle,C4,4,U4->U5->U6,1,True,621cfbee6eab9f30,1.1246223186523272e-16,-0.15987768829649587,-0.06896639274859794,0.09091129554789805,True,False,True,-0.09091129554789805,0.0,True
13,boundary_pairing_shuffle,C5,5,U5->U6->U7,-1,True,782fa09ccf75a1e8,-2.2240934229970306e-16,0.08482075756775936,0.0940782556186927,0.009257498050933108,True,False,True,-0.009257498050933108,0.0,True
13,boundary_pairing_shuffle,C6,6,U6->U7->U8,1,True,135d099060a3645d,2.764899305687143e-16,-0.08845018568438952,-0.08129285495321345,0.007157330731176345,True,False,True,-0.007157330731176345,0.0,True
13,boundary_pairing_shuffle,C7,7,U7->U8->U9,-1,True,e2ba331edf8274d9,-1.6737096457010502e-16,0.11608238433768141,0.020802020216517433,-0.09528036412116414,True,False,True,0.09528036412116414,0.0,True
13,boundary_pairing_shuffle,C8,8,U8->U9->U10,1,True,4ca05b46f36f2a27,4.0842261631456734e-16,-0.08888474598247005,0.0783301555207894,0.16721490150325985,True,False,True,-0.16721490150325985,0.0,True
13,boundary_pairing_shuffle,C9,9,U9->U10->U11,-1,True,e6d453c78de3578a,-3.377656820112522e-16,0.027632198653291872,-0.2318260084878926,-0.2594582071411848,True,False,True,0.2594582071411848,0.0,True
13,boundary_pairing_shuffle,C10,10,U10->U11->U12,1,True,41c21a2fa921e6c8,1.174669034373689e-16,0.07874064475554972,0.3195760593895621,0.24083541463401248,True,False,True,-0.24083541463401248,0.0,True
13,boundary_pairing_shuffle,C11,11,U11->U12->U0,-1,True,6358e2203870fe01,-3.2070021848548876e-17,-0.23712908596682106,0.2546123499317222,0.49174143589854324,True,False,True,-0.49174143589854324,0.0,True
13,boundary_pairing_shuffle,C12,12,U12->U0->U1,1,True,da4472915b50434b,2.2724455070895e-16,0.31813986168991576,-0.023997922100980652,-0.3421377837908962,True,False,True,0.3421377837908962,0.0,True
13,W3_local_free_random,C0,0,U0->U1->U2,1,True,5923149d6f1935c8,2.2349559005066083e-16,0.23939921693436603,0.2510354390666804,0.011636222132314605,True,True,True,-0.011636222132314605,0.0,True
13,W3_local_free_random,C1,1,U1->U2->U3,-1,True,001a197eb91d78b0,-2.7318686225647995e-16,-0.02763966449648821,-0.03139152427462499,-0.003751859778137058,True,True,True,0.003751859778137058,0.0,True
13,W3_local_free_random,C2,2,U2->U3->U4,1,True,10cfc0224da77ec7,3.512645772297745e-16,-0.15562568031055427,-0.1618176676435138,-0.00619198733295917,True,True,True,0.00619198733295917,0.0,True
13,W3_local_free_random,C3,3,U3->U4->U5,-1,True,f65f03583302f7c0,-1.153534636143471e-16,0.2132487995231023,0.21995230235646226,0.006703502833359853,True,True,True,-0.006703502833359853,0.0,True
13,W3_local_free_random,C4,4,U4->U5->U6,1,True,8f1d9f6d980e2174,1.1246223186523272e-16,-0.15987768829649587,-0.15845344182288792,0.0014242464736080596,True,True,True,-0.0014242464736080596,0.0,True
13,W3_local_free_random,C5,5,U5->U6->U7,-1,True,82ec81b7386adf2d,-2.2240934229970306e-16,0.08482075756775936,0.07667104031214614,-0.008149717255613448,True,True,True,0.008149717255613448,0.0,True
13,W3_local_free_random,C6,6,U6->U7->U8,1,True,af55723d4d7d5c55,2.764899305687143e-16,-0.08845018568438952,-0.06605317630025971,0.022397009384130084,True,True,True,-0.022397009384130084,0.0,True
13,W3_local_free_random,C7,7,U7->U8->U9,-1,True,f2b166ab7d496533,-1.6737096457010502e-16,0.11608238433768141,0.10042290057562878,-0.015659483762052798,True,True,True,0.015659483762052798,0.0,True
13,W3_local_free_random,C8,8,U8->U9->U10,1,True,58029b18af8e0273,4.0842261631456734e-16,-0.08888474598247005,-0.08384165469058724,0.005043091291883212,True,True,True,-0.005043091291883212,0.0,True
13,W3_local_free_random,C9,9,U9->U10->U11,-1,True,f335649ff84c7912,-3.377656820112522e-16,0.027632198653291872,0.026279348533547582,-0.0013528501197446266,True,True,True,0.0013528501197446266,0.0,True
13,W3_local_free_random,C10,10,U10->U11->U12,1,True,bb1e8e29acda347d,1.174669034373689e-16,0.07874064475554972,0.08293077617557751,0.004190131420027901,True,True,True,-0.004190131420027901,0.0,True
13,W3_local_free_random,C11,11,U11->U12->U0,-1,True,95bd4a8623e8a997,-3.2070021848548876e-17,-0.23712908596682106,-0.23402247156976155,0.003106614397059476,True,True,True,-0.003106614397059476,0.0,True
13,W3_local_free_random,C12,12,U12->U0->U1,1,True,76d53d1f67ec6427,2.2724455070895e-16,0.31813986168991576,0.31652188563215433,-0.0016179760577612057,True,True,True,0.0016179760577612057,0.0,True
13,W3_adjacency_shuffle,C0,0,U0->U1->U2,1,True,818795ec93fcf595,2.2349559005066083e-16,0.23939921693436603,0.25755528864735194,0.018156071712986138,True,True,True,-0.018156071712986138,0.0,True
13,W3_adjacency_shuffle,C1,1,U1->U2->U3,-1,True,b90b5e364fa5e0ea,-2.7318686225647995e-16,-0.02763966449648821,-0.02428099268651948,0.003358671809968454,True,True,True,-0.003358671809968454,0.0,True
13,W3_adjacency_shuffle,C2,2,U2->U3->U4,1,True,d3fd9dc705c6059b,3.512645772297745e-16,-0.15562568031055427,-0.16045963039347105,-0.004833950082916427,True,True,True,0.004833950082916427,0.0,True
13,W3_adjacency_shuffle,C3,3,U3->U4->U5,-1,True,0d1c041ed3b40447,-1.153534636143471e-16,0.2132487995231023,0.21808071031717935,0.004831910794076938,True,True,True,-0.004831910794076938,0.0,True
13,W3_adjacency_shuffle,C4,4,U4->U5->U6,1,True,621cfbee6eab9f30,1.1246223186523272e-16,-0.15987768829649587,-0.16078055636222818,-0.0009028680657321986,True,True,True,0.0009028680657321986,0.0,True
13,W3_adjacency_shuffle,C5,5,U5->U6->U7,-1,True,782fa09ccf75a1e8,-2.2240934229970306e-16,0.08482075756775936,0.0728801707028696,-0.011940586864889982,True,True,True,0.011940586864889982,0.0,True
13,W3_adjacency_shuffle,C6,6,U6->U7->U8,1,True,135d099060a3645d,2.764899305687143e-16,-0.08845018568438952,-0.06902756836210379,0.019422617322286007,True,True,True,-0.019422617322286007,0.0,True
13,W3_adjacency_shuffle,C7,7,U7->U8->U9,-1,True,e2ba331edf8274d9,-1.6737096457010502e-16,0.11608238433768141,0.0953315212969484,-0.020750863040733175,True,True,True,0.020750863040733175,0.0,True
13,W3_adjacency_shuffle,C8,8,U8->U9->U10,1,True,4ca05b46f36f2a27,4.0842261631456734e-16,-0.08888474598247005,-0.08498795219708657,0.0038967937853838786,True,True,True,-0.0038967937853838786,0.0,True
13,W3_adjacency_shuffle,C9,9,U9->U10->U11,-1,True,e6d453c78de3578a,-3.377656820112522e-16,0.027632198653291872,0.021551710510423178,-0.006080488142869031,True,True,True,0.006080488142869031,0.0,True
13,W3_adjacency_shuffle,C10,10,U10->U11->U12,1,True,41c21a2fa921e6c8,1.174669034373689e-16,0.07874064475554972,0.07827777738863059,-0.00046286736691901476,True,True,True,0.00046286736691901476,0.0,True
13,W3_adjacency_shuffle,C11,11,U11->U12->U0,-1,True,6358e2203870fe01,-3.2070021848548876e-17,-0.23712908596682106,-0.2293517900385046,0.007777295928316441,True,True,True,-0.007777295928316441,0.0,True
13,W3_adjacency_shuffle,C12,12,U12->U0->U1,1,True,da4472915b50434b,2.2724455070895e-16,0.31813986168991576,0.32174274977411405,0.003602888084198508,True,True,True,-0.003602888084198508,0.0,True
13,W3_provenance_shuffle,C0,0,U0->U1->U2,1,True,818795ec93fcf595,2.2349559005066083e-16,0.23939921693436603,0.25561005577584855,0.01621083884148275,True,True,True,-0.01621083884148275,0.0,True
13,W3_provenance_shuffle,C1,1,U1->U2->U3,-1,True,b90b5e364fa5e0ea,-2.7318686225647995e-16,-0.02763966449648821,-0.027687416150890244,-4.7751654402308774e-05,True,True,True,4.7751654402308774e-05,0.0,True
13,W3_provenance_shuffle,C2,2,U2->U3->U4,1,True,d3fd9dc705c6059b,3.512645772297745e-16,-0.15562568031055427,-0.15394485077720416,0.0016808295333504697,True,True,True,-0.0016808295333504697,0.0,True
13,W3_provenance_shuffle,C3,3,U3->U4->U5,-1,True,0d1c041ed3b40447,-1.153534636143471e-16,0.2132487995231023,0.2190202877949048,0.0057714882718023774,True,True,True,-0.0057714882718023774,0.0,True
13,W3_provenance_shuffle,C4,4,U4->U5->U6,1,True,621cfbee6eab9f30,1.1246223186523272e-16,-0.15987768829649587,-0.16629277116886038,-0.0064150828723643916,True,True,True,0.0064150828723643916,0.0,True
13,W3_provenance_shuffle,C5,5,U5->U6->U7,-1,True,782fa09ccf75a1e8,-2.2240934229970306e-16,0.08482075756775936,0.07628653906423474,-0.008534218503524843,True,True,True,0.008534218503524843,0.0,True
13,W3_provenance_shuffle,C6,6,U6->U7->U8,1,True,135d099060a3645d,2.764899305687143e-16,-0.08845018568438952,-0.07440438814006786,0.014045797544321934,True,True,True,-0.014045797544321934,0.0,True
13,W3_provenance_shuffle,C7,7,U7->U8->U9,-1,True,e2ba331edf8274d9,-1.6737096457010502e-16,0.11608238433768141,0.09404079763215117,-0.0220415867055304,True,True,True,0.0220415867055304,0.0,True
13,W3_provenance_shuffle,C8,8,U8->U9->U10,1,True,4ca05b46f36f2a27,4.0842261631456734e-16,-0.08888474598247005,-0.08846330700613297,0.0004214389763374793,True,True,True,-0.0004214389763374793,0.0,True
13,W3_provenance_shuffle,C9,9,U9->U10->U11,-1,True,e6d453c78de3578a,-3.377656820112522e-16,0.027632198653291872,0.014976899538829093,-0.012655299114463116,True,True,True,0.012655299114463116,0.0,True
13,W3_provenance_shuffle,C10,10,U10->U11->U12,1,True,41c21a2fa921e6c8,1.174669034373689e-16,0.07874064475554972,0.0809533911817118,0.0022127464261621904,True,True,True,-0.0022127464261621904,0.0,True
13,W3_provenance_shuffle,C11,11,U11->U12->U0,-1,True,6358e2203870fe01,-3.2070021848548876e-17,-0.23712908596682106,-0.23378971050972971,0.0033393754570913148,True,True,True,-0.0033393754570913148,0.0,True
13,W3_provenance_shuffle,C12,12,U12->U0->U1,1,True,da4472915b50434b,2.2724455070895e-16,0.31813986168991576,0.31749804589701536,-0.00064181579290018,True,True,True,0.00064181579290018,0.0,True
13,W3_subdivision_break,C0,0,U0->U1->U2,1,True,818795ec93fcf595,2.2349559005066083e-16,0.23939921693436603,0.250490964070863,0.011091747136497215,True,True,True,-0.011091747136497215,0.0,True
13,W3_subdivision_break,C1,1,U1->U2->U3,-1,True,b90b5e364fa5e0ea,-2.7318686225647995e-16,-0.02763966449648821,-0.023997922100980652,0.003641742395507283,True,True,True,-0.003641742395507283,0.0,True
13,W3_subdivision_break,C2,2,U2->U3->U4,1,True,d3fd9dc705c6059b,3.512645772297745e-16,-0.15562568031055427,-0.154839952160282,0.0007857281502726132,True,True,True,-0.0007857281502726132,0.0,True
13,W3_subdivision_break,C3,3,U3->U4->U5,-1,True,0d1c041ed3b40447,-1.153534636143471e-16,0.2132487995231023,0.21506486763494825,0.0018160681118458422,True,True,True,-0.0018160681118458422,0.0,True
13,W3_subdivision_break,C4,4,U4->U5->U6,1,True,621cfbee6eab9f30,1.1246223186523272e-16,-0.15987768829649587,-0.16385944725060542,-0.003981758954109432,True,True,True,0.003981758954109432,0.0,True
13,W3_subdivision_break,C5,5,U5->U6->U7,-1,True,782fa09ccf75a1e8,-2.2240934229970306e-16,0.08482075756775936,0.07955795870739973,-0.005262798860359852,True,True,True,0.005262798860359852,0.0,True
13,W3_subdivision_break,C6,6,U6->U7->U8,1,True,135d099060a3645d,2.764899305687143e-16,-0.08845018568438952,-0.07083895150020364,0.017611234184186156,True,True,True,-0.017611234184186156,0.0,True
13,W3_subdivision_break,C7,7,U7->U8->U9,-1,True,e2ba331edf8274d9,-1.6737096457010502e-16,0.11608238433768141,0.0940782556186927,-0.02200412871898888,True,True,True,0.02200412871898888,0.0,True
13,W3_subdivision_break,C8,8,U8->U9->U10,1,True,4ca05b46f36f2a27,4.0842261631456734e-16,-0.08888474598247005,-0.08129285495321345,0.007591891029257003,True,True,True,-0.007591891029257003,0.0,True
13,W3_subdivision_break,C9,9,U9->U10->U11,-1,True,e6d453c78de3578a,-3.377656820112522e-16,0.027632198653291872,0.018209417412898873,-0.009422781240393335,True,True,True,0.009422781240393335,0.0,True
13,W3_subdivision_break,C10,10,U10->U11->U12,1,True,41c21a2fa921e6c8,1.174669034373689e-16,0.07874064475554972,0.0783301555207894,-0.00041048923476021126,True,True,True,0.00041048923476021126,0.0,True
13,W3_subdivision_break,C11,11,U11->U12->U0,-1,True,6358e2203870fe01,-3.2070021848548876e-17,-0.23712908596682106,-0.2318260084878926,0.005303077478928442,True,True,True,-0.005303077478928442,0.0,True
13,W3_subdivision_break,C12,12,U12->U0->U1,1,True,da4472915b50434b,2.2724455070895e-16,0.31813986168991576,0.321988546709536,0.0038486850196204903,True,True,True,-0.0038486850196204903,0.0,True
13,W3_coarse_fine_break,C0,0,U0->U1->U2,1,True,818795ec93fcf595,2.2349559005066083e-16,0.23939921693436603,0.2546123499317222,0.01521313299735641,True,True,True,-0.01521313299735641,0.0,True
13,W3_coarse_fine_break,C1,1,U1->U2->U3,-1,True,b90b5e364fa5e0ea,-2.7318686225647995e-16,-0.02763966449648821,-0.019211686768527022,0.008427977727960913,True,True,True,-0.008427977727960913,0.0,True
13,W3_coarse_fine_break,C2,2,U2->U3->U4,1,True,d3fd9dc705c6059b,3.512645772297745e-16,-0.15562568031055427,-0.154839952160282,0.0007857281502726132,True,True,True,-0.0007857281502726132,0.0,True
13,W3_coarse_fine_break,C3,3,U3->U4->U5,-1,True,0d1c041ed3b40447,-1.153534636143471e-16,0.2132487995231023,0.21683683538282772,0.003588035859725308,True,True,True,-0.003588035859725308,0.0,True
13,W3_coarse_fine_break,C4,4,U4->U5->U6,1,True,621cfbee6eab9f30,1.1246223186523272e-16,-0.15987768829649587,-0.16385944725060542,-0.003981758954109432,True,True,True,0.003981758954109432,0.0,True
13,W3_coarse_fine_break,C5,5,U5->U6->U7,-1,True,782fa09ccf75a1e8,-2.2240934229970306e-16,0.08482075756775936,0.07685763533643165,-0.007963122231327932,True,True,True,0.007963122231327932,0.0,True
13,W3_coarse_fine_break,C6,6,U6->U7->U8,1,True,135d099060a3645d,2.764899305687143e-16,-0.08845018568438952,-0.06896639274859794,0.01948379293579186,True,True,True,-0.01948379293579186,0.0,True
13,W3_coarse_fine_break,C7,7,U7->U8->U9,-1,True,e2ba331edf8274d9,-1.6737096457010502e-16,0.11608238433768141,0.0940782556186927,-0.02200412871898888,True,True,True,0.02200412871898888,0.0,True
13,W3_coarse_fine_break,C8,8,U8->U9->U10,1,True,4ca05b46f36f2a27,4.0842261631456734e-16,-0.08888474598247005,-0.08129285495321345,0.007591891029257003,True,True,True,-0.007591891029257003,0.0,True
13,W3_coarse_fine_break,C9,9,U9->U10->U11,-1,True,e6d453c78de3578a,-3.377656820112522e-16,0.027632198653291872,0.018074212180343878,-0.00955798647294833,True,True,True,0.00955798647294833,0.0,True
13,W3_coarse_fine_break,C10,10,U10->U11->U12,1,True,41c21a2fa921e6c8,1.174669034373689e-16,0.07874064475554972,0.0783301555207894,-0.00041048923476021126,True,True,True,0.00041048923476021126,0.0,True
13,W3_coarse_fine_break,C11,11,U11->U12->U0,-1,True,6358e2203870fe01,-3.2070021848548876e-17,-0.23712908596682106,-0.2318260084878926,0.005303077478928442,True,True,True,-0.005303077478928442,0.0,True
13,W3_coarse_fine_break,C12,12,U12->U0->U1,1,True,da4472915b50434b,2.2724455070895e-16,0.31813986168991576,0.3195760593895621,0.0014361976996465353,True,True,True,-0.0014361976996465353,0.0,True
13,W3_basis_shuffle,C0,0,U0->U1->U2,1,True,d3fd9dc705c6059b,2.2349559005066083e-16,0.23939921693436603,0.2544937038651053,0.015094486930739476,True,True,True,-0.015094486930739476,0.0,True
13,W3_basis_shuffle,C1,1,U1->U2->U3,-1,True,0d1c041ed3b40447,-2.7318686225647995e-16,-0.02763966449648821,-0.026787716951256396,0.0008519475452315392,True,True,True,-0.0008519475452315392,0.0,True
13,W3_basis_shuffle,C2,2,U2->U3->U4,1,True,621cfbee6eab9f30,3.512645772297745e-16,-0.15562568031055427,-0.16155739191427762,-0.0059317116037229944,True,True,True,0.0059317116037229944,0.0,True
13,W3_basis_shuffle,C3,3,U3->U4->U5,-1,True,782fa09ccf75a1e8,-1.153534636143471e-16,0.2132487995231023,0.2168236419985183,0.003574842475415896,True,True,True,-0.003574842475415896,0.0,True
13,W3_basis_shuffle,C4,4,U4->U5->U6,1,True,135d099060a3645d,1.1246223186523272e-16,-0.15987768829649587,-0.16009917917846686,-0.00022149088197087607,True,True,True,0.00022149088197087607,0.0,True
13,W3_basis_shuffle,C5,5,U5->U6->U7,-1,True,e2ba331edf8274d9,-2.2240934229970306e-16,0.08482075756775936,0.07479614324581581,-0.010024614321943778,True,True,True,0.010024614321943778,0.0,True
13,W3_basis_shuffle,C6,6,U6->U7->U8,1,True,4ca05b46f36f2a27,2.764899305687143e-16,-0.08845018568438952,-0.0707247996555062,0.0177253860288836,True,True,True,-0.0177253860288836,0.0,True
13,W3_basis_shuffle,C7,7,U7->U8->U9,-1,True,e6d453c78de3578a,-1.6737096457010502e-16,0.11608238433768141,0.09412133999624622,-0.02196104434143535,True,True,True,0.02196104434143535,0.0,True
13,W3_basis_shuffle,C8,8,U8->U9->U10,1,True,41c21a2fa921e6c8,4.0842261631456734e-16,-0.08888474598247005,-0.08153659617554215,0.0073481498069283,True,True,True,-0.0073481498069283,0.0,True
13,W3_basis_shuffle,C9,9,U9->U10->U11,-1,True,6358e2203870fe01,-3.377656820112522e-16,0.027632198653291872,0.02874472788362649,0.0011125292303342804,True,True,True,-0.0011125292303342804,0.0,True
13,W3_basis_shuffle,C10,10,U10->U11->U12,1,True,da4472915b50434b,1.174669034373689e-16,0.07874064475554972,0.08398116011261489,0.005240515357065281,True,True,True,-0.005240515357065281,0.0,True
13,W3_basis_shuffle,C11,11,U11->U12->U0,-1,True,818795ec93fcf595,-3.2070021848548876e-17,-0.23712908596682106,-0.2391981685902115,-0.002069082623390478,True,True,True,0.002069082623390478,0.0,True
13,W3_basis_shuffle,C12,12,U12->U0->U1,1,True,b90b5e364fa5e0ea,2.2724455070895e-16,0.31813986168991576,0.3120518489216221,-0.00608801276829346,True,True,True,0.00608801276829346,0.0,True
13,W3_missing,C0,0,U0->U1->U2,1,False,MISSING,2.2349559005066083e-16,0.23939921693436603,nan,nan,True,True,True,nan,nan,False
13,W3_missing,C1,1,U1->U2->U3,-1,True,b90b5e364fa5e0ea,-2.7318686225647995e-16,-0.02763966449648821,-0.023997922100980652,0.003641742395507283,True,True,True,-0.003641742395507283,0.0,True
13,W3_missing,C2,2,U2->U3->U4,1,True,d3fd9dc705c6059b,3.512645772297745e-16,-0.15562568031055427,-0.154839952160282,0.0007857281502726132,True,True,True,-0.0007857281502726132,0.0,True
13,W3_missing,C3,3,U3->U4->U5,-1,False,MISSING,-1.153534636143471e-16,0.2132487995231023,nan,nan,True,True,True,nan,nan,False
13,W3_missing,C4,4,U4->U5->U6,1,True,621cfbee6eab9f30,1.1246223186523272e-16,-0.15987768829649587,-0.16385944725060542,-0.003981758954109432,True,True,True,0.003981758954109432,0.0,True
13,W3_missing,C5,5,U5->U6->U7,-1,True,782fa09ccf75a1e8,-2.2240934229970306e-16,0.08482075756775936,0.07955795870739973,-0.005262798860359852,True,True,True,0.005262798860359852,0.0,True
13,W3_missing,C6,6,U6->U7->U8,1,False,MISSING,2.764899305687143e-16,-0.08845018568438952,nan,nan,True,True,True,nan,nan,False
13,W3_missing,C7,7,U7->U8->U9,-1,True,e2ba331edf8274d9,-1.6737096457010502e-16,0.11608238433768141,0.0940782556186927,-0.02200412871898888,True,True,True,0.02200412871898888,0.0,True
13,W3_missing,C8,8,U8->U9->U10,1,True,4ca05b46f36f2a27,4.0842261631456734e-16,-0.08888474598247005,-0.08129285495321345,0.007591891029257003,True,True,True,-0.007591891029257003,0.0,True
13,W3_missing,C9,9,U9->U10->U11,-1,False,MISSING,-3.377656820112522e-16,0.027632198653291872,nan,nan,True,True,True,nan,nan,False
13,W3_missing,C10,10,U10->U11->U12,1,True,41c21a2fa921e6c8,1.174669034373689e-16,0.07874064475554972,0.0783301555207894,-0.00041048923476021126,True,True,True,0.00041048923476021126,0.0,True
13,W3_missing,C11,11,U11->U12->U0,-1,True,6358e2203870fe01,-3.2070021848548876e-17,-0.23712908596682106,-0.2318260084878926,0.005303077478928442,True,True,True,-0.005303077478928442,0.0,True
13,W3_missing,C12,12,U12->U0->U1,1,False,MISSING,2.2724455070895e-16,0.31813986168991576,nan,nan,True,True,True,nan,nan,False
13,solver_operator_shuffle,C0,0,U0->U1->U2,1,True,818795ec93fcf595,2.2349559005066083e-16,0.23939921693436603,0.2546123499317222,0.01521313299735641,True,True,False,-0.01521313299735641,0.0,True
13,solver_operator_shuffle,C1,1,U1->U2->U3,-1,True,b90b5e364fa5e0ea,-2.7318686225647995e-16,-0.02763966449648821,-0.023997922100980652,0.003641742395507283,True,True,False,-0.003641742395507283,0.0,True
13,solver_operator_shuffle,C2,2,U2->U3->U4,1,True,d3fd9dc705c6059b,3.512645772297745e-16,-0.15562568031055427,-0.154839952160282,0.0007857281502726132,True,True,False,-0.0007857281502726132,0.0,True
13,solver_operator_shuffle,C3,3,U3->U4->U5,-1,True,0d1c041ed3b40447,-1.153534636143471e-16,0.2132487995231023,0.21683683538282772,0.003588035859725308,True,True,False,-0.003588035859725308,0.0,True
13,solver_operator_shuffle,C4,4,U4->U5->U6,1,True,621cfbee6eab9f30,1.1246223186523272e-16,-0.15987768829649587,-0.16385944725060542,-0.003981758954109432,True,True,False,0.003981758954109432,0.0,True
13,solver_operator_shuffle,C5,5,U5->U6->U7,-1,True,782fa09ccf75a1e8,-2.2240934229970306e-16,0.08482075756775936,0.07955795870739973,-0.005262798860359852,True,True,False,0.005262798860359852,0.0,True
13,solver_operator_shuffle,C6,6,U6->U7->U8,1,True,135d099060a3645d,2.764899305687143e-16,-0.08845018568438952,-0.06896639274859794,0.01948379293579186,True,True,False,-0.01948379293579186,0.0,True
13,solver_operator_shuffle,C7,7,U7->U8->U9,-1,True,e2ba331edf8274d9,-1.6737096457010502e-16,0.11608238433768141,0.0940782556186927,-0.02200412871898888,True,True,False,0.02200412871898888,0.0,True
13,solver_operator_shuffle,C8,8,U8->U9->U10,1,True,4ca05b46f36f2a27,4.0842261631456734e-16,-0.08888474598247005,-0.08129285495321345,0.007591891029257003,True,True,False,-0.007591891029257003,0.0,True
13,solver_operator_shuffle,C9,9,U9->U10->U11,-1,True,e6d453c78de3578a,-3.377656820112522e-16,0.027632198653291872,0.020802020216517433,-0.006830178436774775,True,True,False,0.006830178436774775,0.0,True
13,solver_operator_shuffle,C10,10,U10->U11->U12,1,True,41c21a2fa921e6c8,1.174669034373689e-16,0.07874064475554972,0.0783301555207894,-0.00041048923476021126,True,True,False,0.00041048923476021126,0.0,True
13,solver_operator_shuffle,C11,11,U11->U12->U0,-1,True,6358e2203870fe01,-3.2070021848548876e-17,-0.23712908596682106,-0.2318260084878926,0.005303077478928442,True,True,False,-0.005303077478928442,0.0,True
13,solver_operator_shuffle,C12,12,U12->U0->U1,1,True,da4472915b50434b,2.2724455070895e-16,0.31813986168991576,0.3195760593895621,0.0014361976996465353,True,True,False,-0.0014361976996465353,0.0,True
17,valid,C0,0,U0->U1->U2,1,True,a328b447829e6c99,5.979592014024145e-17,0.25212007022853533,0.2685111946522891,0.016391124423753844,True,True,True,-0.016391124423753844,0.0,True
17,valid,C1,1,U1->U2->U3,-1,True,4ed5fae64e59337d,-1.628222054456958e-16,-0.08295392510442771,-0.09069448381759886,-0.007740558713171308,True,True,True,0.007740558713171308,0.0,True
17,valid,C2,2,U2->U3->U4,1,True,4df672b2984cfa7a,1.1115063668351698e-16,-0.05300129207062961,-0.04507452076111692,0.007926771309512803,True,True,True,-0.007926771309512803,0.0,True
17,valid,C3,3,U3->U4->U5,-1,True,e983ec8d5e598bba,-1.6115209566228507e-16,0.16823247493161428,0.16071052259052745,-0.00752195234108699,True,True,True,0.00752195234108699,0.0,True
17,valid,C4,4,U4->U5->U6,1,True,d8cfb56ab69f50c1,1.135532623751774e-16,-0.22114615042887942,-0.20714189221429877,0.014004258214580761,True,True,True,-0.014004258214580761,0.0,True
17,valid,C5,5,U5->U6->U7,-1,True,c339074d5efa7610,-2.490461666591392e-16,0.1681448583582498,0.16030252943230483,-0.007842328925945219,True,True,True,0.007842328925945219,0.0,True
17,valid,C6,6,U6->U7->U8,1,True,c7eb747cca7f2b95,2.492242401826534e-16,-0.05291367549726513,-0.04177671289843321,0.011136962598832172,True,True,True,-0.011136962598832172,0.0,True
17,valid,C7,7,U7->U8->U9,-1,True,61feacaa33683df7,-2.5004186224107887e-16,6.310601400966766e-18,-0.01127277958170648,-0.011272779581706737,True,True,True,0.011272779581706737,0.0,True
17,valid,C8,8,U8->U9->U10,1,True,f37960d89c386b8c,1.6370106016256516e-16,-0.027663950423299277,-0.015802116866803002,0.011861833556496438,True,True,True,-0.011861833556496438,0.0,True
17,valid,C9,9,U9->U10->U11,-1,True,748a808a51486dfa,-2.2694505881985513e-16,0.08895976783143979,0.08210906760550032,-0.006850700225939685,True,True,True,0.006850700225939685,0.0,True
17,valid,C10,10,U10->U11->U12,1,True,b08826aae789ff51,3.882809299816753e-16,-0.11693437156110065,-0.1088253325666406,0.00810903899446043,True,True,True,-0.00810903899446043,0.0,True
17,valid,C11,11,U11->U12->U13,-1,True,eb3dd30cd80b09c8,-2.486376974384547e-16,0.08927042113780137,0.0721392757689728,-0.017131145368828815,True,True,True,0.017131145368828815,0.0,True
17,valid,C12,12,U12->U13->U14,1,True,559d739d392e7515,5.096686151433717e-16,-0.02797460372966085,-0.017825128770641904,0.010149474959019456,True,True,True,-0.010149474959019456,0.0,True
17,valid,C13,13,U13->U14->U15,-1,True,63af6489ebcaa7d4,-2.49297760728671e-16,6.4582501374283946e-18,-0.003565487983092578,-0.0035654879830928337,True,True,True,0.0035654879830928337,0.0,True
17,valid,C14,14,U14->U15->U16,1,True,29b931e8bb05617f,2.568240148139324e-16,0.07751090852758077,0.07693402105071973,-0.0005768874768607851,True,True,True,0.0005768874768607851,0.0,True
17,valid,C15,15,U15->U16->U0,-1,True,dad51e9284ecf17f,-1.6763674739513422e-16,-0.24667705365168838,-0.248151583961466,-0.0014745303097777884,True,True,True,0.0014745303097777884,0.0,True
17,valid,C16,16,U16->U0->U1,1,True,d3674ac0e0c6d995,1.2386291444837084e-16,0.3296309787561161,0.3383492067405873,0.00871822798447136,True,True,True,-0.00871822798447136,0.0,True
17,genesis_root_break,C0,0,U0->U1->U2,1,True,a328b447829e6c99,5.979592014024145e-17,0.25212007022853533,0.2685111946522891,0.016391124423753844,True,True,True,-0.016391124423753844,0.0,True
17,genesis_root_break,C1,1,U1->U2->U3,-1,True,4ed5fae64e59337d,-1.628222054456958e-16,-0.08295392510442771,-0.09069448381759886,-0.007740558713171308,True,True,True,0.007740558713171308,0.0,True
17,genesis_root_break,C2,2,U2->U3->U4,1,True,4df672b2984cfa7a,1.1115063668351698e-16,-0.05300129207062961,-0.04507452076111692,0.007926771309512803,True,True,True,-0.007926771309512803,0.0,True
17,genesis_root_break,C3,3,U3->U4->U5,-1,True,e983ec8d5e598bba,-1.6115209566228507e-16,0.16823247493161428,0.16071052259052745,-0.00752195234108699,True,True,True,0.00752195234108699,0.0,True
17,genesis_root_break,C4,4,U4->U5->U6,1,True,d8cfb56ab69f50c1,1.135532623751774e-16,-0.22114615042887942,-0.20714189221429877,0.014004258214580761,True,True,True,-0.014004258214580761,0.0,True
17,genesis_root_break,C5,5,U5->U6->U7,-1,True,c339074d5efa7610,-2.490461666591392e-16,0.1681448583582498,0.16030252943230483,-0.007842328925945219,True,True,True,0.007842328925945219,0.0,True
17,genesis_root_break,C6,6,U6->U7->U8,1,True,c7eb747cca7f2b95,2.492242401826534e-16,-0.05291367549726513,-0.04177671289843321,0.011136962598832172,True,True,True,-0.011136962598832172,0.0,True
17,genesis_root_break,C7,7,U7->U8->U9,-1,True,61feacaa33683df7,-2.5004186224107887e-16,6.310601400966766e-18,-0.01127277958170648,-0.011272779581706737,True,True,True,0.011272779581706737,0.0,True
17,genesis_root_break,C8,8,U8->U9->U10,1,True,f37960d89c386b8c,1.6370106016256516e-16,-0.027663950423299277,-0.015802116866803002,0.011861833556496438,True,True,True,-0.011861833556496438,0.0,True
17,genesis_root_break,C9,9,U9->U10->U11,-1,True,748a808a51486dfa,-2.2694505881985513e-16,0.08895976783143979,0.08210906760550032,-0.006850700225939685,True,True,True,0.006850700225939685,0.0,True
17,genesis_root_break,C10,10,U10->U11->U12,1,True,b08826aae789ff51,3.882809299816753e-16,-0.11693437156110065,-0.1088253325666406,0.00810903899446043,True,True,True,-0.00810903899446043,0.0,True
17,genesis_root_break,C11,11,U11->U12->U13,-1,True,eb3dd30cd80b09c8,-2.486376974384547e-16,0.08927042113780137,0.0721392757689728,-0.017131145368828815,True,True,True,0.017131145368828815,0.0,True
17,genesis_root_break,C12,12,U12->U13->U14,1,True,559d739d392e7515,5.096686151433717e-16,-0.02797460372966085,-0.017825128770641904,0.010149474959019456,True,True,True,-0.010149474959019456,0.0,True
17,genesis_root_break,C13,13,U13->U14->U15,-1,True,63af6489ebcaa7d4,-2.49297760728671e-16,6.4582501374283946e-18,-0.003565487983092578,-0.0035654879830928337,True,True,True,0.0035654879830928337,0.0,True
17,genesis_root_break,C14,14,U14->U15->U16,1,True,29b931e8bb05617f,2.568240148139324e-16,0.07751090852758077,0.07693402105071973,-0.0005768874768607851,True,True,True,0.0005768874768607851,0.0,True
17,genesis_root_break,C15,15,U15->U16->U0,-1,True,dad51e9284ecf17f,-1.6763674739513422e-16,-0.24667705365168838,-0.248151583961466,-0.0014745303097777884,True,True,True,0.0014745303097777884,0.0,True
17,genesis_root_break,C16,16,U16->U0->U1,1,True,d3674ac0e0c6d995,1.2386291444837084e-16,0.3296309787561161,0.3383492067405873,0.00871822798447136,True,True,True,-0.00871822798447136,0.0,True
17,retained_order_shuffle,C0,0,U0->U1->U2,1,True,a328b447829e6c99,5.979592014024145e-17,0.25516992796117527,0.27023458743024015,0.015064659469064934,True,True,True,-0.015064659469064934,0.0,True
17,retained_order_shuffle,C1,1,U1->U2->U3,-1,True,4ed5fae64e59337d,-1.628222054456958e-16,-0.08360167621026582,-0.09531183647803151,-0.011710160267765862,True,True,True,0.011710160267765862,0.0,True
17,retained_order_shuffle,C2,2,U2->U3->U4,1,True,4df672b2984cfa7a,1.1115063668351698e-16,-0.056181705182811216,-0.0447250847550944,0.011456620427716925,True,True,True,-0.011456620427716925,0.0,True
17,retained_order_shuffle,C3,3,U3->U4->U5,-1,True,e983ec8d5e598bba,-1.6115209566228507e-16,0.16972592331806816,0.1597698246553491,-0.00995609866271921,True,True,True,0.00995609866271921,0.0,True
17,retained_order_shuffle,C4,4,U4->U5->U6,1,True,d8cfb56ab69f50c1,1.135532623751774e-16,-0.22078924068089353,-0.20836932158004948,0.012419919100844168,True,True,True,-0.012419919100844168,0.0,True
17,retained_order_shuffle,C5,5,U5->U6->U7,-1,True,c339074d5efa7610,-2.490461666591392e-16,0.1646075354980823,0.15940757711268647,-0.005199958385396081,True,True,True,0.005199958385396081,0.0,True
17,retained_order_shuffle,C6,6,U6->U7->U8,1,True,c7eb747cca7f2b95,2.492242401826534e-16,-0.05106331736282535,-0.04266981623972463,0.008393501123100972,True,True,True,-0.008393501123100972,0.0,True
17,retained_order_shuffle,C7,7,U7->U8->U9,-1,True,61feacaa33683df7,-2.5004186224107887e-16,6.548410159265195e-18,-0.0079758957907685,-0.007975895790768756,True,True,True,0.007975895790768756,0.0,True
17,retained_order_shuffle,C8,8,U8->U9->U10,1,True,f37960d89c386b8c,1.6370106016256516e-16,-0.02893938878406266,-0.020429506938831304,0.008509881845231517,True,True,True,-0.008509881845231517,0.0,True
17,retained_order_shuffle,C9,9,U9->U10->U11,-1,True,748a808a51486dfa,-2.2694505881985513e-16,0.09035627709736861,0.08694714202152129,-0.003409135075847544,True,True,True,0.003409135075847544,0.0,True
17,retained_order_shuffle,C10,10,U10->U11->U12,1,True,b08826aae789ff51,3.882809299816753e-16,-0.11827906935739142,-0.11505988282532766,0.0032191865320641555,True,True,True,-0.0032191865320641555,0.0,True
17,retained_order_shuffle,C11,11,U11->U12->U13,-1,True,eb3dd30cd80b09c8,-2.486376974384547e-16,0.08933968057332879,0.07780187464942898,-0.011537805923900066,True,True,True,0.011537805923900066,0.0,True
17,retained_order_shuffle,C12,12,U12->U13->U14,1,True,559d739d392e7515,5.096686151433717e-16,-0.02792279226002282,-0.020746162337628504,0.0071766299223948275,True,True,True,-0.0071766299223948275,0.0,True
17,retained_order_shuffle,C13,13,U13->U14->U15,-1,True,63af6489ebcaa7d4,-2.49297760728671e-16,6.56507989982242e-18,-0.0021954629854903703,-0.002195462985490626,True,True,True,0.002195462985490626,0.0,True
17,retained_order_shuffle,C14,14,U14->U15->U16,1,True,29b931e8bb05617f,2.568240148139324e-16,0.08543129035262133,0.0906576074515767,0.00522631709895563,True,True,True,-0.00522631709895563,0.0,True
17,retained_order_shuffle,C15,15,U15->U16->U0,-1,True,dad51e9284ecf17f,-1.6763674739513422e-16,-0.25699954210353076,-0.26598865822073486,-0.008989116117204266,True,True,True,0.008989116117204266,0.0,True
17,retained_order_shuffle,C16,16,U16->U0->U1,1,True,d3674ac0e0c6d995,1.2386291444837084e-16,0.3406012183137966,0.3556153955976534,0.015014177283856955,True,True,True,-0.015014177283856955,0.0,True
17,source_value_shuffle,C0,0,U0->U1->U2,1,True,a328b447829e6c99,5.979592014024145e-17,-0.05288230004056003,-0.03649117561680621,0.01639112442375388,True,True,True,-0.01639112442375388,0.0,True
17,source_value_shuffle,C1,1,U1->U2->U3,-1,True,4ed5fae64e59337d,-1.628222054456958e-16,0.158322718998376,0.15058216028520482,-0.007740558713171336,True,True,True,0.007740558713171336,0.0,True
17,source_value_shuffle,C2,2,U2->U3->U4,1,True,4df672b2984cfa7a,1.1115063668351698e-16,-0.21132401106900559,-0.20339723975949292,0.007926771309512776,True,True,True,-0.007926771309512776,0.0,True
17,source_value_shuffle,C3,3,U3->U4->U5,-1,True,e983ec8d5e598bba,-1.6115209566228507e-16,0.15844171102844556,0.15091975868735874,-0.00752195234108699,True,True,True,0.00752195234108699,0.0,True
17,source_value_shuffle,C4,4,U4->U5->U6,1,True,d8cfb56ab69f50c1,1.135532623751774e-16,-0.05300129207062961,-0.03899703385604895,0.014004258214580775,True,True,True,-0.014004258214580775,0.0,True
17,source_value_shuffle,C5,5,U5->U6->U7,-1,True,c339074d5efa7610,-2.490461666591392e-16,6.471861072365183e-18,-0.007842328925944966,-0.00784232892594522,True,True,True,0.00784232892594522,0.0,True
17,source_value_shuffle,C6,6,U6->U7->U8,1,True,c7eb747cca7f2b95,2.492242401826534e-16,-0.029390687184556594,-0.01825372458572467,0.011136962598832175,True,True,True,-0.011136962598832175,0.0,True
17,source_value_shuffle,C7,7,U7->U8->U9,-1,True,61feacaa33683df7,-2.5004186224107887e-16,0.08531964951901823,0.07404686993731174,-0.011272779581706735,True,True,True,0.011272779581706735,0.0,True
17,source_value_shuffle,C8,8,U8->U9->U10,1,True,f37960d89c386b8c,1.6370106016256516e-16,-0.1129835999423175,-0.10112176638582124,0.011861833556496434,True,True,True,-0.011861833556496434,0.0,True
17,source_value_shuffle,C9,9,U9->U10->U11,-1,True,748a808a51486dfa,-2.2694505881985513e-16,0.08359291275776091,0.07674221253182145,-0.006850700225939685,True,True,True,0.006850700225939685,0.0,True
17,source_value_shuffle,C10,10,U10->U11->U12,1,True,b08826aae789ff51,3.882809299816753e-16,-0.027663950423299274,-0.01955491142883923,0.008109038994460433,True,True,True,-0.008109038994460433,0.0,True
17,source_value_shuffle,C11,11,U11->U12->U13,-1,True,eb3dd30cd80b09c8,-2.486376974384547e-16,6.415567975326971e-18,-0.01713114536882856,-0.017131145368828815,True,True,True,0.017131145368828815,0.0,True
17,source_value_shuffle,C12,12,U12->U13->U14,1,True,559d739d392e7515,5.096686151433717e-16,0.08895966479728595,0.09910913975630489,0.010149474959019453,True,True,True,-0.010149474959019453,0.0,True
17,source_value_shuffle,C13,13,U13->U14->U15,-1,True,63af6489ebcaa7d4,-2.49297760728671e-16,-0.24929391781702118,-0.25285940580011373,-0.0035654879830928077,True,True,True,0.0035654879830928077,0.0,True
17,source_value_shuffle,C14,14,U14->U15->U16,1,True,29b931e8bb05617f,2.568240148139324e-16,0.32680482634460195,0.32622793886774093,-0.0005768874768607435,True,True,True,0.0005768874768607435,0.0,True
17,source_value_shuffle,C15,15,U15->U16->U0,-1,True,dad51e9284ecf17f,-1.6763674739513422e-16,-0.23784516154731603,-0.23931969185709365,-0.0014745303097777884,True,True,True,0.0014745303097777884,0.0,True
17,source_value_shuffle,C16,16,U16->U0->U1,1,True,d3674ac0e0c6d995,1.2386291444837084e-16,0.07751090852758077,0.08622913651205205,0.008718227984471402,True,True,True,-0.008718227984471402,0.0,True
17,source_provenance_shuffle,C0,0,U0->U1->U2,1,True,a328b447829e6c99,5.979592014024145e-17,0.2533636845277016,0.27216918423136854,0.018805499703667017,True,True,True,-0.018805499703667017,0.0,True
17,source_provenance_shuffle,C1,1,U1->U2->U3,-1,True,4ed5fae64e59337d,-1.628222054456958e-16,-0.08906806648761817,-0.1071519966017891,-0.0180839301141711,True,True,True,0.0180839301141711,0.0,True
17,source_provenance_shuffle,C2,2,U2->U3->U4,1,True,4df672b2984cfa7a,1.1115063668351698e-16,-0.05795821996833525,-0.044311385223808064,0.013646834744527298,True,True,True,-0.013646834744527298,0.0,True
17,source_provenance_shuffle,C3,3,U3->U4->U5,-1,True,e983ec8d5e598bba,-1.6115209566228507e-16,0.16846698415130265,0.16102586221742382,-0.007441121933878997,True,True,True,0.007441121933878997,0.0,True
17,source_provenance_shuffle,C4,4,U4->U5->U6,1,True,d8cfb56ab69f50c1,1.135532623751774e-16,-0.22543958622813945,-0.21949058201701827,0.005949004211121295,True,True,True,-0.005949004211121295,0.0,True
17,source_provenance_shuffle,C5,5,U5->U6->U7,-1,True,c339074d5efa7610,-2.490461666591392e-16,0.16748136625980423,0.17142085851214242,0.003939492252337945,True,True,True,-0.003939492252337945,0.0,True
17,source_provenance_shuffle,C6,6,U6->U7->U8,1,True,c7eb747cca7f2b95,2.492242401826534e-16,-0.056972602076836805,-0.056650776881531736,0.00032182519530531833,True,True,True,-0.00032182519530531833,0.0,True
17,source_provenance_shuffle,C7,7,U7->U8->U9,-1,True,61feacaa33683df7,-2.5004186224107887e-16,6.635409363027747e-18,-0.003759558119621911,-0.0037595581196221677,True,True,True,0.0037595581196221677,0.0,True
17,source_provenance_shuffle,C8,8,U8->U9->U10,1,True,f37960d89c386b8c,1.6370106016256516e-16,-0.031068725799079756,-0.02547223186703681,0.00559649393204311,True,True,True,-0.00559649393204311,0.0,True
17,source_provenance_shuffle,C9,9,U9->U10->U11,-1,True,748a808a51486dfa,-2.2694505881985513e-16,0.09342081346901826,0.09185393631709865,-0.0015668771519198321,True,True,True,0.0015668771519198321,0.0,True
17,source_provenance_shuffle,C10,10,U10->U11->U12,1,True,b08826aae789ff51,3.882809299816753e-16,-0.12086364335457513,-0.12399638733953078,-0.0031327439849552635,True,True,True,0.0031327439849552635,0.0,True
17,source_provenance_shuffle,C11,11,U11->U12->U13,-1,True,eb3dd30cd80b09c8,-2.486376974384547e-16,0.08979491755549539,0.07794783592298342,-0.011847081632512219,True,True,True,0.011847081632512219,0.0,True
17,source_provenance_shuffle,C12,12,U12->U13->U14,1,True,559d739d392e7515,5.096686151433717e-16,-0.02744282988555687,-0.01974732709259709,0.007695502792960291,True,True,True,-0.007695502792960291,0.0,True
17,source_provenance_shuffle,C13,13,U13->U14->U15,-1,True,63af6489ebcaa7d4,-2.49297760728671e-16,6.312986408591333e-18,-0.005966865316529526,-0.005966865316529782,True,True,True,0.005966865316529782,0.0,True
17,source_provenance_shuffle,C14,14,U14->U15->U16,1,True,29b931e8bb05617f,2.568240148139324e-16,0.08809314431035849,0.09549279910730649,0.007399654796948263,True,True,True,-0.007399654796948263,0.0,True
17,source_provenance_shuffle,C15,15,U15->U16->U0,-1,True,dad51e9284ecf17f,-1.6763674739513422e-16,-0.2523887623504419,-0.2594987437970795,-0.00710998144663777,True,True,True,0.00710998144663777,0.0,True
17,source_provenance_shuffle,C16,16,U16->U0->U1,1,True,d3674ac0e0c6d995,1.2386291444837084e-16,0.34145682883806,0.3568820495957946,0.015425220757734726,True,True,True,-0.015425220757734726,0.0,True
17,support_shuffle,C0,0,U0->U1->U2,1,True,a328b447829e6c99,5.979592014024145e-17,0.25212007022853533,0.2685111946522891,0.016391124423753844,True,True,True,-0.016391124423753844,0.0,True
17,support_shuffle,C1,1,U1->U2->U3,-1,True,4ed5fae64e59337d,-1.628222054456958e-16,-0.08295392510442771,-0.09069448381759886,-0.007740558713171308,True,True,True,0.007740558713171308,0.0,True
17,support_shuffle,C2,2,U2->U3->U4,1,True,4df672b2984cfa7a,1.1115063668351698e-16,-0.05300129207062961,-0.04507452076111692,0.007926771309512803,True,True,True,-0.007926771309512803,0.0,True
17,support_shuffle,C3,3,U3->U4->U5,-1,True,e983ec8d5e598bba,-1.6115209566228507e-16,0.16823247493161428,0.16071052259052745,-0.00752195234108699,True,True,True,0.00752195234108699,0.0,True
17,support_shuffle,C4,4,U4->U5->U6,1,True,d8cfb56ab69f50c1,1.135532623751774e-16,-0.22114615042887942,-0.20714189221429877,0.014004258214580761,True,True,True,-0.014004258214580761,0.0,True
17,support_shuffle,C5,5,U5->U6->U7,-1,True,c339074d5efa7610,-2.490461666591392e-16,0.1681448583582498,0.16030252943230483,-0.007842328925945219,True,True,True,0.007842328925945219,0.0,True
17,support_shuffle,C6,6,U6->U7->U8,1,True,c7eb747cca7f2b95,2.492242401826534e-16,-0.05291367549726513,-0.04177671289843321,0.011136962598832172,True,True,True,-0.011136962598832172,0.0,True
17,support_shuffle,C7,7,U7->U8->U9,-1,True,61feacaa33683df7,-2.5004186224107887e-16,6.310601400966766e-18,-0.01127277958170648,-0.011272779581706737,True,True,True,0.011272779581706737,0.0,True
17,support_shuffle,C8,8,U8->U9->U10,1,True,f37960d89c386b8c,1.6370106016256516e-16,-0.027663950423299277,-0.015802116866803002,0.011861833556496438,True,True,True,-0.011861833556496438,0.0,True
17,support_shuffle,C9,9,U9->U10->U11,-1,True,748a808a51486dfa,-2.2694505881985513e-16,0.08895976783143979,0.08210906760550032,-0.006850700225939685,True,True,True,0.006850700225939685,0.0,True
17,support_shuffle,C10,10,U10->U11->U12,1,True,b08826aae789ff51,3.882809299816753e-16,-0.11693437156110065,-0.1088253325666406,0.00810903899446043,True,True,True,-0.00810903899446043,0.0,True
17,support_shuffle,C11,11,U11->U12->U13,-1,True,eb3dd30cd80b09c8,-2.486376974384547e-16,0.08927042113780137,0.0721392757689728,-0.017131145368828815,True,True,True,0.017131145368828815,0.0,True
17,support_shuffle,C12,12,U12->U13->U14,1,True,559d739d392e7515,5.096686151433717e-16,-0.02797460372966085,-0.017825128770641904,0.010149474959019456,True,True,True,-0.010149474959019456,0.0,True
17,support_shuffle,C13,13,U13->U14->U15,-1,True,63af6489ebcaa7d4,-2.49297760728671e-16,6.4582501374283946e-18,-0.003565487983092578,-0.0035654879830928337,True,True,True,0.0035654879830928337,0.0,True
17,support_shuffle,C14,14,U14->U15->U16,1,True,29b931e8bb05617f,2.568240148139324e-16,0.07751090852758077,0.07693402105071973,-0.0005768874768607851,True,True,True,0.0005768874768607851,0.0,True
17,support_shuffle,C15,15,U15->U16->U0,-1,True,dad51e9284ecf17f,-1.6763674739513422e-16,-0.24667705365168838,-0.248151583961466,-0.0014745303097777884,True,True,True,0.0014745303097777884,0.0,True
17,support_shuffle,C16,16,U16->U0->U1,1,True,d3674ac0e0c6d995,1.2386291444837084e-16,0.3296309787561161,0.3383492067405873,0.00871822798447136,True,True,True,-0.00871822798447136,0.0,True
17,transition_shuffle,C0,0,U0->U1->U2,1,True,a328b447829e6c99,0.01999594184988687,0.25212007022853533,0.2685243846253916,0.03640025624674312,True,True,True,-0.03640025624674312,0.0,True
17,transition_shuffle,C1,1,U1->U2->U3,-1,True,4ed5fae64e59337d,-0.03160370793726275,-0.08295392510442771,-0.09069062481554264,-0.03934040764837768,True,True,True,0.03934040764837768,0.0,True
17,transition_shuffle,C2,2,U2->U3->U4,1,True,4df672b2984cfa7a,0.03143914029075684,-0.05300129207062961,-0.045091634826996456,0.03934879753439,True,True,True,-0.03934879753439,0.0,True
17,transition_shuffle,C3,3,U3->U4->U5,-1,True,e983ec8d5e598bba,-0.018897571168501992,0.16823247493161428,0.1607390950271027,-0.026390951073013563,True,True,True,0.026390951073013563,0.0,True
17,transition_shuffle,C4,4,U4->U5->U6,1,True,d8cfb56ab69f50c1,0.04742092491125867,-0.22114615042887942,-0.20716752212760722,0.06139955321253085,True,True,True,-0.06139955321253085,0.0,True
17,transition_shuffle,C5,5,U5->U6->U7,-1,True,c339074d5efa7610,-0.0357732826983808,0.1681448583582498,0.1603159480193692,-0.0436021930372614,True,True,True,0.0436021930372614,0.0,True
17,transition_shuffle,C6,6,U6->U7->U8,1,True,c7eb747cca7f2b95,0.02976204975691991,-0.05291367549726513,-0.04179174431963065,0.04088398093455439,True,True,True,-0.04088398093455439,0.0,True
17,transition_shuffle,C7,7,U7->U8->U9,-1,True,61feacaa33683df7,-0.09590167043229267,6.310601400966766e-18,-0.01125504812422747,-0.10715671855652013,True,True,True,0.10715671855652013,0.0,True
17,transition_shuffle,C8,8,U8->U9->U10,1,True,f37960d89c386b8c,0.15601406288781977,-0.027663950423299277,-0.01579563434414239,0.16788237896697666,True,True,True,-0.16788237896697666,0.0,True
17,transition_shuffle,C9,9,U9->U10->U11,-1,True,748a808a51486dfa,-0.16954121184244128,0.08895976783143979,0.08206077310895352,-0.17644020656492757,True,True,True,0.17644020656492757,0.0,True
17,transition_shuffle,C10,10,U10->U11->U12,1,True,b08826aae789ff51,0.11574538903752185,-0.11693437156110065,-0.10877732429826877,0.12390243630035373,True,True,True,-0.12390243630035373,0.0,True
17,transition_shuffle,C11,11,U11->U12->U13,-1,True,eb3dd30cd80b09c8,-0.03217768824552758,0.08927042113780137,0.07213268440411423,-0.04931542497921472,True,True,True,0.04931542497921472,0.0,True
17,transition_shuffle,C12,12,U12->U13->U14,1,True,559d739d392e7515,0.07187888069164476,-0.02797460372966085,-0.01784211859038682,0.08201136583091878,True,True,True,-0.08201136583091878,0.0,True
17,transition_shuffle,C13,13,U13->U14->U15,-1,True,63af6489ebcaa7d4,-0.14250878456334165,6.4582501374283946e-18,-0.0035745074472086835,-0.14608329201055034,True,True,True,0.14608329201055034,0.0,True
17,transition_shuffle,C14,14,U14->U15->U16,1,True,29b931e8bb05617f,0.17244029836368058,0.07751090852758077,0.07699897986854826,0.17192836970464806,True,True,True,-0.17192836970464806,0.0,True
17,transition_shuffle,C15,15,U15->U16->U0,-1,True,dad51e9284ecf17f,-0.13977740733307487,-0.24667705365168838,-0.2482418326563222,-0.14134218633770868,True,True,True,0.14134218633770868,0.0,True
17,transition_shuffle,C16,16,U16->U0->U1,1,True,d3674ac0e0c6d995,0.05064638603954597,0.3296309787561161,0.33840075444644535,0.05941616172987524,True,True,True,-0.05941616172987524,0.0,True
17,cocycle_break,C0,0,U0->U1->U2,1,True,a328b447829e6c99,0.040553739794351236,0.25212007022853533,0.26855119465228916,0.05698486421810506,True,True,True,-0.05698486421810506,0.0,True
17,cocycle_break,C1,1,U1->U2->U3,-1,True,4ed5fae64e59337d,-1.628222054456958e-16,-0.08295392510442771,-0.09069448381759886,-0.007740558713171308,True,True,True,0.007740558713171308,0.0,True
17,cocycle_break,C2,2,U2->U3->U4,1,True,4df672b2984cfa7a,1.1115063668351698e-16,-0.05300129207062961,-0.04507452076111692,0.007926771309512803,True,True,True,-0.007926771309512803,0.0,True
17,cocycle_break,C3,3,U3->U4->U5,-1,True,e983ec8d5e598bba,-1.6115209566228507e-16,0.16823247493161428,0.16071052259052745,-0.00752195234108699,True,True,True,0.00752195234108699,0.0,True
17,cocycle_break,C4,4,U4->U5->U6,1,True,d8cfb56ab69f50c1,1.135532623751774e-16,-0.22114615042887942,-0.20714189221429877,0.014004258214580761,True,True,True,-0.014004258214580761,0.0,True
17,cocycle_break,C5,5,U5->U6->U7,-1,True,c339074d5efa7610,-2.490461666591392e-16,0.1681448583582498,0.16030252943230483,-0.007842328925945219,True,True,True,0.007842328925945219,0.0,True
17,cocycle_break,C6,6,U6->U7->U8,1,True,c7eb747cca7f2b95,2.492242401826534e-16,-0.05291367549726513,-0.04177671289843321,0.011136962598832172,True,True,True,-0.011136962598832172,0.0,True
17,cocycle_break,C7,7,U7->U8->U9,-1,True,61feacaa33683df7,-2.5004186224107887e-16,6.310601400966766e-18,-0.01127277958170648,-0.011272779581706737,True,True,True,0.011272779581706737,0.0,True
17,cocycle_break,C8,8,U8->U9->U10,1,True,f37960d89c386b8c,1.6370106016256516e-16,-0.027663950423299277,-0.015802116866803002,0.011861833556496438,True,True,True,-0.011861833556496438,0.0,True
17,cocycle_break,C9,9,U9->U10->U11,-1,True,748a808a51486dfa,-2.2694505881985513e-16,0.08895976783143979,0.08210906760550032,-0.006850700225939685,True,True,True,0.006850700225939685,0.0,True
17,cocycle_break,C10,10,U10->U11->U12,1,True,b08826aae789ff51,3.882809299816753e-16,-0.11693437156110065,-0.1088253325666406,0.00810903899446043,True,True,True,-0.00810903899446043,0.0,True
17,cocycle_break,C11,11,U11->U12->U13,-1,True,eb3dd30cd80b09c8,-2.486376974384547e-16,0.08927042113780137,0.0721392757689728,-0.017131145368828815,True,True,True,0.017131145368828815,0.0,True
17,cocycle_break,C12,12,U12->U13->U14,1,True,559d739d392e7515,5.096686151433717e-16,-0.02797460372966085,-0.017825128770641904,0.010149474959019456,True,True,True,-0.010149474959019456,0.0,True
17,cocycle_break,C13,13,U13->U14->U15,-1,True,63af6489ebcaa7d4,-2.49297760728671e-16,6.4582501374283946e-18,-0.003565487983092578,-0.0035654879830928337,True,True,True,0.0035654879830928337,0.0,True
17,cocycle_break,C14,14,U14->U15->U16,1,True,29b931e8bb05617f,2.568240148139324e-16,0.07751090852758077,0.07693402105071973,-0.0005768874768607851,True,True,True,0.0005768874768607851,0.0,True
17,cocycle_break,C15,15,U15->U16->U0,-1,True,dad51e9284ecf17f,-1.6763674739513422e-16,-0.24667705365168838,-0.248151583961466,-0.0014745303097777884,True,True,True,0.0014745303097777884,0.0,True
17,cocycle_break,C16,16,U16->U0->U1,1,True,d3674ac0e0c6d995,0.040546008312342896,0.3296309787561161,0.33838920674058737,0.049304236296814186,True,True,True,-0.049304236296814186,0.0,True
17,source_current_shuffle,C0,0,U0->U1->U2,1,True,a328b447829e6c99,5.979592014024145e-17,-0.05300129207062961,0.2685111946522891,0.32151248672291877,False,True,True,-0.32151248672291877,0.0,True
17,source_current_shuffle,C1,1,U1->U2->U3,-1,True,4ed5fae64e59337d,-1.628222054456958e-16,0.16823247493161428,-0.09069448381759886,-0.2589269587492133,False,True,True,0.2589269587492133,0.0,True
17,source_current_shuffle,C2,2,U2->U3->U4,1,True,4df672b2984cfa7a,1.1115063668351698e-16,-0.22114615042887942,-0.04507452076111692,0.1760716296677626,False,True,True,-0.1760716296677626,0.0,True
17,source_current_shuffle,C3,3,U3->U4->U5,-1,True,e983ec8d5e598bba,-1.6115209566228507e-16,0.1681448583582498,0.16071052259052745,-0.007434335767722511,False,True,True,0.007434335767722511,0.0,True
17,source_current_shuffle,C4,4,U4->U5->U6,1,True,d8cfb56ab69f50c1,1.135532623751774e-16,-0.05291367549726513,-0.20714189221429877,-0.15422821671703352,False,True,True,0.15422821671703352,0.0,True
17,source_current_shuffle,C5,5,U5->U6->U7,-1,True,c339074d5efa7610,-2.490461666591392e-16,6.310601400966766e-18,0.16030252943230483,0.16030252943230458,False,True,True,-0.16030252943230458,0.0,True
17,source_current_shuffle,C6,6,U6->U7->U8,1,True,c7eb747cca7f2b95,2.492242401826534e-16,-0.027663950423299277,-0.04177671289843321,-0.014112762475133683,False,True,True,0.014112762475133683,0.0,True
17,source_current_shuffle,C7,7,U7->U8->U9,-1,True,61feacaa33683df7,-2.5004186224107887e-16,0.08895976783143979,-0.01127277958170648,-0.10023254741314652,False,True,True,0.10023254741314652,0.0,True
17,source_current_shuffle,C8,8,U8->U9->U10,1,True,f37960d89c386b8c,1.6370106016256516e-16,-0.11693437156110065,-0.015802116866803002,0.10113225469429782,False,True,True,-0.10113225469429782,0.0,True
17,source_current_shuffle,C9,9,U9->U10->U11,-1,True,748a808a51486dfa,-2.2694505881985513e-16,0.08927042113780137,0.08210906760550032,-0.007161353532301268,False,True,True,0.007161353532301268,0.0,True
17,source_current_shuffle,C10,10,U10->U11->U12,1,True,b08826aae789ff51,3.882809299816753e-16,-0.02797460372966085,-0.1088253325666406,-0.08085072883697937,False,True,True,0.08085072883697937,0.0,True
17,source_current_shuffle,C11,11,U11->U12->U13,-1,True,eb3dd30cd80b09c8,-2.486376974384547e-16,6.4582501374283946e-18,0.0721392757689728,0.07213927576897256,False,True,True,-0.07213927576897256,0.0,True
17,source_current_shuffle,C12,12,U12->U13->U14,1,True,559d739d392e7515,5.096686151433717e-16,0.07751090852758077,-0.017825128770641904,-0.09533603729822217,False,True,True,0.09533603729822217,0.0,True
17,source_current_shuffle,C13,13,U13->U14->U15,-1,True,63af6489ebcaa7d4,-2.49297760728671e-16,-0.24667705365168838,-0.003565487983092578,0.24311156566859554,False,True,True,-0.24311156566859554,0.0,True
17,source_current_shuffle,C14,14,U14->U15->U16,1,True,29b931e8bb05617f,2.568240148139324e-16,0.3296309787561161,0.07693402105071973,-0.2526969577053961,False,True,True,0.2526969577053961,0.0,True
17,source_current_shuffle,C15,15,U15->U16->U0,-1,True,dad51e9284ecf17f,-1.6763674739513422e-16,0.25212007022853533,-0.248151583961466,-0.5002716541900015,False,True,True,0.5002716541900015,0.0,True
17,source_current_shuffle,C16,16,U16->U0->U1,1,True,d3674ac0e0c6d995,1.2386291444837084e-16,-0.08295392510442771,0.3383492067405873,0.42130313184501517,False,True,True,-0.42130313184501517,0.0,True
17,boundary_pairing_shuffle,C0,0,U0->U1->U2,1,True,a328b447829e6c99,5.979592014024145e-17,0.25212007022853533,-0.04507452076111692,-0.2971945909896522,True,False,True,0.2971945909896522,0.0,True
17,boundary_pairing_shuffle,C1,1,U1->U2->U3,-1,True,4ed5fae64e59337d,-1.628222054456958e-16,-0.08295392510442771,0.16071052259052745,0.243664447694955,True,False,True,-0.243664447694955,0.0,True
17,boundary_pairing_shuffle,C2,2,U2->U3->U4,1,True,4df672b2984cfa7a,1.1115063668351698e-16,-0.05300129207062961,-0.20714189221429877,-0.15414060014366904,True,False,True,0.15414060014366904,0.0,True
17,boundary_pairing_shuffle,C3,3,U3->U4->U5,-1,True,e983ec8d5e598bba,-1.6115209566228507e-16,0.16823247493161428,0.16030252943230483,-0.007929945499309615,True,False,True,0.007929945499309615,0.0,True
17,boundary_pairing_shuffle,C4,4,U4->U5->U6,1,True,d8cfb56ab69f50c1,1.135532623751774e-16,-0.22114615042887942,-0.04177671289843321,0.17936943753044632,True,False,True,-0.17936943753044632,0.0,True
17,boundary_pairing_shuffle,C5,5,U5->U6->U7,-1,True,c339074d5efa7610,-2.490461666591392e-16,0.1681448583582498,-0.01127277958170648,-0.17941763793995652,True,False,True,0.17941763793995652,0.0,True
17,boundary_pairing_shuffle,C6,6,U6->U7->U8,1,True,c7eb747cca7f2b95,2.492242401826534e-16,-0.05291367549726513,-0.015802116866803002,0.03711155863046238,True,False,True,-0.03711155863046238,0.0,True
17,boundary_pairing_shuffle,C7,7,U7->U8->U9,-1,True,61feacaa33683df7,-2.5004186224107887e-16,6.310601400966766e-18,0.08210906760550032,0.08210906760550007,True,False,True,-0.08210906760550007,0.0,True
17,boundary_pairing_shuffle,C8,8,U8->U9->U10,1,True,f37960d89c386b8c,1.6370106016256516e-16,-0.027663950423299277,-0.1088253325666406,-0.08116138214334116,True,False,True,0.08116138214334116,0.0,True
17,boundary_pairing_shuffle,C9,9,U9->U10->U11,-1,True,748a808a51486dfa,-2.2694505881985513e-16,0.08895976783143979,0.0721392757689728,-0.016820492062467204,True,False,True,0.016820492062467204,0.0,True
17,boundary_pairing_shuffle,C10,10,U10->U11->U12,1,True,b08826aae789ff51,3.882809299816753e-16,-0.11693437156110065,-0.017825128770641904,0.09910924279045913,True,False,True,-0.09910924279045913,0.0,True
17,boundary_pairing_shuffle,C11,11,U11->U12->U13,-1,True,eb3dd30cd80b09c8,-2.486376974384547e-16,0.08927042113780137,-0.003565487983092578,-0.09283590912089419,True,False,True,0.09283590912089419,0.0,True
17,boundary_pairing_shuffle,C12,12,U12->U13->U14,1,True,559d739d392e7515,5.096686151433717e-16,-0.02797460372966085,0.07693402105071973,0.10490862478038109,True,False,True,-0.10490862478038109,0.0,True
17,boundary_pairing_shuffle,C13,13,U13->U14->U15,-1,True,63af6489ebcaa7d4,-2.49297760728671e-16,6.4582501374283946e-18,-0.248151583961466,-0.24815158396146625,True,False,True,0.24815158396146625,0.0,True
17,boundary_pairing_shuffle,C14,14,U14->U15->U16,1,True,29b931e8bb05617f,2.568240148139324e-16,0.07751090852758077,0.3383492067405873,0.2608382982130068,True,False,True,-0.2608382982130068,0.0,True
17,boundary_pairing_shuffle,C15,15,U15->U16->U0,-1,True,dad51e9284ecf17f,-1.6763674739513422e-16,-0.24667705365168838,0.2685111946522891,0.5151882483039774,True,False,True,-0.5151882483039774,0.0,True
17,boundary_pairing_shuffle,C16,16,U16->U0->U1,1,True,d3674ac0e0c6d995,1.2386291444837084e-16,0.3296309787561161,-0.09069448381759886,-0.42032546257371484,True,False,True,0.42032546257371484,0.0,True
17,W3_local_free_random,C0,0,U0->U1->U2,1,True,280d75b9e2a48cbc,5.979592014024145e-17,0.25212007022853533,0.2612739761914919,0.009153905962956621,True,True,True,-0.009153905962956621,0.0,True
17,W3_local_free_random,C1,1,U1->U2->U3,-1,True,1be54503d3209280,-1.628222054456958e-16,-0.08295392510442771,-0.08953646868760663,-0.006582543583179085,True,True,True,0.006582543583179085,0.0,True
17,W3_local_free_random,C2,2,U2->U3->U4,1,True,397d377a74829460,1.1115063668351698e-16,-0.05300129207062961,-0.04638412048275472,0.006617171587875004,True,True,True,-0.006617171587875004,0.0,True
17,W3_local_free_random,C3,3,U3->U4->U5,-1,True,584fd5b7e37ec058,-1.6115209566228507e-16,0.16823247493161428,0.1579043542871836,-0.010328120644430838,True,True,True,0.010328120644430838,0.0,True
17,W3_local_free_random,C4,4,U4->U5->U6,1,True,1dfa2b2a41ed31d8,1.135532623751774e-16,-0.22114615042887942,-0.20357589745653062,0.017570252972348904,True,True,True,-0.017570252972348904,0.0,True
17,W3_local_free_random,C5,5,U5->U6->U7,-1,True,3c6ac330dba44022,-2.490461666591392e-16,0.1681448583582498,0.15379662040867856,-0.01434823794957149,True,True,True,0.01434823794957149,0.0,True
17,W3_local_free_random,C6,6,U6->U7->U8,1,True,b8f4d6d93e8f4841,2.492242401826534e-16,-0.05291367549726513,-0.039447958557093106,0.013465716940172276,True,True,True,-0.013465716940172276,0.0,True
17,W3_local_free_random,C7,7,U7->U8->U9,-1,True,d0d93dc31c904a11,-2.5004186224107887e-16,6.310601400966766e-18,-0.010970315902332602,-0.010970315902332859,True,True,True,0.010970315902332859,0.0,True
17,W3_local_free_random,C8,8,U8->U9->U10,1,True,13534a394602afb8,1.6370106016256516e-16,-0.027663950423299277,-0.014778904844387203,0.012885045578912237,True,True,True,-0.012885045578912237,0.0,True
17,W3_local_free_random,C9,9,U9->U10->U11,-1,True,c7a541012245d233,-2.2694505881985513e-16,0.08895976783143979,0.07561254209563824,-0.013347225735801771,True,True,True,0.013347225735801771,0.0,True
17,W3_local_free_random,C10,10,U10->U11->U12,1,True,79f52e64c4456e86,3.882809299816753e-16,-0.11693437156110065,-0.10608002155187393,0.010854350009227104,True,True,True,-0.010854350009227104,0.0,True
17,W3_local_free_random,C11,11,U11->U12->U13,-1,True,e25eb2ac665037c9,-2.486376974384547e-16,0.08927042113780137,0.06876554565813764,-0.02050487547966398,True,True,True,0.02050487547966398,0.0,True
17,W3_local_free_random,C12,12,U12->U13->U14,1,True,82a975a0e6e83e16,5.096686151433717e-16,-0.02797460372966085,-0.016029285445088814,0.011945318284572546,True,True,True,-0.011945318284572546,0.0,True
17,W3_local_free_random,C13,13,U13->U14->U15,-1,True,7da992287c9a3caf,-2.49297760728671e-16,6.4582501374283946e-18,-0.004016534200034787,-0.004016534200035043,True,True,True,0.004016534200035043,0.0,True
17,W3_local_free_random,C14,14,U14->U15->U16,1,True,a10e23acedd92be0,2.568240148139324e-16,0.07751090852758077,0.08019724342491236,0.0026863348973318463,True,True,True,-0.0026863348973318463,0.0,True
17,W3_local_free_random,C15,15,U15->U16->U0,-1,True,9726e51253ff2ede,-1.6763674739513422e-16,-0.24667705365168838,-0.251018044735402,-0.004340991083713802,True,True,True,0.004340991083713802,0.0,True
17,W3_local_free_random,C16,16,U16->U0->U1,1,True,5805eba6f3178aaf,1.2386291444837084e-16,0.3296309787561161,0.33368585675898077,0.0040548780028648035,True,True,True,-0.0040548780028648035,0.0,True
17,W3_adjacency_shuffle,C0,0,U0->U1->U2,1,True,a328b447829e6c99,5.979592014024145e-17,0.25212007022853533,0.2657750409215384,0.013654970693003143,True,True,True,-0.013654970693003143,0.0,True
17,W3_adjacency_shuffle,C1,1,U1->U2->U3,-1,True,4ed5fae64e59337d,-1.628222054456958e-16,-0.08295392510442771,-0.08998625654745095,-0.0070323314430233985,True,True,True,0.0070323314430233985,0.0,True
17,W3_adjacency_shuffle,C2,2,U2->U3->U4,1,True,4df672b2984cfa7a,1.1115063668351698e-16,-0.05300129207062961,-0.0378995970618211,0.015101695008808626,True,True,True,-0.015101695008808626,0.0,True
17,W3_adjacency_shuffle,C3,3,U3->U4->U5,-1,True,e983ec8d5e598bba,-1.6115209566228507e-16,0.16823247493161428,0.1655160842645527,-0.002716390667061752,True,True,True,0.002716390667061752,0.0,True
17,W3_adjacency_shuffle,C4,4,U4->U5->U6,1,True,d8cfb56ab69f50c1,1.135532623751774e-16,-0.22114615042887942,-0.21256036339621728,0.008585787032662245,True,True,True,-0.008585787032662245,0.0,True
17,W3_adjacency_shuffle,C5,5,U5->U6->U7,-1,True,c339074d5efa7610,-2.490461666591392e-16,0.1681448583582498,0.1607622038930165,-0.007382654465233562,True,True,True,0.007382654465233562,0.0,True
17,W3_adjacency_shuffle,C6,6,U6->U7->U8,1,True,c7eb747cca7f2b95,2.492242401826534e-16,-0.05291367549726513,-0.037098584137775704,0.015815091359489677,True,True,True,-0.015815091359489677,0.0,True
17,W3_adjacency_shuffle,C7,7,U7->U8->U9,-1,True,61feacaa33683df7,-2.5004186224107887e-16,6.310601400966766e-18,-0.010823382395846909,-0.010823382395847165,True,True,True,0.010823382395847165,0.0,True
17,W3_adjacency_shuffle,C8,8,U8->U9->U10,1,True,f37960d89c386b8c,1.6370106016256516e-16,-0.027663950423299277,-0.017503761288248737,0.010160189135050703,True,True,True,-0.010160189135050703,0.0,True
17,W3_adjacency_shuffle,C9,9,U9->U10->U11,-1,True,748a808a51486dfa,-2.2694505881985513e-16,0.08895976783143979,0.08196324554124577,-0.006996522290194235,True,True,True,0.006996522290194235,0.0,True
17,W3_adjacency_shuffle,C10,10,U10->U11->U12,1,True,b08826aae789ff51,3.882809299816753e-16,-0.11693437156110065,-0.1107061016547739,0.006228269906327133,True,True,True,-0.006228269906327133,0.0,True
17,W3_adjacency_shuffle,C11,11,U11->U12->U13,-1,True,eb3dd30cd80b09c8,-2.486376974384547e-16,0.08927042113780137,0.07007322228233023,-0.019197198855471387,True,True,True,0.019197198855471387,0.0,True
17,W3_adjacency_shuffle,C12,12,U12->U13->U14,1,True,559d739d392e7515,5.096686151433717e-16,-0.02797460372966085,-0.01397668743666644,0.013997916292994919,True,True,True,-0.013997916292994919,0.0,True
17,W3_adjacency_shuffle,C13,13,U13->U14->U15,-1,True,63af6489ebcaa7d4,-2.49297760728671e-16,6.4582501374283946e-18,-0.00482328227490841,-0.004823282274908666,True,True,True,0.004823282274908666,0.0,True
17,W3_adjacency_shuffle,C14,14,U14->U15->U16,1,True,29b931e8bb05617f,2.568240148139324e-16,0.07751090852758077,0.07043913082843736,-0.0070717776991431475,True,True,True,0.0070717776991431475,0.0,True
17,W3_adjacency_shuffle,C15,15,U15->U16->U0,-1,True,dad51e9284ecf17f,-1.6763674739513422e-16,-0.24667705365168838,-0.24729918540670356,-0.0006221317550153538,True,True,True,0.0006221317550153538,0.0,True
17,W3_adjacency_shuffle,C16,16,U16->U0->U1,1,True,d3674ac0e0c6d995,1.2386291444837084e-16,0.3296309787561161,0.34468523089398306,0.015054252137867097,True,True,True,-0.015054252137867097,0.0,True
17,W3_provenance_shuffle,C0,0,U0->U1->U2,1,True,a328b447829e6c99,5.979592014024145e-17,0.25212007022853533,0.2619578629812992,0.009837792752763919,True,True,True,-0.009837792752763919,0.0,True
17,W3_provenance_shuffle,C1,1,U1->U2->U3,-1,True,4ed5fae64e59337d,-1.628222054456958e-16,-0.08295392510442771,-0.09714346259020554,-0.01418953748577799,True,True,True,0.01418953748577799,0.0,True
17,W3_provenance_shuffle,C2,2,U2->U3->U4,1,True,4df672b2984cfa7a,1.1115063668351698e-16,-0.05300129207062961,-0.04006246528189782,0.0129388267887319,True,True,True,-0.0129388267887319,0.0,True
17,W3_provenance_shuffle,C3,3,U3->U4->U5,-1,True,e983ec8d5e598bba,-1.6115209566228507e-16,0.16823247493161428,0.15288342628811596,-0.01534904864349848,True,True,True,0.01534904864349848,0.0,True
17,W3_provenance_shuffle,C4,4,U4->U5->U6,1,True,d8cfb56ab69f50c1,1.135532623751774e-16,-0.22114615042887942,-0.21278944941187872,0.008356701017000812,True,True,True,-0.008356701017000812,0.0,True
17,W3_provenance_shuffle,C5,5,U5->U6->U7,-1,True,c339074d5efa7610,-2.490461666591392e-16,0.1681448583582498,0.16200026847282992,-0.006144589885420132,True,True,True,0.006144589885420132,0.0,True
17,W3_provenance_shuffle,C6,6,U6->U7->U8,1,True,c7eb747cca7f2b95,2.492242401826534e-16,-0.05291367549726513,-0.046155828676228056,0.006757846821037326,True,True,True,-0.006757846821037326,0.0,True
17,W3_provenance_shuffle,C7,7,U7->U8->U9,-1,True,61feacaa33683df7,-2.5004186224107887e-16,6.310601400966766e-18,-0.011645403223694544,-0.011645403223694801,True,True,True,0.011645403223694801,0.0,True
17,W3_provenance_shuffle,C8,8,U8->U9->U10,1,True,f37960d89c386b8c,1.6370106016256516e-16,-0.027663950423299277,-0.01448219874376074,0.0131817516795387,True,True,True,-0.0131817516795387,0.0,True
17,W3_provenance_shuffle,C9,9,U9->U10->U11,-1,True,748a808a51486dfa,-2.2694505881985513e-16,0.08895976783143979,0.08529848241097822,-0.0036612854204617906,True,True,True,0.0036612854204617906,0.0,True
17,W3_provenance_shuffle,C10,10,U10->U11->U12,1,True,b08826aae789ff51,3.882809299816753e-16,-0.11693437156110065,-0.1081265870660538,0.008807784495047238,True,True,True,-0.008807784495047238,0.0,True
17,W3_provenance_shuffle,C11,11,U11->U12->U13,-1,True,eb3dd30cd80b09c8,-2.486376974384547e-16,0.08927042113780137,0.07801828903927598,-0.011252132098525644,True,True,True,0.011252132098525644,0.0,True
17,W3_provenance_shuffle,C12,12,U12->U13->U14,1,True,559d739d392e7515,5.096686151433717e-16,-0.02797460372966085,-0.011532123944557313,0.016442479785104047,True,True,True,-0.016442479785104047,0.0,True
17,W3_provenance_shuffle,C13,13,U13->U14->U15,-1,True,63af6489ebcaa7d4,-2.49297760728671e-16,6.4582501374283946e-18,-0.00960779620695665,-0.009607796206956905,True,True,True,0.009607796206956905,0.0,True
17,W3_provenance_shuffle,C14,14,U14->U15->U16,1,True,29b931e8bb05617f,2.568240148139324e-16,0.07751090852758077,0.08180968255172284,0.004298774024142332,True,True,True,-0.004298774024142332,0.0,True
17,W3_provenance_shuffle,C15,15,U15->U16->U0,-1,True,dad51e9284ecf17f,-1.6763674739513422e-16,-0.24667705365168838,-0.24160622809633295,0.005070825555355263,True,True,True,-0.005070825555355263,0.0,True
17,W3_provenance_shuffle,C16,16,U16->U0->U1,1,True,d3674ac0e0c6d995,1.2386291444837084e-16,0.3296309787561161,0.3333503419975852,0.003719363241469209,True,True,True,-0.003719363241469209,0.0,True
17,W3_subdivision_break,C0,0,U0->U1->U2,1,True,a328b447829e6c99,5.979592014024145e-17,0.25212007022853533,0.2689550664642578,0.016834996235722544,True,True,True,-0.016834996235722544,0.0,True
17,W3_subdivision_break,C1,1,U1->U2->U3,-1,True,4ed5fae64e59337d,-1.628222054456958e-16,-0.08295392510442771,-0.09069448381759886,-0.007740558713171308,True,True,True,0.007740558713171308,0.0,True
17,W3_subdivision_break,C2,2,U2->U3->U4,1,True,4df672b2984cfa7a,1.1115063668351698e-16,-0.05300129207062961,-0.04507452076111692,0.007926771309512803,True,True,True,-0.007926771309512803,0.0,True
17,W3_subdivision_break,C3,3,U3->U4->U5,-1,True,e983ec8d5e598bba,-1.6115209566228507e-16,0.16823247493161428,0.1580914626555835,-0.010141012276030953,True,True,True,0.010141012276030953,0.0,True
17,W3_subdivision_break,C4,4,U4->U5->U6,1,True,d8cfb56ab69f50c1,1.135532623751774e-16,-0.22114615042887942,-0.20714189221429877,0.014004258214580761,True,True,True,-0.014004258214580761,0.0,True
17,W3_subdivision_break,C5,5,U5->U6->U7,-1,True,c339074d5efa7610,-2.490461666591392e-16,0.1681448583582498,0.16030252943230483,-0.007842328925945219,True,True,True,0.007842328925945219,0.0,True
17,W3_subdivision_break,C6,6,U6->U7->U8,1,True,c7eb747cca7f2b95,2.492242401826534e-16,-0.05291367549726513,-0.044263263708161235,0.008650411789104147,True,True,True,-0.008650411789104147,0.0,True
17,W3_subdivision_break,C7,7,U7->U8->U9,-1,True,61feacaa33683df7,-2.5004186224107887e-16,6.310601400966766e-18,-0.01127277958170648,-0.011272779581706737,True,True,True,0.011272779581706737,0.0,True
17,W3_subdivision_break,C8,8,U8->U9->U10,1,True,f37960d89c386b8c,1.6370106016256516e-16,-0.027663950423299277,-0.015802116866803002,0.011861833556496438,True,True,True,-0.011861833556496438,0.0,True
17,W3_subdivision_break,C9,9,U9->U10->U11,-1,True,748a808a51486dfa,-2.2694505881985513e-16,0.08895976783143979,0.08509325078263837,-0.003866517048801643,True,True,True,0.003866517048801643,0.0,True
17,W3_subdivision_break,C10,10,U10->U11->U12,1,True,b08826aae789ff51,3.882809299816753e-16,-0.11693437156110065,-0.1088253325666406,0.00810903899446043,True,True,True,-0.00810903899446043,0.0,True
17,W3_subdivision_break,C11,11,U11->U12->U13,-1,True,eb3dd30cd80b09c8,-2.486376974384547e-16,0.08927042113780137,0.0721392757689728,-0.017131145368828815,True,True,True,0.017131145368828815,0.0,True
17,W3_subdivision_break,C12,12,U12->U13->U14,1,True,559d739d392e7515,5.096686151433717e-16,-0.02797460372966085,-0.015550025947133804,0.012424577782527556,True,True,True,-0.012424577782527556,0.0,True
17,W3_subdivision_break,C13,13,U13->U14->U15,-1,True,63af6489ebcaa7d4,-2.49297760728671e-16,6.4582501374283946e-18,-0.003565487983092578,-0.0035654879830928337,True,True,True,0.0035654879830928337,0.0,True
17,W3_subdivision_break,C14,14,U14->U15->U16,1,True,29b931e8bb05617f,2.568240148139324e-16,0.07751090852758077,0.07693402105071973,-0.0005768874768607851,True,True,True,0.0005768874768607851,0.0,True
17,W3_subdivision_break,C15,15,U15->U16->U0,-1,True,dad51e9284ecf17f,-1.6763674739513422e-16,-0.24667705365168838,-0.24752619126781028,-0.0008491376161220698,True,True,True,0.0008491376161220698,0.0,True
17,W3_subdivision_break,C16,16,U16->U0->U1,1,True,d3674ac0e0c6d995,1.2386291444837084e-16,0.3296309787561161,0.3383492067405873,0.00871822798447136,True,True,True,-0.00871822798447136,0.0,True
17,W3_coarse_fine_break,C0,0,U0->U1->U2,1,True,a328b447829e6c99,5.979592014024145e-17,0.25212007022853533,0.2685111946522891,0.016391124423753844,True,True,True,-0.016391124423753844,0.0,True
17,W3_coarse_fine_break,C1,1,U1->U2->U3,-1,True,4ed5fae64e59337d,-1.628222054456958e-16,-0.08295392510442771,-0.08836780354892715,-0.005413878444499601,True,True,True,0.005413878444499601,0.0,True
17,W3_coarse_fine_break,C2,2,U2->U3->U4,1,True,4df672b2984cfa7a,1.1115063668351698e-16,-0.05300129207062961,-0.04507452076111692,0.007926771309512803,True,True,True,-0.007926771309512803,0.0,True
17,W3_coarse_fine_break,C3,3,U3->U4->U5,-1,True,e983ec8d5e598bba,-1.6115209566228507e-16,0.16823247493161428,0.16071052259052745,-0.00752195234108699,True,True,True,0.00752195234108699,0.0,True
17,W3_coarse_fine_break,C4,4,U4->U5->U6,1,True,d8cfb56ab69f50c1,1.135532623751774e-16,-0.22114615042887942,-0.20714189221429877,0.014004258214580761,True,True,True,-0.014004258214580761,0.0,True
17,W3_coarse_fine_break,C5,5,U5->U6->U7,-1,True,c339074d5efa7610,-2.490461666591392e-16,0.1681448583582498,0.16426357716141748,-0.0038812811968325645,True,True,True,0.0038812811968325645,0.0,True
17,W3_coarse_fine_break,C6,6,U6->U7->U8,1,True,c7eb747cca7f2b95,2.492242401826534e-16,-0.05291367549726513,-0.04177671289843321,0.011136962598832172,True,True,True,-0.011136962598832172,0.0,True
17,W3_coarse_fine_break,C7,7,U7->U8->U9,-1,True,61feacaa33683df7,-2.5004186224107887e-16,6.310601400966766e-18,-0.01127277958170648,-0.011272779581706737,True,True,True,0.011272779581706737,0.0,True
17,W3_coarse_fine_break,C8,8,U8->U9->U10,1,True,f37960d89c386b8c,1.6370106016256516e-16,-0.027663950423299277,-0.015802116866803002,0.011861833556496438,True,True,True,-0.011861833556496438,0.0,True
17,W3_coarse_fine_break,C9,9,U9->U10->U11,-1,True,748a808a51486dfa,-2.2694505881985513e-16,0.08895976783143979,0.08134965213721938,-0.007610115694220626,True,True,True,0.007610115694220626,0.0,True
17,W3_coarse_fine_break,C10,10,U10->U11->U12,1,True,b08826aae789ff51,3.882809299816753e-16,-0.11693437156110065,-0.1088253325666406,0.00810903899446043,True,True,True,-0.00810903899446043,0.0,True
17,W3_coarse_fine_break,C11,11,U11->U12->U13,-1,True,eb3dd30cd80b09c8,-2.486376974384547e-16,0.08927042113780137,0.0721392757689728,-0.017131145368828815,True,True,True,0.017131145368828815,0.0,True
17,W3_coarse_fine_break,C12,12,U12->U13->U14,1,True,559d739d392e7515,5.096686151433717e-16,-0.02797460372966085,-0.017825128770641904,0.010149474959019456,True,True,True,-0.010149474959019456,0.0,True
17,W3_coarse_fine_break,C13,13,U13->U14->U15,-1,True,63af6489ebcaa7d4,-2.49297760728671e-16,6.4582501374283946e-18,0.0016404649576702932,0.0016404649576700376,True,True,True,-0.0016404649576700376,0.0,True
17,W3_coarse_fine_break,C14,14,U14->U15->U16,1,True,29b931e8bb05617f,2.568240148139324e-16,0.07751090852758077,0.07693402105071973,-0.0005768874768607851,True,True,True,0.0005768874768607851,0.0,True
17,W3_coarse_fine_break,C15,15,U15->U16->U0,-1,True,dad51e9284ecf17f,-1.6763674739513422e-16,-0.24667705365168838,-0.248151583961466,-0.0014745303097777884,True,True,True,0.0014745303097777884,0.0,True
17,W3_coarse_fine_break,C16,16,U16->U0->U1,1,True,d3674ac0e0c6d995,1.2386291444837084e-16,0.3296309787561161,0.3383492067405873,0.00871822798447136,True,True,True,-0.00871822798447136,0.0,True
17,W3_basis_shuffle,C0,0,U0->U1->U2,1,True,4df672b2984cfa7a,5.979592014024145e-17,0.25212007022853533,0.26374313392037596,0.011623063691840685,True,True,True,-0.011623063691840685,0.0,True
17,W3_basis_shuffle,C1,1,U1->U2->U3,-1,True,e983ec8d5e598bba,-1.628222054456958e-16,-0.08295392510442771,-0.08793821666164656,-0.004984291557219009,True,True,True,0.004984291557219009,0.0,True
17,W3_basis_shuffle,C2,2,U2->U3->U4,1,True,d8cfb56ab69f50c1,1.1115063668351698e-16,-0.05300129207062961,-0.04762780867164119,0.005373483398988535,True,True,True,-0.005373483398988535,0.0,True
17,W3_basis_shuffle,C3,3,U3->U4->U5,-1,True,c339074d5efa7610,-1.6115209566228507e-16,0.16823247493161428,0.16502055557753362,-0.0032119193540808277,True,True,True,0.0032119193540808277,0.0,True
17,W3_basis_shuffle,C4,4,U4->U5->U6,1,True,c7eb747cca7f2b95,1.135532623751774e-16,-0.22114615042887942,-0.20187982909357366,0.01926632133530587,True,True,True,-0.01926632133530587,0.0,True
17,W3_basis_shuffle,C5,5,U5->U6->U7,-1,True,61feacaa33683df7,-2.490461666591392e-16,0.1681448583582498,0.15307978428244393,-0.015065074075806123,True,True,True,0.015065074075806123,0.0,True
17,W3_basis_shuffle,C6,6,U6->U7->U8,1,True,f37960d89c386b8c,2.492242401826534e-16,-0.05291367549726513,-0.04417205322505513,0.008741622272210252,True,True,True,-0.008741622272210252,0.0,True
17,W3_basis_shuffle,C7,7,U7->U8->U9,-1,True,748a808a51486dfa,-2.5004186224107887e-16,6.310601400966766e-18,-0.004799725189538185,-0.004799725189538442,True,True,True,0.004799725189538442,0.0,True
17,W3_basis_shuffle,C8,8,U8->U9->U10,1,True,b08826aae789ff51,1.6370106016256516e-16,-0.027663950423299277,-0.019014964920558625,0.008648985502740816,True,True,True,-0.008648985502740816,0.0,True
17,W3_basis_shuffle,C9,9,U9->U10->U11,-1,True,eb3dd30cd80b09c8,-2.2694505881985513e-16,0.08895976783143979,0.08214190889110304,-0.006817858940336971,True,True,True,0.006817858940336971,0.0,True
17,W3_basis_shuffle,C10,10,U10->U11->U12,1,True,559d739d392e7515,3.882809299816753e-16,-0.11693437156110065,-0.1042373386835715,0.012697032877529532,True,True,True,-0.012697032877529532,0.0,True
17,W3_basis_shuffle,C11,11,U11->U12->U13,-1,True,63af6489ebcaa7d4,-2.486376974384547e-16,0.08927042113780137,0.07292077560595903,-0.016349645531842594,True,True,True,0.016349645531842594,0.0,True
17,W3_basis_shuffle,C12,12,U12->U13->U14,1,True,29b931e8bb05617f,5.096686151433717e-16,-0.02797460372966085,-0.02072424741385019,0.007250356315811168,True,True,True,-0.007250356315811168,0.0,True
17,W3_basis_shuffle,C13,13,U13->U14->U15,-1,True,dad51e9284ecf17f,-2.49297760728671e-16,6.4582501374283946e-18,-0.0074199312755329665,-0.007419931275533222,True,True,True,0.007419931275533222,0.0,True
17,W3_basis_shuffle,C14,14,U14->U15->U16,1,True,d3674ac0e0c6d995,2.568240148139324e-16,0.07751090852758077,0.08023778274898029,0.0027268742213997776,True,True,True,-0.0027268742213997776,0.0,True
17,W3_basis_shuffle,C15,15,U15->U16->U0,-1,True,a328b447829e6c99,-1.6763674739513422e-16,-0.24667705365168838,-0.2512865052901664,-0.004609451638478174,True,True,True,0.004609451638478174,0.0,True
17,W3_basis_shuffle,C16,16,U16->U0->U1,1,True,4ed5fae64e59337d,1.2386291444837084e-16,0.3296309787561161,0.34116562959126995,0.011534650835153981,True,True,True,-0.011534650835153981,0.0,True
17,W3_missing,C0,0,U0->U1->U2,1,False,MISSING,5.979592014024145e-17,0.25212007022853533,nan,nan,True,True,True,nan,nan,False
17,W3_missing,C1,1,U1->U2->U3,-1,True,4ed5fae64e59337d,-1.628222054456958e-16,-0.08295392510442771,-0.09069448381759886,-0.007740558713171308,True,True,True,0.007740558713171308,0.0,True
17,W3_missing,C2,2,U2->U3->U4,1,True,4df672b2984cfa7a,1.1115063668351698e-16,-0.05300129207062961,-0.04507452076111692,0.007926771309512803,True,True,True,-0.007926771309512803,0.0,True
17,W3_missing,C3,3,U3->U4->U5,-1,False,MISSING,-1.6115209566228507e-16,0.16823247493161428,nan,nan,True,True,True,nan,nan,False
17,W3_missing,C4,4,U4->U5->U6,1,True,d8cfb56ab69f50c1,1.135532623751774e-16,-0.22114615042887942,-0.20714189221429877,0.014004258214580761,True,True,True,-0.014004258214580761,0.0,True
17,W3_missing,C5,5,U5->U6->U7,-1,True,c339074d5efa7610,-2.490461666591392e-16,0.1681448583582498,0.16030252943230483,-0.007842328925945219,True,True,True,0.007842328925945219,0.0,True
17,W3_missing,C6,6,U6->U7->U8,1,False,MISSING,2.492242401826534e-16,-0.05291367549726513,nan,nan,True,True,True,nan,nan,False
17,W3_missing,C7,7,U7->U8->U9,-1,True,61feacaa33683df7,-2.5004186224107887e-16,6.310601400966766e-18,-0.01127277958170648,-0.011272779581706737,True,True,True,0.011272779581706737,0.0,True
17,W3_missing,C8,8,U8->U9->U10,1,True,f37960d89c386b8c,1.6370106016256516e-16,-0.027663950423299277,-0.015802116866803002,0.011861833556496438,True,True,True,-0.011861833556496438,0.0,True
17,W3_missing,C9,9,U9->U10->U11,-1,False,MISSING,-2.2694505881985513e-16,0.08895976783143979,nan,nan,True,True,True,nan,nan,False
17,W3_missing,C10,10,U10->U11->U12,1,True,b08826aae789ff51,3.882809299816753e-16,-0.11693437156110065,-0.1088253325666406,0.00810903899446043,True,True,True,-0.00810903899446043,0.0,True
17,W3_missing,C11,11,U11->U12->U13,-1,True,eb3dd30cd80b09c8,-2.486376974384547e-16,0.08927042113780137,0.0721392757689728,-0.017131145368828815,True,True,True,0.017131145368828815,0.0,True
17,W3_missing,C12,12,U12->U13->U14,1,False,MISSING,5.096686151433717e-16,-0.02797460372966085,nan,nan,True,True,True,nan,nan,False
17,W3_missing,C13,13,U13->U14->U15,-1,True,63af6489ebcaa7d4,-2.49297760728671e-16,6.4582501374283946e-18,-0.003565487983092578,-0.0035654879830928337,True,True,True,0.0035654879830928337,0.0,True
17,W3_missing,C14,14,U14->U15->U16,1,True,29b931e8bb05617f,2.568240148139324e-16,0.07751090852758077,0.07693402105071973,-0.0005768874768607851,True,True,True,0.0005768874768607851,0.0,True
17,W3_missing,C15,15,U15->U16->U0,-1,False,MISSING,-1.6763674739513422e-16,-0.24667705365168838,nan,nan,True,True,True,nan,nan,False
17,W3_missing,C16,16,U16->U0->U1,1,True,d3674ac0e0c6d995,1.2386291444837084e-16,0.3296309787561161,0.3383492067405873,0.00871822798447136,True,True,True,-0.00871822798447136,0.0,True
17,solver_operator_shuffle,C0,0,U0->U1->U2,1,True,a328b447829e6c99,5.979592014024145e-17,0.25212007022853533,0.2685111946522891,0.016391124423753844,True,True,False,-0.016391124423753844,0.0,True
17,solver_operator_shuffle,C1,1,U1->U2->U3,-1,True,4ed5fae64e59337d,-1.628222054456958e-16,-0.08295392510442771,-0.09069448381759886,-0.007740558713171308,True,True,False,0.007740558713171308,0.0,True
17,solver_operator_shuffle,C2,2,U2->U3->U4,1,True,4df672b2984cfa7a,1.1115063668351698e-16,-0.05300129207062961,-0.04507452076111692,0.007926771309512803,True,True,False,-0.007926771309512803,0.0,True
17,solver_operator_shuffle,C3,3,U3->U4->U5,-1,True,e983ec8d5e598bba,-1.6115209566228507e-16,0.16823247493161428,0.16071052259052745,-0.00752195234108699,True,True,False,0.00752195234108699,0.0,True
17,solver_operator_shuffle,C4,4,U4->U5->U6,1,True,d8cfb56ab69f50c1,1.135532623751774e-16,-0.22114615042887942,-0.20714189221429877,0.014004258214580761,True,True,False,-0.014004258214580761,0.0,True
17,solver_operator_shuffle,C5,5,U5->U6->U7,-1,True,c339074d5efa7610,-2.490461666591392e-16,0.1681448583582498,0.16030252943230483,-0.007842328925945219,True,True,False,0.007842328925945219,0.0,True
17,solver_operator_shuffle,C6,6,U6->U7->U8,1,True,c7eb747cca7f2b95,2.492242401826534e-16,-0.05291367549726513,-0.04177671289843321,0.011136962598832172,True,True,False,-0.011136962598832172,0.0,True
17,solver_operator_shuffle,C7,7,U7->U8->U9,-1,True,61feacaa33683df7,-2.5004186224107887e-16,6.310601400966766e-18,-0.01127277958170648,-0.011272779581706737,True,True,False,0.011272779581706737,0.0,True
17,solver_operator_shuffle,C8,8,U8->U9->U10,1,True,f37960d89c386b8c,1.6370106016256516e-16,-0.027663950423299277,-0.015802116866803002,0.011861833556496438,True,True,False,-0.011861833556496438,0.0,True
17,solver_operator_shuffle,C9,9,U9->U10->U11,-1,True,748a808a51486dfa,-2.2694505881985513e-16,0.08895976783143979,0.08210906760550032,-0.006850700225939685,True,True,False,0.006850700225939685,0.0,True
17,solver_operator_shuffle,C10,10,U10->U11->U12,1,True,b08826aae789ff51,3.882809299816753e-16,-0.11693437156110065,-0.1088253325666406,0.00810903899446043,True,True,False,-0.00810903899446043,0.0,True
17,solver_operator_shuffle,C11,11,U11->U12->U13,-1,True,eb3dd30cd80b09c8,-2.486376974384547e-16,0.08927042113780137,0.0721392757689728,-0.017131145368828815,True,True,False,0.017131145368828815,0.0,True
17,solver_operator_shuffle,C12,12,U12->U13->U14,1,True,559d739d392e7515,5.096686151433717e-16,-0.02797460372966085,-0.017825128770641904,0.010149474959019456,True,True,False,-0.010149474959019456,0.0,True
17,solver_operator_shuffle,C13,13,U13->U14->U15,-1,True,63af6489ebcaa7d4,-2.49297760728671e-16,6.4582501374283946e-18,-0.003565487983092578,-0.0035654879830928337,True,True,False,0.0035654879830928337,0.0,True
17,solver_operator_shuffle,C14,14,U14->U15->U16,1,True,29b931e8bb05617f,2.568240148139324e-16,0.07751090852758077,0.07693402105071973,-0.0005768874768607851,True,True,False,0.0005768874768607851,0.0,True
17,solver_operator_shuffle,C15,15,U15->U16->U0,-1,True,dad51e9284ecf17f,-1.6763674739513422e-16,-0.24667705365168838,-0.248151583961466,-0.0014745303097777884,True,True,False,0.0014745303097777884,0.0,True
17,solver_operator_shuffle,C16,16,U16->U0->U1,1,True,d3674ac0e0c6d995,1.2386291444837084e-16,0.3296309787561161,0.3383492067405873,0.00871822798447136,True,True,False,-0.00871822798447136,0.0,True
25,valid,C0,0,U0->U1->U2,1,True,aee384c87085b442,6.295038536414768e-18,0.26408273804697285,0.2693830749951245,0.005300336948151629,True,True,True,-0.005300336948151629,0.0,True
25,valid,C1,1,U1->U2->U3,-1,True,7c1a06489c12fdbf,-4.597755569337356e-16,-0.0884315376991179,-0.10852215747771454,-0.020090619778597107,True,True,True,0.020090619778597107,0.0,True
25,valid,C2,2,U2->U3->U4,1,True,75b7fabdca926502,4.4669382441011345e-16,0.0,0.012144839059086525,0.012144839059086972,True,True,True,-0.012144839059086972,0.0,True
25,valid,C3,3,U3->U4->U5,-1,True,794a662e9a0dda6b,-2.530711129667363e-16,-0.0,-0.007179536457255427,-0.007179536457255681,True,True,True,0.007179536457255681,0.0,True
25,valid,C4,4,U4->U5->U6,1,True,7049bc1bee310996,3.1548584785558623e-16,0.0,0.012588491182078037,0.012588491182078353,True,True,True,-0.012588491182078353,0.0,True
25,valid,C5,5,U5->U6->U7,-1,True,b73aa8f16a555e22,-2.2395190643872607e-16,0.0532207891233556,0.03720382524864966,-0.016016963874706164,True,True,True,0.016016963874706164,0.0,True
25,valid,C6,6,U6->U7->U8,1,True,819b8fd56234382d,2.4956942126974626e-16,-0.1564559022901372,-0.14060991145088822,0.01584599083924923,True,True,True,-0.01584599083924923,0.0,True
25,valid,C7,7,U7->U8->U9,-1,True,38090d6f3b849d58,-2.2205137113542276e-16,0.21099587456395985,0.2038243295803644,-0.007171544983595679,True,True,True,0.007171544983595679,0.0,True
25,valid,C8,8,U8->U9->U10,1,True,567da38a4a9071d2,3.338851000726225e-16,-0.15777508544060426,-0.14785675714775864,0.009918328292845946,True,True,True,-0.009918328292845946,0.0,True
25,valid,C9,9,U9->U10->U11,-1,True,31b0ded895812d18,-2.7407828215871355e-16,0.05453997227382265,0.04230019252178399,-0.01223977975203893,True,True,True,0.01223977975203893,0.0,True
25,valid,C10,10,U10->U11->U12,1,True,d2db5d46b25339ca,2.2397169763470955e-16,0.0,0.004860887443993735,0.004860887443993959,True,True,True,-0.004860887443993959,0.0,True
25,valid,C11,11,U11->U12->U13,-1,True,fefbce47ceef974d,-2.482589293075162e-16,-0.0,-0.008293288156446959,-0.008293288156447207,True,True,True,0.008293288156447207,0.0,True
25,valid,C12,12,U12->U13->U14,1,True,a455a47ac180330c,1.6017139261701826e-16,0.0,0.009568988091595693,0.009568988091595853,True,True,True,-0.009568988091595853,0.0,True
25,valid,C13,13,U13->U14->U15,-1,True,ddef647a6abb98fd,-3.3314882198695634e-16,0.031143288791440276,0.024456760453115067,-0.006686528338325542,True,True,True,0.006686528338325542,0.0,True
25,valid,C14,14,U14->U15->U16,1,True,a65868e46c254407,3.854555087623339e-17,-0.0916323866761678,-0.08799699243560057,0.0036353942405672746,True,True,True,-0.0036353942405672746,0.0,True
25,valid,C15,15,U15->U16->U17,-1,True,0e23ec519a767a59,-4.452711566305672e-16,0.1217373436233425,0.1063552192750918,-0.015382124348251147,True,True,True,0.015382124348251147,0.0,True
25,valid,C16,16,U16->U17->U18,1,True,36670a9aef93a567,3.1756644577346086e-16,-0.09059405483190223,-0.06954918239481368,0.02104487243708887,True,True,True,-0.02104487243708887,0.0,True
25,valid,C17,17,U17->U18->U19,-1,True,7b3265e234e63985,-2.2413862573239905e-16,0.030104956947174716,0.019480254472960798,-0.010624702474214143,True,True,True,0.010624702474214143,0.0,True
25,valid,C18,18,U18->U19->U20,1,True,6888f9bbbe6d8269,3.3375265664456265e-16,0.0,0.009649935857540974,0.009649935857541307,True,True,True,-0.009649935857541307,0.0,True
25,valid,C19,19,U19->U20->U21,-1,True,747a8364838ae71d,-4.455105838617367e-16,-0.0,-0.0057005235972558506,-0.005700523597256296,True,True,True,0.005700523597256296,0.0,True
25,valid,C20,20,U20->U21->U22,1,True,f7d69d4a4806a26a,2.693452901000595e-16,0.0,0.0009516879435527495,0.0009516879435530188,True,True,True,-0.0009516879435530188,0.0,True
25,valid,C21,21,U21->U22->U23,-1,True,ef13b6a76409c402,-2.49490341377297e-16,-0.0,-0.010826421181639526,-0.010826421181639775,True,True,True,0.010826421181639775,0.0,True
25,valid,C22,22,U22->U23->U24,1,True,3b1ab4685075a6fe,1.5753471680789955e-16,0.08644669010920797,0.08507345960694225,-0.0013732305022655655,True,True,True,0.0013732305022655655,0.0,True
25,valid,C23,23,U23->U24->U0,-1,True,d75d9840848d2aaf,-2.2255046027234274e-16,-0.26209789045706294,-0.2758967242665092,-0.013798833809446465,True,True,True,0.013798833809446465,0.0,True
25,valid,C24,24,U24->U0->U1,1,True,5114d01eeb97ab99,1.9164450611381407e-17,0.3505294281561808,0.36607356744111896,0.015544139284938141,True,True,True,-0.015544139284938141,0.0,True
25,genesis_root_break,C0,0,U0->U1->U2,1,True,aee384c87085b442,6.295038536414768e-18,0.26408273804697285,0.2693830749951245,0.005300336948151629,True,True,True,-0.005300336948151629,0.0,True
25,genesis_root_break,C1,1,U1->U2->U3,-1,True,7c1a06489c12fdbf,-4.597755569337356e-16,-0.0884315376991179,-0.10852215747771454,-0.020090619778597107,True,True,True,0.020090619778597107,0.0,True
25,genesis_root_break,C2,2,U2->U3->U4,1,True,75b7fabdca926502,4.4669382441011345e-16,0.0,0.012144839059086525,0.012144839059086972,True,True,True,-0.012144839059086972,0.0,True
25,genesis_root_break,C3,3,U3->U4->U5,-1,True,794a662e9a0dda6b,-2.530711129667363e-16,-0.0,-0.007179536457255427,-0.007179536457255681,True,True,True,0.007179536457255681,0.0,True
25,genesis_root_break,C4,4,U4->U5->U6,1,True,7049bc1bee310996,3.1548584785558623e-16,0.0,0.012588491182078037,0.012588491182078353,True,True,True,-0.012588491182078353,0.0,True
25,genesis_root_break,C5,5,U5->U6->U7,-1,True,b73aa8f16a555e22,-2.2395190643872607e-16,0.0532207891233556,0.03720382524864966,-0.016016963874706164,True,True,True,0.016016963874706164,0.0,True
25,genesis_root_break,C6,6,U6->U7->U8,1,True,819b8fd56234382d,2.4956942126974626e-16,-0.1564559022901372,-0.14060991145088822,0.01584599083924923,True,True,True,-0.01584599083924923,0.0,True
25,genesis_root_break,C7,7,U7->U8->U9,-1,True,38090d6f3b849d58,-2.2205137113542276e-16,0.21099587456395985,0.2038243295803644,-0.007171544983595679,True,True,True,0.007171544983595679,0.0,True
25,genesis_root_break,C8,8,U8->U9->U10,1,True,567da38a4a9071d2,3.338851000726225e-16,-0.15777508544060426,-0.14785675714775864,0.009918328292845946,True,True,True,-0.009918328292845946,0.0,True
25,genesis_root_break,C9,9,U9->U10->U11,-1,True,31b0ded895812d18,-2.7407828215871355e-16,0.05453997227382265,0.04230019252178399,-0.01223977975203893,True,True,True,0.01223977975203893,0.0,True
25,genesis_root_break,C10,10,U10->U11->U12,1,True,d2db5d46b25339ca,2.2397169763470955e-16,0.0,0.004860887443993735,0.004860887443993959,True,True,True,-0.004860887443993959,0.0,True
25,genesis_root_break,C11,11,U11->U12->U13,-1,True,fefbce47ceef974d,-2.482589293075162e-16,-0.0,-0.008293288156446959,-0.008293288156447207,True,True,True,0.008293288156447207,0.0,True
25,genesis_root_break,C12,12,U12->U13->U14,1,True,a455a47ac180330c,1.6017139261701826e-16,0.0,0.009568988091595693,0.009568988091595853,True,True,True,-0.009568988091595853,0.0,True
25,genesis_root_break,C13,13,U13->U14->U15,-1,True,ddef647a6abb98fd,-3.3314882198695634e-16,0.031143288791440276,0.024456760453115067,-0.006686528338325542,True,True,True,0.006686528338325542,0.0,True
25,genesis_root_break,C14,14,U14->U15->U16,1,True,a65868e46c254407,3.854555087623339e-17,-0.0916323866761678,-0.08799699243560057,0.0036353942405672746,True,True,True,-0.0036353942405672746,0.0,True
25,genesis_root_break,C15,15,U15->U16->U17,-1,True,0e23ec519a767a59,-4.452711566305672e-16,0.1217373436233425,0.1063552192750918,-0.015382124348251147,True,True,True,0.015382124348251147,0.0,True
25,genesis_root_break,C16,16,U16->U17->U18,1,True,36670a9aef93a567,3.1756644577346086e-16,-0.09059405483190223,-0.06954918239481368,0.02104487243708887,True,True,True,-0.02104487243708887,0.0,True
25,genesis_root_break,C17,17,U17->U18->U19,-1,True,7b3265e234e63985,-2.2413862573239905e-16,0.030104956947174716,0.019480254472960798,-0.010624702474214143,True,True,True,0.010624702474214143,0.0,True
25,genesis_root_break,C18,18,U18->U19->U20,1,True,6888f9bbbe6d8269,3.3375265664456265e-16,0.0,0.009649935857540974,0.009649935857541307,True,True,True,-0.009649935857541307,0.0,True
25,genesis_root_break,C19,19,U19->U20->U21,-1,True,747a8364838ae71d,-4.455105838617367e-16,-0.0,-0.0057005235972558506,-0.005700523597256296,True,True,True,0.005700523597256296,0.0,True
25,genesis_root_break,C20,20,U20->U21->U22,1,True,f7d69d4a4806a26a,2.693452901000595e-16,0.0,0.0009516879435527495,0.0009516879435530188,True,True,True,-0.0009516879435530188,0.0,True
25,genesis_root_break,C21,21,U21->U22->U23,-1,True,ef13b6a76409c402,-2.49490341377297e-16,-0.0,-0.010826421181639526,-0.010826421181639775,True,True,True,0.010826421181639775,0.0,True
25,genesis_root_break,C22,22,U22->U23->U24,1,True,3b1ab4685075a6fe,1.5753471680789955e-16,0.08644669010920797,0.08507345960694225,-0.0013732305022655655,True,True,True,0.0013732305022655655,0.0,True
25,genesis_root_break,C23,23,U23->U24->U0,-1,True,d75d9840848d2aaf,-2.2255046027234274e-16,-0.26209789045706294,-0.2758967242665092,-0.013798833809446465,True,True,True,0.013798833809446465,0.0,True
25,genesis_root_break,C24,24,U24->U0->U1,1,True,5114d01eeb97ab99,1.9164450611381407e-17,0.3505294281561808,0.36607356744111896,0.015544139284938141,True,True,True,-0.015544139284938141,0.0,True
25,retained_order_shuffle,C0,0,U0->U1->U2,1,True,aee384c87085b442,6.295038536414768e-18,0.23725823336448185,0.2294030033682929,-0.007855229996188956,True,True,True,0.007855229996188956,0.0,True
25,retained_order_shuffle,C1,1,U1->U2->U3,-1,True,7c1a06489c12fdbf,-4.597755569337356e-16,-0.08108345706125838,-0.09299207293814155,-0.011908615876883619,True,True,True,0.011908615876883619,0.0,True
25,retained_order_shuffle,C2,2,U2->U3->U4,1,True,75b7fabdca926502,4.4669382441011345e-16,0.0,0.0060674828469842075,0.006067482846984654,True,True,True,-0.006067482846984654,0.0,True
25,retained_order_shuffle,C3,3,U3->U4->U5,-1,True,794a662e9a0dda6b,-2.530711129667363e-16,-0.0,-0.004535742092064383,-0.004535742092064636,True,True,True,0.004535742092064636,0.0,True
25,retained_order_shuffle,C4,4,U4->U5->U6,1,True,7049bc1bee310996,3.1548584785558623e-16,0.0,0.009040695184604004,0.00904069518460432,True,True,True,-0.00904069518460432,0.0,True
25,retained_order_shuffle,C5,5,U5->U6->U7,-1,True,b73aa8f16a555e22,-2.2395190643872607e-16,0.05547341075146764,0.04463045067831022,-0.010842960073157638,True,True,True,0.010842960073157638,0.0,True
25,retained_order_shuffle,C6,6,U6->U7->U8,1,True,819b8fd56234382d,2.4956942126974626e-16,-0.16410865528488536,-0.15487801892244304,0.009230636362442562,True,True,True,-0.009230636362442562,0.0,True
25,retained_order_shuffle,C7,7,U7->U8->U9,-1,True,38090d6f3b849d58,-2.2205137113542276e-16,0.22205424611553085,0.22237375149163735,0.0003195053761062827,True,True,True,-0.0003195053761062827,0.0,True
25,retained_order_shuffle,C8,8,U8->U9->U10,1,True,567da38a4a9071d2,3.338851000726225e-16,-0.1665808353640632,-0.15910546101072492,0.007475374353338615,True,True,True,-0.007475374353338615,0.0,True
25,retained_order_shuffle,C9,9,U9->U10->U11,-1,True,31b0ded895812d18,-2.7407828215871355e-16,0.05794559083064551,0.049403137363728304,-0.008542453466917475,True,True,True,0.008542453466917475,0.0,True
25,retained_order_shuffle,C10,10,U10->U11->U12,1,True,d2db5d46b25339ca,2.2397169763470955e-16,0.0,0.004270812854599314,0.0042708128545995375,True,True,True,-0.0042708128545995375,0.0,True
25,retained_order_shuffle,C11,11,U11->U12->U13,-1,True,fefbce47ceef974d,-2.482589293075162e-16,-0.0,-0.004801089405799852,-0.0048010894058001,True,True,True,0.0048010894058001,0.0,True
25,retained_order_shuffle,C12,12,U12->U13->U14,1,True,a455a47ac180330c,1.6017139261701826e-16,0.0,0.010487168976455172,0.010487168976455331,True,True,True,-0.010487168976455331,0.0,True
25,retained_order_shuffle,C13,13,U13->U14->U15,-1,True,ddef647a6abb98fd,-3.3314882198695634e-16,0.03084968225120234,0.02251611819449955,-0.008333564056703123,True,True,True,0.008333564056703123,0.0,True
25,retained_order_shuffle,C14,14,U14->U15->U16,1,True,a65868e46c254407,3.854555087623339e-17,-0.09284126804318334,-0.08528809853513467,0.007553169508048713,True,True,True,-0.007553169508048713,0.0,True
25,retained_order_shuffle,C15,15,U15->U16->U17,-1,True,0e23ec519a767a59,-4.452711566305672e-16,0.12150739923682619,0.10433259610159266,-0.017174803135233965,True,True,True,0.017174803135233965,0.0,True
25,retained_order_shuffle,C16,16,U16->U17->U18,1,True,36670a9aef93a567,3.1756644577346086e-16,-0.09065771698562386,-0.07074623294273208,0.0199114840428921,True,True,True,-0.0199114840428921,0.0,True
25,retained_order_shuffle,C17,17,U17->U18->U19,-1,True,7b3265e234e63985,-2.2413862573239905e-16,0.028666131193642853,0.02115127482710026,-0.007514856366542817,True,True,True,0.007514856366542817,0.0,True
25,retained_order_shuffle,C18,18,U18->U19->U20,1,True,6888f9bbbe6d8269,3.3375265664456265e-16,0.0,0.0076437812708899135,0.007643781270890247,True,True,True,-0.007643781270890247,0.0,True
25,retained_order_shuffle,C19,19,U19->U20->U21,-1,True,747a8364838ae71d,-4.455105838617367e-16,-0.0,-0.006035594996393331,-0.0060355949963937765,True,True,True,0.0060355949963937765,0.0,True
25,retained_order_shuffle,C20,20,U20->U21->U22,1,True,f7d69d4a4806a26a,2.693452901000595e-16,0.0,0.0024354434060663375,0.002435443406066607,True,True,True,-0.002435443406066607,0.0,True
25,retained_order_shuffle,C21,21,U21->U22->U23,-1,True,ef13b6a76409c402,-2.49490341377297e-16,-0.0,-0.012380949446053271,-0.012380949446053521,True,True,True,0.012380949446053521,0.0,True
25,retained_order_shuffle,C22,22,U22->U23->U24,1,True,3b1ab4685075a6fe,1.5753471680789955e-16,0.08097983702864262,0.08283262814566274,0.0018527911170202749,True,True,True,-0.0018527911170202749,0.0,True
25,retained_order_shuffle,C23,23,U23->U24->U0,-1,True,d75d9840848d2aaf,-2.2255046027234274e-16,-0.23715461333186608,-0.24676425407886998,-0.009609640747004128,True,True,True,0.009609640747004128,0.0,True
25,retained_order_shuffle,C24,24,U24->U0->U1,1,True,5114d01eeb97ab99,1.9164450611381407e-17,0.31823807039312446,0.3285525927799405,0.010314522386816016,True,True,True,-0.010314522386816016,0.0,True
25,source_value_shuffle,C0,0,U0->U1->U2,1,True,aee384c87085b442,6.295038536414768e-18,0.0,0.005300336948151611,0.005300336948151617,True,True,True,-0.005300336948151617,0.0,True
25,source_value_shuffle,C1,1,U1->U2->U3,-1,True,7c1a06489c12fdbf,-4.597755569337356e-16,-0.0,-0.020090619778596656,-0.020090619778597118,True,True,True,0.020090619778597118,0.0,True
25,source_value_shuffle,C2,2,U2->U3->U4,1,True,75b7fabdca926502,4.4669382441011345e-16,0.0,0.012144839059086525,0.012144839059086972,True,True,True,-0.012144839059086972,0.0,True
25,source_value_shuffle,C3,3,U3->U4->U5,-1,True,794a662e9a0dda6b,-2.530711129667363e-16,0.05795812902307581,0.05077859256582038,-0.007179536457255678,True,True,True,0.007179536457255678,0.0,True
25,source_value_shuffle,C4,4,U4->U5->U6,1,True,7049bc1bee310996,3.1548584785558623e-16,-0.15878712680798882,-0.14619863562591076,0.01258849118207836,True,True,True,-0.01258849118207836,0.0,True
25,source_value_shuffle,C5,5,U5->U6->U7,-1,True,b73aa8f16a555e22,-2.2395190643872607e-16,0.2120079159313444,0.1959909520566385,-0.016016963874706136,True,True,True,0.016016963874706136,0.0,True
25,source_value_shuffle,C6,6,U6->U7->U8,1,True,819b8fd56234382d,2.4956942126974626e-16,-0.15404978690826862,-0.13820379606901964,0.01584599083924923,True,True,True,-0.01584599083924923,0.0,True
25,source_value_shuffle,C7,7,U7->U8->U9,-1,True,38090d6f3b849d58,-2.2205137113542276e-16,0.0532207891233556,0.04604924413976013,-0.007171544983595693,True,True,True,0.007171544983595693,0.0,True
25,source_value_shuffle,C8,8,U8->U9->U10,1,True,567da38a4a9071d2,3.338851000726225e-16,0.0,0.009918328292845597,0.00991832829284593,True,True,True,-0.00991832829284593,0.0,True
25,source_value_shuffle,C9,9,U9->U10->U11,-1,True,31b0ded895812d18,-2.7407828215871355e-16,-0.0,-0.01223977975203866,-0.012239779752038934,True,True,True,0.012239779752038934,0.0,True
25,source_value_shuffle,C10,10,U10->U11->U12,1,True,d2db5d46b25339ca,2.2397169763470955e-16,0.0,0.004860887443993735,0.004860887443993959,True,True,True,-0.004860887443993959,0.0,True
25,source_value_shuffle,C11,11,U11->U12->U13,-1,True,fefbce47ceef974d,-2.482589293075162e-16,0.02726760493356424,0.018974316777117282,-0.008293288156447209,True,True,True,0.008293288156447209,0.0,True
25,source_value_shuffle,C12,12,U12->U13->U14,1,True,a455a47ac180330c,1.6017139261701826e-16,-0.08540952091081329,-0.0758405328192176,0.009568988091595856,True,True,True,-0.009568988091595856,0.0,True
25,source_value_shuffle,C13,13,U13->U14->U15,-1,True,ddef647a6abb98fd,-3.3314882198695634e-16,0.11655280970225357,0.10986628136392837,-0.006686528338325531,True,True,True,0.006686528338325531,0.0,True
25,source_value_shuffle,C14,14,U14->U15->U16,1,True,a65868e46c254407,3.854555087623339e-17,-0.08928520476868933,-0.0856498105281221,0.0036353942405672746,True,True,True,-0.0036353942405672746,0.0,True
25,source_value_shuffle,C15,15,U15->U16->U17,-1,True,0e23ec519a767a59,-4.452711566305672e-16,0.031143288791440276,0.015761164443189566,-0.015382124348251154,True,True,True,0.015382124348251154,0.0,True
25,source_value_shuffle,C16,16,U16->U17->U18,1,True,36670a9aef93a567,3.1756644577346086e-16,0.0,0.021044872437088566,0.021044872437088885,True,True,True,-0.021044872437088885,0.0,True
25,source_value_shuffle,C17,17,U17->U18->U19,-1,True,7b3265e234e63985,-2.2413862573239905e-16,-0.0,-0.010624702474213918,-0.010624702474214142,True,True,True,0.010624702474214142,0.0,True
25,source_value_shuffle,C18,18,U18->U19->U20,1,True,6888f9bbbe6d8269,3.3375265664456265e-16,0.0,0.009649935857540974,0.009649935857541307,True,True,True,-0.009649935857541307,0.0,True
25,source_value_shuffle,C19,19,U19->U20->U21,-1,True,747a8364838ae71d,-4.455105838617367e-16,-0.0,-0.0057005235972558506,-0.005700523597256296,True,True,True,0.005700523597256296,0.0,True
25,source_value_shuffle,C20,20,U20->U21->U22,1,True,f7d69d4a4806a26a,2.693452901000595e-16,0.08636972884040939,0.08732141678396213,0.0009516879435530062,True,True,True,-0.0009516879435530062,0.0,True
25,source_value_shuffle,C21,21,U21->U22->U23,-1,True,ef13b6a76409c402,-2.49490341377297e-16,-0.24644987548468514,-0.2572762966663247,-0.01082642118163979,True,True,True,0.01082642118163979,0.0,True
25,source_value_shuffle,C22,22,U22->U23->U24,1,True,3b1ab4685075a6fe,1.5753471680789955e-16,0.33289656559389313,0.3315233350916274,-0.0013732305022655655,True,True,True,0.0013732305022655655,0.0,True
25,source_value_shuffle,C23,23,U23->U24->U0,-1,True,d75d9840848d2aaf,-2.2255046027234274e-16,-0.24652683675348372,-0.26032567056292993,-0.013798833809446437,True,True,True,0.013798833809446437,0.0,True
25,source_value_shuffle,C24,24,U24->U0->U1,1,True,5114d01eeb97ab99,1.9164450611381407e-17,0.08644669010920797,0.10199082939414614,0.015544139284938183,True,True,True,-0.015544139284938183,0.0,True
25,source_provenance_shuffle,C0,0,U0->U1->U2,1,True,aee384c87085b442,6.295038536414768e-18,0.25575440801721655,0.25419379887139265,-0.001560609145823899,True,True,True,0.001560609145823899,0.0,True
25,source_provenance_shuffle,C1,1,U1->U2->U3,-1,True,7c1a06489c12fdbf,-4.597755569337356e-16,-0.0776428026871483,-0.08859033699636251,-0.010947534309214677,True,True,True,0.010947534309214677,0.0,True
25,source_provenance_shuffle,C2,2,U2->U3->U4,1,True,75b7fabdca926502,4.4669382441011345e-16,0.0,0.006848106124130631,0.0068481061241310775,True,True,True,-0.0068481061241310775,0.0,True
25,source_provenance_shuffle,C3,3,U3->U4->U5,-1,True,794a662e9a0dda6b,-2.530711129667363e-16,-0.0,-0.0024877429762095683,-0.0024877429762098216,True,True,True,0.0024877429762098216,0.0,True
25,source_provenance_shuffle,C4,4,U4->U5->U6,1,True,7049bc1bee310996,3.1548584785558623e-16,0.0,0.007524403601355498,0.007524403601355814,True,True,True,-0.007524403601355814,0.0,True
25,source_provenance_shuffle,C5,5,U5->U6->U7,-1,True,b73aa8f16a555e22,-2.2395190643872607e-16,0.05784811700451553,0.05141901869968786,-0.006429098304827893,True,True,True,0.006429098304827893,0.0,True
25,source_provenance_shuffle,C6,6,U6->U7->U8,1,True,819b8fd56234382d,2.4956942126974626e-16,-0.16590089320012152,-0.15950762469952076,0.006393268500601013,True,True,True,-0.006393268500601013,0.0,True
25,source_provenance_shuffle,C7,7,U7->U8->U9,-1,True,38090d6f3b849d58,-2.2205137113542276e-16,0.223844708115034,0.22643799586881022,0.0025932877537759857,True,True,True,-0.0025932877537759857,0.0,True
25,source_provenance_shuffle,C8,8,U8->U9->U10,1,True,567da38a4a9071d2,3.338851000726225e-16,-0.1659965911105185,-0.15671116297031026,0.00928542814020858,True,True,True,-0.00928542814020858,0.0,True
25,source_provenance_shuffle,C9,9,U9->U10->U11,-1,True,31b0ded895812d18,-2.7407828215871355e-16,0.05794381491491252,0.04434578646337015,-0.013598028451542635,True,True,True,0.013598028451542635,0.0,True
25,source_provenance_shuffle,C10,10,U10->U11->U12,1,True,d2db5d46b25339ca,2.2397169763470955e-16,0.0,0.011399148878062478,0.011399148878062702,True,True,True,-0.011399148878062702,0.0,True
25,source_provenance_shuffle,C11,11,U11->U12->U13,-1,True,fefbce47ceef974d,-2.482589293075162e-16,-0.0,-0.012944577050916603,-0.012944577050916851,True,True,True,0.012944577050916851,0.0,True
25,source_provenance_shuffle,C12,12,U12->U13->U14,1,True,a455a47ac180330c,1.6017139261701826e-16,0.0,0.018642627999683338,0.018642627999683498,True,True,True,-0.018642627999683498,0.0,True
25,source_provenance_shuffle,C13,13,U13->U14->U15,-1,True,ddef647a6abb98fd,-3.3314882198695634e-16,0.02987212366114424,0.015918494145398972,-0.013953629515745601,True,True,True,0.013953629515745601,0.0,True
25,source_provenance_shuffle,C14,14,U14->U15->U16,1,True,a65868e46c254407,3.854555087623339e-17,-0.08642411342994512,-0.08025639252351585,0.006167720906429308,True,True,True,-0.006167720906429308,0.0,True
25,source_provenance_shuffle,C15,15,U15->U16->U17,-1,True,0e23ec519a767a59,-4.452711566305672e-16,0.11762287935110936,0.10238688674842862,-0.015235992602681186,True,True,True,0.015235992602681186,0.0,True
25,source_provenance_shuffle,C16,16,U16->U17->U18,1,True,36670a9aef93a567,3.1756644577346086e-16,-0.08775075568996511,-0.07362954278454553,0.0141212129054199,True,True,True,-0.0141212129054199,0.0,True
25,source_provenance_shuffle,C17,17,U17->U18->U19,-1,True,7b3265e234e63985,-2.2413862573239905e-16,0.03119876592116423,0.02281703694942451,-0.008381728971739947,True,True,True,0.008381728971739947,0.0,True
25,source_provenance_shuffle,C18,18,U18->U19->U20,1,True,6888f9bbbe6d8269,3.3375265664456265e-16,0.0,0.004164124880516872,0.004164124880517206,True,True,True,-0.004164124880517206,0.0,True
25,source_provenance_shuffle,C19,19,U19->U20->U21,-1,True,747a8364838ae71d,-4.455105838617367e-16,-0.0,-0.0013935391550734203,-0.001393539155073866,True,True,True,0.001393539155073866,0.0,True
25,source_provenance_shuffle,C20,20,U20->U21->U22,1,True,f7d69d4a4806a26a,2.693452901000595e-16,0.0,-0.0034395836070979305,-0.003439583607097661,True,True,True,0.003439583607097661,0.0,True
25,source_provenance_shuffle,C21,21,U21->U22->U23,-1,True,ef13b6a76409c402,-2.49490341377297e-16,-0.0,-0.0013512867494894516,-0.0013512867494897011,True,True,True,0.0013512867494897011,0.0,True
25,source_provenance_shuffle,C22,22,U22->U23->U24,1,True,3b1ab4685075a6fe,1.5753471680789955e-16,0.08681302296408279,0.0803488136431371,-0.006464209320945533,True,True,True,0.006464209320945533,0.0,True
25,source_provenance_shuffle,C23,23,U23->U24->U0,-1,True,d75d9840848d2aaf,-2.2255046027234274e-16,-0.2649246282941511,-0.27280323209312013,-0.007878603798969264,True,True,True,0.007878603798969264,0.0,True
25,source_provenance_shuffle,C24,24,U24->U0->U1,1,True,5114d01eeb97ab99,1.9164450611381407e-17,0.3425674309812994,0.35381296550694635,0.011245534525646972,True,True,True,-0.011245534525646972,0.0,True
25,support_shuffle,C0,0,U0->U1->U2,1,True,aee384c87085b442,6.295038536414768e-18,0.26408273804697285,0.2693830749951245,0.005300336948151629,True,True,True,-0.005300336948151629,0.0,True
25,support_shuffle,C1,1,U1->U2->U3,-1,True,7c1a06489c12fdbf,-4.597755569337356e-16,-0.0884315376991179,-0.10852215747771454,-0.020090619778597107,True,True,True,0.020090619778597107,0.0,True
25,support_shuffle,C2,2,U2->U3->U4,1,True,75b7fabdca926502,4.4669382441011345e-16,0.0,0.012144839059086525,0.012144839059086972,True,True,True,-0.012144839059086972,0.0,True
25,support_shuffle,C3,3,U3->U4->U5,-1,True,794a662e9a0dda6b,-2.530711129667363e-16,-0.0,-0.007179536457255427,-0.007179536457255681,True,True,True,0.007179536457255681,0.0,True
25,support_shuffle,C4,4,U4->U5->U6,1,True,7049bc1bee310996,3.1548584785558623e-16,0.0,0.012588491182078037,0.012588491182078353,True,True,True,-0.012588491182078353,0.0,True
25,support_shuffle,C5,5,U5->U6->U7,-1,True,b73aa8f16a555e22,-2.2395190643872607e-16,0.0532207891233556,0.03720382524864966,-0.016016963874706164,True,True,True,0.016016963874706164,0.0,True
25,support_shuffle,C6,6,U6->U7->U8,1,True,819b8fd56234382d,2.4956942126974626e-16,-0.1564559022901372,-0.14060991145088822,0.01584599083924923,True,True,True,-0.01584599083924923,0.0,True
25,support_shuffle,C7,7,U7->U8->U9,-1,True,38090d6f3b849d58,-2.2205137113542276e-16,0.21099587456395985,0.2038243295803644,-0.007171544983595679,True,True,True,0.007171544983595679,0.0,True
25,support_shuffle,C8,8,U8->U9->U10,1,True,567da38a4a9071d2,3.338851000726225e-16,-0.15777508544060426,-0.14785675714775864,0.009918328292845946,True,True,True,-0.009918328292845946,0.0,True
25,support_shuffle,C9,9,U9->U10->U11,-1,True,31b0ded895812d18,-2.7407828215871355e-16,0.05453997227382265,0.04230019252178399,-0.01223977975203893,True,True,True,0.01223977975203893,0.0,True
25,support_shuffle,C10,10,U10->U11->U12,1,True,d2db5d46b25339ca,2.2397169763470955e-16,0.0,0.004860887443993735,0.004860887443993959,True,True,True,-0.004860887443993959,0.0,True
25,support_shuffle,C11,11,U11->U12->U13,-1,True,fefbce47ceef974d,-2.482589293075162e-16,-0.0,-0.008293288156446959,-0.008293288156447207,True,True,True,0.008293288156447207,0.0,True
25,support_shuffle,C12,12,U12->U13->U14,1,True,a455a47ac180330c,1.6017139261701826e-16,0.0,0.009568988091595693,0.009568988091595853,True,True,True,-0.009568988091595853,0.0,True
25,support_shuffle,C13,13,U13->U14->U15,-1,True,ddef647a6abb98fd,-3.3314882198695634e-16,0.031143288791440276,0.024456760453115067,-0.006686528338325542,True,True,True,0.006686528338325542,0.0,True
25,support_shuffle,C14,14,U14->U15->U16,1,True,a65868e46c254407,3.854555087623339e-17,-0.0916323866761678,-0.08799699243560057,0.0036353942405672746,True,True,True,-0.0036353942405672746,0.0,True
25,support_shuffle,C15,15,U15->U16->U17,-1,True,0e23ec519a767a59,-4.452711566305672e-16,0.1217373436233425,0.1063552192750918,-0.015382124348251147,True,True,True,0.015382124348251147,0.0,True
25,support_shuffle,C16,16,U16->U17->U18,1,True,36670a9aef93a567,3.1756644577346086e-16,-0.09059405483190223,-0.06954918239481368,0.02104487243708887,True,True,True,-0.02104487243708887,0.0,True
25,support_shuffle,C17,17,U17->U18->U19,-1,True,7b3265e234e63985,-2.2413862573239905e-16,0.030104956947174716,0.019480254472960798,-0.010624702474214143,True,True,True,0.010624702474214143,0.0,True
25,support_shuffle,C18,18,U18->U19->U20,1,True,6888f9bbbe6d8269,3.3375265664456265e-16,0.0,0.009649935857540974,0.009649935857541307,True,True,True,-0.009649935857541307,0.0,True
25,support_shuffle,C19,19,U19->U20->U21,-1,True,747a8364838ae71d,-4.455105838617367e-16,-0.0,-0.0057005235972558506,-0.005700523597256296,True,True,True,0.005700523597256296,0.0,True
25,support_shuffle,C20,20,U20->U21->U22,1,True,f7d69d4a4806a26a,2.693452901000595e-16,0.0,0.0009516879435527495,0.0009516879435530188,True,True,True,-0.0009516879435530188,0.0,True
25,support_shuffle,C21,21,U21->U22->U23,-1,True,ef13b6a76409c402,-2.49490341377297e-16,-0.0,-0.010826421181639526,-0.010826421181639775,True,True,True,0.010826421181639775,0.0,True
25,support_shuffle,C22,22,U22->U23->U24,1,True,3b1ab4685075a6fe,1.5753471680789955e-16,0.08644669010920797,0.08507345960694225,-0.0013732305022655655,True,True,True,0.0013732305022655655,0.0,True
25,support_shuffle,C23,23,U23->U24->U0,-1,True,d75d9840848d2aaf,-2.2255046027234274e-16,-0.26209789045706294,-0.2758967242665092,-0.013798833809446465,True,True,True,0.013798833809446465,0.0,True
25,support_shuffle,C24,24,U24->U0->U1,1,True,5114d01eeb97ab99,1.9164450611381407e-17,0.3505294281561808,0.36607356744111896,0.015544139284938141,True,True,True,-0.015544139284938141,0.0,True
25,transition_shuffle,C0,0,U0->U1->U2,1,True,aee384c87085b442,0.012634363724322174,0.26408273804697285,0.269397725338122,0.01794935101547135,True,True,True,-0.01794935101547135,0.0,True
25,transition_shuffle,C1,1,U1->U2->U3,-1,True,7c1a06489c12fdbf,-0.011960608470874391,-0.0884315376991179,-0.1085282163527115,-0.032057287124467995,True,True,True,0.032057287124467995,0.0,True
25,transition_shuffle,C2,2,U2->U3->U4,1,True,75b7fabdca926502,0.021261416670426716,0.0,0.012143433988896328,0.03340485065932304,True,True,True,-0.03340485065932304,0.0,True
25,transition_shuffle,C3,3,U3->U4->U5,-1,True,794a662e9a0dda6b,-0.021603780381904587,-0.0,-0.007171450193996727,-0.028775230575901315,True,True,True,0.028775230575901315,0.0,True
25,transition_shuffle,C4,4,U4->U5->U6,1,True,7049bc1bee310996,0.01485537409713938,0.0,0.012574157680849928,0.027429531777989305,True,True,True,-0.027429531777989305,0.0,True
25,transition_shuffle,C5,5,U5->U6->U7,-1,True,b73aa8f16a555e22,-0.012847860942438645,0.0532207891233556,0.03722219968085993,-0.028846450384934323,True,True,True,0.028846450384934323,0.0,True
25,transition_shuffle,C6,6,U6->U7->U8,1,True,819b8fd56234382d,0.017456263110845426,-0.1564559022901372,-0.14062956071342378,0.03328260468755884,True,True,True,-0.03328260468755884,0.0,True
25,transition_shuffle,C7,7,U7->U8->U9,-1,True,38090d6f3b849d58,-0.03428535818634149,0.21099587456395985,0.20384007116848088,-0.04144116158182046,True,True,True,0.04144116158182046,0.0,True
25,transition_shuffle,C8,8,U8->U9->U10,1,True,567da38a4a9071d2,0.028300196266687127,-0.15777508544060426,-0.14786624253141512,0.03820903917587626,True,True,True,-0.03820903917587626,0.0,True
25,transition_shuffle,C9,9,U9->U10->U11,-1,True,31b0ded895812d18,-0.010988210295316556,0.05453997227382265,0.042307394273661696,-0.023220788295477517,True,True,True,0.023220788295477517,0.0,True
25,transition_shuffle,C10,10,U10->U11->U12,1,True,d2db5d46b25339ca,0.03341346109106124,0.0,0.0048544178943252594,0.0382678789853865,True,True,True,-0.0382678789853865,0.0,True
25,transition_shuffle,C11,11,U11->U12->U13,-1,True,fefbce47ceef974d,-0.0655126325905077,-0.0,-0.008289143817008125,-0.07380177640751583,True,True,True,0.07380177640751583,0.0,True
25,transition_shuffle,C12,12,U12->U13->U14,1,True,a455a47ac180330c,0.09415800513543028,0.0,0.00957032317109116,0.10372832830652144,True,True,True,-0.10372832830652144,0.0,True
25,transition_shuffle,C13,13,U13->U14->U15,-1,True,ddef647a6abb98fd,-0.11617594432545571,0.031143288791440276,0.024444570064445698,-0.12287466305245029,True,True,True,0.12287466305245029,0.0,True
25,transition_shuffle,C14,14,U14->U15->U16,1,True,a65868e46c254407,0.11678597906285315,-0.0916323866761678,-0.0879734179561048,0.12044494778291615,True,True,True,-0.12044494778291615,0.0,True
25,transition_shuffle,C15,15,U15->U16->U17,-1,True,0e23ec519a767a59,-0.09043948845567029,0.1217373436233425,0.1063337512113996,-0.10584308086761318,True,True,True,0.10584308086761318,0.0,True
25,transition_shuffle,C16,16,U16->U17->U18,1,True,36670a9aef93a567,0.05695083650012776,-0.09059405483190223,-0.06953893539249761,0.07800595593953238,True,True,True,-0.07800595593953238,0.0,True
25,transition_shuffle,C17,17,U17->U18->U19,-1,True,7b3265e234e63985,-0.019925119423976522,0.030104956947174716,0.019480460390617398,-0.030549615980533844,True,True,True,0.030549615980533844,0.0,True
25,transition_shuffle,C18,18,U18->U19->U20,1,True,6888f9bbbe6d8269,0.03445990631312944,0.0,0.009644540862434828,0.04410444717556426,True,True,True,-0.04410444717556426,0.0,True
25,transition_shuffle,C19,19,U19->U20->U21,-1,True,747a8364838ae71d,-0.07410267007625267,-0.0,-0.005700985967080731,-0.07980365604333339,True,True,True,0.07980365604333339,0.0,True
25,transition_shuffle,C20,20,U20->U21->U22,1,True,f7d69d4a4806a26a,0.10124526792813807,0.0,0.000967670135122202,0.10221293806326026,True,True,True,-0.10221293806326026,0.0,True
25,transition_shuffle,C21,21,U21->U22->U23,-1,True,ef13b6a76409c402,-0.11083875923811072,-0.0,-0.010856385012731565,-0.12169514425084228,True,True,True,0.12169514425084228,0.0,True
25,transition_shuffle,C22,22,U22->U23->U24,1,True,3b1ab4685075a6fe,0.11533666790355393,0.08644669010920797,0.08511579620741251,0.11400577400175847,True,True,True,-0.11400577400175847,0.0,True
25,transition_shuffle,C23,23,U23->U24->U0,-1,True,d75d9840848d2aaf,-0.09308535073022242,-0.26209789045706294,-0.27594380233527954,-0.10693126260843902,True,True,True,0.10693126260843902,0.0,True
25,transition_shuffle,C24,24,U24->U0->U1,1,True,5114d01eeb97ab99,0.037519235987059286,0.3505294281561808,0.36610410681539035,0.053093914646268836,True,True,True,-0.053093914646268836,0.0,True
25,cocycle_break,C0,0,U0->U1->U2,1,True,aee384c87085b442,0.040379938034558485,0.26408273804697285,0.26942307499512447,0.045720274982710085,True,True,True,-0.045720274982710085,0.0,True
25,cocycle_break,C1,1,U1->U2->U3,-1,True,7c1a06489c12fdbf,-4.597755569337356e-16,-0.0884315376991179,-0.10852215747771454,-0.020090619778597107,True,True,True,0.020090619778597107,0.0,True
25,cocycle_break,C2,2,U2->U3->U4,1,True,75b7fabdca926502,4.4669382441011345e-16,0.0,0.012144839059086525,0.012144839059086972,True,True,True,-0.012144839059086972,0.0,True
25,cocycle_break,C3,3,U3->U4->U5,-1,True,794a662e9a0dda6b,-2.530711129667363e-16,-0.0,-0.007179536457255427,-0.007179536457255681,True,True,True,0.007179536457255681,0.0,True
25,cocycle_break,C4,4,U4->U5->U6,1,True,7049bc1bee310996,3.1548584785558623e-16,0.0,0.012588491182078037,0.012588491182078353,True,True,True,-0.012588491182078353,0.0,True
25,cocycle_break,C5,5,U5->U6->U7,-1,True,b73aa8f16a555e22,-2.2395190643872607e-16,0.0532207891233556,0.03720382524864966,-0.016016963874706164,True,True,True,0.016016963874706164,0.0,True
25,cocycle_break,C6,6,U6->U7->U8,1,True,819b8fd56234382d,2.4956942126974626e-16,-0.1564559022901372,-0.14060991145088822,0.01584599083924923,True,True,True,-0.01584599083924923,0.0,True
25,cocycle_break,C7,7,U7->U8->U9,-1,True,38090d6f3b849d58,-2.2205137113542276e-16,0.21099587456395985,0.2038243295803644,-0.007171544983595679,True,True,True,0.007171544983595679,0.0,True
25,cocycle_break,C8,8,U8->U9->U10,1,True,567da38a4a9071d2,3.338851000726225e-16,-0.15777508544060426,-0.14785675714775864,0.009918328292845946,True,True,True,-0.009918328292845946,0.0,True
25,cocycle_break,C9,9,U9->U10->U11,-1,True,31b0ded895812d18,-2.7407828215871355e-16,0.05453997227382265,0.04230019252178399,-0.01223977975203893,True,True,True,0.01223977975203893,0.0,True
25,cocycle_break,C10,10,U10->U11->U12,1,True,d2db5d46b25339ca,2.2397169763470955e-16,0.0,0.004860887443993735,0.004860887443993959,True,True,True,-0.004860887443993959,0.0,True
25,cocycle_break,C11,11,U11->U12->U13,-1,True,fefbce47ceef974d,-2.482589293075162e-16,-0.0,-0.008293288156446959,-0.008293288156447207,True,True,True,0.008293288156447207,0.0,True
25,cocycle_break,C12,12,U12->U13->U14,1,True,a455a47ac180330c,1.6017139261701826e-16,0.0,0.009568988091595693,0.009568988091595853,True,True,True,-0.009568988091595853,0.0,True
25,cocycle_break,C13,13,U13->U14->U15,-1,True,ddef647a6abb98fd,-3.3314882198695634e-16,0.031143288791440276,0.024456760453115067,-0.006686528338325542,True,True,True,0.006686528338325542,0.0,True
25,cocycle_break,C14,14,U14->U15->U16,1,True,a65868e46c254407,3.854555087623339e-17,-0.0916323866761678,-0.08799699243560057,0.0036353942405672746,True,True,True,-0.0036353942405672746,0.0,True
25,cocycle_break,C15,15,U15->U16->U17,-1,True,0e23ec519a767a59,-4.452711566305672e-16,0.1217373436233425,0.1063552192750918,-0.015382124348251147,True,True,True,0.015382124348251147,0.0,True
25,cocycle_break,C16,16,U16->U17->U18,1,True,36670a9aef93a567,3.1756644577346086e-16,-0.09059405483190223,-0.06954918239481368,0.02104487243708887,True,True,True,-0.02104487243708887,0.0,True
25,cocycle_break,C17,17,U17->U18->U19,-1,True,7b3265e234e63985,-2.2413862573239905e-16,0.030104956947174716,0.019480254472960798,-0.010624702474214143,True,True,True,0.010624702474214143,0.0,True
25,cocycle_break,C18,18,U18->U19->U20,1,True,6888f9bbbe6d8269,3.3375265664456265e-16,0.0,0.009649935857540974,0.009649935857541307,True,True,True,-0.009649935857541307,0.0,True
25,cocycle_break,C19,19,U19->U20->U21,-1,True,747a8364838ae71d,-4.455105838617367e-16,-0.0,-0.0057005235972558506,-0.005700523597256296,True,True,True,0.005700523597256296,0.0,True
25,cocycle_break,C20,20,U20->U21->U22,1,True,f7d69d4a4806a26a,2.693452901000595e-16,0.0,0.0009516879435527495,0.0009516879435530188,True,True,True,-0.0009516879435530188,0.0,True
25,cocycle_break,C21,21,U21->U22->U23,-1,True,ef13b6a76409c402,-2.49490341377297e-16,-0.0,-0.010826421181639526,-0.010826421181639775,True,True,True,0.010826421181639775,0.0,True
25,cocycle_break,C22,22,U22->U23->U24,1,True,3b1ab4685075a6fe,1.5753471680789955e-16,0.08644669010920797,0.08507345960694225,-0.0013732305022655655,True,True,True,0.0013732305022655655,0.0,True
25,cocycle_break,C23,23,U23->U24->U0,-1,True,d75d9840848d2aaf,-2.2255046027234274e-16,-0.26209789045706294,-0.2758967242665092,-0.013798833809446465,True,True,True,0.013798833809446465,0.0,True
25,cocycle_break,C24,24,U24->U0->U1,1,True,5114d01eeb97ab99,0.040376157981773325,0.3505294281561808,0.366113567441119,0.05596029726671148,True,True,True,-0.05596029726671148,0.0,True
25,source_current_shuffle,C0,0,U0->U1->U2,1,True,aee384c87085b442,6.295038536414768e-18,0.0,0.2693830749951245,0.2693830749951245,False,True,True,-0.2693830749951245,0.0,True
25,source_current_shuffle,C1,1,U1->U2->U3,-1,True,7c1a06489c12fdbf,-4.597755569337356e-16,-0.0,-0.10852215747771454,-0.108522157477715,False,True,True,0.108522157477715,0.0,True
25,source_current_shuffle,C2,2,U2->U3->U4,1,True,75b7fabdca926502,4.4669382441011345e-16,0.0,0.012144839059086525,0.012144839059086972,False,True,True,-0.012144839059086972,0.0,True
25,source_current_shuffle,C3,3,U3->U4->U5,-1,True,794a662e9a0dda6b,-2.530711129667363e-16,0.0532207891233556,-0.007179536457255427,-0.06040032558061128,False,True,True,0.06040032558061128,0.0,True
25,source_current_shuffle,C4,4,U4->U5->U6,1,True,7049bc1bee310996,3.1548584785558623e-16,-0.1564559022901372,0.012588491182078037,0.16904439347221553,False,True,True,-0.16904439347221553,0.0,True
25,source_current_shuffle,C5,5,U5->U6->U7,-1,True,b73aa8f16a555e22,-2.2395190643872607e-16,0.21099587456395985,0.03720382524864966,-0.17379204931531042,False,True,True,0.17379204931531042,0.0,True
25,source_current_shuffle,C6,6,U6->U7->U8,1,True,819b8fd56234382d,2.4956942126974626e-16,-0.15777508544060426,-0.14060991145088822,0.017165173989716287,False,True,True,-0.017165173989716287,0.0,True
25,source_current_shuffle,C7,7,U7->U8->U9,-1,True,38090d6f3b849d58,-2.2205137113542276e-16,0.05453997227382265,0.2038243295803644,0.14928435730654152,False,True,True,-0.14928435730654152,0.0,True
25,source_current_shuffle,C8,8,U8->U9->U10,1,True,567da38a4a9071d2,3.338851000726225e-16,0.0,-0.14785675714775864,-0.1478567571477583,False,True,True,0.1478567571477583,0.0,True
25,source_current_shuffle,C9,9,U9->U10->U11,-1,True,31b0ded895812d18,-2.7407828215871355e-16,-0.0,0.04230019252178399,0.04230019252178372,False,True,True,-0.04230019252178372,0.0,True
25,source_current_shuffle,C10,10,U10->U11->U12,1,True,d2db5d46b25339ca,2.2397169763470955e-16,0.0,0.004860887443993735,0.004860887443993959,False,True,True,-0.004860887443993959,0.0,True
25,source_current_shuffle,C11,11,U11->U12->U13,-1,True,fefbce47ceef974d,-2.482589293075162e-16,0.031143288791440276,-0.008293288156446959,-0.039436576947887485,False,True,True,0.039436576947887485,0.0,True
25,source_current_shuffle,C12,12,U12->U13->U14,1,True,a455a47ac180330c,1.6017139261701826e-16,-0.0916323866761678,0.009568988091595693,0.10120137476776365,False,True,True,-0.10120137476776365,0.0,True
25,source_current_shuffle,C13,13,U13->U14->U15,-1,True,ddef647a6abb98fd,-3.3314882198695634e-16,0.1217373436233425,0.024456760453115067,-0.09728058317022777,False,True,True,0.09728058317022777,0.0,True
25,source_current_shuffle,C14,14,U14->U15->U16,1,True,a65868e46c254407,3.854555087623339e-17,-0.09059405483190223,-0.08799699243560057,0.002597062396301711,False,True,True,-0.002597062396301711,0.0,True
25,source_current_shuffle,C15,15,U15->U16->U17,-1,True,0e23ec519a767a59,-4.452711566305672e-16,0.030104956947174716,0.1063552192750918,0.07625026232791664,False,True,True,-0.07625026232791664,0.0,True
25,source_current_shuffle,C16,16,U16->U17->U18,1,True,36670a9aef93a567,3.1756644577346086e-16,0.0,-0.06954918239481368,-0.06954918239481336,False,True,True,0.06954918239481336,0.0,True
25,source_current_shuffle,C17,17,U17->U18->U19,-1,True,7b3265e234e63985,-2.2413862573239905e-16,-0.0,0.019480254472960798,0.019480254472960572,False,True,True,-0.019480254472960572,0.0,True
25,source_current_shuffle,C18,18,U18->U19->U20,1,True,6888f9bbbe6d8269,3.3375265664456265e-16,0.0,0.009649935857540974,0.009649935857541307,False,True,True,-0.009649935857541307,0.0,True
25,source_current_shuffle,C19,19,U19->U20->U21,-1,True,747a8364838ae71d,-4.455105838617367e-16,-0.0,-0.0057005235972558506,-0.005700523597256296,False,True,True,0.005700523597256296,0.0,True
25,source_current_shuffle,C20,20,U20->U21->U22,1,True,f7d69d4a4806a26a,2.693452901000595e-16,0.08644669010920797,0.0009516879435527495,-0.08549500216565495,False,True,True,0.08549500216565495,0.0,True
25,source_current_shuffle,C21,21,U21->U22->U23,-1,True,ef13b6a76409c402,-2.49490341377297e-16,-0.26209789045706294,-0.010826421181639526,0.2512714692754232,False,True,True,-0.2512714692754232,0.0,True
25,source_current_shuffle,C22,22,U22->U23->U24,1,True,3b1ab4685075a6fe,1.5753471680789955e-16,0.3505294281561808,0.08507345960694225,-0.2654559685492384,False,True,True,0.2654559685492384,0.0,True
25,source_current_shuffle,C23,23,U23->U24->U0,-1,True,d75d9840848d2aaf,-2.2255046027234274e-16,0.26408273804697285,-0.2758967242665092,-0.5399794623134823,False,True,True,0.5399794623134823,0.0,True
25,source_current_shuffle,C24,24,U24->U0->U1,1,True,5114d01eeb97ab99,1.9164450611381407e-17,-0.0884315376991179,0.36607356744111896,0.4545051051402369,False,True,True,-0.4545051051402369,0.0,True
25,boundary_pairing_shuffle,C0,0,U0->U1->U2,1,True,aee384c87085b442,6.295038536414768e-18,0.26408273804697285,0.012144839059086525,-0.2519378989878863,True,False,True,0.2519378989878863,0.0,True
25,boundary_pairing_shuffle,C1,1,U1->U2->U3,-1,True,7c1a06489c12fdbf,-4.597755569337356e-16,-0.0884315376991179,-0.007179536457255427,0.081252001241862,True,False,True,-0.081252001241862,0.0,True
25,boundary_pairing_shuffle,C2,2,U2->U3->U4,1,True,75b7fabdca926502,4.4669382441011345e-16,0.0,0.012588491182078037,0.012588491182078484,True,False,True,-0.012588491182078484,0.0,True
25,boundary_pairing_shuffle,C3,3,U3->U4->U5,-1,True,794a662e9a0dda6b,-2.530711129667363e-16,-0.0,0.03720382524864966,0.03720382524864941,True,False,True,-0.03720382524864941,0.0,True
25,boundary_pairing_shuffle,C4,4,U4->U5->U6,1,True,7049bc1bee310996,3.1548584785558623e-16,0.0,-0.14060991145088822,-0.14060991145088791,True,False,True,0.14060991145088791,0.0,True
25,boundary_pairing_shuffle,C5,5,U5->U6->U7,-1,True,b73aa8f16a555e22,-2.2395190643872607e-16,0.0532207891233556,0.2038243295803644,0.15060354045700858,True,False,True,-0.15060354045700858,0.0,True
25,boundary_pairing_shuffle,C6,6,U6->U7->U8,1,True,819b8fd56234382d,2.4956942126974626e-16,-0.1564559022901372,-0.14785675714775864,0.008599145142378806,True,False,True,-0.008599145142378806,0.0,True
25,boundary_pairing_shuffle,C7,7,U7->U8->U9,-1,True,38090d6f3b849d58,-2.2205137113542276e-16,0.21099587456395985,0.04230019252178399,-0.16869568204217608,True,False,True,0.16869568204217608,0.0,True
25,boundary_pairing_shuffle,C8,8,U8->U9->U10,1,True,567da38a4a9071d2,3.338851000726225e-16,-0.15777508544060426,0.004860887443993735,0.16263597288459833,True,False,True,-0.16263597288459833,0.0,True
25,boundary_pairing_shuffle,C9,9,U9->U10->U11,-1,True,31b0ded895812d18,-2.7407828215871355e-16,0.05453997227382265,-0.008293288156446959,-0.06283326043026988,True,False,True,0.06283326043026988,0.0,True
25,boundary_pairing_shuffle,C10,10,U10->U11->U12,1,True,d2db5d46b25339ca,2.2397169763470955e-16,0.0,0.009568988091595693,0.009568988091595917,True,False,True,-0.009568988091595917,0.0,True
25,boundary_pairing_shuffle,C11,11,U11->U12->U13,-1,True,fefbce47ceef974d,-2.482589293075162e-16,-0.0,0.024456760453115067,0.024456760453114817,True,False,True,-0.024456760453114817,0.0,True
25,boundary_pairing_shuffle,C12,12,U12->U13->U14,1,True,a455a47ac180330c,1.6017139261701826e-16,0.0,-0.08799699243560057,-0.0879969924356004,True,False,True,0.0879969924356004,0.0,True
25,boundary_pairing_shuffle,C13,13,U13->U14->U15,-1,True,ddef647a6abb98fd,-3.3314882198695634e-16,0.031143288791440276,0.1063552192750918,0.07521193048365118,True,False,True,-0.07521193048365118,0.0,True
25,boundary_pairing_shuffle,C14,14,U14->U15->U16,1,True,a65868e46c254407,3.854555087623339e-17,-0.0916323866761678,-0.06954918239481368,0.022083204281354157,True,False,True,-0.022083204281354157,0.0,True
25,boundary_pairing_shuffle,C15,15,U15->U16->U17,-1,True,0e23ec519a767a59,-4.452711566305672e-16,0.1217373436233425,0.019480254472960798,-0.10225708915038215,True,False,True,0.10225708915038215,0.0,True
25,boundary_pairing_shuffle,C16,16,U16->U17->U18,1,True,36670a9aef93a567,3.1756644577346086e-16,-0.09059405483190223,0.009649935857540974,0.10024399068944354,True,False,True,-0.10024399068944354,0.0,True
25,boundary_pairing_shuffle,C17,17,U17->U18->U19,-1,True,7b3265e234e63985,-2.2413862573239905e-16,0.030104956947174716,-0.0057005235972558506,-0.03580548054443079,True,False,True,0.03580548054443079,0.0,True
25,boundary_pairing_shuffle,C18,18,U18->U19->U20,1,True,6888f9bbbe6d8269,3.3375265664456265e-16,0.0,0.0009516879435527495,0.0009516879435530832,True,False,True,-0.0009516879435530832,0.0,True
25,boundary_pairing_shuffle,C19,19,U19->U20->U21,-1,True,747a8364838ae71d,-4.455105838617367e-16,-0.0,-0.010826421181639526,-0.010826421181639971,True,False,True,0.010826421181639971,0.0,True
25,boundary_pairing_shuffle,C20,20,U20->U21->U22,1,True,f7d69d4a4806a26a,2.693452901000595e-16,0.0,0.08507345960694225,0.08507345960694251,True,False,True,-0.08507345960694251,0.0,True
25,boundary_pairing_shuffle,C21,21,U21->U22->U23,-1,True,ef13b6a76409c402,-2.49490341377297e-16,-0.0,-0.2758967242665092,-0.2758967242665094,True,False,True,0.2758967242665094,0.0,True
25,boundary_pairing_shuffle,C22,22,U22->U23->U24,1,True,3b1ab4685075a6fe,1.5753471680789955e-16,0.08644669010920797,0.36607356744111896,0.27962687733191116,True,False,True,-0.27962687733191116,0.0,True
25,boundary_pairing_shuffle,C23,23,U23->U24->U0,-1,True,d75d9840848d2aaf,-2.2255046027234274e-16,-0.26209789045706294,0.2693830749951245,0.5314809654521873,True,False,True,-0.5314809654521873,0.0,True
25,boundary_pairing_shuffle,C24,24,U24->U0->U1,1,True,5114d01eeb97ab99,1.9164450611381407e-17,0.3505294281561808,-0.10852215747771454,-0.45905158563389536,True,False,True,0.45905158563389536,0.0,True
25,W3_local_free_random,C0,0,U0->U1->U2,1,True,9b2887eabe074b13,6.295038536414768e-18,0.26408273804697285,0.2744716550363939,0.010388916989421071,True,True,True,-0.010388916989421071,0.0,True
25,W3_local_free_random,C1,1,U1->U2->U3,-1,True,b65590f83b114846,-4.597755569337356e-16,-0.0884315376991179,-0.10316317486564991,-0.014731637166532474,True,True,True,0.014731637166532474,0.0,True
25,W3_local_free_random,C2,2,U2->U3->U4,1,True,bbb3c8076e71e11f,4.4669382441011345e-16,0.0,0.006174775189507339,0.006174775189507786,True,True,True,-0.006174775189507786,0.0,True
25,W3_local_free_random,C3,3,U3->U4->U5,-1,True,62913d38f61714fb,-2.530711129667363e-16,-0.0,-0.007342910296424469,-0.007342910296424723,True,True,True,0.007342910296424723,0.0,True
25,W3_local_free_random,C4,4,U4->U5->U6,1,True,912a553e944b05e0,3.1548584785558623e-16,0.0,0.012251563892328747,0.012251563892329063,True,True,True,-0.012251563892329063,0.0,True
25,W3_local_free_random,C5,5,U5->U6->U7,-1,True,27b533ae6c4e33c6,-2.2395190643872607e-16,0.0532207891233556,0.04202197270821176,-0.011198816415144065,True,True,True,0.011198816415144065,0.0,True
25,W3_local_free_random,C6,6,U6->U7->U8,1,True,46247253a3ef98f3,2.4956942126974626e-16,-0.1564559022901372,-0.13992651995449806,0.016529382335639387,True,True,True,-0.016529382335639387,0.0,True
25,W3_local_free_random,C7,7,U7->U8->U9,-1,True,5313999501f75033,-2.2205137113542276e-16,0.21099587456395985,0.20142760116829683,-0.00956827339566324,True,True,True,0.00956827339566324,0.0,True
25,W3_local_free_random,C8,8,U8->U9->U10,1,True,404e8102bd723ae2,3.338851000726225e-16,-0.15777508544060426,-0.1517233975935244,0.006051687847080184,True,True,True,-0.006051687847080184,0.0,True
25,W3_local_free_random,C9,9,U9->U10->U11,-1,True,86b1efbbabc30b70,-2.7407828215871355e-16,0.05453997227382265,0.046493651797876,-0.008046320475946923,True,True,True,0.008046320475946923,0.0,True
25,W3_local_free_random,C10,10,U10->U11->U12,1,True,8a35d425c80fda97,2.2397169763470955e-16,0.0,0.01077830032855186,0.010778300328552084,True,True,True,-0.010778300328552084,0.0,True
25,W3_local_free_random,C11,11,U11->U12->U13,-1,True,b739ab80024f4d57,-2.482589293075162e-16,-0.0,-0.00639082949056328,-0.006390829490563528,True,True,True,0.006390829490563528,0.0,True
25,W3_local_free_random,C12,12,U12->U13->U14,1,True,6bdedbb17398627d,1.6017139261701826e-16,0.0,0.004931495900950185,0.004931495900950346,True,True,True,-0.004931495900950346,0.0,True
25,W3_local_free_random,C13,13,U13->U14->U15,-1,True,e777143850745932,-3.3314882198695634e-16,0.031143288791440276,0.019158195983904527,-0.011985092807536082,True,True,True,0.011985092807536082,0.0,True
25,W3_local_free_random,C14,14,U14->U15->U16,1,True,3450b68d47d9e6ce,3.854555087623339e-17,-0.0916323866761678,-0.08381592665396373,0.00781646002220411,True,True,True,-0.00781646002220411,0.0,True
25,W3_local_free_random,C15,15,U15->U16->U17,-1,True,b8a4411029cdb1cb,-4.452711566305672e-16,0.1217373436233425,0.1077555953128407,-0.013981748310502251,True,True,True,0.013981748310502251,0.0,True
25,W3_local_free_random,C16,16,U16->U17->U18,1,True,312d9a55f3838fdd,3.1756644577346086e-16,-0.09059405483190223,-0.07476808783283916,0.0158259669990634,True,True,True,-0.0158259669990634,0.0,True
25,W3_local_free_random,C17,17,U17->U18->U19,-1,True,d107d70fa9bf1106,-2.2413862573239905e-16,0.030104956947174716,0.015280075313165538,-0.014824881634009404,True,True,True,0.014824881634009404,0.0,True
25,W3_local_free_random,C18,18,U18->U19->U20,1,True,35ca960c9863f3a9,3.3375265664456265e-16,0.0,0.00369688688312716,0.003696886883127494,True,True,True,-0.003696886883127494,0.0,True
25,W3_local_free_random,C19,19,U19->U20->U21,-1,True,95d1122aadb75be0,-4.455105838617367e-16,-0.0,-0.013278398670121625,-0.013278398670122071,True,True,True,0.013278398670122071,0.0,True
25,W3_local_free_random,C20,20,U20->U21->U22,1,True,c3de4d8e435da412,2.693452901000595e-16,0.0,0.005493182963076148,0.005493182963076417,True,True,True,-0.005493182963076417,0.0,True
25,W3_local_free_random,C21,21,U21->U22->U23,-1,True,e476603f030e47b3,-2.49490341377297e-16,-0.0,-0.012868868244040474,-0.012868868244040724,True,True,True,0.012868868244040724,0.0,True
25,W3_local_free_random,C22,22,U22->U23->U24,1,True,63b48764720beb88,1.5753471680789955e-16,0.08644669010920797,0.08813649585831888,0.0016898057491110674,True,True,True,-0.0016898057491110674,0.0,True
25,W3_local_free_random,C23,23,U23->U24->U0,-1,True,c5a59d5335113ac5,-2.2255046027234274e-16,-0.26209789045706294,-0.27191041260517307,-0.009812522148110348,True,True,True,0.009812522148110348,0.0,True
25,W3_local_free_random,C24,24,U24->U0->U1,1,True,6441bfde143d23e2,1.9164450611381407e-17,0.3505294281561808,0.3657121337658263,0.015182705609645464,True,True,True,-0.015182705609645464,0.0,True
25,W3_adjacency_shuffle,C0,0,U0->U1->U2,1,True,aee384c87085b442,6.295038536414768e-18,0.26408273804697285,0.27171659276955434,0.00763385472258149,True,True,True,-0.00763385472258149,0.0,True
25,W3_adjacency_shuffle,C1,1,U1->U2->U3,-1,True,7c1a06489c12fdbf,-4.597755569337356e-16,-0.0884315376991179,-0.110455497373144,-0.022023959674026566,True,True,True,0.022023959674026566,0.0,True
25,W3_adjacency_shuffle,C2,2,U2->U3->U4,1,True,75b7fabdca926502,4.4669382441011345e-16,0.0,0.00973988944660425,0.009739889446604698,True,True,True,-0.009739889446604698,0.0,True
25,W3_adjacency_shuffle,C3,3,U3->U4->U5,-1,True,794a662e9a0dda6b,-2.530711129667363e-16,-0.0,-0.0074543785463362195,-0.007454378546336473,True,True,True,0.007454378546336473,0.0,True
25,W3_adjacency_shuffle,C4,4,U4->U5->U6,1,True,7049bc1bee310996,3.1548584785558623e-16,0.0,0.013371877878069338,0.013371877878069654,True,True,True,-0.013371877878069654,0.0,True
25,W3_adjacency_shuffle,C5,5,U5->U6->U7,-1,True,b73aa8f16a555e22,-2.2395190643872607e-16,0.0532207891233556,0.03987250841273542,-0.0133482807106204,True,True,True,0.0133482807106204,0.0,True
25,W3_adjacency_shuffle,C6,6,U6->U7->U8,1,True,819b8fd56234382d,2.4956942126974626e-16,-0.1564559022901372,-0.13384852097548708,0.02260738131465037,True,True,True,-0.02260738131465037,0.0,True
25,W3_adjacency_shuffle,C7,7,U7->U8->U9,-1,True,38090d6f3b849d58,-2.2205137113542276e-16,0.21099587456395985,0.19698412168678808,-0.01401175287717199,True,True,True,0.01401175287717199,0.0,True
25,W3_adjacency_shuffle,C8,8,U8->U9->U10,1,True,567da38a4a9071d2,3.338851000726225e-16,-0.15777508544060426,-0.15340918901316267,0.004365896427441923,True,True,True,-0.004365896427441923,0.0,True
25,W3_adjacency_shuffle,C9,9,U9->U10->U11,-1,True,31b0ded895812d18,-2.7407828215871355e-16,0.05453997227382265,0.04510289925018751,-0.00943707302363541,True,True,True,0.00943707302363541,0.0,True
25,W3_adjacency_shuffle,C10,10,U10->U11->U12,1,True,d2db5d46b25339ca,2.2397169763470955e-16,0.0,0.010866832691402725,0.010866832691402949,True,True,True,-0.010866832691402949,0.0,True
25,W3_adjacency_shuffle,C11,11,U11->U12->U13,-1,True,fefbce47ceef974d,-2.482589293075162e-16,-0.0,-0.0045427591013099304,-0.0045427591013101785,True,True,True,0.0045427591013101785,0.0,True
25,W3_adjacency_shuffle,C12,12,U12->U13->U14,1,True,a455a47ac180330c,1.6017139261701826e-16,0.0,0.008695335115966978,0.008695335115967137,True,True,True,-0.008695335115967137,0.0,True
25,W3_adjacency_shuffle,C13,13,U13->U14->U15,-1,True,ddef647a6abb98fd,-3.3314882198695634e-16,0.031143288791440276,0.024521023035792046,-0.006622265755648563,True,True,True,0.006622265755648563,0.0,True
25,W3_adjacency_shuffle,C14,14,U14->U15->U16,1,True,a65868e46c254407,3.854555087623339e-17,-0.0916323866761678,-0.09043344629280405,0.0011989403833637946,True,True,True,-0.0011989403833637946,0.0,True
25,W3_adjacency_shuffle,C15,15,U15->U16->U17,-1,True,0e23ec519a767a59,-4.452711566305672e-16,0.1217373436233425,0.10703059705307186,-0.014706746570271087,True,True,True,0.014706746570271087,0.0,True
25,W3_adjacency_shuffle,C16,16,U16->U17->U18,1,True,36670a9aef93a567,3.1756644577346086e-16,-0.09059405483190223,-0.07113619133991521,0.019457863491987346,True,True,True,-0.019457863491987346,0.0,True
25,W3_adjacency_shuffle,C17,17,U17->U18->U19,-1,True,7b3265e234e63985,-2.2413862573239905e-16,0.030104956947174716,0.018797060213050103,-0.011307896734124839,True,True,True,0.011307896734124839,0.0,True
25,W3_adjacency_shuffle,C18,18,U18->U19->U20,1,True,6888f9bbbe6d8269,3.3375265664456265e-16,0.0,0.006629502383471064,0.006629502383471398,True,True,True,-0.006629502383471398,0.0,True
25,W3_adjacency_shuffle,C19,19,U19->U20->U21,-1,True,747a8364838ae71d,-4.455105838617367e-16,-0.0,-0.005384047478078618,-0.005384047478079064,True,True,True,0.005384047478079064,0.0,True
25,W3_adjacency_shuffle,C20,20,U20->U21->U22,1,True,f7d69d4a4806a26a,2.693452901000595e-16,0.0,0.0037310578439442455,0.003731057843944515,True,True,True,-0.003731057843944515,0.0,True
25,W3_adjacency_shuffle,C21,21,U21->U22->U23,-1,True,ef13b6a76409c402,-2.49490341377297e-16,-0.0,-0.012134639825914582,-0.012134639825914832,True,True,True,0.012134639825914832,0.0,True
25,W3_adjacency_shuffle,C22,22,U22->U23->U24,1,True,3b1ab4685075a6fe,1.5753471680789955e-16,0.08644669010920797,0.09008081966838291,0.003634129559175095,True,True,True,-0.003634129559175095,0.0,True
25,W3_adjacency_shuffle,C23,23,U23->U24->U0,-1,True,d75d9840848d2aaf,-2.2255046027234274e-16,-0.26209789045706294,-0.27414792138783695,-0.012050030930774225,True,True,True,0.012050030930774225,0.0,True
25,W3_adjacency_shuffle,C24,24,U24->U0->U1,1,True,5114d01eeb97ab99,1.9164450611381407e-17,0.3505294281561808,0.35926456353980596,0.008735135383625137,True,True,True,-0.008735135383625137,0.0,True
25,W3_provenance_shuffle,C0,0,U0->U1->U2,1,True,aee384c87085b442,6.295038536414768e-18,0.26408273804697285,0.2676427519093989,0.003560013862426048,True,True,True,-0.003560013862426048,0.0,True
25,W3_provenance_shuffle,C1,1,U1->U2->U3,-1,True,7c1a06489c12fdbf,-4.597755569337356e-16,-0.0884315376991179,-0.10443553208946046,-0.01600399439034303,True,True,True,0.01600399439034303,0.0,True
25,W3_provenance_shuffle,C2,2,U2->U3->U4,1,True,75b7fabdca926502,4.4669382441011345e-16,0.0,0.01392653581091793,0.013926535810918378,True,True,True,-0.013926535810918378,0.0,True
25,W3_provenance_shuffle,C3,3,U3->U4->U5,-1,True,794a662e9a0dda6b,-2.530711129667363e-16,-0.0,-0.015149614973203612,-0.015149614973203865,True,True,True,0.015149614973203865,0.0,True
25,W3_provenance_shuffle,C4,4,U4->U5->U6,1,True,7049bc1bee310996,3.1548584785558623e-16,0.0,0.012376948964781264,0.01237694896478158,True,True,True,-0.01237694896478158,0.0,True
25,W3_provenance_shuffle,C5,5,U5->U6->U7,-1,True,b73aa8f16a555e22,-2.2395190643872607e-16,0.0532207891233556,0.044048344122506494,-0.009172445000849329,True,True,True,0.009172445000849329,0.0,True
25,W3_provenance_shuffle,C6,6,U6->U7->U8,1,True,819b8fd56234382d,2.4956942126974626e-16,-0.1564559022901372,-0.14814878684686875,0.008307115443268703,True,True,True,-0.008307115443268703,0.0,True
25,W3_provenance_shuffle,C7,7,U7->U8->U9,-1,True,38090d6f3b849d58,-2.2205137113542276e-16,0.21099587456395985,0.20098602225691162,-0.010009852307048456,True,True,True,0.010009852307048456,0.0,True
25,W3_provenance_shuffle,C8,8,U8->U9->U10,1,True,567da38a4a9071d2,3.338851000726225e-16,-0.15777508544060426,-0.14780069795075954,0.009974387489845055,True,True,True,-0.009974387489845055,0.0,True
25,W3_provenance_shuffle,C9,9,U9->U10->U11,-1,True,31b0ded895812d18,-2.7407828215871355e-16,0.05453997227382265,0.03785809208219285,-0.01668188019163007,True,True,True,0.01668188019163007,0.0,True
25,W3_provenance_shuffle,C10,10,U10->U11->U12,1,True,d2db5d46b25339ca,2.2397169763470955e-16,0.0,0.004771919414462794,0.004771919414463018,True,True,True,-0.004771919414463018,0.0,True
25,W3_provenance_shuffle,C11,11,U11->U12->U13,-1,True,fefbce47ceef974d,-2.482589293075162e-16,-0.0,-0.008149884274624365,-0.008149884274624613,True,True,True,0.008149884274624613,0.0,True
25,W3_provenance_shuffle,C12,12,U12->U13->U14,1,True,a455a47ac180330c,1.6017139261701826e-16,0.0,0.010290240852547022,0.010290240852547181,True,True,True,-0.010290240852547181,0.0,True
25,W3_provenance_shuffle,C13,13,U13->U14->U15,-1,True,ddef647a6abb98fd,-3.3314882198695634e-16,0.031143288791440276,0.02299014024534874,-0.008153148546091869,True,True,True,0.008153148546091869,0.0,True
25,W3_provenance_shuffle,C14,14,U14->U15->U16,1,True,a65868e46c254407,3.854555087623339e-17,-0.0916323866761678,-0.08024955561704362,0.011382831059124215,True,True,True,-0.011382831059124215,0.0,True
25,W3_provenance_shuffle,C15,15,U15->U16->U17,-1,True,0e23ec519a767a59,-4.452711566305672e-16,0.1217373436233425,0.11193178234469481,-0.009805561278648137,True,True,True,0.009805561278648137,0.0,True
25,W3_provenance_shuffle,C16,16,U16->U17->U18,1,True,36670a9aef93a567,3.1756644577346086e-16,-0.09059405483190223,-0.06947602757749416,0.021118027254408395,True,True,True,-0.021118027254408395,0.0,True
25,W3_provenance_shuffle,C17,17,U17->U18->U19,-1,True,7b3265e234e63985,-2.2413862573239905e-16,0.030104956947174716,0.019436792998633858,-0.010668163948541084,True,True,True,0.010668163948541084,0.0,True
25,W3_provenance_shuffle,C18,18,U18->U19->U20,1,True,6888f9bbbe6d8269,3.3375265664456265e-16,0.0,0.01100836268064196,0.011008362680642293,True,True,True,-0.011008362680642293,0.0,True
25,W3_provenance_shuffle,C19,19,U19->U20->U21,-1,True,747a8364838ae71d,-4.455105838617367e-16,-0.0,0.0022424874544709657,0.0022424874544705203,True,True,True,-0.0022424874544705203,0.0,True
25,W3_provenance_shuffle,C20,20,U20->U21->U22,1,True,f7d69d4a4806a26a,2.693452901000595e-16,0.0,-0.0009443982179150323,-0.000944398217914763,True,True,True,0.000944398217914763,0.0,True
25,W3_provenance_shuffle,C21,21,U21->U22->U23,-1,True,ef13b6a76409c402,-2.49490341377297e-16,-0.0,-0.016616986068983416,-0.016616986068983666,True,True,True,0.016616986068983666,0.0,True
25,W3_provenance_shuffle,C22,22,U22->U23->U24,1,True,3b1ab4685075a6fe,1.5753471680789955e-16,0.08644669010920797,0.0867729228531149,0.00032623274390708445,True,True,True,-0.00032623274390708445,0.0,True
25,W3_provenance_shuffle,C23,23,U23->U24->U0,-1,True,d75d9840848d2aaf,-2.2255046027234274e-16,-0.26209789045706294,-0.2779854217802969,-0.015887531323234172,True,True,True,0.015887531323234172,0.0,True
25,W3_provenance_shuffle,C24,24,U24->U0->U1,1,True,5114d01eeb97ab99,1.9164450611381407e-17,0.3505294281561808,0.364066163819235,0.013536735663054189,True,True,True,-0.013536735663054189,0.0,True
25,W3_subdivision_break,C0,0,U0->U1->U2,1,True,aee384c87085b442,6.295038536414768e-18,0.26408273804697285,0.27195815903474146,0.007875420987768611,True,True,True,-0.007875420987768611,0.0,True
25,W3_subdivision_break,C1,1,U1->U2->U3,-1,True,7c1a06489c12fdbf,-4.597755569337356e-16,-0.0884315376991179,-0.10852215747771454,-0.020090619778597107,True,True,True,0.020090619778597107,0.0,True
25,W3_subdivision_break,C2,2,U2->U3->U4,1,True,75b7fabdca926502,4.4669382441011345e-16,0.0,0.012144839059086525,0.012144839059086972,True,True,True,-0.012144839059086972,0.0,True
25,W3_subdivision_break,C3,3,U3->U4->U5,-1,True,794a662e9a0dda6b,-2.530711129667363e-16,-0.0,-0.0023062994646399103,-0.0023062994646401635,True,True,True,0.0023062994646401635,0.0,True
25,W3_subdivision_break,C4,4,U4->U5->U6,1,True,7049bc1bee310996,3.1548584785558623e-16,0.0,0.012588491182078037,0.012588491182078353,True,True,True,-0.012588491182078353,0.0,True
25,W3_subdivision_break,C5,5,U5->U6->U7,-1,True,b73aa8f16a555e22,-2.2395190643872607e-16,0.0532207891233556,0.03720382524864966,-0.016016963874706164,True,True,True,0.016016963874706164,0.0,True
25,W3_subdivision_break,C6,6,U6->U7->U8,1,True,819b8fd56234382d,2.4956942126974626e-16,-0.1564559022901372,-0.14147746023160057,0.014978442058536878,True,True,True,-0.014978442058536878,0.0,True
25,W3_subdivision_break,C7,7,U7->U8->U9,-1,True,38090d6f3b849d58,-2.2205137113542276e-16,0.21099587456395985,0.2038243295803644,-0.007171544983595679,True,True,True,0.007171544983595679,0.0,True
25,W3_subdivision_break,C8,8,U8->U9->U10,1,True,567da38a4a9071d2,3.338851000726225e-16,-0.15777508544060426,-0.14785675714775864,0.009918328292845946,True,True,True,-0.009918328292845946,0.0,True
25,W3_subdivision_break,C9,9,U9->U10->U11,-1,True,31b0ded895812d18,-2.7407828215871355e-16,0.05453997227382265,0.041735326460340685,-0.012804645813482236,True,True,True,0.012804645813482236,0.0,True
25,W3_subdivision_break,C10,10,U10->U11->U12,1,True,d2db5d46b25339ca,2.2397169763470955e-16,0.0,0.004860887443993735,0.004860887443993959,True,True,True,-0.004860887443993959,0.0,True
25,W3_subdivision_break,C11,11,U11->U12->U13,-1,True,fefbce47ceef974d,-2.482589293075162e-16,-0.0,-0.008293288156446959,-0.008293288156447207,True,True,True,0.008293288156447207,0.0,True
25,W3_subdivision_break,C12,12,U12->U13->U14,1,True,a455a47ac180330c,1.6017139261701826e-16,0.0,0.012074184860830076,0.012074184860830235,True,True,True,-0.012074184860830235,0.0,True
25,W3_subdivision_break,C13,13,U13->U14->U15,-1,True,ddef647a6abb98fd,-3.3314882198695634e-16,0.031143288791440276,0.024456760453115067,-0.006686528338325542,True,True,True,0.006686528338325542,0.0,True
25,W3_subdivision_break,C14,14,U14->U15->U16,1,True,a65868e46c254407,3.854555087623339e-17,-0.0916323866761678,-0.08799699243560057,0.0036353942405672746,True,True,True,-0.0036353942405672746,0.0,True
25,W3_subdivision_break,C15,15,U15->U16->U17,-1,True,0e23ec519a767a59,-4.452711566305672e-16,0.1217373436233425,0.10384754697587842,-0.017889796647464526,True,True,True,0.017889796647464526,0.0,True
25,W3_subdivision_break,C16,16,U16->U17->U18,1,True,36670a9aef93a567,3.1756644577346086e-16,-0.09059405483190223,-0.06954918239481368,0.02104487243708887,True,True,True,-0.02104487243708887,0.0,True
25,W3_subdivision_break,C17,17,U17->U18->U19,-1,True,7b3265e234e63985,-2.2413862573239905e-16,0.030104956947174716,0.019480254472960798,-0.010624702474214143,True,True,True,0.010624702474214143,0.0,True
25,W3_subdivision_break,C18,18,U18->U19->U20,1,True,6888f9bbbe6d8269,3.3375265664456265e-16,0.0,0.005681674899101799,0.005681674899102133,True,True,True,-0.005681674899102133,0.0,True
25,W3_subdivision_break,C19,19,U19->U20->U21,-1,True,747a8364838ae71d,-4.455105838617367e-16,-0.0,-0.0057005235972558506,-0.005700523597256296,True,True,True,0.005700523597256296,0.0,True
25,W3_subdivision_break,C20,20,U20->U21->U22,1,True,f7d69d4a4806a26a,2.693452901000595e-16,0.0,0.0009516879435527495,0.0009516879435530188,True,True,True,-0.0009516879435530188,0.0,True
25,W3_subdivision_break,C21,21,U21->U22->U23,-1,True,ef13b6a76409c402,-2.49490341377297e-16,-0.0,-0.005623172640277291,-0.005623172640277541,True,True,True,0.005623172640277541,0.0,True
25,W3_subdivision_break,C22,22,U22->U23->U24,1,True,3b1ab4685075a6fe,1.5753471680789955e-16,0.08644669010920797,0.08507345960694225,-0.0013732305022655655,True,True,True,0.0013732305022655655,0.0,True
25,W3_subdivision_break,C23,23,U23->U24->U0,-1,True,d75d9840848d2aaf,-2.2255046027234274e-16,-0.26209789045706294,-0.2758967242665092,-0.013798833809446465,True,True,True,0.013798833809446465,0.0,True
25,W3_subdivision_break,C24,24,U24->U0->U1,1,True,5114d01eeb97ab99,1.9164450611381407e-17,0.3505294281561808,0.3660237895961754,0.015494361439994553,True,True,True,-0.015494361439994553,0.0,True
25,W3_coarse_fine_break,C0,0,U0->U1->U2,1,True,aee384c87085b442,6.295038536414768e-18,0.26408273804697285,0.2693830749951245,0.005300336948151629,True,True,True,-0.005300336948151629,0.0,True
25,W3_coarse_fine_break,C1,1,U1->U2->U3,-1,True,7c1a06489c12fdbf,-4.597755569337356e-16,-0.0884315376991179,-0.10564675648496893,-0.0172152187858515,True,True,True,0.0172152187858515,0.0,True
25,W3_coarse_fine_break,C2,2,U2->U3->U4,1,True,75b7fabdca926502,4.4669382441011345e-16,0.0,0.012144839059086525,0.012144839059086972,True,True,True,-0.012144839059086972,0.0,True
25,W3_coarse_fine_break,C3,3,U3->U4->U5,-1,True,794a662e9a0dda6b,-2.530711129667363e-16,-0.0,-0.007179536457255427,-0.007179536457255681,True,True,True,0.007179536457255681,0.0,True
25,W3_coarse_fine_break,C4,4,U4->U5->U6,1,True,7049bc1bee310996,3.1548584785558623e-16,0.0,0.012588491182078037,0.012588491182078353,True,True,True,-0.012588491182078353,0.0,True
25,W3_coarse_fine_break,C5,5,U5->U6->U7,-1,True,b73aa8f16a555e22,-2.2395190643872607e-16,0.0532207891233556,0.03443694823090479,-0.018783840892451033,True,True,True,0.018783840892451033,0.0,True
25,W3_coarse_fine_break,C6,6,U6->U7->U8,1,True,819b8fd56234382d,2.4956942126974626e-16,-0.1564559022901372,-0.14060991145088822,0.01584599083924923,True,True,True,-0.01584599083924923,0.0,True
25,W3_coarse_fine_break,C7,7,U7->U8->U9,-1,True,38090d6f3b849d58,-2.2205137113542276e-16,0.21099587456395985,0.2038243295803644,-0.007171544983595679,True,True,True,0.007171544983595679,0.0,True
25,W3_coarse_fine_break,C8,8,U8->U9->U10,1,True,567da38a4a9071d2,3.338851000726225e-16,-0.15777508544060426,-0.14785675714775864,0.009918328292845946,True,True,True,-0.009918328292845946,0.0,True
25,W3_coarse_fine_break,C9,9,U9->U10->U11,-1,True,31b0ded895812d18,-2.7407828215871355e-16,0.05453997227382265,0.04710162917332478,-0.007438343100498145,True,True,True,0.007438343100498145,0.0,True
25,W3_coarse_fine_break,C10,10,U10->U11->U12,1,True,d2db5d46b25339ca,2.2397169763470955e-16,0.0,0.004860887443993735,0.004860887443993959,True,True,True,-0.004860887443993959,0.0,True
25,W3_coarse_fine_break,C11,11,U11->U12->U13,-1,True,fefbce47ceef974d,-2.482589293075162e-16,-0.0,-0.008293288156446959,-0.008293288156447207,True,True,True,0.008293288156447207,0.0,True
25,W3_coarse_fine_break,C12,12,U12->U13->U14,1,True,a455a47ac180330c,1.6017139261701826e-16,0.0,0.009568988091595693,0.009568988091595853,True,True,True,-0.009568988091595853,0.0,True
25,W3_coarse_fine_break,C13,13,U13->U14->U15,-1,True,ddef647a6abb98fd,-3.3314882198695634e-16,0.031143288791440276,0.029656524528649426,-0.0014867642627911827,True,True,True,0.0014867642627911827,0.0,True
25,W3_coarse_fine_break,C14,14,U14->U15->U16,1,True,a65868e46c254407,3.854555087623339e-17,-0.0916323866761678,-0.08799699243560057,0.0036353942405672746,True,True,True,-0.0036353942405672746,0.0,True
25,W3_coarse_fine_break,C15,15,U15->U16->U17,-1,True,0e23ec519a767a59,-4.452711566305672e-16,0.1217373436233425,0.1063552192750918,-0.015382124348251147,True,True,True,0.015382124348251147,0.0,True
25,W3_coarse_fine_break,C16,16,U16->U17->U18,1,True,36670a9aef93a567,3.1756644577346086e-16,-0.09059405483190223,-0.06954918239481368,0.02104487243708887,True,True,True,-0.02104487243708887,0.0,True
25,W3_coarse_fine_break,C17,17,U17->U18->U19,-1,True,7b3265e234e63985,-2.2413862573239905e-16,0.030104956947174716,0.020933980538224622,-0.009170976408950319,True,True,True,0.009170976408950319,0.0,True
25,W3_coarse_fine_break,C18,18,U18->U19->U20,1,True,6888f9bbbe6d8269,3.3375265664456265e-16,0.0,0.009649935857540974,0.009649935857541307,True,True,True,-0.009649935857541307,0.0,True
25,W3_coarse_fine_break,C19,19,U19->U20->U21,-1,True,747a8364838ae71d,-4.455105838617367e-16,-0.0,-0.0057005235972558506,-0.005700523597256296,True,True,True,0.005700523597256296,0.0,True
25,W3_coarse_fine_break,C20,20,U20->U21->U22,1,True,f7d69d4a4806a26a,2.693452901000595e-16,0.0,0.0009516879435527495,0.0009516879435530188,True,True,True,-0.0009516879435530188,0.0,True
25,W3_coarse_fine_break,C21,21,U21->U22->U23,-1,True,ef13b6a76409c402,-2.49490341377297e-16,-0.0,-0.007405077605011331,-0.007405077605011581,True,True,True,0.007405077605011581,0.0,True
25,W3_coarse_fine_break,C22,22,U22->U23->U24,1,True,3b1ab4685075a6fe,1.5753471680789955e-16,0.08644669010920797,0.08507345960694225,-0.0013732305022655655,True,True,True,0.0013732305022655655,0.0,True
25,W3_coarse_fine_break,C23,23,U23->U24->U0,-1,True,d75d9840848d2aaf,-2.2255046027234274e-16,-0.26209789045706294,-0.2758967242665092,-0.013798833809446465,True,True,True,0.013798833809446465,0.0,True
25,W3_coarse_fine_break,C24,24,U24->U0->U1,1,True,5114d01eeb97ab99,1.9164450611381407e-17,0.3505294281561808,0.36607356744111896,0.015544139284938141,True,True,True,-0.015544139284938141,0.0,True
25,W3_basis_shuffle,C0,0,U0->U1->U2,1,True,75b7fabdca926502,6.295038536414768e-18,0.26408273804697285,0.27487849331521796,0.01079575526824511,True,True,True,-0.01079575526824511,0.0,True
25,W3_basis_shuffle,C1,1,U1->U2->U3,-1,True,794a662e9a0dda6b,-4.597755569337356e-16,-0.0884315376991179,-0.10759632298292512,-0.01916478528380769,True,True,True,0.01916478528380769,0.0,True
25,W3_basis_shuffle,C2,2,U2->U3->U4,1,True,7049bc1bee310996,4.4669382441011345e-16,0.0,0.012685434412148987,0.012685434412149435,True,True,True,-0.012685434412149435,0.0,True
25,W3_basis_shuffle,C3,3,U3->U4->U5,-1,True,b73aa8f16a555e22,-2.530711129667363e-16,-0.0,-0.007466207562878785,-0.007466207562879038,True,True,True,0.007466207562879038,0.0,True
25,W3_basis_shuffle,C4,4,U4->U5->U6,1,True,819b8fd56234382d,3.1548584785558623e-16,0.0,0.0046919130711688,0.0046919130711691156,True,True,True,-0.0046919130711691156,0.0,True
25,W3_basis_shuffle,C5,5,U5->U6->U7,-1,True,38090d6f3b849d58,-2.2395190643872607e-16,0.0532207891233556,0.04151174394738739,-0.011709045175968436,True,True,True,0.011709045175968436,0.0,True
25,W3_basis_shuffle,C6,6,U6->U7->U8,1,True,567da38a4a9071d2,2.4956942126974626e-16,-0.1564559022901372,-0.1342865935763792,0.022169308713758246,True,True,True,-0.022169308713758246,0.0,True
25,W3_basis_shuffle,C7,7,U7->U8->U9,-1,True,31b0ded895812d18,-2.2205137113542276e-16,0.21099587456395985,0.19860871870118604,-0.01238715586277403,True,True,True,0.01238715586277403,0.0,True
25,W3_basis_shuffle,C8,8,U8->U9->U10,1,True,d2db5d46b25339ca,3.338851000726225e-16,-0.15777508544060426,-0.15215421783098496,0.005620867609619634,True,True,True,-0.005620867609619634,0.0,True
25,W3_basis_shuffle,C9,9,U9->U10->U11,-1,True,fefbce47ceef974d,-2.7407828215871355e-16,0.05453997227382265,0.04162120099536636,-0.012918771278456559,True,True,True,0.012918771278456559,0.0,True
25,W3_basis_shuffle,C10,10,U10->U11->U12,1,True,a455a47ac180330c,2.2397169763470955e-16,0.0,0.007645641055742004,0.007645641055742228,True,True,True,-0.007645641055742228,0.0,True
25,W3_basis_shuffle,C11,11,U11->U12->U13,-1,True,ddef647a6abb98fd,-2.482589293075162e-16,-0.0,-0.0036570891175268126,-0.0036570891175270607,True,True,True,0.0036570891175270607,0.0,True
25,W3_basis_shuffle,C12,12,U12->U13->U14,1,True,a65868e46c254407,1.6017139261701826e-16,0.0,0.004745083824506874,0.0047450838245070345,True,True,True,-0.0047450838245070345,0.0,True
25,W3_basis_shuffle,C13,13,U13->U14->U15,-1,True,0e23ec519a767a59,-3.3314882198695634e-16,0.031143288791440276,0.01938674778276819,-0.01175654100867242,True,True,True,0.01175654100867242,0.0,True
25,W3_basis_shuffle,C14,14,U14->U15->U16,1,True,36670a9aef93a567,3.854555087623339e-17,-0.0916323866761678,-0.08054194044384505,0.01109044623232279,True,True,True,-0.01109044623232279,0.0,True
25,W3_basis_shuffle,C15,15,U15->U16->U17,-1,True,7b3265e234e63985,-4.452711566305672e-16,0.1217373436233425,0.11264973228219388,-0.009087611341149063,True,True,True,0.009087611341149063,0.0,True
25,W3_basis_shuffle,C16,16,U16->U17->U18,1,True,6888f9bbbe6d8269,3.1756644577346086e-16,-0.09059405483190223,-0.07096999100850383,0.01962406382339872,True,True,True,-0.01962406382339872,0.0,True
25,W3_basis_shuffle,C17,17,U17->U18->U19,-1,True,747a8364838ae71d,-2.2413862573239905e-16,0.030104956947174716,0.020704055761986945,-0.009400901185187997,True,True,True,0.009400901185187997,0.0,True
25,W3_basis_shuffle,C18,18,U18->U19->U20,1,True,f7d69d4a4806a26a,3.3375265664456265e-16,0.0,0.0036230937852903397,0.0036230937852906736,True,True,True,-0.0036230937852906736,0.0,True
25,W3_basis_shuffle,C19,19,U19->U20->U21,-1,True,ef13b6a76409c402,-4.455105838617367e-16,-0.0,-0.009956515990668408,-0.009956515990668853,True,True,True,0.009956515990668853,0.0,True
25,W3_basis_shuffle,C20,20,U20->U21->U22,1,True,3b1ab4685075a6fe,2.693452901000595e-16,0.0,0.0009138022619731082,0.0009138022619733775,True,True,True,-0.0009138022619733775,0.0,True
25,W3_basis_shuffle,C21,21,U21->U22->U23,-1,True,d75d9840848d2aaf,-2.49490341377297e-16,-0.0,-0.012158296724357448,-0.012158296724357698,True,True,True,0.012158296724357698,0.0,True
25,W3_basis_shuffle,C22,22,U22->U23->U24,1,True,5114d01eeb97ab99,1.5753471680789955e-16,0.08644669010920797,0.08783611274805013,0.0013894226388423137,True,True,True,-0.0013894226388423137,0.0,True
25,W3_basis_shuffle,C23,23,U23->U24->U0,-1,True,aee384c87085b442,-2.2255046027234274e-16,-0.26209789045706294,-0.2719718944725571,-0.009874004015494375,True,True,True,0.009874004015494375,0.0,True
25,W3_basis_shuffle,C24,24,U24->U0->U1,1,True,7c1a06489c12fdbf,1.9164450611381407e-17,0.3505294281561808,0.36968919878241807,0.01915977062623725,True,True,True,-0.01915977062623725,0.0,True
25,W3_missing,C0,0,U0->U1->U2,1,False,MISSING,6.295038536414768e-18,0.26408273804697285,nan,nan,True,True,True,nan,nan,False
25,W3_missing,C1,1,U1->U2->U3,-1,True,7c1a06489c12fdbf,-4.597755569337356e-16,-0.0884315376991179,-0.10852215747771454,-0.020090619778597107,True,True,True,0.020090619778597107,0.0,True
25,W3_missing,C2,2,U2->U3->U4,1,True,75b7fabdca926502,4.4669382441011345e-16,0.0,0.012144839059086525,0.012144839059086972,True,True,True,-0.012144839059086972,0.0,True
25,W3_missing,C3,3,U3->U4->U5,-1,False,MISSING,-2.530711129667363e-16,-0.0,nan,nan,True,True,True,nan,nan,False
25,W3_missing,C4,4,U4->U5->U6,1,True,7049bc1bee310996,3.1548584785558623e-16,0.0,0.012588491182078037,0.012588491182078353,True,True,True,-0.012588491182078353,0.0,True
25,W3_missing,C5,5,U5->U6->U7,-1,True,b73aa8f16a555e22,-2.2395190643872607e-16,0.0532207891233556,0.03720382524864966,-0.016016963874706164,True,True,True,0.016016963874706164,0.0,True
25,W3_missing,C6,6,U6->U7->U8,1,False,MISSING,2.4956942126974626e-16,-0.1564559022901372,nan,nan,True,True,True,nan,nan,False
25,W3_missing,C7,7,U7->U8->U9,-1,True,38090d6f3b849d58,-2.2205137113542276e-16,0.21099587456395985,0.2038243295803644,-0.007171544983595679,True,True,True,0.007171544983595679,0.0,True
25,W3_missing,C8,8,U8->U9->U10,1,True,567da38a4a9071d2,3.338851000726225e-16,-0.15777508544060426,-0.14785675714775864,0.009918328292845946,True,True,True,-0.009918328292845946,0.0,True
25,W3_missing,C9,9,U9->U10->U11,-1,False,MISSING,-2.7407828215871355e-16,0.05453997227382265,nan,nan,True,True,True,nan,nan,False
25,W3_missing,C10,10,U10->U11->U12,1,True,d2db5d46b25339ca,2.2397169763470955e-16,0.0,0.004860887443993735,0.004860887443993959,True,True,True,-0.004860887443993959,0.0,True
25,W3_missing,C11,11,U11->U12->U13,-1,True,fefbce47ceef974d,-2.482589293075162e-16,-0.0,-0.008293288156446959,-0.008293288156447207,True,True,True,0.008293288156447207,0.0,True
25,W3_missing,C12,12,U12->U13->U14,1,False,MISSING,1.6017139261701826e-16,0.0,nan,nan,True,True,True,nan,nan,False
25,W3_missing,C13,13,U13->U14->U15,-1,True,ddef647a6abb98fd,-3.3314882198695634e-16,0.031143288791440276,0.024456760453115067,-0.006686528338325542,True,True,True,0.006686528338325542,0.0,True
25,W3_missing,C14,14,U14->U15->U16,1,True,a65868e46c254407,3.854555087623339e-17,-0.0916323866761678,-0.08799699243560057,0.0036353942405672746,True,True,True,-0.0036353942405672746,0.0,True
25,W3_missing,C15,15,U15->U16->U17,-1,False,MISSING,-4.452711566305672e-16,0.1217373436233425,nan,nan,True,True,True,nan,nan,False
25,W3_missing,C16,16,U16->U17->U18,1,True,36670a9aef93a567,3.1756644577346086e-16,-0.09059405483190223,-0.06954918239481368,0.02104487243708887,True,True,True,-0.02104487243708887,0.0,True
25,W3_missing,C17,17,U17->U18->U19,-1,True,7b3265e234e63985,-2.2413862573239905e-16,0.030104956947174716,0.019480254472960798,-0.010624702474214143,True,True,True,0.010624702474214143,0.0,True
25,W3_missing,C18,18,U18->U19->U20,1,False,MISSING,3.3375265664456265e-16,0.0,nan,nan,True,True,True,nan,nan,False
25,W3_missing,C19,19,U19->U20->U21,-1,True,747a8364838ae71d,-4.455105838617367e-16,-0.0,-0.0057005235972558506,-0.005700523597256296,True,True,True,0.005700523597256296,0.0,True
25,W3_missing,C20,20,U20->U21->U22,1,True,f7d69d4a4806a26a,2.693452901000595e-16,0.0,0.0009516879435527495,0.0009516879435530188,True,True,True,-0.0009516879435530188,0.0,True
25,W3_missing,C21,21,U21->U22->U23,-1,False,MISSING,-2.49490341377297e-16,-0.0,nan,nan,True,True,True,nan,nan,False
25,W3_missing,C22,22,U22->U23->U24,1,True,3b1ab4685075a6fe,1.5753471680789955e-16,0.08644669010920797,0.08507345960694225,-0.0013732305022655655,True,True,True,0.0013732305022655655,0.0,True
25,W3_missing,C23,23,U23->U24->U0,-1,True,d75d9840848d2aaf,-2.2255046027234274e-16,-0.26209789045706294,-0.2758967242665092,-0.013798833809446465,True,True,True,0.013798833809446465,0.0,True
25,W3_missing,C24,24,U24->U0->U1,1,False,MISSING,1.9164450611381407e-17,0.3505294281561808,nan,nan,True,True,True,nan,nan,False
25,solver_operator_shuffle,C0,0,U0->U1->U2,1,True,aee384c87085b442,6.295038536414768e-18,0.26408273804697285,0.2693830749951245,0.005300336948151629,True,True,False,-0.005300336948151629,0.0,True
25,solver_operator_shuffle,C1,1,U1->U2->U3,-1,True,7c1a06489c12fdbf,-4.597755569337356e-16,-0.0884315376991179,-0.10852215747771454,-0.020090619778597107,True,True,False,0.020090619778597107,0.0,True
25,solver_operator_shuffle,C2,2,U2->U3->U4,1,True,75b7fabdca926502,4.4669382441011345e-16,0.0,0.012144839059086525,0.012144839059086972,True,True,False,-0.012144839059086972,0.0,True
25,solver_operator_shuffle,C3,3,U3->U4->U5,-1,True,794a662e9a0dda6b,-2.530711129667363e-16,-0.0,-0.007179536457255427,-0.007179536457255681,True,True,False,0.007179536457255681,0.0,True
25,solver_operator_shuffle,C4,4,U4->U5->U6,1,True,7049bc1bee310996,3.1548584785558623e-16,0.0,0.012588491182078037,0.012588491182078353,True,True,False,-0.012588491182078353,0.0,True
25,solver_operator_shuffle,C5,5,U5->U6->U7,-1,True,b73aa8f16a555e22,-2.2395190643872607e-16,0.0532207891233556,0.03720382524864966,-0.016016963874706164,True,True,False,0.016016963874706164,0.0,True
25,solver_operator_shuffle,C6,6,U6->U7->U8,1,True,819b8fd56234382d,2.4956942126974626e-16,-0.1564559022901372,-0.14060991145088822,0.01584599083924923,True,True,False,-0.01584599083924923,0.0,True
25,solver_operator_shuffle,C7,7,U7->U8->U9,-1,True,38090d6f3b849d58,-2.2205137113542276e-16,0.21099587456395985,0.2038243295803644,-0.007171544983595679,True,True,False,0.007171544983595679,0.0,True
25,solver_operator_shuffle,C8,8,U8->U9->U10,1,True,567da38a4a9071d2,3.338851000726225e-16,-0.15777508544060426,-0.14785675714775864,0.009918328292845946,True,True,False,-0.009918328292845946,0.0,True
25,solver_operator_shuffle,C9,9,U9->U10->U11,-1,True,31b0ded895812d18,-2.7407828215871355e-16,0.05453997227382265,0.04230019252178399,-0.01223977975203893,True,True,False,0.01223977975203893,0.0,True
25,solver_operator_shuffle,C10,10,U10->U11->U12,1,True,d2db5d46b25339ca,2.2397169763470955e-16,0.0,0.004860887443993735,0.004860887443993959,True,True,False,-0.004860887443993959,0.0,True
25,solver_operator_shuffle,C11,11,U11->U12->U13,-1,True,fefbce47ceef974d,-2.482589293075162e-16,-0.0,-0.008293288156446959,-0.008293288156447207,True,True,False,0.008293288156447207,0.0,True
25,solver_operator_shuffle,C12,12,U12->U13->U14,1,True,a455a47ac180330c,1.6017139261701826e-16,0.0,0.009568988091595693,0.009568988091595853,True,True,False,-0.009568988091595853,0.0,True
25,solver_operator_shuffle,C13,13,U13->U14->U15,-1,True,ddef647a6abb98fd,-3.3314882198695634e-16,0.031143288791440276,0.024456760453115067,-0.006686528338325542,True,True,False,0.006686528338325542,0.0,True
25,solver_operator_shuffle,C14,14,U14->U15->U16,1,True,a65868e46c254407,3.854555087623339e-17,-0.0916323866761678,-0.08799699243560057,0.0036353942405672746,True,True,False,-0.0036353942405672746,0.0,True
25,solver_operator_shuffle,C15,15,U15->U16->U17,-1,True,0e23ec519a767a59,-4.452711566305672e-16,0.1217373436233425,0.1063552192750918,-0.015382124348251147,True,True,False,0.015382124348251147,0.0,True
25,solver_operator_shuffle,C16,16,U16->U17->U18,1,True,36670a9aef93a567,3.1756644577346086e-16,-0.09059405483190223,-0.06954918239481368,0.02104487243708887,True,True,False,-0.02104487243708887,0.0,True
25,solver_operator_shuffle,C17,17,U17->U18->U19,-1,True,7b3265e234e63985,-2.2413862573239905e-16,0.030104956947174716,0.019480254472960798,-0.010624702474214143,True,True,False,0.010624702474214143,0.0,True
25,solver_operator_shuffle,C18,18,U18->U19->U20,1,True,6888f9bbbe6d8269,3.3375265664456265e-16,0.0,0.009649935857540974,0.009649935857541307,True,True,False,-0.009649935857541307,0.0,True
25,solver_operator_shuffle,C19,19,U19->U20->U21,-1,True,747a8364838ae71d,-4.455105838617367e-16,-0.0,-0.0057005235972558506,-0.005700523597256296,True,True,False,0.005700523597256296,0.0,True
25,solver_operator_shuffle,C20,20,U20->U21->U22,1,True,f7d69d4a4806a26a,2.693452901000595e-16,0.0,0.0009516879435527495,0.0009516879435530188,True,True,False,-0.0009516879435530188,0.0,True
25,solver_operator_shuffle,C21,21,U21->U22->U23,-1,True,ef13b6a76409c402,-2.49490341377297e-16,-0.0,-0.010826421181639526,-0.010826421181639775,True,True,False,0.010826421181639775,0.0,True
25,solver_operator_shuffle,C22,22,U22->U23->U24,1,True,3b1ab4685075a6fe,1.5753471680789955e-16,0.08644669010920797,0.08507345960694225,-0.0013732305022655655,True,True,False,0.0013732305022655655,0.0,True
25,solver_operator_shuffle,C23,23,U23->U24->U0,-1,True,d75d9840848d2aaf,-2.2255046027234274e-16,-0.26209789045706294,-0.2758967242665092,-0.013798833809446465,True,True,False,0.013798833809446465,0.0,True
25,solver_operator_shuffle,C24,24,U24->U0->U1,1,True,5114d01eeb97ab99,1.9164450611381407e-17,0.3505294281561808,0.36607356744111896,0.015544139284938141,True,True,False,-0.015544139284938141,0.0,True
33,valid,C0,0,U0->U1->U2,1,True,7385ef288e789162,1.180584774209615e-16,0.2596036283850413,0.2608324979450886,0.0012288695600474187,True,True,True,-0.0012288695600474187,0.0,True
33,valid,C1,1,U1->U2->U3,-1,True,34bcc42ae19d9eab,-5.016237583799007e-17,-0.08127644334708571,-0.08968449715583146,-0.008408053808745805,True,True,True,0.008408053808745805,0.0,True
33,valid,C2,2,U2->U3->U4,1,True,bf935ef683cce4c9,2.7601832959960655e-16,0.0,0.003954464855610067,0.0039544648556103425,True,True,True,-0.0039544648556103425,0.0,True
33,valid,C3,3,U3->U4->U5,-1,True,db806d8ee87cc06f,-2.516799473724122e-16,-0.0,-0.016239943293575126,-0.01623994329357538,True,True,True,0.01623994329357538,0.0,True
33,valid,C4,4,U4->U5->U6,1,True,56d2749e2acc335f,2.4956623031861478e-16,0.0,0.001143551085345966,0.0011435510853462156,True,True,True,-0.0011435510853462156,0.0,True
33,valid,C5,5,U5->U6->U7,-1,True,0f38cffa4931b4f7,-2.505233680136768e-16,-0.0,-0.014260099964253897,-0.014260099964254147,True,True,True,0.014260099964254147,0.0,True
33,valid,C6,6,U6->U7->U8,1,True,39e82fb98662e922,1.6041644968631074e-16,0.0,0.02096564236337784,0.020965642363378,True,True,True,-0.020965642363378,0.0,True
33,valid,C7,7,U7->U8->U9,-1,True,7612ed5600fc3d0d,-3.352916786769492e-16,-0.0,-0.018645076527100617,-0.018645076527100953,True,True,True,0.018645076527100953,0.0,True
33,valid,C8,8,U8->U9->U10,1,True,f201e446eee10e81,2.226073926957966e-16,-0.05195992001588157,-0.03871542658886899,0.013244493427012796,True,True,True,-0.013244493427012796,0.0,True
33,valid,C9,9,U9->U10->U11,-1,True,a0ea4d5eeb444979,-3.1554900090799665e-16,0.15419347228593774,0.13391530957346992,-0.02027816271246813,True,True,True,0.02027816271246813,0.0,True
33,valid,C10,10,U10->U11->U12,1,True,1b2f668070794048,3.1573094129104106e-16,-0.20991294491981918,-0.19233445942867705,0.017578485491142437,True,True,True,-0.017578485491142437,0.0,True
33,valid,C11,11,U11->U12->U13,-1,True,cb7655f53059159e,-1.685220753783027e-16,0.15795302490393762,0.14810844540438306,-0.009844579499554723,True,True,True,0.009844579499554723,0.0,True
33,valid,C12,12,U12->U13->U14,1,True,782b4a25ac9595d1,1.1503629687606214e-16,-0.05571947263388144,-0.04393308230966883,0.011786390324212727,True,True,True,-0.011786390324212727,0.0,True
33,valid,C13,13,U13->U14->U15,-1,True,64192a04f83add3e,-1.796972479415499e-17,-0.0,-0.0015418447405084884,-0.0015418447405085064,True,True,True,0.0015418447405085064,0.0,True
33,valid,C14,14,U14->U15->U16,1,True,ba382b2bc98b1bc7,2.2283822417041855e-16,0.0,0.01721513614788751,0.017215136147887732,True,True,True,-0.017215136147887732,0.0,True
33,valid,C15,15,U15->U16->U17,-1,True,9c0018f07e49cc23,-4.972147910400757e-16,-0.0,-0.00769879566953208,-0.007698795669532577,True,True,True,0.007698795669532577,0.0,True
33,valid,C16,16,U16->U17->U18,1,True,ce29c37edc678855,5.448740741048668e-16,0.0,0.015321925290514612,0.015321925290515157,True,True,True,-0.015321925290515157,0.0,True
33,valid,C17,17,U17->U18->U19,-1,True,a61a667577150798,-5.103159752226048e-16,-0.0,-0.005422800534536934,-0.005422800534537444,True,True,True,0.005422800534537444,0.0,True
33,valid,C18,18,U18->U19->U20,1,True,cd23dd3a205e5fef,3.154304303276039e-16,0.0,0.019776167973782423,0.01977616797378274,True,True,True,-0.01977616797378274,0.0,True
33,valid,C19,19,U19->U20->U21,-1,True,a7cec9131554dcc9,-2.487046948653753e-16,0.03103987691395399,0.012758293186699422,-0.018281583727254816,True,True,True,0.018281583727254816,0.0,True
33,valid,C20,20,U20->U21->U22,1,True,35eb2ee90a78a896,1.5821556535438866e-16,-0.0852898905208052,-0.07312191304808634,0.012167977472719013,True,True,True,-0.012167977472719013,0.0,True
33,valid,C21,21,U21->U22->U23,-1,True,afdf5f0c6bf20a2d,-3.3595960886999404e-16,0.11551687946457923,0.11426744710290845,-0.0012494323616711045,True,True,True,0.0012494323616711045,0.0,True
33,valid,C22,22,U22->U23->U24,1,True,71a9d40f368956e1,3.1490284913520244e-16,-0.08447700255062524,-0.08815979652977408,-0.00368279397914853,True,True,True,0.00368279397914853,0.0,True
33,valid,C23,23,U23->U24->U25,-1,True,88eb171eebddd577,-1.31242821098874e-16,0.03022698894377403,0.033653238298548306,0.0034262493547741434,True,True,True,-0.0034262493547741434,0.0,True
33,valid,C24,24,U24->U25->U26,1,True,771f9e7873207e57,2.7734163894757484e-16,0.0,0.006690877058335411,0.006690877058335688,True,True,True,-0.006690877058335688,0.0,True
33,valid,C25,25,U25->U26->U27,-1,True,eff2263c3f4956b4,-3.354727014739564e-16,-0.0,-0.009748816491602377,-0.009748816491602712,True,True,True,0.009748816491602712,0.0,True
33,valid,C26,26,U26->U27->U28,1,True,75eb8b0be2820681,2.5113185694792054e-16,0.0,0.02073616134120531,0.02073616134120556,True,True,True,-0.02073616134120556,0.0,True
33,valid,C27,27,U27->U28->U29,-1,True,3563fa6fa1a54254,-2.251984727639106e-16,-0.0,-0.007067164251457399,-0.007067164251457625,True,True,True,0.007067164251457625,0.0,True
33,valid,C28,28,U28->U29->U30,1,True,7a3f8c8737ea7f9d,2.242528225737347e-16,0.0,0.026870323079273443,0.02687032307927367,True,True,True,-0.02687032307927367,0.0,True
33,valid,C29,29,U29->U30->U31,-1,True,f498208696acd7e8,-1.1407028952218093e-16,-0.0,-0.021440216462442825,-0.02144021646244294,True,True,True,0.02144021646244294,0.0,True
33,valid,C30,30,U30->U31->U32,1,True,67352c1e7f78d68c,3.155374431484572e-16,0.08665039308636319,0.10103237223517797,0.014381979148815102,True,True,True,-0.014381979148815102,0.0,True
33,valid,C31,31,U31->U32->U0,-1,True,31b398f515095eb8,-4.1637983561253324e-16,-0.2649775781243188,-0.2671490021748748,-0.0021714240505564253,True,True,True,0.0021714240505564253,0.0,True
33,valid,C32,32,U32->U0->U1,1,True,78fc41c052f4e8d1,3.518446842295803e-16,0.3462540214714045,0.3670459348069839,0.020791913335579726,True,True,True,-0.020791913335579726,0.0,True
33,genesis_root_break,C0,0,U0->U1->U2,1,True,7385ef288e789162,1.180584774209615e-16,0.2596036283850413,0.2608324979450886,0.0012288695600474187,True,True,True,-0.0012288695600474187,0.0,True
33,genesis_root_break,C1,1,U1->U2->U3,-1,True,34bcc42ae19d9eab,-5.016237583799007e-17,-0.08127644334708571,-0.08968449715583146,-0.008408053808745805,True,True,True,0.008408053808745805,0.0,True
33,genesis_root_break,C2,2,U2->U3->U4,1,True,bf935ef683cce4c9,2.7601832959960655e-16,0.0,0.003954464855610067,0.0039544648556103425,True,True,True,-0.0039544648556103425,0.0,True
33,genesis_root_break,C3,3,U3->U4->U5,-1,True,db806d8ee87cc06f,-2.516799473724122e-16,-0.0,-0.016239943293575126,-0.01623994329357538,True,True,True,0.01623994329357538,0.0,True
33,genesis_root_break,C4,4,U4->U5->U6,1,True,56d2749e2acc335f,2.4956623031861478e-16,0.0,0.001143551085345966,0.0011435510853462156,True,True,True,-0.0011435510853462156,0.0,True
33,genesis_root_break,C5,5,U5->U6->U7,-1,True,0f38cffa4931b4f7,-2.505233680136768e-16,-0.0,-0.014260099964253897,-0.014260099964254147,True,True,True,0.014260099964254147,0.0,True
33,genesis_root_break,C6,6,U6->U7->U8,1,True,39e82fb98662e922,1.6041644968631074e-16,0.0,0.02096564236337784,0.020965642363378,True,True,True,-0.020965642363378,0.0,True
33,genesis_root_break,C7,7,U7->U8->U9,-1,True,7612ed5600fc3d0d,-3.352916786769492e-16,-0.0,-0.018645076527100617,-0.018645076527100953,True,True,True,0.018645076527100953,0.0,True
33,genesis_root_break,C8,8,U8->U9->U10,1,True,f201e446eee10e81,2.226073926957966e-16,-0.05195992001588157,-0.03871542658886899,0.013244493427012796,True,True,True,-0.013244493427012796,0.0,True
33,genesis_root_break,C9,9,U9->U10->U11,-1,True,a0ea4d5eeb444979,-3.1554900090799665e-16,0.15419347228593774,0.13391530957346992,-0.02027816271246813,True,True,True,0.02027816271246813,0.0,True
33,genesis_root_break,C10,10,U10->U11->U12,1,True,1b2f668070794048,3.1573094129104106e-16,-0.20991294491981918,-0.19233445942867705,0.017578485491142437,True,True,True,-0.017578485491142437,0.0,True
33,genesis_root_break,C11,11,U11->U12->U13,-1,True,cb7655f53059159e,-1.685220753783027e-16,0.15795302490393762,0.14810844540438306,-0.009844579499554723,True,True,True,0.009844579499554723,0.0,True
33,genesis_root_break,C12,12,U12->U13->U14,1,True,782b4a25ac9595d1,1.1503629687606214e-16,-0.05571947263388144,-0.04393308230966883,0.011786390324212727,True,True,True,-0.011786390324212727,0.0,True
33,genesis_root_break,C13,13,U13->U14->U15,-1,True,64192a04f83add3e,-1.796972479415499e-17,-0.0,-0.0015418447405084884,-0.0015418447405085064,True,True,True,0.0015418447405085064,0.0,True
33,genesis_root_break,C14,14,U14->U15->U16,1,True,ba382b2bc98b1bc7,2.2283822417041855e-16,0.0,0.01721513614788751,0.017215136147887732,True,True,True,-0.017215136147887732,0.0,True
33,genesis_root_break,C15,15,U15->U16->U17,-1,True,9c0018f07e49cc23,-4.972147910400757e-16,-0.0,-0.00769879566953208,-0.007698795669532577,True,True,True,0.007698795669532577,0.0,True
33,genesis_root_break,C16,16,U16->U17->U18,1,True,ce29c37edc678855,5.448740741048668e-16,0.0,0.015321925290514612,0.015321925290515157,True,True,True,-0.015321925290515157,0.0,True
33,genesis_root_break,C17,17,U17->U18->U19,-1,True,a61a667577150798,-5.103159752226048e-16,-0.0,-0.005422800534536934,-0.005422800534537444,True,True,True,0.005422800534537444,0.0,True
33,genesis_root_break,C18,18,U18->U19->U20,1,True,cd23dd3a205e5fef,3.154304303276039e-16,0.0,0.019776167973782423,0.01977616797378274,True,True,True,-0.01977616797378274,0.0,True
33,genesis_root_break,C19,19,U19->U20->U21,-1,True,a7cec9131554dcc9,-2.487046948653753e-16,0.03103987691395399,0.012758293186699422,-0.018281583727254816,True,True,True,0.018281583727254816,0.0,True
33,genesis_root_break,C20,20,U20->U21->U22,1,True,35eb2ee90a78a896,1.5821556535438866e-16,-0.0852898905208052,-0.07312191304808634,0.012167977472719013,True,True,True,-0.012167977472719013,0.0,True
33,genesis_root_break,C21,21,U21->U22->U23,-1,True,afdf5f0c6bf20a2d,-3.3595960886999404e-16,0.11551687946457923,0.11426744710290845,-0.0012494323616711045,True,True,True,0.0012494323616711045,0.0,True
33,genesis_root_break,C22,22,U22->U23->U24,1,True,71a9d40f368956e1,3.1490284913520244e-16,-0.08447700255062524,-0.08815979652977408,-0.00368279397914853,True,True,True,0.00368279397914853,0.0,True
33,genesis_root_break,C23,23,U23->U24->U25,-1,True,88eb171eebddd577,-1.31242821098874e-16,0.03022698894377403,0.033653238298548306,0.0034262493547741434,True,True,True,-0.0034262493547741434,0.0,True
33,genesis_root_break,C24,24,U24->U25->U26,1,True,771f9e7873207e57,2.7734163894757484e-16,0.0,0.006690877058335411,0.006690877058335688,True,True,True,-0.006690877058335688,0.0,True
33,genesis_root_break,C25,25,U25->U26->U27,-1,True,eff2263c3f4956b4,-3.354727014739564e-16,-0.0,-0.009748816491602377,-0.009748816491602712,True,True,True,0.009748816491602712,0.0,True
33,genesis_root_break,C26,26,U26->U27->U28,1,True,75eb8b0be2820681,2.5113185694792054e-16,0.0,0.02073616134120531,0.02073616134120556,True,True,True,-0.02073616134120556,0.0,True
33,genesis_root_break,C27,27,U27->U28->U29,-1,True,3563fa6fa1a54254,-2.251984727639106e-16,-0.0,-0.007067164251457399,-0.007067164251457625,True,True,True,0.007067164251457625,0.0,True
33,genesis_root_break,C28,28,U28->U29->U30,1,True,7a3f8c8737ea7f9d,2.242528225737347e-16,0.0,0.026870323079273443,0.02687032307927367,True,True,True,-0.02687032307927367,0.0,True
33,genesis_root_break,C29,29,U29->U30->U31,-1,True,f498208696acd7e8,-1.1407028952218093e-16,-0.0,-0.021440216462442825,-0.02144021646244294,True,True,True,0.02144021646244294,0.0,True
33,genesis_root_break,C30,30,U30->U31->U32,1,True,67352c1e7f78d68c,3.155374431484572e-16,0.08665039308636319,0.10103237223517797,0.014381979148815102,True,True,True,-0.014381979148815102,0.0,True
33,genesis_root_break,C31,31,U31->U32->U0,-1,True,31b398f515095eb8,-4.1637983561253324e-16,-0.2649775781243188,-0.2671490021748748,-0.0021714240505564253,True,True,True,0.0021714240505564253,0.0,True
33,genesis_root_break,C32,32,U32->U0->U1,1,True,78fc41c052f4e8d1,3.518446842295803e-16,0.3462540214714045,0.3670459348069839,0.020791913335579726,True,True,True,-0.020791913335579726,0.0,True
33,retained_order_shuffle,C0,0,U0->U1->U2,1,True,7385ef288e789162,1.180584774209615e-16,0.25333244463152893,0.25087750073954573,-0.0024549438919830857,True,True,True,0.0024549438919830857,0.0,True
33,retained_order_shuffle,C1,1,U1->U2->U3,-1,True,34bcc42ae19d9eab,-5.016237583799007e-17,-0.08002193445849658,-0.08555633848940988,-0.005534404030913362,True,True,True,0.005534404030913362,0.0,True
33,retained_order_shuffle,C2,2,U2->U3->U4,1,True,bf935ef683cce4c9,2.7601832959960655e-16,0.0,0.0029848181283551253,0.002984818128355401,True,True,True,-0.002984818128355401,0.0,True
33,retained_order_shuffle,C3,3,U3->U4->U5,-1,True,db806d8ee87cc06f,-2.516799473724122e-16,-0.0,-0.009506682354655079,-0.00950668235465533,True,True,True,0.00950668235465533,0.0,True
33,retained_order_shuffle,C4,4,U4->U5->U6,1,True,56d2749e2acc335f,2.4956623031861478e-16,0.0,-0.0038116846515899704,-0.003811684651589721,True,True,True,0.003811684651589721,0.0,True
33,retained_order_shuffle,C5,5,U5->U6->U7,-1,True,0f38cffa4931b4f7,-2.505233680136768e-16,-0.0,-0.004670003264657119,-0.00467000326465737,True,True,True,0.00467000326465737,0.0,True
33,retained_order_shuffle,C6,6,U6->U7->U8,1,True,39e82fb98662e922,1.6041644968631074e-16,0.0,0.016119086492382688,0.016119086492382848,True,True,True,-0.016119086492382848,0.0,True
33,retained_order_shuffle,C7,7,U7->U8->U9,-1,True,7612ed5600fc3d0d,-3.352916786769492e-16,-0.0,-0.016718078838401238,-0.016718078838401575,True,True,True,0.016718078838401575,0.0,True
33,retained_order_shuffle,C8,8,U8->U9->U10,1,True,f201e446eee10e81,2.226073926957966e-16,-0.057751087499494445,-0.04724396027573208,0.01050712722376259,True,True,True,-0.01050712722376259,0.0,True
33,retained_order_shuffle,C9,9,U9->U10->U11,-1,True,a0ea4d5eeb444979,-3.1554900090799665e-16,0.15897704545578464,0.14003396084251746,-0.01894308461326749,True,True,True,0.01894308461326749,0.0,True
33,retained_order_shuffle,C10,10,U10->U11->U12,1,True,1b2f668070794048,3.1573094129104106e-16,-0.2136868530362377,-0.201030599525618,0.012656253510619997,True,True,True,-0.012656253510619997,0.0,True
33,retained_order_shuffle,C11,11,U11->U12->U13,-1,True,cb7655f53059159e,-1.685220753783027e-16,0.15593576553674324,0.14621707488004282,-0.009718690656700585,True,True,True,0.009718690656700585,0.0,True
33,retained_order_shuffle,C12,12,U12->U13->U14,1,True,782b4a25ac9595d1,1.1503629687606214e-16,-0.05470980758045302,-0.04519682954182718,0.009512978038625955,True,True,True,-0.009512978038625955,0.0,True
33,retained_order_shuffle,C13,13,U13->U14->U15,-1,True,64192a04f83add3e,-1.796972479415499e-17,-0.0,-0.0023656157953766193,-0.002365615795376637,True,True,True,0.002365615795376637,0.0,True
33,retained_order_shuffle,C14,14,U14->U15->U16,1,True,ba382b2bc98b1bc7,2.2283822417041855e-16,0.0,0.013209727966748071,0.013209727966748293,True,True,True,-0.013209727966748293,0.0,True
33,retained_order_shuffle,C15,15,U15->U16->U17,-1,True,9c0018f07e49cc23,-4.972147910400757e-16,-0.0,-0.006737323571224511,-0.006737323571225008,True,True,True,0.006737323571225008,0.0,True
33,retained_order_shuffle,C16,16,U16->U17->U18,1,True,ce29c37edc678855,5.448740741048668e-16,0.0,0.0059999655904609,0.005999965590461445,True,True,True,-0.005999965590461445,0.0,True
33,retained_order_shuffle,C17,17,U17->U18->U19,-1,True,a61a667577150798,-5.103159752226048e-16,-0.0,-0.0002932024328926742,-0.0002932024328931845,True,True,True,0.0002932024328931845,0.0,True
33,retained_order_shuffle,C18,18,U18->U19->U20,1,True,cd23dd3a205e5fef,3.154304303276039e-16,0.0,0.012445033169129153,0.012445033169129469,True,True,True,-0.012445033169129469,0.0,True
33,retained_order_shuffle,C19,19,U19->U20->U21,-1,True,a7cec9131554dcc9,-2.487046948653753e-16,0.027563456719420273,0.011577573682221195,-0.015985883037199326,True,True,True,0.015985883037199326,0.0,True
33,retained_order_shuffle,C20,20,U20->U21->U22,1,True,35eb2ee90a78a896,1.5821556535438866e-16,-0.0841409291903562,-0.06973892569325396,0.014402003497102397,True,True,True,-0.014402003497102397,0.0,True
33,retained_order_shuffle,C21,21,U21->U22->U23,-1,True,afdf5f0c6bf20a2d,-3.3595960886999404e-16,0.11410672927147464,0.10529047869917374,-0.008816250572301232,True,True,True,0.008816250572301232,0.0,True
33,retained_order_shuffle,C22,22,U22->U23->U24,1,True,71a9d40f368956e1,3.1490284913520244e-16,-0.08654327255205435,-0.07986692946637557,0.006676343085679104,True,True,True,-0.006676343085679104,0.0,True
33,retained_order_shuffle,C23,23,U23->U24->U25,-1,True,88eb171eebddd577,-1.31242821098874e-16,0.02996580008111843,0.02554983904359131,-0.004415961037527252,True,True,True,0.004415961037527252,0.0,True
33,retained_order_shuffle,C24,24,U24->U25->U26,1,True,771f9e7873207e57,2.7734163894757484e-16,0.0,0.011381580029702215,0.011381580029702493,True,True,True,-0.011381580029702493,0.0,True
33,retained_order_shuffle,C25,25,U25->U26->U27,-1,True,eff2263c3f4956b4,-3.354727014739564e-16,-0.0,-0.013305521979392103,-0.013305521979392438,True,True,True,0.013305521979392438,0.0,True
33,retained_order_shuffle,C26,26,U26->U27->U28,1,True,75eb8b0be2820681,2.5113185694792054e-16,0.0,0.023996015294783134,0.023996015294783384,True,True,True,-0.023996015294783384,0.0,True
33,retained_order_shuffle,C27,27,U27->U28->U29,-1,True,3563fa6fa1a54254,-2.251984727639106e-16,-0.0,-0.008295239215808763,-0.008295239215808988,True,True,True,0.008295239215808988,0.0,True
33,retained_order_shuffle,C28,28,U28->U29->U30,1,True,7a3f8c8737ea7f9d,2.242528225737347e-16,0.0,0.02193673054553452,0.021936730545534744,True,True,True,-0.021936730545534744,0.0,True
33,retained_order_shuffle,C29,29,U29->U30->U31,-1,True,f498208696acd7e8,-1.1407028952218093e-16,-0.0,-0.01845665564826491,-0.018456655648265024,True,True,True,0.018456655648265024,0.0,True
33,retained_order_shuffle,C30,30,U30->U31->U32,1,True,67352c1e7f78d68c,3.155374431484572e-16,0.08905737716347424,0.10032470457151177,0.011267327408037847,True,True,True,-0.011267327408037847,0.0,True
33,retained_order_shuffle,C31,31,U31->U32->U0,-1,True,31b398f515095eb8,-4.1637983561253324e-16,-0.26236788733650657,-0.2642352827432925,-0.0018673954067863763,True,True,True,0.0018673954067863763,0.0,True
33,retained_order_shuffle,C32,32,U32->U0->U1,1,True,78fc41c052f4e8d1,3.518446842295803e-16,0.34238982179500316,0.35859342718611475,0.01620360539111193,True,True,True,-0.01620360539111193,0.0,True
33,source_value_shuffle,C0,0,U0->U1->U2,1,True,7385ef288e789162,1.180584774209615e-16,0.0,0.001228869560047311,0.001228869560047429,True,True,True,-0.001228869560047429,0.0,True
33,source_value_shuffle,C1,1,U1->U2->U3,-1,True,34bcc42ae19d9eab,-5.016237583799007e-17,-0.0,-0.008408053808745746,-0.008408053808745796,True,True,True,0.008408053808745796,0.0,True
33,source_value_shuffle,C2,2,U2->U3->U4,1,True,bf935ef683cce4c9,2.7601832959960655e-16,0.0,0.003954464855610067,0.0039544648556103425,True,True,True,-0.0039544648556103425,0.0,True
33,source_value_shuffle,C3,3,U3->U4->U5,-1,True,db806d8ee87cc06f,-2.516799473724122e-16,-0.0,-0.016239943293575126,-0.01623994329357538,True,True,True,0.01623994329357538,0.0,True
33,source_value_shuffle,C4,4,U4->U5->U6,1,True,56d2749e2acc335f,2.4956623031861478e-16,0.0,0.001143551085345966,0.0011435510853462156,True,True,True,-0.0011435510853462156,0.0,True
33,source_value_shuffle,C5,5,U5->U6->U7,-1,True,0f38cffa4931b4f7,-2.505233680136768e-16,-0.0,-0.014260099964253897,-0.014260099964254147,True,True,True,0.014260099964254147,0.0,True
33,source_value_shuffle,C6,6,U6->U7->U8,1,True,39e82fb98662e922,1.6041644968631074e-16,-0.05273023403832324,-0.0317645916749454,0.020965642363378,True,True,True,-0.020965642363378,0.0,True
33,source_value_shuffle,C7,7,U7->U8->U9,-1,True,7612ed5600fc3d0d,-3.352916786769492e-16,0.16527356165054805,0.14662848512344745,-0.01864507652710093,True,True,True,0.01864507652710093,0.0,True
33,source_value_shuffle,C8,8,U8->U9->U10,1,True,f201e446eee10e81,2.226073926957966e-16,-0.21723348166642964,-0.20398898823941705,0.01324449342701281,True,True,True,-0.01324449342701281,0.0,True
33,source_value_shuffle,C9,9,U9->U10->U11,-1,True,a0ea4d5eeb444979,-3.1554900090799665e-16,0.1645032476281064,0.14422508491563857,-0.02027816271246813,True,True,True,0.02027816271246813,0.0,True
33,source_value_shuffle,C10,10,U10->U11->U12,1,True,1b2f668070794048,3.1573094129104106e-16,-0.05195992001588157,-0.03438143452473945,0.017578485491142437,True,True,True,-0.017578485491142437,0.0,True
33,source_value_shuffle,C11,11,U11->U12->U13,-1,True,cb7655f53059159e,-1.685220753783027e-16,-0.0,-0.009844579499554577,-0.009844579499554746,True,True,True,0.009844579499554746,0.0,True
33,source_value_shuffle,C12,12,U12->U13->U14,1,True,782b4a25ac9595d1,1.1503629687606214e-16,0.0,0.011786390324212605,0.01178639032421272,True,True,True,-0.01178639032421272,0.0,True
33,source_value_shuffle,C13,13,U13->U14->U15,-1,True,64192a04f83add3e,-1.796972479415499e-17,-0.0,-0.0015418447405084884,-0.0015418447405085064,True,True,True,0.0015418447405085064,0.0,True
33,source_value_shuffle,C14,14,U14->U15->U16,1,True,ba382b2bc98b1bc7,2.2283822417041855e-16,0.0,0.01721513614788751,0.017215136147887732,True,True,True,-0.017215136147887732,0.0,True
33,source_value_shuffle,C15,15,U15->U16->U17,-1,True,9c0018f07e49cc23,-4.972147910400757e-16,-0.0,-0.00769879566953208,-0.007698795669532577,True,True,True,0.007698795669532577,0.0,True
33,source_value_shuffle,C16,16,U16->U17->U18,1,True,ce29c37edc678855,5.448740741048668e-16,0.0,0.015321925290514612,0.015321925290515157,True,True,True,-0.015321925290515157,0.0,True
33,source_value_shuffle,C17,17,U17->U18->U19,-1,True,a61a667577150798,-5.103159752226048e-16,0.029826429030542972,0.02440362849600604,-0.005422800534537444,True,True,True,0.005422800534537444,0.0,True
33,source_value_shuffle,C18,18,U18->U19->U20,1,True,cd23dd3a205e5fef,3.154304303276039e-16,-0.08999767197547463,-0.07022150400169222,0.019776167973782732,True,True,True,-0.019776167973782732,0.0,True
33,source_value_shuffle,C19,19,U19->U20->U21,-1,True,a7cec9131554dcc9,-2.487046948653753e-16,0.12103754888942862,0.10275596516217404,-0.01828158372725483,True,True,True,0.01828158372725483,0.0,True
33,source_value_shuffle,C20,20,U20->U21->U22,1,True,35eb2ee90a78a896,1.5821556535438866e-16,-0.09121111985888565,-0.07904314238616679,0.012167977472719013,True,True,True,-0.012167977472719013,0.0,True
33,source_value_shuffle,C21,21,U21->U22->U23,-1,True,afdf5f0c6bf20a2d,-3.3595960886999404e-16,0.03103987691395399,0.02979044455228321,-0.001249432361671115,True,True,True,0.001249432361671115,0.0,True
33,source_value_shuffle,C22,22,U22->U23->U24,1,True,71a9d40f368956e1,3.1490284913520244e-16,0.0,-0.0036827939791488438,-0.003682793979148529,True,True,True,0.003682793979148529,0.0,True
33,source_value_shuffle,C23,23,U23->U24->U25,-1,True,88eb171eebddd577,-1.31242821098874e-16,-0.0,0.0034262493547742804,0.003426249354774149,True,True,True,-0.003426249354774149,0.0,True
33,source_value_shuffle,C24,24,U24->U25->U26,1,True,771f9e7873207e57,2.7734163894757484e-16,0.0,0.006690877058335411,0.006690877058335688,True,True,True,-0.006690877058335688,0.0,True
33,source_value_shuffle,C25,25,U25->U26->U27,-1,True,eff2263c3f4956b4,-3.354727014739564e-16,-0.0,-0.009748816491602377,-0.009748816491602712,True,True,True,0.009748816491602712,0.0,True
33,source_value_shuffle,C26,26,U26->U27->U28,1,True,75eb8b0be2820681,2.5113185694792054e-16,0.0,0.02073616134120531,0.02073616134120556,True,True,True,-0.02073616134120556,0.0,True
33,source_value_shuffle,C27,27,U27->U28->U29,-1,True,3563fa6fa1a54254,-2.251984727639106e-16,-0.0,-0.007067164251457399,-0.007067164251457625,True,True,True,0.007067164251457625,0.0,True
33,source_value_shuffle,C28,28,U28->U29->U30,1,True,7a3f8c8737ea7f9d,2.242528225737347e-16,0.08711622641806765,0.11398654949734109,0.02687032307927366,True,True,True,-0.02687032307927366,0.0,True
33,source_value_shuffle,C29,29,U29->U30->U31,-1,True,f498208696acd7e8,-1.1407028952218093e-16,-0.25814511435568166,-0.2795853308181245,-0.02144021646244293,True,True,True,0.02144021646244293,0.0,True
33,source_value_shuffle,C30,30,U30->U31->U32,1,True,67352c1e7f78d68c,3.155374431484572e-16,0.34479550744204485,0.3591774865908596,0.01438197914881506,True,True,True,-0.01438197914881506,0.0,True
33,source_value_shuffle,C31,31,U31->U32->U0,-1,True,31b398f515095eb8,-4.1637983561253324e-16,-0.2576792810239772,-0.2598507050745332,-0.0021714240505564253,True,True,True,0.0021714240505564253,0.0,True
33,source_value_shuffle,C32,32,U32->U0->U1,1,True,78fc41c052f4e8d1,3.518446842295803e-16,0.08665039308636319,0.10744230642194255,0.020791913335579712,True,True,True,-0.020791913335579712,0.0,True
33,source_provenance_shuffle,C0,0,U0->U1->U2,1,True,7385ef288e789162,1.180584774209615e-16,0.2524351314424278,0.2516740626882383,-0.000761068754189409,True,True,True,0.000761068754189409,0.0,True
33,source_provenance_shuffle,C1,1,U1->U2->U3,-1,True,34bcc42ae19d9eab,-5.016237583799007e-17,-0.08327958442831598,-0.09298857270027977,-0.009708988271963842,True,True,True,0.009708988271963842,0.0,True
33,source_provenance_shuffle,C2,2,U2->U3->U4,1,True,bf935ef683cce4c9,2.7601832959960655e-16,0.0,0.0117544074839581,0.011754407483958377,True,True,True,-0.011754407483958377,0.0,True
33,source_provenance_shuffle,C3,3,U3->U4->U5,-1,True,db806d8ee87cc06f,-2.516799473724122e-16,-0.0,-0.015502062328136007,-0.015502062328136258,True,True,True,0.015502062328136258,0.0,True
33,source_provenance_shuffle,C4,4,U4->U5->U6,1,True,56d2749e2acc335f,2.4956623031861478e-16,0.0,0.0037934657749274722,0.0037934657749277216,True,True,True,-0.0037934657749277216,0.0,True
33,source_provenance_shuffle,C5,5,U5->U6->U7,-1,True,0f38cffa4931b4f7,-2.505233680136768e-16,-0.0,-0.006984090185366736,-0.006984090185366987,True,True,True,0.006984090185366987,0.0,True
33,source_provenance_shuffle,C6,6,U6->U7->U8,1,True,39e82fb98662e922,1.6041644968631074e-16,0.0,0.01996530589606932,0.019965305896069478,True,True,True,-0.019965305896069478,0.0,True
33,source_provenance_shuffle,C7,7,U7->U8->U9,-1,True,7612ed5600fc3d0d,-3.352916786769492e-16,-0.0,-0.0166013633673847,-0.016601363367385037,True,True,True,0.016601363367385037,0.0,True
33,source_provenance_shuffle,C8,8,U8->U9->U10,1,True,f201e446eee10e81,2.226073926957966e-16,-0.057908595044330595,-0.04817133587664855,0.009737259167682269,True,True,True,-0.009737259167682269,0.0,True
33,source_provenance_shuffle,C9,9,U9->U10->U11,-1,True,a0ea4d5eeb444979,-3.1554900090799665e-16,0.17382172523176398,0.15878355478220244,-0.01503817044956185,True,True,True,0.01503817044956185,0.0,True
33,source_provenance_shuffle,C10,10,U10->U11->U12,1,True,1b2f668070794048,3.1573094129104106e-16,-0.23054496875266486,-0.22675845459449306,0.003786514158172105,True,True,True,-0.003786514158172105,0.0,True
33,source_provenance_shuffle,C11,11,U11->U12->U13,-1,True,cb7655f53059159e,-1.685220753783027e-16,0.1726363737083343,0.1687511789469574,-0.0038851947613770532,True,True,True,0.0038851947613770532,0.0,True
33,source_provenance_shuffle,C12,12,U12->U13->U14,1,True,782b4a25ac9595d1,1.1503629687606214e-16,-0.056723243520900905,-0.05309311967743161,0.0036301238434694114,True,True,True,-0.0036301238434694114,0.0,True
33,source_provenance_shuffle,C13,13,U13->U14->U15,-1,True,64192a04f83add3e,-1.796972479415499e-17,-0.0,0.0009455211805519514,0.0009455211805519334,True,True,True,-0.0009455211805519334,0.0,True
33,source_provenance_shuffle,C14,14,U14->U15->U16,1,True,ba382b2bc98b1bc7,2.2283822417041855e-16,0.0,0.013165698410858743,0.013165698410858965,True,True,True,-0.013165698410858965,0.0,True
33,source_provenance_shuffle,C15,15,U15->U16->U17,-1,True,9c0018f07e49cc23,-4.972147910400757e-16,-0.0,-0.007163706393838671,-0.007163706393839168,True,True,True,0.007163706393839168,0.0,True
33,source_provenance_shuffle,C16,16,U16->U17->U18,1,True,ce29c37edc678855,5.448740741048668e-16,0.0,0.014025104078950084,0.014025104078950629,True,True,True,-0.014025104078950629,0.0,True
33,source_provenance_shuffle,C17,17,U17->U18->U19,-1,True,a61a667577150798,-5.103159752226048e-16,-0.0,0.002205674469825286,0.0022056744698247754,True,True,True,-0.0022056744698247754,0.0,True
33,source_provenance_shuffle,C18,18,U18->U19->U20,1,True,cd23dd3a205e5fef,3.154304303276039e-16,0.0,0.016809643530620758,0.016809643530621074,True,True,True,-0.016809643530621074,0.0,True
33,source_provenance_shuffle,C19,19,U19->U20->U21,-1,True,a7cec9131554dcc9,-2.487046948653753e-16,0.027456931546241948,0.015139199455544197,-0.012317732090698,True,True,True,0.012317732090698,0.0,True
33,source_provenance_shuffle,C20,20,U20->U21->U22,1,True,35eb2ee90a78a896,1.5821556535438866e-16,-0.08184070329237901,-0.068629604979223,0.013211098313156158,True,True,True,-0.013211098313156158,0.0,True
33,source_provenance_shuffle,C21,21,U21->U22->U23,-1,True,afdf5f0c6bf20a2d,-3.3595960886999404e-16,0.11023510752280923,0.11018659614715709,-4.851137565246855e-05,True,True,True,4.851137565246855e-05,0.0,True
33,source_provenance_shuffle,C22,22,U22->U23->U24,1,True,71a9d40f368956e1,3.1490284913520244e-16,-0.08277817597656728,-0.08269519594312319,8.29800334444103e-05,True,True,True,-8.29800334444103e-05,0.0,True
33,source_provenance_shuffle,C23,23,U23->U24->U25,-1,True,88eb171eebddd577,-1.31242821098874e-16,0.028394404230430225,0.028613642711209038,0.00021923848077868083,True,True,True,-0.00021923848077868083,0.0,True
33,source_provenance_shuffle,C24,24,U24->U25->U26,1,True,771f9e7873207e57,2.7734163894757484e-16,0.0,0.010101066942780361,0.010101066942780639,True,True,True,-0.010101066942780639,0.0,True
33,source_provenance_shuffle,C25,25,U25->U26->U27,-1,True,eff2263c3f4956b4,-3.354727014739564e-16,-0.0,-0.016068393751542134,-0.01606839375154247,True,True,True,0.01606839375154247,0.0,True
33,source_provenance_shuffle,C26,26,U26->U27->U28,1,True,75eb8b0be2820681,2.5113185694792054e-16,0.0,0.02630221698631037,0.02630221698631062,True,True,True,-0.02630221698631062,0.0,True
33,source_provenance_shuffle,C27,27,U27->U28->U29,-1,True,3563fa6fa1a54254,-2.251984727639106e-16,-0.0,-0.014110861522854306,-0.014110861522854531,True,True,True,0.014110861522854531,0.0,True
33,source_provenance_shuffle,C28,28,U28->U29->U30,1,True,7a3f8c8737ea7f9d,2.242528225737347e-16,0.0,0.02709205890153426,0.027092058901534485,True,True,True,-0.027092058901534485,0.0,True
33,source_provenance_shuffle,C29,29,U29->U30->U31,-1,True,f498208696acd7e8,-1.1407028952218093e-16,-0.0,-0.02745396940890287,-0.027453969408902986,True,True,True,0.027453969408902986,0.0,True
33,source_provenance_shuffle,C30,30,U30->U31->U32,1,True,67352c1e7f78d68c,3.155374431484572e-16,0.07804755165951664,0.08869272900957488,0.010645177350058557,True,True,True,-0.010645177350058557,0.0,True
33,source_provenance_shuffle,C31,31,U31->U32->U0,-1,True,31b398f515095eb8,-4.1637983561253324e-16,-0.24720309867362844,-0.24559044590003692,0.0016126527735911,True,True,True,-0.0016126527735911,0.0,True
33,source_provenance_shuffle,C32,32,U32->U0->U1,1,True,78fc41c052f4e8d1,3.518446842295803e-16,0.33048268310194445,0.34095539118254203,0.010472708080597914,True,True,True,-0.010472708080597914,0.0,True
33,support_shuffle,C0,0,U0->U1->U2,1,True,7385ef288e789162,1.180584774209615e-16,0.2596036283850413,0.2608324979450886,0.0012288695600474187,True,True,True,-0.0012288695600474187,0.0,True
33,support_shuffle,C1,1,U1->U2->U3,-1,True,34bcc42ae19d9eab,-5.016237583799007e-17,-0.08127644334708571,-0.08968449715583146,-0.008408053808745805,True,True,True,0.008408053808745805,0.0,True
33,support_shuffle,C2,2,U2->U3->U4,1,True,bf935ef683cce4c9,2.7601832959960655e-16,0.0,0.003954464855610067,0.0039544648556103425,True,True,True,-0.0039544648556103425,0.0,True
33,support_shuffle,C3,3,U3->U4->U5,-1,True,db806d8ee87cc06f,-2.516799473724122e-16,-0.0,-0.016239943293575126,-0.01623994329357538,True,True,True,0.01623994329357538,0.0,True
33,support_shuffle,C4,4,U4->U5->U6,1,True,56d2749e2acc335f,2.4956623031861478e-16,0.0,0.001143551085345966,0.0011435510853462156,True,True,True,-0.0011435510853462156,0.0,True
33,support_shuffle,C5,5,U5->U6->U7,-1,True,0f38cffa4931b4f7,-2.505233680136768e-16,-0.0,-0.014260099964253897,-0.014260099964254147,True,True,True,0.014260099964254147,0.0,True
33,support_shuffle,C6,6,U6->U7->U8,1,True,39e82fb98662e922,1.6041644968631074e-16,0.0,0.02096564236337784,0.020965642363378,True,True,True,-0.020965642363378,0.0,True
33,support_shuffle,C7,7,U7->U8->U9,-1,True,7612ed5600fc3d0d,-3.352916786769492e-16,-0.0,-0.018645076527100617,-0.018645076527100953,True,True,True,0.018645076527100953,0.0,True
33,support_shuffle,C8,8,U8->U9->U10,1,True,f201e446eee10e81,2.226073926957966e-16,-0.05195992001588157,-0.03871542658886899,0.013244493427012796,True,True,True,-0.013244493427012796,0.0,True
33,support_shuffle,C9,9,U9->U10->U11,-1,True,a0ea4d5eeb444979,-3.1554900090799665e-16,0.15419347228593774,0.13391530957346992,-0.02027816271246813,True,True,True,0.02027816271246813,0.0,True
33,support_shuffle,C10,10,U10->U11->U12,1,True,1b2f668070794048,3.1573094129104106e-16,-0.20991294491981918,-0.19233445942867705,0.017578485491142437,True,True,True,-0.017578485491142437,0.0,True
33,support_shuffle,C11,11,U11->U12->U13,-1,True,cb7655f53059159e,-1.685220753783027e-16,0.15795302490393762,0.14810844540438306,-0.009844579499554723,True,True,True,0.009844579499554723,0.0,True
33,support_shuffle,C12,12,U12->U13->U14,1,True,782b4a25ac9595d1,1.1503629687606214e-16,-0.05571947263388144,-0.04393308230966883,0.011786390324212727,True,True,True,-0.011786390324212727,0.0,True
33,support_shuffle,C13,13,U13->U14->U15,-1,True,64192a04f83add3e,-1.796972479415499e-17,-0.0,-0.0015418447405084884,-0.0015418447405085064,True,True,True,0.0015418447405085064,0.0,True
33,support_shuffle,C14,14,U14->U15->U16,1,True,ba382b2bc98b1bc7,2.2283822417041855e-16,0.0,0.01721513614788751,0.017215136147887732,True,True,True,-0.017215136147887732,0.0,True
33,support_shuffle,C15,15,U15->U16->U17,-1,True,9c0018f07e49cc23,-4.972147910400757e-16,-0.0,-0.00769879566953208,-0.007698795669532577,True,True,True,0.007698795669532577,0.0,True
33,support_shuffle,C16,16,U16->U17->U18,1,True,ce29c37edc678855,5.448740741048668e-16,0.0,0.015321925290514612,0.015321925290515157,True,True,True,-0.015321925290515157,0.0,True
33,support_shuffle,C17,17,U17->U18->U19,-1,True,a61a667577150798,-5.103159752226048e-16,-0.0,-0.005422800534536934,-0.005422800534537444,True,True,True,0.005422800534537444,0.0,True
33,support_shuffle,C18,18,U18->U19->U20,1,True,cd23dd3a205e5fef,3.154304303276039e-16,0.0,0.019776167973782423,0.01977616797378274,True,True,True,-0.01977616797378274,0.0,True
33,support_shuffle,C19,19,U19->U20->U21,-1,True,a7cec9131554dcc9,-2.487046948653753e-16,0.03103987691395399,0.012758293186699422,-0.018281583727254816,True,True,True,0.018281583727254816,0.0,True
33,support_shuffle,C20,20,U20->U21->U22,1,True,35eb2ee90a78a896,1.5821556535438866e-16,-0.0852898905208052,-0.07312191304808634,0.012167977472719013,True,True,True,-0.012167977472719013,0.0,True
33,support_shuffle,C21,21,U21->U22->U23,-1,True,afdf5f0c6bf20a2d,-3.3595960886999404e-16,0.11551687946457923,0.11426744710290845,-0.0012494323616711045,True,True,True,0.0012494323616711045,0.0,True
33,support_shuffle,C22,22,U22->U23->U24,1,True,71a9d40f368956e1,3.1490284913520244e-16,-0.08447700255062524,-0.08815979652977408,-0.00368279397914853,True,True,True,0.00368279397914853,0.0,True
33,support_shuffle,C23,23,U23->U24->U25,-1,True,88eb171eebddd577,-1.31242821098874e-16,0.03022698894377403,0.033653238298548306,0.0034262493547741434,True,True,True,-0.0034262493547741434,0.0,True
33,support_shuffle,C24,24,U24->U25->U26,1,True,771f9e7873207e57,2.7734163894757484e-16,0.0,0.006690877058335411,0.006690877058335688,True,True,True,-0.006690877058335688,0.0,True
33,support_shuffle,C25,25,U25->U26->U27,-1,True,eff2263c3f4956b4,-3.354727014739564e-16,-0.0,-0.009748816491602377,-0.009748816491602712,True,True,True,0.009748816491602712,0.0,True
33,support_shuffle,C26,26,U26->U27->U28,1,True,75eb8b0be2820681,2.5113185694792054e-16,0.0,0.02073616134120531,0.02073616134120556,True,True,True,-0.02073616134120556,0.0,True
33,support_shuffle,C27,27,U27->U28->U29,-1,True,3563fa6fa1a54254,-2.251984727639106e-16,-0.0,-0.007067164251457399,-0.007067164251457625,True,True,True,0.007067164251457625,0.0,True
33,support_shuffle,C28,28,U28->U29->U30,1,True,7a3f8c8737ea7f9d,2.242528225737347e-16,0.0,0.026870323079273443,0.02687032307927367,True,True,True,-0.02687032307927367,0.0,True
33,support_shuffle,C29,29,U29->U30->U31,-1,True,f498208696acd7e8,-1.1407028952218093e-16,-0.0,-0.021440216462442825,-0.02144021646244294,True,True,True,0.02144021646244294,0.0,True
33,support_shuffle,C30,30,U30->U31->U32,1,True,67352c1e7f78d68c,3.155374431484572e-16,0.08665039308636319,0.10103237223517797,0.014381979148815102,True,True,True,-0.014381979148815102,0.0,True
33,support_shuffle,C31,31,U31->U32->U0,-1,True,31b398f515095eb8,-4.1637983561253324e-16,-0.2649775781243188,-0.2671490021748748,-0.0021714240505564253,True,True,True,0.0021714240505564253,0.0,True
33,support_shuffle,C32,32,U32->U0->U1,1,True,78fc41c052f4e8d1,3.518446842295803e-16,0.3462540214714045,0.3670459348069839,0.020791913335579726,True,True,True,-0.020791913335579726,0.0,True
33,transition_shuffle,C0,0,U0->U1->U2,1,True,7385ef288e789162,0.013152889432255727,0.2596036283850413,0.2608451223367423,0.01439438338395671,True,True,True,-0.01439438338395671,0.0,True
33,transition_shuffle,C1,1,U1->U2->U3,-1,True,34bcc42ae19d9eab,-0.009631485943797558,-0.08127644334708571,-0.0896928361262897,-0.01804787872300155,True,True,True,0.01804787872300155,0.0,True
33,transition_shuffle,C2,2,U2->U3->U4,1,True,bf935ef683cce4c9,0.010354742179035781,0.0,0.003958312759236181,0.014313054938271962,True,True,True,-0.014313054938271962,0.0,True
33,transition_shuffle,C3,3,U3->U4->U5,-1,True,db806d8ee87cc06f,-0.015856377029998384,-0.0,-0.016239450527572474,-0.03209582755757086,True,True,True,0.03209582755757086,0.0,True
33,transition_shuffle,C4,4,U4->U5->U6,1,True,56d2749e2acc335f,0.01726808958210323,0.0,0.0011389943971155392,0.01840708397921877,True,True,True,-0.01840708397921877,0.0,True
33,transition_shuffle,C5,5,U5->U6->U7,-1,True,0f38cffa4931b4f7,-0.01459564824347098,-0.0,-0.014251681517032239,-0.02884732976050322,True,True,True,0.02884732976050322,0.0,True
33,transition_shuffle,C6,6,U6->U7->U8,1,True,39e82fb98662e922,0.010476635611594322,0.0,0.02095390339587056,0.03143053900746488,True,True,True,-0.03143053900746488,0.0,True
33,transition_shuffle,C7,7,U7->U8->U9,-1,True,7612ed5600fc3d0d,-0.010791373154965226,-0.0,-0.01863130876591216,-0.029422681920877387,True,True,True,0.029422681920877387,0.0,True
33,transition_shuffle,C8,8,U8->U9->U10,1,True,f201e446eee10e81,0.010625205360830703,-0.05195992001588157,-0.0387297461422157,0.023855379234496564,True,True,True,-0.023855379234496564,0.0,True
33,transition_shuffle,C9,9,U9->U10->U11,-1,True,a0ea4d5eeb444979,-0.013680612088660043,0.15419347228593774,0.1339293336197079,-0.03394475075488987,True,True,True,0.03394475075488987,0.0,True
33,transition_shuffle,C10,10,U10->U11->U12,1,True,1b2f668070794048,0.02719669602177152,-0.20991294491981918,-0.19234585170138663,0.04476378924020408,True,True,True,-0.04476378924020408,0.0,True
33,transition_shuffle,C11,11,U11->U12->U13,-1,True,cb7655f53059159e,-0.02395290063859381,0.15795302490393762,0.14811596575345648,-0.03378995978907495,True,True,True,0.03378995978907495,0.0,True
33,transition_shuffle,C12,12,U12->U13->U14,1,True,782b4a25ac9595d1,0.008913575193416583,-0.05571947263388144,-0.04393881871148016,0.020694229115817864,True,True,True,-0.020694229115817864,0.0,True
33,transition_shuffle,C13,13,U13->U14->U15,-1,True,64192a04f83add3e,-0.014290789347223354,-0.0,-0.0015373760773265532,-0.015828165424549907,True,True,True,0.015828165424549907,0.0,True
33,transition_shuffle,C14,14,U14->U15->U16,1,True,ba382b2bc98b1bc7,0.03107963457940042,0.0,0.017212083970114332,0.04829171854951475,True,True,True,-0.04829171854951475,0.0,True
33,transition_shuffle,C15,15,U15->U16->U17,-1,True,9c0018f07e49cc23,-0.049722660159671334,-0.0,-0.007697669148935058,-0.05742032930860639,True,True,True,0.05742032930860639,0.0,True
33,transition_shuffle,C16,16,U16->U17->U18,1,True,ce29c37edc678855,0.06682927854086099,0.0,0.015323716684237643,0.08215299522509863,True,True,True,-0.08215299522509863,0.0,True
33,transition_shuffle,C17,17,U17->U18->U19,-1,True,a61a667577150798,-0.0797449250251369,-0.0,-0.005428306802573182,-0.08517323182771008,True,True,True,0.08517323182771008,0.0,True
33,transition_shuffle,C18,18,U18->U19->U20,1,True,cd23dd3a205e5fef,0.08634671282004043,0.0,0.019784428011249564,0.10613114083129,True,True,True,-0.10613114083129,0.0,True
33,transition_shuffle,C19,19,U19->U20->U21,-1,True,a7cec9131554dcc9,-0.089860280460524,0.03103987691395399,0.012746905065846838,-0.10815325230863115,True,True,True,0.10815325230863115,0.0,True
33,transition_shuffle,C20,20,U20->U21->U22,1,True,35eb2ee90a78a896,0.07953254956415867,-0.0852898905208052,-0.07310911578862053,0.09171332429634335,True,True,True,-0.09171332429634335,0.0,True
33,transition_shuffle,C21,21,U21->U22->U23,-1,True,afdf5f0c6bf20a2d,-0.055946854126129986,0.11551687946457923,0.11425928505308454,-0.05720444853762467,True,True,True,0.05720444853762467,0.0,True
33,transition_shuffle,C22,22,U22->U23->U24,1,True,71a9d40f368956e1,0.032834542862019395,-0.08447700255062524,-0.0881576666743368,0.029153878738307826,True,True,True,-0.029153878738307826,0.0,True
33,transition_shuffle,C23,23,U23->U24->U25,-1,True,88eb171eebddd577,-0.013536702746655777,0.03022698894377403,0.03365457915769923,-0.010109112532730571,True,True,True,0.010109112532730571,0.0,True
33,transition_shuffle,C24,24,U24->U25->U26,1,True,771f9e7873207e57,0.02042047020333925,0.0,0.0066883608927801215,0.027108831096119373,True,True,True,-0.027108831096119373,0.0,True
33,transition_shuffle,C25,25,U25->U26->U27,-1,True,eff2263c3f4956b4,-0.04429673720318303,-0.0,-0.009748543474683614,-0.05404528067786664,True,True,True,0.05404528067786664,0.0,True
33,transition_shuffle,C26,26,U26->U27->U28,1,True,75eb8b0be2820681,0.06448985313576144,0.0,0.02074169803217249,0.08523155116793393,True,True,True,-0.08523155116793393,0.0,True
33,transition_shuffle,C27,27,U27->U28->U29,-1,True,3563fa6fa1a54254,-0.07813708994102311,-0.0,-0.007080500755719423,-0.08521759069674253,True,True,True,0.08521759069674253,0.0,True
33,transition_shuffle,C28,28,U28->U29->U30,1,True,7a3f8c8737ea7f9d,0.08396792516625803,0.0,0.02689112315360468,0.11085904831986271,True,True,True,-0.11085904831986271,0.0,True
33,transition_shuffle,C29,29,U29->U30->U31,-1,True,f498208696acd7e8,-0.08182844766561917,-0.0,-0.021463981656457458,-0.10329242932207663,True,True,True,0.10329242932207663,0.0,True
33,transition_shuffle,C30,30,U30->U31->U32,1,True,67352c1e7f78d68c,0.08541536158652167,0.08665039308636319,0.10105977839511318,0.09982474689527167,True,True,True,-0.09982474689527167,0.0,True
33,transition_shuffle,C31,31,U31->U32->U0,-1,True,31b398f515095eb8,-0.07153053795549005,-0.2649775781243188,-0.2671795316065208,-0.07373249143769203,True,True,True,0.07373249143769203,0.0,True
33,transition_shuffle,C32,32,U32->U0->U1,1,True,78fc41c052f4e8d1,0.026929390405297474,0.3462540214714045,0.36706717030280045,0.047742539236693415,True,True,True,-0.047742539236693415,0.0,True
33,cocycle_break,C0,0,U0->U1->U2,1,True,7385ef288e789162,0.040290178140749096,0.2596036283850413,0.2608724979450886,0.04155904770079638,True,True,True,-0.04155904770079638,0.0,True
33,cocycle_break,C1,1,U1->U2->U3,-1,True,34bcc42ae19d9eab,-5.016237583799007e-17,-0.08127644334708571,-0.08968449715583146,-0.008408053808745805,True,True,True,0.008408053808745805,0.0,True
33,cocycle_break,C2,2,U2->U3->U4,1,True,bf935ef683cce4c9,2.7601832959960655e-16,0.0,0.003954464855610067,0.0039544648556103425,True,True,True,-0.0039544648556103425,0.0,True
33,cocycle_break,C3,3,U3->U4->U5,-1,True,db806d8ee87cc06f,-2.516799473724122e-16,-0.0,-0.016239943293575126,-0.01623994329357538,True,True,True,0.01623994329357538,0.0,True
33,cocycle_break,C4,4,U4->U5->U6,1,True,56d2749e2acc335f,2.4956623031861478e-16,0.0,0.001143551085345966,0.0011435510853462156,True,True,True,-0.0011435510853462156,0.0,True
33,cocycle_break,C5,5,U5->U6->U7,-1,True,0f38cffa4931b4f7,-2.505233680136768e-16,-0.0,-0.014260099964253897,-0.014260099964254147,True,True,True,0.014260099964254147,0.0,True
33,cocycle_break,C6,6,U6->U7->U8,1,True,39e82fb98662e922,1.6041644968631074e-16,0.0,0.02096564236337784,0.020965642363378,True,True,True,-0.020965642363378,0.0,True
33,cocycle_break,C7,7,U7->U8->U9,-1,True,7612ed5600fc3d0d,-3.352916786769492e-16,-0.0,-0.018645076527100617,-0.018645076527100953,True,True,True,0.018645076527100953,0.0,True
33,cocycle_break,C8,8,U8->U9->U10,1,True,f201e446eee10e81,2.226073926957966e-16,-0.05195992001588157,-0.03871542658886899,0.013244493427012796,True,True,True,-0.013244493427012796,0.0,True
33,cocycle_break,C9,9,U9->U10->U11,-1,True,a0ea4d5eeb444979,-3.1554900090799665e-16,0.15419347228593774,0.13391530957346992,-0.02027816271246813,True,True,True,0.02027816271246813,0.0,True
33,cocycle_break,C10,10,U10->U11->U12,1,True,1b2f668070794048,3.1573094129104106e-16,-0.20991294491981918,-0.19233445942867705,0.017578485491142437,True,True,True,-0.017578485491142437,0.0,True
33,cocycle_break,C11,11,U11->U12->U13,-1,True,cb7655f53059159e,-1.685220753783027e-16,0.15795302490393762,0.14810844540438306,-0.009844579499554723,True,True,True,0.009844579499554723,0.0,True
33,cocycle_break,C12,12,U12->U13->U14,1,True,782b4a25ac9595d1,1.1503629687606214e-16,-0.05571947263388144,-0.04393308230966883,0.011786390324212727,True,True,True,-0.011786390324212727,0.0,True
33,cocycle_break,C13,13,U13->U14->U15,-1,True,64192a04f83add3e,-1.796972479415499e-17,-0.0,-0.0015418447405084884,-0.0015418447405085064,True,True,True,0.0015418447405085064,0.0,True
33,cocycle_break,C14,14,U14->U15->U16,1,True,ba382b2bc98b1bc7,2.2283822417041855e-16,0.0,0.01721513614788751,0.017215136147887732,True,True,True,-0.017215136147887732,0.0,True
33,cocycle_break,C15,15,U15->U16->U17,-1,True,9c0018f07e49cc23,-4.972147910400757e-16,-0.0,-0.00769879566953208,-0.007698795669532577,True,True,True,0.007698795669532577,0.0,True
33,cocycle_break,C16,16,U16->U17->U18,1,True,ce29c37edc678855,5.448740741048668e-16,0.0,0.015321925290514612,0.015321925290515157,True,True,True,-0.015321925290515157,0.0,True
33,cocycle_break,C17,17,U17->U18->U19,-1,True,a61a667577150798,-5.103159752226048e-16,-0.0,-0.005422800534536934,-0.005422800534537444,True,True,True,0.005422800534537444,0.0,True
33,cocycle_break,C18,18,U18->U19->U20,1,True,cd23dd3a205e5fef,3.154304303276039e-16,0.0,0.019776167973782423,0.01977616797378274,True,True,True,-0.01977616797378274,0.0,True
33,cocycle_break,C19,19,U19->U20->U21,-1,True,a7cec9131554dcc9,-2.487046948653753e-16,0.03103987691395399,0.012758293186699422,-0.018281583727254816,True,True,True,0.018281583727254816,0.0,True
33,cocycle_break,C20,20,U20->U21->U22,1,True,35eb2ee90a78a896,1.5821556535438866e-16,-0.0852898905208052,-0.07312191304808634,0.012167977472719013,True,True,True,-0.012167977472719013,0.0,True
33,cocycle_break,C21,21,U21->U22->U23,-1,True,afdf5f0c6bf20a2d,-3.3595960886999404e-16,0.11551687946457923,0.11426744710290845,-0.0012494323616711045,True,True,True,0.0012494323616711045,0.0,True
33,cocycle_break,C22,22,U22->U23->U24,1,True,71a9d40f368956e1,3.1490284913520244e-16,-0.08447700255062524,-0.08815979652977408,-0.00368279397914853,True,True,True,0.00368279397914853,0.0,True
33,cocycle_break,C23,23,U23->U24->U25,-1,True,88eb171eebddd577,-1.31242821098874e-16,0.03022698894377403,0.033653238298548306,0.0034262493547741434,True,True,True,-0.0034262493547741434,0.0,True
33,cocycle_break,C24,24,U24->U25->U26,1,True,771f9e7873207e57,2.7734163894757484e-16,0.0,0.006690877058335411,0.006690877058335688,True,True,True,-0.006690877058335688,0.0,True
33,cocycle_break,C25,25,U25->U26->U27,-1,True,eff2263c3f4956b4,-3.354727014739564e-16,-0.0,-0.009748816491602377,-0.009748816491602712,True,True,True,0.009748816491602712,0.0,True
33,cocycle_break,C26,26,U26->U27->U28,1,True,75eb8b0be2820681,2.5113185694792054e-16,0.0,0.02073616134120531,0.02073616134120556,True,True,True,-0.02073616134120556,0.0,True
33,cocycle_break,C27,27,U27->U28->U29,-1,True,3563fa6fa1a54254,-2.251984727639106e-16,-0.0,-0.007067164251457399,-0.007067164251457625,True,True,True,0.007067164251457625,0.0,True
33,cocycle_break,C28,28,U28->U29->U30,1,True,7a3f8c8737ea7f9d,2.242528225737347e-16,0.0,0.026870323079273443,0.02687032307927367,True,True,True,-0.02687032307927367,0.0,True
33,cocycle_break,C29,29,U29->U30->U31,-1,True,f498208696acd7e8,-1.1407028952218093e-16,-0.0,-0.021440216462442825,-0.02144021646244294,True,True,True,0.02144021646244294,0.0,True
33,cocycle_break,C30,30,U30->U31->U32,1,True,67352c1e7f78d68c,3.155374431484572e-16,0.08665039308636319,0.10103237223517797,0.014381979148815102,True,True,True,-0.014381979148815102,0.0,True
33,cocycle_break,C31,31,U31->U32->U0,-1,True,31b398f515095eb8,-4.1637983561253324e-16,-0.2649775781243188,-0.2671490021748748,-0.0021714240505564253,True,True,True,0.0021714240505564253,0.0,True
33,cocycle_break,C32,32,U32->U0->U1,1,True,78fc41c052f4e8d1,0.040288184554126784,0.3462540214714045,0.36708593480698387,0.06112009788970618,True,True,True,-0.06112009788970618,0.0,True
33,source_current_shuffle,C0,0,U0->U1->U2,1,True,7385ef288e789162,1.180584774209615e-16,0.0,0.2608324979450886,0.2608324979450887,False,True,True,-0.2608324979450887,0.0,True
33,source_current_shuffle,C1,1,U1->U2->U3,-1,True,34bcc42ae19d9eab,-5.016237583799007e-17,-0.0,-0.08968449715583146,-0.08968449715583152,False,True,True,0.08968449715583152,0.0,True
33,source_current_shuffle,C2,2,U2->U3->U4,1,True,bf935ef683cce4c9,2.7601832959960655e-16,0.0,0.003954464855610067,0.0039544648556103425,False,True,True,-0.0039544648556103425,0.0,True
33,source_current_shuffle,C3,3,U3->U4->U5,-1,True,db806d8ee87cc06f,-2.516799473724122e-16,-0.0,-0.016239943293575126,-0.01623994329357538,False,True,True,0.01623994329357538,0.0,True
33,source_current_shuffle,C4,4,U4->U5->U6,1,True,56d2749e2acc335f,2.4956623031861478e-16,0.0,0.001143551085345966,0.0011435510853462156,False,True,True,-0.0011435510853462156,0.0,True
33,source_current_shuffle,C5,5,U5->U6->U7,-1,True,0f38cffa4931b4f7,-2.505233680136768e-16,-0.0,-0.014260099964253897,-0.014260099964254147,False,True,True,0.014260099964254147,0.0,True
33,source_current_shuffle,C6,6,U6->U7->U8,1,True,39e82fb98662e922,1.6041644968631074e-16,-0.05195992001588157,0.02096564236337784,0.07292556237925957,False,True,True,-0.07292556237925957,0.0,True
33,source_current_shuffle,C7,7,U7->U8->U9,-1,True,7612ed5600fc3d0d,-3.352916786769492e-16,0.15419347228593774,-0.018645076527100617,-0.1728385488130387,False,True,True,0.1728385488130387,0.0,True
33,source_current_shuffle,C8,8,U8->U9->U10,1,True,f201e446eee10e81,2.226073926957966e-16,-0.20991294491981918,-0.03871542658886899,0.17119751833095043,False,True,True,-0.17119751833095043,0.0,True
33,source_current_shuffle,C9,9,U9->U10->U11,-1,True,a0ea4d5eeb444979,-3.1554900090799665e-16,0.15795302490393762,0.13391530957346992,-0.024037715330468,False,True,True,0.024037715330468,0.0,True
33,source_current_shuffle,C10,10,U10->U11->U12,1,True,1b2f668070794048,3.1573094129104106e-16,-0.05571947263388144,-0.19233445942867705,-0.13661498679479528,False,True,True,0.13661498679479528,0.0,True
33,source_current_shuffle,C11,11,U11->U12->U13,-1,True,cb7655f53059159e,-1.685220753783027e-16,-0.0,0.14810844540438306,0.1481084454043829,False,True,True,-0.1481084454043829,0.0,True
33,source_current_shuffle,C12,12,U12->U13->U14,1,True,782b4a25ac9595d1,1.1503629687606214e-16,0.0,-0.04393308230966883,-0.04393308230966871,False,True,True,0.04393308230966871,0.0,True
33,source_current_shuffle,C13,13,U13->U14->U15,-1,True,64192a04f83add3e,-1.796972479415499e-17,-0.0,-0.0015418447405084884,-0.0015418447405085064,False,True,True,0.0015418447405085064,0.0,True
33,source_current_shuffle,C14,14,U14->U15->U16,1,True,ba382b2bc98b1bc7,2.2283822417041855e-16,0.0,0.01721513614788751,0.017215136147887732,False,True,True,-0.017215136147887732,0.0,True
33,source_current_shuffle,C15,15,U15->U16->U17,-1,True,9c0018f07e49cc23,-4.972147910400757e-16,-0.0,-0.00769879566953208,-0.007698795669532577,False,True,True,0.007698795669532577,0.0,True
33,source_current_shuffle,C16,16,U16->U17->U18,1,True,ce29c37edc678855,5.448740741048668e-16,0.0,0.015321925290514612,0.015321925290515157,False,True,True,-0.015321925290515157,0.0,True
33,source_current_shuffle,C17,17,U17->U18->U19,-1,True,a61a667577150798,-5.103159752226048e-16,0.03103987691395399,-0.005422800534536934,-0.03646267744849144,False,True,True,0.03646267744849144,0.0,True
33,source_current_shuffle,C18,18,U18->U19->U20,1,True,cd23dd3a205e5fef,3.154304303276039e-16,-0.0852898905208052,0.019776167973782423,0.10506605849458794,False,True,True,-0.10506605849458794,0.0,True
33,source_current_shuffle,C19,19,U19->U20->U21,-1,True,a7cec9131554dcc9,-2.487046948653753e-16,0.11551687946457923,0.012758293186699422,-0.10275858627788005,False,True,True,0.10275858627788005,0.0,True
33,source_current_shuffle,C20,20,U20->U21->U22,1,True,35eb2ee90a78a896,1.5821556535438866e-16,-0.08447700255062524,-0.07312191304808634,0.01135508950253905,False,True,True,-0.01135508950253905,0.0,True
33,source_current_shuffle,C21,21,U21->U22->U23,-1,True,afdf5f0c6bf20a2d,-3.3595960886999404e-16,0.03022698894377403,0.11426744710290845,0.08404045815913408,False,True,True,-0.08404045815913408,0.0,True
33,source_current_shuffle,C22,22,U22->U23->U24,1,True,71a9d40f368956e1,3.1490284913520244e-16,0.0,-0.08815979652977408,-0.08815979652977377,False,True,True,0.08815979652977377,0.0,True
33,source_current_shuffle,C23,23,U23->U24->U25,-1,True,88eb171eebddd577,-1.31242821098874e-16,-0.0,0.033653238298548306,0.033653238298548174,False,True,True,-0.033653238298548174,0.0,True
33,source_current_shuffle,C24,24,U24->U25->U26,1,True,771f9e7873207e57,2.7734163894757484e-16,0.0,0.006690877058335411,0.006690877058335688,False,True,True,-0.006690877058335688,0.0,True
33,source_current_shuffle,C25,25,U25->U26->U27,-1,True,eff2263c3f4956b4,-3.354727014739564e-16,-0.0,-0.009748816491602377,-0.009748816491602712,False,True,True,0.009748816491602712,0.0,True
33,source_current_shuffle,C26,26,U26->U27->U28,1,True,75eb8b0be2820681,2.5113185694792054e-16,0.0,0.02073616134120531,0.02073616134120556,False,True,True,-0.02073616134120556,0.0,True
33,source_current_shuffle,C27,27,U27->U28->U29,-1,True,3563fa6fa1a54254,-2.251984727639106e-16,-0.0,-0.007067164251457399,-0.007067164251457625,False,True,True,0.007067164251457625,0.0,True
33,source_current_shuffle,C28,28,U28->U29->U30,1,True,7a3f8c8737ea7f9d,2.242528225737347e-16,0.08665039308636319,0.026870323079273443,-0.05978007000708952,False,True,True,0.05978007000708952,0.0,True
33,source_current_shuffle,C29,29,U29->U30->U31,-1,True,f498208696acd7e8,-1.1407028952218093e-16,-0.2649775781243188,-0.021440216462442825,0.2435373616618759,False,True,True,-0.2435373616618759,0.0,True
33,source_current_shuffle,C30,30,U30->U31->U32,1,True,67352c1e7f78d68c,3.155374431484572e-16,0.3462540214714045,0.10103237223517797,-0.2452216492362262,False,True,True,0.2452216492362262,0.0,True
33,source_current_shuffle,C31,31,U31->U32->U0,-1,True,31b398f515095eb8,-4.1637983561253324e-16,0.2596036283850413,-0.2671490021748748,-0.5267526305599166,False,True,True,0.5267526305599166,0.0,True
33,source_current_shuffle,C32,32,U32->U0->U1,1,True,78fc41c052f4e8d1,3.518446842295803e-16,-0.08127644334708571,0.3670459348069839,0.44832237815406994,False,True,True,-0.44832237815406994,0.0,True
33,boundary_pairing_shuffle,C0,0,U0->U1->U2,1,True,7385ef288e789162,1.180584774209615e-16,0.2596036283850413,0.003954464855610067,-0.2556491635294311,True,False,True,0.2556491635294311,0.0,True
33,boundary_pairing_shuffle,C1,1,U1->U2->U3,-1,True,34bcc42ae19d9eab,-5.016237583799007e-17,-0.08127644334708571,-0.016239943293575126,0.06503650005351053,True,False,True,-0.06503650005351053,0.0,True
33,boundary_pairing_shuffle,C2,2,U2->U3->U4,1,True,bf935ef683cce4c9,2.7601832959960655e-16,0.0,0.001143551085345966,0.001143551085346242,True,False,True,-0.001143551085346242,0.0,True
33,boundary_pairing_shuffle,C3,3,U3->U4->U5,-1,True,db806d8ee87cc06f,-2.516799473724122e-16,-0.0,-0.014260099964253897,-0.014260099964254149,True,False,True,0.014260099964254149,0.0,True
33,boundary_pairing_shuffle,C4,4,U4->U5->U6,1,True,56d2749e2acc335f,2.4956623031861478e-16,0.0,0.02096564236337784,0.02096564236337809,True,False,True,-0.02096564236337809,0.0,True
33,boundary_pairing_shuffle,C5,5,U5->U6->U7,-1,True,0f38cffa4931b4f7,-2.505233680136768e-16,-0.0,-0.018645076527100617,-0.018645076527100866,True,False,True,0.018645076527100866,0.0,True
33,boundary_pairing_shuffle,C6,6,U6->U7->U8,1,True,39e82fb98662e922,1.6041644968631074e-16,0.0,-0.03871542658886899,-0.03871542658886883,True,False,True,0.03871542658886883,0.0,True
33,boundary_pairing_shuffle,C7,7,U7->U8->U9,-1,True,7612ed5600fc3d0d,-3.352916786769492e-16,-0.0,0.13391530957346992,0.1339153095734696,True,False,True,-0.1339153095734696,0.0,True
33,boundary_pairing_shuffle,C8,8,U8->U9->U10,1,True,f201e446eee10e81,2.226073926957966e-16,-0.05195992001588157,-0.19233445942867705,-0.14037453941279526,True,False,True,0.14037453941279526,0.0,True
33,boundary_pairing_shuffle,C9,9,U9->U10->U11,-1,True,a0ea4d5eeb444979,-3.1554900090799665e-16,0.15419347228593774,0.14810844540438306,-0.006085026881554989,True,False,True,0.006085026881554989,0.0,True
33,boundary_pairing_shuffle,C10,10,U10->U11->U12,1,True,1b2f668070794048,3.1573094129104106e-16,-0.20991294491981918,-0.04393308230966883,0.16597986261015066,True,False,True,-0.16597986261015066,0.0,True
33,boundary_pairing_shuffle,C11,11,U11->U12->U13,-1,True,cb7655f53059159e,-1.685220753783027e-16,0.15795302490393762,-0.0015418447405084884,-0.15949486964444626,True,False,True,0.15949486964444626,0.0,True
33,boundary_pairing_shuffle,C12,12,U12->U13->U14,1,True,782b4a25ac9595d1,1.1503629687606214e-16,-0.05571947263388144,0.01721513614788751,0.07293460878176906,True,False,True,-0.07293460878176906,0.0,True
33,boundary_pairing_shuffle,C13,13,U13->U14->U15,-1,True,64192a04f83add3e,-1.796972479415499e-17,-0.0,-0.00769879566953208,-0.007698795669532099,True,False,True,0.007698795669532099,0.0,True
33,boundary_pairing_shuffle,C14,14,U14->U15->U16,1,True,ba382b2bc98b1bc7,2.2283822417041855e-16,0.0,0.015321925290514612,0.015321925290514835,True,False,True,-0.015321925290514835,0.0,True
33,boundary_pairing_shuffle,C15,15,U15->U16->U17,-1,True,9c0018f07e49cc23,-4.972147910400757e-16,-0.0,-0.005422800534536934,-0.005422800534537431,True,False,True,0.005422800534537431,0.0,True
33,boundary_pairing_shuffle,C16,16,U16->U17->U18,1,True,ce29c37edc678855,5.448740741048668e-16,0.0,0.019776167973782423,0.019776167973782968,True,False,True,-0.019776167973782968,0.0,True
33,boundary_pairing_shuffle,C17,17,U17->U18->U19,-1,True,a61a667577150798,-5.103159752226048e-16,-0.0,0.012758293186699422,0.012758293186698912,True,False,True,-0.012758293186698912,0.0,True
33,boundary_pairing_shuffle,C18,18,U18->U19->U20,1,True,cd23dd3a205e5fef,3.154304303276039e-16,0.0,-0.07312191304808634,-0.07312191304808602,True,False,True,0.07312191304808602,0.0,True
33,boundary_pairing_shuffle,C19,19,U19->U20->U21,-1,True,a7cec9131554dcc9,-2.487046948653753e-16,0.03103987691395399,0.11426744710290845,0.08322757018895421,True,False,True,-0.08322757018895421,0.0,True
33,boundary_pairing_shuffle,C20,20,U20->U21->U22,1,True,35eb2ee90a78a896,1.5821556535438866e-16,-0.0852898905208052,-0.08815979652977408,-0.002869906008968734,True,False,True,0.002869906008968734,0.0,True
33,boundary_pairing_shuffle,C21,21,U21->U22->U23,-1,True,afdf5f0c6bf20a2d,-3.3595960886999404e-16,0.11551687946457923,0.033653238298548306,-0.08186364116603126,True,False,True,0.08186364116603126,0.0,True
33,boundary_pairing_shuffle,C22,22,U22->U23->U24,1,True,71a9d40f368956e1,3.1490284913520244e-16,-0.08447700255062524,0.006690877058335411,0.09116787960896097,True,False,True,-0.09116787960896097,0.0,True
33,boundary_pairing_shuffle,C23,23,U23->U24->U25,-1,True,88eb171eebddd577,-1.31242821098874e-16,0.03022698894377403,-0.009748816491602377,-0.039975805435376544,True,False,True,0.039975805435376544,0.0,True
33,boundary_pairing_shuffle,C24,24,U24->U25->U26,1,True,771f9e7873207e57,2.7734163894757484e-16,0.0,0.02073616134120531,0.020736161341205588,True,False,True,-0.020736161341205588,0.0,True
33,boundary_pairing_shuffle,C25,25,U25->U26->U27,-1,True,eff2263c3f4956b4,-3.354727014739564e-16,-0.0,-0.007067164251457399,-0.007067164251457735,True,False,True,0.007067164251457735,0.0,True
33,boundary_pairing_shuffle,C26,26,U26->U27->U28,1,True,75eb8b0be2820681,2.5113185694792054e-16,0.0,0.026870323079273443,0.026870323079273693,True,False,True,-0.026870323079273693,0.0,True
33,boundary_pairing_shuffle,C27,27,U27->U28->U29,-1,True,3563fa6fa1a54254,-2.251984727639106e-16,-0.0,-0.021440216462442825,-0.02144021646244305,True,False,True,0.02144021646244305,0.0,True
33,boundary_pairing_shuffle,C28,28,U28->U29->U30,1,True,7a3f8c8737ea7f9d,2.242528225737347e-16,0.0,0.10103237223517797,0.10103237223517819,True,False,True,-0.10103237223517819,0.0,True
33,boundary_pairing_shuffle,C29,29,U29->U30->U31,-1,True,f498208696acd7e8,-1.1407028952218093e-16,-0.0,-0.2671490021748748,-0.2671490021748749,True,False,True,0.2671490021748749,0.0,True
33,boundary_pairing_shuffle,C30,30,U30->U31->U32,1,True,67352c1e7f78d68c,3.155374431484572e-16,0.08665039308636319,0.3670459348069839,0.28039554172062103,True,False,True,-0.28039554172062103,0.0,True
33,boundary_pairing_shuffle,C31,31,U31->U32->U0,-1,True,31b398f515095eb8,-4.1637983561253324e-16,-0.2649775781243188,0.2608324979450886,0.525810076069407,True,False,True,-0.525810076069407,0.0,True
33,boundary_pairing_shuffle,C32,32,U32->U0->U1,1,True,78fc41c052f4e8d1,3.518446842295803e-16,0.3462540214714045,-0.08968449715583146,-0.43593851862723565,True,False,True,0.43593851862723565,0.0,True
33,W3_local_free_random,C0,0,U0->U1->U2,1,True,3b68b54b4effa92a,1.180584774209615e-16,0.2596036283850413,0.26052051412014887,0.0009168857351076753,True,True,True,-0.0009168857351076753,0.0,True
33,W3_local_free_random,C1,1,U1->U2->U3,-1,True,a9c81a5380428c8c,-5.016237583799007e-17,-0.08127644334708571,-0.08290244042799595,-0.0016259970809102964,True,True,True,0.0016259970809102964,0.0,True
33,W3_local_free_random,C2,2,U2->U3->U4,1,True,a2d61a290ae227f1,2.7601832959960655e-16,0.0,0.009032114631269645,0.00903211463126992,True,True,True,-0.00903211463126992,0.0,True
33,W3_local_free_random,C3,3,U3->U4->U5,-1,True,4d44ebff534df57d,-2.516799473724122e-16,-0.0,-0.015278806733737587,-0.015278806733737839,True,True,True,0.015278806733737839,0.0,True
33,W3_local_free_random,C4,4,U4->U5->U6,1,True,6cc4af05cbce91de,2.4956623031861478e-16,0.0,-0.00169896505223,-0.0016989650522297505,True,True,True,0.0016989650522297505,0.0,True
33,W3_local_free_random,C5,5,U5->U6->U7,-1,True,5697bd14c14a57c4,-2.505233680136768e-16,-0.0,-0.014082525195065837,-0.014082525195066087,True,True,True,0.014082525195066087,0.0,True
33,W3_local_free_random,C6,6,U6->U7->U8,1,True,0f503ffc03900491,1.6041644968631074e-16,0.0,0.014875407170226049,0.014875407170226208,True,True,True,-0.014875407170226208,0.0,True
33,W3_local_free_random,C7,7,U7->U8->U9,-1,True,93d0320b38a0d194,-3.352916786769492e-16,-0.0,-0.011613103924473532,-0.011613103924473867,True,True,True,0.011613103924473867,0.0,True
33,W3_local_free_random,C8,8,U8->U9->U10,1,True,752d7b7192709f39,2.226073926957966e-16,-0.05195992001588157,-0.040880642123913534,0.011079277891968255,True,True,True,-0.011079277891968255,0.0,True
33,W3_local_free_random,C9,9,U9->U10->U11,-1,True,fb73c09c3fe5c6d7,-3.1554900090799665e-16,0.15419347228593774,0.1389981149641052,-0.015195357321832859,True,True,True,0.015195357321832859,0.0,True
33,W3_local_free_random,C10,10,U10->U11->U12,1,True,85a076a205d679d8,3.1573094129104106e-16,-0.20991294491981918,-0.19262711721404593,0.017285827705773554,True,True,True,-0.017285827705773554,0.0,True
33,W3_local_free_random,C11,11,U11->U12->U13,-1,True,e2962bf674979996,-1.685220753783027e-16,0.15795302490393762,0.14060321748284432,-0.01734980742109346,True,True,True,0.01734980742109346,0.0,True
33,W3_local_free_random,C12,12,U12->U13->U14,1,True,e49f27575134398c,1.1503629687606214e-16,-0.05571947263388144,-0.04101052461298499,0.014708948020896569,True,True,True,-0.014708948020896569,0.0,True
33,W3_local_free_random,C13,13,U13->U14->U15,-1,True,5e9d64d8b6ed7bd9,-1.796972479415499e-17,-0.0,0.0016328303689805788,0.0016328303689805608,True,True,True,-0.0016328303689805608,0.0,True
33,W3_local_free_random,C14,14,U14->U15->U16,1,True,25d552ad76c52ae4,2.2283822417041855e-16,0.0,0.021688797902887705,0.021688797902887927,True,True,True,-0.021688797902887927,0.0,True
33,W3_local_free_random,C15,15,U15->U16->U17,-1,True,e826ff2a71ca4ac9,-4.972147910400757e-16,-0.0,-0.005794503834053848,-0.005794503834054345,True,True,True,0.005794503834054345,0.0,True
33,W3_local_free_random,C16,16,U16->U17->U18,1,True,e652992b37b17542,5.448740741048668e-16,0.0,0.01567667940839115,0.015676679408391694,True,True,True,-0.015676679408391694,0.0,True
33,W3_local_free_random,C17,17,U17->U18->U19,-1,True,ee9e795f1e34645a,-5.103159752226048e-16,-0.0,-0.004033656784206835,-0.004033656784207345,True,True,True,0.004033656784207345,0.0,True
33,W3_local_free_random,C18,18,U18->U19->U20,1,True,ccc869d42e49bed7,3.154304303276039e-16,0.0,0.017861316375679722,0.017861316375680038,True,True,True,-0.017861316375680038,0.0,True
33,W3_local_free_random,C19,19,U19->U20->U21,-1,True,8e42f8da8a88e625,-2.487046948653753e-16,0.03103987691395399,0.012173758079310181,-0.018866118834644056,True,True,True,0.018866118834644056,0.0,True
33,W3_local_free_random,C20,20,U20->U21->U22,1,True,e8f959948ec4c744,1.5821556535438866e-16,-0.0852898905208052,-0.07792180708355118,0.007368083437254175,True,True,True,-0.007368083437254175,0.0,True
33,W3_local_free_random,C21,21,U21->U22->U23,-1,True,7e08c85563700d1b,-3.3595960886999404e-16,0.11551687946457923,0.111861386261571,-0.003655493203008564,True,True,True,0.003655493203008564,0.0,True
33,W3_local_free_random,C22,22,U22->U23->U24,1,True,6a43c380bfcc0dbe,3.1490284913520244e-16,-0.08447700255062524,-0.0843384792762403,0.00013852327438525214,True,True,True,-0.00013852327438525214,0.0,True
33,W3_local_free_random,C23,23,U23->U24->U25,-1,True,0eead4ee7f450b35,-1.31242821098874e-16,0.03022698894377403,0.03359009886904071,0.0033631099252665504,True,True,True,-0.0033631099252665504,0.0,True
33,W3_local_free_random,C24,24,U24->U25->U26,1,True,93b2ac6062cfad6a,2.7734163894757484e-16,0.0,0.012558723419865588,0.012558723419865865,True,True,True,-0.012558723419865865,0.0,True
33,W3_local_free_random,C25,25,U25->U26->U27,-1,True,d6e83bcb768d8438,-3.354727014739564e-16,-0.0,-0.010970833820883825,-0.01097083382088416,True,True,True,0.01097083382088416,0.0,True
33,W3_local_free_random,C26,26,U26->U27->U28,1,True,07fbd5d001ed0151,2.5113185694792054e-16,0.0,0.016038608618417327,0.016038608618417577,True,True,True,-0.016038608618417577,0.0,True
33,W3_local_free_random,C27,27,U27->U28->U29,-1,True,8406136414d27acc,-2.251984727639106e-16,-0.0,-0.013047976123715558,-0.013047976123715783,True,True,True,0.013047976123715783,0.0,True
33,W3_local_free_random,C28,28,U28->U29->U30,1,True,d11b0d5c339f3511,2.242528225737347e-16,0.0,0.031137816816112156,0.03113781681611238,True,True,True,-0.03113781681611238,0.0,True
33,W3_local_free_random,C29,29,U29->U30->U31,-1,True,f83050c1f65202d9,-1.1407028952218093e-16,-0.0,-0.018585207893684084,-0.0185852078936842,True,True,True,0.0185852078936842,0.0,True
33,W3_local_free_random,C30,30,U30->U31->U32,1,True,c1cb48a1461a56d0,3.155374431484572e-16,0.08665039308636319,0.09369081082729057,0.007040417740927701,True,True,True,-0.007040417740927701,0.0,True
33,W3_local_free_random,C31,31,U31->U32->U0,-1,True,2b75bdc8982fbf29,-4.1637983561253324e-16,-0.2649775781243188,-0.2662204545922419,-0.0012428764679235371,True,True,True,0.0012428764679235371,0.0,True
33,W3_local_free_random,C32,32,U32->U0->U1,1,True,5b6dbcccbd9557cd,3.518446842295803e-16,0.3462540214714045,0.3639940147881263,0.017739993316722158,True,True,True,-0.017739993316722158,0.0,True
33,W3_adjacency_shuffle,C0,0,U0->U1->U2,1,True,7385ef288e789162,1.180584774209615e-16,0.2596036283850413,0.2621868238025553,0.002583195417514117,True,True,True,-0.002583195417514117,0.0,True
33,W3_adjacency_shuffle,C1,1,U1->U2->U3,-1,True,34bcc42ae19d9eab,-5.016237583799007e-17,-0.08127644334708571,-0.0861146078547354,-0.004838164507649748,True,True,True,0.004838164507649748,0.0,True
33,W3_adjacency_shuffle,C2,2,U2->U3->U4,1,True,bf935ef683cce4c9,2.7601832959960655e-16,0.0,0.0026451786090548072,0.002645178609055083,True,True,True,-0.002645178609055083,0.0,True
33,W3_adjacency_shuffle,C3,3,U3->U4->U5,-1,True,db806d8ee87cc06f,-2.516799473724122e-16,-0.0,-0.019275921613346472,-0.019275921613346726,True,True,True,0.019275921613346726,0.0,True
33,W3_adjacency_shuffle,C4,4,U4->U5->U6,1,True,56d2749e2acc335f,2.4956623031861478e-16,0.0,0.008479693156600873,0.008479693156601123,True,True,True,-0.008479693156601123,0.0,True
33,W3_adjacency_shuffle,C5,5,U5->U6->U7,-1,True,0f38cffa4931b4f7,-2.505233680136768e-16,-0.0,-0.011778356560131051,-0.011778356560131301,True,True,True,0.011778356560131301,0.0,True
33,W3_adjacency_shuffle,C6,6,U6->U7->U8,1,True,39e82fb98662e922,1.6041644968631074e-16,0.0,0.01656445348579436,0.01656445348579452,True,True,True,-0.01656445348579452,0.0,True
33,W3_adjacency_shuffle,C7,7,U7->U8->U9,-1,True,7612ed5600fc3d0d,-3.352916786769492e-16,-0.0,-0.0189127052567614,-0.018912705256761735,True,True,True,0.018912705256761735,0.0,True
33,W3_adjacency_shuffle,C8,8,U8->U9->U10,1,True,f201e446eee10e81,2.226073926957966e-16,-0.05195992001588157,-0.03377986642600318,0.018180053589878606,True,True,True,-0.018180053589878606,0.0,True
33,W3_adjacency_shuffle,C9,9,U9->U10->U11,-1,True,a0ea4d5eeb444979,-3.1554900090799665e-16,0.15419347228593774,0.13161033534590094,-0.022583136940037107,True,True,True,0.022583136940037107,0.0,True
33,W3_adjacency_shuffle,C10,10,U10->U11->U12,1,True,1b2f668070794048,3.1573094129104106e-16,-0.20991294491981918,-0.19558571708733627,0.01432722783248322,True,True,True,-0.01432722783248322,0.0,True
33,W3_adjacency_shuffle,C11,11,U11->U12->U13,-1,True,cb7655f53059159e,-1.685220753783027e-16,0.15795302490393762,0.14840552048384487,-0.009547504420092917,True,True,True,0.009547504420092917,0.0,True
33,W3_adjacency_shuffle,C12,12,U12->U13->U14,1,True,782b4a25ac9595d1,1.1503629687606214e-16,-0.05571947263388144,-0.0406229275188126,0.015096545115068957,True,True,True,-0.015096545115068957,0.0,True
33,W3_adjacency_shuffle,C13,13,U13->U14->U15,-1,True,64192a04f83add3e,-1.796972479415499e-17,-0.0,0.002143437470729339,0.002143437470729321,True,True,True,-0.002143437470729321,0.0,True
33,W3_adjacency_shuffle,C14,14,U14->U15->U16,1,True,ba382b2bc98b1bc7,2.2283822417041855e-16,0.0,0.009221299242840998,0.00922129924284122,True,True,True,-0.00922129924284122,0.0,True
33,W3_adjacency_shuffle,C15,15,U15->U16->U17,-1,True,9c0018f07e49cc23,-4.972147910400757e-16,-0.0,-0.007662012161123244,-0.007662012161123741,True,True,True,0.007662012161123741,0.0,True
33,W3_adjacency_shuffle,C16,16,U16->U17->U18,1,True,ce29c37edc678855,5.448740741048668e-16,0.0,0.01678872618472783,0.016788726184728375,True,True,True,-0.016788726184728375,0.0,True
33,W3_adjacency_shuffle,C17,17,U17->U18->U19,-1,True,a61a667577150798,-5.103159752226048e-16,-0.0,-0.01273432294907818,-0.01273432294907869,True,True,True,0.01273432294907869,0.0,True
33,W3_adjacency_shuffle,C18,18,U18->U19->U20,1,True,cd23dd3a205e5fef,3.154304303276039e-16,0.0,0.026296758900496757,0.026296758900497073,True,True,True,-0.026296758900497073,0.0,True
33,W3_adjacency_shuffle,C19,19,U19->U20->U21,-1,True,a7cec9131554dcc9,-2.487046948653753e-16,0.03103987691395399,0.016992254758094696,-0.014047622155859543,True,True,True,0.014047622155859543,0.0,True
33,W3_adjacency_shuffle,C20,20,U20->U21->U22,1,True,35eb2ee90a78a896,1.5821556535438866e-16,-0.0852898905208052,-0.07902459482229263,0.006265295698512724,True,True,True,-0.006265295698512724,0.0,True
33,W3_adjacency_shuffle,C21,21,U21->U22->U23,-1,True,afdf5f0c6bf20a2d,-3.3595960886999404e-16,0.11551687946457923,0.1174980057788376,0.001981126314258036,True,True,True,-0.001981126314258036,0.0,True
33,W3_adjacency_shuffle,C22,22,U22->U23->U24,1,True,71a9d40f368956e1,3.1490284913520244e-16,-0.08447700255062524,-0.08695852095398748,-0.002481518403361929,True,True,True,0.002481518403361929,0.0,True
33,W3_adjacency_shuffle,C23,23,U23->U24->U25,-1,True,88eb171eebddd577,-1.31242821098874e-16,0.03022698894377403,0.025708472309149334,-0.004518516634624829,True,True,True,0.004518516634624829,0.0,True
33,W3_adjacency_shuffle,C24,24,U24->U25->U26,1,True,771f9e7873207e57,2.7734163894757484e-16,0.0,0.01086423757088038,0.010864237570880658,True,True,True,-0.010864237570880658,0.0,True
33,W3_adjacency_shuffle,C25,25,U25->U26->U27,-1,True,eff2263c3f4956b4,-3.354727014739564e-16,-0.0,-0.005867641831182957,-0.005867641831183293,True,True,True,0.005867641831183293,0.0,True
33,W3_adjacency_shuffle,C26,26,U26->U27->U28,1,True,75eb8b0be2820681,2.5113185694792054e-16,0.0,0.02115861688196615,0.0211586168819664,True,True,True,-0.0211586168819664,0.0,True
33,W3_adjacency_shuffle,C27,27,U27->U28->U29,-1,True,3563fa6fa1a54254,-2.251984727639106e-16,-0.0,-0.005340299635485018,-0.005340299635485243,True,True,True,0.005340299635485243,0.0,True
33,W3_adjacency_shuffle,C28,28,U28->U29->U30,1,True,7a3f8c8737ea7f9d,2.242528225737347e-16,0.0,0.02272655185120538,0.022726551851205607,True,True,True,-0.022726551851205607,0.0,True
33,W3_adjacency_shuffle,C29,29,U29->U30->U31,-1,True,f498208696acd7e8,-1.1407028952218093e-16,-0.0,-0.020610048093735768,-0.020610048093735883,True,True,True,0.020610048093735883,0.0,True
33,W3_adjacency_shuffle,C30,30,U30->U31->U32,1,True,67352c1e7f78d68c,3.155374431484572e-16,0.08665039308636319,0.09880345536968164,0.012153062283318777,True,True,True,-0.012153062283318777,0.0,True
33,W3_adjacency_shuffle,C31,31,U31->U32->U0,-1,True,31b398f515095eb8,-4.1637983561253324e-16,-0.2649775781243188,-0.2656341574312145,-0.0006565793068961101,True,True,True,0.0006565793068961101,0.0,True
33,W3_adjacency_shuffle,C32,32,U32->U0->U1,1,True,78fc41c052f4e8d1,3.518446842295803e-16,0.3462540214714045,0.37017968448960514,0.023925663018200982,True,True,True,-0.023925663018200982,0.0,True
33,W3_provenance_shuffle,C0,0,U0->U1->U2,1,True,7385ef288e789162,1.180584774209615e-16,0.2596036283850413,0.2677485967862852,0.008144968401244013,True,True,True,-0.008144968401244013,0.0,True
33,W3_provenance_shuffle,C1,1,U1->U2->U3,-1,True,34bcc42ae19d9eab,-5.016237583799007e-17,-0.08127644334708571,-0.09656110755017518,-0.01528466420308952,True,True,True,0.01528466420308952,0.0,True
33,W3_provenance_shuffle,C2,2,U2->U3->U4,1,True,bf935ef683cce4c9,2.7601832959960655e-16,0.0,0.007073448453186516,0.0070734484531867915,True,True,True,-0.0070734484531867915,0.0,True
33,W3_provenance_shuffle,C3,3,U3->U4->U5,-1,True,db806d8ee87cc06f,-2.516799473724122e-16,-0.0,-0.010006383851061933,-0.010006383851062185,True,True,True,0.010006383851062185,0.0,True
33,W3_provenance_shuffle,C4,4,U4->U5->U6,1,True,56d2749e2acc335f,2.4956623031861478e-16,0.0,0.001088672395148373,0.0010886723951486225,True,True,True,-0.0010886723951486225,0.0,True
33,W3_provenance_shuffle,C5,5,U5->U6->U7,-1,True,0f38cffa4931b4f7,-2.505233680136768e-16,-0.0,-0.013650990150299384,-0.013650990150299634,True,True,True,0.013650990150299634,0.0,True
33,W3_provenance_shuffle,C6,6,U6->U7->U8,1,True,39e82fb98662e922,1.6041644968631074e-16,0.0,0.0247150200487114,0.02471502004871156,True,True,True,-0.02471502004871156,0.0,True
33,W3_provenance_shuffle,C7,7,U7->U8->U9,-1,True,7612ed5600fc3d0d,-3.352916786769492e-16,-0.0,-0.0184684848277505,-0.018468484827750837,True,True,True,0.018468484827750837,0.0,True
33,W3_provenance_shuffle,C8,8,U8->U9->U10,1,True,f201e446eee10e81,2.226073926957966e-16,-0.05195992001588157,-0.04028778699219557,0.01167213302368622,True,True,True,-0.01167213302368622,0.0,True
33,W3_provenance_shuffle,C9,9,U9->U10->U11,-1,True,a0ea4d5eeb444979,-3.1554900090799665e-16,0.15419347228593774,0.1319550755959955,-0.02223839668994254,True,True,True,0.02223839668994254,0.0,True
33,W3_provenance_shuffle,C10,10,U10->U11->U12,1,True,1b2f668070794048,3.1573094129104106e-16,-0.20991294491981918,-0.1992502667646432,0.010662678155176297,True,True,True,-0.010662678155176297,0.0,True
33,W3_provenance_shuffle,C11,11,U11->U12->U13,-1,True,cb7655f53059159e,-1.685220753783027e-16,0.15795302490393762,0.14778480964838886,-0.010168215255548924,True,True,True,0.010168215255548924,0.0,True
33,W3_provenance_shuffle,C12,12,U12->U13->U14,1,True,782b4a25ac9595d1,1.1503629687606214e-16,-0.05571947263388144,-0.046159881033072774,0.009559591600808784,True,True,True,-0.009559591600808784,0.0,True
33,W3_provenance_shuffle,C13,13,U13->U14->U15,-1,True,64192a04f83add3e,-1.796972479415499e-17,-0.0,-0.005106822666618825,-0.005106822666618843,True,True,True,0.005106822666618843,0.0,True
33,W3_provenance_shuffle,C14,14,U14->U15->U16,1,True,ba382b2bc98b1bc7,2.2283822417041855e-16,0.0,0.012665562836751222,0.012665562836751444,True,True,True,-0.012665562836751444,0.0,True
33,W3_provenance_shuffle,C15,15,U15->U16->U17,-1,True,9c0018f07e49cc23,-4.972147910400757e-16,-0.0,-0.010191949729466531,-0.010191949729467029,True,True,True,0.010191949729467029,0.0,True
33,W3_provenance_shuffle,C16,16,U16->U17->U18,1,True,ce29c37edc678855,5.448740741048668e-16,0.0,0.017262746657225575,0.01726274665722612,True,True,True,-0.01726274665722612,0.0,True
33,W3_provenance_shuffle,C17,17,U17->U18->U19,-1,True,a61a667577150798,-5.103159752226048e-16,-0.0,-0.010401932497835213,-0.010401932497835723,True,True,True,0.010401932497835723,0.0,True
33,W3_provenance_shuffle,C18,18,U18->U19->U20,1,True,cd23dd3a205e5fef,3.154304303276039e-16,0.0,0.014226092723905834,0.01422609272390615,True,True,True,-0.01422609272390615,0.0,True
33,W3_provenance_shuffle,C19,19,U19->U20->U21,-1,True,a7cec9131554dcc9,-2.487046948653753e-16,0.03103987691395399,0.010495000666094158,-0.020544876247860083,True,True,True,0.020544876247860083,0.0,True
33,W3_provenance_shuffle,C20,20,U20->U21->U22,1,True,35eb2ee90a78a896,1.5821556535438866e-16,-0.0852898905208052,-0.07174414953574257,0.013545740985062782,True,True,True,-0.013545740985062782,0.0,True
33,W3_provenance_shuffle,C21,21,U21->U22->U23,-1,True,afdf5f0c6bf20a2d,-3.3595960886999404e-16,0.11551687946457923,0.10885898700772229,-0.006657892456857273,True,True,True,0.006657892456857273,0.0,True
33,W3_provenance_shuffle,C22,22,U22->U23->U24,1,True,71a9d40f368956e1,3.1490284913520244e-16,-0.08447700255062524,-0.09361621881582004,-0.009139216265194483,True,True,True,0.009139216265194483,0.0,True
33,W3_provenance_shuffle,C23,23,U23->U24->U25,-1,True,88eb171eebddd577,-1.31242821098874e-16,0.03022698894377403,0.03664366271713665,0.006416673773362486,True,True,True,-0.006416673773362486,0.0,True
33,W3_provenance_shuffle,C24,24,U24->U25->U26,1,True,771f9e7873207e57,2.7734163894757484e-16,0.0,-1.578473511661821e-05,-1.5784735116340867e-05,True,True,True,1.5784735116340867e-05,0.0,True
33,W3_provenance_shuffle,C25,25,U25->U26->U27,-1,True,eff2263c3f4956b4,-3.354727014739564e-16,-0.0,-0.0149656859116854,-0.014965685911685735,True,True,True,0.014965685911685735,0.0,True
33,W3_provenance_shuffle,C26,26,U26->U27->U28,1,True,75eb8b0be2820681,2.5113185694792054e-16,0.0,0.023538885586389165,0.023538885586389415,True,True,True,-0.023538885586389415,0.0,True
33,W3_provenance_shuffle,C27,27,U27->U28->U29,-1,True,3563fa6fa1a54254,-2.251984727639106e-16,-0.0,-0.011911695631204117,-0.011911695631204342,True,True,True,0.011911695631204342,0.0,True
33,W3_provenance_shuffle,C28,28,U28->U29->U30,1,True,7a3f8c8737ea7f9d,2.242528225737347e-16,0.0,0.020843845769463076,0.020843845769463302,True,True,True,-0.020843845769463302,0.0,True
33,W3_provenance_shuffle,C29,29,U29->U30->U31,-1,True,f498208696acd7e8,-1.1407028952218093e-16,-0.0,-0.021218356037226282,-0.021218356037226396,True,True,True,0.021218356037226396,0.0,True
33,W3_provenance_shuffle,C30,30,U30->U31->U32,1,True,67352c1e7f78d68c,3.155374431484572e-16,0.08665039308636319,0.09637761140555184,0.009727218319188977,True,True,True,-0.009727218319188977,0.0,True
33,W3_provenance_shuffle,C31,31,U31->U32->U0,-1,True,31b398f515095eb8,-4.1637983561253324e-16,-0.2649775781243188,-0.2659166078683916,-0.0009390297440732276,True,True,True,0.0009390297440732276,0.0,True
33,W3_provenance_shuffle,C32,32,U32->U0->U1,1,True,78fc41c052f4e8d1,3.518446842295803e-16,0.3462540214714045,0.3643870241048096,0.01813300263340545,True,True,True,-0.01813300263340545,0.0,True
33,W3_subdivision_break,C0,0,U0->U1->U2,1,True,7385ef288e789162,1.180584774209615e-16,0.2596036283850413,0.26184772709571685,0.002244098710675657,True,True,True,-0.002244098710675657,0.0,True
33,W3_subdivision_break,C1,1,U1->U2->U3,-1,True,34bcc42ae19d9eab,-5.016237583799007e-17,-0.08127644334708571,-0.08968449715583146,-0.008408053808745805,True,True,True,0.008408053808745805,0.0,True
33,W3_subdivision_break,C2,2,U2->U3->U4,1,True,bf935ef683cce4c9,2.7601832959960655e-16,0.0,0.003954464855610067,0.0039544648556103425,True,True,True,-0.0039544648556103425,0.0,True
33,W3_subdivision_break,C3,3,U3->U4->U5,-1,True,db806d8ee87cc06f,-2.516799473724122e-16,-0.0,-0.012614374984847937,-0.012614374984848188,True,True,True,0.012614374984848188,0.0,True
33,W3_subdivision_break,C4,4,U4->U5->U6,1,True,56d2749e2acc335f,2.4956623031861478e-16,0.0,0.001143551085345966,0.0011435510853462156,True,True,True,-0.0011435510853462156,0.0,True
33,W3_subdivision_break,C5,5,U5->U6->U7,-1,True,0f38cffa4931b4f7,-2.505233680136768e-16,-0.0,-0.014260099964253897,-0.014260099964254147,True,True,True,0.014260099964254147,0.0,True
33,W3_subdivision_break,C6,6,U6->U7->U8,1,True,39e82fb98662e922,1.6041644968631074e-16,0.0,0.015917367678997398,0.015917367678997558,True,True,True,-0.015917367678997558,0.0,True
33,W3_subdivision_break,C7,7,U7->U8->U9,-1,True,7612ed5600fc3d0d,-3.352916786769492e-16,-0.0,-0.018645076527100617,-0.018645076527100953,True,True,True,0.018645076527100953,0.0,True
33,W3_subdivision_break,C8,8,U8->U9->U10,1,True,f201e446eee10e81,2.226073926957966e-16,-0.05195992001588157,-0.03871542658886899,0.013244493427012796,True,True,True,-0.013244493427012796,0.0,True
33,W3_subdivision_break,C9,9,U9->U10->U11,-1,True,a0ea4d5eeb444979,-3.1554900090799665e-16,0.15419347228593774,0.13886161314367163,-0.015331859142266424,True,True,True,0.015331859142266424,0.0,True
33,W3_subdivision_break,C10,10,U10->U11->U12,1,True,1b2f668070794048,3.1573094129104106e-16,-0.20991294491981918,-0.19233445942867705,0.017578485491142437,True,True,True,-0.017578485491142437,0.0,True
33,W3_subdivision_break,C11,11,U11->U12->U13,-1,True,cb7655f53059159e,-1.685220753783027e-16,0.15795302490393762,0.14810844540438306,-0.009844579499554723,True,True,True,0.009844579499554723,0.0,True
33,W3_subdivision_break,C12,12,U12->U13->U14,1,True,782b4a25ac9595d1,1.1503629687606214e-16,-0.05571947263388144,-0.04194586760874893,0.013773605025132626,True,True,True,-0.013773605025132626,0.0,True
33,W3_subdivision_break,C13,13,U13->U14->U15,-1,True,64192a04f83add3e,-1.796972479415499e-17,-0.0,-0.0015418447405084884,-0.0015418447405085064,True,True,True,0.0015418447405085064,0.0,True
33,W3_subdivision_break,C14,14,U14->U15->U16,1,True,ba382b2bc98b1bc7,2.2283822417041855e-16,0.0,0.01721513614788751,0.017215136147887732,True,True,True,-0.017215136147887732,0.0,True
33,W3_subdivision_break,C15,15,U15->U16->U17,-1,True,9c0018f07e49cc23,-4.972147910400757e-16,-0.0,-0.00747374525366379,-0.007473745253664287,True,True,True,0.007473745253664287,0.0,True
33,W3_subdivision_break,C16,16,U16->U17->U18,1,True,ce29c37edc678855,5.448740741048668e-16,0.0,0.015321925290514612,0.015321925290515157,True,True,True,-0.015321925290515157,0.0,True
33,W3_subdivision_break,C17,17,U17->U18->U19,-1,True,a61a667577150798,-5.103159752226048e-16,-0.0,-0.005422800534536934,-0.005422800534537444,True,True,True,0.005422800534537444,0.0,True
33,W3_subdivision_break,C18,18,U18->U19->U20,1,True,cd23dd3a205e5fef,3.154304303276039e-16,0.0,0.015283839852170912,0.015283839852171228,True,True,True,-0.015283839852171228,0.0,True
33,W3_subdivision_break,C19,19,U19->U20->U21,-1,True,a7cec9131554dcc9,-2.487046948653753e-16,0.03103987691395399,0.012758293186699422,-0.018281583727254816,True,True,True,0.018281583727254816,0.0,True
33,W3_subdivision_break,C20,20,U20->U21->U22,1,True,35eb2ee90a78a896,1.5821556535438866e-16,-0.0852898905208052,-0.07312191304808634,0.012167977472719013,True,True,True,-0.012167977472719013,0.0,True
33,W3_subdivision_break,C21,21,U21->U22->U23,-1,True,afdf5f0c6bf20a2d,-3.3595960886999404e-16,0.11551687946457923,0.11836784141574544,0.0028509619511658812,True,True,True,-0.0028509619511658812,0.0,True
33,W3_subdivision_break,C22,22,U22->U23->U24,1,True,71a9d40f368956e1,3.1490284913520244e-16,-0.08447700255062524,-0.08815979652977408,-0.00368279397914853,True,True,True,0.00368279397914853,0.0,True
33,W3_subdivision_break,C23,23,U23->U24->U25,-1,True,88eb171eebddd577,-1.31242821098874e-16,0.03022698894377403,0.033653238298548306,0.0034262493547741434,True,True,True,-0.0034262493547741434,0.0,True
33,W3_subdivision_break,C24,24,U24->U25->U26,1,True,771f9e7873207e57,2.7734163894757484e-16,0.0,0.007041794811147716,0.007041794811147994,True,True,True,-0.007041794811147994,0.0,True
33,W3_subdivision_break,C25,25,U25->U26->U27,-1,True,eff2263c3f4956b4,-3.354727014739564e-16,-0.0,-0.009748816491602377,-0.009748816491602712,True,True,True,0.009748816491602712,0.0,True
33,W3_subdivision_break,C26,26,U26->U27->U28,1,True,75eb8b0be2820681,2.5113185694792054e-16,0.0,0.02073616134120531,0.02073616134120556,True,True,True,-0.02073616134120556,0.0,True
33,W3_subdivision_break,C27,27,U27->U28->U29,-1,True,3563fa6fa1a54254,-2.251984727639106e-16,-0.0,-0.003257984795723333,-0.003257984795723558,True,True,True,0.003257984795723558,0.0,True
33,W3_subdivision_break,C28,28,U28->U29->U30,1,True,7a3f8c8737ea7f9d,2.242528225737347e-16,0.0,0.026870323079273443,0.02687032307927367,True,True,True,-0.02687032307927367,0.0,True
33,W3_subdivision_break,C29,29,U29->U30->U31,-1,True,f498208696acd7e8,-1.1407028952218093e-16,-0.0,-0.021440216462442825,-0.02144021646244294,True,True,True,0.02144021646244294,0.0,True
33,W3_subdivision_break,C30,30,U30->U31->U32,1,True,67352c1e7f78d68c,3.155374431484572e-16,0.08665039308636319,0.101220904421183,0.014570511334820138,True,True,True,-0.014570511334820138,0.0,True
33,W3_subdivision_break,C31,31,U31->U32->U0,-1,True,31b398f515095eb8,-4.1637983561253324e-16,-0.2649775781243188,-0.2671490021748748,-0.0021714240505564253,True,True,True,0.0021714240505564253,0.0,True
33,W3_subdivision_break,C32,32,U32->U0->U1,1,True,78fc41c052f4e8d1,3.518446842295803e-16,0.3462540214714045,0.3670459348069839,0.020791913335579726,True,True,True,-0.020791913335579726,0.0,True
33,W3_coarse_fine_break,C0,0,U0->U1->U2,1,True,7385ef288e789162,1.180584774209615e-16,0.2596036283850413,0.2608324979450886,0.0012288695600474187,True,True,True,-0.0012288695600474187,0.0,True
33,W3_coarse_fine_break,C1,1,U1->U2->U3,-1,True,34bcc42ae19d9eab,-5.016237583799007e-17,-0.08127644334708571,-0.0904539087398288,-0.00917746539274314,True,True,True,0.00917746539274314,0.0,True
33,W3_coarse_fine_break,C2,2,U2->U3->U4,1,True,bf935ef683cce4c9,2.7601832959960655e-16,0.0,0.003954464855610067,0.0039544648556103425,True,True,True,-0.0039544648556103425,0.0,True
33,W3_coarse_fine_break,C3,3,U3->U4->U5,-1,True,db806d8ee87cc06f,-2.516799473724122e-16,-0.0,-0.016239943293575126,-0.01623994329357538,True,True,True,0.01623994329357538,0.0,True
33,W3_coarse_fine_break,C4,4,U4->U5->U6,1,True,56d2749e2acc335f,2.4956623031861478e-16,0.0,0.001143551085345966,0.0011435510853462156,True,True,True,-0.0011435510853462156,0.0,True
33,W3_coarse_fine_break,C5,5,U5->U6->U7,-1,True,0f38cffa4931b4f7,-2.505233680136768e-16,-0.0,-0.013837269113915817,-0.013837269113916067,True,True,True,0.013837269113916067,0.0,True
33,W3_coarse_fine_break,C6,6,U6->U7->U8,1,True,39e82fb98662e922,1.6041644968631074e-16,0.0,0.02096564236337784,0.020965642363378,True,True,True,-0.020965642363378,0.0,True
33,W3_coarse_fine_break,C7,7,U7->U8->U9,-1,True,7612ed5600fc3d0d,-3.352916786769492e-16,-0.0,-0.018645076527100617,-0.018645076527100953,True,True,True,0.018645076527100953,0.0,True
33,W3_coarse_fine_break,C8,8,U8->U9->U10,1,True,f201e446eee10e81,2.226073926957966e-16,-0.05195992001588157,-0.03871542658886899,0.013244493427012796,True,True,True,-0.013244493427012796,0.0,True
33,W3_coarse_fine_break,C9,9,U9->U10->U11,-1,True,a0ea4d5eeb444979,-3.1554900090799665e-16,0.15419347228593774,0.1391452588634718,-0.015048213422466261,True,True,True,0.015048213422466261,0.0,True
33,W3_coarse_fine_break,C10,10,U10->U11->U12,1,True,1b2f668070794048,3.1573094129104106e-16,-0.20991294491981918,-0.19233445942867705,0.017578485491142437,True,True,True,-0.017578485491142437,0.0,True
33,W3_coarse_fine_break,C11,11,U11->U12->U13,-1,True,cb7655f53059159e,-1.685220753783027e-16,0.15795302490393762,0.14810844540438306,-0.009844579499554723,True,True,True,0.009844579499554723,0.0,True
33,W3_coarse_fine_break,C12,12,U12->U13->U14,1,True,782b4a25ac9595d1,1.1503629687606214e-16,-0.05571947263388144,-0.04393308230966883,0.011786390324212727,True,True,True,-0.011786390324212727,0.0,True
33,W3_coarse_fine_break,C13,13,U13->U14->U15,-1,True,64192a04f83add3e,-1.796972479415499e-17,-0.0,-0.0020386039097168417,-0.0020386039097168595,True,True,True,0.0020386039097168595,0.0,True
33,W3_coarse_fine_break,C14,14,U14->U15->U16,1,True,ba382b2bc98b1bc7,2.2283822417041855e-16,0.0,0.01721513614788751,0.017215136147887732,True,True,True,-0.017215136147887732,0.0,True
33,W3_coarse_fine_break,C15,15,U15->U16->U17,-1,True,9c0018f07e49cc23,-4.972147910400757e-16,-0.0,-0.00769879566953208,-0.007698795669532577,True,True,True,0.007698795669532577,0.0,True
33,W3_coarse_fine_break,C16,16,U16->U17->U18,1,True,ce29c37edc678855,5.448740741048668e-16,0.0,0.015321925290514612,0.015321925290515157,True,True,True,-0.015321925290515157,0.0,True
33,W3_coarse_fine_break,C17,17,U17->U18->U19,-1,True,a61a667577150798,-5.103159752226048e-16,-0.0,-0.004064121792692697,-0.004064121792693207,True,True,True,0.004064121792693207,0.0,True
33,W3_coarse_fine_break,C18,18,U18->U19->U20,1,True,cd23dd3a205e5fef,3.154304303276039e-16,0.0,0.019776167973782423,0.01977616797378274,True,True,True,-0.01977616797378274,0.0,True
33,W3_coarse_fine_break,C19,19,U19->U20->U21,-1,True,a7cec9131554dcc9,-2.487046948653753e-16,0.03103987691395399,0.012758293186699422,-0.018281583727254816,True,True,True,0.018281583727254816,0.0,True
33,W3_coarse_fine_break,C20,20,U20->U21->U22,1,True,35eb2ee90a78a896,1.5821556535438866e-16,-0.0852898905208052,-0.07312191304808634,0.012167977472719013,True,True,True,-0.012167977472719013,0.0,True
33,W3_coarse_fine_break,C21,21,U21->U22->U23,-1,True,afdf5f0c6bf20a2d,-3.3595960886999404e-16,0.11551687946457923,0.11243396063450065,-0.0030829188300789123,True,True,True,0.0030829188300789123,0.0,True
33,W3_coarse_fine_break,C22,22,U22->U23->U24,1,True,71a9d40f368956e1,3.1490284913520244e-16,-0.08447700255062524,-0.08815979652977408,-0.00368279397914853,True,True,True,0.00368279397914853,0.0,True
33,W3_coarse_fine_break,C23,23,U23->U24->U25,-1,True,88eb171eebddd577,-1.31242821098874e-16,0.03022698894377403,0.033653238298548306,0.0034262493547741434,True,True,True,-0.0034262493547741434,0.0,True
33,W3_coarse_fine_break,C24,24,U24->U25->U26,1,True,771f9e7873207e57,2.7734163894757484e-16,0.0,0.006690877058335411,0.006690877058335688,True,True,True,-0.006690877058335688,0.0,True
33,W3_coarse_fine_break,C25,25,U25->U26->U27,-1,True,eff2263c3f4956b4,-3.354727014739564e-16,-0.0,-0.0050917864963717085,-0.005091786496372044,True,True,True,0.005091786496372044,0.0,True
33,W3_coarse_fine_break,C26,26,U26->U27->U28,1,True,75eb8b0be2820681,2.5113185694792054e-16,0.0,0.02073616134120531,0.02073616134120556,True,True,True,-0.02073616134120556,0.0,True
33,W3_coarse_fine_break,C27,27,U27->U28->U29,-1,True,3563fa6fa1a54254,-2.251984727639106e-16,-0.0,-0.007067164251457399,-0.007067164251457625,True,True,True,0.007067164251457625,0.0,True
33,W3_coarse_fine_break,C28,28,U28->U29->U30,1,True,7a3f8c8737ea7f9d,2.242528225737347e-16,0.0,0.026870323079273443,0.02687032307927367,True,True,True,-0.02687032307927367,0.0,True
33,W3_coarse_fine_break,C29,29,U29->U30->U31,-1,True,f498208696acd7e8,-1.1407028952218093e-16,-0.0,-0.01656638662090308,-0.016566386620903196,True,True,True,0.016566386620903196,0.0,True
33,W3_coarse_fine_break,C30,30,U30->U31->U32,1,True,67352c1e7f78d68c,3.155374431484572e-16,0.08665039308636319,0.10103237223517797,0.014381979148815102,True,True,True,-0.014381979148815102,0.0,True
33,W3_coarse_fine_break,C31,31,U31->U32->U0,-1,True,31b398f515095eb8,-4.1637983561253324e-16,-0.2649775781243188,-0.2671490021748748,-0.0021714240505564253,True,True,True,0.0021714240505564253,0.0,True
33,W3_coarse_fine_break,C32,32,U32->U0->U1,1,True,78fc41c052f4e8d1,3.518446842295803e-16,0.3462540214714045,0.3670459348069839,0.020791913335579726,True,True,True,-0.020791913335579726,0.0,True
33,W3_basis_shuffle,C0,0,U0->U1->U2,1,True,bf935ef683cce4c9,1.180584774209615e-16,0.2596036283850413,0.25543058968718346,-0.004173038697857734,True,True,True,0.004173038697857734,0.0,True
33,W3_basis_shuffle,C1,1,U1->U2->U3,-1,True,db806d8ee87cc06f,-5.016237583799007e-17,-0.08127644334708571,-0.09058573480515375,-0.009309291458068095,True,True,True,0.009309291458068095,0.0,True
33,W3_basis_shuffle,C2,2,U2->U3->U4,1,True,56d2749e2acc335f,2.7601832959960655e-16,0.0,0.0043926306164889005,0.004392630616489176,True,True,True,-0.004392630616489176,0.0,True
33,W3_basis_shuffle,C3,3,U3->U4->U5,-1,True,0f38cffa4931b4f7,-2.516799473724122e-16,-0.0,-0.01595045976483472,-0.015950459764834973,True,True,True,0.015950459764834973,0.0,True
33,W3_basis_shuffle,C4,4,U4->U5->U6,1,True,39e82fb98662e922,2.4956623031861478e-16,0.0,0.005105334338645321,0.005105334338645571,True,True,True,-0.005105334338645571,0.0,True
33,W3_basis_shuffle,C5,5,U5->U6->U7,-1,True,7612ed5600fc3d0d,-2.505233680136768e-16,-0.0,-0.014552492799768477,-0.014552492799768727,True,True,True,0.014552492799768727,0.0,True
33,W3_basis_shuffle,C6,6,U6->U7->U8,1,True,f201e446eee10e81,1.6041644968631074e-16,0.0,0.016274302422481873,0.016274302422482033,True,True,True,-0.016274302422482033,0.0,True
33,W3_basis_shuffle,C7,7,U7->U8->U9,-1,True,a0ea4d5eeb444979,-3.352916786769492e-16,-0.0,-0.01808155371776416,-0.018081553717764497,True,True,True,0.018081553717764497,0.0,True
33,W3_basis_shuffle,C8,8,U8->U9->U10,1,True,1b2f668070794048,2.226073926957966e-16,-0.05195992001588157,-0.03984691981001704,0.012113000205864748,True,True,True,-0.012113000205864748,0.0,True
33,W3_basis_shuffle,C9,9,U9->U10->U11,-1,True,cb7655f53059159e,-3.1554900090799665e-16,0.15419347228593774,0.14071266065404742,-0.013480811631890632,True,True,True,0.013480811631890632,0.0,True
33,W3_basis_shuffle,C10,10,U10->U11->U12,1,True,782b4a25ac9595d1,3.1573094129104106e-16,-0.20991294491981918,-0.18888904692000597,0.021023897999813523,True,True,True,-0.021023897999813523,0.0,True
33,W3_basis_shuffle,C11,11,U11->U12->U13,-1,True,64192a04f83add3e,-1.685220753783027e-16,0.15795302490393762,0.14056616734591504,-0.017386857558022745,True,True,True,0.017386857558022745,0.0,True
33,W3_basis_shuffle,C12,12,U12->U13->U14,1,True,ba382b2bc98b1bc7,1.1503629687606214e-16,-0.05571947263388144,-0.04752959804965778,0.00818987458422378,True,True,True,-0.00818987458422378,0.0,True
33,W3_basis_shuffle,C13,13,U13->U14->U15,-1,True,9c0018f07e49cc23,-1.796972479415499e-17,-0.0,0.0037896767224444763,0.0037896767224444585,True,True,True,-0.0037896767224444585,0.0,True
33,W3_basis_shuffle,C14,14,U14->U15->U16,1,True,ce29c37edc678855,2.2283822417041855e-16,0.0,0.023433930122772374,0.023433930122772596,True,True,True,-0.023433930122772596,0.0,True
33,W3_basis_shuffle,C15,15,U15->U16->U17,-1,True,a61a667577150798,-4.972147910400757e-16,-0.0,-0.010735048545638299,-0.010735048545638797,True,True,True,0.010735048545638797,0.0,True
33,W3_basis_shuffle,C16,16,U16->U17->U18,1,True,cd23dd3a205e5fef,5.448740741048668e-16,0.0,0.013917094405281927,0.013917094405282472,True,True,True,-0.013917094405282472,0.0,True
33,W3_basis_shuffle,C17,17,U17->U18->U19,-1,True,a7cec9131554dcc9,-5.103159752226048e-16,-0.0,7.407426138903404e-05,7.407426138852372e-05,True,True,True,-7.407426138852372e-05,0.0,True
33,W3_basis_shuffle,C18,18,U18->U19->U20,1,True,35eb2ee90a78a896,3.154304303276039e-16,0.0,0.01887351511144716,0.018873515111447477,True,True,True,-0.018873515111447477,0.0,True
33,W3_basis_shuffle,C19,19,U19->U20->U21,-1,True,afdf5f0c6bf20a2d,-2.487046948653753e-16,0.03103987691395399,0.012249965987132743,-0.018789910926821494,True,True,True,0.018789910926821494,0.0,True
33,W3_basis_shuffle,C20,20,U20->U21->U22,1,True,71a9d40f368956e1,1.5821556535438866e-16,-0.0852898905208052,-0.07572986840069196,0.009560022120113393,True,True,True,-0.009560022120113393,0.0,True
33,W3_basis_shuffle,C21,21,U21->U22->U23,-1,True,88eb171eebddd577,-3.3595960886999404e-16,0.11551687946457923,0.11187641054102188,-0.0036404689235576826,True,True,True,0.0036404689235576826,0.0,True
33,W3_basis_shuffle,C22,22,U22->U23->U24,1,True,771f9e7873207e57,3.1490284913520244e-16,-0.08447700255062524,-0.08830145863777496,-0.0038244560871494027,True,True,True,0.0038244560871494027,0.0,True
33,W3_basis_shuffle,C23,23,U23->U24->U25,-1,True,eff2263c3f4956b4,-1.31242821098874e-16,0.03022698894377403,0.03597931971068086,0.005752330766906694,True,True,True,-0.005752330766906694,0.0,True
33,W3_basis_shuffle,C24,24,U24->U25->U26,1,True,75eb8b0be2820681,2.7734163894757484e-16,0.0,0.010285447249154481,0.010285447249154759,True,True,True,-0.010285447249154759,0.0,True
33,W3_basis_shuffle,C25,25,U25->U26->U27,-1,True,3563fa6fa1a54254,-3.354727014739564e-16,-0.0,-0.010973495619649488,-0.010973495619649823,True,True,True,0.010973495619649823,0.0,True
33,W3_basis_shuffle,C26,26,U26->U27->U28,1,True,7a3f8c8737ea7f9d,2.5113185694792054e-16,0.0,0.016328168223020058,0.016328168223020308,True,True,True,-0.016328168223020308,0.0,True
33,W3_basis_shuffle,C27,27,U27->U28->U29,-1,True,f498208696acd7e8,-2.251984727639106e-16,-0.0,-0.01223435246604069,-0.012234352466040916,True,True,True,0.012234352466040916,0.0,True
33,W3_basis_shuffle,C28,28,U28->U29->U30,1,True,67352c1e7f78d68c,2.242528225737347e-16,0.0,0.03353795212111694,0.03353795212111716,True,True,True,-0.03353795212111716,0.0,True
33,W3_basis_shuffle,C29,29,U29->U30->U31,-1,True,31b398f515095eb8,-1.1407028952218093e-16,-0.0,-0.015739955302271035,-0.01573995530227115,True,True,True,0.01573995530227115,0.0,True
33,W3_basis_shuffle,C30,30,U30->U31->U32,1,True,78fc41c052f4e8d1,3.155374431484572e-16,0.08665039308636319,0.10111695293192942,0.014466559845566551,True,True,True,-0.014466559845566551,0.0,True
33,W3_basis_shuffle,C31,31,U31->U32->U0,-1,True,7385ef288e789162,-4.1637983561253324e-16,-0.2649775781243188,-0.2736798045730379,-0.008702226448719541,True,True,True,0.008702226448719541,0.0,True
33,W3_basis_shuffle,C32,32,U32->U0->U1,1,True,34bcc42ae19d9eab,3.518446842295803e-16,0.3462540214714045,0.3658322521943133,0.01957823072290915,True,True,True,-0.01957823072290915,0.0,True
33,W3_missing,C0,0,U0->U1->U2,1,False,MISSING,1.180584774209615e-16,0.2596036283850413,nan,nan,True,True,True,nan,nan,False
33,W3_missing,C1,1,U1->U2->U3,-1,True,34bcc42ae19d9eab,-5.016237583799007e-17,-0.08127644334708571,-0.08968449715583146,-0.008408053808745805,True,True,True,0.008408053808745805,0.0,True
33,W3_missing,C2,2,U2->U3->U4,1,True,bf935ef683cce4c9,2.7601832959960655e-16,0.0,0.003954464855610067,0.0039544648556103425,True,True,True,-0.0039544648556103425,0.0,True
33,W3_missing,C3,3,U3->U4->U5,-1,False,MISSING,-2.516799473724122e-16,-0.0,nan,nan,True,True,True,nan,nan,False
33,W3_missing,C4,4,U4->U5->U6,1,True,56d2749e2acc335f,2.4956623031861478e-16,0.0,0.001143551085345966,0.0011435510853462156,True,True,True,-0.0011435510853462156,0.0,True
33,W3_missing,C5,5,U5->U6->U7,-1,True,0f38cffa4931b4f7,-2.505233680136768e-16,-0.0,-0.014260099964253897,-0.014260099964254147,True,True,True,0.014260099964254147,0.0,True
33,W3_missing,C6,6,U6->U7->U8,1,False,MISSING,1.6041644968631074e-16,0.0,nan,nan,True,True,True,nan,nan,False
33,W3_missing,C7,7,U7->U8->U9,-1,True,7612ed5600fc3d0d,-3.352916786769492e-16,-0.0,-0.018645076527100617,-0.018645076527100953,True,True,True,0.018645076527100953,0.0,True
33,W3_missing,C8,8,U8->U9->U10,1,True,f201e446eee10e81,2.226073926957966e-16,-0.05195992001588157,-0.03871542658886899,0.013244493427012796,True,True,True,-0.013244493427012796,0.0,True
33,W3_missing,C9,9,U9->U10->U11,-1,False,MISSING,-3.1554900090799665e-16,0.15419347228593774,nan,nan,True,True,True,nan,nan,False
33,W3_missing,C10,10,U10->U11->U12,1,True,1b2f668070794048,3.1573094129104106e-16,-0.20991294491981918,-0.19233445942867705,0.017578485491142437,True,True,True,-0.017578485491142437,0.0,True
33,W3_missing,C11,11,U11->U12->U13,-1,True,cb7655f53059159e,-1.685220753783027e-16,0.15795302490393762,0.14810844540438306,-0.009844579499554723,True,True,True,0.009844579499554723,0.0,True
33,W3_missing,C12,12,U12->U13->U14,1,False,MISSING,1.1503629687606214e-16,-0.05571947263388144,nan,nan,True,True,True,nan,nan,False
33,W3_missing,C13,13,U13->U14->U15,-1,True,64192a04f83add3e,-1.796972479415499e-17,-0.0,-0.0015418447405084884,-0.0015418447405085064,True,True,True,0.0015418447405085064,0.0,True
33,W3_missing,C14,14,U14->U15->U16,1,True,ba382b2bc98b1bc7,2.2283822417041855e-16,0.0,0.01721513614788751,0.017215136147887732,True,True,True,-0.017215136147887732,0.0,True
33,W3_missing,C15,15,U15->U16->U17,-1,False,MISSING,-4.972147910400757e-16,-0.0,nan,nan,True,True,True,nan,nan,False
33,W3_missing,C16,16,U16->U17->U18,1,True,ce29c37edc678855,5.448740741048668e-16,0.0,0.015321925290514612,0.015321925290515157,True,True,True,-0.015321925290515157,0.0,True
33,W3_missing,C17,17,U17->U18->U19,-1,True,a61a667577150798,-5.103159752226048e-16,-0.0,-0.005422800534536934,-0.005422800534537444,True,True,True,0.005422800534537444,0.0,True
33,W3_missing,C18,18,U18->U19->U20,1,False,MISSING,3.154304303276039e-16,0.0,nan,nan,True,True,True,nan,nan,False
33,W3_missing,C19,19,U19->U20->U21,-1,True,a7cec9131554dcc9,-2.487046948653753e-16,0.03103987691395399,0.012758293186699422,-0.018281583727254816,True,True,True,0.018281583727254816,0.0,True
33,W3_missing,C20,20,U20->U21->U22,1,True,35eb2ee90a78a896,1.5821556535438866e-16,-0.0852898905208052,-0.07312191304808634,0.012167977472719013,True,True,True,-0.012167977472719013,0.0,True
33,W3_missing,C21,21,U21->U22->U23,-1,False,MISSING,-3.3595960886999404e-16,0.11551687946457923,nan,nan,True,True,True,nan,nan,False
33,W3_missing,C22,22,U22->U23->U24,1,True,71a9d40f368956e1,3.1490284913520244e-16,-0.08447700255062524,-0.08815979652977408,-0.00368279397914853,True,True,True,0.00368279397914853,0.0,True
33,W3_missing,C23,23,U23->U24->U25,-1,True,88eb171eebddd577,-1.31242821098874e-16,0.03022698894377403,0.033653238298548306,0.0034262493547741434,True,True,True,-0.0034262493547741434,0.0,True
33,W3_missing,C24,24,U24->U25->U26,1,False,MISSING,2.7734163894757484e-16,0.0,nan,nan,True,True,True,nan,nan,False
33,W3_missing,C25,25,U25->U26->U27,-1,True,eff2263c3f4956b4,-3.354727014739564e-16,-0.0,-0.009748816491602377,-0.009748816491602712,True,True,True,0.009748816491602712,0.0,True
33,W3_missing,C26,26,U26->U27->U28,1,True,75eb8b0be2820681,2.5113185694792054e-16,0.0,0.02073616134120531,0.02073616134120556,True,True,True,-0.02073616134120556,0.0,True
33,W3_missing,C27,27,U27->U28->U29,-1,False,MISSING,-2.251984727639106e-16,-0.0,nan,nan,True,True,True,nan,nan,False
33,W3_missing,C28,28,U28->U29->U30,1,True,7a3f8c8737ea7f9d,2.242528225737347e-16,0.0,0.026870323079273443,0.02687032307927367,True,True,True,-0.02687032307927367,0.0,True
33,W3_missing,C29,29,U29->U30->U31,-1,True,f498208696acd7e8,-1.1407028952218093e-16,-0.0,-0.021440216462442825,-0.02144021646244294,True,True,True,0.02144021646244294,0.0,True
33,W3_missing,C30,30,U30->U31->U32,1,False,MISSING,3.155374431484572e-16,0.08665039308636319,nan,nan,True,True,True,nan,nan,False
33,W3_missing,C31,31,U31->U32->U0,-1,True,31b398f515095eb8,-4.1637983561253324e-16,-0.2649775781243188,-0.2671490021748748,-0.0021714240505564253,True,True,True,0.0021714240505564253,0.0,True
33,W3_missing,C32,32,U32->U0->U1,1,True,78fc41c052f4e8d1,3.518446842295803e-16,0.3462540214714045,0.3670459348069839,0.020791913335579726,True,True,True,-0.020791913335579726,0.0,True
33,solver_operator_shuffle,C0,0,U0->U1->U2,1,True,7385ef288e789162,1.180584774209615e-16,0.2596036283850413,0.2608324979450886,0.0012288695600474187,True,True,False,-0.0012288695600474187,0.0,True
33,solver_operator_shuffle,C1,1,U1->U2->U3,-1,True,34bcc42ae19d9eab,-5.016237583799007e-17,-0.08127644334708571,-0.08968449715583146,-0.008408053808745805,True,True,False,0.008408053808745805,0.0,True
33,solver_operator_shuffle,C2,2,U2->U3->U4,1,True,bf935ef683cce4c9,2.7601832959960655e-16,0.0,0.003954464855610067,0.0039544648556103425,True,True,False,-0.0039544648556103425,0.0,True
33,solver_operator_shuffle,C3,3,U3->U4->U5,-1,True,db806d8ee87cc06f,-2.516799473724122e-16,-0.0,-0.016239943293575126,-0.01623994329357538,True,True,False,0.01623994329357538,0.0,True
33,solver_operator_shuffle,C4,4,U4->U5->U6,1,True,56d2749e2acc335f,2.4956623031861478e-16,0.0,0.001143551085345966,0.0011435510853462156,True,True,False,-0.0011435510853462156,0.0,True
33,solver_operator_shuffle,C5,5,U5->U6->U7,-1,True,0f38cffa4931b4f7,-2.505233680136768e-16,-0.0,-0.014260099964253897,-0.014260099964254147,True,True,False,0.014260099964254147,0.0,True
33,solver_operator_shuffle,C6,6,U6->U7->U8,1,True,39e82fb98662e922,1.6041644968631074e-16,0.0,0.02096564236337784,0.020965642363378,True,True,False,-0.020965642363378,0.0,True
33,solver_operator_shuffle,C7,7,U7->U8->U9,-1,True,7612ed5600fc3d0d,-3.352916786769492e-16,-0.0,-0.018645076527100617,-0.018645076527100953,True,True,False,0.018645076527100953,0.0,True
33,solver_operator_shuffle,C8,8,U8->U9->U10,1,True,f201e446eee10e81,2.226073926957966e-16,-0.05195992001588157,-0.03871542658886899,0.013244493427012796,True,True,False,-0.013244493427012796,0.0,True
33,solver_operator_shuffle,C9,9,U9->U10->U11,-1,True,a0ea4d5eeb444979,-3.1554900090799665e-16,0.15419347228593774,0.13391530957346992,-0.02027816271246813,True,True,False,0.02027816271246813,0.0,True
33,solver_operator_shuffle,C10,10,U10->U11->U12,1,True,1b2f668070794048,3.1573094129104106e-16,-0.20991294491981918,-0.19233445942867705,0.017578485491142437,True,True,False,-0.017578485491142437,0.0,True
33,solver_operator_shuffle,C11,11,U11->U12->U13,-1,True,cb7655f53059159e,-1.685220753783027e-16,0.15795302490393762,0.14810844540438306,-0.009844579499554723,True,True,False,0.009844579499554723,0.0,True
33,solver_operator_shuffle,C12,12,U12->U13->U14,1,True,782b4a25ac9595d1,1.1503629687606214e-16,-0.05571947263388144,-0.04393308230966883,0.011786390324212727,True,True,False,-0.011786390324212727,0.0,True
33,solver_operator_shuffle,C13,13,U13->U14->U15,-1,True,64192a04f83add3e,-1.796972479415499e-17,-0.0,-0.0015418447405084884,-0.0015418447405085064,True,True,False,0.0015418447405085064,0.0,True
33,solver_operator_shuffle,C14,14,U14->U15->U16,1,True,ba382b2bc98b1bc7,2.2283822417041855e-16,0.0,0.01721513614788751,0.017215136147887732,True,True,False,-0.017215136147887732,0.0,True
33,solver_operator_shuffle,C15,15,U15->U16->U17,-1,True,9c0018f07e49cc23,-4.972147910400757e-16,-0.0,-0.00769879566953208,-0.007698795669532577,True,True,False,0.007698795669532577,0.0,True
33,solver_operator_shuffle,C16,16,U16->U17->U18,1,True,ce29c37edc678855,5.448740741048668e-16,0.0,0.015321925290514612,0.015321925290515157,True,True,False,-0.015321925290515157,0.0,True
33,solver_operator_shuffle,C17,17,U17->U18->U19,-1,True,a61a667577150798,-5.103159752226048e-16,-0.0,-0.005422800534536934,-0.005422800534537444,True,True,False,0.005422800534537444,0.0,True
33,solver_operator_shuffle,C18,18,U18->U19->U20,1,True,cd23dd3a205e5fef,3.154304303276039e-16,0.0,0.019776167973782423,0.01977616797378274,True,True,False,-0.01977616797378274,0.0,True
33,solver_operator_shuffle,C19,19,U19->U20->U21,-1,True,a7cec9131554dcc9,-2.487046948653753e-16,0.03103987691395399,0.012758293186699422,-0.018281583727254816,True,True,False,0.018281583727254816,0.0,True
33,solver_operator_shuffle,C20,20,U20->U21->U22,1,True,35eb2ee90a78a896,1.5821556535438866e-16,-0.0852898905208052,-0.07312191304808634,0.012167977472719013,True,True,False,-0.012167977472719013,0.0,True
33,solver_operator_shuffle,C21,21,U21->U22->U23,-1,True,afdf5f0c6bf20a2d,-3.3595960886999404e-16,0.11551687946457923,0.11426744710290845,-0.0012494323616711045,True,True,False,0.0012494323616711045,0.0,True
33,solver_operator_shuffle,C22,22,U22->U23->U24,1,True,71a9d40f368956e1,3.1490284913520244e-16,-0.08447700255062524,-0.08815979652977408,-0.00368279397914853,True,True,False,0.00368279397914853,0.0,True
33,solver_operator_shuffle,C23,23,U23->U24->U25,-1,True,88eb171eebddd577,-1.31242821098874e-16,0.03022698894377403,0.033653238298548306,0.0034262493547741434,True,True,False,-0.0034262493547741434,0.0,True
33,solver_operator_shuffle,C24,24,U24->U25->U26,1,True,771f9e7873207e57,2.7734163894757484e-16,0.0,0.006690877058335411,0.006690877058335688,True,True,False,-0.006690877058335688,0.0,True
33,solver_operator_shuffle,C25,25,U25->U26->U27,-1,True,eff2263c3f4956b4,-3.354727014739564e-16,-0.0,-0.009748816491602377,-0.009748816491602712,True,True,False,0.009748816491602712,0.0,True
33,solver_operator_shuffle,C26,26,U26->U27->U28,1,True,75eb8b0be2820681,2.5113185694792054e-16,0.0,0.02073616134120531,0.02073616134120556,True,True,False,-0.02073616134120556,0.0,True
33,solver_operator_shuffle,C27,27,U27->U28->U29,-1,True,3563fa6fa1a54254,-2.251984727639106e-16,-0.0,-0.007067164251457399,-0.007067164251457625,True,True,False,0.007067164251457625,0.0,True
33,solver_operator_shuffle,C28,28,U28->U29->U30,1,True,7a3f8c8737ea7f9d,2.242528225737347e-16,0.0,0.026870323079273443,0.02687032307927367,True,True,False,-0.02687032307927367,0.0,True
33,solver_operator_shuffle,C29,29,U29->U30->U31,-1,True,f498208696acd7e8,-1.1407028952218093e-16,-0.0,-0.021440216462442825,-0.02144021646244294,True,True,False,0.02144021646244294,0.0,True
33,solver_operator_shuffle,C30,30,U30->U31->U32,1,True,67352c1e7f78d68c,3.155374431484572e-16,0.08665039308636319,0.10103237223517797,0.014381979148815102,True,True,False,-0.014381979148815102,0.0,True
33,solver_operator_shuffle,C31,31,U31->U32->U0,-1,True,31b398f515095eb8,-4.1637983561253324e-16,-0.2649775781243188,-0.2671490021748748,-0.0021714240505564253,True,True,False,0.0021714240505564253,0.0,True
33,solver_operator_shuffle,C32,32,U32->U0->U1,1,True,78fc41c052f4e8d1,3.518446842295803e-16,0.3462540214714045,0.3670459348069839,0.020791913335579726,True,True,False,-0.020791913335579726,0.0,True
49,valid,C0,0,U0->U1->U2,1,True,b2ed2576e182d702,2.241492011901963e-16,0.2560558212044178,0.2730815664464927,0.01702574524207512,True,True,True,-0.01702574524207512,0.0,True
49,valid,C1,1,U1->U2->U3,-1,True,f4cfb4ca34e485fd,-2.2273857970309445e-16,-0.0783154567174635,-0.07651640296980265,0.0017990537476606228,True,True,True,-0.0017990537476606228,0.0,True
49,valid,C2,2,U2->U3->U4,1,True,cbccf8a00053b935,4.969053640362165e-16,0.0,0.019213860956209083,0.01921386095620958,True,True,True,-0.01921386095620958,0.0,True
49,valid,C3,3,U3->U4->U5,-1,True,354c30ebadceb769,-2.2398785918532e-16,-0.0,-0.013281865275639692,-0.013281865275639916,True,True,True,0.013281865275639916,0.0,True
49,valid,C4,4,U4->U5->U6,1,True,3a50ba227dc97a1d,3.225092580669727e-16,0.0,0.02106934136248621,0.021069341362486532,True,True,True,-0.021069341362486532,0.0,True
49,valid,C5,5,U5->U6->U7,-1,True,170dbf24a61190ea,-4.998570873323501e-16,-0.0,-0.009048964770172528,-0.009048964770173027,True,True,True,0.009048964770173027,0.0,True
49,valid,C6,6,U6->U7->U8,1,True,e36142437084d1c4,4.976651407887006e-16,0.0,0.013306617141809113,0.01330661714180961,True,True,True,-0.01330661714180961,0.0,True
49,valid,C7,7,U7->U8->U9,-1,True,1ee118f18608166b,-3.3464467585996656e-16,-0.0,-0.00789807692192912,-0.007898076921929455,True,True,True,0.007898076921929455,0.0,True
49,valid,C8,8,U8->U9->U10,1,True,00679141f0f00c29,2.4966225591530765e-16,0.0,-0.0024012725972909193,-0.0024012725972906695,True,True,True,0.0024012725972906695,0.0,True
49,valid,C9,9,U9->U10->U11,-1,True,02737d3e428a7bd2,-3.14220372382043e-16,-0.0,0.0015612923205137567,0.0015612923205134425,True,True,True,-0.0015612923205134425,0.0,True
49,valid,C10,10,U10->U11->U12,1,True,353623fe870a41ec,3.143404353595044e-16,0.0,-0.003090634775737037,-0.0030906347757367228,True,True,True,0.0030906347757367228,0.0,True
49,valid,C11,11,U11->U12->U13,-1,True,857e40028d4f8c71,-2.2246319277058426e-16,-0.0,-0.005581329848397999,-0.005581329848398221,True,True,True,0.005581329848398221,0.0,True
49,valid,C12,12,U12->U13->U14,1,True,040f140db627b921,3.15477412660627e-16,0.0,0.006551055936463629,0.006551055936463945,True,True,True,-0.006551055936463945,0.0,True
49,valid,C13,13,U13->U14->U15,-1,True,bc105b62a1a2ff37,-3.145521833829787e-16,0.05785162475879194,0.04327435843829991,-0.014577266320492346,True,True,True,0.014577266320492346,0.0,True
49,valid,C14,14,U14->U15->U16,1,True,a28d1aa44672a006,1.394411552425941e-17,-0.1734032442998883,-0.15890673618820522,0.014496508111683098,True,True,True,-0.014496508111683098,0.0,True
49,valid,C15,15,U15->U16->U17,-1,True,8bd13f72de6429e8,-3.145777508883595e-16,0.2247277464859521,0.22967229417044044,0.004944547684488043,True,True,True,-0.004944547684488043,0.0,True
49,valid,C16,16,U16->U17->U18,1,True,1e4256ab71046b88,4.012150292373529e-16,-0.16687612172716018,-0.15597395894598248,0.010902162781178087,True,True,True,-0.010902162781178087,0.0,True
49,valid,C17,17,U17->U18->U19,-1,True,ec9c029f8ad5ed4a,-3.8475772931005207e-16,0.05132450218606382,0.03644644279657035,-0.014878059389493853,True,True,True,0.014878059389493853,0.0,True
49,valid,C18,18,U18->U19->U20,1,True,119b253bfd5c99ea,3.5363121172700237e-16,0.0,0.007702731457554477,0.007702731457554831,True,True,True,-0.007702731457554831,0.0,True
49,valid,C19,19,U19->U20->U21,-1,True,c875b6db2db6fcbe,-3.357796132267176e-16,-0.0,-0.010035288400362673,-0.01003528840036301,True,True,True,0.01003528840036301,0.0,True
49,valid,C20,20,U20->U21->U22,1,True,4a47be548c0aedb4,3.5928162005222165e-16,0.0,0.01226043941681457,0.01226043941681493,True,True,True,-0.01226043941681493,0.0,True
49,valid,C21,21,U21->U22->U23,-1,True,9e8b62d8ed183ebe,-2.590574408055085e-16,-0.0,-0.0004945299967522663,-0.0004945299967525253,True,True,True,0.0004945299967525253,0.0,True
49,valid,C22,22,U22->U23->U24,1,True,b7d457ff419d1b14,4.729776649188223e-16,0.0,0.014231770653645864,0.014231770653646338,True,True,True,-0.014231770653646338,0.0,True
49,valid,C23,23,U23->U24->U25,-1,True,1716a970f840ecd8,-4.453155245678077e-16,-0.0,-0.009522298495810232,-0.009522298495810677,True,True,True,0.009522298495810677,0.0,True
49,valid,C24,24,U24->U25->U26,1,True,90130c0c26f08076,3.14495018040678e-16,0.0,0.025152684508606013,0.02515268450860633,True,True,True,-0.02515268450860633,0.0,True
49,valid,C25,25,U25->U26->U27,-1,True,713ffaada843be1d,-2.486305094539126e-16,-0.0,-0.011773544921116446,-0.011773544921116694,True,True,True,0.011773544921116694,0.0,True
49,valid,C26,26,U26->U27->U28,1,True,707f1c5054bc4046,2.487234955637388e-16,0.0,0.011480833564036655,0.011480833564036903,True,True,True,-0.011480833564036903,0.0,True
49,valid,C27,27,U27->U28->U29,-1,True,29ecf9a16634dc6d,-2.7252477769170115e-16,-0.0,0.00079141052553461,0.0007914105255343374,True,True,True,-0.0007914105255343374,0.0,True
49,valid,C28,28,U28->U29->U30,1,True,9c57f43f68eed9f8,2.2275453867218813e-16,0.0,-0.0006463029077386061,-0.0006463029077383833,True,True,True,0.0006463029077383833,0.0,True
49,valid,C29,29,U29->U30->U31,-1,True,b1993eacdf1a2e3f,-2.4854786239659444e-16,0.031189934394362687,0.025482021134221135,-0.005707913260141802,True,True,True,0.005707913260141802,0.0,True
49,valid,C30,30,U30->U31->U32,1,True,8724190366682f2e,1.2240223837113064e-16,-0.09160759387019347,-0.08101575418138665,0.010591839688806948,True,True,True,-0.010591839688806948,0.0,True
49,valid,C31,31,U31->U32->U33,-1,True,2e90bf1c1017a77e,-3.6992227996287994e-16,0.12070157650423953,0.11402857918422203,-0.006672997320017873,True,True,True,0.006672997320017873,0.0,True
49,valid,C32,32,U32->U33->U34,1,True,3b902f78fc76702d,5.091798718892784e-16,-0.08951164210987685,-0.08919541081132101,0.00031623129855634646,True,True,True,-0.00031623129855634646,0.0,True
49,valid,C33,33,U33->U34->U35,-1,True,dae38d65d25b67ff,-1.750367133444459e-16,0.029093982634046053,0.025438971344302737,-0.0036550112897434893,True,True,True,0.0036550112897434893,0.0,True
49,valid,C34,34,U34->U35->U36,1,True,eed00ec7cbaf9b0b,1.7341024243886776e-16,0.0,0.0002388724580837335,0.0002388724580839069,True,True,True,-0.0002388724580839069,0.0,True
49,valid,C35,35,U35->U36->U37,-1,True,9ba23d03dd91d3a4,-2.627576534832901e-16,-0.0,-0.012334512065739121,-0.012334512065739383,True,True,True,0.012334512065739383,0.0,True
49,valid,C36,36,U36->U37->U38,1,True,d56c97ce9baa7223,2.9015463414521714e-16,0.0,0.017330161947228438,0.01733016194722873,True,True,True,-0.01733016194722873,0.0,True
49,valid,C37,37,U37->U38->U39,-1,True,d7e2216652b395fd,-3.508751692716293e-16,-0.0,-0.012968353478233097,-0.012968353478233448,True,True,True,0.012968353478233448,0.0,True
49,valid,C38,38,U38->U39->U40,1,True,75638e5c38b7aeaf,4.170344992599053e-16,0.0,0.012106840233005208,0.012106840233005624,True,True,True,-0.012106840233005624,0.0,True
49,valid,C39,39,U39->U40->U41,-1,True,5a35c09d93ea8439,-1.7372049589435557e-16,-0.0,-0.010257629606739696,-0.01025762960673987,True,True,True,0.01025762960673987,0.0,True
49,valid,C40,40,U40->U41->U42,1,True,ac03009acf7af871,3.165386393281754e-16,0.0,0.019925637182349375,0.01992563718234969,True,True,True,-0.01992563718234969,0.0,True
49,valid,C41,41,U41->U42->U43,-1,True,8568a4086071b154,-4.0679979612913094e-16,-0.0,-0.015618248208732085,-0.015618248208732493,True,True,True,0.015618248208732493,0.0,True
49,valid,C42,42,U42->U43->U44,1,True,f02f649767bc61b5,3.1742131747001194e-16,0.0,0.017336443853655195,0.01733644385365551,True,True,True,-0.01733644385365551,0.0,True
49,valid,C43,43,U43->U44->U45,-1,True,3de654bf5d5c701c,-3.683313691282264e-16,-0.0,-0.012736856522784732,-0.0127368565227851,True,True,True,0.0127368565227851,0.0,True
49,valid,C44,44,U44->U45->U46,1,True,69110fccfb44fddb,4.0169861102101123e-16,0.0,0.02068574767571848,0.02068574767571888,True,True,True,-0.02068574767571888,0.0,True
49,valid,C45,45,U45->U46->U47,-1,True,d6832d7ce9719529,-1.1132062781034203e-16,-0.0,-0.01540400860270736,-0.015404008602707471,True,True,True,0.015404008602707471,0.0,True
49,valid,C46,46,U46->U47->U48,1,True,9942922704d9ca0b,2.2251301392278755e-16,0.08161958390685493,0.09731572068797503,0.01569613678112032,True,True,True,-0.01569613678112032,0.0,True
49,valid,C47,47,U47->U48->U0,-1,True,4744b20a391d2128,-3.16514899474465e-16,-0.2593599483938092,-0.2826451364848327,-0.023285188091023812,True,True,True,0.023285188091023812,0.0,True
49,valid,C48,48,U48->U0->U1,1,True,55fe5bd6a579f5ca,4.457119366466789e-16,0.3376754051112727,0.3569952248872887,0.019319819776016434,True,True,True,-0.019319819776016434,0.0,True
49,genesis_root_break,C0,0,U0->U1->U2,1,True,b2ed2576e182d702,2.241492011901963e-16,0.2560558212044178,0.2730815664464927,0.01702574524207512,True,True,True,-0.01702574524207512,0.0,True
49,genesis_root_break,C1,1,U1->U2->U3,-1,True,f4cfb4ca34e485fd,-2.2273857970309445e-16,-0.0783154567174635,-0.07651640296980265,0.0017990537476606228,True,True,True,-0.0017990537476606228,0.0,True
49,genesis_root_break,C2,2,U2->U3->U4,1,True,cbccf8a00053b935,4.969053640362165e-16,0.0,0.019213860956209083,0.01921386095620958,True,True,True,-0.01921386095620958,0.0,True
49,genesis_root_break,C3,3,U3->U4->U5,-1,True,354c30ebadceb769,-2.2398785918532e-16,-0.0,-0.013281865275639692,-0.013281865275639916,True,True,True,0.013281865275639916,0.0,True
49,genesis_root_break,C4,4,U4->U5->U6,1,True,3a50ba227dc97a1d,3.225092580669727e-16,0.0,0.02106934136248621,0.021069341362486532,True,True,True,-0.021069341362486532,0.0,True
49,genesis_root_break,C5,5,U5->U6->U7,-1,True,170dbf24a61190ea,-4.998570873323501e-16,-0.0,-0.009048964770172528,-0.009048964770173027,True,True,True,0.009048964770173027,0.0,True
49,genesis_root_break,C6,6,U6->U7->U8,1,True,e36142437084d1c4,4.976651407887006e-16,0.0,0.013306617141809113,0.01330661714180961,True,True,True,-0.01330661714180961,0.0,True
49,genesis_root_break,C7,7,U7->U8->U9,-1,True,1ee118f18608166b,-3.3464467585996656e-16,-0.0,-0.00789807692192912,-0.007898076921929455,True,True,True,0.007898076921929455,0.0,True
49,genesis_root_break,C8,8,U8->U9->U10,1,True,00679141f0f00c29,2.4966225591530765e-16,0.0,-0.0024012725972909193,-0.0024012725972906695,True,True,True,0.0024012725972906695,0.0,True
49,genesis_root_break,C9,9,U9->U10->U11,-1,True,02737d3e428a7bd2,-3.14220372382043e-16,-0.0,0.0015612923205137567,0.0015612923205134425,True,True,True,-0.0015612923205134425,0.0,True
49,genesis_root_break,C10,10,U10->U11->U12,1,True,353623fe870a41ec,3.143404353595044e-16,0.0,-0.003090634775737037,-0.0030906347757367228,True,True,True,0.0030906347757367228,0.0,True
49,genesis_root_break,C11,11,U11->U12->U13,-1,True,857e40028d4f8c71,-2.2246319277058426e-16,-0.0,-0.005581329848397999,-0.005581329848398221,True,True,True,0.005581329848398221,0.0,True
49,genesis_root_break,C12,12,U12->U13->U14,1,True,040f140db627b921,3.15477412660627e-16,0.0,0.006551055936463629,0.006551055936463945,True,True,True,-0.006551055936463945,0.0,True
49,genesis_root_break,C13,13,U13->U14->U15,-1,True,bc105b62a1a2ff37,-3.145521833829787e-16,0.05785162475879194,0.04327435843829991,-0.014577266320492346,True,True,True,0.014577266320492346,0.0,True
49,genesis_root_break,C14,14,U14->U15->U16,1,True,a28d1aa44672a006,1.394411552425941e-17,-0.1734032442998883,-0.15890673618820522,0.014496508111683098,True,True,True,-0.014496508111683098,0.0,True
49,genesis_root_break,C15,15,U15->U16->U17,-1,True,8bd13f72de6429e8,-3.145777508883595e-16,0.2247277464859521,0.22967229417044044,0.004944547684488043,True,True,True,-0.004944547684488043,0.0,True
49,genesis_root_break,C16,16,U16->U17->U18,1,True,1e4256ab71046b88,4.012150292373529e-16,-0.16687612172716018,-0.15597395894598248,0.010902162781178087,True,True,True,-0.010902162781178087,0.0,True
49,genesis_root_break,C17,17,U17->U18->U19,-1,True,ec9c029f8ad5ed4a,-3.8475772931005207e-16,0.05132450218606382,0.03644644279657035,-0.014878059389493853,True,True,True,0.014878059389493853,0.0,True
49,genesis_root_break,C18,18,U18->U19->U20,1,True,119b253bfd5c99ea,3.5363121172700237e-16,0.0,0.007702731457554477,0.007702731457554831,True,True,True,-0.007702731457554831,0.0,True
49,genesis_root_break,C19,19,U19->U20->U21,-1,True,c875b6db2db6fcbe,-3.357796132267176e-16,-0.0,-0.010035288400362673,-0.01003528840036301,True,True,True,0.01003528840036301,0.0,True
49,genesis_root_break,C20,20,U20->U21->U22,1,True,4a47be548c0aedb4,3.5928162005222165e-16,0.0,0.01226043941681457,0.01226043941681493,True,True,True,-0.01226043941681493,0.0,True
49,genesis_root_break,C21,21,U21->U22->U23,-1,True,9e8b62d8ed183ebe,-2.590574408055085e-16,-0.0,-0.0004945299967522663,-0.0004945299967525253,True,True,True,0.0004945299967525253,0.0,True
49,genesis_root_break,C22,22,U22->U23->U24,1,True,b7d457ff419d1b14,4.729776649188223e-16,0.0,0.014231770653645864,0.014231770653646338,True,True,True,-0.014231770653646338,0.0,True
49,genesis_root_break,C23,23,U23->U24->U25,-1,True,1716a970f840ecd8,-4.453155245678077e-16,-0.0,-0.009522298495810232,-0.009522298495810677,True,True,True,0.009522298495810677,0.0,True
49,genesis_root_break,C24,24,U24->U25->U26,1,True,90130c0c26f08076,3.14495018040678e-16,0.0,0.025152684508606013,0.02515268450860633,True,True,True,-0.02515268450860633,0.0,True
49,genesis_root_break,C25,25,U25->U26->U27,-1,True,713ffaada843be1d,-2.486305094539126e-16,-0.0,-0.011773544921116446,-0.011773544921116694,True,True,True,0.011773544921116694,0.0,True
49,genesis_root_break,C26,26,U26->U27->U28,1,True,707f1c5054bc4046,2.487234955637388e-16,0.0,0.011480833564036655,0.011480833564036903,True,True,True,-0.011480833564036903,0.0,True
49,genesis_root_break,C27,27,U27->U28->U29,-1,True,29ecf9a16634dc6d,-2.7252477769170115e-16,-0.0,0.00079141052553461,0.0007914105255343374,True,True,True,-0.0007914105255343374,0.0,True
49,genesis_root_break,C28,28,U28->U29->U30,1,True,9c57f43f68eed9f8,2.2275453867218813e-16,0.0,-0.0006463029077386061,-0.0006463029077383833,True,True,True,0.0006463029077383833,0.0,True
49,genesis_root_break,C29,29,U29->U30->U31,-1,True,b1993eacdf1a2e3f,-2.4854786239659444e-16,0.031189934394362687,0.025482021134221135,-0.005707913260141802,True,True,True,0.005707913260141802,0.0,True
49,genesis_root_break,C30,30,U30->U31->U32,1,True,8724190366682f2e,1.2240223837113064e-16,-0.09160759387019347,-0.08101575418138665,0.010591839688806948,True,True,True,-0.010591839688806948,0.0,True
49,genesis_root_break,C31,31,U31->U32->U33,-1,True,2e90bf1c1017a77e,-3.6992227996287994e-16,0.12070157650423953,0.11402857918422203,-0.006672997320017873,True,True,True,0.006672997320017873,0.0,True
49,genesis_root_break,C32,32,U32->U33->U34,1,True,3b902f78fc76702d,5.091798718892784e-16,-0.08951164210987685,-0.08919541081132101,0.00031623129855634646,True,True,True,-0.00031623129855634646,0.0,True
49,genesis_root_break,C33,33,U33->U34->U35,-1,True,dae38d65d25b67ff,-1.750367133444459e-16,0.029093982634046053,0.025438971344302737,-0.0036550112897434893,True,True,True,0.0036550112897434893,0.0,True
49,genesis_root_break,C34,34,U34->U35->U36,1,True,eed00ec7cbaf9b0b,1.7341024243886776e-16,0.0,0.0002388724580837335,0.0002388724580839069,True,True,True,-0.0002388724580839069,0.0,True
49,genesis_root_break,C35,35,U35->U36->U37,-1,True,9ba23d03dd91d3a4,-2.627576534832901e-16,-0.0,-0.012334512065739121,-0.012334512065739383,True,True,True,0.012334512065739383,0.0,True
49,genesis_root_break,C36,36,U36->U37->U38,1,True,d56c97ce9baa7223,2.9015463414521714e-16,0.0,0.017330161947228438,0.01733016194722873,True,True,True,-0.01733016194722873,0.0,True
49,genesis_root_break,C37,37,U37->U38->U39,-1,True,d7e2216652b395fd,-3.508751692716293e-16,-0.0,-0.012968353478233097,-0.012968353478233448,True,True,True,0.012968353478233448,0.0,True
49,genesis_root_break,C38,38,U38->U39->U40,1,True,75638e5c38b7aeaf,4.170344992599053e-16,0.0,0.012106840233005208,0.012106840233005624,True,True,True,-0.012106840233005624,0.0,True
49,genesis_root_break,C39,39,U39->U40->U41,-1,True,5a35c09d93ea8439,-1.7372049589435557e-16,-0.0,-0.010257629606739696,-0.01025762960673987,True,True,True,0.01025762960673987,0.0,True
49,genesis_root_break,C40,40,U40->U41->U42,1,True,ac03009acf7af871,3.165386393281754e-16,0.0,0.019925637182349375,0.01992563718234969,True,True,True,-0.01992563718234969,0.0,True
49,genesis_root_break,C41,41,U41->U42->U43,-1,True,8568a4086071b154,-4.0679979612913094e-16,-0.0,-0.015618248208732085,-0.015618248208732493,True,True,True,0.015618248208732493,0.0,True
49,genesis_root_break,C42,42,U42->U43->U44,1,True,f02f649767bc61b5,3.1742131747001194e-16,0.0,0.017336443853655195,0.01733644385365551,True,True,True,-0.01733644385365551,0.0,True
49,genesis_root_break,C43,43,U43->U44->U45,-1,True,3de654bf5d5c701c,-3.683313691282264e-16,-0.0,-0.012736856522784732,-0.0127368565227851,True,True,True,0.0127368565227851,0.0,True
49,genesis_root_break,C44,44,U44->U45->U46,1,True,69110fccfb44fddb,4.0169861102101123e-16,0.0,0.02068574767571848,0.02068574767571888,True,True,True,-0.02068574767571888,0.0,True
49,genesis_root_break,C45,45,U45->U46->U47,-1,True,d6832d7ce9719529,-1.1132062781034203e-16,-0.0,-0.01540400860270736,-0.015404008602707471,True,True,True,0.015404008602707471,0.0,True
49,genesis_root_break,C46,46,U46->U47->U48,1,True,9942922704d9ca0b,2.2251301392278755e-16,0.08161958390685493,0.09731572068797503,0.01569613678112032,True,True,True,-0.01569613678112032,0.0,True
49,genesis_root_break,C47,47,U47->U48->U0,-1,True,4744b20a391d2128,-3.16514899474465e-16,-0.2593599483938092,-0.2826451364848327,-0.023285188091023812,True,True,True,0.023285188091023812,0.0,True
49,genesis_root_break,C48,48,U48->U0->U1,1,True,55fe5bd6a579f5ca,4.457119366466789e-16,0.3376754051112727,0.3569952248872887,0.019319819776016434,True,True,True,-0.019319819776016434,0.0,True
49,retained_order_shuffle,C0,0,U0->U1->U2,1,True,b2ed2576e182d702,2.241492011901963e-16,0.24464089758604582,0.26088254729988025,0.016241649713834655,True,True,True,-0.016241649713834655,0.0,True
49,retained_order_shuffle,C1,1,U1->U2->U3,-1,True,f4cfb4ca34e485fd,-2.2273857970309445e-16,-0.08415051932135938,-0.093112778034346,-0.00896225871298685,True,True,True,0.00896225871298685,0.0,True
49,retained_order_shuffle,C2,2,U2->U3->U4,1,True,cbccf8a00053b935,4.969053640362165e-16,0.0,0.027521479031942006,0.027521479031942502,True,True,True,-0.027521479031942502,0.0,True
49,retained_order_shuffle,C3,3,U3->U4->U5,-1,True,354c30ebadceb769,-2.2398785918532e-16,-0.0,-0.017763006958009406,-0.01776300695800963,True,True,True,0.01776300695800963,0.0,True
49,retained_order_shuffle,C4,4,U4->U5->U6,1,True,3a50ba227dc97a1d,3.225092580669727e-16,0.0,0.013089937037369588,0.01308993703736991,True,True,True,-0.01308993703736991,0.0,True
49,retained_order_shuffle,C5,5,U5->U6->U7,-1,True,170dbf24a61190ea,-4.998570873323501e-16,-0.0,-0.0004835655839233125,-0.0004835655839238124,True,True,True,0.0004835655839238124,0.0,True
49,retained_order_shuffle,C6,6,U6->U7->U8,1,True,e36142437084d1c4,4.976651407887006e-16,0.0,0.012544500212975575,0.012544500212976073,True,True,True,-0.012544500212976073,0.0,True
49,retained_order_shuffle,C7,7,U7->U8->U9,-1,True,1ee118f18608166b,-3.3464467585996656e-16,-0.0,-0.012288615925943132,-0.012288615925943467,True,True,True,0.012288615925943467,0.0,True
49,retained_order_shuffle,C8,8,U8->U9->U10,1,True,00679141f0f00c29,2.4966225591530765e-16,0.0,0.0031106500712346514,0.003110650071234901,True,True,True,-0.003110650071234901,0.0,True
49,retained_order_shuffle,C9,9,U9->U10->U11,-1,True,02737d3e428a7bd2,-3.14220372382043e-16,-0.0,0.0034544191042962403,0.003454419104295926,True,True,True,-0.003454419104295926,0.0,True
49,retained_order_shuffle,C10,10,U10->U11->U12,1,True,353623fe870a41ec,3.143404353595044e-16,0.0,0.0012162684568529335,0.0012162684568532479,True,True,True,-0.0012162684568532479,0.0,True
49,retained_order_shuffle,C11,11,U11->U12->U13,-1,True,857e40028d4f8c71,-2.2246319277058426e-16,-0.0,-0.007391048400141533,-0.007391048400141755,True,True,True,0.007391048400141755,0.0,True
49,retained_order_shuffle,C12,12,U12->U13->U14,1,True,040f140db627b921,3.15477412660627e-16,0.0,0.010468138909136001,0.010468138909136317,True,True,True,-0.010468138909136317,0.0,True
49,retained_order_shuffle,C13,13,U13->U14->U15,-1,True,bc105b62a1a2ff37,-3.145521833829787e-16,0.056325140551967995,0.04669648220959315,-0.009628658342375154,True,True,True,0.009628658342375154,0.0,True
49,retained_order_shuffle,C14,14,U14->U15->U16,1,True,a28d1aa44672a006,1.394411552425941e-17,-0.16818856276767935,-0.15758539990825732,0.01060316285942206,True,True,True,-0.01060316285942206,0.0,True
49,retained_order_shuffle,C15,15,U15->U16->U17,-1,True,8bd13f72de6429e8,-3.145777508883595e-16,0.22613007727108367,0.22946185735112562,0.0033317800800416464,True,True,True,-0.0033317800800416464,0.0,True
49,retained_order_shuffle,C16,16,U16->U17->U18,1,True,1e4256ab71046b88,4.012150292373529e-16,-0.16980493671911567,-0.15583631171458465,0.013968625004531415,True,True,True,-0.013968625004531415,0.0,True
49,retained_order_shuffle,C17,17,U17->U18->U19,-1,True,ec9c029f8ad5ed4a,-3.8475772931005207e-16,0.05794151450340432,0.03870893445101203,-0.019232580052392673,True,True,True,0.019232580052392673,0.0,True
49,retained_order_shuffle,C18,18,U18->U19->U20,1,True,119b253bfd5c99ea,3.5363121172700237e-16,0.0,0.007156447726090606,0.00715644772609096,True,True,True,-0.00715644772609096,0.0,True
49,retained_order_shuffle,C19,19,U19->U20->U21,-1,True,c875b6db2db6fcbe,-3.357796132267176e-16,-0.0,-0.012166702248287186,-0.012166702248287522,True,True,True,0.012166702248287522,0.0,True
49,retained_order_shuffle,C20,20,U20->U21->U22,1,True,4a47be548c0aedb4,3.5928162005222165e-16,0.0,0.012636046590342788,0.012636046590343147,True,True,True,-0.012636046590343147,0.0,True
49,retained_order_shuffle,C21,21,U21->U22->U23,-1,True,9e8b62d8ed183ebe,-2.590574408055085e-16,-0.0,-0.001316618343900391,-0.0013166183439006502,True,True,True,0.0013166183439006502,0.0,True
49,retained_order_shuffle,C22,22,U22->U23->U24,1,True,b7d457ff419d1b14,4.729776649188223e-16,0.0,0.009828136146860941,0.009828136146861415,True,True,True,-0.009828136146861415,0.0,True
49,retained_order_shuffle,C23,23,U23->U24->U25,-1,True,1716a970f840ecd8,-4.453155245678077e-16,-0.0,-0.004193556278822347,-0.004193556278822792,True,True,True,0.004193556278822792,0.0,True
49,retained_order_shuffle,C24,24,U24->U25->U26,1,True,90130c0c26f08076,3.14495018040678e-16,0.0,0.016812274239240893,0.01681227423924121,True,True,True,-0.01681227423924121,0.0,True
49,retained_order_shuffle,C25,25,U25->U26->U27,-1,True,713ffaada843be1d,-2.486305094539126e-16,-0.0,-0.005723022743352028,-0.005723022743352277,True,True,True,0.005723022743352277,0.0,True
49,retained_order_shuffle,C26,26,U26->U27->U28,1,True,707f1c5054bc4046,2.487234955637388e-16,0.0,0.010968183611570852,0.0109681836115711,True,True,True,-0.0109681836115711,0.0,True
49,retained_order_shuffle,C27,27,U27->U28->U29,-1,True,29ecf9a16634dc6d,-2.7252477769170115e-16,-0.0,-0.003953441263867045,-0.003953441263867317,True,True,True,0.003953441263867317,0.0,True
49,retained_order_shuffle,C28,28,U28->U29->U30,1,True,9c57f43f68eed9f8,2.2275453867218813e-16,0.0,0.008695246064187465,0.008695246064187687,True,True,True,-0.008695246064187687,0.0,True
49,retained_order_shuffle,C29,29,U29->U30->U31,-1,True,b1993eacdf1a2e3f,-2.4854786239659444e-16,0.03116082324439576,0.019686493654134947,-0.011474329590261064,True,True,True,0.011474329590261064,0.0,True
49,retained_order_shuffle,C30,30,U30->U31->U32,1,True,8724190366682f2e,1.2240223837113064e-16,-0.08810985055383964,-0.07347328559214013,0.014636564961699641,True,True,True,-0.014636564961699641,0.0,True
49,retained_order_shuffle,C31,31,U31->U32->U33,-1,True,2e90bf1c1017a77e,-3.6992227996287994e-16,0.1192478362542377,0.10697864281541011,-0.012269193438827958,True,True,True,0.012269193438827958,0.0,True
49,retained_order_shuffle,C32,32,U32->U33->U34,1,True,3b902f78fc76702d,5.091798718892784e-16,-0.08808701300984194,-0.07540698208475885,0.012680030925083602,True,True,True,-0.012680030925083602,0.0,True
49,retained_order_shuffle,C33,33,U33->U34->U35,-1,True,dae38d65d25b67ff,-1.750367133444459e-16,0.03113798570039805,0.010953595983328979,-0.02018438971706924,True,True,True,0.02018438971706924,0.0,True
49,retained_order_shuffle,C34,34,U34->U35->U36,1,True,eed00ec7cbaf9b0b,1.7341024243886776e-16,0.0,0.011401794402922253,0.011401794402922426,True,True,True,-0.011401794402922426,0.0,True
49,retained_order_shuffle,C35,35,U35->U36->U37,-1,True,9ba23d03dd91d3a4,-2.627576534832901e-16,-0.0,-0.01642917157616005,-0.016429171576160313,True,True,True,0.016429171576160313,0.0,True
49,retained_order_shuffle,C36,36,U36->U37->U38,1,True,d56c97ce9baa7223,2.9015463414521714e-16,0.0,0.01440662707804767,0.01440662707804796,True,True,True,-0.01440662707804796,0.0,True
49,retained_order_shuffle,C37,37,U37->U38->U39,-1,True,d7e2216652b395fd,-3.508751692716293e-16,-0.0,-0.010457238016954161,-0.010457238016954511,True,True,True,0.010457238016954511,0.0,True
49,retained_order_shuffle,C38,38,U38->U39->U40,1,True,75638e5c38b7aeaf,4.170344992599053e-16,0.0,0.009659385764938284,0.0096593857649387,True,True,True,-0.0096593857649387,0.0,True
49,retained_order_shuffle,C39,39,U39->U40->U41,-1,True,5a35c09d93ea8439,-1.7372049589435557e-16,-0.0,-0.01164598775890429,-0.011645987758904464,True,True,True,0.011645987758904464,0.0,True
49,retained_order_shuffle,C40,40,U40->U41->U42,1,True,ac03009acf7af871,3.165386393281754e-16,0.0,0.022359249750302512,0.022359249750302828,True,True,True,-0.022359249750302828,0.0,True
49,retained_order_shuffle,C41,41,U41->U42->U43,-1,True,8568a4086071b154,-4.0679979612913094e-16,-0.0,-0.011967119713299765,-0.011967119713300172,True,True,True,0.011967119713300172,0.0,True
49,retained_order_shuffle,C42,42,U42->U43->U44,1,True,f02f649767bc61b5,3.1742131747001194e-16,0.0,0.011859379689110255,0.011859379689110572,True,True,True,-0.011859379689110572,0.0,True
49,retained_order_shuffle,C43,43,U43->U44->U45,-1,True,3de654bf5d5c701c,-3.683313691282264e-16,-0.0,-0.0009170545433739921,-0.0009170545433743604,True,True,True,0.0009170545433743604,0.0,True
49,retained_order_shuffle,C44,44,U44->U45->U46,1,True,69110fccfb44fddb,4.0169861102101123e-16,0.0,0.014938868527577137,0.01493886852757754,True,True,True,-0.01493886852757754,0.0,True
49,retained_order_shuffle,C45,45,U45->U46->U47,-1,True,d6832d7ce9719529,-1.1132062781034203e-16,-0.0,-0.008446203431854421,-0.008446203431854532,True,True,True,0.008446203431854532,0.0,True
49,retained_order_shuffle,C46,46,U46->U47->U48,1,True,9942922704d9ca0b,2.2251301392278755e-16,0.07814009103768714,0.08805255973920056,0.009912468701513646,True,True,True,-0.009912468701513646,0.0,True
49,retained_order_shuffle,C47,47,U47->U48->U0,-1,True,4744b20a391d2128,-3.16514899474465e-16,-0.2386304693023736,-0.25171272204964695,-0.013082252747273648,True,True,True,0.013082252747273648,0.0,True
49,retained_order_shuffle,C48,48,U48->U0->U1,1,True,55fe5bd6a579f5ca,4.457119366466789e-16,0.322780988623733,0.3346117323131756,0.011830743689443035,True,True,True,-0.011830743689443035,0.0,True
49,source_value_shuffle,C0,0,U0->U1->U2,1,True,b2ed2576e182d702,2.241492011901963e-16,0.0,0.017025745242074918,0.017025745242075143,True,True,True,-0.017025745242075143,0.0,True
49,source_value_shuffle,C1,1,U1->U2->U3,-1,True,f4cfb4ca34e485fd,-2.2273857970309445e-16,-0.0,0.0017990537476608465,0.0017990537476606238,True,True,True,-0.0017990537476606238,0.0,True
49,source_value_shuffle,C2,2,U2->U3->U4,1,True,cbccf8a00053b935,4.969053640362165e-16,0.0,0.019213860956209083,0.01921386095620958,True,True,True,-0.01921386095620958,0.0,True
49,source_value_shuffle,C3,3,U3->U4->U5,-1,True,354c30ebadceb769,-2.2398785918532e-16,-0.0,-0.013281865275639692,-0.013281865275639916,True,True,True,0.013281865275639916,0.0,True
49,source_value_shuffle,C4,4,U4->U5->U6,1,True,3a50ba227dc97a1d,3.225092580669727e-16,0.0,0.02106934136248621,0.021069341362486532,True,True,True,-0.021069341362486532,0.0,True
49,source_value_shuffle,C5,5,U5->U6->U7,-1,True,170dbf24a61190ea,-4.998570873323501e-16,-0.0,-0.009048964770172528,-0.009048964770173027,True,True,True,0.009048964770173027,0.0,True
49,source_value_shuffle,C6,6,U6->U7->U8,1,True,e36142437084d1c4,4.976651407887006e-16,0.0,0.013306617141809113,0.01330661714180961,True,True,True,-0.01330661714180961,0.0,True
49,source_value_shuffle,C7,7,U7->U8->U9,-1,True,1ee118f18608166b,-3.3464467585996656e-16,-0.0,-0.00789807692192912,-0.007898076921929455,True,True,True,0.007898076921929455,0.0,True
49,source_value_shuffle,C8,8,U8->U9->U10,1,True,00679141f0f00c29,2.4966225591530765e-16,0.0,-0.0024012725972909193,-0.0024012725972906695,True,True,True,0.0024012725972906695,0.0,True
49,source_value_shuffle,C9,9,U9->U10->U11,-1,True,02737d3e428a7bd2,-3.14220372382043e-16,-0.0,0.0015612923205137567,0.0015612923205134425,True,True,True,-0.0015612923205134425,0.0,True
49,source_value_shuffle,C10,10,U10->U11->U12,1,True,353623fe870a41ec,3.143404353595044e-16,0.0,-0.003090634775737037,-0.0030906347757367228,True,True,True,0.0030906347757367228,0.0,True
49,source_value_shuffle,C11,11,U11->U12->U13,-1,True,857e40028d4f8c71,-2.2246319277058426e-16,0.05060003693763218,0.04501870708923418,-0.005581329848398223,True,True,True,0.005581329848398223,0.0,True
49,source_value_shuffle,C12,12,U12->U13->U14,1,True,040f140db627b921,3.15477412660627e-16,-0.16494940997121996,-0.15839835403475633,0.006551055936463934,True,True,True,-0.006551055936463934,0.0,True
49,source_value_shuffle,C13,13,U13->U14->U15,-1,True,bc105b62a1a2ff37,-3.145521833829787e-16,0.2228010347300119,0.20822376840951984,-0.01457726632049236,True,True,True,0.01457726632049236,0.0,True
49,source_value_shuffle,C14,14,U14->U15->U16,1,True,a28d1aa44672a006,1.394411552425941e-17,-0.1722009977923797,-0.15770448968069667,0.01449650811168307,True,True,True,-0.01449650811168307,0.0,True
49,source_value_shuffle,C15,15,U15->U16->U17,-1,True,8bd13f72de6429e8,-3.145777508883595e-16,0.05785162475879194,0.0627961724432803,0.004944547684488043,True,True,True,-0.004944547684488043,0.0,True
49,source_value_shuffle,C16,16,U16->U17->U18,1,True,1e4256ab71046b88,4.012150292373529e-16,0.0,0.010902162781177702,0.010902162781178103,True,True,True,-0.010902162781178103,0.0,True
49,source_value_shuffle,C17,17,U17->U18->U19,-1,True,ec9c029f8ad5ed4a,-3.8475772931005207e-16,-0.0,-0.014878059389493471,-0.014878059389493856,True,True,True,0.014878059389493856,0.0,True
49,source_value_shuffle,C18,18,U18->U19->U20,1,True,119b253bfd5c99ea,3.5363121172700237e-16,0.0,0.007702731457554477,0.007702731457554831,True,True,True,-0.007702731457554831,0.0,True
49,source_value_shuffle,C19,19,U19->U20->U21,-1,True,c875b6db2db6fcbe,-3.357796132267176e-16,-0.0,-0.010035288400362673,-0.01003528840036301,True,True,True,0.01003528840036301,0.0,True
49,source_value_shuffle,C20,20,U20->U21->U22,1,True,4a47be548c0aedb4,3.5928162005222165e-16,0.0,0.01226043941681457,0.01226043941681493,True,True,True,-0.01226043941681493,0.0,True
49,source_value_shuffle,C21,21,U21->U22->U23,-1,True,9e8b62d8ed183ebe,-2.590574408055085e-16,-0.0,-0.0004945299967522663,-0.0004945299967525253,True,True,True,0.0004945299967525253,0.0,True
49,source_value_shuffle,C22,22,U22->U23->U24,1,True,b7d457ff419d1b14,4.729776649188223e-16,0.0,0.014231770653645864,0.014231770653646338,True,True,True,-0.014231770653646338,0.0,True
49,source_value_shuffle,C23,23,U23->U24->U25,-1,True,1716a970f840ecd8,-4.453155245678077e-16,-0.0,-0.009522298495810232,-0.009522298495810677,True,True,True,0.009522298495810677,0.0,True
49,source_value_shuffle,C24,24,U24->U25->U26,1,True,90130c0c26f08076,3.14495018040678e-16,0.0,0.025152684508606013,0.02515268450860633,True,True,True,-0.02515268450860633,0.0,True
49,source_value_shuffle,C25,25,U25->U26->U27,-1,True,713ffaada843be1d,-2.486305094539126e-16,-0.0,-0.011773544921116446,-0.011773544921116694,True,True,True,0.011773544921116694,0.0,True
49,source_value_shuffle,C26,26,U26->U27->U28,1,True,707f1c5054bc4046,2.487234955637388e-16,0.0,0.011480833564036655,0.011480833564036903,True,True,True,-0.011480833564036903,0.0,True
49,source_value_shuffle,C27,27,U27->U28->U29,-1,True,29ecf9a16634dc6d,-2.7252477769170115e-16,0.02849847014291143,0.029289880668446046,0.0007914105255343411,True,True,True,-0.0007914105255343411,0.0,True
49,source_value_shuffle,C28,28,U28->U29->U30,1,True,9c57f43f68eed9f8,2.2275453867218813e-16,-0.09089283256070542,-0.09153913546844403,-0.0006463029077383858,True,True,True,0.0006463029077383858,0.0,True
49,source_value_shuffle,C29,29,U29->U30->U31,-1,True,b1993eacdf1a2e3f,-2.4854786239659444e-16,0.1220827669550681,0.11637485369492655,-0.005707913260141806,True,True,True,0.005707913260141806,0.0,True
49,source_value_shuffle,C30,30,U30->U31->U32,1,True,8724190366682f2e,1.2240223837113064e-16,-0.09358429681215669,-0.08299245712334986,0.010591839688806948,True,True,True,-0.010591839688806948,0.0,True
49,source_value_shuffle,C31,31,U31->U32->U33,-1,True,2e90bf1c1017a77e,-3.6992227996287994e-16,0.031189934394362687,0.0245169370743452,-0.006672997320017859,True,True,True,0.006672997320017859,0.0,True
49,source_value_shuffle,C32,32,U32->U33->U34,1,True,3b902f78fc76702d,5.091798718892784e-16,0.0,0.0003162312985558434,0.0003162312985563526,True,True,True,-0.0003162312985563526,0.0,True
49,source_value_shuffle,C33,33,U33->U34->U35,-1,True,dae38d65d25b67ff,-1.750367133444459e-16,-0.0,-0.0036550112897433167,-0.003655011289743492,True,True,True,0.003655011289743492,0.0,True
49,source_value_shuffle,C34,34,U34->U35->U36,1,True,eed00ec7cbaf9b0b,1.7341024243886776e-16,0.0,0.0002388724580837335,0.0002388724580839069,True,True,True,-0.0002388724580839069,0.0,True
49,source_value_shuffle,C35,35,U35->U36->U37,-1,True,9ba23d03dd91d3a4,-2.627576534832901e-16,-0.0,-0.012334512065739121,-0.012334512065739383,True,True,True,0.012334512065739383,0.0,True
49,source_value_shuffle,C36,36,U36->U37->U38,1,True,d56c97ce9baa7223,2.9015463414521714e-16,0.0,0.017330161947228438,0.01733016194722873,True,True,True,-0.01733016194722873,0.0,True
49,source_value_shuffle,C37,37,U37->U38->U39,-1,True,d7e2216652b395fd,-3.508751692716293e-16,-0.0,-0.012968353478233097,-0.012968353478233448,True,True,True,0.012968353478233448,0.0,True
49,source_value_shuffle,C38,38,U38->U39->U40,1,True,75638e5c38b7aeaf,4.170344992599053e-16,0.0,0.012106840233005208,0.012106840233005624,True,True,True,-0.012106840233005624,0.0,True
49,source_value_shuffle,C39,39,U39->U40->U41,-1,True,5a35c09d93ea8439,-1.7372049589435557e-16,-0.0,-0.010257629606739696,-0.01025762960673987,True,True,True,0.01025762960673987,0.0,True
49,source_value_shuffle,C40,40,U40->U41->U42,1,True,ac03009acf7af871,3.165386393281754e-16,0.0,0.019925637182349375,0.01992563718234969,True,True,True,-0.01992563718234969,0.0,True
49,source_value_shuffle,C41,41,U41->U42->U43,-1,True,8568a4086071b154,-4.0679979612913094e-16,-0.0,-0.015618248208732085,-0.015618248208732493,True,True,True,0.015618248208732493,0.0,True
49,source_value_shuffle,C42,42,U42->U43->U44,1,True,f02f649767bc61b5,3.1742131747001194e-16,0.0,0.017336443853655195,0.01733644385365551,True,True,True,-0.01733644385365551,0.0,True
49,source_value_shuffle,C43,43,U43->U44->U45,-1,True,3de654bf5d5c701c,-3.683313691282264e-16,-0.0,-0.012736856522784732,-0.0127368565227851,True,True,True,0.0127368565227851,0.0,True
49,source_value_shuffle,C44,44,U44->U45->U46,1,True,69110fccfb44fddb,4.0169861102101123e-16,0.07861050912584606,0.09929625680156455,0.020685747675718888,True,True,True,-0.020685747675718888,0.0,True
49,source_value_shuffle,C45,45,U45->U46->U47,-1,True,d6832d7ce9719529,-1.1132062781034203e-16,-0.24244719850404906,-0.2578512071067564,-0.015404008602707464,True,True,True,0.015404008602707464,0.0,True
49,source_value_shuffle,C46,46,U46->U47->U48,1,True,9942922704d9ca0b,2.2251301392278755e-16,0.324066782410904,0.3397629191920241,0.015696136781120362,True,True,True,-0.015696136781120362,0.0,True
49,source_value_shuffle,C47,47,U47->U48->U0,-1,True,4744b20a391d2128,-3.16514899474465e-16,-0.24545627328505792,-0.2687414613760814,-0.023285188091023784,True,True,True,0.023285188091023784,0.0,True
49,source_value_shuffle,C48,48,U48->U0->U1,1,True,55fe5bd6a579f5ca,4.457119366466789e-16,0.08161958390685493,0.1009394036828709,0.019319819776016406,True,True,True,-0.019319819776016406,0.0,True
49,source_provenance_shuffle,C0,0,U0->U1->U2,1,True,b2ed2576e182d702,2.241492011901963e-16,0.26164116118892594,0.28195674735340764,0.020315586164481925,True,True,True,-0.020315586164481925,0.0,True
49,source_provenance_shuffle,C1,1,U1->U2->U3,-1,True,f4cfb4ca34e485fd,-2.2273857970309445e-16,-0.08796175734201024,-0.0965175950580373,-0.008555837716027276,True,True,True,0.008555837716027276,0.0,True
49,source_provenance_shuffle,C2,2,U2->U3->U4,1,True,cbccf8a00053b935,4.969053640362165e-16,0.0,0.026260521960568835,0.02626052196056933,True,True,True,-0.02626052196056933,0.0,True
49,source_provenance_shuffle,C3,3,U3->U4->U5,-1,True,354c30ebadceb769,-2.2398785918532e-16,-0.0,-0.02078116179803794,-0.020781161798038166,True,True,True,0.020781161798038166,0.0,True
49,source_provenance_shuffle,C4,4,U4->U5->U6,1,True,3a50ba227dc97a1d,3.225092580669727e-16,0.0,0.01765547324999347,0.01765547324999379,True,True,True,-0.01765547324999379,0.0,True
49,source_provenance_shuffle,C5,5,U5->U6->U7,-1,True,170dbf24a61190ea,-4.998570873323501e-16,-0.0,0.0009295673419015705,0.0009295673419010707,True,True,True,-0.0009295673419010707,0.0,True
49,source_provenance_shuffle,C6,6,U6->U7->U8,1,True,e36142437084d1c4,4.976651407887006e-16,0.0,0.004387512919732847,0.004387512919733345,True,True,True,-0.004387512919733345,0.0,True
49,source_provenance_shuffle,C7,7,U7->U8->U9,-1,True,1ee118f18608166b,-3.3464467585996656e-16,-0.0,-0.0028295914132591684,-0.0028295914132595032,True,True,True,0.0028295914132595032,0.0,True
49,source_provenance_shuffle,C8,8,U8->U9->U10,1,True,00679141f0f00c29,2.4966225591530765e-16,0.0,0.004015097536561879,0.0040150975365621285,True,True,True,-0.0040150975365621285,0.0,True
49,source_provenance_shuffle,C9,9,U9->U10->U11,-1,True,02737d3e428a7bd2,-3.14220372382043e-16,-0.0,-0.005839849577744161,-0.005839849577744475,True,True,True,0.005839849577744475,0.0,True
49,source_provenance_shuffle,C10,10,U10->U11->U12,1,True,353623fe870a41ec,3.143404353595044e-16,0.0,0.006933417065977156,0.00693341706597747,True,True,True,-0.00693341706597747,0.0,True
49,source_provenance_shuffle,C11,11,U11->U12->U13,-1,True,857e40028d4f8c71,-2.2246319277058426e-16,-0.0,-0.007071440224912693,-0.007071440224912915,True,True,True,0.007071440224912915,0.0,True
49,source_provenance_shuffle,C12,12,U12->U13->U14,1,True,040f140db627b921,3.15477412660627e-16,0.0,0.0037614885474328928,0.003761488547433208,True,True,True,-0.003761488547433208,0.0,True
49,source_provenance_shuffle,C13,13,U13->U14->U15,-1,True,bc105b62a1a2ff37,-3.145521833829787e-16,0.05768281081192151,0.047161199424051885,-0.010521611387869938,True,True,True,0.010521611387869938,0.0,True
49,source_provenance_shuffle,C14,14,U14->U15->U16,1,True,a28d1aa44672a006,1.394411552425941e-17,-0.16579828708556435,-0.15569034647642682,0.010107940609137556,True,True,True,-0.010107940609137556,0.0,True
49,source_provenance_shuffle,C15,15,U15->U16->U17,-1,True,8bd13f72de6429e8,-3.145777508883595e-16,0.21858852382132785,0.22431640695695948,0.005727883135631329,True,True,True,-0.005727883135631329,0.0,True
49,source_provenance_shuffle,C16,16,U16->U17->U18,1,True,1e4256ab71046b88,4.012150292373529e-16,-0.16090571300940634,-0.15427185814295058,0.006633854866456151,True,True,True,-0.006633854866456151,0.0,True
49,source_provenance_shuffle,C17,17,U17->U18->U19,-1,True,ec9c029f8ad5ed4a,-3.8475772931005207e-16,0.05279023673576347,0.03838751633350315,-0.014402720402260698,True,True,True,0.014402720402260698,0.0,True
49,source_provenance_shuffle,C18,18,U18->U19->U20,1,True,119b253bfd5c99ea,3.5363121172700237e-16,0.0,0.0068491751517950825,0.006849175151795436,True,True,True,-0.006849175151795436,0.0,True
49,source_provenance_shuffle,C19,19,U19->U20->U21,-1,True,c875b6db2db6fcbe,-3.357796132267176e-16,-0.0,-0.012340477090907048,-0.012340477090907385,True,True,True,0.012340477090907385,0.0,True
49,source_provenance_shuffle,C20,20,U20->U21->U22,1,True,4a47be548c0aedb4,3.5928162005222165e-16,0.0,0.012511183511408947,0.012511183511409306,True,True,True,-0.012511183511409306,0.0,True
49,source_provenance_shuffle,C21,21,U21->U22->U23,-1,True,9e8b62d8ed183ebe,-2.590574408055085e-16,-0.0,-1.7788345741832218e-05,-1.7788345742091274e-05,True,True,True,1.7788345742091274e-05,0.0,True
49,source_provenance_shuffle,C22,22,U22->U23->U24,1,True,b7d457ff419d1b14,4.729776649188223e-16,0.0,0.007887380526038514,0.007887380526038988,True,True,True,-0.007887380526038988,0.0,True
49,source_provenance_shuffle,C23,23,U23->U24->U25,-1,True,1716a970f840ecd8,-4.453155245678077e-16,-0.0,-0.0022561052564112477,-0.002256105256411693,True,True,True,0.002256105256411693,0.0,True
49,source_provenance_shuffle,C24,24,U24->U25->U26,1,True,90130c0c26f08076,3.14495018040678e-16,0.0,0.018457334844233966,0.018457334844234282,True,True,True,-0.018457334844234282,0.0,True
49,source_provenance_shuffle,C25,25,U25->U26->U27,-1,True,713ffaada843be1d,-2.486305094539126e-16,-0.0,-0.008214375321646372,-0.00821437532164662,True,True,True,0.00821437532164662,0.0,True
49,source_provenance_shuffle,C26,26,U26->U27->U28,1,True,707f1c5054bc4046,2.487234955637388e-16,0.0,0.013364299426976447,0.013364299426976695,True,True,True,-0.013364299426976695,0.0,True
49,source_provenance_shuffle,C27,27,U27->U28->U29,-1,True,29ecf9a16634dc6d,-2.7252477769170115e-16,-0.0,-0.004200514667220162,-0.004200514667220434,True,True,True,0.004200514667220434,0.0,True
49,source_provenance_shuffle,C28,28,U28->U29->U30,1,True,9c57f43f68eed9f8,2.2275453867218813e-16,0.0,0.008239930506447724,0.008239930506447946,True,True,True,-0.008239930506447946,0.0,True
49,source_provenance_shuffle,C29,29,U29->U30->U31,-1,True,b1993eacdf1a2e3f,-2.4854786239659444e-16,0.028223906523205177,0.022099537882695433,-0.006124368640509994,True,True,True,0.006124368640509994,0.0,True
49,source_provenance_shuffle,C30,30,U30->U31->U32,1,True,8724190366682f2e,1.2240223837113064e-16,-0.08976302519148412,-0.0786212998273014,0.011141725364182842,True,True,True,-0.011141725364182842,0.0,True
49,source_provenance_shuffle,C31,31,U31->U32->U33,-1,True,2e90bf1c1017a77e,-3.6992227996287994e-16,0.11755174891267071,0.11134137513834501,-0.006210373774326081,True,True,True,0.006210373774326081,0.0,True
49,source_provenance_shuffle,C32,32,U32->U33->U34,1,True,3b902f78fc76702d,5.091798718892784e-16,-0.08932784238946555,-0.08199418358468903,0.00733365880477703,True,True,True,-0.00733365880477703,0.0,True
49,source_provenance_shuffle,C33,33,U33->U34->U35,-1,True,dae38d65d25b67ff,-1.750367133444459e-16,0.027788723721186594,0.01680681434308085,-0.010981909378105916,True,True,True,0.010981909378105916,0.0,True
49,source_provenance_shuffle,C34,34,U34->U35->U36,1,True,eed00ec7cbaf9b0b,1.7341024243886776e-16,0.0,0.009317505017120864,0.009317505017121037,True,True,True,-0.009317505017121037,0.0,True
49,source_provenance_shuffle,C35,35,U35->U36->U37,-1,True,9ba23d03dd91d3a4,-2.627576534832901e-16,-0.0,-0.018371320709888464,-0.018371320709888728,True,True,True,0.018371320709888728,0.0,True
49,source_provenance_shuffle,C36,36,U36->U37->U38,1,True,d56c97ce9baa7223,2.9015463414521714e-16,0.0,0.01877493861234043,0.01877493861234072,True,True,True,-0.01877493861234072,0.0,True
49,source_provenance_shuffle,C37,37,U37->U38->U39,-1,True,d7e2216652b395fd,-3.508751692716293e-16,-0.0,-0.011507704284031986,-0.011507704284032336,True,True,True,0.011507704284032336,0.0,True
49,source_provenance_shuffle,C38,38,U38->U39->U40,1,True,75638e5c38b7aeaf,4.170344992599053e-16,0.0,0.0063659779680185855,0.006365977968019003,True,True,True,-0.006365977968019003,0.0,True
49,source_provenance_shuffle,C39,39,U39->U40->U41,-1,True,5a35c09d93ea8439,-1.7372049589435557e-16,-0.0,-0.004520633991108827,-0.004520633991109001,True,True,True,0.004520633991109001,0.0,True
49,source_provenance_shuffle,C40,40,U40->U41->U42,1,True,ac03009acf7af871,3.165386393281754e-16,0.0,0.019337352270675852,0.019337352270676168,True,True,True,-0.019337352270676168,0.0,True
49,source_provenance_shuffle,C41,41,U41->U42->U43,-1,True,8568a4086071b154,-4.0679979612913094e-16,-0.0,-0.014975408377526292,-0.0149754083775267,True,True,True,0.0149754083775267,0.0,True
49,source_provenance_shuffle,C42,42,U42->U43->U44,1,True,f02f649767bc61b5,3.1742131747001194e-16,0.0,0.016120271493051685,0.016120271493052,True,True,True,-0.016120271493052,0.0,True
49,source_provenance_shuffle,C43,43,U43->U44->U45,-1,True,3de654bf5d5c701c,-3.683313691282264e-16,-0.0,-0.004000157094858678,-0.004000157094859047,True,True,True,0.004000157094859047,0.0,True
49,source_provenance_shuffle,C44,44,U44->U45->U46,1,True,69110fccfb44fddb,4.0169861102101123e-16,0.0,0.01074393563264386,0.010743935632644263,True,True,True,-0.010743935632644263,0.0,True
49,source_provenance_shuffle,C45,45,U45->U46->U47,-1,True,d6832d7ce9719529,-1.1132062781034203e-16,-0.0,-0.0019648882664329466,-0.001964888266433058,True,True,True,0.001964888266433058,0.0,True
49,source_provenance_shuffle,C46,46,U46->U47->U48,1,True,9942922704d9ca0b,2.2251301392278755e-16,0.08218608108928271,0.0823739096406301,0.00018782855134760745,True,True,True,-0.00018782855134760745,0.0,True
49,source_provenance_shuffle,C47,47,U47->U48->U0,-1,True,4744b20a391d2128,-3.16514899474465e-16,-0.2558654849361984,-0.268028879546978,-0.012163394610779976,True,True,True,0.012163394610779976,0.0,True
49,source_provenance_shuffle,C48,48,U48->U0->U1,1,True,55fe5bd6a579f5ca,4.457119366466789e-16,0.34382724227820866,0.36143542606611373,0.017608183787905518,True,True,True,-0.017608183787905518,0.0,True
49,support_shuffle,C0,0,U0->U1->U2,1,True,b2ed2576e182d702,2.241492011901963e-16,0.2560558212044178,0.2730815664464927,0.01702574524207512,True,True,True,-0.01702574524207512,0.0,True
49,support_shuffle,C1,1,U1->U2->U3,-1,True,f4cfb4ca34e485fd,-2.2273857970309445e-16,-0.0783154567174635,-0.07651640296980265,0.0017990537476606228,True,True,True,-0.0017990537476606228,0.0,True
49,support_shuffle,C2,2,U2->U3->U4,1,True,cbccf8a00053b935,4.969053640362165e-16,0.0,0.019213860956209083,0.01921386095620958,True,True,True,-0.01921386095620958,0.0,True
49,support_shuffle,C3,3,U3->U4->U5,-1,True,354c30ebadceb769,-2.2398785918532e-16,-0.0,-0.013281865275639692,-0.013281865275639916,True,True,True,0.013281865275639916,0.0,True
49,support_shuffle,C4,4,U4->U5->U6,1,True,3a50ba227dc97a1d,3.225092580669727e-16,0.0,0.02106934136248621,0.021069341362486532,True,True,True,-0.021069341362486532,0.0,True
49,support_shuffle,C5,5,U5->U6->U7,-1,True,170dbf24a61190ea,-4.998570873323501e-16,-0.0,-0.009048964770172528,-0.009048964770173027,True,True,True,0.009048964770173027,0.0,True
49,support_shuffle,C6,6,U6->U7->U8,1,True,e36142437084d1c4,4.976651407887006e-16,0.0,0.013306617141809113,0.01330661714180961,True,True,True,-0.01330661714180961,0.0,True
49,support_shuffle,C7,7,U7->U8->U9,-1,True,1ee118f18608166b,-3.3464467585996656e-16,-0.0,-0.00789807692192912,-0.007898076921929455,True,True,True,0.007898076921929455,0.0,True
49,support_shuffle,C8,8,U8->U9->U10,1,True,00679141f0f00c29,2.4966225591530765e-16,0.0,-0.0024012725972909193,-0.0024012725972906695,True,True,True,0.0024012725972906695,0.0,True
49,support_shuffle,C9,9,U9->U10->U11,-1,True,02737d3e428a7bd2,-3.14220372382043e-16,-0.0,0.0015612923205137567,0.0015612923205134425,True,True,True,-0.0015612923205134425,0.0,True
49,support_shuffle,C10,10,U10->U11->U12,1,True,353623fe870a41ec,3.143404353595044e-16,0.0,-0.003090634775737037,-0.0030906347757367228,True,True,True,0.0030906347757367228,0.0,True
49,support_shuffle,C11,11,U11->U12->U13,-1,True,857e40028d4f8c71,-2.2246319277058426e-16,-0.0,-0.005581329848397999,-0.005581329848398221,True,True,True,0.005581329848398221,0.0,True
49,support_shuffle,C12,12,U12->U13->U14,1,True,040f140db627b921,3.15477412660627e-16,0.0,0.006551055936463629,0.006551055936463945,True,True,True,-0.006551055936463945,0.0,True
49,support_shuffle,C13,13,U13->U14->U15,-1,True,bc105b62a1a2ff37,-3.145521833829787e-16,0.05785162475879194,0.04327435843829991,-0.014577266320492346,True,True,True,0.014577266320492346,0.0,True
49,support_shuffle,C14,14,U14->U15->U16,1,True,a28d1aa44672a006,1.394411552425941e-17,-0.1734032442998883,-0.15890673618820522,0.014496508111683098,True,True,True,-0.014496508111683098,0.0,True
49,support_shuffle,C15,15,U15->U16->U17,-1,True,8bd13f72de6429e8,-3.145777508883595e-16,0.2247277464859521,0.22967229417044044,0.004944547684488043,True,True,True,-0.004944547684488043,0.0,True
49,support_shuffle,C16,16,U16->U17->U18,1,True,1e4256ab71046b88,4.012150292373529e-16,-0.16687612172716018,-0.15597395894598248,0.010902162781178087,True,True,True,-0.010902162781178087,0.0,True
49,support_shuffle,C17,17,U17->U18->U19,-1,True,ec9c029f8ad5ed4a,-3.8475772931005207e-16,0.05132450218606382,0.03644644279657035,-0.014878059389493853,True,True,True,0.014878059389493853,0.0,True
49,support_shuffle,C18,18,U18->U19->U20,1,True,119b253bfd5c99ea,3.5363121172700237e-16,0.0,0.007702731457554477,0.007702731457554831,True,True,True,-0.007702731457554831,0.0,True
49,support_shuffle,C19,19,U19->U20->U21,-1,True,c875b6db2db6fcbe,-3.357796132267176e-16,-0.0,-0.010035288400362673,-0.01003528840036301,True,True,True,0.01003528840036301,0.0,True
49,support_shuffle,C20,20,U20->U21->U22,1,True,4a47be548c0aedb4,3.5928162005222165e-16,0.0,0.01226043941681457,0.01226043941681493,True,True,True,-0.01226043941681493,0.0,True
49,support_shuffle,C21,21,U21->U22->U23,-1,True,9e8b62d8ed183ebe,-2.590574408055085e-16,-0.0,-0.0004945299967522663,-0.0004945299967525253,True,True,True,0.0004945299967525253,0.0,True
49,support_shuffle,C22,22,U22->U23->U24,1,True,b7d457ff419d1b14,4.729776649188223e-16,0.0,0.014231770653645864,0.014231770653646338,True,True,True,-0.014231770653646338,0.0,True
49,support_shuffle,C23,23,U23->U24->U25,-1,True,1716a970f840ecd8,-4.453155245678077e-16,-0.0,-0.009522298495810232,-0.009522298495810677,True,True,True,0.009522298495810677,0.0,True
49,support_shuffle,C24,24,U24->U25->U26,1,True,90130c0c26f08076,3.14495018040678e-16,0.0,0.025152684508606013,0.02515268450860633,True,True,True,-0.02515268450860633,0.0,True
49,support_shuffle,C25,25,U25->U26->U27,-1,True,713ffaada843be1d,-2.486305094539126e-16,-0.0,-0.011773544921116446,-0.011773544921116694,True,True,True,0.011773544921116694,0.0,True
49,support_shuffle,C26,26,U26->U27->U28,1,True,707f1c5054bc4046,2.487234955637388e-16,0.0,0.011480833564036655,0.011480833564036903,True,True,True,-0.011480833564036903,0.0,True
49,support_shuffle,C27,27,U27->U28->U29,-1,True,29ecf9a16634dc6d,-2.7252477769170115e-16,-0.0,0.00079141052553461,0.0007914105255343374,True,True,True,-0.0007914105255343374,0.0,True
49,support_shuffle,C28,28,U28->U29->U30,1,True,9c57f43f68eed9f8,2.2275453867218813e-16,0.0,-0.0006463029077386061,-0.0006463029077383833,True,True,True,0.0006463029077383833,0.0,True
49,support_shuffle,C29,29,U29->U30->U31,-1,True,b1993eacdf1a2e3f,-2.4854786239659444e-16,0.031189934394362687,0.025482021134221135,-0.005707913260141802,True,True,True,0.005707913260141802,0.0,True
49,support_shuffle,C30,30,U30->U31->U32,1,True,8724190366682f2e,1.2240223837113064e-16,-0.09160759387019347,-0.08101575418138665,0.010591839688806948,True,True,True,-0.010591839688806948,0.0,True
49,support_shuffle,C31,31,U31->U32->U33,-1,True,2e90bf1c1017a77e,-3.6992227996287994e-16,0.12070157650423953,0.11402857918422203,-0.006672997320017873,True,True,True,0.006672997320017873,0.0,True
49,support_shuffle,C32,32,U32->U33->U34,1,True,3b902f78fc76702d,5.091798718892784e-16,-0.08951164210987685,-0.08919541081132101,0.00031623129855634646,True,True,True,-0.00031623129855634646,0.0,True
49,support_shuffle,C33,33,U33->U34->U35,-1,True,dae38d65d25b67ff,-1.750367133444459e-16,0.029093982634046053,0.025438971344302737,-0.0036550112897434893,True,True,True,0.0036550112897434893,0.0,True
49,support_shuffle,C34,34,U34->U35->U36,1,True,eed00ec7cbaf9b0b,1.7341024243886776e-16,0.0,0.0002388724580837335,0.0002388724580839069,True,True,True,-0.0002388724580839069,0.0,True
49,support_shuffle,C35,35,U35->U36->U37,-1,True,9ba23d03dd91d3a4,-2.627576534832901e-16,-0.0,-0.012334512065739121,-0.012334512065739383,True,True,True,0.012334512065739383,0.0,True
49,support_shuffle,C36,36,U36->U37->U38,1,True,d56c97ce9baa7223,2.9015463414521714e-16,0.0,0.017330161947228438,0.01733016194722873,True,True,True,-0.01733016194722873,0.0,True
49,support_shuffle,C37,37,U37->U38->U39,-1,True,d7e2216652b395fd,-3.508751692716293e-16,-0.0,-0.012968353478233097,-0.012968353478233448,True,True,True,0.012968353478233448,0.0,True
49,support_shuffle,C38,38,U38->U39->U40,1,True,75638e5c38b7aeaf,4.170344992599053e-16,0.0,0.012106840233005208,0.012106840233005624,True,True,True,-0.012106840233005624,0.0,True
49,support_shuffle,C39,39,U39->U40->U41,-1,True,5a35c09d93ea8439,-1.7372049589435557e-16,-0.0,-0.010257629606739696,-0.01025762960673987,True,True,True,0.01025762960673987,0.0,True
49,support_shuffle,C40,40,U40->U41->U42,1,True,ac03009acf7af871,3.165386393281754e-16,0.0,0.019925637182349375,0.01992563718234969,True,True,True,-0.01992563718234969,0.0,True
49,support_shuffle,C41,41,U41->U42->U43,-1,True,8568a4086071b154,-4.0679979612913094e-16,-0.0,-0.015618248208732085,-0.015618248208732493,True,True,True,0.015618248208732493,0.0,True
49,support_shuffle,C42,42,U42->U43->U44,1,True,f02f649767bc61b5,3.1742131747001194e-16,0.0,0.017336443853655195,0.01733644385365551,True,True,True,-0.01733644385365551,0.0,True
49,support_shuffle,C43,43,U43->U44->U45,-1,True,3de654bf5d5c701c,-3.683313691282264e-16,-0.0,-0.012736856522784732,-0.0127368565227851,True,True,True,0.0127368565227851,0.0,True
49,support_shuffle,C44,44,U44->U45->U46,1,True,69110fccfb44fddb,4.0169861102101123e-16,0.0,0.02068574767571848,0.02068574767571888,True,True,True,-0.02068574767571888,0.0,True
49,support_shuffle,C45,45,U45->U46->U47,-1,True,d6832d7ce9719529,-1.1132062781034203e-16,-0.0,-0.01540400860270736,-0.015404008602707471,True,True,True,0.015404008602707471,0.0,True
49,support_shuffle,C46,46,U46->U47->U48,1,True,9942922704d9ca0b,2.2251301392278755e-16,0.08161958390685493,0.09731572068797503,0.01569613678112032,True,True,True,-0.01569613678112032,0.0,True
49,support_shuffle,C47,47,U47->U48->U0,-1,True,4744b20a391d2128,-3.16514899474465e-16,-0.2593599483938092,-0.2826451364848327,-0.023285188091023812,True,True,True,0.023285188091023812,0.0,True
49,support_shuffle,C48,48,U48->U0->U1,1,True,55fe5bd6a579f5ca,4.457119366466789e-16,0.3376754051112727,0.3569952248872887,0.019319819776016434,True,True,True,-0.019319819776016434,0.0,True
49,transition_shuffle,C0,0,U0->U1->U2,1,True,b2ed2576e182d702,0.010856011699624201,0.2560558212044178,0.27309066534811405,0.02789085584332046,True,True,True,-0.02789085584332046,0.0,True
49,transition_shuffle,C1,1,U1->U2->U3,-1,True,f4cfb4ca34e485fd,-0.013508572250357962,-0.0783154567174635,-0.07652422597711021,-0.011717341510004683,True,True,True,0.011717341510004683,0.0,True
49,transition_shuffle,C2,2,U2->U3->U4,1,True,cbccf8a00053b935,0.0073559085344613384,0.0,0.019220056821487634,0.02657596535594897,True,True,True,-0.02657596535594897,0.0,True
49,transition_shuffle,C3,3,U3->U4->U5,-1,True,354c30ebadceb769,-0.005444401021289134,-0.0,-0.013285979588076122,-0.018730380609365258,True,True,True,0.018730380609365258,0.0,True
49,transition_shuffle,C4,4,U4->U5->U6,1,True,3a50ba227dc97a1d,0.007921821406564987,0.0,0.021071415183776143,0.02899323659034113,True,True,True,-0.02899323659034113,0.0,True
49,transition_shuffle,C5,5,U5->U6->U7,-1,True,170dbf24a61190ea,-0.010429371489372728,-0.0,-0.009049038712319128,-0.019478410201691856,True,True,True,0.019478410201691856,0.0,True
49,transition_shuffle,C6,6,U6->U7->U8,1,True,e36142437084d1c4,0.011667465255741284,0.0,0.01330473275359274,0.024972198009334024,True,True,True,-0.024972198009334024,0.0,True
49,transition_shuffle,C7,7,U7->U8->U9,-1,True,1ee118f18608166b,-0.011503187253855152,-0.0,-0.007894298908005056,-0.019397486161860208,True,True,True,0.019397486161860208,0.0,True
49,transition_shuffle,C8,8,U8->U9->U10,1,True,00679141f0f00c29,0.010163332584440878,0.0,-0.0024068234167087775,0.007756509167732101,True,True,True,-0.007756509167732101,0.0,True
49,transition_shuffle,C9,9,U9->U10->U11,-1,True,02737d3e428a7bd2,-0.008195519608390867,-0.0,0.0015684085476014645,-0.006627111060789403,True,True,True,0.006627111060789403,0.0,True
49,transition_shuffle,C10,10,U10->U11->U12,1,True,353623fe870a41ec,0.006693298229150119,0.0,-0.003099006923287736,0.0035942913058623835,True,True,True,-0.0035942913058623835,0.0,True
49,transition_shuffle,C11,11,U11->U12->U13,-1,True,857e40028d4f8c71,-0.0070988625111240026,-0.0,-0.005572105860885098,-0.012670968372009102,True,True,True,0.012670968372009102,0.0,True
49,transition_shuffle,C12,12,U12->U13->U14,1,True,040f140db627b921,0.009234274563492892,0.0,0.006541546937281624,0.015775821500774515,True,True,True,-0.015775821500774515,0.0,True
49,transition_shuffle,C13,13,U13->U14->U15,-1,True,bc105b62a1a2ff37,-0.006246906831031145,0.05785162475879194,0.04328384057990757,-0.020814691009915523,True,True,True,0.020814691009915523,0.0,True
49,transition_shuffle,C14,14,U14->U15->U16,1,True,a28d1aa44672a006,0.006731726638055321,-0.1734032442998883,-0.15891635822264855,0.02121861271529507,True,True,True,-0.02121861271529507,0.0,True
49,transition_shuffle,C15,15,U15->U16->U17,-1,True,8bd13f72de6429e8,-0.02339694722019723,0.2247277464859521,0.22968070779893116,-0.018443985907218158,True,True,True,0.018443985907218158,0.0,True
49,transition_shuffle,C16,16,U16->U17->U18,1,True,1e4256ab71046b88,0.020784786021888536,-0.16687612172716018,-0.15598022748700807,0.031680680262040656,True,True,True,-0.031680680262040656,0.0,True
49,transition_shuffle,C17,17,U17->U18->U19,-1,True,ec9c029f8ad5ed4a,-0.011187629625944209,0.05132450218606382,0.03645198203251,-0.026060149779498026,True,True,True,0.026060149779498026,0.0,True
49,transition_shuffle,C18,18,U18->U19->U20,1,True,119b253bfd5c99ea,0.007769017203285611,0.0,0.007698008387404359,0.01546702559068997,True,True,True,-0.01546702559068997,0.0,True
49,transition_shuffle,C19,19,U19->U20->U21,-1,True,c875b6db2db6fcbe,-0.0055538122059722115,-0.0,-0.010031629966770535,-0.015585442172742747,True,True,True,0.015585442172742747,0.0,True
49,transition_shuffle,C20,20,U20->U21->U22,1,True,4a47be548c0aedb4,0.00940859942491098,0.0,0.01225775509248433,0.02166635451739531,True,True,True,-0.02166635451739531,0.0,True
49,transition_shuffle,C21,21,U21->U22->U23,-1,True,9e8b62d8ed183ebe,-0.016705656685322652,-0.0,-0.000492763627394005,-0.017198420312716657,True,True,True,0.017198420312716657,0.0,True
49,transition_shuffle,C22,22,U22->U23->U24,1,True,b7d457ff419d1b14,0.025042890615853155,0.0,0.014230922760244959,0.039273813376098116,True,True,True,-0.039273813376098116,0.0,True
49,transition_shuffle,C23,23,U23->U24->U25,-1,True,1716a970f840ecd8,-0.033537917806849206,-0.0,-0.009522419991572674,-0.04306033779842188,True,True,True,0.04306033779842188,0.0,True
49,transition_shuffle,C24,24,U24->U25->U26,1,True,90130c0c26f08076,0.04155617771966773,0.0,0.025153842764798824,0.06671002048446656,True,True,True,-0.06671002048446656,0.0,True
49,transition_shuffle,C25,25,U25->U26->U27,-1,True,713ffaada843be1d,-0.04853390779178424,-0.0,-0.011775771484903656,-0.0603096792766879,True,True,True,0.0603096792766879,0.0,True
49,transition_shuffle,C26,26,U26->U27->U28,1,True,707f1c5054bc4046,0.05397064460405932,0.0,0.011484068981895907,0.06545471358595523,True,True,True,-0.06545471358595523,0.0,True
49,transition_shuffle,C27,27,U27->U28->U29,-1,True,29ecf9a16634dc6d,-0.05744952982475362,-0.0,0.000787357156547824,-0.05666217266820579,True,True,True,0.05666217266820579,0.0,True
49,transition_shuffle,C28,28,U28->U29->U30,1,True,9c57f43f68eed9f8,0.05866076611872992,0.0,-0.0006423147281261286,0.05801845139060379,True,True,True,-0.05801845139060379,0.0,True
49,transition_shuffle,C29,29,U29->U30->U31,-1,True,b1993eacdf1a2e3f,-0.06203658897192135,0.031189934394362687,0.025477382829749207,-0.06774914053653483,True,True,True,0.06774914053653483,0.0,True
49,transition_shuffle,C30,30,U30->U31->U32,1,True,8724190366682f2e,0.05801360972373398,-0.09160759387019347,-0.08100991698566835,0.06861128660825909,True,True,True,-0.06861128660825909,0.0,True
49,transition_shuffle,C31,31,U31->U32->U33,-1,True,2e90bf1c1017a77e,-0.04294676463401988,0.12070157650423953,0.11402485313261163,-0.04962348800564778,True,True,True,0.04962348800564778,0.0,True
49,transition_shuffle,C32,32,U32->U33->U34,1,True,3b902f78fc76702d,0.03504503956309379,-0.08951164210987685,-0.0891943808048772,0.03536230086809343,True,True,True,-0.03536230086809343,0.0,True
49,transition_shuffle,C33,33,U33->U34->U35,-1,True,dae38d65d25b67ff,-0.02935495446745616,0.029093982634046053,0.02543876371100798,-0.03301017339049424,True,True,True,0.03301017339049424,0.0,True
49,transition_shuffle,C34,34,U34->U35->U36,1,True,eed00ec7cbaf9b0b,0.018332361605545484,0.0,0.00023838365718431564,0.0185707452627298,True,True,True,-0.0185707452627298,0.0,True
49,transition_shuffle,C35,35,U35->U36->U37,-1,True,9ba23d03dd91d3a4,-0.00816074847954651,-0.0,-0.012333347294504306,-0.020494095774050817,True,True,True,0.020494095774050817,0.0,True
49,transition_shuffle,C36,36,U36->U37->U38,1,True,d56c97ce9baa7223,0.010089913057976284,0.0,0.017329003154709983,0.027418916212686266,True,True,True,-0.027418916212686266,0.0,True
49,transition_shuffle,C37,37,U37->U38->U39,-1,True,d7e2216652b395fd,-0.020769627756126525,-0.0,-0.0129680042284568,-0.03373763198458332,True,True,True,0.03373763198458332,0.0,True
49,transition_shuffle,C38,38,U38->U39->U40,1,True,75638e5c38b7aeaf,0.03143994508439628,0.0,0.01210809724665423,0.04354804233105051,True,True,True,-0.04354804233105051,0.0,True
49,transition_shuffle,C39,39,U39->U40->U41,-1,True,5a35c09d93ea8439,-0.04079038945885586,-0.0,-0.010261150386676193,-0.051051539845532054,True,True,True,0.051051539845532054,0.0,True
49,transition_shuffle,C40,40,U40->U41->U42,1,True,ac03009acf7af871,0.04825601591333662,0.0,0.01993182943662162,0.06818784534995824,True,True,True,-0.06818784534995824,0.0,True
49,transition_shuffle,C41,41,U41->U42->U43,-1,True,8568a4086071b154,-0.05348330834058979,-0.0,-0.015627202212711258,-0.06911051055330106,True,True,True,0.06911051055330106,0.0,True
49,transition_shuffle,C42,42,U42->U43->U44,1,True,f02f649767bc61b5,0.05627879237651163,0.0,0.017347919673871805,0.07362671205038343,True,True,True,-0.07362671205038343,0.0,True
49,transition_shuffle,C43,43,U43->U44->U45,-1,True,3de654bf5d5c701c,-0.05660244393277225,-0.0,-0.012750326366547748,-0.06935277029932,True,True,True,0.06935277029932,0.0,True
49,transition_shuffle,C44,44,U44->U45->U46,1,True,69110fccfb44fddb,0.05456260414699203,0.0,0.0207004822724011,0.07526308641939314,True,True,True,-0.07526308641939314,0.0,True
49,transition_shuffle,C45,45,U45->U46->U47,-1,True,d6832d7ce9719529,-0.050404887244980844,-0.0,-0.015417976496743556,-0.0658228637417244,True,True,True,0.0658228637417244,0.0,True
49,transition_shuffle,C46,46,U46->U47->U48,1,True,9942922704d9ca0b,0.05652969983725354,0.08161958390685493,0.09733051167493628,0.0722406276053349,True,True,True,-0.0722406276053349,0.0,True
49,transition_shuffle,C47,47,U47->U48->U0,-1,True,4744b20a391d2128,-0.051402866763048095,-0.2593599483938092,-0.28266263373718836,-0.07470555210642724,True,True,True,0.07470555210642724,0.0,True
49,transition_shuffle,C48,48,U48->U0->U1,1,True,55fe5bd6a579f5ca,0.015416824605334018,0.3376754051112727,0.357008382227664,0.034749801721725315,True,True,True,-0.034749801721725315,0.0,True
49,cocycle_break,C0,0,U0->U1->U2,1,True,b2ed2576e182d702,0.04019772727768518,0.2560558212044178,0.27312156644649266,0.05726347251976005,True,True,True,-0.05726347251976005,0.0,True
49,cocycle_break,C1,1,U1->U2->U3,-1,True,f4cfb4ca34e485fd,-2.2273857970309445e-16,-0.0783154567174635,-0.07651640296980265,0.0017990537476606228,True,True,True,-0.0017990537476606228,0.0,True
49,cocycle_break,C2,2,U2->U3->U4,1,True,cbccf8a00053b935,4.969053640362165e-16,0.0,0.019213860956209083,0.01921386095620958,True,True,True,-0.01921386095620958,0.0,True
49,cocycle_break,C3,3,U3->U4->U5,-1,True,354c30ebadceb769,-2.2398785918532e-16,-0.0,-0.013281865275639692,-0.013281865275639916,True,True,True,0.013281865275639916,0.0,True
49,cocycle_break,C4,4,U4->U5->U6,1,True,3a50ba227dc97a1d,3.225092580669727e-16,0.0,0.02106934136248621,0.021069341362486532,True,True,True,-0.021069341362486532,0.0,True
49,cocycle_break,C5,5,U5->U6->U7,-1,True,170dbf24a61190ea,-4.998570873323501e-16,-0.0,-0.009048964770172528,-0.009048964770173027,True,True,True,0.009048964770173027,0.0,True
49,cocycle_break,C6,6,U6->U7->U8,1,True,e36142437084d1c4,4.976651407887006e-16,0.0,0.013306617141809113,0.01330661714180961,True,True,True,-0.01330661714180961,0.0,True
49,cocycle_break,C7,7,U7->U8->U9,-1,True,1ee118f18608166b,-3.3464467585996656e-16,-0.0,-0.00789807692192912,-0.007898076921929455,True,True,True,0.007898076921929455,0.0,True
49,cocycle_break,C8,8,U8->U9->U10,1,True,00679141f0f00c29,2.4966225591530765e-16,0.0,-0.0024012725972909193,-0.0024012725972906695,True,True,True,0.0024012725972906695,0.0,True
49,cocycle_break,C9,9,U9->U10->U11,-1,True,02737d3e428a7bd2,-3.14220372382043e-16,-0.0,0.0015612923205137567,0.0015612923205134425,True,True,True,-0.0015612923205134425,0.0,True
49,cocycle_break,C10,10,U10->U11->U12,1,True,353623fe870a41ec,3.143404353595044e-16,0.0,-0.003090634775737037,-0.0030906347757367228,True,True,True,0.0030906347757367228,0.0,True
49,cocycle_break,C11,11,U11->U12->U13,-1,True,857e40028d4f8c71,-2.2246319277058426e-16,-0.0,-0.005581329848397999,-0.005581329848398221,True,True,True,0.005581329848398221,0.0,True
49,cocycle_break,C12,12,U12->U13->U14,1,True,040f140db627b921,3.15477412660627e-16,0.0,0.006551055936463629,0.006551055936463945,True,True,True,-0.006551055936463945,0.0,True
49,cocycle_break,C13,13,U13->U14->U15,-1,True,bc105b62a1a2ff37,-3.145521833829787e-16,0.05785162475879194,0.04327435843829991,-0.014577266320492346,True,True,True,0.014577266320492346,0.0,True
49,cocycle_break,C14,14,U14->U15->U16,1,True,a28d1aa44672a006,1.394411552425941e-17,-0.1734032442998883,-0.15890673618820522,0.014496508111683098,True,True,True,-0.014496508111683098,0.0,True
49,cocycle_break,C15,15,U15->U16->U17,-1,True,8bd13f72de6429e8,-3.145777508883595e-16,0.2247277464859521,0.22967229417044044,0.004944547684488043,True,True,True,-0.004944547684488043,0.0,True
49,cocycle_break,C16,16,U16->U17->U18,1,True,1e4256ab71046b88,4.012150292373529e-16,-0.16687612172716018,-0.15597395894598248,0.010902162781178087,True,True,True,-0.010902162781178087,0.0,True
49,cocycle_break,C17,17,U17->U18->U19,-1,True,ec9c029f8ad5ed4a,-3.8475772931005207e-16,0.05132450218606382,0.03644644279657035,-0.014878059389493853,True,True,True,0.014878059389493853,0.0,True
49,cocycle_break,C18,18,U18->U19->U20,1,True,119b253bfd5c99ea,3.5363121172700237e-16,0.0,0.007702731457554477,0.007702731457554831,True,True,True,-0.007702731457554831,0.0,True
49,cocycle_break,C19,19,U19->U20->U21,-1,True,c875b6db2db6fcbe,-3.357796132267176e-16,-0.0,-0.010035288400362673,-0.01003528840036301,True,True,True,0.01003528840036301,0.0,True
49,cocycle_break,C20,20,U20->U21->U22,1,True,4a47be548c0aedb4,3.5928162005222165e-16,0.0,0.01226043941681457,0.01226043941681493,True,True,True,-0.01226043941681493,0.0,True
49,cocycle_break,C21,21,U21->U22->U23,-1,True,9e8b62d8ed183ebe,-2.590574408055085e-16,-0.0,-0.0004945299967522663,-0.0004945299967525253,True,True,True,0.0004945299967525253,0.0,True
49,cocycle_break,C22,22,U22->U23->U24,1,True,b7d457ff419d1b14,4.729776649188223e-16,0.0,0.014231770653645864,0.014231770653646338,True,True,True,-0.014231770653646338,0.0,True
49,cocycle_break,C23,23,U23->U24->U25,-1,True,1716a970f840ecd8,-4.453155245678077e-16,-0.0,-0.009522298495810232,-0.009522298495810677,True,True,True,0.009522298495810677,0.0,True
49,cocycle_break,C24,24,U24->U25->U26,1,True,90130c0c26f08076,3.14495018040678e-16,0.0,0.025152684508606013,0.02515268450860633,True,True,True,-0.02515268450860633,0.0,True
49,cocycle_break,C25,25,U25->U26->U27,-1,True,713ffaada843be1d,-2.486305094539126e-16,-0.0,-0.011773544921116446,-0.011773544921116694,True,True,True,0.011773544921116694,0.0,True
49,cocycle_break,C26,26,U26->U27->U28,1,True,707f1c5054bc4046,2.487234955637388e-16,0.0,0.011480833564036655,0.011480833564036903,True,True,True,-0.011480833564036903,0.0,True
49,cocycle_break,C27,27,U27->U28->U29,-1,True,29ecf9a16634dc6d,-2.7252477769170115e-16,-0.0,0.00079141052553461,0.0007914105255343374,True,True,True,-0.0007914105255343374,0.0,True
49,cocycle_break,C28,28,U28->U29->U30,1,True,9c57f43f68eed9f8,2.2275453867218813e-16,0.0,-0.0006463029077386061,-0.0006463029077383833,True,True,True,0.0006463029077383833,0.0,True
49,cocycle_break,C29,29,U29->U30->U31,-1,True,b1993eacdf1a2e3f,-2.4854786239659444e-16,0.031189934394362687,0.025482021134221135,-0.005707913260141802,True,True,True,0.005707913260141802,0.0,True
49,cocycle_break,C30,30,U30->U31->U32,1,True,8724190366682f2e,1.2240223837113064e-16,-0.09160759387019347,-0.08101575418138665,0.010591839688806948,True,True,True,-0.010591839688806948,0.0,True
49,cocycle_break,C31,31,U31->U32->U33,-1,True,2e90bf1c1017a77e,-3.6992227996287994e-16,0.12070157650423953,0.11402857918422203,-0.006672997320017873,True,True,True,0.006672997320017873,0.0,True
49,cocycle_break,C32,32,U32->U33->U34,1,True,3b902f78fc76702d,5.091798718892784e-16,-0.08951164210987685,-0.08919541081132101,0.00031623129855634646,True,True,True,-0.00031623129855634646,0.0,True
49,cocycle_break,C33,33,U33->U34->U35,-1,True,dae38d65d25b67ff,-1.750367133444459e-16,0.029093982634046053,0.025438971344302737,-0.0036550112897434893,True,True,True,0.0036550112897434893,0.0,True
49,cocycle_break,C34,34,U34->U35->U36,1,True,eed00ec7cbaf9b0b,1.7341024243886776e-16,0.0,0.0002388724580837335,0.0002388724580839069,True,True,True,-0.0002388724580839069,0.0,True
49,cocycle_break,C35,35,U35->U36->U37,-1,True,9ba23d03dd91d3a4,-2.627576534832901e-16,-0.0,-0.012334512065739121,-0.012334512065739383,True,True,True,0.012334512065739383,0.0,True
49,cocycle_break,C36,36,U36->U37->U38,1,True,d56c97ce9baa7223,2.9015463414521714e-16,0.0,0.017330161947228438,0.01733016194722873,True,True,True,-0.01733016194722873,0.0,True
49,cocycle_break,C37,37,U37->U38->U39,-1,True,d7e2216652b395fd,-3.508751692716293e-16,-0.0,-0.012968353478233097,-0.012968353478233448,True,True,True,0.012968353478233448,0.0,True
49,cocycle_break,C38,38,U38->U39->U40,1,True,75638e5c38b7aeaf,4.170344992599053e-16,0.0,0.012106840233005208,0.012106840233005624,True,True,True,-0.012106840233005624,0.0,True
49,cocycle_break,C39,39,U39->U40->U41,-1,True,5a35c09d93ea8439,-1.7372049589435557e-16,-0.0,-0.010257629606739696,-0.01025762960673987,True,True,True,0.01025762960673987,0.0,True
49,cocycle_break,C40,40,U40->U41->U42,1,True,ac03009acf7af871,3.165386393281754e-16,0.0,0.019925637182349375,0.01992563718234969,True,True,True,-0.01992563718234969,0.0,True
49,cocycle_break,C41,41,U41->U42->U43,-1,True,8568a4086071b154,-4.0679979612913094e-16,-0.0,-0.015618248208732085,-0.015618248208732493,True,True,True,0.015618248208732493,0.0,True
49,cocycle_break,C42,42,U42->U43->U44,1,True,f02f649767bc61b5,3.1742131747001194e-16,0.0,0.017336443853655195,0.01733644385365551,True,True,True,-0.01733644385365551,0.0,True
49,cocycle_break,C43,43,U43->U44->U45,-1,True,3de654bf5d5c701c,-3.683313691282264e-16,-0.0,-0.012736856522784732,-0.0127368565227851,True,True,True,0.0127368565227851,0.0,True
49,cocycle_break,C44,44,U44->U45->U46,1,True,69110fccfb44fddb,4.0169861102101123e-16,0.0,0.02068574767571848,0.02068574767571888,True,True,True,-0.02068574767571888,0.0,True
49,cocycle_break,C45,45,U45->U46->U47,-1,True,d6832d7ce9719529,-1.1132062781034203e-16,-0.0,-0.01540400860270736,-0.015404008602707471,True,True,True,0.015404008602707471,0.0,True
49,cocycle_break,C46,46,U46->U47->U48,1,True,9942922704d9ca0b,2.2251301392278755e-16,0.08161958390685493,0.09731572068797503,0.01569613678112032,True,True,True,-0.01569613678112032,0.0,True
49,cocycle_break,C47,47,U47->U48->U0,-1,True,4744b20a391d2128,-3.16514899474465e-16,-0.2593599483938092,-0.2826451364848327,-0.023285188091023812,True,True,True,0.023285188091023812,0.0,True
49,cocycle_break,C48,48,U48->U0->U1,1,True,55fe5bd6a579f5ca,0.040196984005897336,0.3376754051112727,0.3570352248872887,0.05955680378191336,True,True,True,-0.05955680378191336,0.0,True
49,source_current_shuffle,C0,0,U0->U1->U2,1,True,b2ed2576e182d702,2.241492011901963e-16,0.0,0.2730815664464927,0.2730815664464929,False,True,True,-0.2730815664464929,0.0,True
49,source_current_shuffle,C1,1,U1->U2->U3,-1,True,f4cfb4ca34e485fd,-2.2273857970309445e-16,-0.0,-0.07651640296980265,-0.07651640296980287,False,True,True,0.07651640296980287,0.0,True
49,source_current_shuffle,C2,2,U2->U3->U4,1,True,cbccf8a00053b935,4.969053640362165e-16,0.0,0.019213860956209083,0.01921386095620958,False,True,True,-0.01921386095620958,0.0,True
49,source_current_shuffle,C3,3,U3->U4->U5,-1,True,354c30ebadceb769,-2.2398785918532e-16,-0.0,-0.013281865275639692,-0.013281865275639916,False,True,True,0.013281865275639916,0.0,True
49,source_current_shuffle,C4,4,U4->U5->U6,1,True,3a50ba227dc97a1d,3.225092580669727e-16,0.0,0.02106934136248621,0.021069341362486532,False,True,True,-0.021069341362486532,0.0,True
49,source_current_shuffle,C5,5,U5->U6->U7,-1,True,170dbf24a61190ea,-4.998570873323501e-16,-0.0,-0.009048964770172528,-0.009048964770173027,False,True,True,0.009048964770173027,0.0,True
49,source_current_shuffle,C6,6,U6->U7->U8,1,True,e36142437084d1c4,4.976651407887006e-16,0.0,0.013306617141809113,0.01330661714180961,False,True,True,-0.01330661714180961,0.0,True
49,source_current_shuffle,C7,7,U7->U8->U9,-1,True,1ee118f18608166b,-3.3464467585996656e-16,-0.0,-0.00789807692192912,-0.007898076921929455,False,True,True,0.007898076921929455,0.0,True
49,source_current_shuffle,C8,8,U8->U9->U10,1,True,00679141f0f00c29,2.4966225591530765e-16,0.0,-0.0024012725972909193,-0.0024012725972906695,False,True,True,0.0024012725972906695,0.0,True
49,source_current_shuffle,C9,9,U9->U10->U11,-1,True,02737d3e428a7bd2,-3.14220372382043e-16,-0.0,0.0015612923205137567,0.0015612923205134425,False,True,True,-0.0015612923205134425,0.0,True
49,source_current_shuffle,C10,10,U10->U11->U12,1,True,353623fe870a41ec,3.143404353595044e-16,0.0,-0.003090634775737037,-0.0030906347757367228,False,True,True,0.0030906347757367228,0.0,True
49,source_current_shuffle,C11,11,U11->U12->U13,-1,True,857e40028d4f8c71,-2.2246319277058426e-16,0.05785162475879194,-0.005581329848397999,-0.06343295460719016,False,True,True,0.06343295460719016,0.0,True
49,source_current_shuffle,C12,12,U12->U13->U14,1,True,040f140db627b921,3.15477412660627e-16,-0.1734032442998883,0.006551055936463629,0.17995430023635223,False,True,True,-0.17995430023635223,0.0,True
49,source_current_shuffle,C13,13,U13->U14->U15,-1,True,bc105b62a1a2ff37,-3.145521833829787e-16,0.2247277464859521,0.04327435843829991,-0.1814533880476525,False,True,True,0.1814533880476525,0.0,True
49,source_current_shuffle,C14,14,U14->U15->U16,1,True,a28d1aa44672a006,1.394411552425941e-17,-0.16687612172716018,-0.15890673618820522,0.007969385538954987,False,True,True,-0.007969385538954987,0.0,True
49,source_current_shuffle,C15,15,U15->U16->U17,-1,True,8bd13f72de6429e8,-3.145777508883595e-16,0.05132450218606382,0.22967229417044044,0.1783477919843763,False,True,True,-0.1783477919843763,0.0,True
49,source_current_shuffle,C16,16,U16->U17->U18,1,True,1e4256ab71046b88,4.012150292373529e-16,0.0,-0.15597395894598248,-0.1559739589459821,False,True,True,0.1559739589459821,0.0,True
49,source_current_shuffle,C17,17,U17->U18->U19,-1,True,ec9c029f8ad5ed4a,-3.8475772931005207e-16,-0.0,0.03644644279657035,0.036446442796569965,False,True,True,-0.036446442796569965,0.0,True
49,source_current_shuffle,C18,18,U18->U19->U20,1,True,119b253bfd5c99ea,3.5363121172700237e-16,0.0,0.007702731457554477,0.007702731457554831,False,True,True,-0.007702731457554831,0.0,True
49,source_current_shuffle,C19,19,U19->U20->U21,-1,True,c875b6db2db6fcbe,-3.357796132267176e-16,-0.0,-0.010035288400362673,-0.01003528840036301,False,True,True,0.01003528840036301,0.0,True
49,source_current_shuffle,C20,20,U20->U21->U22,1,True,4a47be548c0aedb4,3.5928162005222165e-16,0.0,0.01226043941681457,0.01226043941681493,False,True,True,-0.01226043941681493,0.0,True
49,source_current_shuffle,C21,21,U21->U22->U23,-1,True,9e8b62d8ed183ebe,-2.590574408055085e-16,-0.0,-0.0004945299967522663,-0.0004945299967525253,False,True,True,0.0004945299967525253,0.0,True
49,source_current_shuffle,C22,22,U22->U23->U24,1,True,b7d457ff419d1b14,4.729776649188223e-16,0.0,0.014231770653645864,0.014231770653646338,False,True,True,-0.014231770653646338,0.0,True
49,source_current_shuffle,C23,23,U23->U24->U25,-1,True,1716a970f840ecd8,-4.453155245678077e-16,-0.0,-0.009522298495810232,-0.009522298495810677,False,True,True,0.009522298495810677,0.0,True
49,source_current_shuffle,C24,24,U24->U25->U26,1,True,90130c0c26f08076,3.14495018040678e-16,0.0,0.025152684508606013,0.02515268450860633,False,True,True,-0.02515268450860633,0.0,True
49,source_current_shuffle,C25,25,U25->U26->U27,-1,True,713ffaada843be1d,-2.486305094539126e-16,-0.0,-0.011773544921116446,-0.011773544921116694,False,True,True,0.011773544921116694,0.0,True
49,source_current_shuffle,C26,26,U26->U27->U28,1,True,707f1c5054bc4046,2.487234955637388e-16,0.0,0.011480833564036655,0.011480833564036903,False,True,True,-0.011480833564036903,0.0,True
49,source_current_shuffle,C27,27,U27->U28->U29,-1,True,29ecf9a16634dc6d,-2.7252477769170115e-16,0.031189934394362687,0.00079141052553461,-0.030398523868828353,False,True,True,0.030398523868828353,0.0,True
49,source_current_shuffle,C28,28,U28->U29->U30,1,True,9c57f43f68eed9f8,2.2275453867218813e-16,-0.09160759387019347,-0.0006463029077386061,0.09096129096245509,False,True,True,-0.09096129096245509,0.0,True
49,source_current_shuffle,C29,29,U29->U30->U31,-1,True,b1993eacdf1a2e3f,-2.4854786239659444e-16,0.12070157650423953,0.025482021134221135,-0.09521955537001864,False,True,True,0.09521955537001864,0.0,True
49,source_current_shuffle,C30,30,U30->U31->U32,1,True,8724190366682f2e,1.2240223837113064e-16,-0.08951164210987685,-0.08101575418138665,0.00849588792849032,False,True,True,-0.00849588792849032,0.0,True
49,source_current_shuffle,C31,31,U31->U32->U33,-1,True,2e90bf1c1017a77e,-3.6992227996287994e-16,0.029093982634046053,0.11402857918422203,0.0849345965501756,False,True,True,-0.0849345965501756,0.0,True
49,source_current_shuffle,C32,32,U32->U33->U34,1,True,3b902f78fc76702d,5.091798718892784e-16,0.0,-0.08919541081132101,-0.0891954108113205,False,True,True,0.0891954108113205,0.0,True
49,source_current_shuffle,C33,33,U33->U34->U35,-1,True,dae38d65d25b67ff,-1.750367133444459e-16,-0.0,0.025438971344302737,0.025438971344302563,False,True,True,-0.025438971344302563,0.0,True
49,source_current_shuffle,C34,34,U34->U35->U36,1,True,eed00ec7cbaf9b0b,1.7341024243886776e-16,0.0,0.0002388724580837335,0.0002388724580839069,False,True,True,-0.0002388724580839069,0.0,True
49,source_current_shuffle,C35,35,U35->U36->U37,-1,True,9ba23d03dd91d3a4,-2.627576534832901e-16,-0.0,-0.012334512065739121,-0.012334512065739383,False,True,True,0.012334512065739383,0.0,True
49,source_current_shuffle,C36,36,U36->U37->U38,1,True,d56c97ce9baa7223,2.9015463414521714e-16,0.0,0.017330161947228438,0.01733016194722873,False,True,True,-0.01733016194722873,0.0,True
49,source_current_shuffle,C37,37,U37->U38->U39,-1,True,d7e2216652b395fd,-3.508751692716293e-16,-0.0,-0.012968353478233097,-0.012968353478233448,False,True,True,0.012968353478233448,0.0,True
49,source_current_shuffle,C38,38,U38->U39->U40,1,True,75638e5c38b7aeaf,4.170344992599053e-16,0.0,0.012106840233005208,0.012106840233005624,False,True,True,-0.012106840233005624,0.0,True
49,source_current_shuffle,C39,39,U39->U40->U41,-1,True,5a35c09d93ea8439,-1.7372049589435557e-16,-0.0,-0.010257629606739696,-0.01025762960673987,False,True,True,0.01025762960673987,0.0,True
49,source_current_shuffle,C40,40,U40->U41->U42,1,True,ac03009acf7af871,3.165386393281754e-16,0.0,0.019925637182349375,0.01992563718234969,False,True,True,-0.01992563718234969,0.0,True
49,source_current_shuffle,C41,41,U41->U42->U43,-1,True,8568a4086071b154,-4.0679979612913094e-16,-0.0,-0.015618248208732085,-0.015618248208732493,False,True,True,0.015618248208732493,0.0,True
49,source_current_shuffle,C42,42,U42->U43->U44,1,True,f02f649767bc61b5,3.1742131747001194e-16,0.0,0.017336443853655195,0.01733644385365551,False,True,True,-0.01733644385365551,0.0,True
49,source_current_shuffle,C43,43,U43->U44->U45,-1,True,3de654bf5d5c701c,-3.683313691282264e-16,-0.0,-0.012736856522784732,-0.0127368565227851,False,True,True,0.0127368565227851,0.0,True
49,source_current_shuffle,C44,44,U44->U45->U46,1,True,69110fccfb44fddb,4.0169861102101123e-16,0.08161958390685493,0.02068574767571848,-0.06093383623113605,False,True,True,0.06093383623113605,0.0,True
49,source_current_shuffle,C45,45,U45->U46->U47,-1,True,d6832d7ce9719529,-1.1132062781034203e-16,-0.2593599483938092,-0.01540400860270736,0.24395593979110175,False,True,True,-0.24395593979110175,0.0,True
49,source_current_shuffle,C46,46,U46->U47->U48,1,True,9942922704d9ca0b,2.2251301392278755e-16,0.3376754051112727,0.09731572068797503,-0.24035968442329744,False,True,True,0.24035968442329744,0.0,True
49,source_current_shuffle,C47,47,U47->U48->U0,-1,True,4744b20a391d2128,-3.16514899474465e-16,0.2560558212044178,-0.2826451364848327,-0.5387009576892507,False,True,True,0.5387009576892507,0.0,True
49,source_current_shuffle,C48,48,U48->U0->U1,1,True,55fe5bd6a579f5ca,4.457119366466789e-16,-0.0783154567174635,0.3569952248872887,0.4353106816047526,False,True,True,-0.4353106816047526,0.0,True
49,boundary_pairing_shuffle,C0,0,U0->U1->U2,1,True,b2ed2576e182d702,2.241492011901963e-16,0.2560558212044178,0.019213860956209083,-0.23684196024820847,True,False,True,0.23684196024820847,0.0,True
49,boundary_pairing_shuffle,C1,1,U1->U2->U3,-1,True,f4cfb4ca34e485fd,-2.2273857970309445e-16,-0.0783154567174635,-0.013281865275639692,0.06503359144182358,True,False,True,-0.06503359144182358,0.0,True
49,boundary_pairing_shuffle,C2,2,U2->U3->U4,1,True,cbccf8a00053b935,4.969053640362165e-16,0.0,0.02106934136248621,0.021069341362486706,True,False,True,-0.021069341362486706,0.0,True
49,boundary_pairing_shuffle,C3,3,U3->U4->U5,-1,True,354c30ebadceb769,-2.2398785918532e-16,-0.0,-0.009048964770172528,-0.009048964770172752,True,False,True,0.009048964770172752,0.0,True
49,boundary_pairing_shuffle,C4,4,U4->U5->U6,1,True,3a50ba227dc97a1d,3.225092580669727e-16,0.0,0.013306617141809113,0.013306617141809435,True,False,True,-0.013306617141809435,0.0,True
49,boundary_pairing_shuffle,C5,5,U5->U6->U7,-1,True,170dbf24a61190ea,-4.998570873323501e-16,-0.0,-0.00789807692192912,-0.00789807692192962,True,False,True,0.00789807692192962,0.0,True
49,boundary_pairing_shuffle,C6,6,U6->U7->U8,1,True,e36142437084d1c4,4.976651407887006e-16,0.0,-0.0024012725972909193,-0.0024012725972904214,True,False,True,0.0024012725972904214,0.0,True
49,boundary_pairing_shuffle,C7,7,U7->U8->U9,-1,True,1ee118f18608166b,-3.3464467585996656e-16,-0.0,0.0015612923205137567,0.0015612923205134222,True,False,True,-0.0015612923205134222,0.0,True
49,boundary_pairing_shuffle,C8,8,U8->U9->U10,1,True,00679141f0f00c29,2.4966225591530765e-16,0.0,-0.003090634775737037,-0.0030906347757367874,True,False,True,0.0030906347757367874,0.0,True
49,boundary_pairing_shuffle,C9,9,U9->U10->U11,-1,True,02737d3e428a7bd2,-3.14220372382043e-16,-0.0,-0.005581329848397999,-0.005581329848398313,True,False,True,0.005581329848398313,0.0,True
49,boundary_pairing_shuffle,C10,10,U10->U11->U12,1,True,353623fe870a41ec,3.143404353595044e-16,0.0,0.006551055936463629,0.006551055936463943,True,False,True,-0.006551055936463943,0.0,True
49,boundary_pairing_shuffle,C11,11,U11->U12->U13,-1,True,857e40028d4f8c71,-2.2246319277058426e-16,-0.0,0.04327435843829991,0.04327435843829969,True,False,True,-0.04327435843829969,0.0,True
49,boundary_pairing_shuffle,C12,12,U12->U13->U14,1,True,040f140db627b921,3.15477412660627e-16,0.0,-0.15890673618820522,-0.15890673618820492,True,False,True,0.15890673618820492,0.0,True
49,boundary_pairing_shuffle,C13,13,U13->U14->U15,-1,True,bc105b62a1a2ff37,-3.145521833829787e-16,0.05785162475879194,0.22967229417044044,0.1718206694116482,True,False,True,-0.1718206694116482,0.0,True
49,boundary_pairing_shuffle,C14,14,U14->U15->U16,1,True,a28d1aa44672a006,1.394411552425941e-17,-0.1734032442998883,-0.15597395894598248,0.017429285353905838,True,False,True,-0.017429285353905838,0.0,True
49,boundary_pairing_shuffle,C15,15,U15->U16->U17,-1,True,8bd13f72de6429e8,-3.145777508883595e-16,0.2247277464859521,0.03644644279657035,-0.18828130368938206,True,False,True,0.18828130368938206,0.0,True
49,boundary_pairing_shuffle,C16,16,U16->U17->U18,1,True,1e4256ab71046b88,4.012150292373529e-16,-0.16687612172716018,0.007702731457554477,0.17457885318471505,True,False,True,-0.17457885318471505,0.0,True
49,boundary_pairing_shuffle,C17,17,U17->U18->U19,-1,True,ec9c029f8ad5ed4a,-3.8475772931005207e-16,0.05132450218606382,-0.010035288400362673,-0.06135979058642688,True,False,True,0.06135979058642688,0.0,True
49,boundary_pairing_shuffle,C18,18,U18->U19->U20,1,True,119b253bfd5c99ea,3.5363121172700237e-16,0.0,0.01226043941681457,0.012260439416814924,True,False,True,-0.012260439416814924,0.0,True
49,boundary_pairing_shuffle,C19,19,U19->U20->U21,-1,True,c875b6db2db6fcbe,-3.357796132267176e-16,-0.0,-0.0004945299967522663,-0.0004945299967526021,True,False,True,0.0004945299967526021,0.0,True
49,boundary_pairing_shuffle,C20,20,U20->U21->U22,1,True,4a47be548c0aedb4,3.5928162005222165e-16,0.0,0.014231770653645864,0.014231770653646223,True,False,True,-0.014231770653646223,0.0,True
49,boundary_pairing_shuffle,C21,21,U21->U22->U23,-1,True,9e8b62d8ed183ebe,-2.590574408055085e-16,-0.0,-0.009522298495810232,-0.00952229849581049,True,False,True,0.00952229849581049,0.0,True
49,boundary_pairing_shuffle,C22,22,U22->U23->U24,1,True,b7d457ff419d1b14,4.729776649188223e-16,0.0,0.025152684508606013,0.025152684508606485,True,False,True,-0.025152684508606485,0.0,True
49,boundary_pairing_shuffle,C23,23,U23->U24->U25,-1,True,1716a970f840ecd8,-4.453155245678077e-16,-0.0,-0.011773544921116446,-0.011773544921116891,True,False,True,0.011773544921116891,0.0,True
49,boundary_pairing_shuffle,C24,24,U24->U25->U26,1,True,90130c0c26f08076,3.14495018040678e-16,0.0,0.011480833564036655,0.01148083356403697,True,False,True,-0.01148083356403697,0.0,True
49,boundary_pairing_shuffle,C25,25,U25->U26->U27,-1,True,713ffaada843be1d,-2.486305094539126e-16,-0.0,0.00079141052553461,0.0007914105255343613,True,False,True,-0.0007914105255343613,0.0,True
49,boundary_pairing_shuffle,C26,26,U26->U27->U28,1,True,707f1c5054bc4046,2.487234955637388e-16,0.0,-0.0006463029077386061,-0.0006463029077383574,True,False,True,0.0006463029077383574,0.0,True
49,boundary_pairing_shuffle,C27,27,U27->U28->U29,-1,True,29ecf9a16634dc6d,-2.7252477769170115e-16,-0.0,0.025482021134221135,0.02548202113422086,True,False,True,-0.02548202113422086,0.0,True
49,boundary_pairing_shuffle,C28,28,U28->U29->U30,1,True,9c57f43f68eed9f8,2.2275453867218813e-16,0.0,-0.08101575418138665,-0.08101575418138643,True,False,True,0.08101575418138643,0.0,True
49,boundary_pairing_shuffle,C29,29,U29->U30->U31,-1,True,b1993eacdf1a2e3f,-2.4854786239659444e-16,0.031189934394362687,0.11402857918422203,0.0828386447898591,True,False,True,-0.0828386447898591,0.0,True
49,boundary_pairing_shuffle,C30,30,U30->U31->U32,1,True,8724190366682f2e,1.2240223837113064e-16,-0.09160759387019347,-0.08919541081132101,0.0024121830588725857,True,False,True,-0.0024121830588725857,0.0,True
49,boundary_pairing_shuffle,C31,31,U31->U32->U33,-1,True,2e90bf1c1017a77e,-3.6992227996287994e-16,0.12070157650423953,0.025438971344302737,-0.09526260515993717,True,False,True,0.09526260515993717,0.0,True
49,boundary_pairing_shuffle,C32,32,U32->U33->U34,1,True,3b902f78fc76702d,5.091798718892784e-16,-0.08951164210987685,0.0002388724580837335,0.0897505145679611,True,False,True,-0.0897505145679611,0.0,True
49,boundary_pairing_shuffle,C33,33,U33->U34->U35,-1,True,dae38d65d25b67ff,-1.750367133444459e-16,0.029093982634046053,-0.012334512065739121,-0.04142849469978535,True,False,True,0.04142849469978535,0.0,True
49,boundary_pairing_shuffle,C34,34,U34->U35->U36,1,True,eed00ec7cbaf9b0b,1.7341024243886776e-16,0.0,0.017330161947228438,0.01733016194722861,True,False,True,-0.01733016194722861,0.0,True
49,boundary_pairing_shuffle,C35,35,U35->U36->U37,-1,True,9ba23d03dd91d3a4,-2.627576534832901e-16,-0.0,-0.012968353478233097,-0.01296835347823336,True,False,True,0.01296835347823336,0.0,True
49,boundary_pairing_shuffle,C36,36,U36->U37->U38,1,True,d56c97ce9baa7223,2.9015463414521714e-16,0.0,0.012106840233005208,0.012106840233005497,True,False,True,-0.012106840233005497,0.0,True
49,boundary_pairing_shuffle,C37,37,U37->U38->U39,-1,True,d7e2216652b395fd,-3.508751692716293e-16,-0.0,-0.010257629606739696,-0.010257629606740046,True,False,True,0.010257629606740046,0.0,True
49,boundary_pairing_shuffle,C38,38,U38->U39->U40,1,True,75638e5c38b7aeaf,4.170344992599053e-16,0.0,0.019925637182349375,0.01992563718234979,True,False,True,-0.01992563718234979,0.0,True
49,boundary_pairing_shuffle,C39,39,U39->U40->U41,-1,True,5a35c09d93ea8439,-1.7372049589435557e-16,-0.0,-0.015618248208732085,-0.015618248208732258,True,False,True,0.015618248208732258,0.0,True
49,boundary_pairing_shuffle,C40,40,U40->U41->U42,1,True,ac03009acf7af871,3.165386393281754e-16,0.0,0.017336443853655195,0.01733644385365551,True,False,True,-0.01733644385365551,0.0,True
49,boundary_pairing_shuffle,C41,41,U41->U42->U43,-1,True,8568a4086071b154,-4.0679979612913094e-16,-0.0,-0.012736856522784732,-0.01273685652278514,True,False,True,0.01273685652278514,0.0,True
49,boundary_pairing_shuffle,C42,42,U42->U43->U44,1,True,f02f649767bc61b5,3.1742131747001194e-16,0.0,0.02068574767571848,0.020685747675718794,True,False,True,-0.020685747675718794,0.0,True
49,boundary_pairing_shuffle,C43,43,U43->U44->U45,-1,True,3de654bf5d5c701c,-3.683313691282264e-16,-0.0,-0.01540400860270736,-0.015404008602707728,True,False,True,0.015404008602707728,0.0,True
49,boundary_pairing_shuffle,C44,44,U44->U45->U46,1,True,69110fccfb44fddb,4.0169861102101123e-16,0.0,0.09731572068797503,0.09731572068797543,True,False,True,-0.09731572068797543,0.0,True
49,boundary_pairing_shuffle,C45,45,U45->U46->U47,-1,True,d6832d7ce9719529,-1.1132062781034203e-16,-0.0,-0.2826451364848327,-0.2826451364848328,True,False,True,0.2826451364848328,0.0,True
49,boundary_pairing_shuffle,C46,46,U46->U47->U48,1,True,9942922704d9ca0b,2.2251301392278755e-16,0.08161958390685493,0.3569952248872887,0.275375640980434,True,False,True,-0.275375640980434,0.0,True
49,boundary_pairing_shuffle,C47,47,U47->U48->U0,-1,True,4744b20a391d2128,-3.16514899474465e-16,-0.2593599483938092,0.2730815664464927,0.5324415148403016,True,False,True,-0.5324415148403016,0.0,True
49,boundary_pairing_shuffle,C48,48,U48->U0->U1,1,True,55fe5bd6a579f5ca,4.457119366466789e-16,0.3376754051112727,-0.07651640296980265,-0.4141918080810749,True,False,True,0.4141918080810749,0.0,True
49,W3_local_free_random,C0,0,U0->U1->U2,1,True,d3d4e161b94b984f,2.241492011901963e-16,0.2560558212044178,0.27119510365609484,0.015139282451677283,True,True,True,-0.015139282451677283,0.0,True
49,W3_local_free_random,C1,1,U1->U2->U3,-1,True,593864b8051223b6,-2.2273857970309445e-16,-0.0783154567174635,-0.08170007015901316,-0.0033846134415498885,True,True,True,0.0033846134415498885,0.0,True
49,W3_local_free_random,C2,2,U2->U3->U4,1,True,aec84e7618aa8655,4.969053640362165e-16,0.0,0.015155245226296628,0.015155245226297125,True,True,True,-0.015155245226297125,0.0,True
49,W3_local_free_random,C3,3,U3->U4->U5,-1,True,6327897adb096ce0,-2.2398785918532e-16,-0.0,-0.008227312841237915,-0.008227312841238139,True,True,True,0.008227312841238139,0.0,True
49,W3_local_free_random,C4,4,U4->U5->U6,1,True,781a4481b0b043a8,3.225092580669727e-16,0.0,0.024971935699687916,0.02497193569968824,True,True,True,-0.02497193569968824,0.0,True
49,W3_local_free_random,C5,5,U5->U6->U7,-1,True,597212a387141687,-4.998570873323501e-16,-0.0,-0.009180210838209149,-0.009180210838209649,True,True,True,0.009180210838209649,0.0,True
49,W3_local_free_random,C6,6,U6->U7->U8,1,True,ba6bbd5bc9083463,4.976651407887006e-16,0.0,0.007788939399511793,0.007788939399512291,True,True,True,-0.007788939399512291,0.0,True
49,W3_local_free_random,C7,7,U7->U8->U9,-1,True,e2346e9b4640de72,-3.3464467585996656e-16,-0.0,-0.007240812625452948,-0.007240812625453283,True,True,True,0.007240812625453283,0.0,True
49,W3_local_free_random,C8,8,U8->U9->U10,1,True,4c47f87092229361,2.4966225591530765e-16,0.0,-0.008203524617610362,-0.008203524617610113,True,True,True,0.008203524617610113,0.0,True
49,W3_local_free_random,C9,9,U9->U10->U11,-1,True,de6f330ff414d722,-3.14220372382043e-16,-0.0,-0.0032145486091390736,-0.003214548609139388,True,True,True,0.003214548609139388,0.0,True
49,W3_local_free_random,C10,10,U10->U11->U12,1,True,cc35431f725373be,3.143404353595044e-16,0.0,-0.0029403969206262103,-0.002940396920625896,True,True,True,0.002940396920625896,0.0,True
49,W3_local_free_random,C11,11,U11->U12->U13,-1,True,187254189121323e,-2.2246319277058426e-16,-0.0,-0.0055270613504477106,-0.005527061350447933,True,True,True,0.005527061350447933,0.0,True
49,W3_local_free_random,C12,12,U12->U13->U14,1,True,3271f5fd1979d5e2,3.15477412660627e-16,0.0,0.0037704527877854607,0.003770452787785776,True,True,True,-0.003770452787785776,0.0,True
49,W3_local_free_random,C13,13,U13->U14->U15,-1,True,ace51bb0df5ba524,-3.145521833829787e-16,0.05785162475879194,0.04347741008172139,-0.014374214677070868,True,True,True,0.014374214677070868,0.0,True
49,W3_local_free_random,C14,14,U14->U15->U16,1,True,f11241d448f77f52,1.394411552425941e-17,-0.1734032442998883,-0.16282157817363496,0.010581666126253358,True,True,True,-0.010581666126253358,0.0,True
49,W3_local_free_random,C15,15,U15->U16->U17,-1,True,5fd769967259ec3c,-3.145777508883595e-16,0.2247277464859521,0.2234999965164659,-0.0012277499694864913,True,True,True,0.0012277499694864913,0.0,True
49,W3_local_free_random,C16,16,U16->U17->U18,1,True,7f9d88fa5d1174a8,4.012150292373529e-16,-0.16687612172716018,-0.15700704229086118,0.009869079436299388,True,True,True,-0.009869079436299388,0.0,True
49,W3_local_free_random,C17,17,U17->U18->U19,-1,True,a87dd4203825198c,-3.8475772931005207e-16,0.05132450218606382,0.036846892412218175,-0.014477609773846024,True,True,True,0.014477609773846024,0.0,True
49,W3_local_free_random,C18,18,U18->U19->U20,1,True,99b7add6955cefa6,3.5363121172700237e-16,0.0,0.01101562693513321,0.011015626935133563,True,True,True,-0.011015626935133563,0.0,True
49,W3_local_free_random,C19,19,U19->U20->U21,-1,True,55c22610edbc3749,-3.357796132267176e-16,-0.0,-0.010810975056787398,-0.010810975056787735,True,True,True,0.010810975056787735,0.0,True
49,W3_local_free_random,C20,20,U20->U21->U22,1,True,8530d75704bf5d40,3.5928162005222165e-16,0.0,0.013695939226571106,0.013695939226571465,True,True,True,-0.013695939226571465,0.0,True
49,W3_local_free_random,C21,21,U21->U22->U23,-1,True,7c8958e78f8c36c6,-2.590574408055085e-16,-0.0,0.0034481636468714546,0.0034481636468711957,True,True,True,-0.0034481636468711957,0.0,True
49,W3_local_free_random,C22,22,U22->U23->U24,1,True,499bca46ad97e949,4.729776649188223e-16,0.0,0.021276627946029372,0.021276627946029844,True,True,True,-0.021276627946029844,0.0,True
49,W3_local_free_random,C23,23,U23->U24->U25,-1,True,1ccedfb9c2ee9f5f,-4.453155245678077e-16,-0.0,-0.014008335981743395,-0.014008335981743841,True,True,True,0.014008335981743841,0.0,True
49,W3_local_free_random,C24,24,U24->U25->U26,1,True,66bc09d5240fd9f4,3.14495018040678e-16,0.0,0.01959918320206866,0.019599183202068975,True,True,True,-0.019599183202068975,0.0,True
49,W3_local_free_random,C25,25,U25->U26->U27,-1,True,acab9caa749b8f20,-2.486305094539126e-16,-0.0,-0.014029732558872108,-0.014029732558872356,True,True,True,0.014029732558872356,0.0,True
49,W3_local_free_random,C26,26,U26->U27->U28,1,True,4a302b7a7d91f2fb,2.487234955637388e-16,0.0,0.008707710215870947,0.008707710215871195,True,True,True,-0.008707710215871195,0.0,True
49,W3_local_free_random,C27,27,U27->U28->U29,-1,True,828561ac6c9eaf42,-2.7252477769170115e-16,-0.0,0.0008987628682975875,0.0008987628682973149,True,True,True,-0.0008987628682973149,0.0,True
49,W3_local_free_random,C28,28,U28->U29->U30,1,True,d41a95a53d7f3d35,2.2275453867218813e-16,0.0,0.0020329137748960014,0.0020329137748962244,True,True,True,-0.0020329137748962244,0.0,True
49,W3_local_free_random,C29,29,U29->U30->U31,-1,True,60cb79428d50dc67,-2.4854786239659444e-16,0.031189934394362687,0.024306973536298085,-0.006882960858064852,True,True,True,0.006882960858064852,0.0,True
49,W3_local_free_random,C30,30,U30->U31->U32,1,True,32dc3495d013840f,1.2240223837113064e-16,-0.09160759387019347,-0.08740888668457336,0.004198707185620237,True,True,True,-0.004198707185620237,0.0,True
49,W3_local_free_random,C31,31,U31->U32->U33,-1,True,3243343a0b0fecb4,-3.6992227996287994e-16,0.12070157650423953,0.11162931237196543,-0.00907226413227448,True,True,True,0.00907226413227448,0.0,True
49,W3_local_free_random,C32,32,U32->U33->U34,1,True,8ec71669c17d5367,5.091798718892784e-16,-0.08951164210987685,-0.08288059990228763,0.006631042207589727,True,True,True,-0.006631042207589727,0.0,True
49,W3_local_free_random,C33,33,U33->U34->U35,-1,True,95b31d9ffd4cf95b,-1.750367133444459e-16,0.029093982634046053,0.021357651923800222,-0.007736330710246004,True,True,True,0.007736330710246004,0.0,True
49,W3_local_free_random,C34,34,U34->U35->U36,1,True,d7acf4a4e2a7f39e,1.7341024243886776e-16,0.0,-0.006624588295923701,-0.006624588295923528,True,True,True,0.006624588295923528,0.0,True
49,W3_local_free_random,C35,35,U35->U36->U37,-1,True,753fafe0eb8dcf76,-2.627576534832901e-16,-0.0,-0.008622935424290818,-0.00862293542429108,True,True,True,0.00862293542429108,0.0,True
49,W3_local_free_random,C36,36,U36->U37->U38,1,True,6748d6231bf7df9e,2.9015463414521714e-16,0.0,0.016947877541785502,0.016947877541785793,True,True,True,-0.016947877541785793,0.0,True
49,W3_local_free_random,C37,37,U37->U38->U39,-1,True,8867f2bdecb0c85d,-3.508751692716293e-16,-0.0,-0.016229605691580856,-0.016229605691581207,True,True,True,0.016229605691581207,0.0,True
49,W3_local_free_random,C38,38,U38->U39->U40,1,True,46ad3e97ac95e88a,4.170344992599053e-16,0.0,0.004989688869213359,0.004989688869213776,True,True,True,-0.004989688869213776,0.0,True
49,W3_local_free_random,C39,39,U39->U40->U41,-1,True,172b267d21eeeaa3,-1.7372049589435557e-16,-0.0,-0.015187705512875484,-0.015187705512875658,True,True,True,0.015187705512875658,0.0,True
49,W3_local_free_random,C40,40,U40->U41->U42,1,True,627af7144b1f6de4,3.165386393281754e-16,0.0,0.018894234711190606,0.01889423471119092,True,True,True,-0.01889423471119092,0.0,True
49,W3_local_free_random,C41,41,U41->U42->U43,-1,True,f5e1332f313761fd,-4.0679979612913094e-16,-0.0,-0.010253372206284438,-0.010253372206284845,True,True,True,0.010253372206284845,0.0,True
49,W3_local_free_random,C42,42,U42->U43->U44,1,True,5785b44430f0c347,3.1742131747001194e-16,0.0,0.019123709691914195,0.01912370969191451,True,True,True,-0.01912370969191451,0.0,True
49,W3_local_free_random,C43,43,U43->U44->U45,-1,True,f2866254eaa55e49,-3.683313691282264e-16,-0.0,-0.011342494167677753,-0.011342494167678121,True,True,True,0.011342494167678121,0.0,True
49,W3_local_free_random,C44,44,U44->U45->U46,1,True,cbf29047f7f01262,4.0169861102101123e-16,0.0,0.023127280095399598,0.0231272800954,True,True,True,-0.0231272800954,0.0,True
49,W3_local_free_random,C45,45,U45->U46->U47,-1,True,dc24497fb84914b7,-1.1132062781034203e-16,-0.0,-0.015879261216619707,-0.015879261216619818,True,True,True,0.015879261216619818,0.0,True
49,W3_local_free_random,C46,46,U46->U47->U48,1,True,c79ea974cb84f26a,2.2251301392278755e-16,0.08161958390685493,0.09751202831465683,0.015892444407802117,True,True,True,-0.015892444407802117,0.0,True
49,W3_local_free_random,C47,47,U47->U48->U0,-1,True,f2a1101537110763,-3.16514899474465e-16,-0.2593599483938092,-0.28034562589371503,-0.020985677499906152,True,True,True,0.020985677499906152,0.0,True
49,W3_local_free_random,C48,48,U48->U0->U1,1,True,a5711c03e5663128,4.457119366466789e-16,0.3376754051112727,0.355796321659764,0.01812091654849174,True,True,True,-0.01812091654849174,0.0,True
49,W3_adjacency_shuffle,C0,0,U0->U1->U2,1,True,b2ed2576e182d702,2.241492011901963e-16,0.2560558212044178,0.2746969787279213,0.01864115752350376,True,True,True,-0.01864115752350376,0.0,True
49,W3_adjacency_shuffle,C1,1,U1->U2->U3,-1,True,f4cfb4ca34e485fd,-2.2273857970309445e-16,-0.0783154567174635,-0.0842643213828854,-0.005948864665422118,True,True,True,0.005948864665422118,0.0,True
49,W3_adjacency_shuffle,C2,2,U2->U3->U4,1,True,cbccf8a00053b935,4.969053640362165e-16,0.0,0.023526734037209396,0.023526734037209892,True,True,True,-0.023526734037209892,0.0,True
49,W3_adjacency_shuffle,C3,3,U3->U4->U5,-1,True,354c30ebadceb769,-2.2398785918532e-16,-0.0,-0.005538119439147886,-0.00553811943914811,True,True,True,0.00553811943914811,0.0,True
49,W3_adjacency_shuffle,C4,4,U4->U5->U6,1,True,3a50ba227dc97a1d,3.225092580669727e-16,0.0,0.01692943728870336,0.01692943728870368,True,True,True,-0.01692943728870368,0.0,True
49,W3_adjacency_shuffle,C5,5,U5->U6->U7,-1,True,170dbf24a61190ea,-4.998570873323501e-16,-0.0,-0.009070078891236948,-0.009070078891237447,True,True,True,0.009070078891237447,0.0,True
49,W3_adjacency_shuffle,C6,6,U6->U7->U8,1,True,e36142437084d1c4,4.976651407887006e-16,0.0,0.01186804071975129,0.011868040719751788,True,True,True,-0.011868040719751788,0.0,True
49,W3_adjacency_shuffle,C7,7,U7->U8->U9,-1,True,1ee118f18608166b,-3.3464467585996656e-16,-0.0,-0.00790760747759318,-0.007907607477593516,True,True,True,0.007907607477593516,0.0,True
49,W3_adjacency_shuffle,C8,8,U8->U9->U10,1,True,00679141f0f00c29,2.4966225591530765e-16,0.0,0.0022436488050650433,0.002243648805065293,True,True,True,-0.002243648805065293,0.0,True
49,W3_adjacency_shuffle,C9,9,U9->U10->U11,-1,True,02737d3e428a7bd2,-3.14220372382043e-16,-0.0,-0.0007152421070226057,-0.0007152421070229199,True,True,True,0.0007152421070229199,0.0,True
49,W3_adjacency_shuffle,C10,10,U10->U11->U12,1,True,353623fe870a41ec,3.143404353595044e-16,0.0,-0.0036936450913370115,-0.003693645091336697,True,True,True,0.003693645091336697,0.0,True
49,W3_adjacency_shuffle,C11,11,U11->U12->U13,-1,True,857e40028d4f8c71,-2.2246319277058426e-16,-0.0,-0.008016295201566426,-0.008016295201566648,True,True,True,0.008016295201566648,0.0,True
49,W3_adjacency_shuffle,C12,12,U12->U13->U14,1,True,040f140db627b921,3.15477412660627e-16,0.0,0.007527639803729818,0.007527639803730134,True,True,True,-0.007527639803730134,0.0,True
49,W3_adjacency_shuffle,C13,13,U13->U14->U15,-1,True,bc105b62a1a2ff37,-3.145521833829787e-16,0.05785162475879194,0.046621637998770234,-0.011229986760022022,True,True,True,0.011229986760022022,0.0,True
49,W3_adjacency_shuffle,C14,14,U14->U15->U16,1,True,a28d1aa44672a006,1.394411552425941e-17,-0.1734032442998883,-0.1578521665243268,0.015551077775561528,True,True,True,-0.015551077775561528,0.0,True
49,W3_adjacency_shuffle,C15,15,U15->U16->U17,-1,True,8bd13f72de6429e8,-3.145777508883595e-16,0.2247277464859521,0.22344308544933594,-0.0012846610366164524,True,True,True,0.0012846610366164524,0.0,True
49,W3_adjacency_shuffle,C16,16,U16->U17->U18,1,True,1e4256ab71046b88,4.012150292373529e-16,-0.16687612172716018,-0.1612005985541479,0.005675523173012675,True,True,True,-0.005675523173012675,0.0,True
49,W3_adjacency_shuffle,C17,17,U17->U18->U19,-1,True,ec9c029f8ad5ed4a,-3.8475772931005207e-16,0.05132450218606382,0.04042384543418897,-0.01090065675187523,True,True,True,0.01090065675187523,0.0,True
49,W3_adjacency_shuffle,C18,18,U18->U19->U20,1,True,119b253bfd5c99ea,3.5363121172700237e-16,0.0,0.004969402605195417,0.004969402605195771,True,True,True,-0.004969402605195771,0.0,True
49,W3_adjacency_shuffle,C19,19,U19->U20->U21,-1,True,c875b6db2db6fcbe,-3.357796132267176e-16,-0.0,-0.0073800229281140665,-0.007380022928114402,True,True,True,0.007380022928114402,0.0,True
49,W3_adjacency_shuffle,C20,20,U20->U21->U22,1,True,4a47be548c0aedb4,3.5928162005222165e-16,0.0,0.017740206756430146,0.017740206756430506,True,True,True,-0.017740206756430506,0.0,True
49,W3_adjacency_shuffle,C21,21,U21->U22->U23,-1,True,9e8b62d8ed183ebe,-2.590574408055085e-16,-0.0,-0.0054773758421908705,-0.00547737584219113,True,True,True,0.00547737584219113,0.0,True
49,W3_adjacency_shuffle,C22,22,U22->U23->U24,1,True,b7d457ff419d1b14,4.729776649188223e-16,0.0,0.013765282691127242,0.013765282691127716,True,True,True,-0.013765282691127716,0.0,True
49,W3_adjacency_shuffle,C23,23,U23->U24->U25,-1,True,1716a970f840ecd8,-4.453155245678077e-16,-0.0,-0.00933018378229568,-0.009330183782296126,True,True,True,0.009330183782296126,0.0,True
49,W3_adjacency_shuffle,C24,24,U24->U25->U26,1,True,90130c0c26f08076,3.14495018040678e-16,0.0,0.022415792593595246,0.022415792593595562,True,True,True,-0.022415792593595562,0.0,True
49,W3_adjacency_shuffle,C25,25,U25->U26->U27,-1,True,713ffaada843be1d,-2.486305094539126e-16,-0.0,-0.006293636207359935,-0.006293636207360184,True,True,True,0.006293636207360184,0.0,True
49,W3_adjacency_shuffle,C26,26,U26->U27->U28,1,True,707f1c5054bc4046,2.487234955637388e-16,0.0,0.014494708404862883,0.014494708404863131,True,True,True,-0.014494708404863131,0.0,True
49,W3_adjacency_shuffle,C27,27,U27->U28->U29,-1,True,29ecf9a16634dc6d,-2.7252477769170115e-16,-0.0,-0.004897016312412221,-0.004897016312412493,True,True,True,0.004897016312412493,0.0,True
49,W3_adjacency_shuffle,C28,28,U28->U29->U30,1,True,9c57f43f68eed9f8,2.2275453867218813e-16,0.0,-0.005838617385288172,-0.005838617385287949,True,True,True,0.005838617385287949,0.0,True
49,W3_adjacency_shuffle,C29,29,U29->U30->U31,-1,True,b1993eacdf1a2e3f,-2.4854786239659444e-16,0.031189934394362687,0.028823356018180576,-0.0023665783761823607,True,True,True,0.0023665783761823607,0.0,True
49,W3_adjacency_shuffle,C30,30,U30->U31->U32,1,True,8724190366682f2e,1.2240223837113064e-16,-0.09160759387019347,-0.07997369854388896,0.011633895326304641,True,True,True,-0.011633895326304641,0.0,True
49,W3_adjacency_shuffle,C31,31,U31->U32->U33,-1,True,2e90bf1c1017a77e,-3.6992227996287994e-16,0.12070157650423953,0.11083948958968319,-0.009862086914556714,True,True,True,0.009862086914556714,0.0,True
49,W3_adjacency_shuffle,C32,32,U32->U33->U34,1,True,3b902f78fc76702d,5.091798718892784e-16,-0.08951164210987685,-0.09034134280397965,-0.0008297006941022922,True,True,True,0.0008297006941022922,0.0,True
49,W3_adjacency_shuffle,C33,33,U33->U34->U35,-1,True,dae38d65d25b67ff,-1.750367133444459e-16,0.029093982634046053,0.02392286507061002,-0.005171117563436207,True,True,True,0.005171117563436207,0.0,True
49,W3_adjacency_shuffle,C34,34,U34->U35->U36,1,True,eed00ec7cbaf9b0b,1.7341024243886776e-16,0.0,0.004396162413623413,0.004396162413623586,True,True,True,-0.004396162413623586,0.0,True
49,W3_adjacency_shuffle,C35,35,U35->U36->U37,-1,True,9ba23d03dd91d3a4,-2.627576534832901e-16,-0.0,-0.006565158872962742,-0.006565158872963005,True,True,True,0.006565158872963005,0.0,True
49,W3_adjacency_shuffle,C36,36,U36->U37->U38,1,True,d56c97ce9baa7223,2.9015463414521714e-16,0.0,0.013175855745392286,0.013175855745392576,True,True,True,-0.013175855745392576,0.0,True
49,W3_adjacency_shuffle,C37,37,U37->U38->U39,-1,True,d7e2216652b395fd,-3.508751692716293e-16,-0.0,-0.013904799305851161,-0.013904799305851511,True,True,True,0.013904799305851511,0.0,True
49,W3_adjacency_shuffle,C38,38,U38->U39->U40,1,True,75638e5c38b7aeaf,4.170344992599053e-16,0.0,0.018234947545106104,0.01823494754510652,True,True,True,-0.01823494754510652,0.0,True
49,W3_adjacency_shuffle,C39,39,U39->U40->U41,-1,True,5a35c09d93ea8439,-1.7372049589435557e-16,-0.0,-0.008661460216741898,-0.008661460216742072,True,True,True,0.008661460216742072,0.0,True
49,W3_adjacency_shuffle,C40,40,U40->U41->U42,1,True,ac03009acf7af871,3.165386393281754e-16,0.0,0.020820152174754303,0.02082015217475462,True,True,True,-0.02082015217475462,0.0,True
49,W3_adjacency_shuffle,C41,41,U41->U42->U43,-1,True,8568a4086071b154,-4.0679979612913094e-16,-0.0,-0.02211721115589857,-0.022117211155898975,True,True,True,0.022117211155898975,0.0,True
49,W3_adjacency_shuffle,C42,42,U42->U43->U44,1,True,f02f649767bc61b5,3.1742131747001194e-16,0.0,0.017028697399758236,0.01702869739975855,True,True,True,-0.01702869739975855,0.0,True
49,W3_adjacency_shuffle,C43,43,U43->U44->U45,-1,True,3de654bf5d5c701c,-3.683313691282264e-16,-0.0,-0.011003782478914006,-0.011003782478914374,True,True,True,0.011003782478914374,0.0,True
49,W3_adjacency_shuffle,C44,44,U44->U45->U46,1,True,69110fccfb44fddb,4.0169861102101123e-16,0.0,0.015208489858669651,0.015208489858670054,True,True,True,-0.015208489858670054,0.0,True
49,W3_adjacency_shuffle,C45,45,U45->U46->U47,-1,True,d6832d7ce9719529,-1.1132062781034203e-16,-0.0,-0.01624282695394367,-0.01624282695394378,True,True,True,0.01624282695394378,0.0,True
49,W3_adjacency_shuffle,C46,46,U46->U47->U48,1,True,9942922704d9ca0b,2.2251301392278755e-16,0.08161958390685493,0.10328118847437381,0.021661604567519102,True,True,True,-0.021661604567519102,0.0,True
49,W3_adjacency_shuffle,C47,47,U47->U48->U0,-1,True,4744b20a391d2128,-3.16514899474465e-16,-0.2593599483938092,-0.2776620389032588,-0.01830209050944992,True,True,True,0.01830209050944992,0.0,True
49,W3_adjacency_shuffle,C48,48,U48->U0->U1,1,True,55fe5bd6a579f5ca,4.457119366466789e-16,0.3376754051112727,0.3497809615764803,0.012105556465208056,True,True,True,-0.012105556465208056,0.0,True
49,W3_provenance_shuffle,C0,0,U0->U1->U2,1,True,b2ed2576e182d702,2.241492011901963e-16,0.2560558212044178,0.268783419603395,0.012727598398977469,True,True,True,-0.012727598398977469,0.0,True
49,W3_provenance_shuffle,C1,1,U1->U2->U3,-1,True,f4cfb4ca34e485fd,-2.2273857970309445e-16,-0.0783154567174635,-0.0799685960066243,-0.0016531392891610264,True,True,True,0.0016531392891610264,0.0,True
49,W3_provenance_shuffle,C2,2,U2->U3->U4,1,True,cbccf8a00053b935,4.969053640362165e-16,0.0,0.013807358484761,0.013807358484761495,True,True,True,-0.013807358484761495,0.0,True
49,W3_provenance_shuffle,C3,3,U3->U4->U5,-1,True,354c30ebadceb769,-2.2398785918532e-16,-0.0,-0.014873242641125864,-0.014873242641126088,True,True,True,0.014873242641126088,0.0,True
49,W3_provenance_shuffle,C4,4,U4->U5->U6,1,True,3a50ba227dc97a1d,3.225092580669727e-16,0.0,0.021058193904899068,0.02105819390489939,True,True,True,-0.02105819390489939,0.0,True
49,W3_provenance_shuffle,C5,5,U5->U6->U7,-1,True,170dbf24a61190ea,-4.998570873323501e-16,-0.0,-0.006592186433136316,-0.006592186433136815,True,True,True,0.006592186433136815,0.0,True
49,W3_provenance_shuffle,C6,6,U6->U7->U8,1,True,e36142437084d1c4,4.976651407887006e-16,0.0,0.008072220989128303,0.008072220989128801,True,True,True,-0.008072220989128801,0.0,True
49,W3_provenance_shuffle,C7,7,U7->U8->U9,-1,True,1ee118f18608166b,-3.3464467585996656e-16,-0.0,-0.0026095313333999786,-0.0026095313334003134,True,True,True,0.0026095313334003134,0.0,True
49,W3_provenance_shuffle,C8,8,U8->U9->U10,1,True,00679141f0f00c29,2.4966225591530765e-16,0.0,-0.0013594578974885016,-0.001359457897488252,True,True,True,0.001359457897488252,0.0,True
49,W3_provenance_shuffle,C9,9,U9->U10->U11,-1,True,02737d3e428a7bd2,-3.14220372382043e-16,-0.0,0.0015359665141292268,0.0015359665141289126,True,True,True,-0.0015359665141289126,0.0,True
49,W3_provenance_shuffle,C10,10,U10->U11->U12,1,True,353623fe870a41ec,3.143404353595044e-16,0.0,-0.004912018179238413,-0.004912018179238099,True,True,True,0.004912018179238099,0.0,True
49,W3_provenance_shuffle,C11,11,U11->U12->U13,-1,True,857e40028d4f8c71,-2.2246319277058426e-16,-0.0,-0.004539581476220384,-0.004539581476220606,True,True,True,0.004539581476220606,0.0,True
49,W3_provenance_shuffle,C12,12,U12->U13->U14,1,True,040f140db627b921,3.15477412660627e-16,0.0,0.006815054438843763,0.006815054438844078,True,True,True,-0.006815054438844078,0.0,True
49,W3_provenance_shuffle,C13,13,U13->U14->U15,-1,True,bc105b62a1a2ff37,-3.145521833829787e-16,0.05785162475879194,0.04382306969557443,-0.014028555063217825,True,True,True,0.014028555063217825,0.0,True
49,W3_provenance_shuffle,C14,14,U14->U15->U16,1,True,a28d1aa44672a006,1.394411552425941e-17,-0.1734032442998883,-0.1588914701271166,0.014511774172771719,True,True,True,-0.014511774172771719,0.0,True
49,W3_provenance_shuffle,C15,15,U15->U16->U17,-1,True,8bd13f72de6429e8,-3.145777508883595e-16,0.2247277464859521,0.22929380909122166,0.004566062605269261,True,True,True,-0.004566062605269261,0.0,True
49,W3_provenance_shuffle,C16,16,U16->U17->U18,1,True,1e4256ab71046b88,4.012150292373529e-16,-0.16687612172716018,-0.15597564587851825,0.010900475848642316,True,True,True,-0.010900475848642316,0.0,True
49,W3_provenance_shuffle,C17,17,U17->U18->U19,-1,True,ec9c029f8ad5ed4a,-3.8475772931005207e-16,0.05132450218606382,0.02849027342581812,-0.02283422876024608,True,True,True,0.02283422876024608,0.0,True
49,W3_provenance_shuffle,C18,18,U18->U19->U20,1,True,119b253bfd5c99ea,3.5363121172700237e-16,0.0,0.01067078633966762,0.010670786339667974,True,True,True,-0.010670786339667974,0.0,True
49,W3_provenance_shuffle,C19,19,U19->U20->U21,-1,True,c875b6db2db6fcbe,-3.357796132267176e-16,-0.0,-0.01786927617349752,-0.017869276173497855,True,True,True,0.017869276173497855,0.0,True
49,W3_provenance_shuffle,C20,20,U20->U21->U22,1,True,4a47be548c0aedb4,3.5928162005222165e-16,0.0,0.010971430381900012,0.010971430381900371,True,True,True,-0.010971430381900371,0.0,True
49,W3_provenance_shuffle,C21,21,U21->U22->U23,-1,True,9e8b62d8ed183ebe,-2.590574408055085e-16,-0.0,-0.0015578316265979168,-0.0015578316265981759,True,True,True,0.0015578316265981759,0.0,True
49,W3_provenance_shuffle,C22,22,U22->U23->U24,1,True,b7d457ff419d1b14,4.729776649188223e-16,0.0,0.011652838047409918,0.011652838047410392,True,True,True,-0.011652838047410392,0.0,True
49,W3_provenance_shuffle,C23,23,U23->U24->U25,-1,True,1716a970f840ecd8,-4.453155245678077e-16,-0.0,-0.007040381354752219,-0.007040381354752664,True,True,True,0.007040381354752664,0.0,True
49,W3_provenance_shuffle,C24,24,U24->U25->U26,1,True,90130c0c26f08076,3.14495018040678e-16,0.0,0.02309417365535048,0.023094173655350797,True,True,True,-0.023094173655350797,0.0,True
49,W3_provenance_shuffle,C25,25,U25->U26->U27,-1,True,713ffaada843be1d,-2.486305094539126e-16,-0.0,-0.009467406829993065,-0.009467406829993313,True,True,True,0.009467406829993313,0.0,True
49,W3_provenance_shuffle,C26,26,U26->U27->U28,1,True,707f1c5054bc4046,2.487234955637388e-16,0.0,0.010270533862579243,0.01027053386257949,True,True,True,-0.01027053386257949,0.0,True
49,W3_provenance_shuffle,C27,27,U27->U28->U29,-1,True,29ecf9a16634dc6d,-2.7252477769170115e-16,-0.0,-0.0019323643031429784,-0.001932364303143251,True,True,True,0.001932364303143251,0.0,True
49,W3_provenance_shuffle,C28,28,U28->U29->U30,1,True,9c57f43f68eed9f8,2.2275453867218813e-16,0.0,-0.0007929583833365551,-0.0007929583833363323,True,True,True,0.0007929583833363323,0.0,True
49,W3_provenance_shuffle,C29,29,U29->U30->U31,-1,True,b1993eacdf1a2e3f,-2.4854786239659444e-16,0.031189934394362687,0.021253359548972672,-0.009936574845390265,True,True,True,0.009936574845390265,0.0,True
49,W3_provenance_shuffle,C30,30,U30->U31->U32,1,True,8724190366682f2e,1.2240223837113064e-16,-0.09160759387019347,-0.07902559476200181,0.012581999108191785,True,True,True,-0.012581999108191785,0.0,True
49,W3_provenance_shuffle,C31,31,U31->U32->U33,-1,True,2e90bf1c1017a77e,-3.6992227996287994e-16,0.12070157650423953,0.10911631960716528,-0.011585256897074625,True,True,True,0.011585256897074625,0.0,True
49,W3_provenance_shuffle,C32,32,U32->U33->U34,1,True,3b902f78fc76702d,5.091798718892784e-16,-0.08951164210987685,-0.09406286491071886,-0.004551222800841498,True,True,True,0.004551222800841498,0.0,True
49,W3_provenance_shuffle,C33,33,U33->U34->U35,-1,True,dae38d65d25b67ff,-1.750367133444459e-16,0.029093982634046053,0.0327506372733901,0.0036566546393438752,True,True,True,-0.0036566546393438752,0.0,True
49,W3_provenance_shuffle,C34,34,U34->U35->U36,1,True,eed00ec7cbaf9b0b,1.7341024243886776e-16,0.0,-0.003926437309819657,-0.003926437309819484,True,True,True,0.003926437309819484,0.0,True
49,W3_provenance_shuffle,C35,35,U35->U36->U37,-1,True,9ba23d03dd91d3a4,-2.627576534832901e-16,-0.0,-0.009982263880722932,-0.009982263880723194,True,True,True,0.009982263880723194,0.0,True
49,W3_provenance_shuffle,C36,36,U36->U37->U38,1,True,d56c97ce9baa7223,2.9015463414521714e-16,0.0,0.02481511114654228,0.02481511114654257,True,True,True,-0.02481511114654257,0.0,True
49,W3_provenance_shuffle,C37,37,U37->U38->U39,-1,True,d7e2216652b395fd,-3.508751692716293e-16,-0.0,-0.017233094934988844,-0.017233094934989195,True,True,True,0.017233094934989195,0.0,True
49,W3_provenance_shuffle,C38,38,U38->U39->U40,1,True,75638e5c38b7aeaf,4.170344992599053e-16,0.0,0.01937423147238913,0.019374231472389546,True,True,True,-0.019374231472389546,0.0,True
49,W3_provenance_shuffle,C39,39,U39->U40->U41,-1,True,5a35c09d93ea8439,-1.7372049589435557e-16,-0.0,-0.003169881514280766,-0.0031698815142809397,True,True,True,0.0031698815142809397,0.0,True
49,W3_provenance_shuffle,C40,40,U40->U41->U42,1,True,ac03009acf7af871,3.165386393281754e-16,0.0,0.012876000400518643,0.012876000400518959,True,True,True,-0.012876000400518959,0.0,True
49,W3_provenance_shuffle,C41,41,U41->U42->U43,-1,True,8568a4086071b154,-4.0679979612913094e-16,-0.0,-0.008922543899210428,-0.008922543899210836,True,True,True,0.008922543899210836,0.0,True
49,W3_provenance_shuffle,C42,42,U42->U43->U44,1,True,f02f649767bc61b5,3.1742131747001194e-16,0.0,0.018210519586150255,0.01821051958615057,True,True,True,-0.01821051958615057,0.0,True
49,W3_provenance_shuffle,C43,43,U43->U44->U45,-1,True,3de654bf5d5c701c,-3.683313691282264e-16,-0.0,-0.017797570883201816,-0.017797570883202184,True,True,True,0.017797570883202184,0.0,True
49,W3_provenance_shuffle,C44,44,U44->U45->U46,1,True,69110fccfb44fddb,4.0169861102101123e-16,0.0,0.027276160072437015,0.027276160072437418,True,True,True,-0.027276160072437418,0.0,True
49,W3_provenance_shuffle,C45,45,U45->U46->U47,-1,True,d6832d7ce9719529,-1.1132062781034203e-16,-0.0,-0.02030455986804081,-0.02030455986804092,True,True,True,0.02030455986804092,0.0,True
49,W3_provenance_shuffle,C46,46,U46->U47->U48,1,True,9942922704d9ca0b,2.2251301392278755e-16,0.08161958390685493,0.0994802996517884,0.017860715744933683,True,True,True,-0.017860715744933683,0.0,True
49,W3_provenance_shuffle,C47,47,U47->U48->U0,-1,True,4744b20a391d2128,-3.16514899474465e-16,-0.2593599483938092,-0.27970080233669387,-0.020340853942884984,True,True,True,0.020340853942884984,0.0,True
49,W3_provenance_shuffle,C48,48,U48->U0->U1,1,True,55fe5bd6a579f5ca,4.457119366466789e-16,0.3376754051112727,0.35859759168852795,0.020922186577255697,True,True,True,-0.020922186577255697,0.0,True
49,W3_subdivision_break,C0,0,U0->U1->U2,1,True,b2ed2576e182d702,2.241492011901963e-16,0.2560558212044178,0.2715692967485056,0.015513475544088051,True,True,True,-0.015513475544088051,0.0,True
49,W3_subdivision_break,C1,1,U1->U2->U3,-1,True,f4cfb4ca34e485fd,-2.2273857970309445e-16,-0.0783154567174635,-0.07651640296980265,0.0017990537476606228,True,True,True,-0.0017990537476606228,0.0,True
49,W3_subdivision_break,C2,2,U2->U3->U4,1,True,cbccf8a00053b935,4.969053640362165e-16,0.0,0.019213860956209083,0.01921386095620958,True,True,True,-0.01921386095620958,0.0,True
49,W3_subdivision_break,C3,3,U3->U4->U5,-1,True,354c30ebadceb769,-2.2398785918532e-16,-0.0,-0.011621640911272935,-0.011621640911273158,True,True,True,0.011621640911273158,0.0,True
49,W3_subdivision_break,C4,4,U4->U5->U6,1,True,3a50ba227dc97a1d,3.225092580669727e-16,0.0,0.02106934136248621,0.021069341362486532,True,True,True,-0.021069341362486532,0.0,True
49,W3_subdivision_break,C5,5,U5->U6->U7,-1,True,170dbf24a61190ea,-4.998570873323501e-16,-0.0,-0.009048964770172528,-0.009048964770173027,True,True,True,0.009048964770173027,0.0,True
49,W3_subdivision_break,C6,6,U6->U7->U8,1,True,e36142437084d1c4,4.976651407887006e-16,0.0,0.008328696353766802,0.0083286963537673,True,True,True,-0.0083286963537673,0.0,True
49,W3_subdivision_break,C7,7,U7->U8->U9,-1,True,1ee118f18608166b,-3.3464467585996656e-16,-0.0,-0.00789807692192912,-0.007898076921929455,True,True,True,0.007898076921929455,0.0,True
49,W3_subdivision_break,C8,8,U8->U9->U10,1,True,00679141f0f00c29,2.4966225591530765e-16,0.0,-0.0024012725972909193,-0.0024012725972906695,True,True,True,0.0024012725972906695,0.0,True
49,W3_subdivision_break,C9,9,U9->U10->U11,-1,True,02737d3e428a7bd2,-3.14220372382043e-16,-0.0,0.0018239321615285374,0.0018239321615282232,True,True,True,-0.0018239321615282232,0.0,True
49,W3_subdivision_break,C10,10,U10->U11->U12,1,True,353623fe870a41ec,3.143404353595044e-16,0.0,-0.003090634775737037,-0.0030906347757367228,True,True,True,0.0030906347757367228,0.0,True
49,W3_subdivision_break,C11,11,U11->U12->U13,-1,True,857e40028d4f8c71,-2.2246319277058426e-16,-0.0,-0.005581329848397999,-0.005581329848398221,True,True,True,0.005581329848398221,0.0,True
49,W3_subdivision_break,C12,12,U12->U13->U14,1,True,040f140db627b921,3.15477412660627e-16,0.0,0.007689474940765907,0.007689474940766223,True,True,True,-0.007689474940766223,0.0,True
49,W3_subdivision_break,C13,13,U13->U14->U15,-1,True,bc105b62a1a2ff37,-3.145521833829787e-16,0.05785162475879194,0.04327435843829991,-0.014577266320492346,True,True,True,0.014577266320492346,0.0,True
49,W3_subdivision_break,C14,14,U14->U15->U16,1,True,a28d1aa44672a006,1.394411552425941e-17,-0.1734032442998883,-0.15890673618820522,0.014496508111683098,True,True,True,-0.014496508111683098,0.0,True
49,W3_subdivision_break,C15,15,U15->U16->U17,-1,True,8bd13f72de6429e8,-3.145777508883595e-16,0.2247277464859521,0.22700965725581038,0.002281910769857981,True,True,True,-0.002281910769857981,0.0,True
49,W3_subdivision_break,C16,16,U16->U17->U18,1,True,1e4256ab71046b88,4.012150292373529e-16,-0.16687612172716018,-0.15597395894598248,0.010902162781178087,True,True,True,-0.010902162781178087,0.0,True
49,W3_subdivision_break,C17,17,U17->U18->U19,-1,True,ec9c029f8ad5ed4a,-3.8475772931005207e-16,0.05132450218606382,0.03644644279657035,-0.014878059389493853,True,True,True,0.014878059389493853,0.0,True
49,W3_subdivision_break,C18,18,U18->U19->U20,1,True,119b253bfd5c99ea,3.5363121172700237e-16,0.0,0.010470175741172733,0.010470175741173086,True,True,True,-0.010470175741173086,0.0,True
49,W3_subdivision_break,C19,19,U19->U20->U21,-1,True,c875b6db2db6fcbe,-3.357796132267176e-16,-0.0,-0.010035288400362673,-0.01003528840036301,True,True,True,0.01003528840036301,0.0,True
49,W3_subdivision_break,C20,20,U20->U21->U22,1,True,4a47be548c0aedb4,3.5928162005222165e-16,0.0,0.01226043941681457,0.01226043941681493,True,True,True,-0.01226043941681493,0.0,True
49,W3_subdivision_break,C21,21,U21->U22->U23,-1,True,9e8b62d8ed183ebe,-2.590574408055085e-16,-0.0,-0.00296447451689923,-0.002964474516899489,True,True,True,0.002964474516899489,0.0,True
49,W3_subdivision_break,C22,22,U22->U23->U24,1,True,b7d457ff419d1b14,4.729776649188223e-16,0.0,0.014231770653645864,0.014231770653646338,True,True,True,-0.014231770653646338,0.0,True
49,W3_subdivision_break,C23,23,U23->U24->U25,-1,True,1716a970f840ecd8,-4.453155245678077e-16,-0.0,-0.009522298495810232,-0.009522298495810677,True,True,True,0.009522298495810677,0.0,True
49,W3_subdivision_break,C24,24,U24->U25->U26,1,True,90130c0c26f08076,3.14495018040678e-16,0.0,0.01999198257050921,0.019991982570509527,True,True,True,-0.019991982570509527,0.0,True
49,W3_subdivision_break,C25,25,U25->U26->U27,-1,True,713ffaada843be1d,-2.486305094539126e-16,-0.0,-0.011773544921116446,-0.011773544921116694,True,True,True,0.011773544921116694,0.0,True
49,W3_subdivision_break,C26,26,U26->U27->U28,1,True,707f1c5054bc4046,2.487234955637388e-16,0.0,0.011480833564036655,0.011480833564036903,True,True,True,-0.011480833564036903,0.0,True
49,W3_subdivision_break,C27,27,U27->U28->U29,-1,True,29ecf9a16634dc6d,-2.7252477769170115e-16,-0.0,0.004096479491676755,0.004096479491676483,True,True,True,-0.004096479491676483,0.0,True
49,W3_subdivision_break,C28,28,U28->U29->U30,1,True,9c57f43f68eed9f8,2.2275453867218813e-16,0.0,-0.0006463029077386061,-0.0006463029077383833,True,True,True,0.0006463029077383833,0.0,True
49,W3_subdivision_break,C29,29,U29->U30->U31,-1,True,b1993eacdf1a2e3f,-2.4854786239659444e-16,0.031189934394362687,0.025482021134221135,-0.005707913260141802,True,True,True,0.005707913260141802,0.0,True
49,W3_subdivision_break,C30,30,U30->U31->U32,1,True,8724190366682f2e,1.2240223837113064e-16,-0.09160759387019347,-0.08520325545016458,0.006404338420029021,True,True,True,-0.006404338420029021,0.0,True
49,W3_subdivision_break,C31,31,U31->U32->U33,-1,True,2e90bf1c1017a77e,-3.6992227996287994e-16,0.12070157650423953,0.11402857918422203,-0.006672997320017873,True,True,True,0.006672997320017873,0.0,True
49,W3_subdivision_break,C32,32,U32->U33->U34,1,True,3b902f78fc76702d,5.091798718892784e-16,-0.08951164210987685,-0.08919541081132101,0.00031623129855634646,True,True,True,-0.00031623129855634646,0.0,True
49,W3_subdivision_break,C33,33,U33->U34->U35,-1,True,dae38d65d25b67ff,-1.750367133444459e-16,0.029093982634046053,0.029105521102988405,1.1538468942178665e-05,True,True,True,-1.1538468942178665e-05,0.0,True
49,W3_subdivision_break,C34,34,U34->U35->U36,1,True,eed00ec7cbaf9b0b,1.7341024243886776e-16,0.0,0.0002388724580837335,0.0002388724580839069,True,True,True,-0.0002388724580839069,0.0,True
49,W3_subdivision_break,C35,35,U35->U36->U37,-1,True,9ba23d03dd91d3a4,-2.627576534832901e-16,-0.0,-0.012334512065739121,-0.012334512065739383,True,True,True,0.012334512065739383,0.0,True
49,W3_subdivision_break,C36,36,U36->U37->U38,1,True,d56c97ce9baa7223,2.9015463414521714e-16,0.0,0.018940720485028872,0.018940720485029164,True,True,True,-0.018940720485029164,0.0,True
49,W3_subdivision_break,C37,37,U37->U38->U39,-1,True,d7e2216652b395fd,-3.508751692716293e-16,-0.0,-0.012968353478233097,-0.012968353478233448,True,True,True,0.012968353478233448,0.0,True
49,W3_subdivision_break,C38,38,U38->U39->U40,1,True,75638e5c38b7aeaf,4.170344992599053e-16,0.0,0.012106840233005208,0.012106840233005624,True,True,True,-0.012106840233005624,0.0,True
49,W3_subdivision_break,C39,39,U39->U40->U41,-1,True,5a35c09d93ea8439,-1.7372049589435557e-16,-0.0,-0.01101489777750677,-0.011014897777506943,True,True,True,0.011014897777506943,0.0,True
49,W3_subdivision_break,C40,40,U40->U41->U42,1,True,ac03009acf7af871,3.165386393281754e-16,0.0,0.019925637182349375,0.01992563718234969,True,True,True,-0.01992563718234969,0.0,True
49,W3_subdivision_break,C41,41,U41->U42->U43,-1,True,8568a4086071b154,-4.0679979612913094e-16,-0.0,-0.015618248208732085,-0.015618248208732493,True,True,True,0.015618248208732493,0.0,True
49,W3_subdivision_break,C42,42,U42->U43->U44,1,True,f02f649767bc61b5,3.1742131747001194e-16,0.0,0.01210639973814699,0.012106399738147307,True,True,True,-0.012106399738147307,0.0,True
49,W3_subdivision_break,C43,43,U43->U44->U45,-1,True,3de654bf5d5c701c,-3.683313691282264e-16,-0.0,-0.012736856522784732,-0.0127368565227851,True,True,True,0.0127368565227851,0.0,True
49,W3_subdivision_break,C44,44,U44->U45->U46,1,True,69110fccfb44fddb,4.0169861102101123e-16,0.0,0.02068574767571848,0.02068574767571888,True,True,True,-0.02068574767571888,0.0,True
49,W3_subdivision_break,C45,45,U45->U46->U47,-1,True,d6832d7ce9719529,-1.1132062781034203e-16,-0.0,-0.015864737729410546,-0.015864737729410657,True,True,True,0.015864737729410657,0.0,True
49,W3_subdivision_break,C46,46,U46->U47->U48,1,True,9942922704d9ca0b,2.2251301392278755e-16,0.08161958390685493,0.09731572068797503,0.01569613678112032,True,True,True,-0.01569613678112032,0.0,True
49,W3_subdivision_break,C47,47,U47->U48->U0,-1,True,4744b20a391d2128,-3.16514899474465e-16,-0.2593599483938092,-0.2826451364848327,-0.023285188091023812,True,True,True,0.023285188091023812,0.0,True
49,W3_subdivision_break,C48,48,U48->U0->U1,1,True,55fe5bd6a579f5ca,4.457119366466789e-16,0.3376754051112727,0.35442548095945037,0.016750075848178114,True,True,True,-0.016750075848178114,0.0,True
49,W3_coarse_fine_break,C0,0,U0->U1->U2,1,True,b2ed2576e182d702,2.241492011901963e-16,0.2560558212044178,0.2730815664464927,0.01702574524207512,True,True,True,-0.01702574524207512,0.0,True
49,W3_coarse_fine_break,C1,1,U1->U2->U3,-1,True,f4cfb4ca34e485fd,-2.2273857970309445e-16,-0.0783154567174635,-0.07456622372939058,0.0037492329880726982,True,True,True,-0.0037492329880726982,0.0,True
49,W3_coarse_fine_break,C2,2,U2->U3->U4,1,True,cbccf8a00053b935,4.969053640362165e-16,0.0,0.019213860956209083,0.01921386095620958,True,True,True,-0.01921386095620958,0.0,True
49,W3_coarse_fine_break,C3,3,U3->U4->U5,-1,True,354c30ebadceb769,-2.2398785918532e-16,-0.0,-0.013281865275639692,-0.013281865275639916,True,True,True,0.013281865275639916,0.0,True
49,W3_coarse_fine_break,C4,4,U4->U5->U6,1,True,3a50ba227dc97a1d,3.225092580669727e-16,0.0,0.02106934136248621,0.021069341362486532,True,True,True,-0.021069341362486532,0.0,True
49,W3_coarse_fine_break,C5,5,U5->U6->U7,-1,True,170dbf24a61190ea,-4.998570873323501e-16,-0.0,-0.005235712625524319,-0.005235712625524819,True,True,True,0.005235712625524819,0.0,True
49,W3_coarse_fine_break,C6,6,U6->U7->U8,1,True,e36142437084d1c4,4.976651407887006e-16,0.0,0.013306617141809113,0.01330661714180961,True,True,True,-0.01330661714180961,0.0,True
49,W3_coarse_fine_break,C7,7,U7->U8->U9,-1,True,1ee118f18608166b,-3.3464467585996656e-16,-0.0,-0.00789807692192912,-0.007898076921929455,True,True,True,0.007898076921929455,0.0,True
49,W3_coarse_fine_break,C8,8,U8->U9->U10,1,True,00679141f0f00c29,2.4966225591530765e-16,0.0,-0.0024012725972909193,-0.0024012725972906695,True,True,True,0.0024012725972906695,0.0,True
49,W3_coarse_fine_break,C9,9,U9->U10->U11,-1,True,02737d3e428a7bd2,-3.14220372382043e-16,-0.0,0.0014516203493417697,0.0014516203493414555,True,True,True,-0.0014516203493414555,0.0,True
49,W3_coarse_fine_break,C10,10,U10->U11->U12,1,True,353623fe870a41ec,3.143404353595044e-16,0.0,-0.003090634775737037,-0.0030906347757367228,True,True,True,0.0030906347757367228,0.0,True
49,W3_coarse_fine_break,C11,11,U11->U12->U13,-1,True,857e40028d4f8c71,-2.2246319277058426e-16,-0.0,-0.005581329848397999,-0.005581329848398221,True,True,True,0.005581329848398221,0.0,True
49,W3_coarse_fine_break,C12,12,U12->U13->U14,1,True,040f140db627b921,3.15477412660627e-16,0.0,0.006551055936463629,0.006551055936463945,True,True,True,-0.006551055936463945,0.0,True
49,W3_coarse_fine_break,C13,13,U13->U14->U15,-1,True,bc105b62a1a2ff37,-3.145521833829787e-16,0.05785162475879194,0.04803196309404456,-0.009819661664747695,True,True,True,0.009819661664747695,0.0,True
49,W3_coarse_fine_break,C14,14,U14->U15->U16,1,True,a28d1aa44672a006,1.394411552425941e-17,-0.1734032442998883,-0.15890673618820522,0.014496508111683098,True,True,True,-0.014496508111683098,0.0,True
49,W3_coarse_fine_break,C15,15,U15->U16->U17,-1,True,8bd13f72de6429e8,-3.145777508883595e-16,0.2247277464859521,0.22967229417044044,0.004944547684488043,True,True,True,-0.004944547684488043,0.0,True
49,W3_coarse_fine_break,C16,16,U16->U17->U18,1,True,1e4256ab71046b88,4.012150292373529e-16,-0.16687612172716018,-0.15597395894598248,0.010902162781178087,True,True,True,-0.010902162781178087,0.0,True
49,W3_coarse_fine_break,C17,17,U17->U18->U19,-1,True,ec9c029f8ad5ed4a,-3.8475772931005207e-16,0.05132450218606382,0.040109970223099214,-0.011214531962964985,True,True,True,0.011214531962964985,0.0,True
49,W3_coarse_fine_break,C18,18,U18->U19->U20,1,True,119b253bfd5c99ea,3.5363121172700237e-16,0.0,0.007702731457554477,0.007702731457554831,True,True,True,-0.007702731457554831,0.0,True
49,W3_coarse_fine_break,C19,19,U19->U20->U21,-1,True,c875b6db2db6fcbe,-3.357796132267176e-16,-0.0,-0.010035288400362673,-0.01003528840036301,True,True,True,0.01003528840036301,0.0,True
49,W3_coarse_fine_break,C20,20,U20->U21->U22,1,True,4a47be548c0aedb4,3.5928162005222165e-16,0.0,0.01226043941681457,0.01226043941681493,True,True,True,-0.01226043941681493,0.0,True
49,W3_coarse_fine_break,C21,21,U21->U22->U23,-1,True,9e8b62d8ed183ebe,-2.590574408055085e-16,-0.0,-0.002507586700465001,-0.00250758670046526,True,True,True,0.00250758670046526,0.0,True
49,W3_coarse_fine_break,C22,22,U22->U23->U24,1,True,b7d457ff419d1b14,4.729776649188223e-16,0.0,0.014231770653645864,0.014231770653646338,True,True,True,-0.014231770653646338,0.0,True
49,W3_coarse_fine_break,C23,23,U23->U24->U25,-1,True,1716a970f840ecd8,-4.453155245678077e-16,-0.0,-0.009522298495810232,-0.009522298495810677,True,True,True,0.009522298495810677,0.0,True
49,W3_coarse_fine_break,C24,24,U24->U25->U26,1,True,90130c0c26f08076,3.14495018040678e-16,0.0,0.025152684508606013,0.02515268450860633,True,True,True,-0.02515268450860633,0.0,True
49,W3_coarse_fine_break,C25,25,U25->U26->U27,-1,True,713ffaada843be1d,-2.486305094539126e-16,-0.0,-0.006552321644054582,-0.006552321644054831,True,True,True,0.006552321644054831,0.0,True
49,W3_coarse_fine_break,C26,26,U26->U27->U28,1,True,707f1c5054bc4046,2.487234955637388e-16,0.0,0.011480833564036655,0.011480833564036903,True,True,True,-0.011480833564036903,0.0,True
49,W3_coarse_fine_break,C27,27,U27->U28->U29,-1,True,29ecf9a16634dc6d,-2.7252477769170115e-16,-0.0,0.00079141052553461,0.0007914105255343374,True,True,True,-0.0007914105255343374,0.0,True
49,W3_coarse_fine_break,C28,28,U28->U29->U30,1,True,9c57f43f68eed9f8,2.2275453867218813e-16,0.0,-0.0006463029077386061,-0.0006463029077383833,True,True,True,0.0006463029077383833,0.0,True
49,W3_coarse_fine_break,C29,29,U29->U30->U31,-1,True,b1993eacdf1a2e3f,-2.4854786239659444e-16,0.031189934394362687,0.02390516062103691,-0.007284773773326026,True,True,True,0.007284773773326026,0.0,True
49,W3_coarse_fine_break,C30,30,U30->U31->U32,1,True,8724190366682f2e,1.2240223837113064e-16,-0.09160759387019347,-0.08101575418138665,0.010591839688806948,True,True,True,-0.010591839688806948,0.0,True
49,W3_coarse_fine_break,C31,31,U31->U32->U33,-1,True,2e90bf1c1017a77e,-3.6992227996287994e-16,0.12070157650423953,0.11402857918422203,-0.006672997320017873,True,True,True,0.006672997320017873,0.0,True
49,W3_coarse_fine_break,C32,32,U32->U33->U34,1,True,3b902f78fc76702d,5.091798718892784e-16,-0.08951164210987685,-0.08919541081132101,0.00031623129855634646,True,True,True,-0.00031623129855634646,0.0,True
49,W3_coarse_fine_break,C33,33,U33->U34->U35,-1,True,dae38d65d25b67ff,-1.750367133444459e-16,0.029093982634046053,0.024843779569830547,-0.004250203064215679,True,True,True,0.004250203064215679,0.0,True
49,W3_coarse_fine_break,C34,34,U34->U35->U36,1,True,eed00ec7cbaf9b0b,1.7341024243886776e-16,0.0,0.0002388724580837335,0.0002388724580839069,True,True,True,-0.0002388724580839069,0.0,True
49,W3_coarse_fine_break,C35,35,U35->U36->U37,-1,True,9ba23d03dd91d3a4,-2.627576534832901e-16,-0.0,-0.012334512065739121,-0.012334512065739383,True,True,True,0.012334512065739383,0.0,True
49,W3_coarse_fine_break,C36,36,U36->U37->U38,1,True,d56c97ce9baa7223,2.9015463414521714e-16,0.0,0.017330161947228438,0.01733016194722873,True,True,True,-0.01733016194722873,0.0,True
49,W3_coarse_fine_break,C37,37,U37->U38->U39,-1,True,d7e2216652b395fd,-3.508751692716293e-16,-0.0,-0.00773822379200881,-0.007738223792009161,True,True,True,0.007738223792009161,0.0,True
49,W3_coarse_fine_break,C38,38,U38->U39->U40,1,True,75638e5c38b7aeaf,4.170344992599053e-16,0.0,0.012106840233005208,0.012106840233005624,True,True,True,-0.012106840233005624,0.0,True
49,W3_coarse_fine_break,C39,39,U39->U40->U41,-1,True,5a35c09d93ea8439,-1.7372049589435557e-16,-0.0,-0.010257629606739696,-0.01025762960673987,True,True,True,0.01025762960673987,0.0,True
49,W3_coarse_fine_break,C40,40,U40->U41->U42,1,True,ac03009acf7af871,3.165386393281754e-16,0.0,0.019925637182349375,0.01992563718234969,True,True,True,-0.01992563718234969,0.0,True
49,W3_coarse_fine_break,C41,41,U41->U42->U43,-1,True,8568a4086071b154,-4.0679979612913094e-16,-0.0,-0.010548339817567257,-0.010548339817567665,True,True,True,0.010548339817567665,0.0,True
49,W3_coarse_fine_break,C42,42,U42->U43->U44,1,True,f02f649767bc61b5,3.1742131747001194e-16,0.0,0.017336443853655195,0.01733644385365551,True,True,True,-0.01733644385365551,0.0,True
49,W3_coarse_fine_break,C43,43,U43->U44->U45,-1,True,3de654bf5d5c701c,-3.683313691282264e-16,-0.0,-0.012736856522784732,-0.0127368565227851,True,True,True,0.0127368565227851,0.0,True
49,W3_coarse_fine_break,C44,44,U44->U45->U46,1,True,69110fccfb44fddb,4.0169861102101123e-16,0.0,0.02068574767571848,0.02068574767571888,True,True,True,-0.02068574767571888,0.0,True
49,W3_coarse_fine_break,C45,45,U45->U46->U47,-1,True,d6832d7ce9719529,-1.1132062781034203e-16,-0.0,-0.010230695050026623,-0.010230695050026734,True,True,True,0.010230695050026734,0.0,True
49,W3_coarse_fine_break,C46,46,U46->U47->U48,1,True,9942922704d9ca0b,2.2251301392278755e-16,0.08161958390685493,0.09731572068797503,0.01569613678112032,True,True,True,-0.01569613678112032,0.0,True
49,W3_coarse_fine_break,C47,47,U47->U48->U0,-1,True,4744b20a391d2128,-3.16514899474465e-16,-0.2593599483938092,-0.2826451364848327,-0.023285188091023812,True,True,True,0.023285188091023812,0.0,True
49,W3_coarse_fine_break,C48,48,U48->U0->U1,1,True,55fe5bd6a579f5ca,4.457119366466789e-16,0.3376754051112727,0.3569952248872887,0.019319819776016434,True,True,True,-0.019319819776016434,0.0,True
49,W3_basis_shuffle,C0,0,U0->U1->U2,1,True,cbccf8a00053b935,2.241492011901963e-16,0.2560558212044178,0.27095400689456983,0.014898185690152277,True,True,True,-0.014898185690152277,0.0,True
49,W3_basis_shuffle,C1,1,U1->U2->U3,-1,True,354c30ebadceb769,-2.2273857970309445e-16,-0.0783154567174635,-0.07960352729725466,-0.0012880705797913838,True,True,True,0.0012880705797913838,0.0,True
49,W3_basis_shuffle,C2,2,U2->U3->U4,1,True,3a50ba227dc97a1d,4.969053640362165e-16,0.0,0.017046206890854704,0.0170462068908552,True,True,True,-0.0170462068908552,0.0,True
49,W3_basis_shuffle,C3,3,U3->U4->U5,-1,True,170dbf24a61190ea,-2.2398785918532e-16,-0.0,-0.010570467261486485,-0.010570467261486709,True,True,True,0.010570467261486709,0.0,True
49,W3_basis_shuffle,C4,4,U4->U5->U6,1,True,e36142437084d1c4,3.225092580669727e-16,0.0,0.023635195491625315,0.023635195491625637,True,True,True,-0.023635195491625637,0.0,True
49,W3_basis_shuffle,C5,5,U5->U6->U7,-1,True,1ee118f18608166b,-4.998570873323501e-16,-0.0,-0.007853792656203243,-0.007853792656203742,True,True,True,0.007853792656203742,0.0,True
49,W3_basis_shuffle,C6,6,U6->U7->U8,1,True,00679141f0f00c29,4.976651407887006e-16,0.0,0.013302604390718441,0.013302604390718939,True,True,True,-0.013302604390718939,0.0,True
49,W3_basis_shuffle,C7,7,U7->U8->U9,-1,True,02737d3e428a7bd2,-3.3464467585996656e-16,-0.0,-0.008955751901958348,-0.008955751901958683,True,True,True,0.008955751901958683,0.0,True
49,W3_basis_shuffle,C8,8,U8->U9->U10,1,True,353623fe870a41ec,2.4966225591530765e-16,0.0,-0.008426949316889573,-0.008426949316889323,True,True,True,0.008426949316889323,0.0,True
49,W3_basis_shuffle,C9,9,U9->U10->U11,-1,True,857e40028d4f8c71,-3.14220372382043e-16,-0.0,-0.003793641193529435,-0.0037936411935297495,True,True,True,0.0037936411935297495,0.0,True
49,W3_basis_shuffle,C10,10,U10->U11->U12,1,True,040f140db627b921,3.143404353595044e-16,0.0,0.00017582114471550135,0.0001758211447158157,True,True,True,-0.0001758211447158157,0.0,True
49,W3_basis_shuffle,C11,11,U11->U12->U13,-1,True,bc105b62a1a2ff37,-2.2246319277058426e-16,-0.0,0.0021620303732123956,0.002162030373212173,True,True,True,-0.002162030373212173,0.0,True
49,W3_basis_shuffle,C12,12,U12->U13->U14,1,True,a28d1aa44672a006,3.15477412660627e-16,0.0,0.010075217970176863,0.010075217970177179,True,True,True,-0.010075217970177179,0.0,True
49,W3_basis_shuffle,C13,13,U13->U14->U15,-1,True,8bd13f72de6429e8,-3.145521833829787e-16,0.05785162475879194,0.043183547082946805,-0.01466807767584545,True,True,True,0.01466807767584545,0.0,True
49,W3_basis_shuffle,C14,14,U14->U15->U16,1,True,1e4256ab71046b88,1.394411552425941e-17,-0.1734032442998883,-0.16307066830998207,0.01033257598990625,True,True,True,-0.01033257598990625,0.0,True
49,W3_basis_shuffle,C15,15,U15->U16->U17,-1,True,ec9c029f8ad5ed4a,-3.145777508883595e-16,0.2247277464859521,0.22678463751923186,0.0020568910332794677,True,True,True,-0.0020568910332794677,0.0,True
49,W3_basis_shuffle,C16,16,U16->U17->U18,1,True,119b253bfd5c99ea,4.012150292373529e-16,-0.16687612172716018,-0.15460090335646673,0.012275218370693841,True,True,True,-0.012275218370693841,0.0,True
49,W3_basis_shuffle,C17,17,U17->U18->U19,-1,True,c875b6db2db6fcbe,-3.8475772931005207e-16,0.05132450218606382,0.03775424000245585,-0.01357026218360835,True,True,True,0.01357026218360835,0.0,True
49,W3_basis_shuffle,C18,18,U18->U19->U20,1,True,4a47be548c0aedb4,3.5363121172700237e-16,0.0,0.009936280336065313,0.009936280336065667,True,True,True,-0.009936280336065667,0.0,True
49,W3_basis_shuffle,C19,19,U19->U20->U21,-1,True,9e8b62d8ed183ebe,-3.357796132267176e-16,-0.0,-0.01279548562406761,-0.012795485624067947,True,True,True,0.012795485624067947,0.0,True
49,W3_basis_shuffle,C20,20,U20->U21->U22,1,True,b7d457ff419d1b14,3.5928162005222165e-16,0.0,0.005894832716118243,0.005894832716118602,True,True,True,-0.005894832716118602,0.0,True
49,W3_basis_shuffle,C21,21,U21->U22->U23,-1,True,1716a970f840ecd8,-2.590574408055085e-16,-0.0,0.00378594686980052,0.003785946869800261,True,True,True,-0.003785946869800261,0.0,True
49,W3_basis_shuffle,C22,22,U22->U23->U24,1,True,90130c0c26f08076,4.729776649188223e-16,0.0,0.02217004069495399,0.02217004069495446,True,True,True,-0.02217004069495446,0.0,True
49,W3_basis_shuffle,C23,23,U23->U24->U25,-1,True,713ffaada843be1d,-4.453155245678077e-16,-0.0,-0.010499166882318394,-0.01049916688231884,True,True,True,0.01049916688231884,0.0,True
49,W3_basis_shuffle,C24,24,U24->U25->U26,1,True,707f1c5054bc4046,3.14495018040678e-16,0.0,0.024900201577037206,0.024900201577037522,True,True,True,-0.024900201577037522,0.0,True
49,W3_basis_shuffle,C25,25,U25->U26->U27,-1,True,29ecf9a16634dc6d,-2.486305094539126e-16,-0.0,-0.013690836147549134,-0.013690836147549382,True,True,True,0.013690836147549382,0.0,True
49,W3_basis_shuffle,C26,26,U26->U27->U28,1,True,9c57f43f68eed9f8,2.487234955637388e-16,0.0,0.005148239556326951,0.0051482395563272,True,True,True,-0.0051482395563272,0.0,True
49,W3_basis_shuffle,C27,27,U27->U28->U29,-1,True,b1993eacdf1a2e3f,-2.7252477769170115e-16,-0.0,-0.0013170468318507971,-0.0013170468318510697,True,True,True,0.0013170468318510697,0.0,True
49,W3_basis_shuffle,C28,28,U28->U29->U30,1,True,8724190366682f2e,2.2275453867218813e-16,0.0,0.004486058379361897,0.00448605837936212,True,True,True,-0.00448605837936212,0.0,True
49,W3_basis_shuffle,C29,29,U29->U30->U31,-1,True,2e90bf1c1017a77e,-2.4854786239659444e-16,0.031189934394362687,0.027128512845942164,-0.004061421548420773,True,True,True,0.004061421548420773,0.0,True
49,W3_basis_shuffle,C30,30,U30->U31->U32,1,True,3b902f78fc76702d,1.2240223837113064e-16,-0.09160759387019347,-0.08631374150010672,0.0052938523700868795,True,True,True,-0.0052938523700868795,0.0,True
49,W3_basis_shuffle,C31,31,U31->U32->U33,-1,True,dae38d65d25b67ff,-3.6992227996287994e-16,0.12070157650423953,0.11777644107706743,-0.0029251354271724733,True,True,True,0.0029251354271724733,0.0,True
49,W3_basis_shuffle,C32,32,U32->U33->U34,1,True,eed00ec7cbaf9b0b,5.091798718892784e-16,-0.08951164210987685,-0.08307615585941934,0.00643548625045802,True,True,True,-0.00643548625045802,0.0,True
49,W3_basis_shuffle,C33,33,U33->U34->U35,-1,True,9ba23d03dd91d3a4,-1.750367133444459e-16,0.029093982634046053,0.020548558128600396,-0.00854542450544583,True,True,True,0.00854542450544583,0.0,True
49,W3_basis_shuffle,C34,34,U34->U35->U36,1,True,d56c97ce9baa7223,1.7341024243886776e-16,0.0,0.0006264635491271819,0.0006264635491273553,True,True,True,-0.0006264635491273553,0.0,True
49,W3_basis_shuffle,C35,35,U35->U36->U37,-1,True,d7e2216652b395fd,-2.627576534832901e-16,-0.0,-0.008134967891544507,-0.008134967891544768,True,True,True,0.008134967891544768,0.0,True
49,W3_basis_shuffle,C36,36,U36->U37->U38,1,True,75638e5c38b7aeaf,2.9015463414521714e-16,0.0,0.017259235997519547,0.01725923599751984,True,True,True,-0.01725923599751984,0.0,True
49,W3_basis_shuffle,C37,37,U37->U38->U39,-1,True,5a35c09d93ea8439,-3.508751692716293e-16,-0.0,-0.01390617639035042,-0.01390617639035077,True,True,True,0.01390617639035077,0.0,True
49,W3_basis_shuffle,C38,38,U38->U39->U40,1,True,ac03009acf7af871,4.170344992599053e-16,0.0,0.011404987401952157,0.011404987401952574,True,True,True,-0.011404987401952574,0.0,True
49,W3_basis_shuffle,C39,39,U39->U40->U41,-1,True,8568a4086071b154,-1.7372049589435557e-16,-0.0,-0.014170105126309413,-0.014170105126309587,True,True,True,0.014170105126309587,0.0,True
49,W3_basis_shuffle,C40,40,U40->U41->U42,1,True,f02f649767bc61b5,3.165386393281754e-16,0.0,0.01825189558118595,0.018251895581186266,True,True,True,-0.018251895581186266,0.0,True
49,W3_basis_shuffle,C41,41,U41->U42->U43,-1,True,3de654bf5d5c701c,-4.0679979612913094e-16,-0.0,-0.013372257208398651,-0.013372257208399059,True,True,True,0.013372257208399059,0.0,True
49,W3_basis_shuffle,C42,42,U42->U43->U44,1,True,69110fccfb44fddb,3.1742131747001194e-16,0.0,0.017447035187951453,0.01744703518795177,True,True,True,-0.01744703518795177,0.0,True
49,W3_basis_shuffle,C43,43,U43->U44->U45,-1,True,d6832d7ce9719529,-3.683313691282264e-16,-0.0,-0.009494444036362848,-0.009494444036363216,True,True,True,0.009494444036363216,0.0,True
49,W3_basis_shuffle,C44,44,U44->U45->U46,1,True,9942922704d9ca0b,4.0169861102101123e-16,0.0,0.020343360764566772,0.020343360764567175,True,True,True,-0.020343360764567175,0.0,True
49,W3_basis_shuffle,C45,45,U45->U46->U47,-1,True,4744b20a391d2128,-1.1132062781034203e-16,-0.0,-0.019692512446007407,-0.019692512446007518,True,True,True,0.019692512446007518,0.0,True
49,W3_basis_shuffle,C46,46,U46->U47->U48,1,True,55fe5bd6a579f5ca,2.2251301392278755e-16,0.08161958390685493,0.09378110924232552,0.01216152533547081,True,True,True,-0.01216152533547081,0.0,True
49,W3_basis_shuffle,C47,47,U47->U48->U0,-1,True,b2ed2576e182d702,-3.16514899474465e-16,-0.2593599483938092,-0.2861918753767112,-0.02683192698290232,True,True,True,0.02683192698290232,0.0,True
49,W3_basis_shuffle,C48,48,U48->U0->U1,1,True,f4cfb4ca34e485fd,4.457119366466789e-16,0.3376754051112727,0.35790864082047447,0.020233235709202213,True,True,True,-0.020233235709202213,0.0,True
49,W3_missing,C0,0,U0->U1->U2,1,False,MISSING,2.241492011901963e-16,0.2560558212044178,nan,nan,True,True,True,nan,nan,False
49,W3_missing,C1,1,U1->U2->U3,-1,True,f4cfb4ca34e485fd,-2.2273857970309445e-16,-0.0783154567174635,-0.07651640296980265,0.0017990537476606228,True,True,True,-0.0017990537476606228,0.0,True
49,W3_missing,C2,2,U2->U3->U4,1,True,cbccf8a00053b935,4.969053640362165e-16,0.0,0.019213860956209083,0.01921386095620958,True,True,True,-0.01921386095620958,0.0,True
49,W3_missing,C3,3,U3->U4->U5,-1,False,MISSING,-2.2398785918532e-16,-0.0,nan,nan,True,True,True,nan,nan,False
49,W3_missing,C4,4,U4->U5->U6,1,True,3a50ba227dc97a1d,3.225092580669727e-16,0.0,0.02106934136248621,0.021069341362486532,True,True,True,-0.021069341362486532,0.0,True
49,W3_missing,C5,5,U5->U6->U7,-1,True,170dbf24a61190ea,-4.998570873323501e-16,-0.0,-0.009048964770172528,-0.009048964770173027,True,True,True,0.009048964770173027,0.0,True
49,W3_missing,C6,6,U6->U7->U8,1,False,MISSING,4.976651407887006e-16,0.0,nan,nan,True,True,True,nan,nan,False
49,W3_missing,C7,7,U7->U8->U9,-1,True,1ee118f18608166b,-3.3464467585996656e-16,-0.0,-0.00789807692192912,-0.007898076921929455,True,True,True,0.007898076921929455,0.0,True
49,W3_missing,C8,8,U8->U9->U10,1,True,00679141f0f00c29,2.4966225591530765e-16,0.0,-0.0024012725972909193,-0.0024012725972906695,True,True,True,0.0024012725972906695,0.0,True
49,W3_missing,C9,9,U9->U10->U11,-1,False,MISSING,-3.14220372382043e-16,-0.0,nan,nan,True,True,True,nan,nan,False
49,W3_missing,C10,10,U10->U11->U12,1,True,353623fe870a41ec,3.143404353595044e-16,0.0,-0.003090634775737037,-0.0030906347757367228,True,True,True,0.0030906347757367228,0.0,True
49,W3_missing,C11,11,U11->U12->U13,-1,True,857e40028d4f8c71,-2.2246319277058426e-16,-0.0,-0.005581329848397999,-0.005581329848398221,True,True,True,0.005581329848398221,0.0,True
49,W3_missing,C12,12,U12->U13->U14,1,False,MISSING,3.15477412660627e-16,0.0,nan,nan,True,True,True,nan,nan,False
49,W3_missing,C13,13,U13->U14->U15,-1,True,bc105b62a1a2ff37,-3.145521833829787e-16,0.05785162475879194,0.04327435843829991,-0.014577266320492346,True,True,True,0.014577266320492346,0.0,True
49,W3_missing,C14,14,U14->U15->U16,1,True,a28d1aa44672a006,1.394411552425941e-17,-0.1734032442998883,-0.15890673618820522,0.014496508111683098,True,True,True,-0.014496508111683098,0.0,True
49,W3_missing,C15,15,U15->U16->U17,-1,False,MISSING,-3.145777508883595e-16,0.2247277464859521,nan,nan,True,True,True,nan,nan,False
49,W3_missing,C16,16,U16->U17->U18,1,True,1e4256ab71046b88,4.012150292373529e-16,-0.16687612172716018,-0.15597395894598248,0.010902162781178087,True,True,True,-0.010902162781178087,0.0,True
49,W3_missing,C17,17,U17->U18->U19,-1,True,ec9c029f8ad5ed4a,-3.8475772931005207e-16,0.05132450218606382,0.03644644279657035,-0.014878059389493853,True,True,True,0.014878059389493853,0.0,True
49,W3_missing,C18,18,U18->U19->U20,1,False,MISSING,3.5363121172700237e-16,0.0,nan,nan,True,True,True,nan,nan,False
49,W3_missing,C19,19,U19->U20->U21,-1,True,c875b6db2db6fcbe,-3.357796132267176e-16,-0.0,-0.010035288400362673,-0.01003528840036301,True,True,True,0.01003528840036301,0.0,True
49,W3_missing,C20,20,U20->U21->U22,1,True,4a47be548c0aedb4,3.5928162005222165e-16,0.0,0.01226043941681457,0.01226043941681493,True,True,True,-0.01226043941681493,0.0,True
49,W3_missing,C21,21,U21->U22->U23,-1,False,MISSING,-2.590574408055085e-16,-0.0,nan,nan,True,True,True,nan,nan,False
49,W3_missing,C22,22,U22->U23->U24,1,True,b7d457ff419d1b14,4.729776649188223e-16,0.0,0.014231770653645864,0.014231770653646338,True,True,True,-0.014231770653646338,0.0,True
49,W3_missing,C23,23,U23->U24->U25,-1,True,1716a970f840ecd8,-4.453155245678077e-16,-0.0,-0.009522298495810232,-0.009522298495810677,True,True,True,0.009522298495810677,0.0,True
49,W3_missing,C24,24,U24->U25->U26,1,False,MISSING,3.14495018040678e-16,0.0,nan,nan,True,True,True,nan,nan,False
49,W3_missing,C25,25,U25->U26->U27,-1,True,713ffaada843be1d,-2.486305094539126e-16,-0.0,-0.011773544921116446,-0.011773544921116694,True,True,True,0.011773544921116694,0.0,True
49,W3_missing,C26,26,U26->U27->U28,1,True,707f1c5054bc4046,2.487234955637388e-16,0.0,0.011480833564036655,0.011480833564036903,True,True,True,-0.011480833564036903,0.0,True
49,W3_missing,C27,27,U27->U28->U29,-1,False,MISSING,-2.7252477769170115e-16,-0.0,nan,nan,True,True,True,nan,nan,False
49,W3_missing,C28,28,U28->U29->U30,1,True,9c57f43f68eed9f8,2.2275453867218813e-16,0.0,-0.0006463029077386061,-0.0006463029077383833,True,True,True,0.0006463029077383833,0.0,True
49,W3_missing,C29,29,U29->U30->U31,-1,True,b1993eacdf1a2e3f,-2.4854786239659444e-16,0.031189934394362687,0.025482021134221135,-0.005707913260141802,True,True,True,0.005707913260141802,0.0,True
49,W3_missing,C30,30,U30->U31->U32,1,False,MISSING,1.2240223837113064e-16,-0.09160759387019347,nan,nan,True,True,True,nan,nan,False
49,W3_missing,C31,31,U31->U32->U33,-1,True,2e90bf1c1017a77e,-3.6992227996287994e-16,0.12070157650423953,0.11402857918422203,-0.006672997320017873,True,True,True,0.006672997320017873,0.0,True
49,W3_missing,C32,32,U32->U33->U34,1,True,3b902f78fc76702d,5.091798718892784e-16,-0.08951164210987685,-0.08919541081132101,0.00031623129855634646,True,True,True,-0.00031623129855634646,0.0,True
49,W3_missing,C33,33,U33->U34->U35,-1,False,MISSING,-1.750367133444459e-16,0.029093982634046053,nan,nan,True,True,True,nan,nan,False
49,W3_missing,C34,34,U34->U35->U36,1,True,eed00ec7cbaf9b0b,1.7341024243886776e-16,0.0,0.0002388724580837335,0.0002388724580839069,True,True,True,-0.0002388724580839069,0.0,True
49,W3_missing,C35,35,U35->U36->U37,-1,True,9ba23d03dd91d3a4,-2.627576534832901e-16,-0.0,-0.012334512065739121,-0.012334512065739383,True,True,True,0.012334512065739383,0.0,True
49,W3_missing,C36,36,U36->U37->U38,1,False,MISSING,2.9015463414521714e-16,0.0,nan,nan,True,True,True,nan,nan,False
49,W3_missing,C37,37,U37->U38->U39,-1,True,d7e2216652b395fd,-3.508751692716293e-16,-0.0,-0.012968353478233097,-0.012968353478233448,True,True,True,0.012968353478233448,0.0,True
49,W3_missing,C38,38,U38->U39->U40,1,True,75638e5c38b7aeaf,4.170344992599053e-16,0.0,0.012106840233005208,0.012106840233005624,True,True,True,-0.012106840233005624,0.0,True
49,W3_missing,C39,39,U39->U40->U41,-1,False,MISSING,-1.7372049589435557e-16,-0.0,nan,nan,True,True,True,nan,nan,False
49,W3_missing,C40,40,U40->U41->U42,1,True,ac03009acf7af871,3.165386393281754e-16,0.0,0.019925637182349375,0.01992563718234969,True,True,True,-0.01992563718234969,0.0,True
49,W3_missing,C41,41,U41->U42->U43,-1,True,8568a4086071b154,-4.0679979612913094e-16,-0.0,-0.015618248208732085,-0.015618248208732493,True,True,True,0.015618248208732493,0.0,True
49,W3_missing,C42,42,U42->U43->U44,1,False,MISSING,3.1742131747001194e-16,0.0,nan,nan,True,True,True,nan,nan,False
49,W3_missing,C43,43,U43->U44->U45,-1,True,3de654bf5d5c701c,-3.683313691282264e-16,-0.0,-0.012736856522784732,-0.0127368565227851,True,True,True,0.0127368565227851,0.0,True
49,W3_missing,C44,44,U44->U45->U46,1,True,69110fccfb44fddb,4.0169861102101123e-16,0.0,0.02068574767571848,0.02068574767571888,True,True,True,-0.02068574767571888,0.0,True
49,W3_missing,C45,45,U45->U46->U47,-1,False,MISSING,-1.1132062781034203e-16,-0.0,nan,nan,True,True,True,nan,nan,False
49,W3_missing,C46,46,U46->U47->U48,1,True,9942922704d9ca0b,2.2251301392278755e-16,0.08161958390685493,0.09731572068797503,0.01569613678112032,True,True,True,-0.01569613678112032,0.0,True
49,W3_missing,C47,47,U47->U48->U0,-1,True,4744b20a391d2128,-3.16514899474465e-16,-0.2593599483938092,-0.2826451364848327,-0.023285188091023812,True,True,True,0.023285188091023812,0.0,True
49,W3_missing,C48,48,U48->U0->U1,1,False,MISSING,4.457119366466789e-16,0.3376754051112727,nan,nan,True,True,True,nan,nan,False
49,solver_operator_shuffle,C0,0,U0->U1->U2,1,True,b2ed2576e182d702,2.241492011901963e-16,0.2560558212044178,0.2730815664464927,0.01702574524207512,True,True,False,-0.01702574524207512,0.0,True
49,solver_operator_shuffle,C1,1,U1->U2->U3,-1,True,f4cfb4ca34e485fd,-2.2273857970309445e-16,-0.0783154567174635,-0.07651640296980265,0.0017990537476606228,True,True,False,-0.0017990537476606228,0.0,True
49,solver_operator_shuffle,C2,2,U2->U3->U4,1,True,cbccf8a00053b935,4.969053640362165e-16,0.0,0.019213860956209083,0.01921386095620958,True,True,False,-0.01921386095620958,0.0,True
49,solver_operator_shuffle,C3,3,U3->U4->U5,-1,True,354c30ebadceb769,-2.2398785918532e-16,-0.0,-0.013281865275639692,-0.013281865275639916,True,True,False,0.013281865275639916,0.0,True
49,solver_operator_shuffle,C4,4,U4->U5->U6,1,True,3a50ba227dc97a1d,3.225092580669727e-16,0.0,0.02106934136248621,0.021069341362486532,True,True,False,-0.021069341362486532,0.0,True
49,solver_operator_shuffle,C5,5,U5->U6->U7,-1,True,170dbf24a61190ea,-4.998570873323501e-16,-0.0,-0.009048964770172528,-0.009048964770173027,True,True,False,0.009048964770173027,0.0,True
49,solver_operator_shuffle,C6,6,U6->U7->U8,1,True,e36142437084d1c4,4.976651407887006e-16,0.0,0.013306617141809113,0.01330661714180961,True,True,False,-0.01330661714180961,0.0,True
49,solver_operator_shuffle,C7,7,U7->U8->U9,-1,True,1ee118f18608166b,-3.3464467585996656e-16,-0.0,-0.00789807692192912,-0.007898076921929455,True,True,False,0.007898076921929455,0.0,True
49,solver_operator_shuffle,C8,8,U8->U9->U10,1,True,00679141f0f00c29,2.4966225591530765e-16,0.0,-0.0024012725972909193,-0.0024012725972906695,True,True,False,0.0024012725972906695,0.0,True
49,solver_operator_shuffle,C9,9,U9->U10->U11,-1,True,02737d3e428a7bd2,-3.14220372382043e-16,-0.0,0.0015612923205137567,0.0015612923205134425,True,True,False,-0.0015612923205134425,0.0,True
49,solver_operator_shuffle,C10,10,U10->U11->U12,1,True,353623fe870a41ec,3.143404353595044e-16,0.0,-0.003090634775737037,-0.0030906347757367228,True,True,False,0.0030906347757367228,0.0,True
49,solver_operator_shuffle,C11,11,U11->U12->U13,-1,True,857e40028d4f8c71,-2.2246319277058426e-16,-0.0,-0.005581329848397999,-0.005581329848398221,True,True,False,0.005581329848398221,0.0,True
49,solver_operator_shuffle,C12,12,U12->U13->U14,1,True,040f140db627b921,3.15477412660627e-16,0.0,0.006551055936463629,0.006551055936463945,True,True,False,-0.006551055936463945,0.0,True
49,solver_operator_shuffle,C13,13,U13->U14->U15,-1,True,bc105b62a1a2ff37,-3.145521833829787e-16,0.05785162475879194,0.04327435843829991,-0.014577266320492346,True,True,False,0.014577266320492346,0.0,True
49,solver_operator_shuffle,C14,14,U14->U15->U16,1,True,a28d1aa44672a006,1.394411552425941e-17,-0.1734032442998883,-0.15890673618820522,0.014496508111683098,True,True,False,-0.014496508111683098,0.0,True
49,solver_operator_shuffle,C15,15,U15->U16->U17,-1,True,8bd13f72de6429e8,-3.145777508883595e-16,0.2247277464859521,0.22967229417044044,0.004944547684488043,True,True,False,-0.004944547684488043,0.0,True
49,solver_operator_shuffle,C16,16,U16->U17->U18,1,True,1e4256ab71046b88,4.012150292373529e-16,-0.16687612172716018,-0.15597395894598248,0.010902162781178087,True,True,False,-0.010902162781178087,0.0,True
49,solver_operator_shuffle,C17,17,U17->U18->U19,-1,True,ec9c029f8ad5ed4a,-3.8475772931005207e-16,0.05132450218606382,0.03644644279657035,-0.014878059389493853,True,True,False,0.014878059389493853,0.0,True
49,solver_operator_shuffle,C18,18,U18->U19->U20,1,True,119b253bfd5c99ea,3.5363121172700237e-16,0.0,0.007702731457554477,0.007702731457554831,True,True,False,-0.007702731457554831,0.0,True
49,solver_operator_shuffle,C19,19,U19->U20->U21,-1,True,c875b6db2db6fcbe,-3.357796132267176e-16,-0.0,-0.010035288400362673,-0.01003528840036301,True,True,False,0.01003528840036301,0.0,True
49,solver_operator_shuffle,C20,20,U20->U21->U22,1,True,4a47be548c0aedb4,3.5928162005222165e-16,0.0,0.01226043941681457,0.01226043941681493,True,True,False,-0.01226043941681493,0.0,True
49,solver_operator_shuffle,C21,21,U21->U22->U23,-1,True,9e8b62d8ed183ebe,-2.590574408055085e-16,-0.0,-0.0004945299967522663,-0.0004945299967525253,True,True,False,0.0004945299967525253,0.0,True
49,solver_operator_shuffle,C22,22,U22->U23->U24,1,True,b7d457ff419d1b14,4.729776649188223e-16,0.0,0.014231770653645864,0.014231770653646338,True,True,False,-0.014231770653646338,0.0,True
49,solver_operator_shuffle,C23,23,U23->U24->U25,-1,True,1716a970f840ecd8,-4.453155245678077e-16,-0.0,-0.009522298495810232,-0.009522298495810677,True,True,False,0.009522298495810677,0.0,True
49,solver_operator_shuffle,C24,24,U24->U25->U26,1,True,90130c0c26f08076,3.14495018040678e-16,0.0,0.025152684508606013,0.02515268450860633,True,True,False,-0.02515268450860633,0.0,True
49,solver_operator_shuffle,C25,25,U25->U26->U27,-1,True,713ffaada843be1d,-2.486305094539126e-16,-0.0,-0.011773544921116446,-0.011773544921116694,True,True,False,0.011773544921116694,0.0,True
49,solver_operator_shuffle,C26,26,U26->U27->U28,1,True,707f1c5054bc4046,2.487234955637388e-16,0.0,0.011480833564036655,0.011480833564036903,True,True,False,-0.011480833564036903,0.0,True
49,solver_operator_shuffle,C27,27,U27->U28->U29,-1,True,29ecf9a16634dc6d,-2.7252477769170115e-16,-0.0,0.00079141052553461,0.0007914105255343374,True,True,False,-0.0007914105255343374,0.0,True
49,solver_operator_shuffle,C28,28,U28->U29->U30,1,True,9c57f43f68eed9f8,2.2275453867218813e-16,0.0,-0.0006463029077386061,-0.0006463029077383833,True,True,False,0.0006463029077383833,0.0,True
49,solver_operator_shuffle,C29,29,U29->U30->U31,-1,True,b1993eacdf1a2e3f,-2.4854786239659444e-16,0.031189934394362687,0.025482021134221135,-0.005707913260141802,True,True,False,0.005707913260141802,0.0,True
49,solver_operator_shuffle,C30,30,U30->U31->U32,1,True,8724190366682f2e,1.2240223837113064e-16,-0.09160759387019347,-0.08101575418138665,0.010591839688806948,True,True,False,-0.010591839688806948,0.0,True
49,solver_operator_shuffle,C31,31,U31->U32->U33,-1,True,2e90bf1c1017a77e,-3.6992227996287994e-16,0.12070157650423953,0.11402857918422203,-0.006672997320017873,True,True,False,0.006672997320017873,0.0,True
49,solver_operator_shuffle,C32,32,U32->U33->U34,1,True,3b902f78fc76702d,5.091798718892784e-16,-0.08951164210987685,-0.08919541081132101,0.00031623129855634646,True,True,False,-0.00031623129855634646,0.0,True
49,solver_operator_shuffle,C33,33,U33->U34->U35,-1,True,dae38d65d25b67ff,-1.750367133444459e-16,0.029093982634046053,0.025438971344302737,-0.0036550112897434893,True,True,False,0.0036550112897434893,0.0,True
49,solver_operator_shuffle,C34,34,U34->U35->U36,1,True,eed00ec7cbaf9b0b,1.7341024243886776e-16,0.0,0.0002388724580837335,0.0002388724580839069,True,True,False,-0.0002388724580839069,0.0,True
49,solver_operator_shuffle,C35,35,U35->U36->U37,-1,True,9ba23d03dd91d3a4,-2.627576534832901e-16,-0.0,-0.012334512065739121,-0.012334512065739383,True,True,False,0.012334512065739383,0.0,True
49,solver_operator_shuffle,C36,36,U36->U37->U38,1,True,d56c97ce9baa7223,2.9015463414521714e-16,0.0,0.017330161947228438,0.01733016194722873,True,True,False,-0.01733016194722873,0.0,True
49,solver_operator_shuffle,C37,37,U37->U38->U39,-1,True,d7e2216652b395fd,-3.508751692716293e-16,-0.0,-0.012968353478233097,-0.012968353478233448,True,True,False,0.012968353478233448,0.0,True
49,solver_operator_shuffle,C38,38,U38->U39->U40,1,True,75638e5c38b7aeaf,4.170344992599053e-16,0.0,0.012106840233005208,0.012106840233005624,True,True,False,-0.012106840233005624,0.0,True
49,solver_operator_shuffle,C39,39,U39->U40->U41,-1,True,5a35c09d93ea8439,-1.7372049589435557e-16,-0.0,-0.010257629606739696,-0.01025762960673987,True,True,False,0.01025762960673987,0.0,True
49,solver_operator_shuffle,C40,40,U40->U41->U42,1,True,ac03009acf7af871,3.165386393281754e-16,0.0,0.019925637182349375,0.01992563718234969,True,True,False,-0.01992563718234969,0.0,True
49,solver_operator_shuffle,C41,41,U41->U42->U43,-1,True,8568a4086071b154,-4.0679979612913094e-16,-0.0,-0.015618248208732085,-0.015618248208732493,True,True,False,0.015618248208732493,0.0,True
49,solver_operator_shuffle,C42,42,U42->U43->U44,1,True,f02f649767bc61b5,3.1742131747001194e-16,0.0,0.017336443853655195,0.01733644385365551,True,True,False,-0.01733644385365551,0.0,True
49,solver_operator_shuffle,C43,43,U43->U44->U45,-1,True,3de654bf5d5c701c,-3.683313691282264e-16,-0.0,-0.012736856522784732,-0.0127368565227851,True,True,False,0.0127368565227851,0.0,True
49,solver_operator_shuffle,C44,44,U44->U45->U46,1,True,69110fccfb44fddb,4.0169861102101123e-16,0.0,0.02068574767571848,0.02068574767571888,True,True,False,-0.02068574767571888,0.0,True
49,solver_operator_shuffle,C45,45,U45->U46->U47,-1,True,d6832d7ce9719529,-1.1132062781034203e-16,-0.0,-0.01540400860270736,-0.015404008602707471,True,True,False,0.015404008602707471,0.0,True
49,solver_operator_shuffle,C46,46,U46->U47->U48,1,True,9942922704d9ca0b,2.2251301392278755e-16,0.08161958390685493,0.09731572068797503,0.01569613678112032,True,True,False,-0.01569613678112032,0.0,True
49,solver_operator_shuffle,C47,47,U47->U48->U0,-1,True,4744b20a391d2128,-3.16514899474465e-16,-0.2593599483938092,-0.2826451364848327,-0.023285188091023812,True,True,False,0.023285188091023812,0.0,True
49,solver_operator_shuffle,C48,48,U48->U0->U1,1,True,55fe5bd6a579f5ca,4.457119366466789e-16,0.3376754051112727,0.3569952248872887,0.019319819776016434,True,True,False,-0.019319819776016434,0.0,True
