seed,n,geometry,mode,step,accepted_steps,E_OSC,D_AC,m_AC,orientation_error,A_cv,max_weight_frac,basin,start_E_OSC,start_D_AC,start_orientation_error,start_A_cv,E_reduction_frac,D_reduction_frac,endpoint_E_basin,start_E_basin,steps,E_monotone,D_monotone,orientation_monotone,E_increase_count,source_family,true_class,v921_observable_quotient,v921_source_role_primitive,v921_pred_class,v921_correct,v921_observable_only_majority_pred,v921_ternary_key_majority_pred,source_role_symbol,proof_key,pred_class,correct
15011,18,oblique_triple,novel_passive_pre_basin,0,0,2.2706559417368283e-08,1.0873110467534668e-05,-0.9999992012078726,0.0002128259718725,2.689060070101338,0.0954903771132216,True,2.2706559417368283e-08,1.0873110467534668e-05,0.0002128259718725,2.689060070101338,0.0,0.0,True,True,0,True,True,True,0,passive_source,passive_no_motion_basin_member,initial_basin_no_motion_observable,source_basin_eligible_nonactive_role,passive_no_motion_basin_member,True,passive_no_motion_basin_member,passive_no_motion_basin_member,source_basin_eligible_nonactive_role,initial_basin_no_motion_observable||source_basin_eligible_nonactive_role,passive_no_motion_basin_member,True
15101,26,ripple_wall,passive_hold,0,0,2.2615271615567613e-08,3.943968995932031e-06,-0.9999990133989428,0.0002126381629428,0.6523444695933002,0.0086013047195451,True,2.2615271615567613e-08,3.943968995932031e-06,0.0002126381629428,0.6523444695933002,0.0,0.0,True,True,0,True,True,True,0,passive_source,passive_no_motion_basin_member,initial_basin_no_motion_observable,source_basin_eligible_nonactive_role,passive_no_motion_basin_member,True,passive_no_motion_basin_member,passive_no_motion_basin_member,source_basin_eligible_nonactive_role,initial_basin_no_motion_observable||source_basin_eligible_nonactive_role,passive_no_motion_basin_member,True
15101,26,ripple_wall,novel_passive_pre_basin,0,0,2.2615271615567613e-08,3.943968995932031e-06,-0.9999990133989428,0.0002126381629428,0.6523444695933002,0.0086013047195451,True,2.2615271615567613e-08,3.943968995932031e-06,0.0002126381629428,0.6523444695933002,0.0,0.0,True,True,0,True,True,True,0,passive_source,passive_no_motion_basin_member,initial_basin_no_motion_observable,source_basin_eligible_nonactive_role,passive_no_motion_basin_member,True,passive_no_motion_basin_member,passive_no_motion_basin_member,source_basin_eligible_nonactive_role,initial_basin_no_motion_observable||source_basin_eligible_nonactive_role,passive_no_motion_basin_member,True
15101,18,ripple_wall,passive_hold,0,0,2.244666810050508e-08,1.351399962230548e-05,-0.9999978243031892,0.0002114490671892,0.7332043205643393,0.0163438649868977,True,2.244666810050508e-08,1.351399962230548e-05,0.0002114490671892,0.7332043205643393,0.0,0.0,True,True,0,True,True,True,0,passive_source,passive_no_motion_basin_member,initial_basin_no_motion_observable,source_basin_eligible_nonactive_role,passive_no_motion_basin_member,True,passive_no_motion_basin_member,passive_no_motion_basin_member,source_basin_eligible_nonactive_role,initial_basin_no_motion_observable||source_basin_eligible_nonactive_role,passive_no_motion_basin_member,True
15083,18,ripple_wall,passive_hold,0,0,2.245287230073887e-08,9.67470152199001e-06,-0.9999980640282208,0.0002116887922208,0.8457591115170825,0.0164070631665672,True,2.245287230073887e-08,9.67470152199001e-06,0.0002116887922208,0.8457591115170825,0.0,0.0,True,True,0,True,True,True,0,passive_source,passive_no_motion_basin_member,initial_basin_no_motion_observable,source_basin_eligible_nonactive_role,passive_no_motion_basin_member,True,passive_no_motion_basin_member,passive_no_motion_basin_member,source_basin_eligible_nonactive_role,initial_basin_no_motion_observable||source_basin_eligible_nonactive_role,passive_no_motion_basin_member,True
15083,18,ripple_wall,novel_passive_pre_basin,0,0,2.245287230073887e-08,9.67470152199001e-06,-0.9999980640282208,0.0002116887922208,0.8457591115170825,0.0164070631665672,True,2.245287230073887e-08,9.67470152199001e-06,0.0002116887922208,0.8457591115170825,0.0,0.0,True,True,0,True,True,True,0,passive_source,passive_no_motion_basin_member,initial_basin_no_motion_observable,source_basin_eligible_nonactive_role,passive_no_motion_basin_member,True,passive_no_motion_basin_member,passive_no_motion_basin_member,source_basin_eligible_nonactive_role,initial_basin_no_motion_observable||source_basin_eligible_nonactive_role,passive_no_motion_basin_member,True
15053,26,corner_sink,passive_hold,0,0,2.280925192752184e-08,1.307965998324695e-05,-0.9999995592559212,0.0002131840199212,3.578758149652344,0.0664178273069471,True,2.280925192752184e-08,1.307965998324695e-05,0.0002131840199212,3.578758149652344,0.0,0.0,True,True,0,True,True,True,0,passive_source,passive_no_motion_basin_member,initial_basin_no_motion_observable,source_basin_eligible_nonactive_role,passive_no_motion_basin_member,True,passive_no_motion_basin_member,passive_no_motion_basin_member,source_basin_eligible_nonactive_role,initial_basin_no_motion_observable||source_basin_eligible_nonactive_role,passive_no_motion_basin_member,True
15031,18,broken_ring,passive_hold,0,0,2.2629961181094174e-08,1.0642738563760902e-05,-0.9999988526571018,0.0002124774211017,0.8847775059106214,0.0308072045146369,True,2.2629961181094174e-08,1.0642738563760902e-05,0.0002124774211017,0.8847775059106214,0.0,0.0,True,True,0,True,True,True,0,passive_source,passive_no_motion_basin_member,initial_basin_no_motion_observable,source_basin_eligible_nonactive_role,passive_no_motion_basin_member,True,passive_no_motion_basin_member,passive_no_motion_basin_member,source_basin_eligible_nonactive_role,initial_basin_no_motion_observable||source_basin_eligible_nonactive_role,passive_no_motion_basin_member,True
15031,18,broken_ring,novel_passive_pre_basin,0,0,2.2629961181094174e-08,1.0642738563760902e-05,-0.9999988526571018,0.0002124774211017,0.8847775059106214,0.0308072045146369,True,2.2629961181094174e-08,1.0642738563760902e-05,0.0002124774211017,0.8847775059106214,0.0,0.0,True,True,0,True,True,True,0,passive_source,passive_no_motion_basin_member,initial_basin_no_motion_observable,source_basin_eligible_nonactive_role,passive_no_motion_basin_member,True,passive_no_motion_basin_member,passive_no_motion_basin_member,source_basin_eligible_nonactive_role,initial_basin_no_motion_observable||source_basin_eligible_nonactive_role,passive_no_motion_basin_member,True
15053,18,ripple_wall,passive_hold,0,0,2.3553043826392508e-08,4.6675928587986536e-05,-0.9999983361884022,0.0002119609524021,0.8860563192799962,0.0158999510968482,True,2.3553043826392508e-08,4.6675928587986536e-05,0.0002119609524021,0.8860563192799962,0.0,0.0,True,True,0,True,True,True,0,passive_source,passive_no_motion_basin_member,initial_basin_no_motion_observable,source_basin_eligible_nonactive_role,passive_no_motion_basin_member,True,passive_no_motion_basin_member,passive_no_motion_basin_member,source_basin_eligible_nonactive_role,initial_basin_no_motion_observable||source_basin_eligible_nonactive_role,passive_no_motion_basin_member,True
15053,18,ripple_wall,novel_passive_pre_basin,0,0,2.3553043826392508e-08,4.6675928587986536e-05,-0.9999983361884022,0.0002119609524021,0.8860563192799962,0.0158999510968482,True,2.3553043826392508e-08,4.6675928587986536e-05,0.0002119609524021,0.8860563192799962,0.0,0.0,True,True,0,True,True,True,0,passive_source,passive_no_motion_basin_member,initial_basin_no_motion_observable,source_basin_eligible_nonactive_role,passive_no_motion_basin_member,True,passive_no_motion_basin_member,passive_no_motion_basin_member,source_basin_eligible_nonactive_role,initial_basin_no_motion_observable||source_basin_eligible_nonactive_role,passive_no_motion_basin_member,True
15031,26,corner_sink,passive_hold,0,0,2.274764311527377e-08,7.224135784878084e-06,-0.999999549104222,0.0002131738682219,3.092471232219073,0.0581834992490969,True,2.274764311527377e-08,7.224135784878084e-06,0.0002131738682219,3.092471232219073,0.0,0.0,True,True,0,True,True,True,0,passive_source,passive_no_motion_basin_member,initial_basin_no_motion_observable,source_basin_eligible_nonactive_role,passive_no_motion_basin_member,True,passive_no_motion_basin_member,passive_no_motion_basin_member,source_basin_eligible_nonactive_role,initial_basin_no_motion_observable||source_basin_eligible_nonactive_role,passive_no_motion_basin_member,True
15031,26,corner_sink,novel_passive_pre_basin,0,0,2.274764311527377e-08,7.224135784878084e-06,-0.999999549104222,0.0002131738682219,3.092471232219073,0.0581834992490969,True,2.274764311527377e-08,7.224135784878084e-06,0.0002131738682219,3.092471232219073,0.0,0.0,True,True,0,True,True,True,0,passive_source,passive_no_motion_basin_member,initial_basin_no_motion_observable,source_basin_eligible_nonactive_role,passive_no_motion_basin_member,True,passive_no_motion_basin_member,passive_no_motion_basin_member,source_basin_eligible_nonactive_role,initial_basin_no_motion_observable||source_basin_eligible_nonactive_role,passive_no_motion_basin_member,True
15053,26,phase_fault,passive_hold,0,0,2.2791489087539253e-08,1.249483244300961e-06,-0.9999998732850934,0.0002134980490934,0.9071357120899028,0.0072298104711456,True,2.2791489087539253e-08,1.249483244300961e-06,0.0002134980490934,0.9071357120899028,0.0,0.0,True,True,0,True,True,True,0,passive_source,passive_no_motion_basin_member,initial_basin_no_motion_observable,source_basin_eligible_nonactive_role,passive_no_motion_basin_member,True,passive_no_motion_basin_member,passive_no_motion_basin_member,source_basin_eligible_nonactive_role,initial_basin_no_motion_observable||source_basin_eligible_nonactive_role,passive_no_motion_basin_member,True
15053,26,phase_fault,novel_passive_pre_basin,0,0,2.2791489087539253e-08,1.249483244300961e-06,-0.9999998732850934,0.0002134980490934,0.9071357120899028,0.0072298104711456,True,2.2791489087539253e-08,1.249483244300961e-06,0.0002134980490934,0.9071357120899028,0.0,0.0,True,True,0,True,True,True,0,passive_source,passive_no_motion_basin_member,initial_basin_no_motion_observable,source_basin_eligible_nonactive_role,passive_no_motion_basin_member,True,passive_no_motion_basin_member,passive_no_motion_basin_member,source_basin_eligible_nonactive_role,initial_basin_no_motion_observable||source_basin_eligible_nonactive_role,passive_no_motion_basin_member,True
15053,26,phase_fault,directed_variational,0,0,0.0227609436177898,0.2064419048743061,-0.9459010604698446,0.0538853147661554,0.9071357120899028,0.0072298104711456,True,0.0227609436177898,0.2064419048743061,0.0538853147661554,0.9071357120899028,0.0,0.0,True,True,0,True,True,True,0,active_source,active_initial_basin_no_repair_needed,initial_basin_no_motion_observable,source_active_role,active_initial_basin_no_repair_needed,True,passive_no_motion_basin_member,active_initial_basin_no_repair_needed,source_active_role,initial_basin_no_motion_observable||source_active_role,active_initial_basin_no_repair_needed,True
15053,26,phase_fault,defect_forced,0,0,0.0227609436177898,0.2064419048743061,-0.9459010604698446,0.0538853147661554,0.9071357120899028,0.0072298104711456,True,0.0227609436177898,0.2064419048743061,0.0538853147661554,0.9071357120899028,0.0,0.0,True,True,0,True,True,True,0,active_source,active_initial_basin_no_repair_needed,initial_basin_no_motion_observable,source_active_role,active_initial_basin_no_repair_needed,True,passive_no_motion_basin_member,active_initial_basin_no_repair_needed,source_active_role,initial_basin_no_motion_observable||source_active_role,active_initial_basin_no_repair_needed,True
15053,26,phase_fault,novel_local_defect_repair,0,0,0.0227609436177898,0.2064419048743061,-0.9459010604698446,0.0538853147661554,0.9071357120899028,0.0072298104711456,True,0.0227609436177898,0.2064419048743061,0.0538853147661554,0.9071357120899028,0.0,0.0,True,True,0,True,True,True,0,active_source,active_initial_basin_no_repair_needed,initial_basin_no_motion_observable,source_active_role,active_initial_basin_no_repair_needed,True,passive_no_motion_basin_member,active_initial_basin_no_repair_needed,source_active_role,initial_basin_no_motion_observable||source_active_role,active_initial_basin_no_repair_needed,True
15053,26,phase_fault,novel_gradient_shear,0,0,0.0227609436177898,0.2064419048743061,-0.9459010604698446,0.0538853147661554,0.9071357120899028,0.0072298104711456,True,0.0227609436177898,0.2064419048743061,0.0538853147661554,0.9071357120899028,0.0,0.0,True,True,0,True,True,True,0,active_source,active_initial_basin_no_repair_needed,initial_basin_no_motion_observable,source_active_role,active_initial_basin_no_repair_needed,True,passive_no_motion_basin_member,active_initial_basin_no_repair_needed,source_active_role,initial_basin_no_motion_observable||source_active_role,active_initial_basin_no_repair_needed,True
15053,18,broken_ring,passive_hold,0,0,2.2773070277693545e-08,2.2799224234973444e-05,-0.999998569335658,0.000212194099658,0.8315451293178505,0.0302516516532287,True,2.2773070277693545e-08,2.2799224234973444e-05,0.000212194099658,0.8315451293178505,0.0,0.0,True,True,0,True,True,True,0,passive_source,passive_no_motion_basin_member,initial_basin_no_motion_observable,source_basin_eligible_nonactive_role,passive_no_motion_basin_member,True,passive_no_motion_basin_member,passive_no_motion_basin_member,source_basin_eligible_nonactive_role,initial_basin_no_motion_observable||source_basin_eligible_nonactive_role,passive_no_motion_basin_member,True
15053,18,broken_ring,novel_passive_pre_basin,0,0,2.2773070277693545e-08,2.2799224234973444e-05,-0.999998569335658,0.000212194099658,0.8315451293178505,0.0302516516532287,True,2.2773070277693545e-08,2.2799224234973444e-05,0.000212194099658,0.8315451293178505,0.0,0.0,True,True,0,True,True,True,0,passive_source,passive_no_motion_basin_member,initial_basin_no_motion_observable,source_basin_eligible_nonactive_role,passive_no_motion_basin_member,True,passive_no_motion_basin_member,passive_no_motion_basin_member,source_basin_eligible_nonactive_role,initial_basin_no_motion_observable||source_basin_eligible_nonactive_role,passive_no_motion_basin_member,True
15083,26,phase_fault,directed_variational,0,0,0.0219391755835587,0.2022951394777755,-0.9454262086543492,0.0543601665816506,0.943471430784264,0.0073509941038808,True,0.0219391755835587,0.2022951394777755,0.0543601665816506,0.943471430784264,0.0,0.0,True,True,0,True,True,True,0,active_source,active_initial_basin_no_repair_needed,initial_basin_no_motion_observable,source_active_role,active_initial_basin_no_repair_needed,True,passive_no_motion_basin_member,active_initial_basin_no_repair_needed,source_active_role,initial_basin_no_motion_observable||source_active_role,active_initial_basin_no_repair_needed,True
15083,26,phase_fault,defect_forced,0,0,0.0219391755835587,0.2022951394777755,-0.9454262086543492,0.0543601665816506,0.943471430784264,0.0073509941038808,True,0.0219391755835587,0.2022951394777755,0.0543601665816506,0.943471430784264,0.0,0.0,True,True,0,True,True,True,0,active_source,active_initial_basin_no_repair_needed,initial_basin_no_motion_observable,source_active_role,active_initial_basin_no_repair_needed,True,passive_no_motion_basin_member,active_initial_basin_no_repair_needed,source_active_role,initial_basin_no_motion_observable||source_active_role,active_initial_basin_no_repair_needed,True
15083,26,phase_fault,novel_local_defect_repair,0,0,0.0219391755835587,0.2022951394777755,-0.9454262086543492,0.0543601665816506,0.943471430784264,0.0073509941038808,True,0.0219391755835587,0.2022951394777755,0.0543601665816506,0.943471430784264,0.0,0.0,True,True,0,True,True,True,0,active_source,active_initial_basin_no_repair_needed,initial_basin_no_motion_observable,source_active_role,active_initial_basin_no_repair_needed,True,passive_no_motion_basin_member,active_initial_basin_no_repair_needed,source_active_role,initial_basin_no_motion_observable||source_active_role,active_initial_basin_no_repair_needed,True
15083,26,phase_fault,novel_gradient_shear,0,0,0.0219391755835587,0.2022951394777755,-0.9454262086543492,0.0543601665816506,0.943471430784264,0.0073509941038808,True,0.0219391755835587,0.2022951394777755,0.0543601665816506,0.943471430784264,0.0,0.0,True,True,0,True,True,True,0,active_source,active_initial_basin_no_repair_needed,initial_basin_no_motion_observable,source_active_role,active_initial_basin_no_repair_needed,True,passive_no_motion_basin_member,active_initial_basin_no_repair_needed,source_active_role,initial_basin_no_motion_observable||source_active_role,active_initial_basin_no_repair_needed,True
15083,26,phase_fault,passive_hold,0,0,2.2778402653198503e-08,1.1830056396139394e-06,-0.999999812359772,0.0002134371237719,0.943471430784264,0.0073509941038808,True,2.2778402653198503e-08,1.1830056396139394e-06,0.0002134371237719,0.943471430784264,0.0,0.0,True,True,0,True,True,True,0,passive_source,passive_no_motion_basin_member,initial_basin_no_motion_observable,source_basin_eligible_nonactive_role,passive_no_motion_basin_member,True,passive_no_motion_basin_member,passive_no_motion_basin_member,source_basin_eligible_nonactive_role,initial_basin_no_motion_observable||source_basin_eligible_nonactive_role,passive_no_motion_basin_member,True
15083,26,phase_fault,novel_passive_pre_basin,0,0,2.2778402653198503e-08,1.1830056396139394e-06,-0.999999812359772,0.0002134371237719,0.943471430784264,0.0073509941038808,True,2.2778402653198503e-08,1.1830056396139394e-06,0.0002134371237719,0.943471430784264,0.0,0.0,True,True,0,True,True,True,0,passive_source,passive_no_motion_basin_member,initial_basin_no_motion_observable,source_basin_eligible_nonactive_role,passive_no_motion_basin_member,True,passive_no_motion_basin_member,passive_no_motion_basin_member,source_basin_eligible_nonactive_role,initial_basin_no_motion_observable||source_basin_eligible_nonactive_role,passive_no_motion_basin_member,True
15083,18,broken_ring,passive_hold,0,0,2.2481218507219007e-08,9.30594944099987e-06,-0.9999982144116012,0.0002118391756013,0.8692378414037886,0.0338235554643273,True,2.2481218507219007e-08,9.30594944099987e-06,0.0002118391756013,0.8692378414037886,0.0,0.0,True,True,0,True,True,True,0,passive_source,passive_no_motion_basin_member,initial_basin_no_motion_observable,source_basin_eligible_nonactive_role,passive_no_motion_basin_member,True,passive_no_motion_basin_member,passive_no_motion_basin_member,source_basin_eligible_nonactive_role,initial_basin_no_motion_observable||source_basin_eligible_nonactive_role,passive_no_motion_basin_member,True
15083,18,broken_ring,novel_passive_pre_basin,0,0,2.2481218507219007e-08,9.30594944099987e-06,-0.9999982144116012,0.0002118391756013,0.8692378414037886,0.0338235554643273,True,2.2481218507219007e-08,9.30594944099987e-06,0.0002118391756013,0.8692378414037886,0.0,0.0,True,True,0,True,True,True,0,passive_source,passive_no_motion_basin_member,initial_basin_no_motion_observable,source_basin_eligible_nonactive_role,passive_no_motion_basin_member,True,passive_no_motion_basin_member,passive_no_motion_basin_member,source_basin_eligible_nonactive_role,initial_basin_no_motion_observable||source_basin_eligible_nonactive_role,passive_no_motion_basin_member,True
15031,26,phase_fault,directed_variational,0,0,0.0225638079510458,0.2033496834876571,-0.938332960948742,0.0614534142872581,0.9255404404425182,0.0067841826443326,True,0.0225638079510458,0.2033496834876571,0.0614534142872581,0.9255404404425182,0.0,0.0,True,True,0,True,True,True,0,active_source,active_initial_basin_no_repair_needed,initial_basin_no_motion_observable,source_active_role,active_initial_basin_no_repair_needed,True,passive_no_motion_basin_member,active_initial_basin_no_repair_needed,source_active_role,initial_basin_no_motion_observable||source_active_role,active_initial_basin_no_repair_needed,True
15031,26,phase_fault,defect_forced,0,0,0.0225638079510458,0.2033496834876571,-0.938332960948742,0.0614534142872581,0.9255404404425182,0.0067841826443326,True,0.0225638079510458,0.2033496834876571,0.0614534142872581,0.9255404404425182,0.0,0.0,True,True,0,True,True,True,0,active_source,active_initial_basin_no_repair_needed,initial_basin_no_motion_observable,source_active_role,active_initial_basin_no_repair_needed,True,passive_no_motion_basin_member,active_initial_basin_no_repair_needed,source_active_role,initial_basin_no_motion_observable||source_active_role,active_initial_basin_no_repair_needed,True
15031,26,phase_fault,novel_local_defect_repair,0,0,0.0225638079510458,0.2033496834876571,-0.938332960948742,0.0614534142872581,0.9255404404425182,0.0067841826443326,True,0.0225638079510458,0.2033496834876571,0.0614534142872581,0.9255404404425182,0.0,0.0,True,True,0,True,True,True,0,active_source,active_initial_basin_no_repair_needed,initial_basin_no_motion_observable,source_active_role,active_initial_basin_no_repair_needed,True,passive_no_motion_basin_member,active_initial_basin_no_repair_needed,source_active_role,initial_basin_no_motion_observable||source_active_role,active_initial_basin_no_repair_needed,True
15031,26,phase_fault,novel_gradient_shear,0,0,0.0225638079510458,0.2033496834876571,-0.938332960948742,0.0614534142872581,0.9255404404425182,0.0067841826443326,True,0.0225638079510458,0.2033496834876571,0.0614534142872581,0.9255404404425182,0.0,0.0,True,True,0,True,True,True,0,active_source,active_initial_basin_no_repair_needed,initial_basin_no_motion_observable,source_active_role,active_initial_basin_no_repair_needed,True,passive_no_motion_basin_member,active_initial_basin_no_repair_needed,source_active_role,initial_basin_no_motion_observable||source_active_role,active_initial_basin_no_repair_needed,True
15031,26,phase_fault,passive_hold,0,0,2.2785957009726637e-08,6.977249709056294e-07,-0.999999849888358,0.0002134746523578,0.9255404404425182,0.0067841826443326,True,2.2785957009726637e-08,6.977249709056294e-07,0.0002134746523578,0.9255404404425182,0.0,0.0,True,True,0,True,True,True,0,passive_source,passive_no_motion_basin_member,initial_basin_no_motion_observable,source_basin_eligible_nonactive_role,passive_no_motion_basin_member,True,passive_no_motion_basin_member,passive_no_motion_basin_member,source_basin_eligible_nonactive_role,initial_basin_no_motion_observable||source_basin_eligible_nonactive_role,passive_no_motion_basin_member,True
15031,26,phase_fault,novel_passive_pre_basin,0,0,2.2785957009726637e-08,6.977249709056294e-07,-0.999999849888358,0.0002134746523578,0.9255404404425182,0.0067841826443326,True,2.2785957009726637e-08,6.977249709056294e-07,0.0002134746523578,0.9255404404425182,0.0,0.0,True,True,0,True,True,True,0,passive_source,passive_no_motion_basin_member,initial_basin_no_motion_observable,source_basin_eligible_nonactive_role,passive_no_motion_basin_member,True,passive_no_motion_basin_member,passive_no_motion_basin_member,source_basin_eligible_nonactive_role,initial_basin_no_motion_observable||source_basin_eligible_nonactive_role,passive_no_motion_basin_member,True
15011,26,corner_sink,passive_hold,0,0,2.2759917169268083e-08,6.881869299370872e-06,-0.999999617994877,0.000213242758877,3.556105693165312,0.0664353979801564,True,2.2759917169268083e-08,6.881869299370872e-06,0.000213242758877,3.556105693165312,0.0,0.0,True,True,0,True,True,True,0,passive_source,passive_no_motion_basin_member,initial_basin_no_motion_observable,source_basin_eligible_nonactive_role,passive_no_motion_basin_member,True,passive_no_motion_basin_member,passive_no_motion_basin_member,source_basin_eligible_nonactive_role,initial_basin_no_motion_observable||source_basin_eligible_nonactive_role,passive_no_motion_basin_member,True
15011,26,corner_sink,novel_passive_pre_basin,0,0,2.2759917169268083e-08,6.881869299370872e-06,-0.999999617994877,0.000213242758877,3.556105693165312,0.0664353979801564,True,2.2759917169268083e-08,6.881869299370872e-06,0.000213242758877,3.556105693165312,0.0,0.0,True,True,0,True,True,True,0,passive_source,passive_no_motion_basin_member,initial_basin_no_motion_observable,source_basin_eligible_nonactive_role,passive_no_motion_basin_member,True,passive_no_motion_basin_member,passive_no_motion_basin_member,source_basin_eligible_nonactive_role,initial_basin_no_motion_observable||source_basin_eligible_nonactive_role,passive_no_motion_basin_member,True
15101,18,broken_ring,passive_hold,0,0,2.2496068390994525e-08,1.0332249100383338e-05,-0.9999982369395014,0.0002118617035014,0.6828264029008939,0.0252117654726449,True,2.2496068390994525e-08,1.0332249100383338e-05,0.0002118617035014,0.6828264029008939,0.0,0.0,True,True,0,True,True,True,0,passive_source,passive_no_motion_basin_member,initial_basin_no_motion_observable,source_basin_eligible_nonactive_role,passive_no_motion_basin_member,True,passive_no_motion_basin_member,passive_no_motion_basin_member,source_basin_eligible_nonactive_role,initial_basin_no_motion_observable||source_basin_eligible_nonactive_role,passive_no_motion_basin_member,True
15101,18,broken_ring,novel_passive_pre_basin,0,0,2.2496068390994525e-08,1.0332249100383338e-05,-0.9999982369395014,0.0002118617035014,0.6828264029008939,0.0252117654726449,True,2.2496068390994525e-08,1.0332249100383338e-05,0.0002118617035014,0.6828264029008939,0.0,0.0,True,True,0,True,True,True,0,passive_source,passive_no_motion_basin_member,initial_basin_no_motion_observable,source_basin_eligible_nonactive_role,passive_no_motion_basin_member,True,passive_no_motion_basin_member,passive_no_motion_basin_member,source_basin_eligible_nonactive_role,initial_basin_no_motion_observable||source_basin_eligible_nonactive_role,passive_no_motion_basin_member,True
15031,18,ripple_wall,passive_hold,0,0,2.257299070695772e-08,1.3361958715417358e-05,-0.9999984305105706,0.0002120552745705,0.757185112810727,0.0157587380187559,True,2.257299070695772e-08,1.3361958715417358e-05,0.0002120552745705,0.757185112810727,0.0,0.0,True,True,0,True,True,True,0,passive_source,passive_no_motion_basin_member,initial_basin_no_motion_observable,source_basin_eligible_nonactive_role,passive_no_motion_basin_member,True,passive_no_motion_basin_member,passive_no_motion_basin_member,source_basin_eligible_nonactive_role,initial_basin_no_motion_observable||source_basin_eligible_nonactive_role,passive_no_motion_basin_member,True
15031,18,corner_sink,passive_hold,0,0,2.33311883369859e-08,3.472578344021028e-05,-0.9999995805282385,0.0002132052922383,3.2289866218866456,0.1074053667966051,True,2.33311883369859e-08,3.472578344021028e-05,0.0002132052922383,3.2289866218866456,0.0,0.0,True,True,0,True,True,True,0,passive_source,passive_no_motion_basin_member,initial_basin_no_motion_observable,source_basin_eligible_nonactive_role,passive_no_motion_basin_member,True,passive_no_motion_basin_member,passive_no_motion_basin_member,source_basin_eligible_nonactive_role,initial_basin_no_motion_observable||source_basin_eligible_nonactive_role,passive_no_motion_basin_member,True
15031,18,corner_sink,novel_passive_pre_basin,0,0,2.33311883369859e-08,3.472578344021028e-05,-0.9999995805282385,0.0002132052922383,3.2289866218866456,0.1074053667966051,True,2.33311883369859e-08,3.472578344021028e-05,0.0002132052922383,3.2289866218866456,0.0,0.0,True,True,0,True,True,True,0,passive_source,passive_no_motion_basin_member,initial_basin_no_motion_observable,source_basin_eligible_nonactive_role,passive_no_motion_basin_member,True,passive_no_motion_basin_member,passive_no_motion_basin_member,source_basin_eligible_nonactive_role,initial_basin_no_motion_observable||source_basin_eligible_nonactive_role,passive_no_motion_basin_member,True
15011,18,corner_sink,passive_hold,0,0,2.330468180485461e-08,4.028983617314839e-05,-0.999998474488028,0.000212099252028,2.181504367279865,0.1026994064288613,True,2.330468180485461e-08,4.028983617314839e-05,0.000212099252028,2.181504367279865,0.0,0.0,True,True,0,True,True,True,0,passive_source,passive_no_motion_basin_member,initial_basin_no_motion_observable,source_basin_eligible_nonactive_role,passive_no_motion_basin_member,True,passive_no_motion_basin_member,passive_no_motion_basin_member,source_basin_eligible_nonactive_role,initial_basin_no_motion_observable||source_basin_eligible_nonactive_role,passive_no_motion_basin_member,True
15011,18,corner_sink,novel_passive_pre_basin,0,0,2.330468180485461e-08,4.028983617314839e-05,-0.999998474488028,0.000212099252028,2.181504367279865,0.1026994064288613,True,2.330468180485461e-08,4.028983617314839e-05,0.000212099252028,2.181504367279865,0.0,0.0,True,True,0,True,True,True,0,passive_source,passive_no_motion_basin_member,initial_basin_no_motion_observable,source_basin_eligible_nonactive_role,passive_no_motion_basin_member,True,passive_no_motion_basin_member,passive_no_motion_basin_member,source_basin_eligible_nonactive_role,initial_basin_no_motion_observable||source_basin_eligible_nonactive_role,passive_no_motion_basin_member,True
15053,18,corner_sink,novel_passive_pre_basin,0,0,2.2815119273486684e-08,1.565100714587771e-05,-0.9999994134591486,0.0002130382231485,3.133126035016373,0.0968451489890581,True,2.2815119273486684e-08,1.565100714587771e-05,0.0002130382231485,3.133126035016373,0.0,0.0,True,True,0,True,True,True,0,passive_source,passive_no_motion_basin_member,initial_basin_no_motion_observable,source_basin_eligible_nonactive_role,passive_no_motion_basin_member,True,passive_no_motion_basin_member,passive_no_motion_basin_member,source_basin_eligible_nonactive_role,initial_basin_no_motion_observable||source_basin_eligible_nonactive_role,passive_no_motion_basin_member,True
15053,18,corner_sink,passive_hold,0,0,2.2815119273486684e-08,1.565100714587771e-05,-0.9999994134591486,0.0002130382231485,3.133126035016373,0.0968451489890581,True,2.2815119273486684e-08,1.565100714587771e-05,0.0002130382231485,3.133126035016373,0.0,0.0,True,True,0,True,True,True,0,passive_source,passive_no_motion_basin_member,initial_basin_no_motion_observable,source_basin_eligible_nonactive_role,passive_no_motion_basin_member,True,passive_no_motion_basin_member,passive_no_motion_basin_member,source_basin_eligible_nonactive_role,initial_basin_no_motion_observable||source_basin_eligible_nonactive_role,passive_no_motion_basin_member,True
15031,18,ripple_wall,novel_passive_pre_basin,0,0,2.257299070695772e-08,1.3361958715417358e-05,-0.9999984305105706,0.0002120552745705,0.757185112810727,0.0157587380187559,True,2.257299070695772e-08,1.3361958715417358e-05,0.0002120552745705,0.757185112810727,0.0,0.0,True,True,0,True,True,True,0,passive_source,passive_no_motion_basin_member,initial_basin_no_motion_observable,source_basin_eligible_nonactive_role,passive_no_motion_basin_member,True,passive_no_motion_basin_member,passive_no_motion_basin_member,source_basin_eligible_nonactive_role,initial_basin_no_motion_observable||source_basin_eligible_nonactive_role,passive_no_motion_basin_member,True
15011,26,phase_fault,defect_forced,0,0,0.0166502448703773,0.1752851292256921,-0.9490358756021338,0.0507504996338662,0.900862509465356,0.006653945917474,True,0.0166502448703773,0.1752851292256921,0.0507504996338662,0.900862509465356,0.0,0.0,True,True,0,True,True,True,0,active_source,active_initial_basin_no_repair_needed,initial_basin_no_motion_observable,source_active_role,active_initial_basin_no_repair_needed,True,passive_no_motion_basin_member,active_initial_basin_no_repair_needed,source_active_role,initial_basin_no_motion_observable||source_active_role,active_initial_basin_no_repair_needed,True
15011,26,phase_fault,novel_local_defect_repair,0,0,0.0166502448703773,0.1752851292256921,-0.9490358756021338,0.0507504996338662,0.900862509465356,0.006653945917474,True,0.0166502448703773,0.1752851292256921,0.0507504996338662,0.900862509465356,0.0,0.0,True,True,0,True,True,True,0,active_source,active_initial_basin_no_repair_needed,initial_basin_no_motion_observable,source_active_role,active_initial_basin_no_repair_needed,True,passive_no_motion_basin_member,active_initial_basin_no_repair_needed,source_active_role,initial_basin_no_motion_observable||source_active_role,active_initial_basin_no_repair_needed,True
15011,26,phase_fault,novel_gradient_shear,0,0,0.0166502448703773,0.1752851292256921,-0.9490358756021338,0.0507504996338662,0.900862509465356,0.006653945917474,True,0.0166502448703773,0.1752851292256921,0.0507504996338662,0.900862509465356,0.0,0.0,True,True,0,True,True,True,0,active_source,active_initial_basin_no_repair_needed,initial_basin_no_motion_observable,source_active_role,active_initial_basin_no_repair_needed,True,passive_no_motion_basin_member,active_initial_basin_no_repair_needed,source_active_role,initial_basin_no_motion_observable||source_active_role,active_initial_basin_no_repair_needed,True
15011,26,phase_fault,passive_hold,0,0,2.277757436443445e-08,1.2532839554816836e-06,-0.9999998080779156,0.0002134328419156,0.900862509465356,0.006653945917474,True,2.277757436443445e-08,1.2532839554816836e-06,0.0002134328419156,0.900862509465356,0.0,0.0,True,True,0,True,True,True,0,passive_source,passive_no_motion_basin_member,initial_basin_no_motion_observable,source_basin_eligible_nonactive_role,passive_no_motion_basin_member,True,passive_no_motion_basin_member,passive_no_motion_basin_member,source_basin_eligible_nonactive_role,initial_basin_no_motion_observable||source_basin_eligible_nonactive_role,passive_no_motion_basin_member,True
15011,26,phase_fault,novel_passive_pre_basin,0,0,2.277757436443445e-08,1.2532839554816836e-06,-0.9999998080779156,0.0002134328419156,0.900862509465356,0.006653945917474,True,2.277757436443445e-08,1.2532839554816836e-06,0.0002134328419156,0.900862509465356,0.0,0.0,True,True,0,True,True,True,0,passive_source,passive_no_motion_basin_member,initial_basin_no_motion_observable,source_basin_eligible_nonactive_role,passive_no_motion_basin_member,True,passive_no_motion_basin_member,passive_no_motion_basin_member,source_basin_eligible_nonactive_role,initial_basin_no_motion_observable||source_basin_eligible_nonactive_role,passive_no_motion_basin_member,True
15083,18,corner_sink,passive_hold,0,0,2.2765502665510035e-08,1.450362599984645e-05,-0.9999992617084774,0.0002128864724774,3.0628082262214718,0.1030832014076318,True,2.2765502665510035e-08,1.450362599984645e-05,0.0002128864724774,3.0628082262214718,0.0,0.0,True,True,0,True,True,True,0,passive_source,passive_no_motion_basin_member,initial_basin_no_motion_observable,source_basin_eligible_nonactive_role,passive_no_motion_basin_member,True,passive_no_motion_basin_member,passive_no_motion_basin_member,source_basin_eligible_nonactive_role,initial_basin_no_motion_observable||source_basin_eligible_nonactive_role,passive_no_motion_basin_member,True
15083,18,corner_sink,novel_passive_pre_basin,0,0,2.2765502665510035e-08,1.450362599984645e-05,-0.9999992617084774,0.0002128864724774,3.0628082262214718,0.1030832014076318,True,2.2765502665510035e-08,1.450362599984645e-05,0.0002128864724774,3.0628082262214718,0.0,0.0,True,True,0,True,True,True,0,passive_source,passive_no_motion_basin_member,initial_basin_no_motion_observable,source_basin_eligible_nonactive_role,passive_no_motion_basin_member,True,passive_no_motion_basin_member,passive_no_motion_basin_member,source_basin_eligible_nonactive_role,initial_basin_no_motion_observable||source_basin_eligible_nonactive_role,passive_no_motion_basin_member,True
15011,26,phase_fault,directed_variational,0,0,0.0166502448703773,0.1752851292256921,-0.9490358756021338,0.0507504996338662,0.900862509465356,0.006653945917474,True,0.0166502448703773,0.1752851292256921,0.0507504996338662,0.900862509465356,0.0,0.0,True,True,0,True,True,True,0,active_source,active_initial_basin_no_repair_needed,initial_basin_no_motion_observable,source_active_role,active_initial_basin_no_repair_needed,True,passive_no_motion_basin_member,active_initial_basin_no_repair_needed,source_active_role,initial_basin_no_motion_observable||source_active_role,active_initial_basin_no_repair_needed,True
15101,26,broken_ring,passive_hold,0,0,2.266252126112592e-08,5.68215277583184e-06,-0.9999991961834231,0.0002128209474231,0.8384467405791018,0.0174582785346254,True,2.266252126112592e-08,5.68215277583184e-06,0.0002128209474231,0.8384467405791018,0.0,0.0,True,True,0,True,True,True,0,passive_source,passive_no_motion_basin_member,initial_basin_no_motion_observable,source_basin_eligible_nonactive_role,passive_no_motion_basin_member,True,passive_no_motion_basin_member,passive_no_motion_basin_member,source_basin_eligible_nonactive_role,initial_basin_no_motion_observable||source_basin_eligible_nonactive_role,passive_no_motion_basin_member,True
15101,26,broken_ring,novel_passive_pre_basin,0,0,2.266252126112592e-08,5.68215277583184e-06,-0.9999991961834231,0.0002128209474231,0.8384467405791018,0.0174582785346254,True,2.266252126112592e-08,5.68215277583184e-06,0.0002128209474231,0.8384467405791018,0.0,0.0,True,True,0,True,True,True,0,passive_source,passive_no_motion_basin_member,initial_basin_no_motion_observable,source_basin_eligible_nonactive_role,passive_no_motion_basin_member,True,passive_no_motion_basin_member,passive_no_motion_basin_member,source_basin_eligible_nonactive_role,initial_basin_no_motion_observable||source_basin_eligible_nonactive_role,passive_no_motion_basin_member,True
15011,18,prealigned_low_energy,defect_forced,0,0,2.2637896426240794e-08,4.750935699757732e-06,-0.9999991032817824,0.0002127280457825,1.3058851481434215,0.0454883688937867,True,2.2637896426240794e-08,4.750935699757732e-06,0.0002127280457825,1.3058851481434215,0.0,0.0,True,True,0,True,True,True,0,active_source,active_initial_basin_no_repair_needed,initial_basin_no_motion_observable,source_active_role,active_initial_basin_no_repair_needed,True,passive_no_motion_basin_member,active_initial_basin_no_repair_needed,source_active_role,initial_basin_no_motion_observable||source_active_role,active_initial_basin_no_repair_needed,True
15011,18,prealigned_low_energy,directed_variational,0,0,2.2637896426240794e-08,4.750935699757732e-06,-0.9999991032817824,0.0002127280457825,1.3058851481434215,0.0454883688937867,True,2.2637896426240794e-08,4.750935699757732e-06,0.0002127280457825,1.3058851481434215,0.0,0.0,True,True,0,True,True,True,0,active_source,active_initial_basin_no_repair_needed,initial_basin_no_motion_observable,source_active_role,active_initial_basin_no_repair_needed,True,passive_no_motion_basin_member,active_initial_basin_no_repair_needed,source_active_role,initial_basin_no_motion_observable||source_active_role,active_initial_basin_no_repair_needed,True
15083,26,corner_sink,novel_passive_pre_basin,0,0,2.2748275064496673e-08,6.725031355460484e-06,-0.999999568397434,0.000213193161434,3.1062732702306883,0.060008429178597,True,2.2748275064496673e-08,6.725031355460484e-06,0.000213193161434,3.1062732702306883,0.0,0.0,True,True,0,True,True,True,0,passive_source,passive_no_motion_basin_member,initial_basin_no_motion_observable,source_basin_eligible_nonactive_role,passive_no_motion_basin_member,True,passive_no_motion_basin_member,passive_no_motion_basin_member,source_basin_eligible_nonactive_role,initial_basin_no_motion_observable||source_basin_eligible_nonactive_role,passive_no_motion_basin_member,True
15101,18,corner_sink,passive_hold,0,0,2.2704894621682657e-08,4.875386001953607e-06,-0.9999994151849644,0.0002130399489642,2.8598384469837037,0.119928067156009,True,2.2704894621682657e-08,4.875386001953607e-06,0.0002130399489642,2.8598384469837037,0.0,0.0,True,True,0,True,True,True,0,passive_source,passive_no_motion_basin_member,initial_basin_no_motion_observable,source_basin_eligible_nonactive_role,passive_no_motion_basin_member,True,passive_no_motion_basin_member,passive_no_motion_basin_member,source_basin_eligible_nonactive_role,initial_basin_no_motion_observable||source_basin_eligible_nonactive_role,passive_no_motion_basin_member,True
15101,18,corner_sink,novel_passive_pre_basin,0,0,2.2704894621682657e-08,4.875386001953607e-06,-0.9999994151849644,0.0002130399489642,2.8598384469837037,0.119928067156009,True,2.2704894621682657e-08,4.875386001953607e-06,0.0002130399489642,2.8598384469837037,0.0,0.0,True,True,0,True,True,True,0,passive_source,passive_no_motion_basin_member,initial_basin_no_motion_observable,source_basin_eligible_nonactive_role,passive_no_motion_basin_member,True,passive_no_motion_basin_member,passive_no_motion_basin_member,source_basin_eligible_nonactive_role,initial_basin_no_motion_observable||source_basin_eligible_nonactive_role,passive_no_motion_basin_member,True
15031,18,prealigned_low_energy,novel_local_defect_repair,0,0,2.2687505816307908e-08,5.778395572417102e-06,-0.9999993109581728,0.0002129357221727,1.3671086584861862,0.0458575989875587,True,2.2687505816307908e-08,5.778395572417102e-06,0.0002129357221727,1.3671086584861862,0.0,0.0,True,True,0,True,True,True,0,active_source,active_initial_basin_no_repair_needed,initial_basin_no_motion_observable,source_active_role,active_initial_basin_no_repair_needed,True,passive_no_motion_basin_member,active_initial_basin_no_repair_needed,source_active_role,initial_basin_no_motion_observable||source_active_role,active_initial_basin_no_repair_needed,True
15031,18,prealigned_low_energy,novel_gradient_shear,0,0,2.2687505816307908e-08,5.778395572417102e-06,-0.9999993109581728,0.0002129357221727,1.3671086584861862,0.0458575989875587,True,2.2687505816307908e-08,5.778395572417102e-06,0.0002129357221727,1.3671086584861862,0.0,0.0,True,True,0,True,True,True,0,active_source,active_initial_basin_no_repair_needed,initial_basin_no_motion_observable,source_active_role,active_initial_basin_no_repair_needed,True,passive_no_motion_basin_member,active_initial_basin_no_repair_needed,source_active_role,initial_basin_no_motion_observable||source_active_role,active_initial_basin_no_repair_needed,True
15031,18,prealigned_low_energy,passive_hold,0,0,2.2687505816307908e-08,5.778395572417102e-06,-0.9999993109581728,0.0002129357221727,1.3671086584861862,0.0458575989875587,True,2.2687505816307908e-08,5.778395572417102e-06,0.0002129357221727,1.3671086584861862,0.0,0.0,True,True,0,True,True,True,0,passive_source,passive_no_motion_basin_member,initial_basin_no_motion_observable,source_basin_eligible_nonactive_role,passive_no_motion_basin_member,True,passive_no_motion_basin_member,passive_no_motion_basin_member,source_basin_eligible_nonactive_role,initial_basin_no_motion_observable||source_basin_eligible_nonactive_role,passive_no_motion_basin_member,True
15031,18,prealigned_low_energy,novel_passive_pre_basin,0,0,2.2687505816307908e-08,5.778395572417102e-06,-0.9999993109581728,0.0002129357221727,1.3671086584861862,0.0458575989875587,True,2.2687505816307908e-08,5.778395572417102e-06,0.0002129357221727,1.3671086584861862,0.0,0.0,True,True,0,True,True,True,0,passive_source,passive_no_motion_basin_member,initial_basin_no_motion_observable,source_basin_eligible_nonactive_role,passive_no_motion_basin_member,True,passive_no_motion_basin_member,passive_no_motion_basin_member,source_basin_eligible_nonactive_role,initial_basin_no_motion_observable||source_basin_eligible_nonactive_role,passive_no_motion_basin_member,True
15031,18,prealigned_low_energy,directed_variational,0,0,2.2687505816307908e-08,5.778395572417102e-06,-0.9999993109581728,0.0002129357221727,1.3671086584861862,0.0458575989875587,True,2.2687505816307908e-08,5.778395572417102e-06,0.0002129357221727,1.3671086584861862,0.0,0.0,True,True,0,True,True,True,0,active_source,active_initial_basin_no_repair_needed,initial_basin_no_motion_observable,source_active_role,active_initial_basin_no_repair_needed,True,passive_no_motion_basin_member,active_initial_basin_no_repair_needed,source_active_role,initial_basin_no_motion_observable||source_active_role,active_initial_basin_no_repair_needed,True
15031,18,prealigned_low_energy,defect_forced,0,0,2.2687505816307908e-08,5.778395572417102e-06,-0.9999993109581728,0.0002129357221727,1.3671086584861862,0.0458575989875587,True,2.2687505816307908e-08,5.778395572417102e-06,0.0002129357221727,1.3671086584861862,0.0,0.0,True,True,0,True,True,True,0,active_source,active_initial_basin_no_repair_needed,initial_basin_no_motion_observable,source_active_role,active_initial_basin_no_repair_needed,True,passive_no_motion_basin_member,active_initial_basin_no_repair_needed,source_active_role,initial_basin_no_motion_observable||source_active_role,active_initial_basin_no_repair_needed,True
15083,26,corner_sink,passive_hold,0,0,2.2748275064496673e-08,6.725031355460484e-06,-0.999999568397434,0.000213193161434,3.1062732702306883,0.060008429178597,True,2.2748275064496673e-08,6.725031355460484e-06,0.000213193161434,3.1062732702306883,0.0,0.0,True,True,0,True,True,True,0,passive_source,passive_no_motion_basin_member,initial_basin_no_motion_observable,source_basin_eligible_nonactive_role,passive_no_motion_basin_member,True,passive_no_motion_basin_member,passive_no_motion_basin_member,source_basin_eligible_nonactive_role,initial_basin_no_motion_observable||source_basin_eligible_nonactive_role,passive_no_motion_basin_member,True
15011,18,prealigned_low_energy,novel_local_defect_repair,0,0,2.2637896426240794e-08,4.750935699757732e-06,-0.9999991032817824,0.0002127280457825,1.3058851481434215,0.0454883688937867,True,2.2637896426240794e-08,4.750935699757732e-06,0.0002127280457825,1.3058851481434215,0.0,0.0,True,True,0,True,True,True,0,active_source,active_initial_basin_no_repair_needed,initial_basin_no_motion_observable,source_active_role,active_initial_basin_no_repair_needed,True,passive_no_motion_basin_member,active_initial_basin_no_repair_needed,source_active_role,initial_basin_no_motion_observable||source_active_role,active_initial_basin_no_repair_needed,True
15011,18,prealigned_low_energy,novel_gradient_shear,0,0,2.2637896426240794e-08,4.750935699757732e-06,-0.9999991032817824,0.0002127280457825,1.3058851481434215,0.0454883688937867,True,2.2637896426240794e-08,4.750935699757732e-06,0.0002127280457825,1.3058851481434215,0.0,0.0,True,True,0,True,True,True,0,active_source,active_initial_basin_no_repair_needed,initial_basin_no_motion_observable,source_active_role,active_initial_basin_no_repair_needed,True,passive_no_motion_basin_member,active_initial_basin_no_repair_needed,source_active_role,initial_basin_no_motion_observable||source_active_role,active_initial_basin_no_repair_needed,True
15011,18,prealigned_low_energy,passive_hold,0,0,2.2637896426240794e-08,4.750935699757732e-06,-0.9999991032817824,0.0002127280457825,1.3058851481434215,0.0454883688937867,True,2.2637896426240794e-08,4.750935699757732e-06,0.0002127280457825,1.3058851481434215,0.0,0.0,True,True,0,True,True,True,0,passive_source,passive_no_motion_basin_member,initial_basin_no_motion_observable,source_basin_eligible_nonactive_role,passive_no_motion_basin_member,True,passive_no_motion_basin_member,passive_no_motion_basin_member,source_basin_eligible_nonactive_role,initial_basin_no_motion_observable||source_basin_eligible_nonactive_role,passive_no_motion_basin_member,True
15011,18,prealigned_low_energy,novel_passive_pre_basin,0,0,2.2637896426240794e-08,4.750935699757732e-06,-0.9999991032817824,0.0002127280457825,1.3058851481434215,0.0454883688937867,True,2.2637896426240794e-08,4.750935699757732e-06,0.0002127280457825,1.3058851481434215,0.0,0.0,True,True,0,True,True,True,0,passive_source,passive_no_motion_basin_member,initial_basin_no_motion_observable,source_basin_eligible_nonactive_role,passive_no_motion_basin_member,True,passive_no_motion_basin_member,passive_no_motion_basin_member,source_basin_eligible_nonactive_role,initial_basin_no_motion_observable||source_basin_eligible_nonactive_role,passive_no_motion_basin_member,True
15053,18,prealigned_low_energy,novel_gradient_shear,0,0,2.2714969555805122e-08,1.5765896864203176e-05,-0.9999989343468556,0.0002125591108554,1.1040140725242802,0.0431341448109487,True,2.2714969555805122e-08,1.5765896864203176e-05,0.0002125591108554,1.1040140725242802,0.0,0.0,True,True,0,True,True,True,0,active_source,active_initial_basin_no_repair_needed,initial_basin_no_motion_observable,source_active_role,active_initial_basin_no_repair_needed,True,passive_no_motion_basin_member,active_initial_basin_no_repair_needed,source_active_role,initial_basin_no_motion_observable||source_active_role,active_initial_basin_no_repair_needed,True
15053,18,prealigned_low_energy,passive_hold,0,0,2.2714969555805122e-08,1.5765896864203176e-05,-0.9999989343468556,0.0002125591108554,1.1040140725242802,0.0431341448109487,True,2.2714969555805122e-08,1.5765896864203176e-05,0.0002125591108554,1.1040140725242802,0.0,0.0,True,True,0,True,True,True,0,passive_source,passive_no_motion_basin_member,initial_basin_no_motion_observable,source_basin_eligible_nonactive_role,passive_no_motion_basin_member,True,passive_no_motion_basin_member,passive_no_motion_basin_member,source_basin_eligible_nonactive_role,initial_basin_no_motion_observable||source_basin_eligible_nonactive_role,passive_no_motion_basin_member,True
15053,18,prealigned_low_energy,novel_passive_pre_basin,0,0,2.2714969555805122e-08,1.5765896864203176e-05,-0.9999989343468556,0.0002125591108554,1.1040140725242802,0.0431341448109487,True,2.2714969555805122e-08,1.5765896864203176e-05,0.0002125591108554,1.1040140725242802,0.0,0.0,True,True,0,True,True,True,0,passive_source,passive_no_motion_basin_member,initial_basin_no_motion_observable,source_basin_eligible_nonactive_role,passive_no_motion_basin_member,True,passive_no_motion_basin_member,passive_no_motion_basin_member,source_basin_eligible_nonactive_role,initial_basin_no_motion_observable||source_basin_eligible_nonactive_role,passive_no_motion_basin_member,True
15101,26,prealigned_low_energy,directed_variational,0,0,2.271548496944152e-08,3.4042457959426284e-06,-0.99999949346856,0.0002131182325598,1.2980146816835094,0.0264019514137228,True,2.271548496944152e-08,3.4042457959426284e-06,0.0002131182325598,1.2980146816835094,0.0,0.0,True,True,0,True,True,True,0,active_source,active_initial_basin_no_repair_needed,initial_basin_no_motion_observable,source_active_role,active_initial_basin_no_repair_needed,True,passive_no_motion_basin_member,active_initial_basin_no_repair_needed,source_active_role,initial_basin_no_motion_observable||source_active_role,active_initial_basin_no_repair_needed,True
15011,18,ripple_wall,novel_passive_pre_basin,0,0,2.2399747964391553e-08,1.0322791795926489e-05,-0.9999977822744314,0.0002114070384313,0.7729035299858674,0.0161657374340538,True,2.2399747964391553e-08,1.0322791795926489e-05,0.0002114070384313,0.7729035299858674,0.0,0.0,True,True,0,True,True,True,0,passive_source,passive_no_motion_basin_member,initial_basin_no_motion_observable,source_basin_eligible_nonactive_role,passive_no_motion_basin_member,True,passive_no_motion_basin_member,passive_no_motion_basin_member,source_basin_eligible_nonactive_role,initial_basin_no_motion_observable||source_basin_eligible_nonactive_role,passive_no_motion_basin_member,True
15053,18,prealigned_low_energy,directed_variational,0,0,2.2714969555805122e-08,1.5765896864203176e-05,-0.9999989343468556,0.0002125591108554,1.1040140725242802,0.0431341448109487,True,2.2714969555805122e-08,1.5765896864203176e-05,0.0002125591108554,1.1040140725242802,0.0,0.0,True,True,0,True,True,True,0,active_source,active_initial_basin_no_repair_needed,initial_basin_no_motion_observable,source_active_role,active_initial_basin_no_repair_needed,True,passive_no_motion_basin_member,active_initial_basin_no_repair_needed,source_active_role,initial_basin_no_motion_observable||source_active_role,active_initial_basin_no_repair_needed,True
15053,18,prealigned_low_energy,defect_forced,0,0,2.2714969555805122e-08,1.5765896864203176e-05,-0.9999989343468556,0.0002125591108554,1.1040140725242802,0.0431341448109487,True,2.2714969555805122e-08,1.5765896864203176e-05,0.0002125591108554,1.1040140725242802,0.0,0.0,True,True,0,True,True,True,0,active_source,active_initial_basin_no_repair_needed,initial_basin_no_motion_observable,source_active_role,active_initial_basin_no_repair_needed,True,passive_no_motion_basin_member,active_initial_basin_no_repair_needed,source_active_role,initial_basin_no_motion_observable||source_active_role,active_initial_basin_no_repair_needed,True
15053,18,prealigned_low_energy,novel_local_defect_repair,0,0,2.2714969555805122e-08,1.5765896864203176e-05,-0.9999989343468556,0.0002125591108554,1.1040140725242802,0.0431341448109487,True,2.2714969555805122e-08,1.5765896864203176e-05,0.0002125591108554,1.1040140725242802,0.0,0.0,True,True,0,True,True,True,0,active_source,active_initial_basin_no_repair_needed,initial_basin_no_motion_observable,source_active_role,active_initial_basin_no_repair_needed,True,passive_no_motion_basin_member,active_initial_basin_no_repair_needed,source_active_role,initial_basin_no_motion_observable||source_active_role,active_initial_basin_no_repair_needed,True
15101,26,prealigned_low_energy,novel_local_defect_repair,0,0,2.271548496944152e-08,3.4042457959426284e-06,-0.99999949346856,0.0002131182325598,1.2980146816835094,0.0264019514137228,True,2.271548496944152e-08,3.4042457959426284e-06,0.0002131182325598,1.2980146816835094,0.0,0.0,True,True,0,True,True,True,0,active_source,active_initial_basin_no_repair_needed,initial_basin_no_motion_observable,source_active_role,active_initial_basin_no_repair_needed,True,passive_no_motion_basin_member,active_initial_basin_no_repair_needed,source_active_role,initial_basin_no_motion_observable||source_active_role,active_initial_basin_no_repair_needed,True
15101,26,prealigned_low_energy,novel_gradient_shear,0,0,2.271548496944152e-08,3.4042457959426284e-06,-0.99999949346856,0.0002131182325598,1.2980146816835094,0.0264019514137228,True,2.271548496944152e-08,3.4042457959426284e-06,0.0002131182325598,1.2980146816835094,0.0,0.0,True,True,0,True,True,True,0,active_source,active_initial_basin_no_repair_needed,initial_basin_no_motion_observable,source_active_role,active_initial_basin_no_repair_needed,True,passive_no_motion_basin_member,active_initial_basin_no_repair_needed,source_active_role,initial_basin_no_motion_observable||source_active_role,active_initial_basin_no_repair_needed,True
15101,26,prealigned_low_energy,passive_hold,0,0,2.271548496944152e-08,3.4042457959426284e-06,-0.99999949346856,0.0002131182325598,1.2980146816835094,0.0264019514137228,True,2.271548496944152e-08,3.4042457959426284e-06,0.0002131182325598,1.2980146816835094,0.0,0.0,True,True,0,True,True,True,0,passive_source,passive_no_motion_basin_member,initial_basin_no_motion_observable,source_basin_eligible_nonactive_role,passive_no_motion_basin_member,True,passive_no_motion_basin_member,passive_no_motion_basin_member,source_basin_eligible_nonactive_role,initial_basin_no_motion_observable||source_basin_eligible_nonactive_role,passive_no_motion_basin_member,True
15101,26,prealigned_low_energy,novel_passive_pre_basin,0,0,2.271548496944152e-08,3.4042457959426284e-06,-0.99999949346856,0.0002131182325598,1.2980146816835094,0.0264019514137228,True,2.271548496944152e-08,3.4042457959426284e-06,0.0002131182325598,1.2980146816835094,0.0,0.0,True,True,0,True,True,True,0,passive_source,passive_no_motion_basin_member,initial_basin_no_motion_observable,source_basin_eligible_nonactive_role,passive_no_motion_basin_member,True,passive_no_motion_basin_member,passive_no_motion_basin_member,source_basin_eligible_nonactive_role,initial_basin_no_motion_observable||source_basin_eligible_nonactive_role,passive_no_motion_basin_member,True
15011,18,ripple_wall,passive_hold,0,0,2.2399747964391553e-08,1.0322791795926489e-05,-0.9999977822744314,0.0002114070384313,0.7729035299858674,0.0161657374340538,True,2.2399747964391553e-08,1.0322791795926489e-05,0.0002114070384313,0.7729035299858674,0.0,0.0,True,True,0,True,True,True,0,passive_source,passive_no_motion_basin_member,initial_basin_no_motion_observable,source_basin_eligible_nonactive_role,passive_no_motion_basin_member,True,passive_no_motion_basin_member,passive_no_motion_basin_member,source_basin_eligible_nonactive_role,initial_basin_no_motion_observable||source_basin_eligible_nonactive_role,passive_no_motion_basin_member,True
15101,26,prealigned_low_energy,defect_forced,0,0,2.271548496944152e-08,3.4042457959426284e-06,-0.99999949346856,0.0002131182325598,1.2980146816835094,0.0264019514137228,True,2.271548496944152e-08,3.4042457959426284e-06,0.0002131182325598,1.2980146816835094,0.0,0.0,True,True,0,True,True,True,0,active_source,active_initial_basin_no_repair_needed,initial_basin_no_motion_observable,source_active_role,active_initial_basin_no_repair_needed,True,passive_no_motion_basin_member,active_initial_basin_no_repair_needed,source_active_role,initial_basin_no_motion_observable||source_active_role,active_initial_basin_no_repair_needed,True
15083,18,prealigned_low_energy,directed_variational,0,0,2.2570314952200443e-08,7.031547095750485e-06,-0.9999987220919924,0.0002123468559923,1.2752552802904549,0.0481668351559131,True,2.2570314952200443e-08,7.031547095750485e-06,0.0002123468559923,1.2752552802904549,0.0,0.0,True,True,0,True,True,True,0,active_source,active_initial_basin_no_repair_needed,initial_basin_no_motion_observable,source_active_role,active_initial_basin_no_repair_needed,True,passive_no_motion_basin_member,active_initial_basin_no_repair_needed,source_active_role,initial_basin_no_motion_observable||source_active_role,active_initial_basin_no_repair_needed,True
15083,18,prealigned_low_energy,defect_forced,0,0,2.2570314952200443e-08,7.031547095750485e-06,-0.9999987220919924,0.0002123468559923,1.2752552802904549,0.0481668351559131,True,2.2570314952200443e-08,7.031547095750485e-06,0.0002123468559923,1.2752552802904549,0.0,0.0,True,True,0,True,True,True,0,active_source,active_initial_basin_no_repair_needed,initial_basin_no_motion_observable,source_active_role,active_initial_basin_no_repair_needed,True,passive_no_motion_basin_member,active_initial_basin_no_repair_needed,source_active_role,initial_basin_no_motion_observable||source_active_role,active_initial_basin_no_repair_needed,True
15083,18,prealigned_low_energy,novel_local_defect_repair,0,0,2.2570314952200443e-08,7.031547095750485e-06,-0.9999987220919924,0.0002123468559923,1.2752552802904549,0.0481668351559131,True,2.2570314952200443e-08,7.031547095750485e-06,0.0002123468559923,1.2752552802904549,0.0,0.0,True,True,0,True,True,True,0,active_source,active_initial_basin_no_repair_needed,initial_basin_no_motion_observable,source_active_role,active_initial_basin_no_repair_needed,True,passive_no_motion_basin_member,active_initial_basin_no_repair_needed,source_active_role,initial_basin_no_motion_observable||source_active_role,active_initial_basin_no_repair_needed,True
15083,18,prealigned_low_energy,novel_gradient_shear,0,0,2.2570314952200443e-08,7.031547095750485e-06,-0.9999987220919924,0.0002123468559923,1.2752552802904549,0.0481668351559131,True,2.2570314952200443e-08,7.031547095750485e-06,0.0002123468559923,1.2752552802904549,0.0,0.0,True,True,0,True,True,True,0,active_source,active_initial_basin_no_repair_needed,initial_basin_no_motion_observable,source_active_role,active_initial_basin_no_repair_needed,True,passive_no_motion_basin_member,active_initial_basin_no_repair_needed,source_active_role,initial_basin_no_motion_observable||source_active_role,active_initial_basin_no_repair_needed,True
15083,18,prealigned_low_energy,passive_hold,0,0,2.2570314952200443e-08,7.031547095750485e-06,-0.9999987220919924,0.0002123468559923,1.2752552802904549,0.0481668351559131,True,2.2570314952200443e-08,7.031547095750485e-06,0.0002123468559923,1.2752552802904549,0.0,0.0,True,True,0,True,True,True,0,passive_source,passive_no_motion_basin_member,initial_basin_no_motion_observable,source_basin_eligible_nonactive_role,passive_no_motion_basin_member,True,passive_no_motion_basin_member,passive_no_motion_basin_member,source_basin_eligible_nonactive_role,initial_basin_no_motion_observable||source_basin_eligible_nonactive_role,passive_no_motion_basin_member,True
15083,18,prealigned_low_energy,novel_passive_pre_basin,0,0,2.2570314952200443e-08,7.031547095750485e-06,-0.9999987220919924,0.0002123468559923,1.2752552802904549,0.0481668351559131,True,2.2570314952200443e-08,7.031547095750485e-06,0.0002123468559923,1.2752552802904549,0.0,0.0,True,True,0,True,True,True,0,passive_source,passive_no_motion_basin_member,initial_basin_no_motion_observable,source_basin_eligible_nonactive_role,passive_no_motion_basin_member,True,passive_no_motion_basin_member,passive_no_motion_basin_member,source_basin_eligible_nonactive_role,initial_basin_no_motion_observable||source_basin_eligible_nonactive_role,passive_no_motion_basin_member,True
15083,26,broken_ring,passive_hold,0,0,2.261248048702069e-08,1.4500792406860384e-05,-0.9999985418874644,0.0002121666514643,0.6521235295180905,0.0111895001539889,True,2.261248048702069e-08,1.4500792406860384e-05,0.0002121666514643,0.6521235295180905,0.0,0.0,True,True,0,True,True,True,0,passive_source,passive_no_motion_basin_member,initial_basin_no_motion_observable,source_basin_eligible_nonactive_role,passive_no_motion_basin_member,True,passive_no_motion_basin_member,passive_no_motion_basin_member,source_basin_eligible_nonactive_role,initial_basin_no_motion_observable||source_basin_eligible_nonactive_role,passive_no_motion_basin_member,True
15083,26,broken_ring,novel_passive_pre_basin,0,0,2.261248048702069e-08,1.4500792406860384e-05,-0.9999985418874644,0.0002121666514643,0.6521235295180905,0.0111895001539889,True,2.261248048702069e-08,1.4500792406860384e-05,0.0002121666514643,0.6521235295180905,0.0,0.0,True,True,0,True,True,True,0,passive_source,passive_no_motion_basin_member,initial_basin_no_motion_observable,source_basin_eligible_nonactive_role,passive_no_motion_basin_member,True,passive_no_motion_basin_member,passive_no_motion_basin_member,source_basin_eligible_nonactive_role,initial_basin_no_motion_observable||source_basin_eligible_nonactive_role,passive_no_motion_basin_member,True
15011,18,phase_fault,passive_hold,0,0,2.2731879490735532e-08,2.8208543497236222e-06,-0.999999578898638,0.0002132036626378,0.8985435112670648,0.0134115607016587,True,2.2731879490735532e-08,2.8208543497236222e-06,0.0002132036626378,0.8985435112670648,0.0,0.0,True,True,0,True,True,True,0,passive_source,passive_no_motion_basin_member,initial_basin_no_motion_observable,source_basin_eligible_nonactive_role,passive_no_motion_basin_member,True,passive_no_motion_basin_member,passive_no_motion_basin_member,source_basin_eligible_nonactive_role,initial_basin_no_motion_observable||source_basin_eligible_nonactive_role,passive_no_motion_basin_member,True
15011,18,phase_fault,novel_passive_pre_basin,0,0,2.2731879490735532e-08,2.8208543497236222e-06,-0.999999578898638,0.0002132036626378,0.8985435112670648,0.0134115607016587,True,2.2731879490735532e-08,2.8208543497236222e-06,0.0002132036626378,0.8985435112670648,0.0,0.0,True,True,0,True,True,True,0,passive_source,passive_no_motion_basin_member,initial_basin_no_motion_observable,source_basin_eligible_nonactive_role,passive_no_motion_basin_member,True,passive_no_motion_basin_member,passive_no_motion_basin_member,source_basin_eligible_nonactive_role,initial_basin_no_motion_observable||source_basin_eligible_nonactive_role,passive_no_motion_basin_member,True
15101,18,prealigned_low_energy,directed_variational,0,0,2.2610786644711257e-08,5.19763270587684e-06,-0.9999989653531356,0.0002125901171354,1.2174276006506828,0.0514952313630479,True,2.2610786644711257e-08,5.19763270587684e-06,0.0002125901171354,1.2174276006506828,0.0,0.0,True,True,0,True,True,True,0,active_source,active_initial_basin_no_repair_needed,initial_basin_no_motion_observable,source_active_role,active_initial_basin_no_repair_needed,True,passive_no_motion_basin_member,active_initial_basin_no_repair_needed,source_active_role,initial_basin_no_motion_observable||source_active_role,active_initial_basin_no_repair_needed,True
15101,18,prealigned_low_energy,defect_forced,0,0,2.2610786644711257e-08,5.19763270587684e-06,-0.9999989653531356,0.0002125901171354,1.2174276006506828,0.0514952313630479,True,2.2610786644711257e-08,5.19763270587684e-06,0.0002125901171354,1.2174276006506828,0.0,0.0,True,True,0,True,True,True,0,active_source,active_initial_basin_no_repair_needed,initial_basin_no_motion_observable,source_active_role,active_initial_basin_no_repair_needed,True,passive_no_motion_basin_member,active_initial_basin_no_repair_needed,source_active_role,initial_basin_no_motion_observable||source_active_role,active_initial_basin_no_repair_needed,True
15101,18,prealigned_low_energy,novel_local_defect_repair,0,0,2.2610786644711257e-08,5.19763270587684e-06,-0.9999989653531356,0.0002125901171354,1.2174276006506828,0.0514952313630479,True,2.2610786644711257e-08,5.19763270587684e-06,0.0002125901171354,1.2174276006506828,0.0,0.0,True,True,0,True,True,True,0,active_source,active_initial_basin_no_repair_needed,initial_basin_no_motion_observable,source_active_role,active_initial_basin_no_repair_needed,True,passive_no_motion_basin_member,active_initial_basin_no_repair_needed,source_active_role,initial_basin_no_motion_observable||source_active_role,active_initial_basin_no_repair_needed,True
15101,18,prealigned_low_energy,novel_gradient_shear,0,0,2.2610786644711257e-08,5.19763270587684e-06,-0.9999989653531356,0.0002125901171354,1.2174276006506828,0.0514952313630479,True,2.2610786644711257e-08,5.19763270587684e-06,0.0002125901171354,1.2174276006506828,0.0,0.0,True,True,0,True,True,True,0,active_source,active_initial_basin_no_repair_needed,initial_basin_no_motion_observable,source_active_role,active_initial_basin_no_repair_needed,True,passive_no_motion_basin_member,active_initial_basin_no_repair_needed,source_active_role,initial_basin_no_motion_observable||source_active_role,active_initial_basin_no_repair_needed,True
15101,18,prealigned_low_energy,passive_hold,0,0,2.2610786644711257e-08,5.19763270587684e-06,-0.9999989653531356,0.0002125901171354,1.2174276006506828,0.0514952313630479,True,2.2610786644711257e-08,5.19763270587684e-06,0.0002125901171354,1.2174276006506828,0.0,0.0,True,True,0,True,True,True,0,passive_source,passive_no_motion_basin_member,initial_basin_no_motion_observable,source_basin_eligible_nonactive_role,passive_no_motion_basin_member,True,passive_no_motion_basin_member,passive_no_motion_basin_member,source_basin_eligible_nonactive_role,initial_basin_no_motion_observable||source_basin_eligible_nonactive_role,passive_no_motion_basin_member,True
15101,18,prealigned_low_energy,novel_passive_pre_basin,0,0,2.2610786644711257e-08,5.19763270587684e-06,-0.9999989653531356,0.0002125901171354,1.2174276006506828,0.0514952313630479,True,2.2610786644711257e-08,5.19763270587684e-06,0.0002125901171354,1.2174276006506828,0.0,0.0,True,True,0,True,True,True,0,passive_source,passive_no_motion_basin_member,initial_basin_no_motion_observable,source_basin_eligible_nonactive_role,passive_no_motion_basin_member,True,passive_no_motion_basin_member,passive_no_motion_basin_member,source_basin_eligible_nonactive_role,initial_basin_no_motion_observable||source_basin_eligible_nonactive_role,passive_no_motion_basin_member,True
15031,18,phase_fault,passive_hold,0,0,2.2753663248047383e-08,9.208415137816964e-07,-0.9999996977114848,0.0002133224754848,1.008411358707879,0.0186222919768707,True,2.2753663248047383e-08,9.208415137816964e-07,0.0002133224754848,1.008411358707879,0.0,0.0,True,True,0,True,True,True,0,passive_source,passive_no_motion_basin_member,initial_basin_no_motion_observable,source_basin_eligible_nonactive_role,passive_no_motion_basin_member,True,passive_no_motion_basin_member,passive_no_motion_basin_member,source_basin_eligible_nonactive_role,initial_basin_no_motion_observable||source_basin_eligible_nonactive_role,passive_no_motion_basin_member,True
15031,18,phase_fault,novel_passive_pre_basin,0,0,2.2753663248047383e-08,9.208415137816964e-07,-0.9999996977114848,0.0002133224754848,1.008411358707879,0.0186222919768707,True,2.2753663248047383e-08,9.208415137816964e-07,0.0002133224754848,1.008411358707879,0.0,0.0,True,True,0,True,True,True,0,passive_source,passive_no_motion_basin_member,initial_basin_no_motion_observable,source_basin_eligible_nonactive_role,passive_no_motion_basin_member,True,passive_no_motion_basin_member,passive_no_motion_basin_member,source_basin_eligible_nonactive_role,initial_basin_no_motion_observable||source_basin_eligible_nonactive_role,passive_no_motion_basin_member,True
15083,26,prealigned_low_energy,directed_variational,0,0,2.27080899154244e-08,7.297214281888234e-06,-0.999999360987858,0.0002129857518581,1.6013556364855583,0.0312489371758149,True,2.27080899154244e-08,7.297214281888234e-06,0.0002129857518581,1.6013556364855583,0.0,0.0,True,True,0,True,True,True,0,active_source,active_initial_basin_no_repair_needed,initial_basin_no_motion_observable,source_active_role,active_initial_basin_no_repair_needed,True,passive_no_motion_basin_member,active_initial_basin_no_repair_needed,source_active_role,initial_basin_no_motion_observable||source_active_role,active_initial_basin_no_repair_needed,True
15083,26,prealigned_low_energy,defect_forced,0,0,2.27080899154244e-08,7.297214281888234e-06,-0.999999360987858,0.0002129857518581,1.6013556364855583,0.0312489371758149,True,2.27080899154244e-08,7.297214281888234e-06,0.0002129857518581,1.6013556364855583,0.0,0.0,True,True,0,True,True,True,0,active_source,active_initial_basin_no_repair_needed,initial_basin_no_motion_observable,source_active_role,active_initial_basin_no_repair_needed,True,passive_no_motion_basin_member,active_initial_basin_no_repair_needed,source_active_role,initial_basin_no_motion_observable||source_active_role,active_initial_basin_no_repair_needed,True
15083,26,prealigned_low_energy,novel_local_defect_repair,0,0,2.27080899154244e-08,7.297214281888234e-06,-0.999999360987858,0.0002129857518581,1.6013556364855583,0.0312489371758149,True,2.27080899154244e-08,7.297214281888234e-06,0.0002129857518581,1.6013556364855583,0.0,0.0,True,True,0,True,True,True,0,active_source,active_initial_basin_no_repair_needed,initial_basin_no_motion_observable,source_active_role,active_initial_basin_no_repair_needed,True,passive_no_motion_basin_member,active_initial_basin_no_repair_needed,source_active_role,initial_basin_no_motion_observable||source_active_role,active_initial_basin_no_repair_needed,True
15083,26,prealigned_low_energy,novel_gradient_shear,0,0,2.27080899154244e-08,7.297214281888234e-06,-0.999999360987858,0.0002129857518581,1.6013556364855583,0.0312489371758149,True,2.27080899154244e-08,7.297214281888234e-06,0.0002129857518581,1.6013556364855583,0.0,0.0,True,True,0,True,True,True,0,active_source,active_initial_basin_no_repair_needed,initial_basin_no_motion_observable,source_active_role,active_initial_basin_no_repair_needed,True,passive_no_motion_basin_member,active_initial_basin_no_repair_needed,source_active_role,initial_basin_no_motion_observable||source_active_role,active_initial_basin_no_repair_needed,True
15083,26,prealigned_low_energy,passive_hold,0,0,2.27080899154244e-08,7.297214281888234e-06,-0.999999360987858,0.0002129857518581,1.6013556364855583,0.0312489371758149,True,2.27080899154244e-08,7.297214281888234e-06,0.0002129857518581,1.6013556364855583,0.0,0.0,True,True,0,True,True,True,0,passive_source,passive_no_motion_basin_member,initial_basin_no_motion_observable,source_basin_eligible_nonactive_role,passive_no_motion_basin_member,True,passive_no_motion_basin_member,passive_no_motion_basin_member,source_basin_eligible_nonactive_role,initial_basin_no_motion_observable||source_basin_eligible_nonactive_role,passive_no_motion_basin_member,True
15083,26,prealigned_low_energy,novel_passive_pre_basin,0,0,2.27080899154244e-08,7.297214281888234e-06,-0.999999360987858,0.0002129857518581,1.6013556364855583,0.0312489371758149,True,2.27080899154244e-08,7.297214281888234e-06,0.0002129857518581,1.6013556364855583,0.0,0.0,True,True,0,True,True,True,0,passive_source,passive_no_motion_basin_member,initial_basin_no_motion_observable,source_basin_eligible_nonactive_role,passive_no_motion_basin_member,True,passive_no_motion_basin_member,passive_no_motion_basin_member,source_basin_eligible_nonactive_role,initial_basin_no_motion_observable||source_basin_eligible_nonactive_role,passive_no_motion_basin_member,True
15101,18,oblique_triple,passive_hold,0,0,2.53219737342186e-08,7.39595421744563e-05,-0.9999989168403738,0.0002125416043737,2.218752069758618,0.0889282121745412,True,2.53219737342186e-08,7.39595421744563e-05,0.0002125416043737,2.218752069758618,0.0,0.0,True,True,0,True,True,True,0,passive_source,passive_no_motion_basin_member,initial_basin_no_motion_observable,source_basin_eligible_nonactive_role,passive_no_motion_basin_member,True,passive_no_motion_basin_member,passive_no_motion_basin_member,source_basin_eligible_nonactive_role,initial_basin_no_motion_observable||source_basin_eligible_nonactive_role,passive_no_motion_basin_member,True
15101,18,oblique_triple,novel_passive_pre_basin,0,0,2.53219737342186e-08,7.39595421744563e-05,-0.9999989168403738,0.0002125416043737,2.218752069758618,0.0889282121745412,True,2.53219737342186e-08,7.39595421744563e-05,0.0002125416043737,2.218752069758618,0.0,0.0,True,True,0,True,True,True,0,passive_source,passive_no_motion_basin_member,initial_basin_no_motion_observable,source_basin_eligible_nonactive_role,passive_no_motion_basin_member,True,passive_no_motion_basin_member,passive_no_motion_basin_member,source_basin_eligible_nonactive_role,initial_basin_no_motion_observable||source_basin_eligible_nonactive_role,passive_no_motion_basin_member,True
15053,18,phase_fault,defect_forced,0,0,0.0210640407808542,0.1937819758325939,-0.9321355998958424,0.0676507753401575,1.0863051417719292,0.0270938858187634,True,0.0210640407808542,0.1937819758325939,0.0676507753401575,1.0863051417719292,0.0,0.0,True,True,0,True,True,True,0,active_source,active_initial_basin_no_repair_needed,initial_basin_no_motion_observable,source_active_role,active_initial_basin_no_repair_needed,True,passive_no_motion_basin_member,active_initial_basin_no_repair_needed,source_active_role,initial_basin_no_motion_observable||source_active_role,active_initial_basin_no_repair_needed,True
15053,18,phase_fault,novel_local_defect_repair,0,0,0.0210640407808542,0.1937819758325939,-0.9321355998958424,0.0676507753401575,1.0863051417719292,0.0270938858187634,True,0.0210640407808542,0.1937819758325939,0.0676507753401575,1.0863051417719292,0.0,0.0,True,True,0,True,True,True,0,active_source,active_initial_basin_no_repair_needed,initial_basin_no_motion_observable,source_active_role,active_initial_basin_no_repair_needed,True,passive_no_motion_basin_member,active_initial_basin_no_repair_needed,source_active_role,initial_basin_no_motion_observable||source_active_role,active_initial_basin_no_repair_needed,True
15053,18,phase_fault,novel_gradient_shear,0,0,0.0210640407808542,0.1937819758325939,-0.9321355998958424,0.0676507753401575,1.0863051417719292,0.0270938858187634,True,0.0210640407808542,0.1937819758325939,0.0676507753401575,1.0863051417719292,0.0,0.0,True,True,0,True,True,True,0,active_source,active_initial_basin_no_repair_needed,initial_basin_no_motion_observable,source_active_role,active_initial_basin_no_repair_needed,True,passive_no_motion_basin_member,active_initial_basin_no_repair_needed,source_active_role,initial_basin_no_motion_observable||source_active_role,active_initial_basin_no_repair_needed,True
15053,18,phase_fault,passive_hold,0,0,2.2779722312288455e-08,7.200122064055361e-06,-0.9999997003467274,0.0002133251107273,1.0863051417719292,0.0270938858187634,True,2.2779722312288455e-08,7.200122064055361e-06,0.0002133251107273,1.0863051417719292,0.0,0.0,True,True,0,True,True,True,0,passive_source,passive_no_motion_basin_member,initial_basin_no_motion_observable,source_basin_eligible_nonactive_role,passive_no_motion_basin_member,True,passive_no_motion_basin_member,passive_no_motion_basin_member,source_basin_eligible_nonactive_role,initial_basin_no_motion_observable||source_basin_eligible_nonactive_role,passive_no_motion_basin_member,True
15053,18,phase_fault,novel_passive_pre_basin,0,0,2.2779722312288455e-08,7.200122064055361e-06,-0.9999997003467274,0.0002133251107273,1.0863051417719292,0.0270938858187634,True,2.2779722312288455e-08,7.200122064055361e-06,0.0002133251107273,1.0863051417719292,0.0,0.0,True,True,0,True,True,True,0,passive_source,passive_no_motion_basin_member,initial_basin_no_motion_observable,source_basin_eligible_nonactive_role,passive_no_motion_basin_member,True,passive_no_motion_basin_member,passive_no_motion_basin_member,source_basin_eligible_nonactive_role,initial_basin_no_motion_observable||source_basin_eligible_nonactive_role,passive_no_motion_basin_member,True
15053,18,phase_fault,directed_variational,0,0,0.0210640407808542,0.1937819758325939,-0.9321355998958424,0.0676507753401575,1.0863051417719292,0.0270938858187634,True,0.0210640407808542,0.1937819758325939,0.0676507753401575,1.0863051417719292,0.0,0.0,True,True,0,True,True,True,0,active_source,active_initial_basin_no_repair_needed,initial_basin_no_motion_observable,source_active_role,active_initial_basin_no_repair_needed,True,passive_no_motion_basin_member,active_initial_basin_no_repair_needed,source_active_role,initial_basin_no_motion_observable||source_active_role,active_initial_basin_no_repair_needed,True
15031,18,oblique_triple,passive_hold,0,0,2.271779561562554e-08,1.1381553773732613e-05,-0.9999992274181944,0.0002128521821944,2.2183514589037774,0.0821385190818217,True,2.271779561562554e-08,1.1381553773732613e-05,0.0002128521821944,2.2183514589037774,0.0,0.0,True,True,0,True,True,True,0,passive_source,passive_no_motion_basin_member,initial_basin_no_motion_observable,source_basin_eligible_nonactive_role,passive_no_motion_basin_member,True,passive_no_motion_basin_member,passive_no_motion_basin_member,source_basin_eligible_nonactive_role,initial_basin_no_motion_observable||source_basin_eligible_nonactive_role,passive_no_motion_basin_member,True
15031,18,oblique_triple,novel_passive_pre_basin,0,0,2.271779561562554e-08,1.1381553773732613e-05,-0.9999992274181944,0.0002128521821944,2.2183514589037774,0.0821385190818217,True,2.271779561562554e-08,1.1381553773732613e-05,0.0002128521821944,2.2183514589037774,0.0,0.0,True,True,0,True,True,True,0,passive_source,passive_no_motion_basin_member,initial_basin_no_motion_observable,source_basin_eligible_nonactive_role,passive_no_motion_basin_member,True,passive_no_motion_basin_member,passive_no_motion_basin_member,source_basin_eligible_nonactive_role,initial_basin_no_motion_observable||source_basin_eligible_nonactive_role,passive_no_motion_basin_member,True
15083,18,phase_fault,passive_hold,0,0,2.2736726169937404e-08,3.262689485721025e-06,-0.9999995953269792,0.0002132200909792,0.993368552650104,0.016028425713374,True,2.2736726169937404e-08,3.262689485721025e-06,0.0002132200909792,0.993368552650104,0.0,0.0,True,True,0,True,True,True,0,passive_source,passive_no_motion_basin_member,initial_basin_no_motion_observable,source_basin_eligible_nonactive_role,passive_no_motion_basin_member,True,passive_no_motion_basin_member,passive_no_motion_basin_member,source_basin_eligible_nonactive_role,initial_basin_no_motion_observable||source_basin_eligible_nonactive_role,passive_no_motion_basin_member,True
15083,18,phase_fault,novel_passive_pre_basin,0,0,2.2736726169937404e-08,3.262689485721025e-06,-0.9999995953269792,0.0002132200909792,0.993368552650104,0.016028425713374,True,2.2736726169937404e-08,3.262689485721025e-06,0.0002132200909792,0.993368552650104,0.0,0.0,True,True,0,True,True,True,0,passive_source,passive_no_motion_basin_member,initial_basin_no_motion_observable,source_basin_eligible_nonactive_role,passive_no_motion_basin_member,True,passive_no_motion_basin_member,passive_no_motion_basin_member,source_basin_eligible_nonactive_role,initial_basin_no_motion_observable||source_basin_eligible_nonactive_role,passive_no_motion_basin_member,True
15053,26,broken_ring,passive_hold,0,0,2.3720405443595962e-08,5.055883166777303e-05,-0.9999982351317508,0.0002118598957508,0.6825721308315896,0.0134343737639547,True,2.3720405443595962e-08,5.055883166777303e-05,0.0002118598957508,0.6825721308315896,0.0,0.0,True,True,0,True,True,True,0,passive_source,passive_no_motion_basin_member,initial_basin_no_motion_observable,source_basin_eligible_nonactive_role,passive_no_motion_basin_member,True,passive_no_motion_basin_member,passive_no_motion_basin_member,source_basin_eligible_nonactive_role,initial_basin_no_motion_observable||source_basin_eligible_nonactive_role,passive_no_motion_basin_member,True
15053,26,broken_ring,novel_passive_pre_basin,0,0,2.3720405443595962e-08,5.055883166777303e-05,-0.9999982351317508,0.0002118598957508,0.6825721308315896,0.0134343737639547,True,2.3720405443595962e-08,5.055883166777303e-05,0.0002118598957508,0.6825721308315896,0.0,0.0,True,True,0,True,True,True,0,passive_source,passive_no_motion_basin_member,initial_basin_no_motion_observable,source_basin_eligible_nonactive_role,passive_no_motion_basin_member,True,passive_no_motion_basin_member,passive_no_motion_basin_member,source_basin_eligible_nonactive_role,initial_basin_no_motion_observable||source_basin_eligible_nonactive_role,passive_no_motion_basin_member,True
15011,26,oblique_triple,passive_hold,0,0,2.2908100471196012e-08,1.947375430010375e-05,-0.9999995347392736,0.0002131595032736,3.1401120303345063,0.0556370677825664,True,2.2908100471196012e-08,1.947375430010375e-05,0.0002131595032736,3.1401120303345063,0.0,0.0,True,True,0,True,True,True,0,passive_source,passive_no_motion_basin_member,initial_basin_no_motion_observable,source_basin_eligible_nonactive_role,passive_no_motion_basin_member,True,passive_no_motion_basin_member,passive_no_motion_basin_member,source_basin_eligible_nonactive_role,initial_basin_no_motion_observable||source_basin_eligible_nonactive_role,passive_no_motion_basin_member,True
15011,26,oblique_triple,novel_passive_pre_basin,0,0,2.2908100471196012e-08,1.947375430010375e-05,-0.9999995347392736,0.0002131595032736,3.1401120303345063,0.0556370677825664,True,2.2908100471196012e-08,1.947375430010375e-05,0.0002131595032736,3.1401120303345063,0.0,0.0,True,True,0,True,True,True,0,passive_source,passive_no_motion_basin_member,initial_basin_no_motion_observable,source_basin_eligible_nonactive_role,passive_no_motion_basin_member,True,passive_no_motion_basin_member,passive_no_motion_basin_member,source_basin_eligible_nonactive_role,initial_basin_no_motion_observable||source_basin_eligible_nonactive_role,passive_no_motion_basin_member,True
15053,26,prealigned_low_energy,novel_passive_pre_basin,0,0,2.283625148405076e-08,2.1008487255042608e-05,-0.9999990513898852,0.000212676153885,1.1960173817937616,0.0266719490540423,True,2.283625148405076e-08,2.1008487255042608e-05,0.000212676153885,1.1960173817937616,0.0,0.0,True,True,0,True,True,True,0,passive_source,passive_no_motion_basin_member,initial_basin_no_motion_observable,source_basin_eligible_nonactive_role,passive_no_motion_basin_member,True,passive_no_motion_basin_member,passive_no_motion_basin_member,source_basin_eligible_nonactive_role,initial_basin_no_motion_observable||source_basin_eligible_nonactive_role,passive_no_motion_basin_member,True
15053,26,prealigned_low_energy,directed_variational,0,0,2.283625148405076e-08,2.1008487255042608e-05,-0.9999990513898852,0.000212676153885,1.1960173817937616,0.0266719490540423,True,2.283625148405076e-08,2.1008487255042608e-05,0.000212676153885,1.1960173817937616,0.0,0.0,True,True,0,True,True,True,0,active_source,active_initial_basin_no_repair_needed,initial_basin_no_motion_observable,source_active_role,active_initial_basin_no_repair_needed,True,passive_no_motion_basin_member,active_initial_basin_no_repair_needed,source_active_role,initial_basin_no_motion_observable||source_active_role,active_initial_basin_no_repair_needed,True
15053,26,prealigned_low_energy,defect_forced,0,0,2.283625148405076e-08,2.1008487255042608e-05,-0.9999990513898852,0.000212676153885,1.1960173817937616,0.0266719490540423,True,2.283625148405076e-08,2.1008487255042608e-05,0.000212676153885,1.1960173817937616,0.0,0.0,True,True,0,True,True,True,0,active_source,active_initial_basin_no_repair_needed,initial_basin_no_motion_observable,source_active_role,active_initial_basin_no_repair_needed,True,passive_no_motion_basin_member,active_initial_basin_no_repair_needed,source_active_role,initial_basin_no_motion_observable||source_active_role,active_initial_basin_no_repair_needed,True
15053,26,prealigned_low_energy,novel_local_defect_repair,0,0,2.283625148405076e-08,2.1008487255042608e-05,-0.9999990513898852,0.000212676153885,1.1960173817937616,0.0266719490540423,True,2.283625148405076e-08,2.1008487255042608e-05,0.000212676153885,1.1960173817937616,0.0,0.0,True,True,0,True,True,True,0,active_source,active_initial_basin_no_repair_needed,initial_basin_no_motion_observable,source_active_role,active_initial_basin_no_repair_needed,True,passive_no_motion_basin_member,active_initial_basin_no_repair_needed,source_active_role,initial_basin_no_motion_observable||source_active_role,active_initial_basin_no_repair_needed,True
15053,26,prealigned_low_energy,novel_gradient_shear,0,0,2.283625148405076e-08,2.1008487255042608e-05,-0.9999990513898852,0.000212676153885,1.1960173817937616,0.0266719490540423,True,2.283625148405076e-08,2.1008487255042608e-05,0.000212676153885,1.1960173817937616,0.0,0.0,True,True,0,True,True,True,0,active_source,active_initial_basin_no_repair_needed,initial_basin_no_motion_observable,source_active_role,active_initial_basin_no_repair_needed,True,passive_no_motion_basin_member,active_initial_basin_no_repair_needed,source_active_role,initial_basin_no_motion_observable||source_active_role,active_initial_basin_no_repair_needed,True
15053,26,prealigned_low_energy,passive_hold,0,0,2.283625148405076e-08,2.1008487255042608e-05,-0.9999990513898852,0.000212676153885,1.1960173817937616,0.0266719490540423,True,2.283625148405076e-08,2.1008487255042608e-05,0.000212676153885,1.1960173817937616,0.0,0.0,True,True,0,True,True,True,0,passive_source,passive_no_motion_basin_member,initial_basin_no_motion_observable,source_basin_eligible_nonactive_role,passive_no_motion_basin_member,True,passive_no_motion_basin_member,passive_no_motion_basin_member,source_basin_eligible_nonactive_role,initial_basin_no_motion_observable||source_basin_eligible_nonactive_role,passive_no_motion_basin_member,True
15101,18,phase_fault,passive_hold,0,0,2.2748890061812956e-08,2.902729018317585e-06,-0.9999996575706832,0.000213282334683,0.9273342797755182,0.0128535930100181,True,2.2748890061812956e-08,2.902729018317585e-06,0.000213282334683,0.9273342797755182,0.0,0.0,True,True,0,True,True,True,0,passive_source,passive_no_motion_basin_member,initial_basin_no_motion_observable,source_basin_eligible_nonactive_role,passive_no_motion_basin_member,True,passive_no_motion_basin_member,passive_no_motion_basin_member,source_basin_eligible_nonactive_role,initial_basin_no_motion_observable||source_basin_eligible_nonactive_role,passive_no_motion_basin_member,True
15101,18,phase_fault,novel_passive_pre_basin,0,0,2.2748890061812956e-08,2.902729018317585e-06,-0.9999996575706832,0.000213282334683,0.9273342797755182,0.0128535930100181,True,2.2748890061812956e-08,2.902729018317585e-06,0.000213282334683,0.9273342797755182,0.0,0.0,True,True,0,True,True,True,0,passive_source,passive_no_motion_basin_member,initial_basin_no_motion_observable,source_basin_eligible_nonactive_role,passive_no_motion_basin_member,True,passive_no_motion_basin_member,passive_no_motion_basin_member,source_basin_eligible_nonactive_role,initial_basin_no_motion_observable||source_basin_eligible_nonactive_role,passive_no_motion_basin_member,True
15101,26,phase_fault,defect_forced,0,0,0.010979044715984,0.1427851405613445,-0.9601569282698208,0.039629446966179,0.9973965711032596,0.0096967213051058,True,0.010979044715984,0.1427851405613445,0.039629446966179,0.9973965711032596,0.0,0.0,True,True,0,True,True,True,0,active_source,active_initial_basin_no_repair_needed,initial_basin_no_motion_observable,source_active_role,active_initial_basin_no_repair_needed,True,passive_no_motion_basin_member,active_initial_basin_no_repair_needed,source_active_role,initial_basin_no_motion_observable||source_active_role,active_initial_basin_no_repair_needed,True
15101,26,phase_fault,novel_local_defect_repair,0,0,0.010979044715984,0.1427851405613445,-0.9601569282698208,0.039629446966179,0.9973965711032596,0.0096967213051058,True,0.010979044715984,0.1427851405613445,0.039629446966179,0.9973965711032596,0.0,0.0,True,True,0,True,True,True,0,active_source,active_initial_basin_no_repair_needed,initial_basin_no_motion_observable,source_active_role,active_initial_basin_no_repair_needed,True,passive_no_motion_basin_member,active_initial_basin_no_repair_needed,source_active_role,initial_basin_no_motion_observable||source_active_role,active_initial_basin_no_repair_needed,True
15101,26,phase_fault,novel_gradient_shear,0,0,0.010979044715984,0.1427851405613445,-0.9601569282698208,0.039629446966179,0.9973965711032596,0.0096967213051058,True,0.010979044715984,0.1427851405613445,0.039629446966179,0.9973965711032596,0.0,0.0,True,True,0,True,True,True,0,active_source,active_initial_basin_no_repair_needed,initial_basin_no_motion_observable,source_active_role,active_initial_basin_no_repair_needed,True,passive_no_motion_basin_member,active_initial_basin_no_repair_needed,source_active_role,initial_basin_no_motion_observable||source_active_role,active_initial_basin_no_repair_needed,True
15101,26,phase_fault,passive_hold,0,0,2.2786704465963123e-08,1.315441778678352e-06,-0.9999998504770582,0.0002134752410581,0.9973965711032596,0.0096967213051058,True,2.2786704465963123e-08,1.315441778678352e-06,0.0002134752410581,0.9973965711032596,0.0,0.0,True,True,0,True,True,True,0,passive_source,passive_no_motion_basin_member,initial_basin_no_motion_observable,source_basin_eligible_nonactive_role,passive_no_motion_basin_member,True,passive_no_motion_basin_member,passive_no_motion_basin_member,source_basin_eligible_nonactive_role,initial_basin_no_motion_observable||source_basin_eligible_nonactive_role,passive_no_motion_basin_member,True
15101,26,phase_fault,novel_passive_pre_basin,0,0,2.2786704465963123e-08,1.315441778678352e-06,-0.9999998504770582,0.0002134752410581,0.9973965711032596,0.0096967213051058,True,2.2786704465963123e-08,1.315441778678352e-06,0.0002134752410581,0.9973965711032596,0.0,0.0,True,True,0,True,True,True,0,passive_source,passive_no_motion_basin_member,initial_basin_no_motion_observable,source_basin_eligible_nonactive_role,passive_no_motion_basin_member,True,passive_no_motion_basin_member,passive_no_motion_basin_member,source_basin_eligible_nonactive_role,initial_basin_no_motion_observable||source_basin_eligible_nonactive_role,passive_no_motion_basin_member,True
15101,26,phase_fault,directed_variational,0,0,0.010979044715984,0.1427851405613445,-0.9601569282698208,0.039629446966179,0.9973965711032596,0.0096967213051058,True,0.010979044715984,0.1427851405613445,0.039629446966179,0.9973965711032596,0.0,0.0,True,True,0,True,True,True,0,active_source,active_initial_basin_no_repair_needed,initial_basin_no_motion_observable,source_active_role,active_initial_basin_no_repair_needed,True,passive_no_motion_basin_member,active_initial_basin_no_repair_needed,source_active_role,initial_basin_no_motion_observable||source_active_role,active_initial_basin_no_repair_needed,True
15053,26,oblique_triple,passive_hold,0,0,2.2739629641393933e-08,5.004210470669899e-06,-0.999999575182436,0.000213199946436,2.600978358045145,0.0561099201964927,True,2.2739629641393933e-08,5.004210470669899e-06,0.000213199946436,2.600978358045145,0.0,0.0,True,True,0,True,True,True,0,passive_source,passive_no_motion_basin_member,initial_basin_no_motion_observable,source_basin_eligible_nonactive_role,passive_no_motion_basin_member,True,passive_no_motion_basin_member,passive_no_motion_basin_member,source_basin_eligible_nonactive_role,initial_basin_no_motion_observable||source_basin_eligible_nonactive_role,passive_no_motion_basin_member,True
15053,26,oblique_triple,novel_passive_pre_basin,0,0,2.2739629641393933e-08,5.004210470669899e-06,-0.999999575182436,0.000213199946436,2.600978358045145,0.0561099201964927,True,2.2739629641393933e-08,5.004210470669899e-06,0.000213199946436,2.600978358045145,0.0,0.0,True,True,0,True,True,True,0,passive_source,passive_no_motion_basin_member,initial_basin_no_motion_observable,source_basin_eligible_nonactive_role,passive_no_motion_basin_member,True,passive_no_motion_basin_member,passive_no_motion_basin_member,source_basin_eligible_nonactive_role,initial_basin_no_motion_observable||source_basin_eligible_nonactive_role,passive_no_motion_basin_member,True
15031,26,broken_ring,novel_passive_pre_basin,0,0,2.264738495109097e-08,7.8644497711613e-06,-0.9999990555602708,0.0002126803242709,0.7337899067098144,0.0135805237345806,True,2.264738495109097e-08,7.8644497711613e-06,0.0002126803242709,0.7337899067098144,0.0,0.0,True,True,0,True,True,True,0,passive_source,passive_no_motion_basin_member,initial_basin_no_motion_observable,source_basin_eligible_nonactive_role,passive_no_motion_basin_member,True,passive_no_motion_basin_member,passive_no_motion_basin_member,source_basin_eligible_nonactive_role,initial_basin_no_motion_observable||source_basin_eligible_nonactive_role,passive_no_motion_basin_member,True
15031,26,oblique_triple,passive_hold,0,0,2.27444291152784e-08,3.4688541845735537e-06,-0.9999996281967796,0.0002132529607794,2.6437972019655342,0.0595164115490409,True,2.27444291152784e-08,3.4688541845735537e-06,0.0002132529607794,2.6437972019655342,0.0,0.0,True,True,0,True,True,True,0,passive_source,passive_no_motion_basin_member,initial_basin_no_motion_observable,source_basin_eligible_nonactive_role,passive_no_motion_basin_member,True,passive_no_motion_basin_member,passive_no_motion_basin_member,source_basin_eligible_nonactive_role,initial_basin_no_motion_observable||source_basin_eligible_nonactive_role,passive_no_motion_basin_member,True
15031,26,oblique_triple,novel_passive_pre_basin,0,0,2.27444291152784e-08,3.4688541845735537e-06,-0.9999996281967796,0.0002132529607794,2.6437972019655342,0.0595164115490409,True,2.27444291152784e-08,3.4688541845735537e-06,0.0002132529607794,2.6437972019655342,0.0,0.0,True,True,0,True,True,True,0,passive_source,passive_no_motion_basin_member,initial_basin_no_motion_observable,source_basin_eligible_nonactive_role,passive_no_motion_basin_member,True,passive_no_motion_basin_member,passive_no_motion_basin_member,source_basin_eligible_nonactive_role,initial_basin_no_motion_observable||source_basin_eligible_nonactive_role,passive_no_motion_basin_member,True
15031,26,broken_ring,passive_hold,0,0,2.264738495109097e-08,7.8644497711613e-06,-0.9999990555602708,0.0002126803242709,0.7337899067098144,0.0135805237345806,True,2.264738495109097e-08,7.8644497711613e-06,0.0002126803242709,0.7337899067098144,0.0,0.0,True,True,0,True,True,True,0,passive_source,passive_no_motion_basin_member,initial_basin_no_motion_observable,source_basin_eligible_nonactive_role,passive_no_motion_basin_member,True,passive_no_motion_basin_member,passive_no_motion_basin_member,source_basin_eligible_nonactive_role,initial_basin_no_motion_observable||source_basin_eligible_nonactive_role,passive_no_motion_basin_member,True
15083,26,oblique_triple,passive_hold,0,0,2.2726482207810295e-08,4.638869347316832e-06,-0.9999995217708224,0.0002131465348224,2.721491143469369,0.056366178442937,True,2.2726482207810295e-08,4.638869347316832e-06,0.0002131465348224,2.721491143469369,0.0,0.0,True,True,0,True,True,True,0,passive_source,passive_no_motion_basin_member,initial_basin_no_motion_observable,source_basin_eligible_nonactive_role,passive_no_motion_basin_member,True,passive_no_motion_basin_member,passive_no_motion_basin_member,source_basin_eligible_nonactive_role,initial_basin_no_motion_observable||source_basin_eligible_nonactive_role,passive_no_motion_basin_member,True
15083,26,oblique_triple,novel_passive_pre_basin,0,0,2.2726482207810295e-08,4.638869347316832e-06,-0.9999995217708224,0.0002131465348224,2.721491143469369,0.056366178442937,True,2.2726482207810295e-08,4.638869347316832e-06,0.0002131465348224,2.721491143469369,0.0,0.0,True,True,0,True,True,True,0,passive_source,passive_no_motion_basin_member,initial_basin_no_motion_observable,source_basin_eligible_nonactive_role,passive_no_motion_basin_member,True,passive_no_motion_basin_member,passive_no_motion_basin_member,source_basin_eligible_nonactive_role,initial_basin_no_motion_observable||source_basin_eligible_nonactive_role,passive_no_motion_basin_member,True
15083,18,oblique_triple,passive_hold,0,0,2.269605254254199e-08,4.199161431041694e-06,-0.9999993880809844,0.0002130128449844,3.013566416642228,0.1105576018827268,True,2.269605254254199e-08,4.199161431041694e-06,0.0002130128449844,3.013566416642228,0.0,0.0,True,True,0,True,True,True,0,passive_source,passive_no_motion_basin_member,initial_basin_no_motion_observable,source_basin_eligible_nonactive_role,passive_no_motion_basin_member,True,passive_no_motion_basin_member,passive_no_motion_basin_member,source_basin_eligible_nonactive_role,initial_basin_no_motion_observable||source_basin_eligible_nonactive_role,passive_no_motion_basin_member,True
15083,18,oblique_triple,novel_passive_pre_basin,0,0,2.269605254254199e-08,4.199161431041694e-06,-0.9999993880809844,0.0002130128449844,3.013566416642228,0.1105576018827268,True,2.269605254254199e-08,4.199161431041694e-06,0.0002130128449844,3.013566416642228,0.0,0.0,True,True,0,True,True,True,0,passive_source,passive_no_motion_basin_member,initial_basin_no_motion_observable,source_basin_eligible_nonactive_role,passive_no_motion_basin_member,True,passive_no_motion_basin_member,passive_no_motion_basin_member,source_basin_eligible_nonactive_role,initial_basin_no_motion_observable||source_basin_eligible_nonactive_role,passive_no_motion_basin_member,True
15031,26,prealigned_low_energy,directed_variational,0,0,2.2674462690103908e-08,4.116031490673959e-06,-0.9999992883254636,0.0002129130894636,1.0707375007251037,0.0207181498212367,True,2.2674462690103908e-08,4.116031490673959e-06,0.0002129130894636,1.0707375007251037,0.0,0.0,True,True,0,True,True,True,0,active_source,active_initial_basin_no_repair_needed,initial_basin_no_motion_observable,source_active_role,active_initial_basin_no_repair_needed,True,passive_no_motion_basin_member,active_initial_basin_no_repair_needed,source_active_role,initial_basin_no_motion_observable||source_active_role,active_initial_basin_no_repair_needed,True
15031,26,prealigned_low_energy,defect_forced,0,0,2.2674462690103908e-08,4.116031490673959e-06,-0.9999992883254636,0.0002129130894636,1.0707375007251037,0.0207181498212367,True,2.2674462690103908e-08,4.116031490673959e-06,0.0002129130894636,1.0707375007251037,0.0,0.0,True,True,0,True,True,True,0,active_source,active_initial_basin_no_repair_needed,initial_basin_no_motion_observable,source_active_role,active_initial_basin_no_repair_needed,True,passive_no_motion_basin_member,active_initial_basin_no_repair_needed,source_active_role,initial_basin_no_motion_observable||source_active_role,active_initial_basin_no_repair_needed,True
15031,26,prealigned_low_energy,novel_local_defect_repair,0,0,2.2674462690103908e-08,4.116031490673959e-06,-0.9999992883254636,0.0002129130894636,1.0707375007251037,0.0207181498212367,True,2.2674462690103908e-08,4.116031490673959e-06,0.0002129130894636,1.0707375007251037,0.0,0.0,True,True,0,True,True,True,0,active_source,active_initial_basin_no_repair_needed,initial_basin_no_motion_observable,source_active_role,active_initial_basin_no_repair_needed,True,passive_no_motion_basin_member,active_initial_basin_no_repair_needed,source_active_role,initial_basin_no_motion_observable||source_active_role,active_initial_basin_no_repair_needed,True
15031,26,prealigned_low_energy,novel_gradient_shear,0,0,2.2674462690103908e-08,4.116031490673959e-06,-0.9999992883254636,0.0002129130894636,1.0707375007251037,0.0207181498212367,True,2.2674462690103908e-08,4.116031490673959e-06,0.0002129130894636,1.0707375007251037,0.0,0.0,True,True,0,True,True,True,0,active_source,active_initial_basin_no_repair_needed,initial_basin_no_motion_observable,source_active_role,active_initial_basin_no_repair_needed,True,passive_no_motion_basin_member,active_initial_basin_no_repair_needed,source_active_role,initial_basin_no_motion_observable||source_active_role,active_initial_basin_no_repair_needed,True
15031,26,prealigned_low_energy,passive_hold,0,0,2.2674462690103908e-08,4.116031490673959e-06,-0.9999992883254636,0.0002129130894636,1.0707375007251037,0.0207181498212367,True,2.2674462690103908e-08,4.116031490673959e-06,0.0002129130894636,1.0707375007251037,0.0,0.0,True,True,0,True,True,True,0,passive_source,passive_no_motion_basin_member,initial_basin_no_motion_observable,source_basin_eligible_nonactive_role,passive_no_motion_basin_member,True,passive_no_motion_basin_member,passive_no_motion_basin_member,source_basin_eligible_nonactive_role,initial_basin_no_motion_observable||source_basin_eligible_nonactive_role,passive_no_motion_basin_member,True
15031,26,prealigned_low_energy,novel_passive_pre_basin,0,0,2.2674462690103908e-08,4.116031490673959e-06,-0.9999992883254636,0.0002129130894636,1.0707375007251037,0.0207181498212367,True,2.2674462690103908e-08,4.116031490673959e-06,0.0002129130894636,1.0707375007251037,0.0,0.0,True,True,0,True,True,True,0,passive_source,passive_no_motion_basin_member,initial_basin_no_motion_observable,source_basin_eligible_nonactive_role,passive_no_motion_basin_member,True,passive_no_motion_basin_member,passive_no_motion_basin_member,source_basin_eligible_nonactive_role,initial_basin_no_motion_observable||source_basin_eligible_nonactive_role,passive_no_motion_basin_member,True
15011,26,ripple_wall,passive_hold,0,0,2.3394079425973772e-08,4.473280103109375e-05,-0.9999980049488568,0.0002116297128568,0.6880008817291906,0.0136302950113919,True,2.3394079425973772e-08,4.473280103109375e-05,0.0002116297128568,0.6880008817291906,0.0,0.0,True,True,0,True,True,True,0,passive_source,passive_no_motion_basin_member,initial_basin_no_motion_observable,source_basin_eligible_nonactive_role,passive_no_motion_basin_member,True,passive_no_motion_basin_member,passive_no_motion_basin_member,source_basin_eligible_nonactive_role,initial_basin_no_motion_observable||source_basin_eligible_nonactive_role,passive_no_motion_basin_member,True
15101,26,oblique_triple,passive_hold,0,0,2.2740640818189192e-08,2.803437380249547e-06,-0.9999996202180634,0.0002132449820634,2.340365257166263,0.0538811836466439,True,2.2740640818189192e-08,2.803437380249547e-06,0.0002132449820634,2.340365257166263,0.0,0.0,True,True,0,True,True,True,0,passive_source,passive_no_motion_basin_member,initial_basin_no_motion_observable,source_basin_eligible_nonactive_role,passive_no_motion_basin_member,True,passive_no_motion_basin_member,passive_no_motion_basin_member,source_basin_eligible_nonactive_role,initial_basin_no_motion_observable||source_basin_eligible_nonactive_role,passive_no_motion_basin_member,True
15101,26,oblique_triple,novel_passive_pre_basin,0,0,2.2740640818189192e-08,2.803437380249547e-06,-0.9999996202180634,0.0002132449820634,2.340365257166263,0.0538811836466439,True,2.2740640818189192e-08,2.803437380249547e-06,0.0002132449820634,2.340365257166263,0.0,0.0,True,True,0,True,True,True,0,passive_source,passive_no_motion_basin_member,initial_basin_no_motion_observable,source_basin_eligible_nonactive_role,passive_no_motion_basin_member,True,passive_no_motion_basin_member,passive_no_motion_basin_member,source_basin_eligible_nonactive_role,initial_basin_no_motion_observable||source_basin_eligible_nonactive_role,passive_no_motion_basin_member,True
15011,26,broken_ring,passive_hold,0,0,2.333682603458802e-08,4.261640299960752e-05,-0.9999981711147714,0.0002117958787714,0.6101394314498042,0.0110582484380258,True,2.333682603458802e-08,4.261640299960752e-05,0.0002117958787714,0.6101394314498042,0.0,0.0,True,True,0,True,True,True,0,passive_source,passive_no_motion_basin_member,initial_basin_no_motion_observable,source_basin_eligible_nonactive_role,passive_no_motion_basin_member,True,passive_no_motion_basin_member,passive_no_motion_basin_member,source_basin_eligible_nonactive_role,initial_basin_no_motion_observable||source_basin_eligible_nonactive_role,passive_no_motion_basin_member,True
15011,26,broken_ring,novel_passive_pre_basin,0,0,2.333682603458802e-08,4.261640299960752e-05,-0.9999981711147714,0.0002117958787714,0.6101394314498042,0.0110582484380258,True,2.333682603458802e-08,4.261640299960752e-05,0.0002117958787714,0.6101394314498042,0.0,0.0,True,True,0,True,True,True,0,passive_source,passive_no_motion_basin_member,initial_basin_no_motion_observable,source_basin_eligible_nonactive_role,passive_no_motion_basin_member,True,passive_no_motion_basin_member,passive_no_motion_basin_member,source_basin_eligible_nonactive_role,initial_basin_no_motion_observable||source_basin_eligible_nonactive_role,passive_no_motion_basin_member,True
15011,26,ripple_wall,novel_passive_pre_basin,0,0,2.3394079425973772e-08,4.473280103109375e-05,-0.9999980049488568,0.0002116297128568,0.6880008817291906,0.0136302950113919,True,2.3394079425973772e-08,4.473280103109375e-05,0.0002116297128568,0.6880008817291906,0.0,0.0,True,True,0,True,True,True,0,passive_source,passive_no_motion_basin_member,initial_basin_no_motion_observable,source_basin_eligible_nonactive_role,passive_no_motion_basin_member,True,passive_no_motion_basin_member,passive_no_motion_basin_member,source_basin_eligible_nonactive_role,initial_basin_no_motion_observable||source_basin_eligible_nonactive_role,passive_no_motion_basin_member,True
15053,26,ripple_wall,passive_hold,0,0,2.2582737000206157e-08,7.700085883139797e-06,-0.9999987573978636,0.0002123821618634,0.7223811780384077,0.0109872293658014,True,2.2582737000206157e-08,7.700085883139797e-06,0.0002123821618634,0.7223811780384077,0.0,0.0,True,True,0,True,True,True,0,passive_source,passive_no_motion_basin_member,initial_basin_no_motion_observable,source_basin_eligible_nonactive_role,passive_no_motion_basin_member,True,passive_no_motion_basin_member,passive_no_motion_basin_member,source_basin_eligible_nonactive_role,initial_basin_no_motion_observable||source_basin_eligible_nonactive_role,passive_no_motion_basin_member,True
15053,26,ripple_wall,novel_passive_pre_basin,0,0,2.2582737000206157e-08,7.700085883139797e-06,-0.9999987573978636,0.0002123821618634,0.7223811780384077,0.0109872293658014,True,2.2582737000206157e-08,7.700085883139797e-06,0.0002123821618634,0.7223811780384077,0.0,0.0,True,True,0,True,True,True,0,passive_source,passive_no_motion_basin_member,initial_basin_no_motion_observable,source_basin_eligible_nonactive_role,passive_no_motion_basin_member,True,passive_no_motion_basin_member,passive_no_motion_basin_member,source_basin_eligible_nonactive_role,initial_basin_no_motion_observable||source_basin_eligible_nonactive_role,passive_no_motion_basin_member,True
15011,26,prealigned_low_energy,novel_gradient_shear,0,0,2.3020052495615912e-08,2.855026316740988e-05,-0.999999036909708,0.000212661673708,1.4709517177309663,0.0284792218475888,True,2.3020052495615912e-08,2.855026316740988e-05,0.000212661673708,1.4709517177309663,0.0,0.0,True,True,0,True,True,True,0,active_source,active_initial_basin_no_repair_needed,initial_basin_no_motion_observable,source_active_role,active_initial_basin_no_repair_needed,True,passive_no_motion_basin_member,active_initial_basin_no_repair_needed,source_active_role,initial_basin_no_motion_observable||source_active_role,active_initial_basin_no_repair_needed,True
15011,26,prealigned_low_energy,passive_hold,0,0,2.3020052495615912e-08,2.855026316740988e-05,-0.999999036909708,0.000212661673708,1.4709517177309663,0.0284792218475888,True,2.3020052495615912e-08,2.855026316740988e-05,0.000212661673708,1.4709517177309663,0.0,0.0,True,True,0,True,True,True,0,passive_source,passive_no_motion_basin_member,initial_basin_no_motion_observable,source_basin_eligible_nonactive_role,passive_no_motion_basin_member,True,passive_no_motion_basin_member,passive_no_motion_basin_member,source_basin_eligible_nonactive_role,initial_basin_no_motion_observable||source_basin_eligible_nonactive_role,passive_no_motion_basin_member,True
15011,26,prealigned_low_energy,novel_passive_pre_basin,0,0,2.3020052495615912e-08,2.855026316740988e-05,-0.999999036909708,0.000212661673708,1.4709517177309663,0.0284792218475888,True,2.3020052495615912e-08,2.855026316740988e-05,0.000212661673708,1.4709517177309663,0.0,0.0,True,True,0,True,True,True,0,passive_source,passive_no_motion_basin_member,initial_basin_no_motion_observable,source_basin_eligible_nonactive_role,passive_no_motion_basin_member,True,passive_no_motion_basin_member,passive_no_motion_basin_member,source_basin_eligible_nonactive_role,initial_basin_no_motion_observable||source_basin_eligible_nonactive_role,passive_no_motion_basin_member,True
15011,26,prealigned_low_energy,directed_variational,0,0,2.3020052495615912e-08,2.855026316740988e-05,-0.999999036909708,0.000212661673708,1.4709517177309663,0.0284792218475888,True,2.3020052495615912e-08,2.855026316740988e-05,0.000212661673708,1.4709517177309663,0.0,0.0,True,True,0,True,True,True,0,active_source,active_initial_basin_no_repair_needed,initial_basin_no_motion_observable,source_active_role,active_initial_basin_no_repair_needed,True,passive_no_motion_basin_member,active_initial_basin_no_repair_needed,source_active_role,initial_basin_no_motion_observable||source_active_role,active_initial_basin_no_repair_needed,True
15011,26,prealigned_low_energy,defect_forced,0,0,2.3020052495615912e-08,2.855026316740988e-05,-0.999999036909708,0.000212661673708,1.4709517177309663,0.0284792218475888,True,2.3020052495615912e-08,2.855026316740988e-05,0.000212661673708,1.4709517177309663,0.0,0.0,True,True,0,True,True,True,0,active_source,active_initial_basin_no_repair_needed,initial_basin_no_motion_observable,source_active_role,active_initial_basin_no_repair_needed,True,passive_no_motion_basin_member,active_initial_basin_no_repair_needed,source_active_role,initial_basin_no_motion_observable||source_active_role,active_initial_basin_no_repair_needed,True
15011,26,prealigned_low_energy,novel_local_defect_repair,0,0,2.3020052495615912e-08,2.855026316740988e-05,-0.999999036909708,0.000212661673708,1.4709517177309663,0.0284792218475888,True,2.3020052495615912e-08,2.855026316740988e-05,0.000212661673708,1.4709517177309663,0.0,0.0,True,True,0,True,True,True,0,active_source,active_initial_basin_no_repair_needed,initial_basin_no_motion_observable,source_active_role,active_initial_basin_no_repair_needed,True,passive_no_motion_basin_member,active_initial_basin_no_repair_needed,source_active_role,initial_basin_no_motion_observable||source_active_role,active_initial_basin_no_repair_needed,True
15031,26,ripple_wall,passive_hold,0,0,2.2614647718136973e-08,1.0633627843328592e-05,-0.9999987810301656,0.0002124057941657,0.684399987520243,0.0119161607271931,True,2.2614647718136973e-08,1.0633627843328592e-05,0.0002124057941657,0.684399987520243,0.0,0.0,True,True,0,True,True,True,0,passive_source,passive_no_motion_basin_member,initial_basin_no_motion_observable,source_basin_eligible_nonactive_role,passive_no_motion_basin_member,True,passive_no_motion_basin_member,passive_no_motion_basin_member,source_basin_eligible_nonactive_role,initial_basin_no_motion_observable||source_basin_eligible_nonactive_role,passive_no_motion_basin_member,True
15031,26,ripple_wall,novel_passive_pre_basin,0,0,2.2614647718136973e-08,1.0633627843328592e-05,-0.9999987810301656,0.0002124057941657,0.684399987520243,0.0119161607271931,True,2.2614647718136973e-08,1.0633627843328592e-05,0.0002124057941657,0.684399987520243,0.0,0.0,True,True,0,True,True,True,0,passive_source,passive_no_motion_basin_member,initial_basin_no_motion_observable,source_basin_eligible_nonactive_role,passive_no_motion_basin_member,True,passive_no_motion_basin_member,passive_no_motion_basin_member,source_basin_eligible_nonactive_role,initial_basin_no_motion_observable||source_basin_eligible_nonactive_role,passive_no_motion_basin_member,True
15083,26,ripple_wall,passive_hold,0,0,2.2664018770929723e-08,3.282953594363576e-06,-0.999999253745384,0.000212878509384,0.712568074900383,0.0123889853487185,True,2.2664018770929723e-08,3.282953594363576e-06,0.000212878509384,0.712568074900383,0.0,0.0,True,True,0,True,True,True,0,passive_source,passive_no_motion_basin_member,initial_basin_no_motion_observable,source_basin_eligible_nonactive_role,passive_no_motion_basin_member,True,passive_no_motion_basin_member,passive_no_motion_basin_member,source_basin_eligible_nonactive_role,initial_basin_no_motion_observable||source_basin_eligible_nonactive_role,passive_no_motion_basin_member,True
15083,26,ripple_wall,novel_passive_pre_basin,0,0,2.2664018770929723e-08,3.282953594363576e-06,-0.999999253745384,0.000212878509384,0.712568074900383,0.0123889853487185,True,2.2664018770929723e-08,3.282953594363576e-06,0.000212878509384,0.712568074900383,0.0,0.0,True,True,0,True,True,True,0,passive_source,passive_no_motion_basin_member,initial_basin_no_motion_observable,source_basin_eligible_nonactive_role,passive_no_motion_basin_member,True,passive_no_motion_basin_member,passive_no_motion_basin_member,source_basin_eligible_nonactive_role,initial_basin_no_motion_observable||source_basin_eligible_nonactive_role,passive_no_motion_basin_member,True
15053,18,oblique_triple,passive_hold,0,0,2.278276538092289e-08,1.4658149942531438e-05,-0.9999993322020804,0.0002129569660802,2.818667051330227,0.1042639174899844,True,2.278276538092289e-08,1.4658149942531438e-05,0.0002129569660802,2.818667051330227,0.0,0.0,True,True,0,True,True,True,0,passive_source,passive_no_motion_basin_member,initial_basin_no_motion_observable,source_basin_eligible_nonactive_role,passive_no_motion_basin_member,True,passive_no_motion_basin_member,passive_no_motion_basin_member,source_basin_eligible_nonactive_role,initial_basin_no_motion_observable||source_basin_eligible_nonactive_role,passive_no_motion_basin_member,True
15053,18,oblique_triple,novel_passive_pre_basin,0,0,2.278276538092289e-08,1.4658149942531438e-05,-0.9999993322020804,0.0002129569660802,2.818667051330227,0.1042639174899844,True,2.278276538092289e-08,1.4658149942531438e-05,0.0002129569660802,2.818667051330227,0.0,0.0,True,True,0,True,True,True,0,passive_source,passive_no_motion_basin_member,initial_basin_no_motion_observable,source_basin_eligible_nonactive_role,passive_no_motion_basin_member,True,passive_no_motion_basin_member,passive_no_motion_basin_member,source_basin_eligible_nonactive_role,initial_basin_no_motion_observable||source_basin_eligible_nonactive_role,passive_no_motion_basin_member,True
15101,26,corner_sink,passive_hold,0,0,2.2761928214389137e-08,3.918957762441134e-06,-0.9999997024452324,0.0002133272092322,3.229089547555072,0.0636535645231121,True,2.2761928214389137e-08,3.918957762441134e-06,0.0002133272092322,3.229089547555072,0.0,0.0,True,True,0,True,True,True,0,passive_source,passive_no_motion_basin_member,initial_basin_no_motion_observable,source_basin_eligible_nonactive_role,passive_no_motion_basin_member,True,passive_no_motion_basin_member,passive_no_motion_basin_member,source_basin_eligible_nonactive_role,initial_basin_no_motion_observable||source_basin_eligible_nonactive_role,passive_no_motion_basin_member,True
15101,26,corner_sink,novel_passive_pre_basin,0,0,2.2761928214389137e-08,3.918957762441134e-06,-0.9999997024452324,0.0002133272092322,3.229089547555072,0.0636535645231121,True,2.2761928214389137e-08,3.918957762441134e-06,0.0002133272092322,3.229089547555072,0.0,0.0,True,True,0,True,True,True,0,passive_source,passive_no_motion_basin_member,initial_basin_no_motion_observable,source_basin_eligible_nonactive_role,passive_no_motion_basin_member,True,passive_no_motion_basin_member,passive_no_motion_basin_member,source_basin_eligible_nonactive_role,initial_basin_no_motion_observable||source_basin_eligible_nonactive_role,passive_no_motion_basin_member,True
15011,18,broken_ring,novel_passive_pre_basin,0,0,2.250261283835344e-08,8.59297558348746e-06,-0.9999983454849676,0.0002119702489674,0.6789423354089656,0.0216910130332388,True,2.250261283835344e-08,8.59297558348746e-06,0.0002119702489674,0.6789423354089656,0.0,0.0,True,True,0,True,True,True,0,passive_source,passive_no_motion_basin_member,initial_basin_no_motion_observable,source_basin_eligible_nonactive_role,passive_no_motion_basin_member,True,passive_no_motion_basin_member,passive_no_motion_basin_member,source_basin_eligible_nonactive_role,initial_basin_no_motion_observable||source_basin_eligible_nonactive_role,passive_no_motion_basin_member,True
15011,18,broken_ring,passive_hold,0,0,2.250261283835344e-08,8.59297558348746e-06,-0.9999983454849676,0.0002119702489674,0.6789423354089656,0.0216910130332388,True,2.250261283835344e-08,8.59297558348746e-06,0.0002119702489674,0.6789423354089656,0.0,0.0,True,True,0,True,True,True,0,passive_source,passive_no_motion_basin_member,initial_basin_no_motion_observable,source_basin_eligible_nonactive_role,passive_no_motion_basin_member,True,passive_no_motion_basin_member,passive_no_motion_basin_member,source_basin_eligible_nonactive_role,initial_basin_no_motion_observable||source_basin_eligible_nonactive_role,passive_no_motion_basin_member,True
15101,18,ripple_wall,novel_passive_pre_basin,0,0,2.244666810050508e-08,1.351399962230548e-05,-0.9999978243031892,0.0002114490671892,0.7332043205643393,0.0163438649868977,True,2.244666810050508e-08,1.351399962230548e-05,0.0002114490671892,0.7332043205643393,0.0,0.0,True,True,0,True,True,True,0,passive_source,passive_no_motion_basin_member,initial_basin_no_motion_observable,source_basin_eligible_nonactive_role,passive_no_motion_basin_member,True,passive_no_motion_basin_member,passive_no_motion_basin_member,source_basin_eligible_nonactive_role,initial_basin_no_motion_observable||source_basin_eligible_nonactive_role,passive_no_motion_basin_member,True
15053,26,corner_sink,novel_passive_pre_basin,0,0,2.280925192752184e-08,1.307965998324695e-05,-0.9999995592559212,0.0002131840199212,3.578758149652344,0.0664178273069471,True,2.280925192752184e-08,1.307965998324695e-05,0.0002131840199212,3.578758149652344,0.0,0.0,True,True,0,True,True,True,0,passive_source,passive_no_motion_basin_member,initial_basin_no_motion_observable,source_basin_eligible_nonactive_role,passive_no_motion_basin_member,True,passive_no_motion_basin_member,passive_no_motion_basin_member,source_basin_eligible_nonactive_role,initial_basin_no_motion_observable||source_basin_eligible_nonactive_role,passive_no_motion_basin_member,True
15011,18,oblique_triple,passive_hold,0,0,2.2706559417368283e-08,1.0873110467534668e-05,-0.9999992012078726,0.0002128259718725,2.689060070101338,0.0954903771132216,True,2.2706559417368283e-08,1.0873110467534668e-05,0.0002128259718725,2.689060070101338,0.0,0.0,True,True,0,True,True,True,0,passive_source,passive_no_motion_basin_member,initial_basin_no_motion_observable,source_basin_eligible_nonactive_role,passive_no_motion_basin_member,True,passive_no_motion_basin_member,passive_no_motion_basin_member,source_basin_eligible_nonactive_role,initial_basin_no_motion_observable||source_basin_eligible_nonactive_role,passive_no_motion_basin_member,True
15083,18,ripple_wall,novel_local_defect_repair,1,1,0.0211705361919832,0.1975544220159062,-0.9422249061275092,0.0575614691084909,0.8449834179966235,0.016330495608265,True,0.1911071708579415,0.5258841823725228,0.3250541007990304,0.8457591115170825,0.8892216545416315,0.624338535672883,True,False,1,True,True,True,0,active_source,active_repair_source_compatible,active_or_structured_endpoint_entry_observable,source_active_role,active_repair_source_compatible,True,structured_endpoint_collapse_not_legit,active_repair_source_compatible,source_active_role,active_or_structured_endpoint_entry_observable||source_active_role,active_repair_source_compatible,True
15083,18,ripple_wall,novel_gradient_shear,1,1,0.0029385705446097,0.0754092473479748,-0.985981068153889,0.013805307082111,0.8434472040142758,0.0166569371288982,True,0.1911071708579415,0.5258841823725228,0.3250541007990304,0.8457591115170825,0.9846234417452672,0.8566048383341306,True,False,1,True,True,True,0,active_source,active_repair_source_compatible,active_or_structured_endpoint_entry_observable,source_active_role,active_repair_source_compatible,True,structured_endpoint_collapse_not_legit,active_repair_source_compatible,source_active_role,active_or_structured_endpoint_entry_observable||source_active_role,active_repair_source_compatible,True
15083,26,oblique_triple,novel_local_defect_repair,1,1,0.0116101145951704,0.1471118368904595,-0.9600580901351335,0.0397282851008664,2.7473052861819744,0.0567039155180294,True,0.043114598400068,0.2817007634005155,0.0829088457265134,2.721491143469369,0.7307150007946531,0.477772672267213,True,False,1,True,True,True,0,active_source,active_repair_source_compatible,active_or_structured_endpoint_entry_observable,source_active_role,active_repair_source_compatible,True,structured_endpoint_collapse_not_legit,active_repair_source_compatible,source_active_role,active_or_structured_endpoint_entry_observable||source_active_role,active_repair_source_compatible,True
15083,26,oblique_triple,novel_gradient_shear,1,1,0.0080711010490538,0.1247209107403253,-0.9755604279436544,0.0242259472923457,2.721932458159487,0.0563502928964367,True,0.043114598400068,0.2817007634005155,0.0829088457265134,2.721491143469369,0.812798881367896,0.5572574627227498,True,False,1,True,True,True,0,active_source,active_repair_source_compatible,active_or_structured_endpoint_entry_observable,source_active_role,active_repair_source_compatible,True,structured_endpoint_collapse_not_legit,active_repair_source_compatible,source_active_role,active_or_structured_endpoint_entry_observable||source_active_role,active_repair_source_compatible,True
15053,26,corner_sink,directed_variational,1,1,0.015825939893751,0.169420258899596,-0.945484849825603,0.054301525410397,3.642550724570128,0.0882074741863735,True,0.0270668322445034,0.2219914164067801,0.0696668897735396,3.578758149652344,0.4153013640013167,0.2368161722551253,True,False,1,True,True,True,0,active_source,active_repair_source_compatible,active_or_structured_endpoint_entry_observable,source_active_role,active_repair_source_compatible,True,structured_endpoint_collapse_not_legit,active_repair_source_compatible,source_active_role,active_or_structured_endpoint_entry_observable||source_active_role,active_repair_source_compatible,True
15101,18,ripple_wall,novel_local_defect_repair,1,1,0.0063718649771933,0.1104538251335661,-0.9764693756916684,0.0233169995443316,0.7347329864476411,0.016228007648003,True,0.2724230936565727,0.6020527292661083,0.4270581909955311,0.7332043205643393,0.9766104081242004,0.816537954625629,True,False,1,True,True,True,0,active_source,active_repair_source_compatible,active_or_structured_endpoint_entry_observable,source_active_role,active_repair_source_compatible,True,structured_endpoint_collapse_not_legit,active_repair_source_compatible,source_active_role,active_or_structured_endpoint_entry_observable||source_active_role,active_repair_source_compatible,True
15011,18,ripple_wall,novel_local_defect_repair,1,1,0.0068254459887059,0.1111871594111819,-0.963893373696922,0.035893001539078,0.7717068766944236,0.0160124072092966,True,0.2352643729871235,0.5507285729670498,0.408933716990815,0.7729035299858674,0.9709881870212006,0.7981089689736647,True,False,1,True,True,True,0,active_source,active_repair_source_compatible,active_or_structured_endpoint_entry_observable,source_active_role,active_repair_source_compatible,True,structured_endpoint_collapse_not_legit,active_repair_source_compatible,source_active_role,active_or_structured_endpoint_entry_observable||source_active_role,active_repair_source_compatible,True
15011,18,ripple_wall,novel_gradient_shear,1,1,0.0010114519778257,0.0444309507161155,-0.992801063924861,0.0069853113111389,0.772148717185622,0.0161938762019778,True,0.2352643729871235,0.5507285729670498,0.408933716990815,0.7729035299858674,0.9957007856056608,0.919323323869573,True,False,1,True,True,True,0,active_source,active_repair_source_compatible,active_or_structured_endpoint_entry_observable,source_active_role,active_repair_source_compatible,True,structured_endpoint_collapse_not_legit,active_repair_source_compatible,source_active_role,active_or_structured_endpoint_entry_observable||source_active_role,active_repair_source_compatible,True
15011,18,phase_fault,novel_gradient_shear,1,1,0.0013385278359215,0.0516325929487808,-0.996450057321198,0.0033363179148019,0.8991029901821325,0.0134678798179224,True,0.0317103996068984,0.2341639936581545,0.0926715883529613,0.8985435112670648,0.957788994983584,0.7795024241645946,True,False,1,True,True,True,0,active_source,active_repair_source_compatible,active_or_structured_endpoint_entry_observable,source_active_role,active_repair_source_compatible,True,structured_endpoint_collapse_not_legit,active_repair_source_compatible,source_active_role,active_or_structured_endpoint_entry_observable||source_active_role,active_repair_source_compatible,True
15083,26,ripple_wall,novel_gradient_shear,1,1,0.0069185304768141,0.1139239061662432,-0.9704878333362172,0.0292985418997828,0.7126662570200962,0.0127054167684575,True,0.1871441778172369,0.5227224453523865,0.317882998537662,0.712568074900383,0.9630310140637464,0.7820566015866701,True,False,1,True,True,True,0,active_source,active_repair_source_compatible,active_or_structured_endpoint_entry_observable,source_active_role,active_repair_source_compatible,True,structured_endpoint_collapse_not_legit,active_repair_source_compatible,source_active_role,active_or_structured_endpoint_entry_observable||source_active_role,active_repair_source_compatible,True
15011,18,phase_fault,novel_local_defect_repair,1,1,0.0047386791410163,0.0965780999493896,-0.987537747059813,0.0122486281761869,0.8980387506103604,0.0134025580129734,True,0.0317103996068984,0.2341639936581545,0.0926715883529613,0.8985435112670648,0.8505638780775229,0.5875621249825145,True,False,1,True,True,True,0,active_source,active_repair_source_compatible,active_or_structured_endpoint_entry_observable,source_active_role,active_repair_source_compatible,True,structured_endpoint_collapse_not_legit,active_repair_source_compatible,source_active_role,active_or_structured_endpoint_entry_observable||source_active_role,active_repair_source_compatible,True
15101,18,ripple_wall,novel_gradient_shear,1,1,0.0009423623585524,0.0433119749908434,-0.9968203105877582,0.0029660646482417,0.7341800152863851,0.0156375575548313,True,0.2724230936565727,0.6020527292661083,0.4270581909955311,0.7332043205643393,0.9965408132368652,0.9280594989668628,True,False,1,True,True,True,0,active_source,active_repair_source_compatible,active_or_structured_endpoint_entry_observable,source_active_role,active_repair_source_compatible,True,structured_endpoint_collapse_not_legit,active_repair_source_compatible,source_active_role,active_or_structured_endpoint_entry_observable||source_active_role,active_repair_source_compatible,True
15011,18,phase_fault,defect_forced,1,1,0.0142669889910054,0.1635965163080396,-0.957713131554484,0.0420732436815159,0.8977223627702126,0.013323979262694,True,0.0317103996068984,0.2341639936581545,0.0926715883529613,0.8985435112670648,0.5500848564377031,0.3013592151696553,True,False,1,True,True,True,0,active_source,active_repair_source_compatible,active_or_structured_endpoint_entry_observable,source_active_role,active_repair_source_compatible,True,structured_endpoint_collapse_not_legit,active_repair_source_compatible,source_active_role,active_or_structured_endpoint_entry_observable||source_active_role,active_repair_source_compatible,True
15083,26,corner_sink,novel_local_defect_repair,1,1,0.0098467260000607,0.1375816273043758,-0.9721323008815528,0.0276540743544472,3.141305944942419,0.06017938857588,True,0.0506391514790633,0.3054672714351399,0.0892639291096754,3.1062732702306883,0.8055511256949597,0.5496027228758673,True,False,1,True,True,True,0,active_source,active_repair_source_compatible,active_or_structured_endpoint_entry_observable,source_active_role,active_repair_source_compatible,True,structured_endpoint_collapse_not_legit,active_repair_source_compatible,source_active_role,active_or_structured_endpoint_entry_observable||source_active_role,active_repair_source_compatible,True
15083,26,corner_sink,novel_gradient_shear,1,1,0.007006501786572,0.1167124865346101,-0.9800076224934108,0.0197787527425893,3.1015398680168818,0.0604295055078089,True,0.0506391514790633,0.3054672714351399,0.0892639291096754,3.1062732702306883,0.8616386415888013,0.6179214683560308,True,False,1,True,True,True,0,active_source,active_repair_source_compatible,active_or_structured_endpoint_entry_observable,source_active_role,active_repair_source_compatible,True,structured_endpoint_collapse_not_legit,active_repair_source_compatible,source_active_role,active_or_structured_endpoint_entry_observable||source_active_role,active_repair_source_compatible,True
15053,18,oblique_triple,novel_gradient_shear,1,1,5.144908055135483e-05,0.0101163456583713,-0.9990395743100098,0.0007468009259902,2.7937438078183128,0.1041730348181123,True,0.1135538860065097,0.4265799956539882,0.2124553584188049,2.818667051330227,0.9995469192349088,0.9762849975094628,True,False,1,True,True,True,0,active_source,active_repair_source_compatible,active_or_structured_endpoint_entry_observable,source_active_role,active_repair_source_compatible,True,structured_endpoint_collapse_not_legit,active_repair_source_compatible,source_active_role,active_or_structured_endpoint_entry_observable||source_active_role,active_repair_source_compatible,True
15011,18,broken_ring,novel_local_defect_repair,1,1,0.0040881786385037,0.0880093874169416,-0.9790329417007488,0.0207534335352511,0.677564897147446,0.0217358027302454,True,0.2481125015805037,0.5993222864803011,0.3701861694999308,0.6789423354089656,0.9835228833152496,0.8531518193080118,True,False,1,True,True,True,0,active_source,active_repair_source_compatible,active_or_structured_endpoint_entry_observable,source_active_role,active_repair_source_compatible,True,structured_endpoint_collapse_not_legit,active_repair_source_compatible,source_active_role,active_or_structured_endpoint_entry_observable||source_active_role,active_repair_source_compatible,True
15011,18,broken_ring,novel_gradient_shear,1,1,5.375542008837131e-05,0.0102843944182127,-0.99846649962543,0.0013198756105701,0.6805516261546595,0.0224146799371407,True,0.2481125015805037,0.5993222864803011,0.3701861694999308,0.6789423354089656,0.9997833425532944,0.9828399599828104,True,False,1,True,True,True,0,active_source,active_repair_source_compatible,active_or_structured_endpoint_entry_observable,source_active_role,active_repair_source_compatible,True,structured_endpoint_collapse_not_legit,active_repair_source_compatible,source_active_role,active_or_structured_endpoint_entry_observable||source_active_role,active_repair_source_compatible,True
15083,26,ripple_wall,novel_local_defect_repair,1,1,0.0153500875413838,0.167064060803083,-0.9469680576676454,0.0528183175683546,0.712338422277285,0.011970653301958,True,0.1871441778172369,0.5227224453523865,0.317882998537662,0.712568074900383,0.9179772102913476,0.6803962364938446,True,False,1,True,True,True,0,active_source,active_repair_source_compatible,active_or_structured_endpoint_entry_observable,source_active_role,active_repair_source_compatible,True,structured_endpoint_collapse_not_legit,active_repair_source_compatible,source_active_role,active_or_structured_endpoint_entry_observable||source_active_role,active_repair_source_compatible,True
15053,18,oblique_triple,novel_local_defect_repair,1,1,0.0009014725302707,0.0415064704147407,-0.990833276652175,0.0089530985838249,2.837079325314517,0.1044434942995166,True,0.1135538860065097,0.4265799956539882,0.2124553584188049,2.818667051330227,0.9920612797768004,0.90269944479696,True,False,1,True,True,True,0,active_source,active_repair_source_compatible,active_or_structured_endpoint_entry_observable,source_active_role,active_repair_source_compatible,True,structured_endpoint_collapse_not_legit,active_repair_source_compatible,source_active_role,active_or_structured_endpoint_entry_observable||source_active_role,active_repair_source_compatible,True
15031,18,oblique_triple,novel_local_defect_repair,1,1,0.0001447859844306,0.0170031855216063,-0.9991054560197438,0.0006809192162562,2.2459063930721967,0.0826805603467766,True,0.1717808678260752,0.5322149471350927,0.245578878770429,2.2183514589037774,0.9991571472000224,0.9680520330853118,True,False,1,True,True,True,0,active_source,active_repair_source_compatible,active_or_structured_endpoint_entry_observable,source_active_role,active_repair_source_compatible,True,structured_endpoint_collapse_not_legit,active_repair_source_compatible,source_active_role,active_or_structured_endpoint_entry_observable||source_active_role,active_repair_source_compatible,True
15031,18,phase_fault,novel_local_defect_repair,1,1,2.036873790245433e-06,0.0019733377774326,-0.999362481857132,0.0004238933788679,1.0060268702091308,0.0184839578090253,True,0.0544924730186998,0.3002181900653923,0.1373098117079029,1.008411358707879,0.9999626209882324,0.9934269879583372,True,False,1,True,True,True,0,active_source,active_repair_source_compatible,active_or_structured_endpoint_entry_observable,source_active_role,active_repair_source_compatible,True,structured_endpoint_collapse_not_legit,active_repair_source_compatible,source_active_role,active_or_structured_endpoint_entry_observable||source_active_role,active_repair_source_compatible,True
15031,18,phase_fault,novel_gradient_shear,1,1,2.4809865872184624e-05,0.0069722782131712,-0.9987828473278144,0.0010035279081855,1.0081792051053913,0.0185865021558623,True,0.0544924730186998,0.3002181900653923,0.1373098117079029,1.008411358707879,0.9995447102049632,0.97677596346634,True,False,1,True,True,True,0,active_source,active_repair_source_compatible,active_or_structured_endpoint_entry_observable,source_active_role,active_repair_source_compatible,True,structured_endpoint_collapse_not_legit,active_repair_source_compatible,source_active_role,active_or_structured_endpoint_entry_observable||source_active_role,active_repair_source_compatible,True
15101,18,corner_sink,novel_gradient_shear,1,1,0.0006097620671564,0.034654365040129,-0.9954737057635716,0.0043126694724282,2.8722951716900864,0.1220700700444017,True,0.0612134486288007,0.3205914686045862,0.1401713505519446,2.8598384469837037,0.9900387564856196,0.8919049056674582,True,False,1,True,True,True,0,active_source,active_repair_source_compatible,active_or_structured_endpoint_entry_observable,source_active_role,active_repair_source_compatible,True,structured_endpoint_collapse_not_legit,active_repair_source_compatible,source_active_role,active_or_structured_endpoint_entry_observable||source_active_role,active_repair_source_compatible,True
15101,26,corner_sink,novel_gradient_shear,1,1,0.009831160938008,0.1382900521869104,-0.9765875963423254,0.0231987788936746,3.231835798308873,0.065335570685063,True,0.0405193376911165,0.277688588592888,0.0626715497456606,3.229089547555072,0.7573711344023085,0.5019959124422073,True,False,1,True,True,True,0,active_source,active_repair_source_compatible,active_or_structured_endpoint_entry_observable,source_active_role,active_repair_source_compatible,True,structured_endpoint_collapse_not_legit,active_repair_source_compatible,source_active_role,active_or_structured_endpoint_entry_observable||source_active_role,active_repair_source_compatible,True
15031,18,oblique_triple,novel_gradient_shear,1,1,0.0001132054162347,0.0149528247471753,-0.998105939414652,0.0016804358213479,2.217476666673982,0.0817048487156623,True,0.1717808678260752,0.5322149471350927,0.245578878770429,2.2183514589037774,0.9993409893740398,0.971904538140768,True,False,1,True,True,True,0,active_source,active_repair_source_compatible,active_or_structured_endpoint_entry_observable,source_active_role,active_repair_source_compatible,True,structured_endpoint_collapse_not_legit,active_repair_source_compatible,source_active_role,active_or_structured_endpoint_entry_observable||source_active_role,active_repair_source_compatible,True
15101,18,oblique_triple,novel_local_defect_repair,1,1,0.0008647969071157,0.0414094091389768,-0.9959322023036778,0.0038541729323221,2.250603262180886,0.0894268216920753,True,0.0829242603947468,0.3757000668104412,0.1571559117186612,2.218752069758618,0.9895712436386098,0.8897806713439858,True,False,1,True,True,True,0,active_source,active_repair_source_compatible,active_or_structured_endpoint_entry_observable,source_active_role,active_repair_source_compatible,True,structured_endpoint_collapse_not_legit,active_repair_source_compatible,source_active_role,active_or_structured_endpoint_entry_observable||source_active_role,active_repair_source_compatible,True
15101,18,oblique_triple,novel_gradient_shear,1,1,4.167731696416964e-05,0.0091292220530981,-0.9996771111816866,0.0001092640543134,2.208484355199729,0.0891536757973138,True,0.0829242603947468,0.3757000668104412,0.1571559117186612,2.218752069758618,0.999497405008314,0.975700770746256,True,False,1,True,True,True,0,active_source,active_repair_source_compatible,active_or_structured_endpoint_entry_observable,source_active_role,active_repair_source_compatible,True,structured_endpoint_collapse_not_legit,active_repair_source_compatible,source_active_role,active_or_structured_endpoint_entry_observable||source_active_role,active_repair_source_compatible,True
15053,18,ripple_wall,novel_gradient_shear,1,1,6.665830375698125e-05,0.0114161388404582,-0.9980576816572118,0.0017286935787882,0.8874439001798852,0.0159449181299078,True,0.2404372440014232,0.575697347113977,0.3865838234183829,0.8860563192799962,0.9997227621492936,0.9801698950000924,True,False,1,True,True,True,0,active_source,active_repair_source_compatible,active_or_structured_endpoint_entry_observable,source_active_role,active_repair_source_compatible,True,structured_endpoint_collapse_not_legit,active_repair_source_compatible,source_active_role,active_or_structured_endpoint_entry_observable||source_active_role,active_repair_source_compatible,True
15083,18,corner_sink,novel_local_defect_repair,1,1,0.0036444370978703,0.0843194771610278,-0.9864035516538288,0.0133828235821711,3.076250827473651,0.1031681613879772,True,0.0660747925560969,0.3491927576691948,0.1010643512994406,3.0628082262214718,0.9448437602627195,0.7585302807406283,True,False,1,True,True,True,0,active_source,active_repair_source_compatible,active_or_structured_endpoint_entry_observable,source_active_role,active_repair_source_compatible,True,structured_endpoint_collapse_not_legit,active_repair_source_compatible,source_active_role,active_or_structured_endpoint_entry_observable||source_active_role,active_repair_source_compatible,True
15083,18,corner_sink,novel_gradient_shear,1,1,0.0007823744729669,0.0391002902192599,-0.99379335840777,0.0059930168282299,3.066725056003574,0.1046214147829778,True,0.0660747925560969,0.3491927576691948,0.1010643512994406,3.0628082262214718,0.9881592594741656,0.8880266289566369,True,False,1,True,True,True,0,active_source,active_repair_source_compatible,active_or_structured_endpoint_entry_observable,source_active_role,active_repair_source_compatible,True,structured_endpoint_collapse_not_legit,active_repair_source_compatible,source_active_role,active_or_structured_endpoint_entry_observable||source_active_role,active_repair_source_compatible,True
15053,26,ripple_wall,novel_gradient_shear,1,1,0.0179021301405707,0.1791664658700859,-0.9389288548398746,0.0608575203961253,0.7235429897339986,0.0109155156564147,True,0.2023427678142514,0.5532416857337356,0.3140209750876485,0.7223811780384077,0.9115257227383772,0.6761515437269644,True,False,1,True,True,True,0,active_source,active_repair_source_compatible,active_or_structured_endpoint_entry_observable,source_active_role,active_repair_source_compatible,True,structured_endpoint_collapse_not_legit,active_repair_source_compatible,source_active_role,active_or_structured_endpoint_entry_observable||source_active_role,active_repair_source_compatible,True
15053,18,ripple_wall,novel_local_defect_repair,1,1,0.0015853006198082,0.0541655877418408,-0.984401631357812,0.0153847438781881,0.8814970813682623,0.0156719533350914,True,0.2404372440014232,0.575697347113977,0.3865838234183829,0.8860563192799962,0.9934065929453414,0.9059130843414795,True,False,1,True,True,True,0,active_source,active_repair_source_compatible,active_or_structured_endpoint_entry_observable,source_active_role,active_repair_source_compatible,True,structured_endpoint_collapse_not_legit,active_repair_source_compatible,source_active_role,active_or_structured_endpoint_entry_observable||source_active_role,active_repair_source_compatible,True
15101,18,corner_sink,novel_local_defect_repair,1,1,0.0031586917381847,0.0782327187755665,-0.9857498090835336,0.0140365661524664,2.896297639999944,0.1197386709877353,True,0.0612134486288007,0.3205914686045862,0.1401713505519446,2.8598384469837037,0.9483987292026712,0.7559737970669026,True,False,1,True,True,True,0,active_source,active_repair_source_compatible,active_or_structured_endpoint_entry_observable,source_active_role,active_repair_source_compatible,True,structured_endpoint_collapse_not_legit,active_repair_source_compatible,source_active_role,active_or_structured_endpoint_entry_observable||source_active_role,active_repair_source_compatible,True
15053,26,broken_ring,novel_gradient_shear,1,1,0.0133282791892888,0.1582165166976425,-0.9594863476598032,0.0403000275761967,0.6820641662032932,0.0133827944256687,True,0.0993089080020933,0.4082365771558983,0.1787755941850647,0.6825721308315896,0.865789691395321,0.6124391454569861,True,False,1,True,True,True,0,active_source,active_repair_source_compatible,active_or_structured_endpoint_entry_observable,source_active_role,active_repair_source_compatible,True,structured_endpoint_collapse_not_legit,active_repair_source_compatible,source_active_role,active_or_structured_endpoint_entry_observable||source_active_role,active_repair_source_compatible,True
15083,18,phase_fault,novel_local_defect_repair,1,1,0.0020537903629691,0.0633347038518329,-0.9899733219935594,0.0098130532424406,0.9917876636974876,0.0159389338375898,True,0.0299052324297798,0.2245243593555085,0.0969498680533303,0.993368552650104,0.9313233773145558,0.7179161137154493,True,False,1,True,True,True,0,active_source,active_repair_source_compatible,active_or_structured_endpoint_entry_observable,source_active_role,active_repair_source_compatible,True,structured_endpoint_collapse_not_legit,active_repair_source_compatible,source_active_role,active_or_structured_endpoint_entry_observable||source_active_role,active_repair_source_compatible,True
15031,26,corner_sink,novel_gradient_shear,1,1,0.0025822811561714,0.0699204694667659,-0.9831824521486702,0.0166039230873298,3.09910744773457,0.05797080774748,True,0.0830488294472011,0.3873747610188582,0.1266430156778678,3.092471232219073,0.9689064713575274,0.8195017422310032,True,False,1,True,True,True,0,active_source,active_repair_source_compatible,active_or_structured_endpoint_entry_observable,source_active_role,active_repair_source_compatible,True,structured_endpoint_collapse_not_legit,active_repair_source_compatible,source_active_role,active_or_structured_endpoint_entry_observable||source_active_role,active_repair_source_compatible,True
15031,26,corner_sink,novel_local_defect_repair,1,1,0.0044404952594493,0.0897464178978191,-0.971036227524925,0.0287501477110749,3.117752462281195,0.0583823160782021,True,0.0830488294472011,0.3873747610188582,0.1266430156778678,3.092471232219073,0.946531512967092,0.768321463012872,True,False,1,True,True,True,0,active_source,active_repair_source_compatible,active_or_structured_endpoint_entry_observable,source_active_role,active_repair_source_compatible,True,structured_endpoint_collapse_not_legit,active_repair_source_compatible,source_active_role,active_or_structured_endpoint_entry_observable||source_active_role,active_repair_source_compatible,True
15083,18,phase_fault,directed_variational,1,1,0.0249539825265176,0.2054690904285631,-0.9120913472612384,0.0876950279747615,1.168669338503214,0.0526138634994336,True,0.0299052324297798,0.2245243593555085,0.0969498680533303,0.993368552650104,0.1655646688158213,0.0848694947023042,True,False,1,True,True,True,0,active_source,active_repair_source_compatible,active_or_structured_endpoint_entry_observable,source_active_role,active_repair_source_compatible,True,structured_endpoint_collapse_not_legit,active_repair_source_compatible,source_active_role,active_or_structured_endpoint_entry_observable||source_active_role,active_repair_source_compatible,True
15083,18,phase_fault,defect_forced,1,1,0.0204630566470236,0.195924081819851,-0.9493892775309188,0.0503970977050812,0.989123320477007,0.0158181868436692,True,0.0299052324297798,0.2245243593555085,0.0969498680533303,0.993368552650104,0.3157365790288232,0.127381624059084,True,False,1,True,True,True,0,active_source,active_repair_source_compatible,active_or_structured_endpoint_entry_observable,source_active_role,active_repair_source_compatible,True,structured_endpoint_collapse_not_legit,active_repair_source_compatible,source_active_role,active_or_structured_endpoint_entry_observable||source_active_role,active_repair_source_compatible,True
15083,18,phase_fault,novel_gradient_shear,1,1,0.0001455692616182,0.0169336795595157,-0.9976913764741484,0.0020949987618514,0.9931772903716498,0.0159662213931523,True,0.0299052324297798,0.2245243593555085,0.0969498680533303,0.993368552650104,0.9951323146223592,0.9245797667164132,True,False,1,True,True,True,0,active_source,active_repair_source_compatible,active_or_structured_endpoint_entry_observable,source_active_role,active_repair_source_compatible,True,structured_endpoint_collapse_not_legit,active_repair_source_compatible,source_active_role,active_or_structured_endpoint_entry_observable||source_active_role,active_repair_source_compatible,True
15031,18,broken_ring,novel_local_defect_repair,1,1,5.652910647101728e-05,0.0104304106949648,-0.9977212491680816,0.0020651260679185,0.8796466454016019,0.0308189258173069,True,0.3433308539011842,0.7000907306905201,0.4433223168345828,0.8847775059106214,0.9998353509251252,0.9851013443848028,True,False,1,True,True,True,0,active_source,active_repair_source_compatible,active_or_structured_endpoint_entry_observable,source_active_role,active_repair_source_compatible,True,structured_endpoint_collapse_not_legit,active_repair_source_compatible,source_active_role,active_or_structured_endpoint_entry_observable||source_active_role,active_repair_source_compatible,True
15031,18,broken_ring,novel_gradient_shear,1,1,3.584711637462176e-05,0.0084166011851381,-0.9988616821844558,0.0009246930515441,0.885480127259556,0.030836807280544,True,0.3433308539011842,0.7000907306905201,0.4433223168345828,0.8847775059106214,0.9998955901662576,0.9879778422750654,True,False,1,True,True,True,0,active_source,active_repair_source_compatible,active_or_structured_endpoint_entry_observable,source_active_role,active_repair_source_compatible,True,structured_endpoint_collapse_not_legit,active_repair_source_compatible,source_active_role,active_or_structured_endpoint_entry_observable||source_active_role,active_repair_source_compatible,True
15031,26,ripple_wall,novel_local_defect_repair,1,1,0.0243700607225111,0.2021527558410433,-0.9110486450932148,0.0887377301427853,0.6872599082556187,0.0117067627581196,True,0.2338971722895373,0.5771942462902262,0.3669347988792183,0.684399987520243,0.8958086560651547,0.6497665090375032,True,False,1,True,True,True,0,active_source,active_repair_source_compatible,active_or_structured_endpoint_entry_observable,source_active_role,active_repair_source_compatible,True,structured_endpoint_collapse_not_legit,active_repair_source_compatible,source_active_role,active_or_structured_endpoint_entry_observable||source_active_role,active_repair_source_compatible,True
15031,26,ripple_wall,novel_gradient_shear,1,1,0.0092783958643993,0.1277755967797578,-0.9525615025905873,0.0472248726454128,0.6832875309597637,0.0118724977255191,True,0.2338971722895373,0.5771942462902262,0.3669347988792183,0.684399987520243,0.9603313038180978,0.7786263504846374,True,False,1,True,True,True,0,active_source,active_repair_source_compatible,active_or_structured_endpoint_entry_observable,source_active_role,active_repair_source_compatible,True,structured_endpoint_collapse_not_legit,active_repair_source_compatible,source_active_role,active_or_structured_endpoint_entry_observable||source_active_role,active_repair_source_compatible,True
15101,18,phase_fault,directed_variational,1,1,0.0176808063342143,0.1676761050947355,-0.9146609592388496,0.0851254159971504,0.9679861161034424,0.0221749424089538,True,0.0323062377206646,0.2335825936155302,0.1002579044323755,0.9273342797755182,0.4527123062876015,0.2821549649756551,True,False,1,True,True,True,0,active_source,active_repair_source_compatible,active_or_structured_endpoint_entry_observable,source_active_role,active_repair_source_compatible,True,structured_endpoint_collapse_not_legit,active_repair_source_compatible,source_active_role,active_or_structured_endpoint_entry_observable||source_active_role,active_repair_source_compatible,True
15101,18,phase_fault,defect_forced,1,1,0.0177047655026838,0.1817818427317098,-0.9511562132125032,0.0486301620234966,0.9248840794148616,0.0128871709548869,True,0.0323062377206646,0.2335825936155302,0.1002579044323755,0.9273342797755182,0.4519706795876467,0.2217663143550031,True,False,1,True,True,True,0,active_source,active_repair_source_compatible,active_or_structured_endpoint_entry_observable,source_active_role,active_repair_source_compatible,True,structured_endpoint_collapse_not_legit,active_repair_source_compatible,source_active_role,active_or_structured_endpoint_entry_observable||source_active_role,active_repair_source_compatible,True
15101,18,phase_fault,novel_local_defect_repair,1,1,9.5915257660839e-05,0.0136595040796012,-0.9974954226784304,0.0022909525575695,0.9267161888722254,0.0128964522063128,True,0.0323062377206646,0.2335825936155302,0.1002579044323755,0.9273342797755182,0.997031060704524,0.9415217381179272,True,False,1,True,True,True,0,active_source,active_repair_source_compatible,active_or_structured_endpoint_entry_observable,source_active_role,active_repair_source_compatible,True,structured_endpoint_collapse_not_legit,active_repair_source_compatible,source_active_role,active_or_structured_endpoint_entry_observable||source_active_role,active_repair_source_compatible,True
15101,18,phase_fault,novel_gradient_shear,1,1,3.5432805044426234e-06,0.0026612980334643,-0.9997227058872984,6.366934870150054e-05,0.9280969822449284,0.0127588045410537,True,0.0323062377206646,0.2335825936155302,0.1002579044323755,0.9273342797755182,0.9998903220630342,0.9886066080812796,True,False,1,True,True,True,0,active_source,active_repair_source_compatible,active_or_structured_endpoint_entry_observable,source_active_role,active_repair_source_compatible,True,structured_endpoint_collapse_not_legit,active_repair_source_compatible,source_active_role,active_or_structured_endpoint_entry_observable||source_active_role,active_repair_source_compatible,True
15101,26,broken_ring,novel_local_defect_repair,1,1,0.0208045596336892,0.1918652050020012,-0.9305269904789976,0.0692593847570025,0.8249267497611376,0.0171973072227462,True,0.1273077133555529,0.4656786187657952,0.1943163676469046,0.8384467405791018,0.8365805253573163,0.5879879443228542,True,False,1,True,True,True,0,active_source,active_repair_source_compatible,active_or_structured_endpoint_entry_observable,source_active_role,active_repair_source_compatible,True,structured_endpoint_collapse_not_legit,active_repair_source_compatible,source_active_role,active_or_structured_endpoint_entry_observable||source_active_role,active_repair_source_compatible,True
15101,26,broken_ring,novel_gradient_shear,1,1,0.0146568234997789,0.1633197768612296,-0.9484025501004952,0.0513838251355048,0.8343765281483652,0.0174417390201011,True,0.1273077133555529,0.4656786187657952,0.1943163676469046,0.8384467405791018,0.8848708918388207,0.649286503007737,True,False,1,True,True,True,0,active_source,active_repair_source_compatible,active_or_structured_endpoint_entry_observable,source_active_role,active_repair_source_compatible,True,structured_endpoint_collapse_not_legit,active_repair_source_compatible,source_active_role,active_or_structured_endpoint_entry_observable||source_active_role,active_repair_source_compatible,True
15101,26,corner_sink,novel_local_defect_repair,1,1,0.0120055212324673,0.152541685499561,-0.9725452913756312,0.0272410838603688,3.2637268521498166,0.0637018896999813,True,0.0405193376911165,0.277688588592888,0.0626715497456606,3.229089547555072,0.7037088482370942,0.4506735538792734,True,False,1,True,True,True,0,active_source,active_repair_source_compatible,active_or_structured_endpoint_entry_observable,source_active_role,active_repair_source_compatible,True,structured_endpoint_collapse_not_legit,active_repair_source_compatible,source_active_role,active_or_structured_endpoint_entry_observable||source_active_role,active_repair_source_compatible,True
15011,26,oblique_triple,novel_gradient_shear,1,1,0.0045574884843534,0.0940894043330562,-0.9835949898426012,0.0161913853933987,3.12929481125058,0.0555134866415873,True,0.0338779263618943,0.2520599127251271,0.0649742496746977,3.1401120303345063,0.8654732159065924,0.6267180952479026,True,False,1,True,True,True,0,active_source,active_repair_source_compatible,active_or_structured_endpoint_entry_observable,source_active_role,active_repair_source_compatible,True,structured_endpoint_collapse_not_legit,active_repair_source_compatible,source_active_role,active_or_structured_endpoint_entry_observable||source_active_role,active_repair_source_compatible,True
15053,18,corner_sink,novel_local_defect_repair,1,1,0.0009237501562316,0.0421699653529152,-0.9914680620297494,0.0083183132062506,3.137794200416114,0.0961683433790487,True,0.0657251036729337,0.3326589886990537,0.1441811519706735,3.133126035016373,0.9859452460993524,0.8732336513175109,True,False,1,True,True,True,0,active_source,active_repair_source_compatible,active_or_structured_endpoint_entry_observable,source_active_role,active_repair_source_compatible,True,structured_endpoint_collapse_not_legit,active_repair_source_compatible,source_active_role,active_or_structured_endpoint_entry_observable||source_active_role,active_repair_source_compatible,True
15053,18,corner_sink,novel_gradient_shear,1,1,3.0820470370417806e-05,0.0078295401567581,-0.99920393066821,0.0005824445677898,3.1381429974046258,0.0943295247099051,True,0.0657251036729337,0.3326589886990537,0.1441811519706735,3.133126035016373,0.9995310700227522,0.9764637649252952,True,False,1,True,True,True,0,active_source,active_repair_source_compatible,active_or_structured_endpoint_entry_observable,source_active_role,active_repair_source_compatible,True,structured_endpoint_collapse_not_legit,active_repair_source_compatible,source_active_role,active_or_structured_endpoint_entry_observable||source_active_role,active_repair_source_compatible,True
15011,26,oblique_triple,novel_local_defect_repair,1,1,0.0078494847722698,0.1222075778309947,-0.9721408065997612,0.0276455686362389,3.13672118756035,0.0558993440545992,True,0.0338779263618943,0.2520599127251271,0.0649742496746977,3.1401120303345063,0.7683009081138106,0.5151645634156116,True,False,1,True,True,True,0,active_source,active_repair_source_compatible,active_or_structured_endpoint_entry_observable,source_active_role,active_repair_source_compatible,True,structured_endpoint_collapse_not_legit,active_repair_source_compatible,source_active_role,active_or_structured_endpoint_entry_observable||source_active_role,active_repair_source_compatible,True
15031,18,ripple_wall,novel_gradient_shear,1,1,3.38844312531723e-06,0.0026032329068806,-0.9997944178206812,8.042584681233755e-06,0.7549788472438961,0.0158291615390532,True,0.3193138060168437,0.6445843614576854,0.4723754999974866,0.757185112810727,0.999989388356966,0.9959613774960512,True,False,1,True,True,True,0,active_source,active_repair_source_compatible,active_or_structured_endpoint_entry_observable,source_active_role,active_repair_source_compatible,True,structured_endpoint_collapse_not_legit,active_repair_source_compatible,source_active_role,active_or_structured_endpoint_entry_observable||source_active_role,active_repair_source_compatible,True
15031,18,corner_sink,novel_gradient_shear,1,1,3.1537089665685914e-05,0.0079291189454742,-0.9993355403661272,0.0004508348698727,3.24390227061748,0.1077734373700186,True,0.1030984835813749,0.4284587987306248,0.1503995510400869,3.2289866218866456,0.9996941071335884,0.9814938589895996,True,False,1,True,True,True,0,active_source,active_repair_source_compatible,active_or_structured_endpoint_entry_observable,source_active_role,active_repair_source_compatible,True,structured_endpoint_collapse_not_legit,active_repair_source_compatible,source_active_role,active_or_structured_endpoint_entry_observable||source_active_role,active_repair_source_compatible,True
15053,18,broken_ring,novel_local_defect_repair,1,1,0.0022005768833518,0.0656475031882161,-0.990217723718836,0.0095686515171641,0.8270820012204989,0.0303038587402459,True,0.2600760718454243,0.6302858289519636,0.3505594350651323,0.8315451293178505,0.9915387183883208,0.8958448688299554,True,False,1,True,True,True,0,active_source,active_repair_source_compatible,active_or_structured_endpoint_entry_observable,source_active_role,active_repair_source_compatible,True,structured_endpoint_collapse_not_legit,active_repair_source_compatible,source_active_role,active_or_structured_endpoint_entry_observable||source_active_role,active_repair_source_compatible,True
15031,26,oblique_triple,novel_local_defect_repair,1,1,0.0026385954674639,0.0685069012793362,-0.9756203782147488,0.0241659970212513,2.677332226779196,0.0597482463766247,True,0.1149304742058244,0.4480483347553605,0.1706271904902534,2.6437972019655342,0.9770418116981262,0.8470993061103801,True,False,1,True,True,True,0,active_source,active_repair_source_compatible,active_or_structured_endpoint_entry_observable,source_active_role,active_repair_source_compatible,True,structured_endpoint_collapse_not_legit,active_repair_source_compatible,source_active_role,active_or_structured_endpoint_entry_observable||source_active_role,active_repair_source_compatible,True
15031,18,ripple_wall,novel_local_defect_repair,1,1,0.0017238691451227,0.0578821702824415,-0.9899176035981528,0.0098687716378471,0.7572865450497592,0.0151350251095349,True,0.3193138060168437,0.6445843614576854,0.4723754999974866,0.757185112810727,0.9946013322517396,0.910202335420526,True,False,1,True,True,True,0,active_source,active_repair_source_compatible,active_or_structured_endpoint_entry_observable,source_active_role,active_repair_source_compatible,True,structured_endpoint_collapse_not_legit,active_repair_source_compatible,source_active_role,active_or_structured_endpoint_entry_observable||source_active_role,active_repair_source_compatible,True
15031,18,corner_sink,novel_local_defect_repair,1,1,5.497408052011561e-05,0.0104748363182448,-0.9993110173222024,0.0004753579137977,3.2404207074952827,0.1075780570633993,True,0.1030984835813749,0.4284587987306248,0.1503995510400869,3.2289866218866456,0.9994667808913388,0.9755522903246386,True,False,1,True,True,True,0,active_source,active_repair_source_compatible,active_or_structured_endpoint_entry_observable,source_active_role,active_repair_source_compatible,True,structured_endpoint_collapse_not_legit,active_repair_source_compatible,source_active_role,active_or_structured_endpoint_entry_observable||source_active_role,active_repair_source_compatible,True
15011,26,broken_ring,novel_gradient_shear,1,1,0.0201599016350047,0.193782034008866,-0.9471714860372548,0.0526148891987451,0.6121187564587959,0.0112521075620068,True,0.1321948345338118,0.4711523060756206,0.2059251649198038,0.6101394314498042,0.8474985674973865,0.588706175241871,True,False,1,True,True,True,0,active_source,active_repair_source_compatible,active_or_structured_endpoint_entry_observable,source_active_role,active_repair_source_compatible,True,structured_endpoint_collapse_not_legit,active_repair_source_compatible,source_active_role,active_or_structured_endpoint_entry_observable||source_active_role,active_repair_source_compatible,True
15011,26,corner_sink,directed_variational,1,1,0.0221089953554168,0.2042358776001742,-0.949729437537812,0.050056937698188,3.4996855795473696,0.0689830101272315,True,0.0413721582809866,0.2801134788570055,0.0654274829456186,3.556105693165312,0.4656069135739766,0.2708816497020303,True,False,1,True,True,True,0,active_source,active_repair_source_compatible,active_or_structured_endpoint_entry_observable,source_active_role,active_repair_source_compatible,True,structured_endpoint_collapse_not_legit,active_repair_source_compatible,source_active_role,active_or_structured_endpoint_entry_observable||source_active_role,active_repair_source_compatible,True
15053,18,broken_ring,novel_gradient_shear,1,1,6.374424795190652e-06,0.0035666741965525,-0.9996199878385574,0.0001663873974425,0.8294967094540813,0.0299899277651507,True,0.2600760718454243,0.6302858289519636,0.3505594350651323,0.8315451293178505,0.999975490148902,0.9943411797731871,True,False,1,True,True,True,0,active_source,active_repair_source_compatible,active_or_structured_endpoint_entry_observable,source_active_role,active_repair_source_compatible,True,structured_endpoint_collapse_not_legit,active_repair_source_compatible,source_active_role,active_or_structured_endpoint_entry_observable||source_active_role,active_repair_source_compatible,True
15011,26,ripple_wall,novel_gradient_shear,1,1,0.0109164510932871,0.1408520394417235,-0.9551365692825412,0.0446498059534588,0.6890583010287978,0.0139665726463214,True,0.1570914257726252,0.4890534817977243,0.2738787021416111,0.6880008817291906,0.9305089310856584,0.7119905190641442,True,False,1,True,True,True,0,active_source,active_repair_source_compatible,active_or_structured_endpoint_entry_observable,source_active_role,active_repair_source_compatible,True,structured_endpoint_collapse_not_legit,active_repair_source_compatible,source_active_role,active_or_structured_endpoint_entry_observable||source_active_role,active_repair_source_compatible,True
15031,26,broken_ring,novel_local_defect_repair,1,1,0.0119220554510576,0.146426570204621,-0.9507621930375524,0.0490241821984476,0.7322731381209755,0.0136016241784203,True,0.2666418866859561,0.6334585701040089,0.3633373271956747,0.7337899067098144,0.9552881372083358,0.7688458612512769,True,False,1,True,True,True,0,active_source,active_repair_source_compatible,active_or_structured_endpoint_entry_observable,source_active_role,active_repair_source_compatible,True,structured_endpoint_collapse_not_legit,active_repair_source_compatible,source_active_role,active_or_structured_endpoint_entry_observable||source_active_role,active_repair_source_compatible,True
15031,26,broken_ring,novel_gradient_shear,1,1,0.0041286841975704,0.0874711057241851,-0.9751657729174258,0.0246206023185742,0.7341044313547319,0.0137123558911443,True,0.2666418866859561,0.6334585701040089,0.3633373271956747,0.7337899067098144,0.984515995405412,0.8619150330373067,True,False,1,True,True,True,0,active_source,active_repair_source_compatible,active_or_structured_endpoint_entry_observable,source_active_role,active_repair_source_compatible,True,structured_endpoint_collapse_not_legit,active_repair_source_compatible,source_active_role,active_or_structured_endpoint_entry_observable||source_active_role,active_repair_source_compatible,True
15031,26,oblique_triple,novel_gradient_shear,1,1,0.0010485279057691,0.0440188217978236,-0.9871610380496224,0.0126253371863775,2.6476990955927198,0.0596108511170194,True,0.1149304742058244,0.4480483347553605,0.1706271904902534,2.6437972019655342,0.990876850426265,0.901754301078342,True,False,1,True,True,True,0,active_source,active_repair_source_compatible,active_or_structured_endpoint_entry_observable,source_active_role,active_repair_source_compatible,True,structured_endpoint_collapse_not_legit,active_repair_source_compatible,source_active_role,active_or_structured_endpoint_entry_observable||source_active_role,active_repair_source_compatible,True
15053,26,oblique_triple,novel_local_defect_repair,1,1,0.0091729129880145,0.1332214711990154,-0.9753350851350884,0.0244512901009116,2.628557901524021,0.0564252478870501,True,0.0383539774985176,0.2681391737765161,0.0693493942546185,2.600978358045145,0.7608354182006316,0.5031629682332294,True,False,1,True,True,True,0,active_source,active_repair_source_compatible,active_or_structured_endpoint_entry_observable,source_active_role,active_repair_source_compatible,True,structured_endpoint_collapse_not_legit,active_repair_source_compatible,source_active_role,active_or_structured_endpoint_entry_observable||source_active_role,active_repair_source_compatible,True
15053,26,oblique_triple,novel_gradient_shear,1,1,0.0038176581283405,0.0864615739406355,-0.9871486345997494,0.0126377406362505,2.605978905735449,0.0562002784327358,True,0.0383539774985176,0.2681391737765161,0.0693493942546185,2.600978358045145,0.9004625236225217,0.6775496369158817,True,False,1,True,True,True,0,active_source,active_repair_source_compatible,active_or_structured_endpoint_entry_observable,source_active_role,active_repair_source_compatible,True,structured_endpoint_collapse_not_legit,active_repair_source_compatible,source_active_role,active_or_structured_endpoint_entry_observable||source_active_role,active_repair_source_compatible,True
15101,26,oblique_triple,novel_local_defect_repair,1,1,0.0226162860356929,0.2056562280603137,-0.9455822431851112,0.0542041320508887,2.4124032792610097,0.0548908110933956,True,0.0598346139191105,0.3324046630266316,0.0957933600849899,2.340365257166263,0.6220200222752402,0.3813076321248289,True,False,1,True,True,True,0,active_source,active_repair_source_compatible,active_or_structured_endpoint_entry_observable,source_active_role,active_repair_source_compatible,True,structured_endpoint_collapse_not_legit,active_repair_source_compatible,source_active_role,active_or_structured_endpoint_entry_observable||source_active_role,active_repair_source_compatible,True
15101,26,oblique_triple,novel_gradient_shear,1,1,0.0142933071175958,0.164417644886694,-0.9603725161873778,0.0394138590486221,2.3488755387376825,0.0538996002927102,True,0.0598346139191105,0.3324046630266316,0.0957933600849899,2.340365257166263,0.7611197569072667,0.5053690180211865,True,False,1,True,True,True,0,active_source,active_repair_source_compatible,active_or_structured_endpoint_entry_observable,source_active_role,active_repair_source_compatible,True,structured_endpoint_collapse_not_legit,active_repair_source_compatible,source_active_role,active_or_structured_endpoint_entry_observable||source_active_role,active_repair_source_compatible,True
15011,18,corner_sink,novel_gradient_shear,1,1,0.0010079065005534,0.0442805111695562,-0.9923668515538716,0.0074195236821285,2.1810132230337533,0.1027160838037337,True,0.1052222356619775,0.4245795275560238,0.1737144096045536,2.181504367279865,0.990421164355586,0.895707380369137,True,False,1,True,True,True,0,active_source,active_repair_source_compatible,active_or_structured_endpoint_entry_observable,source_active_role,active_repair_source_compatible,True,structured_endpoint_collapse_not_legit,active_repair_source_compatible,source_active_role,active_or_structured_endpoint_entry_observable||source_active_role,active_repair_source_compatible,True
15011,18,corner_sink,novel_local_defect_repair,1,1,0.00482282326083,0.096119250129796,-0.9796186714463812,0.0201677037896187,2.2316040366532195,0.1032271568461832,True,0.1052222356619775,0.4245795275560238,0.1737144096045536,2.181504367279865,0.954165360282998,0.7736130833159717,True,False,1,True,True,True,0,active_source,active_repair_source_compatible,active_or_structured_endpoint_entry_observable,source_active_role,active_repair_source_compatible,True,structured_endpoint_collapse_not_legit,active_repair_source_compatible,source_active_role,active_or_structured_endpoint_entry_observable||source_active_role,active_repair_source_compatible,True
15101,18,broken_ring,novel_gradient_shear,1,1,0.0001243434297874,0.0156924178848111,-0.9982259648722208,0.0015604103637792,0.6828980043463494,0.025247827634898,True,0.1966731995733873,0.5285404575797169,0.3376261006619573,0.6828264029008939,0.9993677662688332,0.9703099021830044,True,False,1,True,True,True,0,active_source,active_repair_source_compatible,active_or_structured_endpoint_entry_observable,source_active_role,active_repair_source_compatible,True,structured_endpoint_collapse_not_legit,active_repair_source_compatible,source_active_role,active_or_structured_endpoint_entry_observable||source_active_role,active_repair_source_compatible,True
15083,18,broken_ring,novel_local_defect_repair,1,1,0.0045500107443758,0.0925789925966831,-0.9767830794170302,0.0230032958189697,0.8650739549962015,0.0338218026408475,True,0.1928531298606867,0.5372322205625769,0.3115891540326397,0.8692378414037886,0.9764068607616628,0.8276741620214733,True,False,1,True,True,True,0,active_source,active_repair_source_compatible,active_or_structured_endpoint_entry_observable,source_active_role,active_repair_source_compatible,True,structured_endpoint_collapse_not_legit,active_repair_source_compatible,source_active_role,active_or_structured_endpoint_entry_observable||source_active_role,active_repair_source_compatible,True
15083,18,broken_ring,novel_gradient_shear,1,1,0.0003486850430746,0.0262675949571163,-0.9970691079841104,0.0027172672518896,0.8690648716727155,0.0337956694713653,True,0.1928531298606867,0.5372322205625769,0.3115891540326397,0.8692378414037886,0.9981919658533686,0.951105697028818,True,False,1,True,True,True,0,active_source,active_repair_source_compatible,active_or_structured_endpoint_entry_observable,source_active_role,active_repair_source_compatible,True,structured_endpoint_collapse_not_legit,active_repair_source_compatible,source_active_role,active_or_structured_endpoint_entry_observable||source_active_role,active_repair_source_compatible,True
15083,18,oblique_triple,novel_local_defect_repair,1,1,0.0027718356800453,0.0729085474287124,-0.9846862072923696,0.0151001679436303,3.02200149221497,0.1098762334392977,True,0.0593437987784571,0.3225077761115955,0.1211459116291887,3.013566416642228,0.9532919068537142,0.773932435649991,True,False,1,True,True,True,0,active_source,active_repair_source_compatible,active_or_structured_endpoint_entry_observable,source_active_role,active_repair_source_compatible,True,structured_endpoint_collapse_not_legit,active_repair_source_compatible,source_active_role,active_or_structured_endpoint_entry_observable||source_active_role,active_repair_source_compatible,True
15101,18,broken_ring,novel_local_defect_repair,1,1,0.0019229461833883,0.0615515790588529,-0.9922169973131796,0.0075693779228204,0.6806361346306803,0.0255589093106312,True,0.1966731995733873,0.5285404575797169,0.3376261006619573,0.6828264029008939,0.9902226323233174,0.8835442430621255,True,False,1,True,True,True,0,active_source,active_repair_source_compatible,active_or_structured_endpoint_entry_observable,source_active_role,active_repair_source_compatible,True,structured_endpoint_collapse_not_legit,active_repair_source_compatible,source_active_role,active_or_structured_endpoint_entry_observable||source_active_role,active_repair_source_compatible,True
15011,26,corner_sink,novel_local_defect_repair,1,1,0.0050208345828966,0.0989336259301765,-0.9838550593424144,0.0159313158935856,3.555992369695792,0.0661384912678394,True,0.0413721582809866,0.2801134788570055,0.0654274829456186,3.556105693165312,0.8786421885540664,0.6468087635963861,True,False,1,True,True,True,0,active_source,active_repair_source_compatible,active_or_structured_endpoint_entry_observable,source_active_role,active_repair_source_compatible,True,structured_endpoint_collapse_not_legit,active_repair_source_compatible,source_active_role,active_or_structured_endpoint_entry_observable||source_active_role,active_repair_source_compatible,True
15011,26,corner_sink,novel_gradient_shear,1,1,0.0027247055496498,0.073258943297702,-0.990701314630604,0.0090850606053959,3.553989094639129,0.0667861292565241,True,0.0413721582809866,0.2801134788570055,0.0654274829456186,3.556105693165312,0.9341415661209014,0.7384669113483174,True,False,1,True,True,True,0,active_source,active_repair_source_compatible,active_or_structured_endpoint_entry_observable,source_active_role,active_repair_source_compatible,True,structured_endpoint_collapse_not_legit,active_repair_source_compatible,source_active_role,active_or_structured_endpoint_entry_observable||source_active_role,active_repair_source_compatible,True
15083,18,oblique_triple,novel_gradient_shear,1,1,0.0004898056289909,0.030670249217492,-0.993545616394408,0.006240758841592,3.013207657499988,0.1087320605392335,True,0.0593437987784571,0.3225077761115955,0.1211459116291887,3.013566416642228,0.9917463047518869,0.9049007450667352,True,False,1,True,True,True,0,active_source,active_repair_source_compatible,active_or_structured_endpoint_entry_observable,source_active_role,active_repair_source_compatible,True,structured_endpoint_collapse_not_legit,active_repair_source_compatible,source_active_role,active_or_structured_endpoint_entry_observable||source_active_role,active_repair_source_compatible,True
15083,26,broken_ring,novel_gradient_shear,1,1,0.0259383189831578,0.217987262834867,-0.9337697772618672,0.0660165979741328,0.6531772670603863,0.0112412026305559,True,0.1332541227521927,0.4676229969666844,0.2187166619448135,0.6521235295180905,0.8053469682720465,0.5338397293345023,True,False,1,True,True,True,0,active_source,active_repair_source_compatible,active_or_structured_endpoint_entry_observable,source_active_role,active_repair_source_compatible,True,structured_endpoint_collapse_not_legit,active_repair_source_compatible,source_active_role,active_or_structured_endpoint_entry_observable||source_active_role,active_repair_source_compatible,True
15011,18,oblique_triple,novel_local_defect_repair,1,1,0.0022407680767853,0.0662496726281021,-0.9901677978858948,0.0096185773501051,2.705920456062671,0.0955481602792612,True,0.0795055592316895,0.3773874425434908,0.1288015398738013,2.689060070101338,0.9718162088360732,0.8244518360695274,True,False,1,True,True,True,0,active_source,active_repair_source_compatible,active_or_structured_endpoint_entry_observable,source_active_role,active_repair_source_compatible,True,structured_endpoint_collapse_not_legit,active_repair_source_compatible,source_active_role,active_or_structured_endpoint_entry_observable||source_active_role,active_repair_source_compatible,True
15011,18,oblique_triple,novel_gradient_shear,1,1,9.595240316489156e-05,0.0137513174270969,-0.9981112408088558,0.0016751344271441,2.682052649452542,0.0950094267657602,True,0.0795055592316895,0.3773874425434908,0.1288015398738013,2.689060070101338,0.9987931359128728,0.963561804453852,True,False,1,True,True,True,0,active_source,active_repair_source_compatible,active_or_structured_endpoint_entry_observable,source_active_role,active_repair_source_compatible,True,structured_endpoint_collapse_not_legit,active_repair_source_compatible,source_active_role,active_or_structured_endpoint_entry_observable||source_active_role,active_repair_source_compatible,True
15053,26,corner_sink,defect_forced,1,1,0.0216261966166281,0.2025764011690914,-0.9527205179439504,0.0470658572920495,3.586501759715176,0.0666323372848984,True,0.0270668322445034,0.2219914164067801,0.0696668897735396,3.578758149652344,0.2010074758112558,0.0874584051575439,True,False,1,True,True,True,0,active_source,active_repair_source_compatible,active_or_structured_endpoint_entry_observable,source_active_role,active_repair_source_compatible,True,structured_endpoint_collapse_not_legit,active_repair_source_compatible,source_active_role,active_or_structured_endpoint_entry_observable||source_active_role,active_repair_source_compatible,True
15053,26,corner_sink,novel_local_defect_repair,1,1,0.0084219452841715,0.1243446619459163,-0.9626071389084624,0.0371792363275376,3.57093917179314,0.0661091795250625,True,0.0270668322445034,0.2219914164067801,0.0696668897735396,3.578758149652344,0.68884628948145,0.4398672527116756,True,False,1,True,True,True,0,active_source,active_repair_source_compatible,active_or_structured_endpoint_entry_observable,source_active_role,active_repair_source_compatible,True,structured_endpoint_collapse_not_legit,active_repair_source_compatible,source_active_role,active_or_structured_endpoint_entry_observable||source_active_role,active_repair_source_compatible,True
15053,26,corner_sink,novel_gradient_shear,1,1,0.0033605252011634,0.0802449298988635,-0.9829994270960496,0.0167869481399504,3.577122893454273,0.067603554439136,True,0.0270668322445034,0.2219914164067801,0.0696668897735396,3.578758149652344,0.8758434244656863,0.6385223753315753,True,False,1,True,True,True,0,active_source,active_repair_source_compatible,active_or_structured_endpoint_entry_observable,source_active_role,active_repair_source_compatible,True,structured_endpoint_collapse_not_legit,active_repair_source_compatible,source_active_role,active_or_structured_endpoint_entry_observable||source_active_role,active_repair_source_compatible,True
15011,18,oblique_triple,directed_variational,2,2,0.0151973665534847,0.1600179737543896,-0.9305839100883692,0.0692024651476307,2.517743722226427,0.093338247581744,True,0.0795055592316895,0.3773874425434908,0.1288015398738013,2.689060070101338,0.8088515230739206,0.5759849011496326,True,False,2,True,True,True,0,active_source,active_repair_source_compatible,active_or_structured_endpoint_entry_observable,source_active_role,active_repair_source_compatible,True,structured_endpoint_collapse_not_legit,active_repair_source_compatible,source_active_role,active_or_structured_endpoint_entry_observable||source_active_role,active_repair_source_compatible,True
15083,18,oblique_triple,directed_variational,2,2,0.0104640603553127,0.1343360729850899,-0.9461026700213822,0.0536837052146178,3.347540213358685,0.137392527348679,True,0.0593437987784571,0.3225077761115955,0.1211459116291887,3.013566416642228,0.8236705338800282,0.5834640807569555,True,False,2,True,True,True,0,active_source,active_repair_source_compatible,active_or_structured_endpoint_entry_observable,source_active_role,active_repair_source_compatible,True,structured_endpoint_collapse_not_legit,active_repair_source_compatible,source_active_role,active_or_structured_endpoint_entry_observable||source_active_role,active_repair_source_compatible,True
15053,26,oblique_triple,directed_variational,2,2,0.017312469871946,0.1801284254590008,-0.953109934866653,0.046676440369347,2.54306565194256,0.05391299469311,True,0.0383539774985176,0.2681391737765161,0.0693493942546185,2.600978358045145,0.5486134424216167,0.3282278642006282,True,False,2,True,True,True,0,active_source,active_repair_source_compatible,active_or_structured_endpoint_entry_observable,source_active_role,active_repair_source_compatible,True,structured_endpoint_collapse_not_legit,active_repair_source_compatible,source_active_role,active_or_structured_endpoint_entry_observable||source_active_role,active_repair_source_compatible,True
15053,26,oblique_triple,defect_forced,2,2,0.0235007703270508,0.21248384685698,-0.9567496992611868,0.0430366759748133,2.682131346097494,0.0576557621102944,True,0.0383539774985176,0.2681391737765161,0.0693493942546185,2.600978358045145,0.3872664098959125,0.207561342624689,True,False,2,True,True,True,0,active_source,active_repair_source_compatible,active_or_structured_endpoint_entry_observable,source_active_role,active_repair_source_compatible,True,structured_endpoint_collapse_not_legit,active_repair_source_compatible,source_active_role,active_or_structured_endpoint_entry_observable||source_active_role,active_repair_source_compatible,True
15011,18,phase_fault,directed_variational,2,2,0.0118241261863139,0.1403705842692457,-0.936982303357352,0.062804071878648,0.998751445289578,0.0222392188719404,True,0.0317103996068984,0.2341639936581545,0.0926715883529613,0.8985435112670648,0.6271215016675875,0.4005458222814263,True,False,2,True,True,True,0,active_source,active_repair_source_compatible,active_or_structured_endpoint_entry_observable,source_active_role,active_repair_source_compatible,True,structured_endpoint_collapse_not_legit,active_repair_source_compatible,source_active_role,active_or_structured_endpoint_entry_observable||source_active_role,active_repair_source_compatible,True
15011,18,corner_sink,directed_variational,2,2,0.0119577481741248,0.1451822462032437,-0.9465171370620744,0.0532692381739254,1.9009112683593492,0.0858026337784184,True,0.1052222356619775,0.4245795275560238,0.1737144096045536,2.181504367279865,0.886357212429652,0.6580564139783099,True,False,2,True,True,True,0,active_source,active_repair_source_compatible,active_or_structured_endpoint_entry_observable,source_active_role,active_repair_source_compatible,True,structured_endpoint_collapse_not_legit,active_repair_source_compatible,source_active_role,active_or_structured_endpoint_entry_observable||source_active_role,active_repair_source_compatible,True
15031,18,corner_sink,directed_variational,2,2,0.0198042806749566,0.1943796719314973,-0.9570651335672852,0.0427212416687149,17.456506181182757,0.9548463913995648,True,0.1030984835813749,0.4284587987306248,0.1503995510400869,3.2289866218866456,0.8079090982930589,0.5463282058673473,True,False,2,True,True,False,0,active_source,active_repair_source_compatible,active_or_structured_endpoint_entry_observable,source_active_role,active_repair_source_compatible,True,structured_endpoint_collapse_not_legit,active_repair_source_compatible,source_active_role,active_or_structured_endpoint_entry_observable||source_active_role,active_repair_source_compatible,True
15031,18,phase_fault,directed_variational,2,2,0.0257668056250254,0.2043890355920003,-0.9010000736561614,0.0987863015798385,1.1753886161929037,0.0358408448186592,True,0.0544924730186998,0.3002181900653923,0.1373098117079029,1.008411358707879,0.5271492703825297,0.3191983618720759,True,False,2,True,True,True,0,active_source,active_repair_source_compatible,active_or_structured_endpoint_entry_observable,source_active_role,active_repair_source_compatible,True,structured_endpoint_collapse_not_legit,active_repair_source_compatible,source_active_role,active_or_structured_endpoint_entry_observable||source_active_role,active_repair_source_compatible,True
15031,18,phase_fault,defect_forced,2,2,0.0142178638629309,0.1626799724190565,-0.9553909441693128,0.0443954310666873,0.9956421011644956,0.0179066018215296,True,0.0544924730186998,0.3002181900653923,0.1373098117079029,1.008411358707879,0.7390857291649986,0.4581275292343867,True,False,2,True,True,True,0,active_source,active_repair_source_compatible,active_or_structured_endpoint_entry_observable,source_active_role,active_repair_source_compatible,True,structured_endpoint_collapse_not_legit,active_repair_source_compatible,source_active_role,active_or_structured_endpoint_entry_observable||source_active_role,active_repair_source_compatible,True
15083,26,corner_sink,directed_variational,2,2,0.0201921843308138,0.1909574366425373,-0.937179458265596,0.0626069169704038,3.245932708414334,0.0745574044733329,True,0.0506391514790633,0.3054672714351399,0.0892639291096754,3.1062732702306883,0.6012535016554627,0.3748677698080062,True,False,2,True,True,False,0,active_source,active_repair_source_compatible,active_or_structured_endpoint_entry_observable,source_active_role,active_repair_source_compatible,True,structured_endpoint_collapse_not_legit,active_repair_source_compatible,source_active_role,active_or_structured_endpoint_entry_observable||source_active_role,active_repair_source_compatible,True
15011,26,oblique_triple,defect_forced,2,2,0.0241890184691044,0.2161388125177677,-0.959018119673391,0.0407682555626089,3.1665818930563923,0.0570697176092359,True,0.0338779263618943,0.2520599127251271,0.0649742496746977,3.1401120303345063,0.2859947149363278,0.1425101668046243,True,False,2,True,True,True,0,active_source,active_repair_source_compatible,active_or_structured_endpoint_entry_observable,source_active_role,active_repair_source_compatible,True,structured_endpoint_collapse_not_legit,active_repair_source_compatible,source_active_role,active_or_structured_endpoint_entry_observable||source_active_role,active_repair_source_compatible,True
15011,26,oblique_triple,directed_variational,2,2,0.0197583636178843,0.1865728725579516,-0.9311766786819196,0.0686096965540803,2.987228094054999,0.0486584881344495,True,0.0338779263618943,0.2520599127251271,0.0649742496746977,3.1401120303345063,0.4167776561281748,0.2598074380765562,True,False,2,True,True,False,0,active_source,active_repair_source_compatible,active_or_structured_endpoint_entry_observable,source_active_role,active_repair_source_compatible,True,structured_endpoint_collapse_not_legit,active_repair_source_compatible,source_active_role,active_or_structured_endpoint_entry_observable||source_active_role,active_repair_source_compatible,True
15083,18,corner_sink,directed_variational,2,2,0.0227052788932287,0.1887643230641187,-0.9008996313084014,0.0988867439275985,2.8131708651826584,0.1108836500198511,True,0.0660747925560969,0.3491927576691948,0.1010643512994406,3.0628082262214718,0.6563700313609231,0.4594265805380688,True,False,2,True,True,False,0,active_source,active_repair_source_compatible,active_or_structured_endpoint_entry_observable,source_active_role,active_repair_source_compatible,True,structured_endpoint_collapse_not_legit,active_repair_source_compatible,source_active_role,active_or_structured_endpoint_entry_observable||source_active_role,active_repair_source_compatible,True
15053,18,corner_sink,directed_variational,2,2,0.0207036234741176,0.1862248783530642,-0.9177647827702242,0.0820215924657757,3.936141449539024,0.1536887784502488,True,0.0657251036729337,0.3326589886990537,0.1441811519706735,3.133126035016373,0.6849967163562095,0.4401928561083425,True,False,2,True,True,True,0,active_source,active_repair_source_compatible,active_or_structured_endpoint_entry_observable,source_active_role,active_repair_source_compatible,True,structured_endpoint_collapse_not_legit,active_repair_source_compatible,source_active_role,active_or_structured_endpoint_entry_observable||source_active_role,active_repair_source_compatible,True
15031,26,corner_sink,directed_variational,2,2,0.015644616652346,0.1745939415696996,-0.9713929099341316,0.0283934653018682,24.267143340242168,0.9294663227756212,True,0.0830488294472011,0.3873747610188582,0.1266430156778678,3.092471232219073,0.8116214670659042,0.5492893209897345,True,False,2,True,True,False,0,active_source,active_repair_source_compatible,active_or_structured_endpoint_entry_observable,source_active_role,active_repair_source_compatible,True,structured_endpoint_collapse_not_legit,active_repair_source_compatible,source_active_role,active_or_structured_endpoint_entry_observable||source_active_role,active_repair_source_compatible,True
15083,26,oblique_triple,directed_variational,2,2,0.0010682662849775,0.0457269705938558,-0.9930353212246756,0.0067510540113244,25.954078757659783,0.997980962824601,True,0.043114598400068,0.2817007634005155,0.0829088457265134,2.721491143469369,0.9752226316469385,0.8376753756620815,True,False,2,True,True,False,0,active_source,active_repair_source_compatible,active_or_structured_endpoint_entry_observable,source_active_role,active_repair_source_compatible,True,structured_endpoint_collapse_not_legit,active_repair_source_compatible,source_active_role,active_or_structured_endpoint_entry_observable||source_active_role,active_repair_source_compatible,True
15101,26,oblique_triple,directed_variational,2,2,0.0134181219148177,0.1590423296593766,-0.960520853385989,0.0392655218500109,2.2582554157460883,0.0483388367865742,True,0.0598346139191105,0.3324046630266316,0.0957933600849899,2.340365257166263,0.7757464946003788,0.5215400162808307,True,False,2,True,True,True,0,active_source,active_repair_source_compatible,active_or_structured_endpoint_entry_observable,source_active_role,active_repair_source_compatible,True,structured_endpoint_collapse_not_legit,active_repair_source_compatible,source_active_role,active_or_structured_endpoint_entry_observable||source_active_role,active_repair_source_compatible,True
15101,18,oblique_triple,directed_variational,3,3,0.0018149909163838,0.0262220545760165,-0.9455426135063778,0.0542437617296222,17.812320651200825,0.9876736360909024,True,0.0829242603947468,0.3757000668104412,0.1571559117186612,2.218752069758618,0.978112666803153,0.9302048179028486,True,False,3,True,True,True,0,active_source,active_repair_source_compatible,active_or_structured_endpoint_entry_observable,source_active_role,active_repair_source_compatible,True,structured_endpoint_collapse_not_legit,active_repair_source_compatible,source_active_role,active_or_structured_endpoint_entry_observable||source_active_role,active_repair_source_compatible,True
15101,18,corner_sink,directed_variational,3,3,0.0050386580259857,0.0185314595327915,-0.9011258407779102,0.0986605344580897,17.8783621417335,0.992292529792514,True,0.0612134486288007,0.3205914686045862,0.1401713505519446,2.8598384469837037,0.917687074658089,0.942196030311118,True,False,3,True,False,False,0,active_source,active_repair_source_compatible,active_or_structured_endpoint_entry_observable,source_active_role,active_repair_source_compatible,True,structured_endpoint_collapse_not_legit,active_repair_source_compatible,source_active_role,active_or_structured_endpoint_entry_observable||source_active_role,active_repair_source_compatible,True
15053,18,broken_ring,directed_variational,3,3,0.0192198975061431,0.1608043234002396,-0.8876179100237246,0.1121684652122754,1.4025998842717555,0.1004240069892953,True,0.2600760718454243,0.6302858289519636,0.3505594350651323,0.8315451293178505,0.9260989395499154,0.7448707935122558,True,False,3,True,True,True,0,active_source,active_repair_source_compatible,active_or_structured_endpoint_entry_observable,source_active_role,active_repair_source_compatible,True,structured_endpoint_collapse_not_legit,active_repair_source_compatible,source_active_role,active_or_structured_endpoint_entry_observable||source_active_role,active_repair_source_compatible,True
15031,18,broken_ring,directed_variational,3,3,0.0191499696403913,0.1751143367031134,-0.9124084125576944,0.0873779626783055,1.7143076764136729,0.0648971096366159,True,0.3433308539011842,0.7000907306905201,0.4433223168345828,0.8847775059106214,0.9442229865922646,0.7498690826385561,True,False,3,True,True,True,0,active_source,active_repair_source_compatible,active_or_structured_endpoint_entry_observable,source_active_role,active_repair_source_compatible,True,structured_endpoint_collapse_not_legit,active_repair_source_compatible,source_active_role,active_or_structured_endpoint_entry_observable||source_active_role,active_repair_source_compatible,True
15011,18,broken_ring,directed_variational,3,3,0.0168028923020884,0.1675118489098905,-0.925317824296916,0.074468550939084,0.9252677180975828,0.0358601455663167,True,0.2481125015805037,0.5993222864803011,0.3701861694999308,0.6789423354089656,0.9322771234984756,0.7204978812078318,True,False,3,True,True,True,0,active_source,active_repair_source_compatible,active_or_structured_endpoint_entry_observable,source_active_role,active_repair_source_compatible,True,structured_endpoint_collapse_not_legit,active_repair_source_compatible,source_active_role,active_or_structured_endpoint_entry_observable||source_active_role,active_repair_source_compatible,True
15031,18,ripple_wall,directed_variational,3,3,0.0264523048815799,0.1964814398010389,-0.8802052162816292,0.1195811589543708,9.513020992325988,0.4984569190971362,True,0.3193138060168437,0.6445843614576854,0.4723754999974866,0.757185112810727,0.9171589064298032,0.6951811872112377,True,False,3,True,True,True,0,active_source,active_repair_source_compatible,active_or_structured_endpoint_entry_observable,source_active_role,active_repair_source_compatible,True,structured_endpoint_collapse_not_legit,active_repair_source_compatible,source_active_role,active_or_structured_endpoint_entry_observable||source_active_role,active_repair_source_compatible,True
15031,26,oblique_triple,directed_variational,3,3,0.0023623565741781,0.0426771528282943,-0.9459034115570524,0.0538829636789475,25.90961310978285,0.9954866782074596,True,0.1149304742058244,0.4480483347553605,0.1706271904902534,2.6437972019655342,0.9794453421385264,0.9047487748113128,True,False,3,True,False,False,0,active_source,active_repair_source_compatible,active_or_structured_endpoint_entry_observable,source_active_role,active_repair_source_compatible,True,structured_endpoint_collapse_not_legit,active_repair_source_compatible,source_active_role,active_or_structured_endpoint_entry_observable||source_active_role,active_repair_source_compatible,True
15101,26,corner_sink,directed_variational,3,3,0.0093320052045801,0.1326029045293628,-0.9669157178112238,0.0328706574247762,2.726938408406832,0.0470178005535091,True,0.0405193376911165,0.277688588592888,0.0626715497456606,3.229089547555072,0.7696900853491541,0.5224762198482308,True,False,3,True,True,False,0,active_source,active_repair_source_compatible,active_or_structured_endpoint_entry_observable,source_active_role,active_repair_source_compatible,True,structured_endpoint_collapse_not_legit,active_repair_source_compatible,source_active_role,active_or_structured_endpoint_entry_observable||source_active_role,active_repair_source_compatible,True
15053,18,oblique_triple,directed_variational,3,3,0.0132979040505759,0.1472406347751294,-0.9296721571902372,0.0701142180457627,3.729380842592144,0.1940983445525775,True,0.1135538860065097,0.4265799956539882,0.2124553584188049,2.818667051330227,0.8828934480437203,0.6548346470160887,True,False,3,True,True,True,0,active_source,active_repair_source_compatible,active_or_structured_endpoint_entry_observable,source_active_role,active_repair_source_compatible,True,structured_endpoint_collapse_not_legit,active_repair_source_compatible,source_active_role,active_or_structured_endpoint_entry_observable||source_active_role,active_repair_source_compatible,True
15031,18,oblique_triple,directed_variational,3,3,0.0118145770895327,0.1416793284960157,-0.9401531457747044,0.0596332294612954,2.1284617442855382,0.0623454640549141,True,0.1717808678260752,0.5322149471350927,0.245578878770429,2.2183514589037774,0.9312229747120268,0.7337930299413652,True,False,3,True,True,True,0,active_source,active_repair_source_compatible,active_or_structured_endpoint_entry_observable,source_active_role,active_repair_source_compatible,True,structured_endpoint_collapse_not_legit,active_repair_source_compatible,source_active_role,active_or_structured_endpoint_entry_observable||source_active_role,active_repair_source_compatible,True
15011,26,ripple_wall,directed_variational,3,3,0.0124019783166357,0.1409902819994865,-0.9296030651475128,0.0701833100884873,3.0334982696967643,0.2061244357214023,True,0.1570914257726252,0.4890534817977243,0.2738787021416111,0.6880008817291906,0.921052481021418,0.711707845362989,True,False,3,True,True,False,0,active_source,active_repair_source_compatible,active_or_structured_endpoint_entry_observable,source_active_role,active_repair_source_compatible,True,structured_endpoint_collapse_not_legit,active_repair_source_compatible,source_active_role,active_or_structured_endpoint_entry_observable||source_active_role,active_repair_source_compatible,True
15011,18,ripple_wall,directed_variational,3,3,0.0233587505073277,0.1593746776647466,-0.8537822207269123,0.1460041545090876,6.4213752376573785,0.4819690090427467,True,0.2352643729871235,0.5507285729670498,0.408933716990815,0.7729035299858674,0.9007127589628418,0.7106112057944873,True,False,3,True,True,False,0,active_source,active_repair_source_compatible,active_or_structured_endpoint_entry_observable,source_active_role,active_repair_source_compatible,True,structured_endpoint_collapse_not_legit,active_repair_source_compatible,source_active_role,active_or_structured_endpoint_entry_observable||source_active_role,active_repair_source_compatible,True
15083,26,broken_ring,directed_variational,3,3,0.0139450673520179,0.1575563342166227,-0.9444136721029956,0.0553727031330043,0.724725328071374,0.0141830230180766,True,0.1332541227521927,0.4676229969666844,0.2187166619448135,0.6521235295180905,0.8953498243439236,0.6630697479822387,True,False,3,True,True,True,0,active_source,active_repair_source_compatible,active_or_structured_endpoint_entry_observable,source_active_role,active_repair_source_compatible,True,structured_endpoint_collapse_not_legit,active_repair_source_compatible,source_active_role,active_or_structured_endpoint_entry_observable||source_active_role,active_repair_source_compatible,True
15083,26,oblique_triple,defect_forced,3,3,0.0265801223359548,0.2269633087946037,-0.9591920267018124,0.0405943485341876,2.8219804327970386,0.0585335675735858,True,0.043114598400068,0.2817007634005155,0.0829088457265134,2.721491143469369,0.3835006396279819,0.1943106363822419,True,False,3,True,True,True,0,active_source,active_repair_source_compatible,active_or_structured_endpoint_entry_observable,source_active_role,active_repair_source_compatible,True,structured_endpoint_collapse_not_legit,active_repair_source_compatible,source_active_role,active_or_structured_endpoint_entry_observable||source_active_role,active_repair_source_compatible,True
15083,26,ripple_wall,directed_variational,4,4,0.0079398984051521,0.1223578949464914,-0.9696476567070432,0.0301387185289567,22.235686166952476,0.9044150511754216,True,0.1871441778172369,0.5227224453523865,0.317882998537662,0.712568074900383,0.9575733613585148,0.7659218653509869,True,False,4,True,True,False,0,active_source,active_repair_source_compatible,active_or_structured_endpoint_entry_observable,source_active_role,active_repair_source_compatible,True,structured_endpoint_collapse_not_legit,active_repair_source_compatible,source_active_role,active_or_structured_endpoint_entry_observable||source_active_role,active_repair_source_compatible,True
15101,18,broken_ring,directed_variational,4,4,0.025866584195803,0.2071609082088311,-0.905884689938566,0.0939016852974339,0.8665318198382126,0.0251106131937123,True,0.1966731995733873,0.5285404575797169,0.3376261006619573,0.6828264029008939,0.8684793644849431,0.6080509916722994,True,False,4,True,True,True,0,active_source,active_repair_source_compatible,active_or_structured_endpoint_entry_observable,source_active_role,active_repair_source_compatible,True,structured_endpoint_collapse_not_legit,active_repair_source_compatible,source_active_role,active_or_structured_endpoint_entry_observable||source_active_role,active_repair_source_compatible,True
15031,26,broken_ring,directed_variational,4,4,0.017252987443109,0.1534661069120326,-0.8951244006918389,0.1046619745441611,4.761202970860632,0.1620530126607186,True,0.2666418866859561,0.6334585701040089,0.3633373271956747,0.7337899067098144,0.9352952844038176,0.7577330007744746,True,False,4,True,True,True,0,active_source,active_repair_source_compatible,active_or_structured_endpoint_entry_observable,source_active_role,active_repair_source_compatible,True,structured_endpoint_collapse_not_legit,active_repair_source_compatible,source_active_role,active_or_structured_endpoint_entry_observable||source_active_role,active_repair_source_compatible,True
15101,26,broken_ring,directed_variational,4,4,0.011044567541236,0.1415098010047109,-0.9543538835359042,0.0454324917000957,2.507208428838404,0.0353865018905092,True,0.1273077133555529,0.4656786187657952,0.1943163676469046,0.8384467405791018,0.9132451031360262,0.6961213263764278,True,False,4,True,True,True,0,active_source,active_repair_source_compatible,active_or_structured_endpoint_entry_observable,source_active_role,active_repair_source_compatible,True,structured_endpoint_collapse_not_legit,active_repair_source_compatible,source_active_role,active_or_structured_endpoint_entry_observable||source_active_role,active_repair_source_compatible,True
15053,26,broken_ring,directed_variational,4,4,0.0133340433718164,0.1540004634955665,-0.945454579878368,0.0543317953576319,0.7075935684480883,0.0143111859325867,True,0.0993089080020933,0.4082365771558983,0.1787755941850647,0.6825721308315896,0.8657316484398245,0.6227666208425532,True,False,4,True,True,True,0,active_source,active_repair_source_compatible,active_or_structured_endpoint_entry_observable,source_active_role,active_repair_source_compatible,True,structured_endpoint_collapse_not_legit,active_repair_source_compatible,source_active_role,active_or_structured_endpoint_entry_observable||source_active_role,active_repair_source_compatible,True
15083,18,ripple_wall,directed_variational,4,4,0.020588922586496,0.1351906250137064,-0.8484544880429982,0.1513318871930018,7.557414251155549,0.5563206637676622,True,0.1911071708579415,0.5258841823725228,0.3250541007990304,0.8457591115170825,0.8922650442944763,0.7429269988602096,True,False,4,True,True,False,0,active_source,active_repair_source_compatible,active_or_structured_endpoint_entry_observable,source_active_role,active_repair_source_compatible,True,structured_endpoint_collapse_not_legit,active_repair_source_compatible,source_active_role,active_or_structured_endpoint_entry_observable||source_active_role,active_repair_source_compatible,True
15083,18,broken_ring,directed_variational,5,5,0.0086966076052937,0.112682184967996,-0.9312594432936916,0.0685269319423085,12.736297724483668,0.8361733780388791,True,0.1928531298606867,0.5372322205625769,0.3115891540326397,0.8692378414037886,0.9549055407473506,0.79025423149269,True,False,5,True,False,True,0,active_source,active_repair_source_compatible,active_or_structured_endpoint_entry_observable,source_active_role,active_repair_source_compatible,True,structured_endpoint_collapse_not_legit,active_repair_source_compatible,source_active_role,active_or_structured_endpoint_entry_observable||source_active_role,active_repair_source_compatible,True
15101,26,ripple_wall,directed_variational,5,5,0.0110008834600523,0.0869910239854744,-0.8796434242731439,0.1201429509628561,25.86375834679136,0.9942831742167266,True,0.1264205167512996,0.4564670363607666,0.2109001617320808,0.6523444695933002,0.9129818185871936,0.8094253975493405,True,False,5,True,True,False,0,active_source,active_repair_source_compatible,active_or_structured_endpoint_entry_observable,source_active_role,active_repair_source_compatible,True,structured_endpoint_collapse_not_legit,active_repair_source_compatible,source_active_role,active_or_structured_endpoint_entry_observable||source_active_role,active_repair_source_compatible,True
15011,26,corner_sink,defect_forced,5,5,0.0262279079009183,0.2255871592363572,-0.9602105064583322,0.0395758687776678,3.608037694210096,0.0673367084029221,True,0.0413721582809866,0.2801134788570055,0.0654274829456186,3.556105693165312,0.3660493193719129,0.1946579644897725,True,False,5,True,True,True,0,active_source,active_repair_source_compatible,active_or_structured_endpoint_entry_observable,source_active_role,active_repair_source_compatible,True,structured_endpoint_collapse_not_legit,active_repair_source_compatible,source_active_role,active_or_structured_endpoint_entry_observable||source_active_role,active_repair_source_compatible,True
15031,26,ripple_wall,directed_variational,5,5,0.0251742752130257,0.1707241177074736,-0.8541779068728714,0.1456084683631285,5.727879870357177,0.3141877555240019,True,0.2338971722895373,0.5771942462902262,0.3669347988792183,0.684399987520243,0.8923703310839717,0.7042172218356905,True,False,5,True,True,False,0,active_source,active_repair_source_compatible,active_or_structured_endpoint_entry_observable,source_active_role,active_repair_source_compatible,True,structured_endpoint_collapse_not_legit,active_repair_source_compatible,source_active_role,active_or_structured_endpoint_entry_observable||source_active_role,active_repair_source_compatible,True
15053,26,ripple_wall,directed_variational,5,5,0.0025213365253157,0.0701640014795646,-0.9888462679692868,0.0109401072667133,25.676312897494764,0.9917703943930812,True,0.2023427678142514,0.5532416857337356,0.3140209750876485,0.7223811780384077,0.9875392802345282,0.8731765821525489,True,False,5,True,False,False,0,active_source,active_repair_source_compatible,active_or_structured_endpoint_entry_observable,source_active_role,active_repair_source_compatible,True,structured_endpoint_collapse_not_legit,active_repair_source_compatible,source_active_role,active_or_structured_endpoint_entry_observable||source_active_role,active_repair_source_compatible,True
15011,26,broken_ring,directed_variational,5,5,0.0193214304796004,0.1872658533477767,-0.940000414265803,0.0597859609701969,3.575543459816507,0.1093961130306805,True,0.1321948345338118,0.4711523060756206,0.2059251649198038,0.6101394314498042,0.8538412597694018,0.6025364814444466,True,False,5,True,True,False,0,active_source,active_repair_source_compatible,active_or_structured_endpoint_entry_observable,source_active_role,active_repair_source_compatible,True,structured_endpoint_collapse_not_legit,active_repair_source_compatible,source_active_role,active_or_structured_endpoint_entry_observable||source_active_role,active_repair_source_compatible,True
15053,18,ripple_wall,directed_variational,5,5,0.009789546259805,0.0723998475289366,-0.8800476822525004,0.1197386929834996,14.258439462636348,0.8498841103295022,True,0.2404372440014232,0.575697347113977,0.3865838234183829,0.8860563192799962,0.95928440162662,0.8742397409111612,True,False,5,True,True,False,0,active_source,active_repair_source_compatible,active_or_structured_endpoint_entry_observable,source_active_role,active_repair_source_compatible,True,structured_endpoint_collapse_not_legit,active_repair_source_compatible,source_active_role,active_or_structured_endpoint_entry_observable||source_active_role,active_repair_source_compatible,True
15101,26,corner_sink,defect_forced,6,6,0.0250862752585787,0.2203759604405368,-0.9596991381515068,0.0400872370844931,3.4074116994450248,0.0659496522853638,True,0.0405193376911165,0.277688588592888,0.0626715497456606,3.229089547555072,0.3808814090152437,0.2063917298242649,True,False,6,True,True,True,0,active_source,active_repair_source_compatible,active_or_structured_endpoint_entry_observable,source_active_role,active_repair_source_compatible,True,structured_endpoint_collapse_not_legit,active_repair_source_compatible,source_active_role,active_or_structured_endpoint_entry_observable||source_active_role,active_repair_source_compatible,True
15101,18,ripple_wall,directed_variational,6,6,0.0254754327994569,0.1822304214209069,-0.866583750983801,0.1332026242521989,5.311733964483196,0.2700037664294628,True,0.2724230936565727,0.6020527292661083,0.4270581909955311,0.7332043205643393,0.906485781148647,0.6973181707128212,True,False,6,True,True,False,0,active_source,active_repair_source_compatible,active_or_structured_endpoint_entry_observable,source_active_role,active_repair_source_compatible,True,structured_endpoint_collapse_not_legit,active_repair_source_compatible,source_active_role,active_or_structured_endpoint_entry_observable||source_active_role,active_repair_source_compatible,True
15053,18,corner_sink,defect_forced,8,8,0.0262061796741681,0.2231486751020926,-0.9486294778660744,0.0511568973699254,3.3345447888865194,0.105877679852032,True,0.0657251036729337,0.3326589886990537,0.1441811519706735,3.133126035016373,0.6012759476930057,0.3291969173143326,True,False,8,True,True,True,0,active_source,active_repair_source_compatible,active_or_structured_endpoint_entry_observable,source_active_role,active_repair_source_compatible,True,structured_endpoint_collapse_not_legit,active_repair_source_compatible,source_active_role,active_or_structured_endpoint_entry_observable||source_active_role,active_repair_source_compatible,True
15083,18,corner_sink,defect_forced,9,9,0.0245236332246951,0.2185770493286842,-0.9641305207916572,0.0356558544443427,3.3427950407708624,0.1178310263167639,True,0.0660747925560969,0.3491927576691948,0.1010643512994406,3.0628082262214718,0.6288503939758324,0.3740504505648263,True,False,9,True,True,True,0,active_source,active_repair_source_compatible,active_or_structured_endpoint_entry_observable,source_active_role,active_repair_source_compatible,True,structured_endpoint_collapse_not_legit,active_repair_source_compatible,source_active_role,active_or_structured_endpoint_entry_observable||source_active_role,active_repair_source_compatible,True
15031,26,oblique_triple,defect_forced,10,10,0.0256794716882689,0.2233170567257265,-0.96120612702663,0.03858024820937,2.975338594820721,0.0643925566829545,True,0.1149304742058244,0.4480483347553605,0.1706271904902534,2.6437972019655342,0.7765651637088244,0.5015782017175406,True,False,10,True,True,True,0,active_source,active_repair_source_compatible,active_or_structured_endpoint_entry_observable,source_active_role,active_repair_source_compatible,True,structured_endpoint_collapse_not_legit,active_repair_source_compatible,source_active_role,active_or_structured_endpoint_entry_observable||source_active_role,active_repair_source_compatible,True
15011,18,oblique_triple,defect_forced,10,10,0.0246485597834277,0.2187384360586675,-0.9616994200221264,0.0380869552138735,3.011558383594478,0.1072679531252859,True,0.0795055592316895,0.3773874425434908,0.1288015398738013,2.689060070101338,0.6899769019636907,0.4203876138939622,True,False,10,True,True,True,0,active_source,active_repair_source_compatible,active_or_structured_endpoint_entry_observable,source_active_role,active_repair_source_compatible,True,structured_endpoint_collapse_not_legit,active_repair_source_compatible,source_active_role,active_or_structured_endpoint_entry_observable||source_active_role,active_repair_source_compatible,True
15083,26,corner_sink,defect_forced,11,11,0.0262224289879717,0.2260367585887442,-0.9630135354947278,0.0367728397412722,3.408566437893245,0.0646681158105714,True,0.0506391514790633,0.3054672714351399,0.0892639291096754,3.1062732702306883,0.4821708456292843,0.260029535972731,True,False,11,True,True,True,0,active_source,active_repair_source_compatible,active_or_structured_endpoint_entry_observable,source_active_role,active_repair_source_compatible,True,structured_endpoint_collapse_not_legit,active_repair_source_compatible,source_active_role,active_or_structured_endpoint_entry_observable||source_active_role,active_repair_source_compatible,True
15083,18,oblique_triple,defect_forced,12,12,0.0252325227235846,0.2215714297553608,-0.9627573735841256,0.0370290016518742,3.2252940558324146,0.1169135682181813,True,0.0593437987784571,0.3225077761115955,0.1211459116291887,3.013566416642228,0.5748077601442778,0.3129733725272886,True,False,12,True,True,True,0,active_source,active_repair_source_compatible,active_or_structured_endpoint_entry_observable,source_active_role,active_repair_source_compatible,True,structured_endpoint_collapse_not_legit,active_repair_source_compatible,source_active_role,active_or_structured_endpoint_entry_observable||source_active_role,active_repair_source_compatible,True
15031,26,corner_sink,defect_forced,12,12,0.0259823557138822,0.2253601757129443,-0.9654716170349672,0.0343147582010329,3.387998839928625,0.0641352402959888,True,0.0830488294472011,0.3873747610188582,0.1266430156778678,3.092471232219073,0.6871436251718892,0.4182373288320879,True,False,12,True,True,True,0,active_source,active_repair_source_compatible,active_or_structured_endpoint_entry_observable,source_active_role,active_repair_source_compatible,True,structured_endpoint_collapse_not_legit,active_repair_source_compatible,source_active_role,active_or_structured_endpoint_entry_observable||source_active_role,active_repair_source_compatible,True
15011,18,corner_sink,defect_forced,13,13,0.0245096904797858,0.2182355536726006,-0.9624684965076316,0.0373178787283683,2.947233778880228,0.1197956675573853,True,0.1052222356619775,0.4245795275560238,0.1737144096045536,2.181504367279865,0.7670673852693131,0.4859960513656887,True,False,13,True,True,True,0,active_source,active_repair_source_compatible,active_or_structured_endpoint_entry_observable,source_active_role,active_repair_source_compatible,True,structured_endpoint_collapse_not_legit,active_repair_source_compatible,source_active_role,active_or_structured_endpoint_entry_observable||source_active_role,active_repair_source_compatible,True
15053,26,broken_ring,defect_forced,13,13,0.0251200278595831,0.2190866628101104,-0.9524462242234052,0.0473401510125949,0.6860436790737954,0.0133516246957511,True,0.0993089080020933,0.4082365771558983,0.1787755941850647,0.6825721308315896,0.7470516153515583,0.4633340688457996,True,False,13,True,True,True,0,active_source,active_repair_source_compatible,active_or_structured_endpoint_entry_observable,source_active_role,active_repair_source_compatible,True,structured_endpoint_collapse_not_legit,active_repair_source_compatible,source_active_role,active_or_structured_endpoint_entry_observable||source_active_role,active_repair_source_compatible,True
15053,18,oblique_triple,defect_forced,13,13,0.0246873241595225,0.2185012401650426,-0.9593901332649508,0.040396241971049,3.1623190321026247,0.1150510450507885,True,0.1135538860065097,0.4265799956539882,0.2124553584188049,2.818667051330227,0.7825937532521791,0.4877836692024273,True,False,13,True,True,True,0,active_source,active_repair_source_compatible,active_or_structured_endpoint_entry_observable,source_active_role,active_repair_source_compatible,True,structured_endpoint_collapse_not_legit,active_repair_source_compatible,source_active_role,active_or_structured_endpoint_entry_observable||source_active_role,active_repair_source_compatible,True
15101,26,oblique_triple,defect_forced,13,13,0.0266051545578433,0.2274646187147931,-0.9614437573204162,0.0383426179155838,2.892891244822643,0.0632400919715587,True,0.0598346139191105,0.3324046630266316,0.0957933600849899,2.340365257166263,0.5553551227995591,0.3156996756784822,True,False,13,True,True,True,0,active_source,active_repair_source_compatible,active_or_structured_endpoint_entry_observable,source_active_role,active_repair_source_compatible,True,structured_endpoint_collapse_not_legit,active_repair_source_compatible,source_active_role,active_or_structured_endpoint_entry_observable||source_active_role,active_repair_source_compatible,True
15101,18,corner_sink,defect_forced,14,14,0.0265933569900755,0.2273665284250493,-0.961170630622016,0.0386157446139838,3.3845169746871875,0.1322917874859205,True,0.0612134486288007,0.3205914686045862,0.1401713505519446,2.8598384469837037,0.5655634899464062,0.2907904586014691,True,False,14,True,True,True,0,active_source,active_repair_source_compatible,active_or_structured_endpoint_entry_observable,source_active_role,active_repair_source_compatible,True,structured_endpoint_collapse_not_legit,active_repair_source_compatible,source_active_role,active_or_structured_endpoint_entry_observable||source_active_role,active_repair_source_compatible,True
15101,18,oblique_triple,defect_forced,14,14,0.0249067445895257,0.2201721098362101,-0.9632113669745752,0.0365750082614246,2.867151352123602,0.104413175006089,True,0.0829242603947468,0.3757000668104412,0.1571559117186612,2.218752069758618,0.6996446580088738,0.4139684038232776,True,False,14,True,True,True,0,active_source,active_repair_source_compatible,active_or_structured_endpoint_entry_observable,source_active_role,active_repair_source_compatible,True,structured_endpoint_collapse_not_legit,active_repair_source_compatible,source_active_role,active_or_structured_endpoint_entry_observable||source_active_role,active_repair_source_compatible,True
15083,18,ripple_wall,defect_forced,14,14,0.0266209127544042,0.22415855154661,-0.9450618900640576,0.0547244851719425,0.7611326779800494,0.0178801052136273,True,0.1911071708579415,0.5258841823725228,0.3250541007990304,0.8457591115170825,0.8607016542824893,0.5737492036062122,True,False,14,True,True,True,0,active_source,active_repair_source_compatible,active_or_structured_endpoint_entry_observable,source_active_role,active_repair_source_compatible,True,structured_endpoint_collapse_not_legit,active_repair_source_compatible,source_active_role,active_or_structured_endpoint_entry_observable||source_active_role,active_repair_source_compatible,True
15031,18,oblique_triple,defect_forced,14,14,0.0250960055300202,0.2204823106108968,-0.9600426742543277,0.0397437009816723,2.847612905892459,0.1043411054487373,True,0.1717808678260752,0.5322149471350927,0.245578878770429,2.2183514589037774,0.8539068649002087,0.5857269477335494,True,False,14,True,True,True,0,active_source,active_repair_source_compatible,active_or_structured_endpoint_entry_observable,source_active_role,active_repair_source_compatible,True,structured_endpoint_collapse_not_legit,active_repair_source_compatible,source_active_role,active_or_structured_endpoint_entry_observable||source_active_role,active_repair_source_compatible,True
15031,18,corner_sink,defect_forced,16,16,0.0260608292968129,0.225429909387264,-0.963689082438952,0.0360972927970479,3.534042666756726,0.1260594798173853,True,0.1030984835813749,0.4284587987306248,0.1503995510400869,3.2289866218866456,0.7472239319893531,0.4738586065787218,True,False,16,True,True,True,0,active_source,active_repair_source_compatible,active_or_structured_endpoint_entry_observable,source_active_role,active_repair_source_compatible,True,structured_endpoint_collapse_not_legit,active_repair_source_compatible,source_active_role,active_or_structured_endpoint_entry_observable||source_active_role,active_repair_source_compatible,True
15011,26,ripple_wall,defect_forced,18,18,0.0259869442054701,0.2229080058766634,-0.9519751911152357,0.0478111841207644,0.6780597356626006,0.0124458018392109,True,0.1570914257726252,0.4890534817977243,0.2738787021416111,0.6880008817291906,0.8345743946336173,0.5442052573517843,True,False,18,True,True,True,0,active_source,active_repair_source_compatible,active_or_structured_endpoint_entry_observable,source_active_role,active_repair_source_compatible,True,structured_endpoint_collapse_not_legit,active_repair_source_compatible,source_active_role,active_or_structured_endpoint_entry_observable||source_active_role,active_repair_source_compatible,True
15101,26,ripple_wall,defect_forced,19,19,0.0250409499700602,0.2178943040574782,-0.9487572443456188,0.0510291308903813,0.6612351614596287,0.0116490709053531,True,0.1264205167512996,0.4564670363607666,0.2109001617320808,0.6523444695933002,0.8019233696052367,0.5226505164640428,True,False,19,False,False,True,1,active_source,active_repair_source_compatible,active_or_structured_endpoint_entry_observable,source_active_role,active_repair_source_compatible,True,structured_endpoint_collapse_not_legit,active_repair_source_compatible,source_active_role,active_or_structured_endpoint_entry_observable||source_active_role,active_repair_source_compatible,True
15053,18,ripple_wall,defect_forced,19,19,0.0255481876787387,0.2197419626997473,-0.946778402379643,0.053007972856357,0.7439846501279497,0.0175539396054981,True,0.2404372440014232,0.575697347113977,0.3865838234183829,0.8860563192799962,0.8937428026771042,0.6183029784626383,True,False,19,True,True,True,0,active_source,active_repair_source_compatible,active_or_structured_endpoint_entry_observable,source_active_role,active_repair_source_compatible,True,structured_endpoint_collapse_not_legit,active_repair_source_compatible,source_active_role,active_or_structured_endpoint_entry_observable||source_active_role,active_repair_source_compatible,True
15053,26,ripple_wall,defect_forced,20,20,0.0258408075273043,0.2238153395282905,-0.9599327825943742,0.0398535926416258,0.6861499286175924,0.0123617458259057,True,0.2023427678142514,0.5532416857337356,0.3140209750876485,0.7223811780384077,0.8722919143228376,0.5954474413256633,True,False,20,True,True,True,0,active_source,active_repair_source_compatible,active_or_structured_endpoint_entry_observable,source_active_role,active_repair_source_compatible,True,structured_endpoint_collapse_not_legit,active_repair_source_compatible,source_active_role,active_or_structured_endpoint_entry_observable||source_active_role,active_repair_source_compatible,True
15011,18,ripple_wall,defect_forced,20,20,0.0251793432490715,0.2189155377209563,-0.950443961001514,0.049342414234486,0.7037142092860906,0.0181654625272383,True,0.2352643729871235,0.5507285729670498,0.408933716990815,0.7729035299858674,0.8929742615498241,0.6024983113874925,True,False,20,True,True,True,0,active_source,active_repair_source_compatible,active_or_structured_endpoint_entry_observable,source_active_role,active_repair_source_compatible,True,structured_endpoint_collapse_not_legit,active_repair_source_compatible,source_active_role,active_or_structured_endpoint_entry_observable||source_active_role,active_repair_source_compatible,True
15031,26,ripple_wall,defect_forced,22,22,0.0253018382192972,0.2204067015152236,-0.9547912381012656,0.0449951371347344,0.6766839463486818,0.0127841710038557,True,0.2338971722895373,0.5771942462902262,0.3669347988792183,0.684399987520243,0.8918249503723442,0.6181412012811084,True,False,22,True,True,True,0,active_source,active_repair_source_compatible,active_or_structured_endpoint_entry_observable,source_active_role,active_repair_source_compatible,True,structured_endpoint_collapse_not_legit,active_repair_source_compatible,source_active_role,active_or_structured_endpoint_entry_observable||source_active_role,active_repair_source_compatible,True
15101,18,ripple_wall,defect_forced,24,24,0.025193361894457,0.2201580656890844,-0.9560011048707856,0.0437852703652142,0.6995168437894352,0.019391341554968,True,0.2724230936565727,0.6020527292661083,0.4270581909955311,0.7332043205643393,0.90752119595586,0.6343209573053716,True,False,24,True,True,True,0,active_source,active_repair_source_compatible,active_or_structured_endpoint_entry_observable,source_active_role,active_repair_source_compatible,True,structured_endpoint_collapse_not_legit,active_repair_source_compatible,source_active_role,active_or_structured_endpoint_entry_observable||source_active_role,active_repair_source_compatible,True
15053,26,broken_ring,novel_local_defect_repair,25,25,0.0263789284299956,0.2202247517955437,-0.9345260078099552,0.0652603674260446,0.7183649957603196,0.0138055912306502,True,0.0993089080020933,0.4082365771558983,0.1787755941850647,0.6825721308315896,0.7343750025911678,0.4605462515625972,True,False,25,False,False,False,12,active_source,active_repair_source_compatible,active_or_structured_endpoint_entry_observable,source_active_role,active_repair_source_compatible,True,structured_endpoint_collapse_not_legit,active_repair_source_compatible,source_active_role,active_or_structured_endpoint_entry_observable||source_active_role,active_repair_source_compatible,True
15011,26,broken_ring,defect_forced,26,26,0.0263625319075067,0.2254513823506064,-0.9562348194519164,0.0435515557840836,0.6708296003284484,0.0127318032722148,True,0.1321948345338118,0.4711523060756206,0.2059251649198038,0.6101394314498042,0.8005781995849127,0.5214893794556901,True,False,26,True,True,True,0,active_source,active_repair_source_compatible,active_or_structured_endpoint_entry_observable,source_active_role,active_repair_source_compatible,True,structured_endpoint_collapse_not_legit,active_repair_source_compatible,source_active_role,active_or_structured_endpoint_entry_observable||source_active_role,active_repair_source_compatible,True
15031,18,broken_ring,defect_forced,27,27,0.0260997666872093,0.2234139258135188,-0.951976845568681,0.0478095296673189,0.7359379916061619,0.0304899429779675,True,0.3433308539011842,0.7000907306905201,0.4433223168345828,0.8847775059106214,0.92398071308894,0.6808786118424394,True,False,27,True,True,True,0,active_source,active_repair_source_compatible,active_or_structured_endpoint_entry_observable,source_active_role,active_repair_source_compatible,True,structured_endpoint_collapse_not_legit,active_repair_source_compatible,source_active_role,active_or_structured_endpoint_entry_observable||source_active_role,active_repair_source_compatible,True
15031,18,ripple_wall,defect_forced,28,28,0.0252684274050386,0.2212775495569894,-0.960124039549214,0.0396623356867861,0.7019817164732939,0.0184609317265025,True,0.3193138060168437,0.6445843614576854,0.4723754999974866,0.757185112810727,0.920866473889242,0.6567128171443046,True,False,28,True,True,True,0,active_source,active_repair_source_compatible,active_or_structured_endpoint_entry_observable,source_active_role,active_repair_source_compatible,True,structured_endpoint_collapse_not_legit,active_repair_source_compatible,source_active_role,active_or_structured_endpoint_entry_observable||source_active_role,active_repair_source_compatible,True
15031,26,broken_ring,defect_forced,28,28,0.0259772005503171,0.2236359847335822,-0.95572565085617,0.0440607243798299,0.699390489512806,0.0134097159363172,True,0.2666418866859561,0.6334585701040089,0.3633373271956747,0.7337899067098144,0.9025764448561114,0.646960361279018,True,False,28,True,True,True,0,active_source,active_repair_source_compatible,active_or_structured_endpoint_entry_observable,source_active_role,active_repair_source_compatible,True,structured_endpoint_collapse_not_legit,active_repair_source_compatible,source_active_role,active_or_structured_endpoint_entry_observable||source_active_role,active_repair_source_compatible,True
15083,26,ripple_wall,defect_forced,28,28,0.0260486540288571,0.225067286785919,-0.9618123778622808,0.0379739973737193,0.6796517012049139,0.0126374466526933,True,0.1871441778172369,0.5227224453523865,0.317882998537662,0.712568074900383,0.8608097011964921,0.5694325185620023,True,False,28,True,True,True,0,active_source,active_repair_source_compatible,active_or_structured_endpoint_entry_observable,source_active_role,active_repair_source_compatible,True,structured_endpoint_collapse_not_legit,active_repair_source_compatible,source_active_role,active_or_structured_endpoint_entry_observable||source_active_role,active_repair_source_compatible,True
15101,18,broken_ring,defect_forced,30,30,0.0259855316980845,0.2238956251141586,-0.9568700327670848,0.042916342468915,0.6847413613935827,0.0298962906505626,True,0.1966731995733873,0.5285404575797169,0.3376261006619573,0.6828264029008939,0.8678745667670084,0.576388861242536,True,False,30,True,True,True,0,active_source,active_repair_source_compatible,active_or_structured_endpoint_entry_observable,source_active_role,active_repair_source_compatible,True,structured_endpoint_collapse_not_legit,active_repair_source_compatible,source_active_role,active_or_structured_endpoint_entry_observable||source_active_role,active_repair_source_compatible,True
15053,18,broken_ring,defect_forced,30,30,0.0257750345369918,0.2233816946391712,-0.959157720642035,0.040628654593965,0.7265250774781039,0.0299470419258552,True,0.2600760718454243,0.6302858289519636,0.3505594350651323,0.8315451293178505,0.9008942485365896,0.6455866776962844,True,False,30,True,True,True,0,active_source,active_repair_source_compatible,active_or_structured_endpoint_entry_observable,source_active_role,active_repair_source_compatible,True,structured_endpoint_collapse_not_legit,active_repair_source_compatible,source_active_role,active_or_structured_endpoint_entry_observable||source_active_role,active_repair_source_compatible,True
15101,26,broken_ring,defect_forced,30,30,0.0258620343308936,0.2235858722125995,-0.9581519374624654,0.0416344377735345,0.7125953275491024,0.0138497316045283,True,0.1273077133555529,0.4656786187657952,0.1943163676469046,0.8384467405791018,0.7968541445759743,0.5198708654357009,True,False,30,False,False,False,1,active_source,active_repair_source_compatible,active_or_structured_endpoint_entry_observable,source_active_role,active_repair_source_compatible,True,structured_endpoint_collapse_not_legit,active_repair_source_compatible,source_active_role,active_or_structured_endpoint_entry_observable||source_active_role,active_repair_source_compatible,True
15083,26,broken_ring,defect_forced,32,32,0.0251685219972568,0.2212583435732172,-0.9626139473660056,0.0371724278699945,0.6874602998766249,0.0128079941796985,True,0.1332541227521927,0.4676229969666844,0.2187166619448135,0.6521235295180905,0.8111238776088535,0.5268446055712107,True,False,32,True,True,True,0,active_source,active_repair_source_compatible,active_or_structured_endpoint_entry_observable,source_active_role,active_repair_source_compatible,True,structured_endpoint_collapse_not_legit,active_repair_source_compatible,source_active_role,active_or_structured_endpoint_entry_observable||source_active_role,active_repair_source_compatible,True
15011,18,broken_ring,defect_forced,32,32,0.0265411185982939,0.226388605292797,-0.9570027733519834,0.0427836018840166,0.6902804335449797,0.0285605800718182,True,0.2481125015805037,0.5993222864803011,0.3701861694999308,0.6789423354089656,0.8930278868250606,0.6222589908629064,True,False,32,True,True,True,0,active_source,active_repair_source_compatible,active_or_structured_endpoint_entry_observable,source_active_role,active_repair_source_compatible,True,structured_endpoint_collapse_not_legit,active_repair_source_compatible,source_active_role,active_or_structured_endpoint_entry_observable||source_active_role,active_repair_source_compatible,True
15083,18,broken_ring,defect_forced,35,35,0.025936254149898,0.2248229534841918,-0.9633563342472626,0.0364300409887373,0.7256071292988074,0.0305850763438604,True,0.1928531298606867,0.5372322205625769,0.3115891540326397,0.8692378414037886,0.8655129207936659,0.5815162514836805,True,False,35,False,False,True,1,active_source,active_repair_source_compatible,active_or_structured_endpoint_entry_observable,source_active_role,active_repair_source_compatible,True,structured_endpoint_collapse_not_legit,active_repair_source_compatible,source_active_role,active_or_structured_endpoint_entry_observable||source_active_role,active_repair_source_compatible,True
15101,26,ripple_wall,novel_gradient_shear,41,41,0.0261886462708112,0.2215986705040591,-0.9425909053764384,0.0571954698595617,1.275924786355633,0.0368655757787408,True,0.1264205167512996,0.4564670363607666,0.2109001617320808,0.6523444695933002,0.7928449673788024,0.5145352175454042,True,False,41,False,False,False,20,active_source,active_repair_source_compatible,active_or_structured_endpoint_entry_observable,source_active_role,active_repair_source_compatible,True,structured_endpoint_collapse_not_legit,active_repair_source_compatible,source_active_role,active_or_structured_endpoint_entry_observable||source_active_role,active_repair_source_compatible,True
15083,26,broken_ring,novel_local_defect_repair,46,46,0.0256778153998514,0.2162291470078935,-0.9319587497140815,0.0678276255219184,0.7269669830088951,0.0137082889697803,True,0.1332541227521927,0.4676229969666844,0.2187166619448135,0.6521235295180905,0.8073019065352994,0.5375994157450809,True,False,46,False,False,False,21,active_source,active_repair_source_compatible,active_or_structured_endpoint_entry_observable,source_active_role,active_repair_source_compatible,True,structured_endpoint_collapse_not_legit,active_repair_source_compatible,source_active_role,active_or_structured_endpoint_entry_observable||source_active_role,active_repair_source_compatible,True
15101,18,broken_ring,novel_signed_scramble_collapse,64,64,1.721591338564013e-05,0.0058273641441159,-0.9990981500525372,0.0006882251834628,1.3132747136986238,0.0366522245536866,True,0.1966731995733873,0.5285404575797169,0.3376261006619573,0.6828264029008939,0.9999124643600508,0.9889746110036886,True,False,64,False,False,False,27,structured_source,structured_endpoint_collapse_not_legit,active_or_structured_endpoint_entry_observable,source_basin_eligible_nonactive_role,structured_endpoint_collapse_not_legit,True,structured_endpoint_collapse_not_legit,structured_endpoint_collapse_not_legit,source_basin_eligible_nonactive_role,active_or_structured_endpoint_entry_observable||source_basin_eligible_nonactive_role,structured_endpoint_collapse_not_legit,True
15101,18,broken_ring,structured_permuted_collapse,64,64,1.31446699762947e-06,0.0015808230404912,-0.999425913712518,0.000360461523482,1.6575826911185183,0.0480839685026653,True,0.1966731995733873,0.5285404575797169,0.3376261006619573,0.6828264029008939,0.9999933164864327,0.9970090784559292,True,False,64,False,False,False,30,structured_source,structured_endpoint_collapse_not_legit,active_or_structured_endpoint_entry_observable,source_basin_eligible_nonactive_role,structured_endpoint_collapse_not_legit,True,structured_endpoint_collapse_not_legit,structured_endpoint_collapse_not_legit,source_basin_eligible_nonactive_role,active_or_structured_endpoint_entry_observable||source_basin_eligible_nonactive_role,structured_endpoint_collapse_not_legit,True
15101,18,broken_ring,structured_anti_collapse,64,64,0.0010440004484221,0.0448944072696689,-0.9912720876704209,0.0085142875655791,0.9595117198078956,0.016211719779014,True,0.1966731995733873,0.5285404575797169,0.3376261006619573,0.6828264029008939,0.9946916994705866,0.9150596579187832,True,False,64,False,False,False,31,structured_source,structured_endpoint_collapse_not_legit,active_or_structured_endpoint_entry_observable,source_basin_eligible_nonactive_role,structured_endpoint_collapse_not_legit,True,structured_endpoint_collapse_not_legit,structured_endpoint_collapse_not_legit,source_basin_eligible_nonactive_role,active_or_structured_endpoint_entry_observable||source_basin_eligible_nonactive_role,structured_endpoint_collapse_not_legit,True
15101,26,phase_fault,novel_noise_sink,64,64,2.5988148470740304e-06,0.0022546822336598,-0.9994486805227354,0.0003376947132646,1.344724404268877,0.0252386986509806,True,0.010979044715984,0.1427851405613445,0.039629446966179,0.9973965711032596,0.9997632930811317,0.9842092655735744,True,True,64,False,False,False,28,rejected_or_broken_source,outside_basin_rejected,initial_basin_active_motion_observable,source_rejected_or_broken_role,outside_basin_rejected,True,structured_endpoint_collapse_not_legit,outside_basin_rejected,source_rejected_or_broken_role,initial_basin_active_motion_observable||source_rejected_or_broken_role,outside_basin_rejected,True
15083,18,broken_ring,novel_signed_scramble_collapse,64,64,0.0001062714380293,0.0145131740166943,-0.998404110420649,0.0013822648153509,1.3049214867037109,0.0319466302456114,True,0.1928531298606867,0.5372322205625769,0.3115891540326397,0.8692378414037886,0.99944895144245,0.9729852874377686,True,False,64,False,False,False,29,structured_source,structured_endpoint_collapse_not_legit,active_or_structured_endpoint_entry_observable,source_basin_eligible_nonactive_role,structured_endpoint_collapse_not_legit,True,structured_endpoint_collapse_not_legit,structured_endpoint_collapse_not_legit,source_basin_eligible_nonactive_role,active_or_structured_endpoint_entry_observable||source_basin_eligible_nonactive_role,structured_endpoint_collapse_not_legit,True
15101,18,broken_ring,wrong_sign,64,64,1.9196102024494088,0.0083265457587518,0.9595887990311808,1.9593751742671808,15.563337952134455,0.8500369004766939,False,0.1966731995733873,0.5285404575797169,0.3376261006619573,0.6828264029008939,-8.760405620107678,0.984246152512402,False,False,64,False,False,False,37,rejected_or_broken_source,outside_basin_rejected,outside_basin_rejected_observable,source_rejected_or_broken_role,outside_basin_rejected,True,outside_basin_rejected,outside_basin_rejected,source_rejected_or_broken_role,outside_basin_rejected_observable||source_rejected_or_broken_role,outside_basin_rejected,True
15101,18,broken_ring,novel_source_phase_flip,64,64,4.339434606958673e-06,0.0029351044979901,-0.9995333321570686,0.0002530430789313,1.2581524128885873,0.0296894780685101,True,0.1966731995733873,0.5285404575797169,0.3376261006619573,0.6828264029008939,0.9999779358061172,0.9944467742120916,True,False,64,False,False,False,27,structured_source,structured_endpoint_collapse_not_legit,active_or_structured_endpoint_entry_observable,source_basin_eligible_nonactive_role,structured_endpoint_collapse_not_legit,True,structured_endpoint_collapse_not_legit,structured_endpoint_collapse_not_legit,source_basin_eligible_nonactive_role,active_or_structured_endpoint_entry_observable||source_basin_eligible_nonactive_role,structured_endpoint_collapse_not_legit,True
15011,26,phase_fault,novel_noise_sink,64,64,9.973371641787148e-06,0.0044473474951575,-0.9993766881103904,0.0004096871256097,1.1918212277177542,0.0284402040103479,True,0.0166502448703773,0.1752851292256921,0.0507504996338662,0.900862509465356,0.9994010074495102,0.974627924708856,True,True,64,False,False,False,26,rejected_or_broken_source,outside_basin_rejected,initial_basin_active_motion_observable,source_rejected_or_broken_role,outside_basin_rejected,True,structured_endpoint_collapse_not_legit,outside_basin_rejected,source_rejected_or_broken_role,initial_basin_active_motion_observable||source_rejected_or_broken_role,outside_basin_rejected,True
15031,26,corner_sink,structured_permuted_collapse,64,64,0.0001308018496354,0.0161411321593598,-0.9987531512114024,0.0010332240245977,8.51558462645257,0.2092649137520808,True,0.0830488294472011,0.3873747610188582,0.1266430156778678,3.092471232219073,0.9984250006712372,0.9583319984041698,True,False,64,False,False,False,31,structured_source,structured_endpoint_collapse_not_legit,active_or_structured_endpoint_entry_observable,source_basin_eligible_nonactive_role,structured_endpoint_collapse_not_legit,True,structured_endpoint_collapse_not_legit,structured_endpoint_collapse_not_legit,source_basin_eligible_nonactive_role,active_or_structured_endpoint_entry_observable||source_basin_eligible_nonactive_role,structured_endpoint_collapse_not_legit,True
15053,26,corner_sink,novel_signed_scramble_collapse,64,64,0.0001346718981085,0.0162956719382394,-0.9978383320387694,0.0019480431972306,1.8585329837406035,0.0554243855042891,True,0.0270668322445034,0.2219914164067801,0.0696668897735396,3.578758149652344,0.9950244676625994,0.9265932340856564,True,False,64,False,False,False,31,structured_source,structured_endpoint_collapse_not_legit,active_or_structured_endpoint_entry_observable,source_basin_eligible_nonactive_role,structured_endpoint_collapse_not_legit,True,structured_endpoint_collapse_not_legit,structured_endpoint_collapse_not_legit,source_basin_eligible_nonactive_role,active_or_structured_endpoint_entry_observable||source_basin_eligible_nonactive_role,structured_endpoint_collapse_not_legit,True
15011,26,corner_sink,hold_broken,64,0,0.0413721582809866,0.2801134788570055,-0.9343588922903814,0.0654274829456186,3.556105693165312,0.0664353979801564,False,0.0413721582809866,0.2801134788570055,0.0654274829456186,3.556105693165312,0.0,0.0,False,False,64,True,True,True,0,rejected_or_broken_source,outside_basin_rejected,outside_basin_rejected_observable,source_rejected_or_broken_role,outside_basin_rejected,True,outside_basin_rejected,outside_basin_rejected,source_rejected_or_broken_role,outside_basin_rejected_observable||source_rejected_or_broken_role,outside_basin_rejected,True
15083,18,broken_ring,novel_source_phase_flip,64,64,1.0132193869211124e-05,0.0044781642226534,-0.99932764554068,0.0004587296953201,1.2568679809180587,0.0364638493303011,True,0.1928531298606867,0.5372322205625769,0.3115891540326397,0.8692378414037886,0.9999474616000452,0.9916643789180112,True,False,64,False,False,False,28,structured_source,structured_endpoint_collapse_not_legit,active_or_structured_endpoint_entry_observable,source_basin_eligible_nonactive_role,structured_endpoint_collapse_not_legit,True,structured_endpoint_collapse_not_legit,structured_endpoint_collapse_not_legit,source_basin_eligible_nonactive_role,active_or_structured_endpoint_entry_observable||source_basin_eligible_nonactive_role,structured_endpoint_collapse_not_legit,True
15053,26,corner_sink,novel_source_phase_flip,64,64,1.5778572598047187e-05,0.0056170476648479,-0.9998633214959536,7.694625995346982e-05,3.1348551413099446,0.0909534332654578,True,0.0270668322445034,0.2219914164067801,0.0696668897735396,3.578758149652344,0.9994170513396274,0.9746970051511816,True,False,64,False,False,False,31,structured_source,structured_endpoint_collapse_not_legit,active_or_structured_endpoint_entry_observable,source_basin_eligible_nonactive_role,structured_endpoint_collapse_not_legit,True,structured_endpoint_collapse_not_legit,structured_endpoint_collapse_not_legit,source_basin_eligible_nonactive_role,active_or_structured_endpoint_entry_observable||source_basin_eligible_nonactive_role,structured_endpoint_collapse_not_legit,True
15011,18,oblique_triple,wrong_sign,64,64,1.2075315535125373,0.3374449421374267,0.5171823185909172,1.5169686938269171,12.639417206626453,0.6009193079311012,False,0.0795055592316895,0.3773874425434908,0.1288015398738013,2.689060070101338,-14.188014085649598,0.1058395057788791,False,False,64,False,False,False,31,rejected_or_broken_source,outside_basin_rejected,outside_basin_rejected_observable,source_rejected_or_broken_role,outside_basin_rejected,True,outside_basin_rejected,outside_basin_rejected,source_rejected_or_broken_role,outside_basin_rejected_observable||source_rejected_or_broken_role,outside_basin_rejected,True
15011,18,oblique_triple,random,64,64,0.7456107035740033,0.6807098824396124,0.0140456932531831,1.013832068489183,1.2259185602224405,0.0454714257262467,False,0.0795055592316895,0.3773874425434908,0.1288015398738013,2.689060070101338,-8.378095202032585,-0.8037428003724909,False,False,64,False,False,False,39,rejected_or_broken_source,outside_basin_rejected,outside_basin_rejected_observable,source_rejected_or_broken_role,outside_basin_rejected,True,outside_basin_rejected,outside_basin_rejected,source_rejected_or_broken_role,outside_basin_rejected_observable||source_rejected_or_broken_role,outside_basin_rejected,True
15011,26,corner_sink,novel_noise_sink,64,64,8.429279369483205e-06,0.0040646189256727,-0.9992054864961972,0.0005808887398026,1.2026361902535976,0.0194667858869038,True,0.0413721582809866,0.2801134788570055,0.0654274829456186,3.556105693165312,0.9997962571758516,0.9854893847192084,True,False,64,False,False,False,28,rejected_or_broken_source,outside_basin_rejected,active_or_structured_endpoint_entry_observable,source_rejected_or_broken_role,outside_basin_rejected,True,structured_endpoint_collapse_not_legit,outside_basin_rejected,source_rejected_or_broken_role,active_or_structured_endpoint_entry_observable||source_rejected_or_broken_role,outside_basin_rejected,True
15031,26,corner_sink,hold_broken,64,0,0.0830488294472011,0.3873747610188582,-0.8731433595581322,0.1266430156778678,3.092471232219073,0.0581834992490969,False,0.0830488294472011,0.3873747610188582,0.1266430156778678,3.092471232219073,0.0,0.0,False,False,64,True,True,True,0,rejected_or_broken_source,outside_basin_rejected,outside_basin_rejected_observable,source_rejected_or_broken_role,outside_basin_rejected,True,outside_basin_rejected,outside_basin_rejected,source_rejected_or_broken_role,outside_basin_rejected_observable||source_rejected_or_broken_role,outside_basin_rejected,True
15031,26,corner_sink,novel_noise_sink,64,64,2.100810703472213e-06,0.0020312929021381,-0.9995116561928532,0.0002747190431466,1.3521844953666995,0.033825301337744,True,0.0830488294472011,0.3873747610188582,0.1266430156778678,3.092471232219073,0.999974703897485,0.994756259035074,True,False,64,False,False,False,27,rejected_or_broken_source,outside_basin_rejected,active_or_structured_endpoint_entry_observable,source_rejected_or_broken_role,outside_basin_rejected,True,structured_endpoint_collapse_not_legit,outside_basin_rejected,source_rejected_or_broken_role,active_or_structured_endpoint_entry_observable||source_rejected_or_broken_role,outside_basin_rejected,True
15053,26,corner_sink,structured_permuted_collapse,64,64,3.290082554053028e-05,0.0080821849948237,-0.9990936005319973,0.0006927747040027,8.843792560867707,0.3042646487104196,True,0.0270668322445034,0.2219914164067801,0.0696668897735396,3.578758149652344,0.9987844596574098,0.9635923535846204,True,False,64,False,False,False,26,structured_source,structured_endpoint_collapse_not_legit,active_or_structured_endpoint_entry_observable,source_basin_eligible_nonactive_role,structured_endpoint_collapse_not_legit,True,structured_endpoint_collapse_not_legit,structured_endpoint_collapse_not_legit,source_basin_eligible_nonactive_role,active_or_structured_endpoint_entry_observable||source_basin_eligible_nonactive_role,structured_endpoint_collapse_not_legit,True
15011,26,oblique_triple,hold_broken,64,0,0.0338779263618943,0.2520599127251271,-0.9348121255613022,0.0649742496746977,3.1401120303345063,0.0556370677825664,False,0.0338779263618943,0.2520599127251271,0.0649742496746977,3.1401120303345063,0.0,0.0,False,False,64,True,True,True,0,rejected_or_broken_source,outside_basin_rejected,outside_basin_rejected_observable,source_rejected_or_broken_role,outside_basin_rejected,True,outside_basin_rejected,outside_basin_rejected,source_rejected_or_broken_role,outside_basin_rejected_observable||source_rejected_or_broken_role,outside_basin_rejected,True
15083,18,broken_ring,wrong_sign,64,64,1.7197384459238303,0.0410965519549794,0.8543409033684309,1.854127278604431,14.548642363092698,0.8844311978313206,False,0.1928531298606867,0.5372322205625769,0.3115891540326397,0.8692378414037886,-7.917347865488199,0.9235031884110232,False,False,64,False,False,False,34,rejected_or_broken_source,outside_basin_rejected,outside_basin_rejected_observable,source_rejected_or_broken_role,outside_basin_rejected,True,outside_basin_rejected,outside_basin_rejected,source_rejected_or_broken_role,outside_basin_rejected_observable||source_rejected_or_broken_role,outside_basin_rejected,True
15031,26,phase_fault,structured_anti_collapse,64,64,0.0046969681181913,0.0937627816549066,-0.9752409680746406,0.0245454071613594,1.003168865498094,0.0154557694367504,True,0.0225638079510458,0.2033496834876571,0.0614534142872581,0.9255404404425182,0.7918361949732234,0.5389086422593978,True,True,64,False,False,False,34,structured_source,structured_endpoint_collapse_not_legit,initial_basin_active_motion_observable,source_basin_eligible_nonactive_role,structured_endpoint_collapse_not_legit,True,structured_endpoint_collapse_not_legit,structured_endpoint_collapse_not_legit,source_basin_eligible_nonactive_role,initial_basin_active_motion_observable||source_basin_eligible_nonactive_role,structured_endpoint_collapse_not_legit,True
15083,18,broken_ring,hold_broken,64,0,0.1928531298606867,0.5372322205625769,-0.6881972212033602,0.3115891540326397,0.8692378414037886,0.0338235554643273,False,0.1928531298606867,0.5372322205625769,0.3115891540326397,0.8692378414037886,0.0,0.0,False,False,64,True,True,True,0,rejected_or_broken_source,outside_basin_rejected,outside_basin_rejected_observable,source_rejected_or_broken_role,outside_basin_rejected,True,outside_basin_rejected,outside_basin_rejected,source_rejected_or_broken_role,outside_basin_rejected_observable||source_rejected_or_broken_role,outside_basin_rejected,True
15083,18,broken_ring,novel_noise_sink,64,64,1.547844486085251e-05,0.0053190825266686,-0.998154121947998,0.0016322532880019,1.8635370466859924,0.1232237107796294,True,0.1928531298606867,0.5372322205625769,0.3115891540326397,0.8692378414037886,0.9999197397217668,0.9900990999346824,True,False,64,False,False,False,22,rejected_or_broken_source,outside_basin_rejected,active_or_structured_endpoint_entry_observable,source_rejected_or_broken_role,outside_basin_rejected,True,structured_endpoint_collapse_not_legit,outside_basin_rejected,source_rejected_or_broken_role,active_or_structured_endpoint_entry_observable||source_rejected_or_broken_role,outside_basin_rejected,True
15031,26,corner_sink,novel_source_phase_flip,64,64,1.4787974812649102e-06,0.0017155140227722,-0.999907233004479,0.000120857768479,3.299776755986125,0.0938502083906234,True,0.0830488294472011,0.3873747610188582,0.1266430156778678,3.092471232219073,0.9999821936264351,0.9955714357351118,True,False,64,False,False,False,29,structured_source,structured_endpoint_collapse_not_legit,active_or_structured_endpoint_entry_observable,source_basin_eligible_nonactive_role,structured_endpoint_collapse_not_legit,True,structured_endpoint_collapse_not_legit,structured_endpoint_collapse_not_legit,source_basin_eligible_nonactive_role,active_or_structured_endpoint_entry_observable||source_basin_eligible_nonactive_role,structured_endpoint_collapse_not_legit,True
15031,26,corner_sink,novel_signed_scramble_collapse,64,64,0.0001436471123527,0.0169048851790869,-0.9985538648760344,0.0012325103599656,1.7130609655001534,0.0346938736161587,True,0.0830488294472011,0.3873747610188582,0.1266430156778678,3.092471232219073,0.9982703294639166,0.9563603856493368,True,False,64,False,False,False,29,structured_source,structured_endpoint_collapse_not_legit,active_or_structured_endpoint_entry_observable,source_basin_eligible_nonactive_role,structured_endpoint_collapse_not_legit,True,structured_endpoint_collapse_not_legit,structured_endpoint_collapse_not_legit,source_basin_eligible_nonactive_role,active_or_structured_endpoint_entry_observable||source_basin_eligible_nonactive_role,structured_endpoint_collapse_not_legit,True
15083,18,broken_ring,random,64,64,0.6979063467806155,0.6549856734822661,-0.0165232054313879,0.983263169804612,1.4090514796417763,0.048185853166121,False,0.1928531298606867,0.5372322205625769,0.3115891540326397,0.8692378414037886,-2.618848951438592,-0.2191853883897011,False,False,64,False,False,False,33,rejected_or_broken_source,outside_basin_rejected,outside_basin_rejected_observable,source_rejected_or_broken_role,outside_basin_rejected,True,outside_basin_rejected,outside_basin_rejected,source_rejected_or_broken_role,outside_basin_rejected_observable||source_rejected_or_broken_role,outside_basin_rejected,True
15031,26,phase_fault,structured_permuted_collapse,64,64,3.035239057873627e-06,0.0024478818015221,-0.9995064595316822,0.0002799157043178,0.9702885978697174,0.0138740823045643,True,0.0225638079510458,0.2033496834876571,0.0614534142872581,0.9255404404425182,0.9998654819228951,0.9879622050030938,True,True,64,False,False,False,32,structured_source,structured_endpoint_collapse_not_legit,initial_basin_active_motion_observable,source_basin_eligible_nonactive_role,structured_endpoint_collapse_not_legit,True,structured_endpoint_collapse_not_legit,structured_endpoint_collapse_not_legit,source_basin_eligible_nonactive_role,initial_basin_active_motion_observable||source_basin_eligible_nonactive_role,structured_endpoint_collapse_not_legit,True
15101,26,phase_fault,hold_broken,64,0,0.010979044715984,0.1427851405613445,-0.9601569282698208,0.039629446966179,0.9973965711032596,0.0096967213051058,True,0.010979044715984,0.1427851405613445,0.039629446966179,0.9973965711032596,0.0,0.0,True,True,64,True,True,True,0,rejected_or_broken_source,initial_basin_broken_hold_not_passive,initial_basin_no_motion_observable,source_rejected_or_broken_role,initial_basin_broken_hold_not_passive,True,passive_no_motion_basin_member,initial_basin_broken_hold_not_passive,source_rejected_or_broken_role,initial_basin_no_motion_observable||source_rejected_or_broken_role,initial_basin_broken_hold_not_passive,True
15011,18,oblique_triple,novel_signed_scramble_collapse,64,64,0.0032099622881913,0.0799804009162033,-0.9949842875997608,0.0048020876362392,1.5298194495584545,0.0564019276044704,True,0.0795055592316895,0.3773874425434908,0.1288015398738013,2.689060070101338,0.9596259391145624,0.7880681975586024,True,False,64,False,False,False,31,structured_source,structured_endpoint_collapse_not_legit,active_or_structured_endpoint_entry_observable,source_basin_eligible_nonactive_role,structured_endpoint_collapse_not_legit,True,structured_endpoint_collapse_not_legit,structured_endpoint_collapse_not_legit,source_basin_eligible_nonactive_role,active_or_structured_endpoint_entry_observable||source_basin_eligible_nonactive_role,structured_endpoint_collapse_not_legit,True
15031,26,corner_sink,wrong_sign,64,64,1.6833012243015826,0.3682453117214737,0.7977112851236234,1.797497660359623,21.004642731856283,0.7763971133057513,False,0.0830488294472011,0.3873747610188582,0.1266430156778678,3.092471232219073,-19.268813365424784,0.0493822809906912,False,False,64,False,False,False,35,rejected_or_broken_source,outside_basin_rejected,outside_basin_rejected_observable,source_rejected_or_broken_role,outside_basin_rejected,True,outside_basin_rejected,outside_basin_rejected,source_rejected_or_broken_role,outside_basin_rejected_observable||source_rejected_or_broken_role,outside_basin_rejected,True
15011,18,oblique_triple,novel_source_phase_flip,64,64,9.83444224439384e-07,0.0013954262746735,-0.999646111338901,0.0001402638970989,1.653400811388103,0.0626755354052903,True,0.0795055592316895,0.3773874425434908,0.1288015398738013,2.689060070101338,0.999987630484787,0.9963024040591676,True,False,64,False,False,False,23,structured_source,structured_endpoint_collapse_not_legit,active_or_structured_endpoint_entry_observable,source_basin_eligible_nonactive_role,structured_endpoint_collapse_not_legit,True,structured_endpoint_collapse_not_legit,structured_endpoint_collapse_not_legit,source_basin_eligible_nonactive_role,active_or_structured_endpoint_entry_observable||source_basin_eligible_nonactive_role,structured_endpoint_collapse_not_legit,True
15083,26,phase_fault,hold_broken,64,0,0.0219391755835587,0.2022951394777755,-0.9454262086543492,0.0543601665816506,0.943471430784264,0.0073509941038808,True,0.0219391755835587,0.2022951394777755,0.0543601665816506,0.943471430784264,0.0,0.0,True,True,64,True,True,True,0,rejected_or_broken_source,initial_basin_broken_hold_not_passive,initial_basin_no_motion_observable,source_rejected_or_broken_role,initial_basin_broken_hold_not_passive,True,passive_no_motion_basin_member,initial_basin_broken_hold_not_passive,source_rejected_or_broken_role,initial_basin_no_motion_observable||source_rejected_or_broken_role,initial_basin_broken_hold_not_passive,True
15053,26,ripple_wall,wrong_sign,64,64,1.96463389760561,0.0086256056549041,0.9824329350670516,1.982219310303052,19.31519884525344,0.6187763763647431,False,0.2023427678142514,0.5532416857337356,0.3140209750876485,0.7223811780384077,-8.70943473206027,0.9844089737300818,False,False,64,False,False,False,36,rejected_or_broken_source,outside_basin_rejected,outside_basin_rejected_observable,source_rejected_or_broken_role,outside_basin_rejected,True,outside_basin_rejected,outside_basin_rejected,source_rejected_or_broken_role,outside_basin_rejected_observable||source_rejected_or_broken_role,outside_basin_rejected,True
15083,26,ripple_wall,novel_signed_scramble_collapse,64,64,4.695311281463052e-06,0.0030148937190867,-0.9992377055489046,0.0005486696870954,1.2992057677106597,0.0175495107754943,True,0.1871441778172369,0.5227224453523865,0.317882998537662,0.712568074900383,0.999974910722117,0.994232323966788,True,False,64,False,False,False,30,structured_source,structured_endpoint_collapse_not_legit,active_or_structured_endpoint_entry_observable,source_basin_eligible_nonactive_role,structured_endpoint_collapse_not_legit,True,structured_endpoint_collapse_not_legit,structured_endpoint_collapse_not_legit,source_basin_eligible_nonactive_role,active_or_structured_endpoint_entry_observable||source_basin_eligible_nonactive_role,structured_endpoint_collapse_not_legit,True
15083,26,ripple_wall,wrong_sign,64,64,1.9990270285957417,0.0003656290147808,0.999727046451113,1.999513421687113,25.60801475442315,0.98165467897597,False,0.1871441778172369,0.5227224453523865,0.317882998537662,0.712568074900383,-9.681748435360296,0.9993005293363028,False,False,64,False,False,False,34,rejected_or_broken_source,outside_basin_rejected,outside_basin_rejected_observable,source_rejected_or_broken_role,outside_basin_rejected,True,outside_basin_rejected,outside_basin_rejected,source_rejected_or_broken_role,outside_basin_rejected_observable||source_rejected_or_broken_role,outside_basin_rejected,True
15053,26,ripple_wall,novel_noise_sink,64,64,2.216203203188113e-06,0.0020818719117824,-0.9994729813156576,0.0003133939203424,1.1339930179551414,0.0197409881693504,True,0.2023427678142514,0.5532416857337356,0.3140209750876485,0.7223811780384077,0.999989047277414,0.9962369576146136,True,False,64,False,False,False,23,rejected_or_broken_source,outside_basin_rejected,active_or_structured_endpoint_entry_observable,source_rejected_or_broken_role,outside_basin_rejected,True,structured_endpoint_collapse_not_legit,outside_basin_rejected,source_rejected_or_broken_role,active_or_structured_endpoint_entry_observable||source_rejected_or_broken_role,outside_basin_rejected,True
15083,18,oblique_triple,novel_noise_sink,64,64,7.391058314887296e-06,0.0037758401373125,-0.9990617043539892,0.0007246708820108,1.7240620140023513,0.1123730839263664,True,0.0593437987784571,0.3225077761115955,0.1211459116291887,3.013566416642228,0.9998754535525716,0.9882922508603506,True,False,64,False,False,False,26,rejected_or_broken_source,outside_basin_rejected,active_or_structured_endpoint_entry_observable,source_rejected_or_broken_role,outside_basin_rejected,True,structured_endpoint_collapse_not_legit,outside_basin_rejected,source_rejected_or_broken_role,active_or_structured_endpoint_entry_observable||source_rejected_or_broken_role,outside_basin_rejected,True
15053,26,ripple_wall,random,64,64,0.7155924328096532,0.7257308900506517,-0.0487345675800788,0.9510518076559212,1.2640387065691974,0.0231453305870918,False,0.2023427678142514,0.5532416857337356,0.3140209750876485,0.7223811780384077,-2.5365357533510804,-0.3117791170920914,False,False,64,False,False,False,34,rejected_or_broken_source,outside_basin_rejected,outside_basin_rejected_observable,source_rejected_or_broken_role,outside_basin_rejected,True,outside_basin_rejected,outside_basin_rejected,source_rejected_or_broken_role,outside_basin_rejected_observable||source_rejected_or_broken_role,outside_basin_rejected,True
15053,26,ripple_wall,hold_broken,64,0,0.2023427678142514,0.5532416857337356,-0.6857654001483515,0.3140209750876485,0.7223811780384077,0.0109872293658014,False,0.2023427678142514,0.5532416857337356,0.3140209750876485,0.7223811780384077,0.0,0.0,False,False,64,True,True,True,0,rejected_or_broken_source,outside_basin_rejected,outside_basin_rejected_observable,source_rejected_or_broken_role,outside_basin_rejected,True,outside_basin_rejected,outside_basin_rejected,source_rejected_or_broken_role,outside_basin_rejected_observable||source_rejected_or_broken_role,outside_basin_rejected,True
15083,26,prealigned_low_energy,random,64,64,0.7043607052794586,0.6860496299622099,-0.0312527848078559,0.968533590428144,1.3145921545566988,0.0493461392769195,False,0.1021324349286304,0.4130094766718662,0.1835430250281714,1.6013556364855583,-5.896542765927057,-0.6610990030783516,False,False,64,False,False,False,31,rejected_or_broken_source,outside_basin_rejected,outside_basin_rejected_observable,source_rejected_or_broken_role,outside_basin_rejected,True,outside_basin_rejected,outside_basin_rejected,source_rejected_or_broken_role,outside_basin_rejected_observable||source_rejected_or_broken_role,outside_basin_rejected,True
15053,18,prealigned_low_energy,hold_broken,64,0,2.2714969555805122e-08,1.5765896864203176e-05,-0.9999989343468556,0.0002125591108554,1.1040140725242802,0.0431341448109487,True,2.2714969555805122e-08,1.5765896864203176e-05,0.0002125591108554,1.1040140725242802,0.0,0.0,True,True,64,True,True,True,0,rejected_or_broken_source,initial_basin_broken_hold_not_passive,initial_basin_no_motion_observable,source_rejected_or_broken_role,initial_basin_broken_hold_not_passive,True,passive_no_motion_basin_member,initial_basin_broken_hold_not_passive,source_rejected_or_broken_role,initial_basin_no_motion_observable||source_rejected_or_broken_role,initial_basin_broken_hold_not_passive,True
15053,18,prealigned_low_energy,wrong_sign,64,64,1.582338674155576,0.0068661269403759,0.7791543783058346,1.778940753541835,17.511724550642022,0.9754260752772592,False,0.3078040424747317,0.6435462929630884,0.4488387837107331,1.1040140725242802,-4.140733894946597,0.9893307955986328,False,False,64,False,False,False,35,rejected_or_broken_source,outside_basin_rejected,outside_basin_rejected_observable,source_rejected_or_broken_role,outside_basin_rejected,True,outside_basin_rejected,outside_basin_rejected,source_rejected_or_broken_role,outside_basin_rejected_observable||source_rejected_or_broken_role,outside_basin_rejected,True
15101,26,corner_sink,wrong_sign,64,64,1.5980634232616349,0.0437495962702662,0.7874497085955285,1.7872360838315284,22.506937417027896,0.775518032041498,False,0.0405193376911165,0.277688588592888,0.0626715497456606,3.229089547555072,-38.43952478703904,0.8424508673806226,False,False,64,False,False,False,34,rejected_or_broken_source,outside_basin_rejected,outside_basin_rejected_observable,source_rejected_or_broken_role,outside_basin_rejected,True,outside_basin_rejected,outside_basin_rejected,source_rejected_or_broken_role,outside_basin_rejected_observable||source_rejected_or_broken_role,outside_basin_rejected,True
15011,18,broken_ring,structured_permuted_collapse,64,64,5.791444238076487e-06,0.0033852455606745,-0.99943566029465,0.00035071494135,1.666582537482919,0.0487381672518669,True,0.2481125015805037,0.5993222864803011,0.3701861694999308,0.6789423354089656,0.9999766579869972,0.9943515440055638,True,False,64,False,False,False,29,structured_source,structured_endpoint_collapse_not_legit,active_or_structured_endpoint_entry_observable,source_basin_eligible_nonactive_role,structured_endpoint_collapse_not_legit,True,structured_endpoint_collapse_not_legit,structured_endpoint_collapse_not_legit,source_basin_eligible_nonactive_role,active_or_structured_endpoint_entry_observable||source_basin_eligible_nonactive_role,structured_endpoint_collapse_not_legit,True
15053,18,prealigned_low_energy,novel_noise_sink,64,64,0.0001114658644252,0.0147973698978,-0.9977939965174552,0.0019923787185447,1.1807959245084434,0.0384821782135117,True,0.3078040424747317,0.6435462929630884,0.4488387837107331,1.1040140725242802,0.999637867441478,0.9770065183179826,True,False,64,False,False,False,28,rejected_or_broken_source,outside_basin_rejected,active_or_structured_endpoint_entry_observable,source_rejected_or_broken_role,outside_basin_rejected,True,structured_endpoint_collapse_not_legit,outside_basin_rejected,source_rejected_or_broken_role,active_or_structured_endpoint_entry_observable||source_rejected_or_broken_role,outside_basin_rejected,True
15053,26,phase_fault,structured_anti_collapse,64,64,0.0001935032508561,0.0192094035254359,-0.9955431078735524,0.0042432673624477,1.0241348566703763,0.0126773836690143,True,0.0227609436177898,0.2064419048743061,0.0538853147661554,0.9071357120899028,0.9914984521249648,0.906950076158042,True,True,64,False,False,False,36,structured_source,structured_endpoint_collapse_not_legit,initial_basin_active_motion_observable,source_basin_eligible_nonactive_role,structured_endpoint_collapse_not_legit,True,structured_endpoint_collapse_not_legit,structured_endpoint_collapse_not_legit,source_basin_eligible_nonactive_role,initial_basin_active_motion_observable||source_basin_eligible_nonactive_role,structured_endpoint_collapse_not_legit,True
15053,18,prealigned_low_energy,random,64,64,0.7850570040305401,0.7246348071504692,0.0224750415880344,1.0222614168240345,1.1609202881626834,0.0354838872884493,False,0.3078040424747317,0.6435462929630884,0.4488387837107331,1.1040140725242802,-1.5505090762199347,-0.1260026125143196,False,False,64,False,False,False,34,rejected_or_broken_source,outside_basin_rejected,outside_basin_rejected_observable,source_rejected_or_broken_role,outside_basin_rejected,True,outside_basin_rejected,outside_basin_rejected,source_rejected_or_broken_role,outside_basin_rejected_observable||source_rejected_or_broken_role,outside_basin_rejected,True
15083,26,prealigned_low_energy,hold_broken,64,0,2.27080899154244e-08,7.297214281888234e-06,-0.999999360987858,0.0002129857518581,1.6013556364855583,0.0312489371758149,True,2.27080899154244e-08,7.297214281888234e-06,0.0002129857518581,1.6013556364855583,0.0,0.0,True,True,64,True,True,True,0,rejected_or_broken_source,initial_basin_broken_hold_not_passive,initial_basin_no_motion_observable,source_rejected_or_broken_role,initial_basin_broken_hold_not_passive,True,passive_no_motion_basin_member,initial_basin_broken_hold_not_passive,source_rejected_or_broken_role,initial_basin_no_motion_observable||source_rejected_or_broken_role,initial_basin_broken_hold_not_passive,True
15031,18,prealigned_low_energy,novel_noise_sink,64,64,0.0003448426944231,0.0258077426957828,-0.9949236799140124,0.0048626953219875,1.4901490840994158,0.0672010282650528,True,0.3597317542715084,0.6991992973987601,0.480191473331313,1.3671086584861862,0.9990413893371176,0.9630895757579292,True,False,64,False,False,False,23,rejected_or_broken_source,outside_basin_rejected,active_or_structured_endpoint_entry_observable,source_rejected_or_broken_role,outside_basin_rejected,True,structured_endpoint_collapse_not_legit,outside_basin_rejected,source_rejected_or_broken_role,active_or_structured_endpoint_entry_observable||source_rejected_or_broken_role,outside_basin_rejected,True
15053,18,prealigned_low_energy,structured_permuted_collapse,64,64,2.507019492161874e-05,0.0070674800493128,-0.9993492075384256,0.0004371676975742,5.725601185458589,0.1198403934189914,True,0.3078040424747317,0.6435462929630884,0.4488387837107331,1.1040140725242802,0.9999185514403256,0.9890179150628606,True,False,64,False,False,False,30,structured_source,structured_endpoint_collapse_not_legit,active_or_structured_endpoint_entry_observable,source_basin_eligible_nonactive_role,structured_endpoint_collapse_not_legit,True,structured_endpoint_collapse_not_legit,structured_endpoint_collapse_not_legit,source_basin_eligible_nonactive_role,active_or_structured_endpoint_entry_observable||source_basin_eligible_nonactive_role,structured_endpoint_collapse_not_legit,True
15083,26,phase_fault,novel_noise_sink,64,64,4.314939233067645e-05,0.0092810124884884,-0.9993843903483808,0.0004019848876192,1.8111717651146264,0.0527447971754509,True,0.0219391755835587,0.2022951394777755,0.0543601665816506,0.943471430784264,0.9980332263095134,0.9541214261825496,True,True,64,False,False,False,26,rejected_or_broken_source,outside_basin_rejected,initial_basin_active_motion_observable,source_rejected_or_broken_role,outside_basin_rejected,True,structured_endpoint_collapse_not_legit,outside_basin_rejected,source_rejected_or_broken_role,initial_basin_active_motion_observable||source_rejected_or_broken_role,outside_basin_rejected,True
15011,18,broken_ring,novel_source_phase_flip,64,64,2.770138373140292e-06,0.0023204223629559,-0.999391512216999,0.000394863019001,1.2409626283602144,0.0292166930068991,True,0.2481125015805037,0.5993222864803011,0.3701861694999308,0.6789423354089656,0.9999888351479452,0.9961282561715176,True,False,64,False,False,False,29,structured_source,structured_endpoint_collapse_not_legit,active_or_structured_endpoint_entry_observable,source_basin_eligible_nonactive_role,structured_endpoint_collapse_not_legit,True,structured_endpoint_collapse_not_legit,structured_endpoint_collapse_not_legit,source_basin_eligible_nonactive_role,active_or_structured_endpoint_entry_observable||source_basin_eligible_nonactive_role,structured_endpoint_collapse_not_legit,True
15053,18,prealigned_low_energy,novel_source_phase_flip,64,64,8.739383203335663e-07,0.0013220625703146,-0.9997915906784668,5.215442466899312e-06,2.055337841747293,0.085387980863157,True,0.3078040424747317,0.6435462929630884,0.4488387837107331,1.1040140725242802,0.9999971607282566,0.997945660497514,True,False,64,False,False,False,20,structured_source,structured_endpoint_collapse_not_legit,active_or_structured_endpoint_entry_observable,source_basin_eligible_nonactive_role,structured_endpoint_collapse_not_legit,True,structured_endpoint_collapse_not_legit,structured_endpoint_collapse_not_legit,source_basin_eligible_nonactive_role,active_or_structured_endpoint_entry_observable||source_basin_eligible_nonactive_role,structured_endpoint_collapse_not_legit,True
15053,18,prealigned_low_energy,novel_signed_scramble_collapse,64,64,5.290888593248744e-05,0.0101723785492464,-0.9982565103675208,0.001529864868479,2.1365888599071057,0.0709443670785331,True,0.3078040424747317,0.6435462929630884,0.4488387837107331,1.1040140725242802,0.9998281085377992,0.984193245052514,True,False,64,False,False,False,31,structured_source,structured_endpoint_collapse_not_legit,active_or_structured_endpoint_entry_observable,source_basin_eligible_nonactive_role,structured_endpoint_collapse_not_legit,True,structured_endpoint_collapse_not_legit,structured_endpoint_collapse_not_legit,source_basin_eligible_nonactive_role,active_or_structured_endpoint_entry_observable||source_basin_eligible_nonactive_role,structured_endpoint_collapse_not_legit,True
15053,18,prealigned_low_energy,structured_anti_collapse,64,64,0.0051862210845553,0.1010494977428673,-0.987080424857344,0.012705950378656,1.4101626873722235,0.0456221390520892,True,0.3078040424747317,0.6435462929630884,0.4488387837107331,1.1040140725242802,0.9831509000211908,0.8429802193740457,True,False,64,False,False,False,38,structured_source,structured_endpoint_collapse_not_legit,active_or_structured_endpoint_entry_observable,source_basin_eligible_nonactive_role,structured_endpoint_collapse_not_legit,True,structured_endpoint_collapse_not_legit,structured_endpoint_collapse_not_legit,source_basin_eligible_nonactive_role,active_or_structured_endpoint_entry_observable||source_basin_eligible_nonactive_role,structured_endpoint_collapse_not_legit,True
15083,26,ripple_wall,novel_source_phase_flip,64,64,8.042135275126464e-06,0.0040098505274831,-0.9998596507264188,7.327549041880044e-05,1.125494122366104,0.0165878348216532,True,0.1871441778172369,0.5227224453523865,0.317882998537662,0.712568074900383,0.9999570270559902,0.9923289107553585,True,False,64,False,False,False,26,structured_source,structured_endpoint_collapse_not_legit,active_or_structured_endpoint_entry_observable,source_basin_eligible_nonactive_role,structured_endpoint_collapse_not_legit,True,structured_endpoint_collapse_not_legit,structured_endpoint_collapse_not_legit,source_basin_eligible_nonactive_role,active_or_structured_endpoint_entry_observable||source_basin_eligible_nonactive_role,structured_endpoint_collapse_not_legit,True
15083,26,ripple_wall,structured_permuted_collapse,64,64,1.992004703031616e-05,0.0063056889882333,-0.9995064101590608,0.0002799650769392,1.9524374843008483,0.0382277581418427,True,0.1871441778172369,0.5227224453523865,0.317882998537662,0.712568074900383,0.9998935577464256,0.987936831400132,True,False,64,False,False,False,28,structured_source,structured_endpoint_collapse_not_legit,active_or_structured_endpoint_entry_observable,source_basin_eligible_nonactive_role,structured_endpoint_collapse_not_legit,True,structured_endpoint_collapse_not_legit,structured_endpoint_collapse_not_legit,source_basin_eligible_nonactive_role,active_or_structured_endpoint_entry_observable||source_basin_eligible_nonactive_role,structured_endpoint_collapse_not_legit,True
15083,26,ripple_wall,structured_anti_collapse,64,64,0.0012916524781284,0.0505630870630576,-0.9946211857031292,0.0051651895328709,1.116661577785039,0.0124409047698047,True,0.1871441778172369,0.5227224453523865,0.317882998537662,0.712568074900383,0.993098088894954,0.9032697227495664,True,False,64,False,False,False,33,structured_source,structured_endpoint_collapse_not_legit,active_or_structured_endpoint_entry_observable,source_basin_eligible_nonactive_role,structured_endpoint_collapse_not_legit,True,structured_endpoint_collapse_not_legit,structured_endpoint_collapse_not_legit,source_basin_eligible_nonactive_role,active_or_structured_endpoint_entry_observable||source_basin_eligible_nonactive_role,structured_endpoint_collapse_not_legit,True
15011,18,broken_ring,structured_anti_collapse,64,64,0.0002755074727596,0.0223185683632563,-0.9925133805478444,0.0072729946881555,1.1352619241042696,0.0249509135956024,True,0.2481125015805037,0.5993222864803011,0.3701861694999308,0.6789423354089656,0.9988895864899852,0.962760323005354,True,False,64,False,False,False,25,structured_source,structured_endpoint_collapse_not_legit,active_or_structured_endpoint_entry_observable,source_basin_eligible_nonactive_role,structured_endpoint_collapse_not_legit,True,structured_endpoint_collapse_not_legit,structured_endpoint_collapse_not_legit,source_basin_eligible_nonactive_role,active_or_structured_endpoint_entry_observable||source_basin_eligible_nonactive_role,structured_endpoint_collapse_not_legit,True
15083,18,oblique_triple,random,64,64,0.6968818650360884,0.6525512860158833,-0.0159466783385869,0.983839696897413,1.398517966893023,0.0459784550275626,False,0.0593437987784571,0.3225077761115955,0.1211459116291887,3.013566416642228,-10.743128673426382,-1.0233660530066144,False,False,64,False,False,False,33,rejected_or_broken_source,outside_basin_rejected,outside_basin_rejected_observable,source_rejected_or_broken_role,outside_basin_rejected,True,outside_basin_rejected,outside_basin_rejected,source_rejected_or_broken_role,outside_basin_rejected_observable||source_rejected_or_broken_role,outside_basin_rejected,True
15083,18,oblique_triple,hold_broken,64,0,0.0593437987784571,0.3225077761115955,-0.8786404636068113,0.1211459116291887,3.013566416642228,0.1105576018827268,False,0.0593437987784571,0.3225077761115955,0.1211459116291887,3.013566416642228,0.0,0.0,False,False,64,True,True,True,0,rejected_or_broken_source,outside_basin_rejected,outside_basin_rejected_observable,source_rejected_or_broken_role,outside_basin_rejected,True,outside_basin_rejected,outside_basin_rejected,source_rejected_or_broken_role,outside_basin_rejected_observable||source_rejected_or_broken_role,outside_basin_rejected,True
15101,26,corner_sink,novel_signed_scramble_collapse,64,64,0.0002090281617535,0.0203629786676689,-0.9979409963353032,0.0018453789006966,1.6994310476220982,0.0426897338091838,True,0.0405193376911165,0.277688588592888,0.0626715497456606,3.229089547555072,0.9948412739531474,0.9266697318324114,True,False,64,False,False,False,31,structured_source,structured_endpoint_collapse_not_legit,active_or_structured_endpoint_entry_observable,source_basin_eligible_nonactive_role,structured_endpoint_collapse_not_legit,True,structured_endpoint_collapse_not_legit,structured_endpoint_collapse_not_legit,source_basin_eligible_nonactive_role,active_or_structured_endpoint_entry_observable||source_basin_eligible_nonactive_role,structured_endpoint_collapse_not_legit,True
15083,18,prealigned_low_energy,novel_source_phase_flip,64,64,2.9550479924706387e-06,0.0024309753119475,-0.9997650440934406,2.1331142559422037e-05,2.0765355754033537,0.087726205063736,True,0.1756950432715157,0.5263476216914625,0.2726687875110982,1.2752552802904549,0.9999831808061432,0.9953814262423551,True,False,64,False,False,False,24,structured_source,structured_endpoint_collapse_not_legit,active_or_structured_endpoint_entry_observable,source_basin_eligible_nonactive_role,structured_endpoint_collapse_not_legit,True,structured_endpoint_collapse_not_legit,structured_endpoint_collapse_not_legit,source_basin_eligible_nonactive_role,active_or_structured_endpoint_entry_observable||source_basin_eligible_nonactive_role,structured_endpoint_collapse_not_legit,True
15101,18,ripple_wall,random,64,64,0.8595198366212959,0.7437284862160005,0.0799856433093261,1.079772018545326,1.385739378469652,0.0472100056795417,False,0.2724230936565727,0.6020527292661083,0.4270581909955311,0.7332043205643393,-2.15509168140747,-0.2353211771373533,False,False,64,False,False,False,40,rejected_or_broken_source,outside_basin_rejected,outside_basin_rejected_observable,source_rejected_or_broken_role,outside_basin_rejected,True,outside_basin_rejected,outside_basin_rejected,source_rejected_or_broken_role,outside_basin_rejected_observable||source_rejected_or_broken_role,outside_basin_rejected,True
15083,18,prealigned_low_energy,structured_permuted_collapse,64,64,1.4036607809776243e-05,0.0052947860501735,-0.9995902724506034,0.0001961027853966,6.095994714108821,0.4100692218656822,True,0.1756950432715157,0.5263476216914625,0.2726687875110982,1.2752552802904549,0.9999201081114848,0.9899405149126576,True,False,64,False,False,False,29,structured_source,structured_endpoint_collapse_not_legit,active_or_structured_endpoint_entry_observable,source_basin_eligible_nonactive_role,structured_endpoint_collapse_not_legit,True,structured_endpoint_collapse_not_legit,structured_endpoint_collapse_not_legit,source_basin_eligible_nonactive_role,active_or_structured_endpoint_entry_observable||source_basin_eligible_nonactive_role,structured_endpoint_collapse_not_legit,True
15083,18,prealigned_low_energy,structured_anti_collapse,64,64,0.004382181833171,0.0925697165033743,-0.9858145731751669,0.0139718020608332,0.9995522472853112,0.0304357472328526,True,0.1756950432715157,0.5263476216914625,0.2726687875110982,1.2752552802904549,0.9750580223975128,0.8241281755834332,True,False,64,False,False,False,32,structured_source,structured_endpoint_collapse_not_legit,active_or_structured_endpoint_entry_observable,source_basin_eligible_nonactive_role,structured_endpoint_collapse_not_legit,True,structured_endpoint_collapse_not_legit,structured_endpoint_collapse_not_legit,source_basin_eligible_nonactive_role,active_or_structured_endpoint_entry_observable||source_basin_eligible_nonactive_role,structured_endpoint_collapse_not_legit,True
15083,26,prealigned_low_energy,wrong_sign,64,64,1.5312756264875331,0.1076722081676552,0.7469127827655624,1.7466991580015625,20.268060060326896,0.8459117883611121,False,0.1021324349286304,0.4130094766718662,0.1835430250281714,1.6013556364855583,-13.993039454543378,0.7392984562096635,False,False,64,False,False,False,31,rejected_or_broken_source,outside_basin_rejected,outside_basin_rejected_observable,source_rejected_or_broken_role,outside_basin_rejected,True,outside_basin_rejected,outside_basin_rejected,source_rejected_or_broken_role,outside_basin_rejected_observable||source_rejected_or_broken_role,outside_basin_rejected,True
15083,18,prealigned_low_energy,novel_signed_scramble_collapse,64,64,0.0005754008788517,0.033765562292404,-0.9965170387924354,0.0032693364435646,1.7484920475326613,0.0697225078011818,True,0.1756950432715157,0.5263476216914625,0.2726687875110982,1.2752552802904549,0.9967250022019162,0.9358493115541564,True,False,64,False,False,False,31,structured_source,structured_endpoint_collapse_not_legit,active_or_structured_endpoint_entry_observable,source_basin_eligible_nonactive_role,structured_endpoint_collapse_not_legit,True,structured_endpoint_collapse_not_legit,structured_endpoint_collapse_not_legit,source_basin_eligible_nonactive_role,active_or_structured_endpoint_entry_observable||source_basin_eligible_nonactive_role,structured_endpoint_collapse_not_legit,True
15083,18,prealigned_low_energy,wrong_sign,64,64,1.199982069590891,0.0107003565003971,0.5493584345066355,1.5491448097426357,15.126143869857692,0.8028387214416273,False,0.1756950432715157,0.5263476216914625,0.2726687875110982,1.2752552802904549,-5.829914192460354,0.9796705521970628,False,False,64,False,False,False,33,rejected_or_broken_source,outside_basin_rejected,outside_basin_rejected_observable,source_rejected_or_broken_role,outside_basin_rejected,True,outside_basin_rejected,outside_basin_rejected,source_rejected_or_broken_role,outside_basin_rejected_observable||source_rejected_or_broken_role,outside_basin_rejected,True
15101,18,ripple_wall,hold_broken,64,0,0.2724230936565727,0.6020527292661083,-0.5727281842404689,0.4270581909955311,0.7332043205643393,0.0163438649868977,False,0.2724230936565727,0.6020527292661083,0.4270581909955311,0.7332043205643393,0.0,0.0,False,False,64,True,True,True,0,rejected_or_broken_source,outside_basin_rejected,outside_basin_rejected_observable,source_rejected_or_broken_role,outside_basin_rejected,True,outside_basin_rejected,outside_basin_rejected,source_rejected_or_broken_role,outside_basin_rejected_observable||source_rejected_or_broken_role,outside_basin_rejected,True
15101,18,ripple_wall,novel_noise_sink,64,64,4.884123291293728e-05,0.0096470890991632,-0.9976378553411236,0.0021485198948762,1.2216601922367685,0.0365425885162476,True,0.2724230936565727,0.6020527292661083,0.4270581909955311,0.7332043205643393,0.9998207155154978,0.9839763385643864,True,False,64,False,False,False,22,rejected_or_broken_source,outside_basin_rejected,active_or_structured_endpoint_entry_observable,source_rejected_or_broken_role,outside_basin_rejected,True,structured_endpoint_collapse_not_legit,outside_basin_rejected,source_rejected_or_broken_role,active_or_structured_endpoint_entry_observable||source_rejected_or_broken_role,outside_basin_rejected,True
15053,26,ripple_wall,structured_permuted_collapse,64,64,3.5805084161753992e-06,0.0026744681664945,-0.9996956180943642,9.075714163575554e-05,1.954153300371267,0.0352093551330014,True,0.2023427678142514,0.5532416857337356,0.3140209750876485,0.7223811780384077,0.9999823047324358,0.9951658231177162,True,False,64,False,False,False,29,structured_source,structured_endpoint_collapse_not_legit,active_or_structured_endpoint_entry_observable,source_basin_eligible_nonactive_role,structured_endpoint_collapse_not_legit,True,structured_endpoint_collapse_not_legit,structured_endpoint_collapse_not_legit,source_basin_eligible_nonactive_role,active_or_structured_endpoint_entry_observable||source_basin_eligible_nonactive_role,structured_endpoint_collapse_not_legit,True
15053,26,ripple_wall,structured_anti_collapse,64,64,2.1214905426815368e-05,0.0064380587767334,-0.998795814767903,0.0009905604680969,1.0450393658670831,0.0122171926159367,True,0.2023427678142514,0.5532416857337356,0.3140209750876485,0.7223811780384077,0.9998951536214716,0.9883630266053012,True,False,64,False,False,False,31,structured_source,structured_endpoint_collapse_not_legit,active_or_structured_endpoint_entry_observable,source_basin_eligible_nonactive_role,structured_endpoint_collapse_not_legit,True,structured_endpoint_collapse_not_legit,structured_endpoint_collapse_not_legit,source_basin_eligible_nonactive_role,active_or_structured_endpoint_entry_observable||source_basin_eligible_nonactive_role,structured_endpoint_collapse_not_legit,True
15101,26,corner_sink,hold_broken,64,0,0.0405193376911165,0.277688588592888,-0.9371148254903392,0.0626715497456606,3.229089547555072,0.0636535645231121,False,0.0405193376911165,0.277688588592888,0.0626715497456606,3.229089547555072,0.0,0.0,False,False,64,True,True,True,0,rejected_or_broken_source,outside_basin_rejected,outside_basin_rejected_observable,source_rejected_or_broken_role,outside_basin_rejected,True,outside_basin_rejected,outside_basin_rejected,source_rejected_or_broken_role,outside_basin_rejected_observable||source_rejected_or_broken_role,outside_basin_rejected,True
15053,26,ripple_wall,novel_local_defect_repair,64,64,0.1130671537456405,0.4330971851491575,-0.8034164801218114,0.1963698951141885,0.7461173017244075,0.0088810321187753,False,0.2023427678142514,0.5532416857337356,0.3140209750876485,0.7223811780384077,0.4412098096341342,0.2171645840913441,False,False,64,False,False,False,32,active_source,outside_basin_rejected,outside_basin_rejected_observable,source_active_role,outside_basin_rejected,True,outside_basin_rejected,outside_basin_rejected,source_active_role,outside_basin_rejected_observable||source_active_role,outside_basin_rejected,True
15053,26,ripple_wall,novel_signed_scramble_collapse,64,64,2.391342517521432e-05,0.0068889094404875,-0.9991782822569332,0.0006080929790668,1.3501482786157093,0.0246487950145523,True,0.2023427678142514,0.5532416857337356,0.3140209750876485,0.7223811780384077,0.999881817242922,0.9875481012745116,True,False,64,False,False,False,28,structured_source,structured_endpoint_collapse_not_legit,active_or_structured_endpoint_entry_observable,source_basin_eligible_nonactive_role,structured_endpoint_collapse_not_legit,True,structured_endpoint_collapse_not_legit,structured_endpoint_collapse_not_legit,source_basin_eligible_nonactive_role,active_or_structured_endpoint_entry_observable||source_basin_eligible_nonactive_role,structured_endpoint_collapse_not_legit,True
15053,26,ripple_wall,novel_source_phase_flip,64,64,4.77503624290647e-07,0.0009708062744511,-0.9998983682092956,0.0001119929732956,1.124394254057871,0.0161446139076576,True,0.2023427678142514,0.5532416857337356,0.3140209750876485,0.7223811780384077,0.9999976401201316,0.9982452401898064,True,False,64,False,False,False,23,structured_source,structured_endpoint_collapse_not_legit,active_or_structured_endpoint_entry_observable,source_basin_eligible_nonactive_role,structured_endpoint_collapse_not_legit,True,structured_endpoint_collapse_not_legit,structured_endpoint_collapse_not_legit,source_basin_eligible_nonactive_role,active_or_structured_endpoint_entry_observable||source_basin_eligible_nonactive_role,structured_endpoint_collapse_not_legit,True
15101,18,oblique_triple,structured_permuted_collapse,64,64,3.660275359066703e-06,0.0026898630213996,-0.9994945060114488,0.0002918692245512,3.717092975077543,0.1112957301810018,True,0.0829242603947468,0.3757000668104412,0.1571559117186612,2.218752069758618,0.9999558600059668,0.9928403978066108,True,False,64,False,False,False,31,structured_source,structured_endpoint_collapse_not_legit,active_or_structured_endpoint_entry_observable,source_basin_eligible_nonactive_role,structured_endpoint_collapse_not_legit,True,structured_endpoint_collapse_not_legit,structured_endpoint_collapse_not_legit,source_basin_eligible_nonactive_role,active_or_structured_endpoint_entry_observable||source_basin_eligible_nonactive_role,structured_endpoint_collapse_not_legit,True
15101,18,oblique_triple,structured_anti_collapse,64,64,0.0002401170949416,0.0212481724617431,-0.9944245325565428,0.0053618426794571,1.059119994190817,0.0196047080675938,True,0.0829242603947468,0.3757000668104412,0.1571559117186612,2.218752069758618,0.997104380614362,0.9434437884372076,True,False,64,False,False,False,34,structured_source,structured_endpoint_collapse_not_legit,active_or_structured_endpoint_entry_observable,source_basin_eligible_nonactive_role,structured_endpoint_collapse_not_legit,True,structured_endpoint_collapse_not_legit,structured_endpoint_collapse_not_legit,source_basin_eligible_nonactive_role,active_or_structured_endpoint_entry_observable||source_basin_eligible_nonactive_role,structured_endpoint_collapse_not_legit,True
15031,18,prealigned_low_energy,random,64,64,0.6167723345199854,0.7001761938886232,-0.137639075436475,0.862147299799525,1.216493406666806,0.0328149688335601,False,0.3597317542715084,0.6991992973987601,0.480191473331313,1.3671086584861862,-0.714534030414675,-0.00139716457596,False,False,64,False,False,False,32,rejected_or_broken_source,outside_basin_rejected,outside_basin_rejected_observable,source_rejected_or_broken_role,outside_basin_rejected,True,outside_basin_rejected,outside_basin_rejected,source_rejected_or_broken_role,outside_basin_rejected_observable||source_rejected_or_broken_role,outside_basin_rejected,True
15031,18,prealigned_low_energy,hold_broken,64,0,2.2687505816307908e-08,5.778395572417102e-06,-0.9999993109581728,0.0002129357221727,1.3671086584861862,0.0458575989875587,True,2.2687505816307908e-08,5.778395572417102e-06,0.0002129357221727,1.3671086584861862,0.0,0.0,True,True,64,True,True,True,0,rejected_or_broken_source,initial_basin_broken_hold_not_passive,initial_basin_no_motion_observable,source_rejected_or_broken_role,initial_basin_broken_hold_not_passive,True,passive_no_motion_basin_member,initial_basin_broken_hold_not_passive,source_rejected_or_broken_role,initial_basin_no_motion_observable||source_rejected_or_broken_role,initial_basin_broken_hold_not_passive,True
15101,26,prealigned_low_energy,structured_permuted_collapse,64,64,2.1512650004959325e-05,0.0065579001786136,-0.9996476479594548,0.000138727276545,5.466701582925721,0.2142041593081585,True,0.1448655787291072,0.4921115765215518,0.2180764859210806,1.2980146816835094,0.9998514992229792,0.986673956695036,True,False,64,False,False,False,29,structured_source,structured_endpoint_collapse_not_legit,active_or_structured_endpoint_entry_observable,source_basin_eligible_nonactive_role,structured_endpoint_collapse_not_legit,True,structured_endpoint_collapse_not_legit,structured_endpoint_collapse_not_legit,source_basin_eligible_nonactive_role,active_or_structured_endpoint_entry_observable||source_basin_eligible_nonactive_role,structured_endpoint_collapse_not_legit,True
15011,18,broken_ring,wrong_sign,64,64,1.876223321241958,0.1219053605673678,0.9334972887794118,1.933283664015412,13.812999108839165,0.8021703380508838,False,0.2481125015805037,0.5993222864803011,0.3701861694999308,0.6789423354089656,-6.561986233195218,0.7965946481248177,False,False,64,False,False,False,35,rejected_or_broken_source,outside_basin_rejected,outside_basin_rejected_observable,source_rejected_or_broken_role,outside_basin_rejected,True,outside_basin_rejected,outside_basin_rejected,source_rejected_or_broken_role,outside_basin_rejected_observable||source_rejected_or_broken_role,outside_basin_rejected,True
15083,26,prealigned_low_energy,novel_noise_sink,64,64,1.8081619393165811e-06,0.0018843514761403,-0.9995303607969525,0.0002560144390476,1.7836477871140766,0.0603190290189654,True,0.1021324349286304,0.4130094766718662,0.1835430250281714,1.6013556364855583,0.9999822958990396,0.9954375103149682,True,False,64,False,False,False,23,rejected_or_broken_source,outside_basin_rejected,active_or_structured_endpoint_entry_observable,source_rejected_or_broken_role,outside_basin_rejected,True,structured_endpoint_collapse_not_legit,outside_basin_rejected,source_rejected_or_broken_role,active_or_structured_endpoint_entry_observable||source_rejected_or_broken_role,outside_basin_rejected,True
15011,18,broken_ring,novel_signed_scramble_collapse,64,64,7.5506473028051e-06,0.0038489060214827,-0.999250448894602,0.0005359263413978,1.3064551529551316,0.0402204476281811,True,0.2481125015805037,0.5993222864803011,0.3701861694999308,0.6789423354089656,0.9999695676426836,0.9935779027256268,True,False,64,False,False,False,28,structured_source,structured_endpoint_collapse_not_legit,active_or_structured_endpoint_entry_observable,source_basin_eligible_nonactive_role,structured_endpoint_collapse_not_legit,True,structured_endpoint_collapse_not_legit,structured_endpoint_collapse_not_legit,source_basin_eligible_nonactive_role,active_or_structured_endpoint_entry_observable||source_basin_eligible_nonactive_role,structured_endpoint_collapse_not_legit,True
15053,26,phase_fault,structured_permuted_collapse,64,64,6.315443869046052e-06,0.0035429877779353,-0.9995068661243542,0.0002795091116457,0.9547293309903688,0.0096455561281728,True,0.0227609436177898,0.2064419048743061,0.0538853147661554,0.9071357120899028,0.9997225315006786,0.9828378459253448,True,True,64,False,False,False,28,structured_source,structured_endpoint_collapse_not_legit,initial_basin_active_motion_observable,source_basin_eligible_nonactive_role,structured_endpoint_collapse_not_legit,True,structured_endpoint_collapse_not_legit,structured_endpoint_collapse_not_legit,source_basin_eligible_nonactive_role,initial_basin_active_motion_observable||source_basin_eligible_nonactive_role,structured_endpoint_collapse_not_legit,True
15031,18,prealigned_low_energy,wrong_sign,64,64,1.7200174508494928,0.1806664486157874,0.8461265522997341,1.8459129275357344,12.818107534724115,0.6754266852888202,False,0.3597317542715084,0.6991992973987601,0.480191473331313,1.3671086584861862,-3.781388994499285,0.7416095106378615,False,False,64,False,False,False,37,rejected_or_broken_source,outside_basin_rejected,outside_basin_rejected_observable,source_rejected_or_broken_role,outside_basin_rejected,True,outside_basin_rejected,outside_basin_rejected,source_rejected_or_broken_role,outside_basin_rejected_observable||source_rejected_or_broken_role,outside_basin_rejected,True
15083,26,ripple_wall,novel_noise_sink,64,64,2.4663489781754557e-06,0.0022024795412028,-0.9995004000151608,0.0002859752208391,1.5454868620439874,0.0529018186590529,True,0.1871441778172369,0.5227224453523865,0.317882998537662,0.712568074900383,0.9999868211236548,0.995786521964417,True,False,64,False,False,False,26,rejected_or_broken_source,outside_basin_rejected,active_or_structured_endpoint_entry_observable,source_rejected_or_broken_role,outside_basin_rejected,True,structured_endpoint_collapse_not_legit,outside_basin_rejected,source_rejected_or_broken_role,active_or_structured_endpoint_entry_observable||source_rejected_or_broken_role,outside_basin_rejected,True
15083,26,ripple_wall,random,64,64,0.7014697780115825,0.684183670717684,-0.0329191347389186,0.9668672404970812,1.325467617233021,0.0488070234136391,False,0.1871441778172369,0.5227224453523865,0.317882998537662,0.712568074900383,-2.748285339092313,-0.3088851967245096,False,False,64,False,False,False,33,rejected_or_broken_source,outside_basin_rejected,outside_basin_rejected_observable,source_rejected_or_broken_role,outside_basin_rejected,True,outside_basin_rejected,outside_basin_rejected,source_rejected_or_broken_role,outside_basin_rejected_observable||source_rejected_or_broken_role,outside_basin_rejected,True
15101,26,corner_sink,novel_source_phase_flip,64,64,8.373897397323079e-06,0.0040912976615754,-0.9998816550294142,9.527979341417137e-05,3.1526253054210054,0.0915337501835488,True,0.0405193376911165,0.277688588592888,0.0626715497456606,3.229089547555072,0.9997933357533888,0.9852665977983024,True,False,64,False,False,False,31,structured_source,structured_endpoint_collapse_not_legit,active_or_structured_endpoint_entry_observable,source_basin_eligible_nonactive_role,structured_endpoint_collapse_not_legit,True,structured_endpoint_collapse_not_legit,structured_endpoint_collapse_not_legit,source_basin_eligible_nonactive_role,active_or_structured_endpoint_entry_observable||source_basin_eligible_nonactive_role,structured_endpoint_collapse_not_legit,True
15083,18,oblique_triple,wrong_sign,64,64,1.907142731402545,0.0599616366923717,0.9523125118417683,1.9520988870777685,14.031446851328516,0.7430585208464835,False,0.0593437987784571,0.3225077761115955,0.1211459116291887,3.013566416642228,-31.13718654060507,0.8140769273344975,False,False,64,False,False,False,35,rejected_or_broken_source,outside_basin_rejected,outside_basin_rejected_observable,source_rejected_or_broken_role,outside_basin_rejected,True,outside_basin_rejected,outside_basin_rejected,source_rejected_or_broken_role,outside_basin_rejected_observable||source_rejected_or_broken_role,outside_basin_rejected,True
15101,26,ripple_wall,novel_local_defect_repair,64,64,0.0530932122878723,0.3023967779902075,-0.8783672118519368,0.1214191633840632,0.7455625796444244,0.0088849506383002,False,0.1264205167512996,0.4564670363607666,0.2109001617320808,0.6523444695933002,0.5800269319188133,0.3375276769130222,False,False,64,False,False,False,31,active_source,outside_basin_rejected,outside_basin_rejected_observable,source_active_role,outside_basin_rejected,True,outside_basin_rejected,outside_basin_rejected,source_active_role,outside_basin_rejected_observable||source_active_role,outside_basin_rejected,True
15083,18,oblique_triple,novel_signed_scramble_collapse,64,64,4.6960492883631096e-05,0.0095981989533776,-0.99844638918434,0.0013399860516599,2.398505095176008,0.216416496197941,True,0.0593437987784571,0.3225077761115955,0.1211459116291887,3.013566416642228,0.9992086705797492,0.9702388603770392,True,False,64,False,False,False,31,structured_source,structured_endpoint_collapse_not_legit,active_or_structured_endpoint_entry_observable,source_basin_eligible_nonactive_role,structured_endpoint_collapse_not_legit,True,structured_endpoint_collapse_not_legit,structured_endpoint_collapse_not_legit,source_basin_eligible_nonactive_role,active_or_structured_endpoint_entry_observable||source_basin_eligible_nonactive_role,structured_endpoint_collapse_not_legit,True
15083,26,ripple_wall,hold_broken,64,0,0.1871441778172369,0.5227224453523865,-0.681903376698338,0.317882998537662,0.712568074900383,0.0123889853487185,False,0.1871441778172369,0.5227224453523865,0.317882998537662,0.712568074900383,0.0,0.0,False,False,64,True,True,True,0,rejected_or_broken_source,outside_basin_rejected,outside_basin_rejected_observable,source_rejected_or_broken_role,outside_basin_rejected,True,outside_basin_rejected,outside_basin_rejected,source_rejected_or_broken_role,outside_basin_rejected_observable||source_rejected_or_broken_role,outside_basin_rejected,True
15031,18,prealigned_low_energy,structured_anti_collapse,64,64,0.0011858880801154,0.0474483952764084,-0.9888124996250472,0.0109738756109528,1.6729534670647093,0.0534153777042457,True,0.3597317542715084,0.6991992973987601,0.480191473331313,1.3671086584861862,0.9967034100631074,0.9321389545815286,True,False,64,False,False,False,31,structured_source,structured_endpoint_collapse_not_legit,active_or_structured_endpoint_entry_observable,source_basin_eligible_nonactive_role,structured_endpoint_collapse_not_legit,True,structured_endpoint_collapse_not_legit,structured_endpoint_collapse_not_legit,source_basin_eligible_nonactive_role,active_or_structured_endpoint_entry_observable||source_basin_eligible_nonactive_role,structured_endpoint_collapse_not_legit,True
15011,18,prealigned_low_energy,novel_noise_sink,64,64,0.0001665388456675,0.0181457918803004,-0.9978349838421584,0.0019513913938414,1.4895518070371094,0.072999633668746,True,0.2172717186649622,0.5736714056808366,0.3247222746195546,1.3058851481434215,0.9992334996579854,0.9683690145585464,True,False,64,False,False,False,26,rejected_or_broken_source,outside_basin_rejected,active_or_structured_endpoint_entry_observable,source_rejected_or_broken_role,outside_basin_rejected,True,structured_endpoint_collapse_not_legit,outside_basin_rejected,source_rejected_or_broken_role,active_or_structured_endpoint_entry_observable||source_rejected_or_broken_role,outside_basin_rejected,True
15101,26,prealigned_low_energy,structured_anti_collapse,64,64,0.0004291044419363,0.0287159370925045,-0.9939894932489334,0.0057968819870666,1.1129524268268227,0.0135314381018623,True,0.1448655787291072,0.4921115765215518,0.2180764859210806,1.2980146816835094,0.9970379130315298,0.9416475074688908,True,False,64,False,False,False,30,structured_source,structured_endpoint_collapse_not_legit,active_or_structured_endpoint_entry_observable,source_basin_eligible_nonactive_role,structured_endpoint_collapse_not_legit,True,structured_endpoint_collapse_not_legit,structured_endpoint_collapse_not_legit,source_basin_eligible_nonactive_role,active_or_structured_endpoint_entry_observable||source_basin_eligible_nonactive_role,structured_endpoint_collapse_not_legit,True
15011,18,broken_ring,hold_broken,64,0,0.2481125015805037,0.5993222864803011,-0.6296002057360692,0.3701861694999308,0.6789423354089656,0.0216910130332388,False,0.2481125015805037,0.5993222864803011,0.3701861694999308,0.6789423354089656,0.0,0.0,False,False,64,True,True,True,0,rejected_or_broken_source,outside_basin_rejected,outside_basin_rejected_observable,source_rejected_or_broken_role,outside_basin_rejected,True,outside_basin_rejected,outside_basin_rejected,source_rejected_or_broken_role,outside_basin_rejected_observable||source_rejected_or_broken_role,outside_basin_rejected,True
15031,18,prealigned_low_energy,novel_signed_scramble_collapse,64,64,0.0005090221803477,0.0318771095078426,-0.998410057641652,0.0013763175943479,1.6329273767244457,0.0538343178512594,True,0.3597317542715084,0.6991992973987601,0.480191473331313,1.3671086584861862,0.998584995137899,0.9544091225100056,True,False,64,False,False,False,31,structured_source,structured_endpoint_collapse_not_legit,active_or_structured_endpoint_entry_observable,source_basin_eligible_nonactive_role,structured_endpoint_collapse_not_legit,True,structured_endpoint_collapse_not_legit,structured_endpoint_collapse_not_legit,source_basin_eligible_nonactive_role,active_or_structured_endpoint_entry_observable||source_basin_eligible_nonactive_role,structured_endpoint_collapse_not_legit,True
15031,18,prealigned_low_energy,novel_source_phase_flip,64,64,1.0358402593439582e-06,0.0014373637892837,-0.9997111033558336,7.527188016653863e-05,1.9832117401734872,0.0818075283313561,True,0.3597317542715084,0.6991992973987601,0.480191473331313,1.3671086584861862,0.9999971205175884,0.9979442716895895,True,False,64,False,False,False,27,structured_source,structured_endpoint_collapse_not_legit,active_or_structured_endpoint_entry_observable,source_basin_eligible_nonactive_role,structured_endpoint_collapse_not_legit,True,structured_endpoint_collapse_not_legit,structured_endpoint_collapse_not_legit,source_basin_eligible_nonactive_role,active_or_structured_endpoint_entry_observable||source_basin_eligible_nonactive_role,structured_endpoint_collapse_not_legit,True
15031,18,prealigned_low_energy,structured_permuted_collapse,64,64,2.2171879567978783e-05,0.0065292724786774,-0.9984778034820856,0.0013085717539144,6.054619218704696,0.3973712249889813,True,0.3597317542715084,0.6991992973987601,0.480191473331313,1.3671086584861862,0.9999383655173484,0.9906617862690092,True,False,64,False,False,False,30,structured_source,structured_endpoint_collapse_not_legit,active_or_structured_endpoint_entry_observable,source_basin_eligible_nonactive_role,structured_endpoint_collapse_not_legit,True,structured_endpoint_collapse_not_legit,structured_endpoint_collapse_not_legit,source_basin_eligible_nonactive_role,active_or_structured_endpoint_entry_observable||source_basin_eligible_nonactive_role,structured_endpoint_collapse_not_legit,True
15101,26,ripple_wall,structured_anti_collapse,64,64,0.0007805870020415,0.0384649501908995,-0.9907519072995484,0.0090344679364514,1.2784710597421576,0.0174525810799669,True,0.1264205167512996,0.4564670363607666,0.2109001617320808,0.6523444695933002,0.9938254721377936,0.9157333451754122,True,False,64,False,False,False,31,structured_source,structured_endpoint_collapse_not_legit,active_or_structured_endpoint_entry_observable,source_basin_eligible_nonactive_role,structured_endpoint_collapse_not_legit,True,structured_endpoint_collapse_not_legit,structured_endpoint_collapse_not_legit,source_basin_eligible_nonactive_role,active_or_structured_endpoint_entry_observable||source_basin_eligible_nonactive_role,structured_endpoint_collapse_not_legit,True
15101,26,ripple_wall,novel_source_phase_flip,64,64,2.1394492787807125e-07,0.0006449757125581,-0.9998954448741504,0.0001090696381503,1.138567038237613,0.0174967131326827,True,0.1264205167512996,0.4564670363607666,0.2109001617320808,0.6523444695933002,0.9999983076645044,0.9985870267463368,True,False,64,False,False,False,15,structured_source,structured_endpoint_collapse_not_legit,active_or_structured_endpoint_entry_observable,source_basin_eligible_nonactive_role,structured_endpoint_collapse_not_legit,True,structured_endpoint_collapse_not_legit,structured_endpoint_collapse_not_legit,source_basin_eligible_nonactive_role,active_or_structured_endpoint_entry_observable||source_basin_eligible_nonactive_role,structured_endpoint_collapse_not_legit,True
15101,26,ripple_wall,structured_permuted_collapse,64,64,1.1293350355482133e-05,0.0047491974324569,-0.9996079811259264,0.0001783941100734,1.89056208012193,0.0335385681757781,True,0.1264205167512996,0.4564670363607666,0.2109001617320808,0.6523444695933002,0.999910668365819,0.9895957494076462,True,False,64,False,False,False,33,structured_source,structured_endpoint_collapse_not_legit,active_or_structured_endpoint_entry_observable,source_basin_eligible_nonactive_role,structured_endpoint_collapse_not_legit,True,structured_endpoint_collapse_not_legit,structured_endpoint_collapse_not_legit,source_basin_eligible_nonactive_role,active_or_structured_endpoint_entry_observable||source_basin_eligible_nonactive_role,structured_endpoint_collapse_not_legit,True
15101,26,corner_sink,structured_anti_collapse,64,64,0.0007104474097615,0.0367670707753566,-0.9914750981907396,0.0083112770452603,1.216928618021765,0.0165060228586812,True,0.0405193376911165,0.277688588592888,0.0626715497456606,3.229089547555072,0.9824664604303294,0.8675960327987138,True,False,64,False,False,False,38,structured_source,structured_endpoint_collapse_not_legit,active_or_structured_endpoint_entry_observable,source_basin_eligible_nonactive_role,structured_endpoint_collapse_not_legit,True,structured_endpoint_collapse_not_legit,structured_endpoint_collapse_not_legit,source_basin_eligible_nonactive_role,active_or_structured_endpoint_entry_observable||source_basin_eligible_nonactive_role,structured_endpoint_collapse_not_legit,True
15011,18,broken_ring,random,64,64,0.7402980067283049,0.6776671845477099,0.0108387780447749,1.010625153280775,1.2261992660201504,0.0455614241085673,False,0.2481125015805037,0.5993222864803011,0.3701861694999308,0.6789423354089656,-1.983719087150152,-0.1307224841034728,False,False,64,False,False,False,35,rejected_or_broken_source,outside_basin_rejected,outside_basin_rejected_observable,source_rejected_or_broken_role,outside_basin_rejected,True,outside_basin_rejected,outside_basin_rejected,source_rejected_or_broken_role,outside_basin_rejected_observable||source_rejected_or_broken_role,outside_basin_rejected,True
15083,18,oblique_triple,novel_source_phase_flip,64,64,1.2321233468921658e-06,0.0015614958420763,-0.9996252000860466,0.0001611751499533,1.6752297296994538,0.0549401351718497,True,0.0593437987784571,0.3225077761115955,0.1211459116291887,3.013566416642228,0.9999792375214897,0.995158269168272,True,False,64,False,False,False,24,structured_source,structured_endpoint_collapse_not_legit,active_or_structured_endpoint_entry_observable,source_basin_eligible_nonactive_role,structured_endpoint_collapse_not_legit,True,structured_endpoint_collapse_not_legit,structured_endpoint_collapse_not_legit,source_basin_eligible_nonactive_role,active_or_structured_endpoint_entry_observable||source_basin_eligible_nonactive_role,structured_endpoint_collapse_not_legit,True
15101,26,corner_sink,structured_permuted_collapse,64,64,1.2359952056748672e-05,0.004971312142467,-0.999709176170872,7.719906512793084e-05,10.737550674105805,0.3991489858494892,True,0.0405193376911165,0.277688588592888,0.0626715497456606,3.229089547555072,0.9996949616217652,0.9820975281388408,True,False,64,False,False,False,30,structured_source,structured_endpoint_collapse_not_legit,active_or_structured_endpoint_entry_observable,source_basin_eligible_nonactive_role,structured_endpoint_collapse_not_legit,True,structured_endpoint_collapse_not_legit,structured_endpoint_collapse_not_legit,source_basin_eligible_nonactive_role,active_or_structured_endpoint_entry_observable||source_basin_eligible_nonactive_role,structured_endpoint_collapse_not_legit,True
15101,26,ripple_wall,wrong_sign,64,64,0.9766252044287612,0.1546160036171547,0.3892220121695557,1.3890083874055557,23.36253812472741,0.9395164142671786,False,0.1264205167512996,0.4564670363607666,0.2109001617320808,0.6523444695933002,-6.725211298916764,0.6612767378549194,False,False,64,False,False,False,34,rejected_or_broken_source,outside_basin_rejected,outside_basin_rejected_observable,source_rejected_or_broken_role,outside_basin_rejected,True,outside_basin_rejected,outside_basin_rejected,source_rejected_or_broken_role,outside_basin_rejected_observable||source_rejected_or_broken_role,outside_basin_rejected,True
15101,26,ripple_wall,novel_signed_scramble_collapse,64,64,1.9532820680768176e-06,0.0019676957293109,-0.9995999948373387,0.0001863803986611,1.349962460985587,0.0274435150635402,True,0.1264205167512996,0.4564670363607666,0.2109001617320808,0.6523444695933002,0.999984549319064,0.9956892928216804,True,False,64,False,False,False,31,structured_source,structured_endpoint_collapse_not_legit,active_or_structured_endpoint_entry_observable,source_basin_eligible_nonactive_role,structured_endpoint_collapse_not_legit,True,structured_endpoint_collapse_not_legit,structured_endpoint_collapse_not_legit,source_basin_eligible_nonactive_role,active_or_structured_endpoint_entry_observable||source_basin_eligible_nonactive_role,structured_endpoint_collapse_not_legit,True
15083,18,oblique_triple,structured_anti_collapse,64,64,0.0016512012606611,0.0552514178107108,-0.983985003421233,0.015801371814767,1.019293826111089,0.0313183783746655,True,0.0593437987784571,0.3225077761115955,0.1211459116291887,3.013566416642228,0.9721756730168628,0.8286819050452255,True,False,64,False,False,False,32,structured_source,structured_endpoint_collapse_not_legit,active_or_structured_endpoint_entry_observable,source_basin_eligible_nonactive_role,structured_endpoint_collapse_not_legit,True,structured_endpoint_collapse_not_legit,structured_endpoint_collapse_not_legit,source_basin_eligible_nonactive_role,active_or_structured_endpoint_entry_observable||source_basin_eligible_nonactive_role,structured_endpoint_collapse_not_legit,True
15031,26,ripple_wall,hold_broken,64,0,0.2338971722895373,0.5771942462902262,-0.6328515763567817,0.3669347988792183,0.684399987520243,0.0119161607271931,False,0.2338971722895373,0.5771942462902262,0.3669347988792183,0.684399987520243,0.0,0.0,False,False,64,True,True,True,0,rejected_or_broken_source,outside_basin_rejected,outside_basin_rejected_observable,source_rejected_or_broken_role,outside_basin_rejected,True,outside_basin_rejected,outside_basin_rejected,source_rejected_or_broken_role,outside_basin_rejected_observable||source_rejected_or_broken_role,outside_basin_rejected,True
15101,26,corner_sink,novel_noise_sink,64,64,1.1532921405717942e-06,0.0015060837677104,-0.9995906816853072,0.0001956935506929,1.3238340879252344,0.0288077569481272,True,0.0405193376911165,0.277688588592888,0.0626715497456606,3.229089547555072,0.9999715372163944,0.9945763570035896,True,False,64,False,False,False,25,rejected_or_broken_source,outside_basin_rejected,active_or_structured_endpoint_entry_observable,source_rejected_or_broken_role,outside_basin_rejected,True,structured_endpoint_collapse_not_legit,outside_basin_rejected,source_rejected_or_broken_role,active_or_structured_endpoint_entry_observable||source_rejected_or_broken_role,outside_basin_rejected,True
15031,26,ripple_wall,wrong_sign,64,64,1.936546333412772,0.0390975742086355,0.9678426666610096,1.9676290418970095,20.374869071468297,0.6519296346078509,False,0.2338971722895373,0.5771942462902262,0.3669347988792183,0.684399987520243,-7.279477320949715,0.9322627097188548,False,False,64,False,False,False,29,rejected_or_broken_source,outside_basin_rejected,outside_basin_rejected_observable,source_rejected_or_broken_role,outside_basin_rejected,True,outside_basin_rejected,outside_basin_rejected,source_rejected_or_broken_role,outside_basin_rejected_observable||source_rejected_or_broken_role,outside_basin_rejected,True
15101,18,oblique_triple,novel_source_phase_flip,64,64,7.840696981010688e-07,0.0012496214777122,-0.9997052237810392,8.115145496090381e-05,1.7411522755136588,0.0635157665287348,True,0.0829242603947468,0.3757000668104412,0.1571559117186612,2.218752069758618,0.9999905447369158,0.9966738853966204,True,False,64,False,False,False,16,structured_source,structured_endpoint_collapse_not_legit,active_or_structured_endpoint_entry_observable,source_basin_eligible_nonactive_role,structured_endpoint_collapse_not_legit,True,structured_endpoint_collapse_not_legit,structured_endpoint_collapse_not_legit,source_basin_eligible_nonactive_role,active_or_structured_endpoint_entry_observable||source_basin_eligible_nonactive_role,structured_endpoint_collapse_not_legit,True
15101,26,corner_sink,random,64,64,0.627932539463841,0.7077211517332508,-0.1308814032643562,0.8689049719716437,1.259316277647655,0.0375053612849627,False,0.0405193376911165,0.277688588592888,0.0626715497456606,3.229089547555072,-14.497107683154756,-1.5486144580801398,False,False,64,False,False,False,36,rejected_or_broken_source,outside_basin_rejected,outside_basin_rejected_observable,source_rejected_or_broken_role,outside_basin_rejected,True,outside_basin_rejected,outside_basin_rejected,source_rejected_or_broken_role,outside_basin_rejected_observable||source_rejected_or_broken_role,outside_basin_rejected,True
15101,18,oblique_triple,novel_signed_scramble_collapse,64,64,3.761910901272765e-05,0.0084969037444758,-0.9980425734173956,0.0017438018186044,1.382934344785567,0.0417802120905798,True,0.0829242603947468,0.3757000668104412,0.1571559117186612,2.218752069758618,0.9995463437378496,0.97738381092772,True,False,64,False,False,False,30,structured_source,structured_endpoint_collapse_not_legit,active_or_structured_endpoint_entry_observable,source_basin_eligible_nonactive_role,structured_endpoint_collapse_not_legit,True,structured_endpoint_collapse_not_legit,structured_endpoint_collapse_not_legit,source_basin_eligible_nonactive_role,active_or_structured_endpoint_entry_observable||source_basin_eligible_nonactive_role,structured_endpoint_collapse_not_legit,True
15031,26,ripple_wall,novel_noise_sink,64,64,3.492074306699176e-06,0.0026186939659904,-0.9994305796122448,0.0003557956237553,1.3333404690904196,0.0332718099635348,True,0.2338971722895373,0.5771942462902262,0.3669347988792183,0.684399987520243,0.9999850700405118,0.9954630629397002,True,False,64,False,False,False,26,rejected_or_broken_source,outside_basin_rejected,active_or_structured_endpoint_entry_observable,source_rejected_or_broken_role,outside_basin_rejected,True,structured_endpoint_collapse_not_legit,outside_basin_rejected,source_rejected_or_broken_role,active_or_structured_endpoint_entry_observable||source_rejected_or_broken_role,outside_basin_rejected,True
15031,26,ripple_wall,random,64,64,0.7309981043543035,0.7093714462292714,-0.0206089857997452,0.9791773894362548,1.2289359280304335,0.0149510515583458,False,0.2338971722895373,0.5771942462902262,0.3669347988792183,0.684399987520243,-2.125296886647642,-0.2289995106298314,False,False,64,False,False,False,36,rejected_or_broken_source,outside_basin_rejected,outside_basin_rejected_observable,source_rejected_or_broken_role,outside_basin_rejected,True,outside_basin_rejected,outside_basin_rejected,source_rejected_or_broken_role,outside_basin_rejected_observable||source_rejected_or_broken_role,outside_basin_rejected,True
15083,18,prealigned_low_energy,novel_noise_sink,64,64,7.701408497106663e-06,0.0038739294810033,-0.9991574973699348,0.0006288778660651,1.7496152469383297,0.1148417520352924,True,0.1756950432715157,0.5263476216914625,0.2726687875110982,1.2752552802904549,0.9999561660400108,0.9926399791272036,True,False,64,False,False,False,26,rejected_or_broken_source,outside_basin_rejected,active_or_structured_endpoint_entry_observable,source_rejected_or_broken_role,outside_basin_rejected,True,structured_endpoint_collapse_not_legit,outside_basin_rejected,source_rejected_or_broken_role,active_or_structured_endpoint_entry_observable||source_rejected_or_broken_role,outside_basin_rejected,True
15083,18,prealigned_low_energy,random,64,64,0.6991550717874069,0.6572852564062821,-0.0167877815006162,0.9829985937353836,1.4094814856971234,0.0460496600939499,False,0.1756950432715157,0.5263476216914625,0.2726687875110982,1.2752552802904549,-2.979367082678405,-0.2487664602602205,False,False,64,False,False,False,33,rejected_or_broken_source,outside_basin_rejected,outside_basin_rejected_observable,source_rejected_or_broken_role,outside_basin_rejected,True,outside_basin_rejected,outside_basin_rejected,source_rejected_or_broken_role,outside_basin_rejected_observable||source_rejected_or_broken_role,outside_basin_rejected,True
15083,26,prealigned_low_energy,novel_signed_scramble_collapse,64,64,0.0001347375672536,0.0163848551654677,-0.9987805642627424,0.0010058109732574,2.633524187624429,0.1366130727598792,True,0.1021324349286304,0.4130094766718662,0.1835430250281714,1.6013556364855583,0.9986807563302836,0.9603281375079784,True,False,64,False,False,False,30,structured_source,structured_endpoint_collapse_not_legit,active_or_structured_endpoint_entry_observable,source_basin_eligible_nonactive_role,structured_endpoint_collapse_not_legit,True,structured_endpoint_collapse_not_legit,structured_endpoint_collapse_not_legit,source_basin_eligible_nonactive_role,active_or_structured_endpoint_entry_observable||source_basin_eligible_nonactive_role,structured_endpoint_collapse_not_legit,True
15083,26,phase_fault,random,64,64,0.7001185911743503,0.6827429025036071,-0.0332982421326231,0.9664881331033768,1.2897500886499924,0.0459661077462554,False,0.0219391755835587,0.2022951394777755,0.0543601665816506,0.943471430784264,-30.91180035352416,-2.3749842149630056,False,True,64,False,False,False,34,rejected_or_broken_source,outside_basin_rejected,outside_basin_rejected_observable,source_rejected_or_broken_role,outside_basin_rejected,True,outside_basin_rejected,outside_basin_rejected,source_rejected_or_broken_role,outside_basin_rejected_observable||source_rejected_or_broken_role,outside_basin_rejected,True
15083,26,prealigned_low_energy,novel_source_phase_flip,64,64,3.205303686607902e-06,0.0025318974235997,-0.99977623572986,1.013950614003889e-05,1.7909578160445423,0.0418105293474661,True,0.1021324349286304,0.4130094766718662,0.1835430250281714,1.6013556364855583,0.9999686161924092,0.9938696384281632,True,False,64,False,False,False,26,structured_source,structured_endpoint_collapse_not_legit,active_or_structured_endpoint_entry_observable,source_basin_eligible_nonactive_role,structured_endpoint_collapse_not_legit,True,structured_endpoint_collapse_not_legit,structured_endpoint_collapse_not_legit,source_basin_eligible_nonactive_role,active_or_structured_endpoint_entry_observable||source_basin_eligible_nonactive_role,structured_endpoint_collapse_not_legit,True
15101,18,prealigned_low_energy,structured_permuted_collapse,64,64,2.618255410485413e-05,0.0071689201548057,-0.9988006308351898,0.0009857444008102,8.103011575841697,0.4097794127711438,True,0.1653744984687019,0.503143602006527,0.2785597111882862,1.2174276006506828,0.9998416771911804,0.9857517413970844,True,False,64,False,False,False,29,structured_source,structured_endpoint_collapse_not_legit,active_or_structured_endpoint_entry_observable,source_basin_eligible_nonactive_role,structured_endpoint_collapse_not_legit,True,structured_endpoint_collapse_not_legit,structured_endpoint_collapse_not_legit,source_basin_eligible_nonactive_role,active_or_structured_endpoint_entry_observable||source_basin_eligible_nonactive_role,structured_endpoint_collapse_not_legit,True
15053,26,phase_fault,novel_source_phase_flip,64,64,0.0010161965499699,0.0449656006369122,-0.9965478787790564,0.0032384964569435,0.9264519174346232,0.0068251554241528,True,0.0227609436177898,0.2064419048743061,0.0538853147661554,0.9071357120899028,0.9553534964107966,0.7821876296623395,True,True,64,False,False,False,36,structured_source,structured_endpoint_collapse_not_legit,initial_basin_active_motion_observable,source_basin_eligible_nonactive_role,structured_endpoint_collapse_not_legit,True,structured_endpoint_collapse_not_legit,structured_endpoint_collapse_not_legit,source_basin_eligible_nonactive_role,initial_basin_active_motion_observable||source_basin_eligible_nonactive_role,structured_endpoint_collapse_not_legit,True
15083,18,prealigned_low_energy,hold_broken,64,0,2.2570314952200443e-08,7.031547095750485e-06,-0.9999987220919924,0.0002123468559923,1.2752552802904549,0.0481668351559131,True,2.2570314952200443e-08,7.031547095750485e-06,0.0002123468559923,1.2752552802904549,0.0,0.0,True,True,64,True,True,True,0,rejected_or_broken_source,initial_basin_broken_hold_not_passive,initial_basin_no_motion_observable,source_rejected_or_broken_role,initial_basin_broken_hold_not_passive,True,passive_no_motion_basin_member,initial_basin_broken_hold_not_passive,source_rejected_or_broken_role,initial_basin_no_motion_observable||source_rejected_or_broken_role,initial_basin_broken_hold_not_passive,True
15101,18,prealigned_low_energy,novel_signed_scramble_collapse,64,64,3.383200050988032e-05,0.0080543689700505,-0.9981157042588036,0.0016706709771965,1.719372167988902,0.0851795311659844,True,0.1653744984687019,0.503143602006527,0.2785597111882862,1.2174276006506828,0.9997954218950144,0.9839919081969564,True,False,64,False,False,False,27,structured_source,structured_endpoint_collapse_not_legit,active_or_structured_endpoint_entry_observable,source_basin_eligible_nonactive_role,structured_endpoint_collapse_not_legit,True,structured_endpoint_collapse_not_legit,structured_endpoint_collapse_not_legit,source_basin_eligible_nonactive_role,active_or_structured_endpoint_entry_observable||source_basin_eligible_nonactive_role,structured_endpoint_collapse_not_legit,True
15101,18,ripple_wall,novel_source_phase_flip,64,64,4.2470055589735545e-06,0.0029144294463876,-0.9997757865639492,1.0588672050726444e-05,1.1329960433461386,0.0321544343623124,True,0.2724230936565727,0.6020527292661083,0.4270581909955311,0.7332043205643393,0.9999844102550122,0.9951591790789897,True,False,64,False,False,False,27,structured_source,structured_endpoint_collapse_not_legit,active_or_structured_endpoint_entry_observable,source_basin_eligible_nonactive_role,structured_endpoint_collapse_not_legit,True,structured_endpoint_collapse_not_legit,structured_endpoint_collapse_not_legit,source_basin_eligible_nonactive_role,active_or_structured_endpoint_entry_observable||source_basin_eligible_nonactive_role,structured_endpoint_collapse_not_legit,True
15101,18,prealigned_low_energy,structured_anti_collapse,64,64,0.0001706514605728,0.0181137121620587,-0.9961536967674514,0.0036326784685486,1.0561864376834855,0.0215767460355902,True,0.1653744984687019,0.503143602006527,0.2785597111882862,1.2174276006506828,0.9989680908292874,0.9639989217973048,True,False,64,False,False,False,29,structured_source,structured_endpoint_collapse_not_legit,active_or_structured_endpoint_entry_observable,source_basin_eligible_nonactive_role,structured_endpoint_collapse_not_legit,True,structured_endpoint_collapse_not_legit,structured_endpoint_collapse_not_legit,source_basin_eligible_nonactive_role,active_or_structured_endpoint_entry_observable||source_basin_eligible_nonactive_role,structured_endpoint_collapse_not_legit,True
15101,18,ripple_wall,wrong_sign,64,64,1.9267658515332995,0.0314333794587625,0.9630033857222132,1.9627897609582128,13.932075260776678,0.8388492437661561,False,0.2724230936565727,0.6020527292661083,0.4270581909955311,0.7332043205643393,-6.072696465139565,0.9477896570653752,False,False,64,False,False,False,34,rejected_or_broken_source,outside_basin_rejected,outside_basin_rejected_observable,source_rejected_or_broken_role,outside_basin_rejected,True,outside_basin_rejected,outside_basin_rejected,source_rejected_or_broken_role,outside_basin_rejected_observable||source_rejected_or_broken_role,outside_basin_rejected,True
15101,18,prealigned_low_energy,random,64,64,0.8749603252649796,0.7471445389398202,0.0918617770834013,1.0916481523194013,1.3782416608478627,0.0488578166973639,False,0.1653744984687019,0.503143602006527,0.2785597111882862,1.2174276006506828,-4.290781428590575,-0.4849528761962535,False,False,64,False,False,False,37,rejected_or_broken_source,outside_basin_rejected,outside_basin_rejected_observable,source_rejected_or_broken_role,outside_basin_rejected,True,outside_basin_rejected,outside_basin_rejected,source_rejected_or_broken_role,outside_basin_rejected_observable||source_rejected_or_broken_role,outside_basin_rejected,True
15101,18,ripple_wall,novel_signed_scramble_collapse,64,64,1.4012616733220284e-06,0.0016385665237571,-0.999443413002122,0.0003429622338778,1.32240663196644,0.0341921526096984,True,0.2724230936565727,0.6020527292661083,0.4270581909955311,0.7332043205643393,0.9999948562999764,0.9972783670846376,True,False,64,False,False,False,31,structured_source,structured_endpoint_collapse_not_legit,active_or_structured_endpoint_entry_observable,source_basin_eligible_nonactive_role,structured_endpoint_collapse_not_legit,True,structured_endpoint_collapse_not_legit,structured_endpoint_collapse_not_legit,source_basin_eligible_nonactive_role,active_or_structured_endpoint_entry_observable||source_basin_eligible_nonactive_role,structured_endpoint_collapse_not_legit,True
15083,26,prealigned_low_energy,structured_anti_collapse,64,64,0.0015525970728962,0.055541336434225,-0.9952748241842202,0.0045115510517798,0.9986450022708048,0.0112606322683603,True,0.1021324349286304,0.4130094766718662,0.1835430250281714,1.6013556364855583,0.9847981978010606,0.8655204309531671,True,False,64,False,False,False,39,structured_source,structured_endpoint_collapse_not_legit,active_or_structured_endpoint_entry_observable,source_basin_eligible_nonactive_role,structured_endpoint_collapse_not_legit,True,structured_endpoint_collapse_not_legit,structured_endpoint_collapse_not_legit,source_basin_eligible_nonactive_role,active_or_structured_endpoint_entry_observable||source_basin_eligible_nonactive_role,structured_endpoint_collapse_not_legit,True
15101,18,prealigned_low_energy,novel_source_phase_flip,64,64,2.334642540087158e-05,0.0068320253184952,-0.9996587788050812,0.0001275964309188,2.010541143835735,0.0866348983083288,True,0.1653744984687019,0.503143602006527,0.2785597111882862,1.2174276006506828,0.9998588269254516,0.9864213212843496,True,False,64,False,False,False,31,structured_source,structured_endpoint_collapse_not_legit,active_or_structured_endpoint_entry_observable,source_basin_eligible_nonactive_role,structured_endpoint_collapse_not_legit,True,structured_endpoint_collapse_not_legit,structured_endpoint_collapse_not_legit,source_basin_eligible_nonactive_role,active_or_structured_endpoint_entry_observable||source_basin_eligible_nonactive_role,structured_endpoint_collapse_not_legit,True
15031,26,ripple_wall,structured_anti_collapse,64,64,0.0052742213477294,0.1019396570618252,-0.987266430604482,0.012519944631518,0.9503922208691716,0.0120606649351718,True,0.2338971722895373,0.5771942462902262,0.3669347988792183,0.684399987520243,0.9774506835756954,0.8233876070008657,True,False,64,False,False,False,30,structured_source,structured_endpoint_collapse_not_legit,active_or_structured_endpoint_entry_observable,source_basin_eligible_nonactive_role,structured_endpoint_collapse_not_legit,True,structured_endpoint_collapse_not_legit,structured_endpoint_collapse_not_legit,source_basin_eligible_nonactive_role,active_or_structured_endpoint_entry_observable||source_basin_eligible_nonactive_role,structured_endpoint_collapse_not_legit,True
15011,26,prealigned_low_energy,structured_permuted_collapse,64,64,7.600747963896705e-05,0.0123233343072396,-0.9993985726703256,0.0003878025656742,6.103714127776518,0.1728204197545557,True,0.0884000261893255,0.3898819898415583,0.1574550296936816,1.4709517177309663,0.9991401871253373,0.9683921426757464,True,False,64,False,False,False,31,structured_source,structured_endpoint_collapse_not_legit,active_or_structured_endpoint_entry_observable,source_basin_eligible_nonactive_role,structured_endpoint_collapse_not_legit,True,structured_endpoint_collapse_not_legit,structured_endpoint_collapse_not_legit,source_basin_eligible_nonactive_role,active_or_structured_endpoint_entry_observable||source_basin_eligible_nonactive_role,structured_endpoint_collapse_not_legit,True
15011,26,ripple_wall,novel_noise_sink,64,64,5.9409650613766965e-06,0.0034016094515299,-0.9992287165034264,0.0005576587325737,1.2522102478688213,0.0247536939145748,True,0.1570914257726252,0.4890534817977243,0.2738787021416111,0.6880008817291906,0.9999621814746914,0.9930445041715706,True,False,64,False,False,False,27,rejected_or_broken_source,outside_basin_rejected,active_or_structured_endpoint_entry_observable,source_rejected_or_broken_role,outside_basin_rejected,True,structured_endpoint_collapse_not_legit,outside_basin_rejected,source_rejected_or_broken_role,active_or_structured_endpoint_entry_observable||source_rejected_or_broken_role,outside_basin_rejected,True
15101,18,prealigned_low_energy,wrong_sign,64,64,1.557242633176266,0.0600152661592625,0.7639832906161954,1.7637696658521955,12.875779355730137,0.6531753720668804,False,0.1653744984687019,0.503143602006527,0.2785597111882862,1.2174276006506828,-8.416461713185884,0.8807194090895651,False,False,64,False,False,False,34,rejected_or_broken_source,outside_basin_rejected,outside_basin_rejected_observable,source_rejected_or_broken_role,outside_basin_rejected,True,outside_basin_rejected,outside_basin_rejected,source_rejected_or_broken_role,outside_basin_rejected_observable||source_rejected_or_broken_role,outside_basin_rejected,True
15031,26,ripple_wall,novel_source_phase_flip,64,64,7.573339069442884e-07,0.0012264163856865,-0.9998891889646944,0.0001028137286942,1.1341665339692664,0.0168216908752453,True,0.2338971722895373,0.5771942462902262,0.3669347988792183,0.684399987520243,0.9999967621031944,0.9978752103047338,True,False,64,False,False,False,18,structured_source,structured_endpoint_collapse_not_legit,active_or_structured_endpoint_entry_observable,source_basin_eligible_nonactive_role,structured_endpoint_collapse_not_legit,True,structured_endpoint_collapse_not_legit,structured_endpoint_collapse_not_legit,source_basin_eligible_nonactive_role,active_or_structured_endpoint_entry_observable||source_basin_eligible_nonactive_role,structured_endpoint_collapse_not_legit,True
15031,26,ripple_wall,novel_signed_scramble_collapse,64,64,1.3347498890463584e-05,0.0051207827131875,-0.9990989291033852,0.0006874461326147,1.3472176551676924,0.0186619065107273,True,0.2338971722895373,0.5771942462902262,0.3669347988792183,0.684399987520243,0.9999429343255424,0.991128146638517,True,False,64,False,False,False,29,structured_source,structured_endpoint_collapse_not_legit,active_or_structured_endpoint_entry_observable,source_basin_eligible_nonactive_role,structured_endpoint_collapse_not_legit,True,structured_endpoint_collapse_not_legit,structured_endpoint_collapse_not_legit,source_basin_eligible_nonactive_role,active_or_structured_endpoint_entry_observable||source_basin_eligible_nonactive_role,structured_endpoint_collapse_not_legit,True
15101,18,oblique_triple,wrong_sign,64,64,1.400957563727136,0.1634373957501008,0.6661077826037761,1.665894157839776,12.725741488517984,0.7728322546527993,False,0.0829242603947468,0.3757000668104412,0.1571559117186612,2.218752069758618,-15.894423381555908,0.5649790612543919,False,False,64,False,False,False,33,rejected_or_broken_source,outside_basin_rejected,outside_basin_rejected_observable,source_rejected_or_broken_role,outside_basin_rejected,True,outside_basin_rejected,outside_basin_rejected,source_rejected_or_broken_role,outside_basin_rejected_observable||source_rejected_or_broken_role,outside_basin_rejected,True
15031,26,ripple_wall,structured_permuted_collapse,64,64,8.906420491987501e-06,0.0042125345797521,-0.9995267728508664,0.0002596023851335,1.8831137581017177,0.0444832461197648,True,0.2338971722895373,0.5771942462902262,0.3669347988792183,0.684399987520243,0.99996192163674,0.9927017037889412,True,False,64,False,False,False,31,structured_source,structured_endpoint_collapse_not_legit,active_or_structured_endpoint_entry_observable,source_basin_eligible_nonactive_role,structured_endpoint_collapse_not_legit,True,structured_endpoint_collapse_not_legit,structured_endpoint_collapse_not_legit,source_basin_eligible_nonactive_role,active_or_structured_endpoint_entry_observable||source_basin_eligible_nonactive_role,structured_endpoint_collapse_not_legit,True
15011,18,prealigned_low_energy,wrong_sign,64,64,1.9943570174838048,0.0066419728503135,0.99737909591662,1.99716547115262,14.931602733789848,0.8053048413770771,False,0.2172717186649622,0.5736714056808366,0.3247222746195546,1.3058851481434215,-8.17909164492305,0.9884219907327972,False,False,64,False,False,False,34,rejected_or_broken_source,outside_basin_rejected,outside_basin_rejected_observable,source_rejected_or_broken_role,outside_basin_rejected,True,outside_basin_rejected,outside_basin_rejected,source_rejected_or_broken_role,outside_basin_rejected_observable||source_rejected_or_broken_role,outside_basin_rejected,True
15011,18,prealigned_low_energy,novel_source_phase_flip,64,64,8.276614692806145e-07,0.0012833170104265,-0.999694612556707,9.176267929300597e-05,1.8429160313600543,0.0808511972331035,True,0.2172717186649622,0.5736714056808366,0.3247222746195546,1.3058851481434215,0.9999961906571442,0.9977629754617082,True,False,64,False,False,False,13,structured_source,structured_endpoint_collapse_not_legit,active_or_structured_endpoint_entry_observable,source_basin_eligible_nonactive_role,structured_endpoint_collapse_not_legit,True,structured_endpoint_collapse_not_legit,structured_endpoint_collapse_not_legit,source_basin_eligible_nonactive_role,active_or_structured_endpoint_entry_observable||source_basin_eligible_nonactive_role,structured_endpoint_collapse_not_legit,True
15011,18,prealigned_low_energy,novel_signed_scramble_collapse,64,64,0.0003583037313806,0.0266098296879651,-0.9968667131427444,0.0029196620932555,1.9547270380268316,0.075616454184242,True,0.2172717186649622,0.5736714056808366,0.3247222746195546,1.3058851481434215,0.9983508956684256,0.9536148578691348,True,False,64,False,False,False,29,structured_source,structured_endpoint_collapse_not_legit,active_or_structured_endpoint_entry_observable,source_basin_eligible_nonactive_role,structured_endpoint_collapse_not_legit,True,structured_endpoint_collapse_not_legit,structured_endpoint_collapse_not_legit,source_basin_eligible_nonactive_role,active_or_structured_endpoint_entry_observable||source_basin_eligible_nonactive_role,structured_endpoint_collapse_not_legit,True
15011,18,prealigned_low_energy,hold_broken,64,0,2.2637896426240794e-08,4.750935699757732e-06,-0.9999991032817824,0.0002127280457825,1.3058851481434215,0.0454883688937867,True,2.2637896426240794e-08,4.750935699757732e-06,0.0002127280457825,1.3058851481434215,0.0,0.0,True,True,64,True,True,True,0,rejected_or_broken_source,initial_basin_broken_hold_not_passive,initial_basin_no_motion_observable,source_rejected_or_broken_role,initial_basin_broken_hold_not_passive,True,passive_no_motion_basin_member,initial_basin_broken_hold_not_passive,source_rejected_or_broken_role,initial_basin_no_motion_observable||source_rejected_or_broken_role,initial_basin_broken_hold_not_passive,True
15011,18,prealigned_low_energy,random,64,64,0.7482300361761063,0.6805140449784896,0.016757134378432,1.016543509614432,1.2319630938766075,0.0450763165488866,False,0.2172717186649622,0.5736714056808366,0.3247222746195546,1.3058851481434215,-2.443752554502732,-0.1862436200226246,False,False,64,False,False,False,35,rejected_or_broken_source,outside_basin_rejected,outside_basin_rejected_observable,source_rejected_or_broken_role,outside_basin_rejected,True,outside_basin_rejected,outside_basin_rejected,source_rejected_or_broken_role,outside_basin_rejected_observable||source_rejected_or_broken_role,outside_basin_rejected,True
15031,26,phase_fault,novel_noise_sink,64,64,3.197335260594046e-06,0.0024948184643797,-0.9993733966034076,0.0004129786325923,1.3733182843306286,0.0366079907459765,True,0.0225638079510458,0.2033496834876571,0.0614534142872581,0.9255404404425182,0.9998582980201132,0.987731387516426,True,True,64,False,False,False,27,rejected_or_broken_source,outside_basin_rejected,initial_basin_active_motion_observable,source_rejected_or_broken_role,outside_basin_rejected,True,structured_endpoint_collapse_not_legit,outside_basin_rejected,source_rejected_or_broken_role,initial_basin_active_motion_observable||source_rejected_or_broken_role,outside_basin_rejected,True
15101,26,prealigned_low_energy,novel_source_phase_flip,64,64,5.67049015134805e-06,0.0033676371934199,-0.9997865654747944,1.902387943841788e-07,1.8810334341888817,0.0424718940286776,True,0.1448655787291072,0.4921115765215518,0.2180764859210806,1.2980146816835094,0.999960856877106,0.9931567608748062,True,False,64,False,False,False,32,structured_source,structured_endpoint_collapse_not_legit,active_or_structured_endpoint_entry_observable,source_basin_eligible_nonactive_role,structured_endpoint_collapse_not_legit,True,structured_endpoint_collapse_not_legit,structured_endpoint_collapse_not_legit,source_basin_eligible_nonactive_role,active_or_structured_endpoint_entry_observable||source_basin_eligible_nonactive_role,structured_endpoint_collapse_not_legit,True
15101,26,ripple_wall,novel_noise_sink,64,64,2.747871377717176e-06,0.0023330468235223,-0.999556951447594,0.0002294237884059,1.3482504986921755,0.0289546715599402,True,0.1264205167512996,0.4564670363607666,0.2109001617320808,0.6523444695933002,0.999978264031438,0.9948889040419704,True,False,64,False,False,False,27,rejected_or_broken_source,outside_basin_rejected,active_or_structured_endpoint_entry_observable,source_rejected_or_broken_role,outside_basin_rejected,True,structured_endpoint_collapse_not_legit,outside_basin_rejected,source_rejected_or_broken_role,active_or_structured_endpoint_entry_observable||source_rejected_or_broken_role,outside_basin_rejected,True
15053,18,oblique_triple,novel_noise_sink,64,64,0.0001730738471811,0.018547714607625,-0.998326931096474,0.0014594441395261,1.2114810926152544,0.0412564542683452,True,0.1135538860065097,0.4265799956539882,0.2124553584188049,2.818667051330227,0.9984758438987308,0.9565199615604428,True,False,64,False,False,False,28,rejected_or_broken_source,outside_basin_rejected,active_or_structured_endpoint_entry_observable,source_rejected_or_broken_role,outside_basin_rejected,True,structured_endpoint_collapse_not_legit,outside_basin_rejected,source_rejected_or_broken_role,active_or_structured_endpoint_entry_observable||source_rejected_or_broken_role,outside_basin_rejected,True
15101,26,ripple_wall,random,64,64,0.6287797223260696,0.709595854532542,-0.1314355429784552,0.8683508322575448,1.2645972453581251,0.037651149860239,False,0.1264205167512996,0.4564670363607666,0.2109001617320808,0.6523444695933002,-3.973715805631936,-0.5545390970382399,False,False,64,False,False,False,32,rejected_or_broken_source,outside_basin_rejected,outside_basin_rejected_observable,source_rejected_or_broken_role,outside_basin_rejected,True,outside_basin_rejected,outside_basin_rejected,source_rejected_or_broken_role,outside_basin_rejected_observable||source_rejected_or_broken_role,outside_basin_rejected,True
15011,18,broken_ring,novel_noise_sink,64,64,0.0003992276476289,0.0281906632917395,-0.9978520023584062,0.0019343728775937,1.5878464779411046,0.0804736645856751,True,0.2481125015805037,0.5993222864803011,0.3701861694999308,0.6789423354089656,0.9983909410203672,0.9529624311849796,True,False,64,False,False,False,28,rejected_or_broken_source,outside_basin_rejected,active_or_structured_endpoint_entry_observable,source_rejected_or_broken_role,outside_basin_rejected,True,structured_endpoint_collapse_not_legit,outside_basin_rejected,source_rejected_or_broken_role,active_or_structured_endpoint_entry_observable||source_rejected_or_broken_role,outside_basin_rejected,True
15011,26,broken_ring,novel_local_defect_repair,64,64,0.0368441690670793,0.2618544188226632,-0.9282279971297024,0.0715583781062977,0.7288863081827276,0.0138241525403577,False,0.1321948345338118,0.4711523060756206,0.2059251649198038,0.6101394314498042,0.7212888900104728,0.444225539286484,False,False,64,False,False,False,32,active_source,outside_basin_rejected,outside_basin_rejected_observable,source_active_role,outside_basin_rejected,True,outside_basin_rejected,outside_basin_rejected,source_active_role,outside_basin_rejected_observable||source_active_role,outside_basin_rejected,True
15101,26,phase_fault,structured_permuted_collapse,64,64,4.535285224738782e-05,0.0095204561492188,-0.999528268270621,0.0002581069653789,0.9754935324640436,0.0123888062836954,True,0.010979044715984,0.1427851405613445,0.039629446966179,0.9973965711032596,0.9958691439540974,0.933323200770588,True,True,64,False,False,False,30,structured_source,structured_endpoint_collapse_not_legit,initial_basin_active_motion_observable,source_basin_eligible_nonactive_role,structured_endpoint_collapse_not_legit,True,structured_endpoint_collapse_not_legit,structured_endpoint_collapse_not_legit,source_basin_eligible_nonactive_role,initial_basin_active_motion_observable||source_basin_eligible_nonactive_role,structured_endpoint_collapse_not_legit,True
15083,18,oblique_triple,structured_permuted_collapse,64,64,6.088306527318697e-06,0.003476686171568,-0.999487600539841,0.000298774696159,4.478899596689031,0.2119253828726912,True,0.0593437987784571,0.3225077761115955,0.1211459116291887,3.013566416642228,0.9998974061712844,0.9892198376905053,True,False,64,False,False,False,30,structured_source,structured_endpoint_collapse_not_legit,active_or_structured_endpoint_entry_observable,source_basin_eligible_nonactive_role,structured_endpoint_collapse_not_legit,True,structured_endpoint_collapse_not_legit,structured_endpoint_collapse_not_legit,source_basin_eligible_nonactive_role,active_or_structured_endpoint_entry_observable||source_basin_eligible_nonactive_role,structured_endpoint_collapse_not_legit,True
15101,26,ripple_wall,hold_broken,64,0,0.1264205167512996,0.4564670363607666,-0.7888862135039192,0.2109001617320808,0.6523444695933002,0.0086013047195451,False,0.1264205167512996,0.4564670363607666,0.2109001617320808,0.6523444695933002,0.0,0.0,False,False,64,True,True,True,0,rejected_or_broken_source,outside_basin_rejected,outside_basin_rejected_observable,source_rejected_or_broken_role,outside_basin_rejected,True,outside_basin_rejected,outside_basin_rejected,source_rejected_or_broken_role,outside_basin_rejected_observable||source_rejected_or_broken_role,outside_basin_rejected,True
15011,18,prealigned_low_energy,structured_permuted_collapse,64,64,1.916253641502741e-05,0.0061597884943864,-0.9991682502207492,0.0006181250152509,6.01089493244062,0.3356345610509047,True,0.2172717186649622,0.5736714056808366,0.3247222746195546,1.3058851481434215,0.9999118038116848,0.9892625143342028,True,False,64,False,False,False,26,structured_source,structured_endpoint_collapse_not_legit,active_or_structured_endpoint_entry_observable,source_basin_eligible_nonactive_role,structured_endpoint_collapse_not_legit,True,structured_endpoint_collapse_not_legit,structured_endpoint_collapse_not_legit,source_basin_eligible_nonactive_role,active_or_structured_endpoint_entry_observable||source_basin_eligible_nonactive_role,structured_endpoint_collapse_not_legit,True
15101,18,corner_sink,random,64,64,0.8568308649503542,0.7376571889803103,0.0816587696725965,1.0814451449085964,1.4010191749131418,0.0476345359553148,False,0.0612134486288007,0.3205914686045862,0.1401713505519446,2.8598384469837037,-12.997428410433,-1.300925823727478,False,False,64,False,False,False,40,rejected_or_broken_source,outside_basin_rejected,outside_basin_rejected_observable,source_rejected_or_broken_role,outside_basin_rejected,True,outside_basin_rejected,outside_basin_rejected,source_rejected_or_broken_role,outside_basin_rejected_observable||source_rejected_or_broken_role,outside_basin_rejected,True
15101,18,corner_sink,hold_broken,64,0,0.0612134486288007,0.3205914686045862,-0.8596150246840554,0.1401713505519446,2.8598384469837037,0.119928067156009,False,0.0612134486288007,0.3205914686045862,0.1401713505519446,2.8598384469837037,0.0,0.0,False,False,64,True,True,True,0,rejected_or_broken_source,outside_basin_rejected,outside_basin_rejected_observable,source_rejected_or_broken_role,outside_basin_rejected,True,outside_basin_rejected,outside_basin_rejected,source_rejected_or_broken_role,outside_basin_rejected_observable||source_rejected_or_broken_role,outside_basin_rejected,True
15083,26,corner_sink,random,64,64,0.6998972526965245,0.6848730567358903,-0.0350359403823602,0.9647504348536398,1.3090422924264864,0.0469713344041646,False,0.0506391514790633,0.3054672714351399,0.0892639291096754,3.1062732702306883,-12.821267383855648,-1.2420505264508108,False,False,64,False,False,False,36,rejected_or_broken_source,outside_basin_rejected,outside_basin_rejected_observable,source_rejected_or_broken_role,outside_basin_rejected,True,outside_basin_rejected,outside_basin_rejected,source_rejected_or_broken_role,outside_basin_rejected_observable||source_rejected_or_broken_role,outside_basin_rejected,True
15011,18,prealigned_low_energy,structured_anti_collapse,64,64,0.0002930388862919,0.0234220094115585,-0.9936636921877896,0.0061226830482102,1.1317052582402032,0.0250425579402121,True,0.2172717186649622,0.5736714056808366,0.3247222746195546,1.3058851481434215,0.99865127919505,0.9591717328411716,True,False,64,False,False,False,33,structured_source,structured_endpoint_collapse_not_legit,active_or_structured_endpoint_entry_observable,source_basin_eligible_nonactive_role,structured_endpoint_collapse_not_legit,True,structured_endpoint_collapse_not_legit,structured_endpoint_collapse_not_legit,source_basin_eligible_nonactive_role,active_or_structured_endpoint_entry_observable||source_basin_eligible_nonactive_role,structured_endpoint_collapse_not_legit,True
15031,18,broken_ring,structured_permuted_collapse,64,64,2.6952847057481327e-06,0.002317000199091,-0.9996377835508076,0.0001485916851925,1.8173510470913732,0.0664379103143102,True,0.3433308539011842,0.7000907306905201,0.4433223168345828,0.8847775059106214,0.9999921495965914,0.9966904286851472,True,False,64,False,False,False,30,structured_source,structured_endpoint_collapse_not_legit,active_or_structured_endpoint_entry_observable,source_basin_eligible_nonactive_role,structured_endpoint_collapse_not_legit,True,structured_endpoint_collapse_not_legit,structured_endpoint_collapse_not_legit,source_basin_eligible_nonactive_role,active_or_structured_endpoint_entry_observable||source_basin_eligible_nonactive_role,structured_endpoint_collapse_not_legit,True
15031,18,broken_ring,structured_anti_collapse,64,64,0.0013197058037829,0.0506682261181392,-0.9912927029084962,0.0084936723275037,1.6574442381679104,0.0552161221751694,True,0.3433308539011842,0.7000907306905201,0.4433223168345828,0.8847775059106214,0.9961561689263182,0.9276262005796144,True,False,64,False,False,False,34,structured_source,structured_endpoint_collapse_not_legit,active_or_structured_endpoint_entry_observable,source_basin_eligible_nonactive_role,structured_endpoint_collapse_not_legit,True,structured_endpoint_collapse_not_legit,structured_endpoint_collapse_not_legit,source_basin_eligible_nonactive_role,active_or_structured_endpoint_entry_observable||source_basin_eligible_nonactive_role,structured_endpoint_collapse_not_legit,True
15101,18,corner_sink,novel_noise_sink,64,64,9.214979697587398e-05,0.0134320883780661,-0.9978169601564476,0.0019694150795522,1.2041709471698625,0.0343264009650074,True,0.0612134486288007,0.3205914686045862,0.1401713505519446,2.8598384469837037,0.9984946151533928,0.9581021652338751,True,False,64,False,False,False,28,rejected_or_broken_source,outside_basin_rejected,active_or_structured_endpoint_entry_observable,source_rejected_or_broken_role,outside_basin_rejected,True,structured_endpoint_collapse_not_legit,outside_basin_rejected,source_rejected_or_broken_role,active_or_structured_endpoint_entry_observable||source_rejected_or_broken_role,outside_basin_rejected,True
15011,26,broken_ring,novel_source_phase_flip,64,64,1.351501727917107e-06,0.0016343508319264,-0.9996077672462136,0.0001786079897863,1.2382536739811094,0.0168479524288508,True,0.1321948345338118,0.4711523060756206,0.2059251649198038,0.6101394314498042,0.9999897764331512,0.996531162403648,True,False,64,False,False,False,27,structured_source,structured_endpoint_collapse_not_legit,active_or_structured_endpoint_entry_observable,source_basin_eligible_nonactive_role,structured_endpoint_collapse_not_legit,True,structured_endpoint_collapse_not_legit,structured_endpoint_collapse_not_legit,source_basin_eligible_nonactive_role,active_or_structured_endpoint_entry_observable||source_basin_eligible_nonactive_role,structured_endpoint_collapse_not_legit,True
15011,26,broken_ring,structured_permuted_collapse,64,64,3.2213301180536487e-06,0.0025278117443586,-0.9995565317649382,0.0002298434710618,1.7479368068961296,0.031590030918896,True,0.1321948345338118,0.4711523060756206,0.2059251649198038,0.6101394314498042,0.9999756319440968,0.9946348310031458,True,False,64,False,False,False,30,structured_source,structured_endpoint_collapse_not_legit,active_or_structured_endpoint_entry_observable,source_basin_eligible_nonactive_role,structured_endpoint_collapse_not_legit,True,structured_endpoint_collapse_not_legit,structured_endpoint_collapse_not_legit,source_basin_eligible_nonactive_role,active_or_structured_endpoint_entry_observable||source_basin_eligible_nonactive_role,structured_endpoint_collapse_not_legit,True
15083,26,corner_sink,novel_noise_sink,64,64,2.616588638967233e-06,0.0022616318804944,-0.9994425751268294,0.0003438001091705,1.6968409299711191,0.0555778288650629,True,0.0506391514790633,0.3054672714351399,0.0892639291096754,3.1062732702306883,0.999948328722688,0.9925961564691972,True,False,64,False,False,False,27,rejected_or_broken_source,outside_basin_rejected,active_or_structured_endpoint_entry_observable,source_rejected_or_broken_role,outside_basin_rejected,True,structured_endpoint_collapse_not_legit,outside_basin_rejected,source_rejected_or_broken_role,active_or_structured_endpoint_entry_observable||source_rejected_or_broken_role,outside_basin_rejected,True
15011,26,broken_ring,structured_anti_collapse,64,64,0.0014475558501597,0.0536388543571061,-0.9955455022625858,0.0042408729734142,0.9026873511417404,0.0105363768924445,True,0.1321948345338118,0.4711523060756206,0.2059251649198038,0.6101394314498042,0.9890498304547706,0.8861538961683801,True,False,64,False,False,False,38,structured_source,structured_endpoint_collapse_not_legit,active_or_structured_endpoint_entry_observable,source_basin_eligible_nonactive_role,structured_endpoint_collapse_not_legit,True,structured_endpoint_collapse_not_legit,structured_endpoint_collapse_not_legit,source_basin_eligible_nonactive_role,active_or_structured_endpoint_entry_observable||source_basin_eligible_nonactive_role,structured_endpoint_collapse_not_legit,True
15101,26,prealigned_low_energy,novel_signed_scramble_collapse,64,64,2.101074092239213e-05,0.0063838772317832,-0.9986605007606236,0.0011258744753763,1.8601309730927245,0.0286889651790562,True,0.1448655787291072,0.4921115765215518,0.2180764859210806,1.2980146816835094,0.999854963876812,0.9870275816758992,True,False,64,False,False,False,31,structured_source,structured_endpoint_collapse_not_legit,active_or_structured_endpoint_entry_observable,source_basin_eligible_nonactive_role,structured_endpoint_collapse_not_legit,True,structured_endpoint_collapse_not_legit,structured_endpoint_collapse_not_legit,source_basin_eligible_nonactive_role,active_or_structured_endpoint_entry_observable||source_basin_eligible_nonactive_role,structured_endpoint_collapse_not_legit,True
15011,26,broken_ring,wrong_sign,64,64,1.955753706789473,0.0035780615731397,0.9779635106328692,1.977749885868869,24.8284267281322,0.9437347323424916,False,0.1321948345338118,0.4711523060756206,0.2059251649198038,0.6101394314498042,-13.79447902539225,0.9924057220393656,False,False,64,False,False,False,36,rejected_or_broken_source,outside_basin_rejected,outside_basin_rejected_observable,source_rejected_or_broken_role,outside_basin_rejected,True,outside_basin_rejected,outside_basin_rejected,source_rejected_or_broken_role,outside_basin_rejected_observable||source_rejected_or_broken_role,outside_basin_rejected,True
15083,26,corner_sink,hold_broken,64,0,0.0506391514790633,0.3054672714351399,-0.9105224461263246,0.0892639291096754,3.1062732702306883,0.060008429178597,False,0.0506391514790633,0.3054672714351399,0.0892639291096754,3.1062732702306883,0.0,0.0,False,False,64,True,True,True,0,rejected_or_broken_source,outside_basin_rejected,outside_basin_rejected_observable,source_rejected_or_broken_role,outside_basin_rejected,True,outside_basin_rejected,outside_basin_rejected,source_rejected_or_broken_role,outside_basin_rejected_observable||source_rejected_or_broken_role,outside_basin_rejected,True
15011,26,broken_ring,novel_signed_scramble_collapse,64,64,1.1839526292702584e-05,0.0048329310318559,-0.999219074410398,0.000567300825602,1.297451075749768,0.0193320387982686,True,0.1321948345338118,0.4711523060756206,0.2059251649198038,0.6101394314498042,0.999910438805462,0.9897423169312262,True,False,64,False,False,False,30,structured_source,structured_endpoint_collapse_not_legit,active_or_structured_endpoint_entry_observable,source_basin_eligible_nonactive_role,structured_endpoint_collapse_not_legit,True,structured_endpoint_collapse_not_legit,structured_endpoint_collapse_not_legit,source_basin_eligible_nonactive_role,active_or_structured_endpoint_entry_observable||source_basin_eligible_nonactive_role,structured_endpoint_collapse_not_legit,True
15053,18,oblique_triple,hold_broken,64,0,0.1135538860065097,0.4265799956539882,-0.7873310168171951,0.2124553584188049,2.818667051330227,0.1042639174899844,False,0.1135538860065097,0.4265799956539882,0.2124553584188049,2.818667051330227,0.0,0.0,False,False,64,True,True,True,0,rejected_or_broken_source,outside_basin_rejected,outside_basin_rejected_observable,source_rejected_or_broken_role,outside_basin_rejected,True,outside_basin_rejected,outside_basin_rejected,source_rejected_or_broken_role,outside_basin_rejected_observable||source_rejected_or_broken_role,outside_basin_rejected,True
15053,26,phase_fault,novel_signed_scramble_collapse,64,64,1.4253267949531363,0.5408758766097298,0.5996219141035073,1.5994082893395074,0.965194231746881,0.0080864376965143,False,0.0227609436177898,0.2064419048743061,0.0538853147661554,0.9071357120899028,-61.62160386784164,-1.619990727839033,False,True,64,False,False,False,64,structured_source,structured_source_failed_basin_entry,structured_origin_failed_basin_observable,source_basin_eligible_nonactive_role,structured_source_failed_basin_entry,True,structured_source_failed_basin_entry,structured_source_failed_basin_entry,source_basin_eligible_nonactive_role,structured_origin_failed_basin_observable||source_basin_eligible_nonactive_role,structured_source_failed_basin_entry,True
15101,18,prealigned_low_energy,hold_broken,64,0,2.2610786644711257e-08,5.19763270587684e-06,-0.9999989653531356,0.0002125901171354,1.2174276006506828,0.0514952313630479,True,2.2610786644711257e-08,5.19763270587684e-06,0.0002125901171354,1.2174276006506828,0.0,0.0,True,True,64,True,True,True,0,rejected_or_broken_source,initial_basin_broken_hold_not_passive,initial_basin_no_motion_observable,source_rejected_or_broken_role,initial_basin_broken_hold_not_passive,True,passive_no_motion_basin_member,initial_basin_broken_hold_not_passive,source_rejected_or_broken_role,initial_basin_no_motion_observable||source_rejected_or_broken_role,initial_basin_broken_hold_not_passive,True
15101,18,prealigned_low_energy,novel_noise_sink,64,64,0.0002441556561806,0.0219395231221297,-0.9971465575273756,0.0026398177086243,1.195526651974283,0.0362517412718103,True,0.1653744984687019,0.503143602006527,0.2785597111882862,1.2174276006506828,0.998523619666636,0.95639510661451,True,False,64,False,False,False,25,rejected_or_broken_source,outside_basin_rejected,active_or_structured_endpoint_entry_observable,source_rejected_or_broken_role,outside_basin_rejected,True,structured_endpoint_collapse_not_legit,outside_basin_rejected,source_rejected_or_broken_role,active_or_structured_endpoint_entry_observable||source_rejected_or_broken_role,outside_basin_rejected,True
15083,26,prealigned_low_energy,structured_permuted_collapse,64,64,9.584619053348855e-05,0.013812723658268,-0.9988371406984382,0.0009492345375617,5.728642072772046,0.2063414658505424,True,0.1021324349286304,0.4130094766718662,0.1835430250281714,1.6013556364855583,0.9990615499219272,0.9665559159306926,True,False,64,False,False,False,30,structured_source,structured_endpoint_collapse_not_legit,active_or_structured_endpoint_entry_observable,source_basin_eligible_nonactive_role,structured_endpoint_collapse_not_legit,True,structured_endpoint_collapse_not_legit,structured_endpoint_collapse_not_legit,source_basin_eligible_nonactive_role,active_or_structured_endpoint_entry_observable||source_basin_eligible_nonactive_role,structured_endpoint_collapse_not_legit,True
15101,18,oblique_triple,random,64,64,0.8621392070574571,0.736935462011536,0.0870459664546391,1.0868323416906391,1.382977961147427,0.0482191251769625,False,0.0829242603947468,0.3757000668104412,0.1571559117186612,2.218752069758618,-9.396706620523272,-0.9614994169867792,False,False,64,False,False,False,37,rejected_or_broken_source,outside_basin_rejected,outside_basin_rejected_observable,source_rejected_or_broken_role,outside_basin_rejected,True,outside_basin_rejected,outside_basin_rejected,source_rejected_or_broken_role,outside_basin_rejected_observable||source_rejected_or_broken_role,outside_basin_rejected,True
15011,18,phase_fault,structured_anti_collapse,64,64,0.0003580518883001,0.0251849246907032,-0.9907407495017588,0.0090456257342412,1.1471536820088597,0.0268061193028312,True,0.0317103996068984,0.2341639936581545,0.0926715883529613,0.8985435112670648,0.9887086919834652,0.8924474924681971,True,False,64,False,False,False,29,structured_source,structured_endpoint_collapse_not_legit,active_or_structured_endpoint_entry_observable,source_basin_eligible_nonactive_role,structured_endpoint_collapse_not_legit,True,structured_endpoint_collapse_not_legit,structured_endpoint_collapse_not_legit,source_basin_eligible_nonactive_role,active_or_structured_endpoint_entry_observable||source_basin_eligible_nonactive_role,structured_endpoint_collapse_not_legit,True
15101,18,ripple_wall,structured_permuted_collapse,64,64,2.6374305740459656e-06,0.0022964026740046,-0.9997490133982988,3.736183770131074e-05,1.868405970481032,0.0763468532638926,True,0.2724230936565727,0.6020527292661083,0.4270581909955311,0.7332043205643393,0.9999903186196932,0.9961857117103344,True,False,64,False,False,False,29,structured_source,structured_endpoint_collapse_not_legit,active_or_structured_endpoint_entry_observable,source_basin_eligible_nonactive_role,structured_endpoint_collapse_not_legit,True,structured_endpoint_collapse_not_legit,structured_endpoint_collapse_not_legit,source_basin_eligible_nonactive_role,active_or_structured_endpoint_entry_observable||source_basin_eligible_nonactive_role,structured_endpoint_collapse_not_legit,True
15101,18,ripple_wall,structured_anti_collapse,64,64,0.0001217733468832,0.0149913926988074,-0.9954499206107748,0.0043364546252252,1.250268566295635,0.0341698727468338,True,0.2724230936565727,0.6020527292661083,0.4270581909955311,0.7332043205643393,0.9995529991740116,0.975099535354558,True,False,64,False,False,False,29,structured_source,structured_endpoint_collapse_not_legit,active_or_structured_endpoint_entry_observable,source_basin_eligible_nonactive_role,structured_endpoint_collapse_not_legit,True,structured_endpoint_collapse_not_legit,structured_endpoint_collapse_not_legit,source_basin_eligible_nonactive_role,active_or_structured_endpoint_entry_observable||source_basin_eligible_nonactive_role,structured_endpoint_collapse_not_legit,True
15101,18,oblique_triple,hold_broken,64,0,0.0829242603947468,0.3757000668104412,-0.8426304635173387,0.1571559117186612,2.218752069758618,0.0889282121745412,False,0.0829242603947468,0.3757000668104412,0.1571559117186612,2.218752069758618,0.0,0.0,False,False,64,True,True,True,0,rejected_or_broken_source,outside_basin_rejected,outside_basin_rejected_observable,source_rejected_or_broken_role,outside_basin_rejected,True,outside_basin_rejected,outside_basin_rejected,source_rejected_or_broken_role,outside_basin_rejected_observable||source_rejected_or_broken_role,outside_basin_rejected,True
15083,26,phase_fault,wrong_sign,64,64,1.9082837379738704,0.0202013435475501,0.9537128906114728,1.9534992658474728,22.387344781524277,0.8130313332955938,False,0.0219391755835587,0.2022951394777755,0.0543601665816506,0.943471430784264,-85.98064932384976,0.9001392539603277,False,True,64,False,False,False,32,rejected_or_broken_source,outside_basin_rejected,outside_basin_rejected_observable,source_rejected_or_broken_role,outside_basin_rejected,True,outside_basin_rejected,outside_basin_rejected,source_rejected_or_broken_role,outside_basin_rejected_observable||source_rejected_or_broken_role,outside_basin_rejected,True
15011,26,ripple_wall,novel_signed_scramble_collapse,64,64,0.000279976547138,0.0236493400943163,-0.9989728597908444,0.0008135154451557,1.363662044422895,0.0191677483786912,True,0.1570914257726252,0.4890534817977243,0.2738787021416111,0.6880008817291906,0.9982177477430147,0.95164263015093,True,False,64,False,False,False,34,structured_source,structured_endpoint_collapse_not_legit,active_or_structured_endpoint_entry_observable,source_basin_eligible_nonactive_role,structured_endpoint_collapse_not_legit,True,structured_endpoint_collapse_not_legit,structured_endpoint_collapse_not_legit,source_basin_eligible_nonactive_role,active_or_structured_endpoint_entry_observable||source_basin_eligible_nonactive_role,structured_endpoint_collapse_not_legit,True
15011,18,phase_fault,structured_permuted_collapse,64,64,1.7891376434904236e-05,0.0058859657685678,-0.998719529492204,0.001066845743796,0.9650764665828512,0.0179226388929372,True,0.0317103996068984,0.2341639936581545,0.0926715883529613,0.8985435112670648,0.9994357883326564,0.974863916191422,True,False,64,False,False,False,31,structured_source,structured_endpoint_collapse_not_legit,active_or_structured_endpoint_entry_observable,source_basin_eligible_nonactive_role,structured_endpoint_collapse_not_legit,True,structured_endpoint_collapse_not_legit,structured_endpoint_collapse_not_legit,source_basin_eligible_nonactive_role,active_or_structured_endpoint_entry_observable||source_basin_eligible_nonactive_role,structured_endpoint_collapse_not_legit,True
15011,26,ripple_wall,hold_broken,64,0,0.1570914257726252,0.4890534817977243,-0.7259076730943889,0.2738787021416111,0.6880008817291906,0.0136302950113919,False,0.1570914257726252,0.4890534817977243,0.2738787021416111,0.6880008817291906,0.0,0.0,False,False,64,True,True,True,0,rejected_or_broken_source,outside_basin_rejected,outside_basin_rejected_observable,source_rejected_or_broken_role,outside_basin_rejected,True,outside_basin_rejected,outside_basin_rejected,source_rejected_or_broken_role,outside_basin_rejected_observable||source_rejected_or_broken_role,outside_basin_rejected,True
15101,18,oblique_triple,novel_noise_sink,64,64,9.75814058993908e-05,0.0137753903642742,-0.9974622771075548,0.0023240981284452,1.1799152895439715,0.0376024572382087,True,0.0829242603947468,0.3757000668104412,0.1571559117186612,2.218752069758618,0.9988232465814744,0.9633340752846128,True,False,64,False,False,False,24,rejected_or_broken_source,outside_basin_rejected,active_or_structured_endpoint_entry_observable,source_rejected_or_broken_role,outside_basin_rejected,True,structured_endpoint_collapse_not_legit,outside_basin_rejected,source_rejected_or_broken_role,active_or_structured_endpoint_entry_observable||source_rejected_or_broken_role,outside_basin_rejected,True
15011,26,ripple_wall,wrong_sign,64,64,1.0883736287347916,0.1727611720461262,0.4654442669848184,1.4652306422208183,21.259303054717897,0.8458187637865244,False,0.1570914257726252,0.4890534817977243,0.2738787021416111,0.6880008817291906,-5.928281562000588,0.6467438051729727,False,False,64,False,False,False,35,rejected_or_broken_source,outside_basin_rejected,outside_basin_rejected_observable,source_rejected_or_broken_role,outside_basin_rejected,True,outside_basin_rejected,outside_basin_rejected,source_rejected_or_broken_role,outside_basin_rejected_observable||source_rejected_or_broken_role,outside_basin_rejected,True
15011,26,ripple_wall,random,64,64,0.7796335202974112,0.7162898107763426,0.023050829588313,1.022837204824313,1.332136717284015,0.0323761933570628,False,0.1570914257726252,0.4890534817977243,0.2738787021416111,0.6880008817291906,-3.962928539600201,-0.4646451511659824,False,False,64,False,False,False,34,rejected_or_broken_source,outside_basin_rejected,outside_basin_rejected_observable,source_rejected_or_broken_role,outside_basin_rejected,True,outside_basin_rejected,outside_basin_rejected,source_rejected_or_broken_role,outside_basin_rejected_observable||source_rejected_or_broken_role,outside_basin_rejected,True
15101,18,corner_sink,wrong_sign,64,64,1.9837862068758731,0.0133821342870866,0.9920452773475382,1.9918316525835384,16.01847216098565,0.8679177999170935,False,0.0612134486288007,0.3205914686045862,0.1401713505519446,2.8598384469837037,-31.40768575013922,0.9582579837626616,False,False,64,False,False,False,34,rejected_or_broken_source,outside_basin_rejected,outside_basin_rejected_observable,source_rejected_or_broken_role,outside_basin_rejected,True,outside_basin_rejected,outside_basin_rejected,source_rejected_or_broken_role,outside_basin_rejected_observable||source_rejected_or_broken_role,outside_basin_rejected,True
15101,26,prealigned_low_energy,random,64,64,0.6223885515667269,0.7100963623453735,-0.1392398864759087,0.8605464887600913,1.2293041188003473,0.0312592019453648,False,0.1448655787291072,0.4921115765215518,0.2180764859210806,1.2980146816835094,-3.296317710691454,-0.4429580530581811,False,False,64,False,False,False,35,rejected_or_broken_source,outside_basin_rejected,outside_basin_rejected_observable,source_rejected_or_broken_role,outside_basin_rejected,True,outside_basin_rejected,outside_basin_rejected,source_rejected_or_broken_role,outside_basin_rejected_observable||source_rejected_or_broken_role,outside_basin_rejected,True
15101,18,corner_sink,novel_source_phase_flip,64,64,9.472741965726148e-07,0.0013739957719926,-0.9998681310412474,8.175580524738546e-05,2.929848671441132,0.1517951627088499,True,0.0612134486288007,0.3205914686045862,0.1401713505519446,2.8598384469837037,0.999984525047718,0.995714184850368,True,False,64,False,False,False,29,structured_source,structured_endpoint_collapse_not_legit,active_or_structured_endpoint_entry_observable,source_basin_eligible_nonactive_role,structured_endpoint_collapse_not_legit,True,structured_endpoint_collapse_not_legit,structured_endpoint_collapse_not_legit,source_basin_eligible_nonactive_role,active_or_structured_endpoint_entry_observable||source_basin_eligible_nonactive_role,structured_endpoint_collapse_not_legit,True
15053,18,oblique_triple,novel_signed_scramble_collapse,64,64,1.714668960219807e-05,0.005774496757873,-0.9988124315016343,0.0009739437343655,1.9853721268352835,0.0775527961404348,True,0.1135538860065097,0.4265799956539882,0.2124553584188049,2.818667051330227,0.9998489995260834,0.9864632734359552,True,False,64,False,False,False,28,structured_source,structured_endpoint_collapse_not_legit,active_or_structured_endpoint_entry_observable,source_basin_eligible_nonactive_role,structured_endpoint_collapse_not_legit,True,structured_endpoint_collapse_not_legit,structured_endpoint_collapse_not_legit,source_basin_eligible_nonactive_role,active_or_structured_endpoint_entry_observable||source_basin_eligible_nonactive_role,structured_endpoint_collapse_not_legit,True
15101,26,prealigned_low_energy,wrong_sign,64,64,1.2294865418111334,0.4246052701385941,0.5097444949991198,1.5095308702351198,18.436536982280696,0.5652460711800252,False,0.1448655787291072,0.4921115765215518,0.2180764859210806,1.2980146816835094,-7.487085424914749,0.1371768306284989,False,False,64,False,False,False,32,rejected_or_broken_source,outside_basin_rejected,outside_basin_rejected_observable,source_rejected_or_broken_role,outside_basin_rejected,True,outside_basin_rejected,outside_basin_rejected,source_rejected_or_broken_role,outside_basin_rejected_observable||source_rejected_or_broken_role,outside_basin_rejected,True
15031,18,broken_ring,novel_source_phase_flip,64,64,3.860541373540035e-06,0.0027482985097377,-0.9993765727854784,0.0004098024505215,1.2775649043957296,0.0323468233807683,True,0.3433308539011842,0.7000907306905201,0.4433223168345828,0.8847775059106214,0.9999887556206218,0.9960743680922286,True,False,64,False,False,False,23,structured_source,structured_endpoint_collapse_not_legit,active_or_structured_endpoint_entry_observable,source_basin_eligible_nonactive_role,structured_endpoint_collapse_not_legit,True,structured_endpoint_collapse_not_legit,structured_endpoint_collapse_not_legit,source_basin_eligible_nonactive_role,active_or_structured_endpoint_entry_observable||source_basin_eligible_nonactive_role,structured_endpoint_collapse_not_legit,True
15031,26,phase_fault,hold_broken,64,0,0.0225638079510458,0.2033496834876571,-0.938332960948742,0.0614534142872581,0.9255404404425182,0.0067841826443326,True,0.0225638079510458,0.2033496834876571,0.0614534142872581,0.9255404404425182,0.0,0.0,True,True,64,True,True,True,0,rejected_or_broken_source,initial_basin_broken_hold_not_passive,initial_basin_no_motion_observable,source_rejected_or_broken_role,initial_basin_broken_hold_not_passive,True,passive_no_motion_basin_member,initial_basin_broken_hold_not_passive,source_rejected_or_broken_role,initial_basin_no_motion_observable||source_rejected_or_broken_role,initial_basin_broken_hold_not_passive,True
15101,18,corner_sink,novel_signed_scramble_collapse,64,64,6.55260883240524e-06,0.0035309011678367,-0.9989876546291668,0.000798720606833,2.36276483556481,0.1112496123332086,True,0.0612134486288007,0.3205914686045862,0.1401713505519446,2.8598384469837037,0.999892954734963,0.9889862909197354,True,False,64,False,False,False,30,structured_source,structured_endpoint_collapse_not_legit,active_or_structured_endpoint_entry_observable,source_basin_eligible_nonactive_role,structured_endpoint_collapse_not_legit,True,structured_endpoint_collapse_not_legit,structured_endpoint_collapse_not_legit,source_basin_eligible_nonactive_role,active_or_structured_endpoint_entry_observable||source_basin_eligible_nonactive_role,structured_endpoint_collapse_not_legit,True
15053,18,oblique_triple,wrong_sign,64,64,1.9519715906083817,0.0087313772886319,0.976034199681522,1.975820574917522,16.225475170997967,0.8901945558648683,False,0.1135538860065097,0.4265799956539882,0.2124553584188049,2.818667051330227,-16.1898264272549,0.9795316766408012,False,False,64,False,False,False,34,rejected_or_broken_source,outside_basin_rejected,outside_basin_rejected_observable,source_rejected_or_broken_role,outside_basin_rejected,True,outside_basin_rejected,outside_basin_rejected,source_rejected_or_broken_role,outside_basin_rejected_observable||source_rejected_or_broken_role,outside_basin_rejected,True
15011,26,broken_ring,random,64,64,0.7815962387225414,0.719605944190127,0.0226419902406815,1.0224283654766817,1.303465310216142,0.0274992964755627,False,0.1321948345338118,0.4711523060756206,0.2059251649198038,0.6101394314498042,-4.912456727026786,-0.5273318944004105,False,False,64,False,False,False,37,rejected_or_broken_source,outside_basin_rejected,outside_basin_rejected_observable,source_rejected_or_broken_role,outside_basin_rejected,True,outside_basin_rejected,outside_basin_rejected,source_rejected_or_broken_role,outside_basin_rejected_observable||source_rejected_or_broken_role,outside_basin_rejected,True
15011,26,broken_ring,hold_broken,64,0,0.1321948345338118,0.4711523060756206,-0.7938612103161962,0.2059251649198038,0.6101394314498042,0.0110582484380258,False,0.1321948345338118,0.4711523060756206,0.2059251649198038,0.6101394314498042,0.0,0.0,False,False,64,True,True,True,0,rejected_or_broken_source,outside_basin_rejected,outside_basin_rejected_observable,source_rejected_or_broken_role,outside_basin_rejected,True,outside_basin_rejected,outside_basin_rejected,source_rejected_or_broken_role,outside_basin_rejected_observable||source_rejected_or_broken_role,outside_basin_rejected,True
15031,18,broken_ring,novel_signed_scramble_collapse,64,64,1.2562970190067767e-05,0.0049070558395032,-0.9987632704671066,0.0010231047688934,1.3636804577803407,0.0492380735250681,True,0.3433308539011842,0.7000907306905201,0.4433223168345828,0.8847775059106214,0.999963408557526,0.9929908287235052,True,False,64,False,False,False,27,structured_source,structured_endpoint_collapse_not_legit,active_or_structured_endpoint_entry_observable,source_basin_eligible_nonactive_role,structured_endpoint_collapse_not_legit,True,structured_endpoint_collapse_not_legit,structured_endpoint_collapse_not_legit,source_basin_eligible_nonactive_role,active_or_structured_endpoint_entry_observable||source_basin_eligible_nonactive_role,structured_endpoint_collapse_not_legit,True
15031,26,broken_ring,structured_permuted_collapse,64,64,1.4197768913545612e-05,0.0053220700739107,-0.9995197144862166,0.0002666607497834,1.7246372633520597,0.0290370059377131,True,0.2666418866859561,0.6334585701040089,0.3633373271956747,0.7337899067098144,0.9999467534148896,0.991598392813553,True,False,64,False,False,False,32,structured_source,structured_endpoint_collapse_not_legit,active_or_structured_endpoint_entry_observable,source_basin_eligible_nonactive_role,structured_endpoint_collapse_not_legit,True,structured_endpoint_collapse_not_legit,structured_endpoint_collapse_not_legit,source_basin_eligible_nonactive_role,active_or_structured_endpoint_entry_observable||source_basin_eligible_nonactive_role,structured_endpoint_collapse_not_legit,True
15101,26,phase_fault,structured_anti_collapse,64,64,0.0021425366517348,0.0644188991621928,-0.988155436572208,0.011630938663792,1.2719701206310363,0.018416483098648,True,0.010979044715984,0.1427851405613445,0.039629446966179,0.9973965711032596,0.8048521790406385,0.5488403141287278,True,True,64,False,False,False,29,structured_source,structured_endpoint_collapse_not_legit,initial_basin_active_motion_observable,source_basin_eligible_nonactive_role,structured_endpoint_collapse_not_legit,True,structured_endpoint_collapse_not_legit,structured_endpoint_collapse_not_legit,source_basin_eligible_nonactive_role,initial_basin_active_motion_observable||source_basin_eligible_nonactive_role,structured_endpoint_collapse_not_legit,True
15053,18,oblique_triple,random,64,64,0.7873322321390128,0.723225412364294,0.0256937402165241,1.0254801154525242,1.1715559422555155,0.0353239613312772,False,0.1135538860065097,0.4265799956539882,0.2124553584188049,2.818667051330227,-5.9335560395347775,-0.6954039564251587,False,False,64,False,False,False,37,rejected_or_broken_source,outside_basin_rejected,outside_basin_rejected_observable,source_rejected_or_broken_role,outside_basin_rejected,True,outside_basin_rejected,outside_basin_rejected,source_rejected_or_broken_role,outside_basin_rejected_observable||source_rejected_or_broken_role,outside_basin_rejected,True
15011,26,broken_ring,novel_noise_sink,64,64,0.0001512179564926,0.0173758353486472,-0.9990678636341324,0.0007185116018676,1.1644897282694189,0.0205445487845555,True,0.1321948345338118,0.4711523060756206,0.2059251649198038,0.6101394314498042,0.998856097834497,0.9631205554434418,True,False,64,False,False,False,25,rejected_or_broken_source,outside_basin_rejected,active_or_structured_endpoint_entry_observable,source_rejected_or_broken_role,outside_basin_rejected,True,structured_endpoint_collapse_not_legit,outside_basin_rejected,source_rejected_or_broken_role,active_or_structured_endpoint_entry_observable||source_rejected_or_broken_role,outside_basin_rejected,True
15011,18,phase_fault,random,64,64,0.7261410254597195,0.6747710628479641,-0.0013044957497131,0.9984818794862867,1.222996561711132,0.0468245293962008,False,0.0317103996068984,0.2341639936581545,0.0926715883529613,0.8985435112670648,-21.89914458472643,-1.8816175036335872,False,False,64,False,False,False,41,rejected_or_broken_source,outside_basin_rejected,outside_basin_rejected_observable,source_rejected_or_broken_role,outside_basin_rejected,True,outside_basin_rejected,outside_basin_rejected,source_rejected_or_broken_role,outside_basin_rejected_observable||source_rejected_or_broken_role,outside_basin_rejected,True
15011,18,phase_fault,novel_source_phase_flip,64,64,0.000358371585874,0.0266123479096915,-0.9968664248114756,0.0029199504245244,0.927521201045438,0.0122008562881999,True,0.0317103996068984,0.2341639936581545,0.0926715883529613,0.8985435112670648,0.9886986101939628,0.8863516653656494,True,False,64,False,False,False,38,structured_source,structured_endpoint_collapse_not_legit,active_or_structured_endpoint_entry_observable,source_basin_eligible_nonactive_role,structured_endpoint_collapse_not_legit,True,structured_endpoint_collapse_not_legit,structured_endpoint_collapse_not_legit,source_basin_eligible_nonactive_role,active_or_structured_endpoint_entry_observable||source_basin_eligible_nonactive_role,structured_endpoint_collapse_not_legit,True
15011,18,phase_fault,novel_signed_scramble_collapse,64,64,1.346903698707608,0.5829129678943465,0.5344951730059843,1.5342815482419845,0.9704041953663952,0.0161925453046686,False,0.0317103996068984,0.2341639936581545,0.0926715883529613,0.8985435112670648,-41.47514113234698,-1.4893364636743665,False,False,64,False,False,False,64,structured_source,structured_source_failed_basin_entry,structured_origin_failed_basin_observable,source_basin_eligible_nonactive_role,structured_source_failed_basin_entry,True,structured_source_failed_basin_entry,structured_source_failed_basin_entry,source_basin_eligible_nonactive_role,structured_origin_failed_basin_observable||source_basin_eligible_nonactive_role,structured_source_failed_basin_entry,True
15011,26,prealigned_low_energy,structured_anti_collapse,64,64,4.168661103886065e-05,0.008956221045539,-0.998008925753971,0.0017774494820289,0.9984116061671696,0.0099108558463655,True,0.0884000261893255,0.3898819898415583,0.1574550296936816,1.4709517177309663,0.9995284321302224,0.977028379663919,True,False,64,False,False,False,42,structured_source,structured_endpoint_collapse_not_legit,active_or_structured_endpoint_entry_observable,source_basin_eligible_nonactive_role,structured_endpoint_collapse_not_legit,True,structured_endpoint_collapse_not_legit,structured_endpoint_collapse_not_legit,source_basin_eligible_nonactive_role,active_or_structured_endpoint_entry_observable||source_basin_eligible_nonactive_role,structured_endpoint_collapse_not_legit,True
15083,18,ripple_wall,novel_noise_sink,64,64,1.061838267508192e-05,0.0045264738616715,-0.9989216210918828,0.0008647541441172,1.7607985092148588,0.115001519154624,True,0.1911071708579415,0.5258841823725228,0.3250541007990304,0.8457591115170825,0.9999444375445078,0.99139264116627,True,False,64,False,False,False,30,rejected_or_broken_source,outside_basin_rejected,active_or_structured_endpoint_entry_observable,source_rejected_or_broken_role,outside_basin_rejected,True,structured_endpoint_collapse_not_legit,outside_basin_rejected,source_rejected_or_broken_role,active_or_structured_endpoint_entry_observable||source_rejected_or_broken_role,outside_basin_rejected,True
15053,26,prealigned_low_energy,novel_noise_sink,64,64,3.166696626567378e-06,0.0024720304779854,-0.9993147200981656,0.0004716551378344,1.176452481507554,0.0310440827370084,True,0.1266460737838292,0.4560706488077491,0.212818492767281,1.1960173817937616,0.9999749956904944,0.9945797203011368,True,False,64,False,False,False,27,rejected_or_broken_source,outside_basin_rejected,active_or_structured_endpoint_entry_observable,source_rejected_or_broken_role,outside_basin_rejected,True,structured_endpoint_collapse_not_legit,outside_basin_rejected,source_rejected_or_broken_role,active_or_structured_endpoint_entry_observable||source_rejected_or_broken_role,outside_basin_rejected,True
15011,18,phase_fault,hold_broken,64,0,0.0317103996068984,0.2341639936581545,-0.9071147868830388,0.0926715883529613,0.8985435112670648,0.0134115607016587,False,0.0317103996068984,0.2341639936581545,0.0926715883529613,0.8985435112670648,0.0,0.0,False,False,64,True,True,True,0,rejected_or_broken_source,outside_basin_rejected,outside_basin_rejected_observable,source_rejected_or_broken_role,outside_basin_rejected,True,outside_basin_rejected,outside_basin_rejected,source_rejected_or_broken_role,outside_basin_rejected_observable||source_rejected_or_broken_role,outside_basin_rejected,True
15011,18,phase_fault,wrong_sign,64,64,0.9484417878137534,0.3285297026276132,0.3377306564757157,1.3375170317117158,12.823380565946897,0.801569407876974,False,0.0317103996068984,0.2341639936581545,0.0926715883529613,0.8985435112670648,-28.90948709389692,-0.4029898341536484,False,False,64,False,False,False,33,rejected_or_broken_source,outside_basin_rejected,outside_basin_rejected_observable,source_rejected_or_broken_role,outside_basin_rejected,True,outside_basin_rejected,outside_basin_rejected,source_rejected_or_broken_role,outside_basin_rejected_observable||source_rejected_or_broken_role,outside_basin_rejected,True
15011,26,ripple_wall,structured_anti_collapse,64,64,0.0001059839870326,0.0144796401303421,-0.9982671663099304,0.0015192089260694,0.9924627047851988,0.0138631933318776,True,0.1570914257726252,0.4890534817977243,0.2738787021416111,0.6880008817291906,0.9993253356285317,0.9703925221468898,True,False,64,False,False,False,30,structured_source,structured_endpoint_collapse_not_legit,active_or_structured_endpoint_entry_observable,source_basin_eligible_nonactive_role,structured_endpoint_collapse_not_legit,True,structured_endpoint_collapse_not_legit,structured_endpoint_collapse_not_legit,source_basin_eligible_nonactive_role,active_or_structured_endpoint_entry_observable||source_basin_eligible_nonactive_role,structured_endpoint_collapse_not_legit,True
15101,26,oblique_triple,novel_noise_sink,64,64,2.222012247970462e-06,0.0020871854976267,-0.9994902651307394,0.0002961101052606,1.2966226010155488,0.0277512431610084,True,0.0598346139191105,0.3324046630266316,0.0957933600849899,2.340365257166263,0.9999628640831386,0.9937209500022772,True,False,64,False,False,False,28,rejected_or_broken_source,outside_basin_rejected,active_or_structured_endpoint_entry_observable,source_rejected_or_broken_role,outside_basin_rejected,True,structured_endpoint_collapse_not_legit,outside_basin_rejected,source_rejected_or_broken_role,active_or_structured_endpoint_entry_observable||source_rejected_or_broken_role,outside_basin_rejected,True
15011,26,prealigned_low_energy,novel_signed_scramble_collapse,64,64,0.0001012214776086,0.0140725777175909,-0.997687444174822,0.0020989310611778,1.917666180601544,0.0335882799555391,True,0.0884000261893255,0.3898819898415583,0.1574550296936816,1.4709517177309663,0.9988549609884654,0.963905545561944,True,False,64,False,False,False,29,structured_source,structured_endpoint_collapse_not_legit,active_or_structured_endpoint_entry_observable,source_basin_eligible_nonactive_role,structured_endpoint_collapse_not_legit,True,structured_endpoint_collapse_not_legit,structured_endpoint_collapse_not_legit,source_basin_eligible_nonactive_role,active_or_structured_endpoint_entry_observable||source_basin_eligible_nonactive_role,structured_endpoint_collapse_not_legit,True
15011,26,ripple_wall,novel_local_defect_repair,64,64,0.0613565992705237,0.3184394688773441,-0.853808626239235,0.1459777489967649,0.7458524161671825,0.008880907223827,False,0.1570914257726252,0.4890534817977243,0.2738787021416111,0.6880008817291906,0.6094210809446658,0.3488657565484798,False,False,64,False,False,False,32,active_source,outside_basin_rejected,outside_basin_rejected_observable,source_active_role,outside_basin_rejected,True,outside_basin_rejected,outside_basin_rejected,source_active_role,outside_basin_rejected_observable||source_active_role,outside_basin_rejected,True
15011,26,prealigned_low_energy,novel_source_phase_flip,64,64,8.250229803923555e-07,0.0012833587461751,-0.999841477771336,5.510253533613785e-05,1.9721155670313304,0.0449191577740322,True,0.0884000261893255,0.3898819898415583,0.1574550296936816,1.4709517177309663,0.999990667152308,0.9967083405219784,True,False,64,False,False,False,27,structured_source,structured_endpoint_collapse_not_legit,active_or_structured_endpoint_entry_observable,source_basin_eligible_nonactive_role,structured_endpoint_collapse_not_legit,True,structured_endpoint_collapse_not_legit,structured_endpoint_collapse_not_legit,source_basin_eligible_nonactive_role,active_or_structured_endpoint_entry_observable||source_basin_eligible_nonactive_role,structured_endpoint_collapse_not_legit,True
15011,26,ripple_wall,novel_source_phase_flip,64,64,4.595920838210837e-07,0.0009529375164116,-0.9998917045171014,0.0001053292811014,1.1259072237205674,0.0168560691991591,True,0.1570914257726252,0.4890534817977243,0.2738787021416111,0.6880008817291906,0.9999970743592048,0.9980514656313114,True,False,64,False,False,False,21,structured_source,structured_endpoint_collapse_not_legit,active_or_structured_endpoint_entry_observable,source_basin_eligible_nonactive_role,structured_endpoint_collapse_not_legit,True,structured_endpoint_collapse_not_legit,structured_endpoint_collapse_not_legit,source_basin_eligible_nonactive_role,active_or_structured_endpoint_entry_observable||source_basin_eligible_nonactive_role,structured_endpoint_collapse_not_legit,True
15011,18,ripple_wall,structured_permuted_collapse,64,64,2.901109223469359e-06,0.0023749625879411,-0.9993841673882168,0.0004022078477833,1.8484696669055587,0.0548542281367645,True,0.2352643729871235,0.5507285729670498,0.408933716990815,0.7729035299858674,0.9999876687226944,0.9956875987455278,True,False,64,False,False,False,30,structured_source,structured_endpoint_collapse_not_legit,active_or_structured_endpoint_entry_observable,source_basin_eligible_nonactive_role,structured_endpoint_collapse_not_legit,True,structured_endpoint_collapse_not_legit,structured_endpoint_collapse_not_legit,source_basin_eligible_nonactive_role,active_or_structured_endpoint_entry_observable||source_basin_eligible_nonactive_role,structured_endpoint_collapse_not_legit,True
15011,26,ripple_wall,structured_permuted_collapse,64,64,4.433892044083332e-06,0.0029764308985618,-0.999693406454935,9.296878106501703e-05,1.8634287425871456,0.0352475868093801,True,0.1570914257726252,0.4890534817977243,0.2738787021416111,0.6880008817291906,0.9999717750792428,0.993913894879933,True,False,64,False,False,False,31,structured_source,structured_endpoint_collapse_not_legit,active_or_structured_endpoint_entry_observable,source_basin_eligible_nonactive_role,structured_endpoint_collapse_not_legit,True,structured_endpoint_collapse_not_legit,structured_endpoint_collapse_not_legit,source_basin_eligible_nonactive_role,active_or_structured_endpoint_entry_observable||source_basin_eligible_nonactive_role,structured_endpoint_collapse_not_legit,True
15031,18,phase_fault,structured_anti_collapse,64,64,0.002569719645214,0.0705393863234893,-0.986994414184872,0.0127919610511281,2.108243241713851,0.0802636742092991,True,0.0544924730186998,0.3002181900653923,0.1373098117079029,1.008411358707879,0.9528426679169978,0.7650395990033458,True,False,64,False,False,False,30,structured_source,structured_endpoint_collapse_not_legit,active_or_structured_endpoint_entry_observable,source_basin_eligible_nonactive_role,structured_endpoint_collapse_not_legit,True,structured_endpoint_collapse_not_legit,structured_endpoint_collapse_not_legit,source_basin_eligible_nonactive_role,active_or_structured_endpoint_entry_observable||source_basin_eligible_nonactive_role,structured_endpoint_collapse_not_legit,True
15011,18,phase_fault,novel_noise_sink,64,64,9.631676163937696e-05,0.0138151697427466,-0.998454231002874,0.0013321442331258,1.5567128744470695,0.0807421432612046,True,0.0317103996068984,0.2341639936581545,0.0926715883529613,0.8985435112670648,0.996962612775924,0.941002160375451,True,False,64,False,False,False,25,rejected_or_broken_source,outside_basin_rejected,active_or_structured_endpoint_entry_observable,source_rejected_or_broken_role,outside_basin_rejected,True,structured_endpoint_collapse_not_legit,outside_basin_rejected,source_rejected_or_broken_role,active_or_structured_endpoint_entry_observable||source_rejected_or_broken_role,outside_basin_rejected,True
15031,18,phase_fault,structured_permuted_collapse,64,64,2.635637759365273e-05,0.0071587122537919,-0.9985757580154412,0.0012106172205589,0.933853476168492,0.0190259294657735,True,0.0544924730186998,0.3002181900653923,0.1373098117079029,1.008411358707879,0.9995163299235084,0.9761549683141822,True,False,64,False,False,False,28,structured_source,structured_endpoint_collapse_not_legit,active_or_structured_endpoint_entry_observable,source_basin_eligible_nonactive_role,structured_endpoint_collapse_not_legit,True,structured_endpoint_collapse_not_legit,structured_endpoint_collapse_not_legit,source_basin_eligible_nonactive_role,active_or_structured_endpoint_entry_observable||source_basin_eligible_nonactive_role,structured_endpoint_collapse_not_legit,True
15053,26,prealigned_low_energy,hold_broken,64,0,2.283625148405076e-08,2.1008487255042608e-05,-0.9999990513898852,0.000212676153885,1.1960173817937616,0.0266719490540423,True,2.283625148405076e-08,2.1008487255042608e-05,0.000212676153885,1.1960173817937616,0.0,0.0,True,True,64,True,True,True,0,rejected_or_broken_source,initial_basin_broken_hold_not_passive,initial_basin_no_motion_observable,source_rejected_or_broken_role,initial_basin_broken_hold_not_passive,True,passive_no_motion_basin_member,initial_basin_broken_hold_not_passive,source_rejected_or_broken_role,initial_basin_no_motion_observable||source_rejected_or_broken_role,initial_basin_broken_hold_not_passive,True
15083,18,ripple_wall,hold_broken,64,0,0.1911071708579415,0.5258841823725228,-0.6747322744369696,0.3250541007990304,0.8457591115170825,0.0164070631665672,False,0.1911071708579415,0.5258841823725228,0.3250541007990304,0.8457591115170825,0.0,0.0,False,False,64,True,True,True,0,rejected_or_broken_source,outside_basin_rejected,outside_basin_rejected_observable,source_rejected_or_broken_role,outside_basin_rejected,True,outside_basin_rejected,outside_basin_rejected,source_rejected_or_broken_role,outside_basin_rejected_observable||source_rejected_or_broken_role,outside_basin_rejected,True
15031,18,phase_fault,novel_source_phase_flip,64,64,0.0001085450063896,0.0146127454025839,-0.9979001926948668,0.0018861825411332,0.922509196198636,0.0129016007043448,True,0.0544924730186998,0.3002181900653923,0.1373098117079029,1.008411358707879,0.9980080733838164,0.9513262490845332,True,False,64,False,False,False,33,structured_source,structured_endpoint_collapse_not_legit,active_or_structured_endpoint_entry_observable,source_basin_eligible_nonactive_role,structured_endpoint_collapse_not_legit,True,structured_endpoint_collapse_not_legit,structured_endpoint_collapse_not_legit,source_basin_eligible_nonactive_role,active_or_structured_endpoint_entry_observable||source_basin_eligible_nonactive_role,structured_endpoint_collapse_not_legit,True
15031,18,phase_fault,novel_signed_scramble_collapse,64,64,1.2195670274913646,0.5787229547765521,0.4508044687298047,1.4505908439658048,1.054627572594078,0.027195299129022,False,0.0544924730186998,0.3002181900653923,0.1373098117079029,1.008411358707879,-21.380467611581363,-0.9276745178217528,False,False,64,False,False,False,63,structured_source,structured_source_failed_basin_entry,structured_origin_failed_basin_observable,source_basin_eligible_nonactive_role,structured_source_failed_basin_entry,True,structured_source_failed_basin_entry,structured_source_failed_basin_entry,source_basin_eligible_nonactive_role,structured_origin_failed_basin_observable||source_basin_eligible_nonactive_role,structured_source_failed_basin_entry,True
15083,26,phase_fault,novel_signed_scramble_collapse,64,64,1.3948624606635136,0.5508252836155155,0.5770193922118849,1.576805767447885,1.0324570760220213,0.0116683561319559,False,0.0219391755835587,0.2022951394777755,0.0543601665816506,0.943471430784264,-62.578617860474544,-1.7228794771626583,False,True,64,False,False,False,63,structured_source,structured_source_failed_basin_entry,structured_origin_failed_basin_observable,source_basin_eligible_nonactive_role,structured_source_failed_basin_entry,True,structured_source_failed_basin_entry,structured_source_failed_basin_entry,source_basin_eligible_nonactive_role,structured_origin_failed_basin_observable||source_basin_eligible_nonactive_role,structured_source_failed_basin_entry,True
15011,18,ripple_wall,structured_anti_collapse,64,64,0.0002163514024376,0.0200503517538787,-0.9942468626743136,0.0055395125616864,1.1126880431827044,0.0262244022330029,True,0.2352643729871235,0.5507285729670498,0.408933716990815,0.7729035299858674,0.999080390283111,0.9635930424912929,True,False,64,False,False,False,32,structured_source,structured_endpoint_collapse_not_legit,active_or_structured_endpoint_entry_observable,source_basin_eligible_nonactive_role,structured_endpoint_collapse_not_legit,True,structured_endpoint_collapse_not_legit,structured_endpoint_collapse_not_legit,source_basin_eligible_nonactive_role,active_or_structured_endpoint_entry_observable||source_basin_eligible_nonactive_role,structured_endpoint_collapse_not_legit,True
15101,26,oblique_triple,novel_signed_scramble_collapse,64,64,5.458275391961892e-05,0.0104152950620818,-0.9989574382003864,0.0008289370356135,1.4790296921599353,0.0234627593112859,True,0.0598346139191105,0.3324046630266316,0.0957933600849899,2.340365257166263,0.999087772923671,0.9686668202298472,True,False,64,False,False,False,31,structured_source,structured_endpoint_collapse_not_legit,active_or_structured_endpoint_entry_observable,source_basin_eligible_nonactive_role,structured_endpoint_collapse_not_legit,True,structured_endpoint_collapse_not_legit,structured_endpoint_collapse_not_legit,source_basin_eligible_nonactive_role,active_or_structured_endpoint_entry_observable||source_basin_eligible_nonactive_role,structured_endpoint_collapse_not_legit,True
15011,26,prealigned_low_energy,wrong_sign,64,64,0.685165377984635,0.18182934328302,0.1566170344314634,1.1564034096674636,24.27931339865528,0.9543528875343358,False,0.0884000261893255,0.3898819898415583,0.1574550296936816,1.4709517177309663,-6.750737273657268,0.5336297956275278,False,False,64,False,False,False,35,rejected_or_broken_source,outside_basin_rejected,outside_basin_rejected_observable,source_rejected_or_broken_role,outside_basin_rejected,True,outside_basin_rejected,outside_basin_rejected,source_rejected_or_broken_role,outside_basin_rejected_observable||source_rejected_or_broken_role,outside_basin_rejected,True
15083,18,ripple_wall,random,64,64,0.692546780764691,0.6562575709623968,-0.0228423839632573,0.9769439912727428,1.414561869381364,0.046216769972385,False,0.1911071708579415,0.5258841823725228,0.3250541007990304,0.8457591115170825,-2.623866010118836,-0.2479127400285125,False,False,64,False,False,False,32,rejected_or_broken_source,outside_basin_rejected,outside_basin_rejected_observable,source_rejected_or_broken_role,outside_basin_rejected,True,outside_basin_rejected,outside_basin_rejected,source_rejected_or_broken_role,outside_basin_rejected_observable||source_rejected_or_broken_role,outside_basin_rejected,True
15101,26,oblique_triple,hold_broken,64,0,0.0598346139191105,0.3324046630266316,-0.90399301515101,0.0957933600849899,2.340365257166263,0.0538811836466439,False,0.0598346139191105,0.3324046630266316,0.0957933600849899,2.340365257166263,0.0,0.0,False,False,64,True,True,True,0,rejected_or_broken_source,outside_basin_rejected,outside_basin_rejected_observable,source_rejected_or_broken_role,outside_basin_rejected,True,outside_basin_rejected,outside_basin_rejected,source_rejected_or_broken_role,outside_basin_rejected_observable||source_rejected_or_broken_role,outside_basin_rejected,True
15011,18,ripple_wall,novel_source_phase_flip,64,64,1.4607259990840426e-06,0.0017091540841456,-0.9997707446628736,1.5630573126368397e-05,1.1431431784175412,0.0332550274660456,True,0.2352643729871235,0.5507285729670498,0.408933716990815,0.7729035299858674,0.9999937911253602,0.996896558179405,True,False,64,False,False,False,20,structured_source,structured_endpoint_collapse_not_legit,active_or_structured_endpoint_entry_observable,source_basin_eligible_nonactive_role,structured_endpoint_collapse_not_legit,True,structured_endpoint_collapse_not_legit,structured_endpoint_collapse_not_legit,source_basin_eligible_nonactive_role,active_or_structured_endpoint_entry_observable||source_basin_eligible_nonactive_role,structured_endpoint_collapse_not_legit,True
15101,26,oblique_triple,wrong_sign,64,64,1.3989407501991584,0.2270892440510691,0.6574136656868306,1.6572000409228305,17.771559730082902,0.6277056533907945,False,0.0598346139191105,0.3324046630266316,0.0957933600849899,2.340365257166263,-22.380124956901778,0.3168289458286208,False,False,64,False,False,False,37,rejected_or_broken_source,outside_basin_rejected,outside_basin_rejected_observable,source_rejected_or_broken_role,outside_basin_rejected,True,outside_basin_rejected,outside_basin_rejected,source_rejected_or_broken_role,outside_basin_rejected_observable||source_rejected_or_broken_role,outside_basin_rejected,True
15083,18,corner_sink,novel_noise_sink,64,64,3.822386956141901e-05,0.0086894921960984,-0.9988165997481772,0.0009697754878227,1.7911816009142756,0.1176757888924633,True,0.0660747925560969,0.3491927576691948,0.1010643512994406,3.0628082262214718,0.9994215060073266,0.9751154856272664,True,False,64,False,False,False,24,rejected_or_broken_source,outside_basin_rejected,active_or_structured_endpoint_entry_observable,source_rejected_or_broken_role,outside_basin_rejected,True,structured_endpoint_collapse_not_legit,outside_basin_rejected,source_rejected_or_broken_role,active_or_structured_endpoint_entry_observable||source_rejected_or_broken_role,outside_basin_rejected,True
15083,18,corner_sink,random,64,64,0.7115715941726011,0.6581589623460952,-0.0048140295757232,0.9949723456602768,1.3528487919335035,0.0374025896535343,False,0.0660747925560969,0.3491927576691948,0.1010643512994406,3.0628082262214718,-9.769183929843049,-0.8848012963908959,False,False,64,False,False,False,36,rejected_or_broken_source,outside_basin_rejected,outside_basin_rejected_observable,source_rejected_or_broken_role,outside_basin_rejected,True,outside_basin_rejected,outside_basin_rejected,source_rejected_or_broken_role,outside_basin_rejected_observable||source_rejected_or_broken_role,outside_basin_rejected,True
15101,26,prealigned_low_energy,hold_broken,64,0,2.271548496944152e-08,3.4042457959426284e-06,-0.99999949346856,0.0002131182325598,1.2980146816835094,0.0264019514137228,True,2.271548496944152e-08,3.4042457959426284e-06,0.0002131182325598,1.2980146816835094,0.0,0.0,True,True,64,True,True,True,0,rejected_or_broken_source,initial_basin_broken_hold_not_passive,initial_basin_no_motion_observable,source_rejected_or_broken_role,initial_basin_broken_hold_not_passive,True,passive_no_motion_basin_member,initial_basin_broken_hold_not_passive,source_rejected_or_broken_role,initial_basin_no_motion_observable||source_rejected_or_broken_role,initial_basin_broken_hold_not_passive,True
15101,26,phase_fault,novel_source_phase_flip,64,64,0.0006753556390516,0.0366306051673022,-0.9968014056916767,0.0029849695443232,0.9470124137805164,0.0065083692882291,True,0.010979044715984,0.1427851405613445,0.039629446966179,0.9973965711032596,0.9384868485864784,0.7434564617576002,True,True,64,False,False,False,29,structured_source,structured_endpoint_collapse_not_legit,initial_basin_active_motion_observable,source_basin_eligible_nonactive_role,structured_endpoint_collapse_not_legit,True,structured_endpoint_collapse_not_legit,structured_endpoint_collapse_not_legit,source_basin_eligible_nonactive_role,initial_basin_active_motion_observable||source_basin_eligible_nonactive_role,structured_endpoint_collapse_not_legit,True
15101,18,corner_sink,structured_anti_collapse,64,64,0.0001775418506533,0.0168771676200029,-0.9914051513138588,0.0083812239221412,1.1375605856311817,0.0393282724357645,True,0.0612134486288007,0.3205914686045862,0.1401713505519446,2.8598384469837037,0.9970996267057736,0.9473561548770768,True,False,64,False,False,False,34,structured_source,structured_endpoint_collapse_not_legit,active_or_structured_endpoint_entry_observable,source_basin_eligible_nonactive_role,structured_endpoint_collapse_not_legit,True,structured_endpoint_collapse_not_legit,structured_endpoint_collapse_not_legit,source_basin_eligible_nonactive_role,active_or_structured_endpoint_entry_observable||source_basin_eligible_nonactive_role,structured_endpoint_collapse_not_legit,True
15101,18,corner_sink,structured_permuted_collapse,64,64,0.0002388925278091,0.0214473970700275,-0.995568056312676,0.0042183189233241,7.484527784340053,0.3627963255678124,True,0.0612134486288007,0.3205914686045862,0.1401713505519446,2.8598384469837037,0.9960973849022312,0.9331005370657144,True,False,64,False,False,False,31,structured_source,structured_endpoint_collapse_not_legit,active_or_structured_endpoint_entry_observable,source_basin_eligible_nonactive_role,structured_endpoint_collapse_not_legit,True,structured_endpoint_collapse_not_legit,structured_endpoint_collapse_not_legit,source_basin_eligible_nonactive_role,active_or_structured_endpoint_entry_observable||source_basin_eligible_nonactive_role,structured_endpoint_collapse_not_legit,True
15083,18,corner_sink,hold_broken,64,0,0.0660747925560969,0.3491927576691948,-0.8987220239365593,0.1010643512994406,3.0628082262214718,0.1030832014076318,False,0.0660747925560969,0.3491927576691948,0.1010643512994406,3.0628082262214718,0.0,0.0,False,False,64,True,True,True,0,rejected_or_broken_source,outside_basin_rejected,outside_basin_rejected_observable,source_rejected_or_broken_role,outside_basin_rejected,True,outside_basin_rejected,outside_basin_rejected,source_rejected_or_broken_role,outside_basin_rejected_observable||source_rejected_or_broken_role,outside_basin_rejected,True
15031,26,broken_ring,novel_signed_scramble_collapse,64,64,0.0001548120034899,0.0175793090812182,-0.9990170253760772,0.0007693498599229,1.3996727635772424,0.0274646943290364,True,0.2666418866859561,0.6334585701040089,0.3633373271956747,0.7337899067098144,0.9994194010310476,0.9722486837942628,True,False,64,False,False,False,33,structured_source,structured_endpoint_collapse_not_legit,active_or_structured_endpoint_entry_observable,source_basin_eligible_nonactive_role,structured_endpoint_collapse_not_legit,True,structured_endpoint_collapse_not_legit,structured_endpoint_collapse_not_legit,source_basin_eligible_nonactive_role,active_or_structured_endpoint_entry_observable||source_basin_eligible_nonactive_role,structured_endpoint_collapse_not_legit,True
15031,26,broken_ring,structured_anti_collapse,64,64,0.0027558912263911,0.0734019357032227,-0.9886536178146644,0.0111327574213354,0.9902746255114332,0.011575763134721,True,0.2666418866859561,0.6334585701040089,0.3633373271956747,0.7337899067098144,0.9896644474668504,0.8841251201447085,True,False,64,False,False,False,40,structured_source,structured_endpoint_collapse_not_legit,active_or_structured_endpoint_entry_observable,source_basin_eligible_nonactive_role,structured_endpoint_collapse_not_legit,True,structured_endpoint_collapse_not_legit,structured_endpoint_collapse_not_legit,source_basin_eligible_nonactive_role,active_or_structured_endpoint_entry_observable||source_basin_eligible_nonactive_role,structured_endpoint_collapse_not_legit,True
15031,26,broken_ring,novel_source_phase_flip,64,64,1.1485033175235146e-06,0.0015031296739227,-0.99959244788254,0.0001939273534601,1.2462684793442218,0.0180690243526154,True,0.2666418866859561,0.6334585701040089,0.3633373271956747,0.7337899067098144,0.9999956927085548,0.9976271065767196,True,False,64,False,False,False,25,structured_source,structured_endpoint_collapse_not_legit,active_or_structured_endpoint_entry_observable,source_basin_eligible_nonactive_role,structured_endpoint_collapse_not_legit,True,structured_endpoint_collapse_not_legit,structured_endpoint_collapse_not_legit,source_basin_eligible_nonactive_role,active_or_structured_endpoint_entry_observable||source_basin_eligible_nonactive_role,structured_endpoint_collapse_not_legit,True
15031,18,broken_ring,wrong_sign,64,64,1.4963515970606869,0.3882453071946738,0.6860276048824137,1.6858139801184135,12.82401706549518,0.6038517330942711,False,0.3433308539011842,0.7000907306905201,0.4433223168345828,0.8847775059106214,-3.358337096869252,0.4454357268633145,False,False,64,False,False,False,35,rejected_or_broken_source,outside_basin_rejected,outside_basin_rejected_observable,source_rejected_or_broken_role,outside_basin_rejected,True,outside_basin_rejected,outside_basin_rejected,source_rejected_or_broken_role,outside_basin_rejected_observable||source_rejected_or_broken_role,outside_basin_rejected,True
15031,18,broken_ring,random,64,64,0.6031908597921278,0.6983501525964997,-0.1520312313691512,0.8477551438668487,1.226021668351583,0.033539949924035,False,0.3433308539011842,0.7000907306905201,0.4433223168345828,0.8847775059106214,-0.7568792694785839,0.0024862178825037,False,False,64,False,False,False,30,rejected_or_broken_source,outside_basin_rejected,outside_basin_rejected_observable,source_rejected_or_broken_role,outside_basin_rejected,True,outside_basin_rejected,outside_basin_rejected,source_rejected_or_broken_role,outside_basin_rejected_observable||source_rejected_or_broken_role,outside_basin_rejected,True
15031,26,broken_ring,wrong_sign,64,64,1.8031921738947767,0.0929416396208743,0.8969861992742225,1.8967725745102224,18.11884117904501,0.6856336203225067,False,0.2666418866859561,0.6334585701040089,0.3633373271956747,0.7337899067098144,-5.762599066112847,0.8532790556350555,False,False,64,False,False,False,34,rejected_or_broken_source,outside_basin_rejected,outside_basin_rejected_observable,source_rejected_or_broken_role,outside_basin_rejected,True,outside_basin_rejected,outside_basin_rejected,source_rejected_or_broken_role,outside_basin_rejected_observable||source_rejected_or_broken_role,outside_basin_rejected,True
15031,26,broken_ring,random,64,64,0.7319855396566768,0.7132509932071661,-0.0224204765049542,0.9773658987310456,1.2153953754784803,0.0139642883112616,False,0.2666418866859561,0.6334585701040089,0.3633373271956747,0.7337899067098144,-1.7452008712983835,-0.1259631282436198,False,False,64,False,False,False,38,rejected_or_broken_source,outside_basin_rejected,outside_basin_rejected_observable,source_rejected_or_broken_role,outside_basin_rejected,True,outside_basin_rejected,outside_basin_rejected,source_rejected_or_broken_role,outside_basin_rejected_observable||source_rejected_or_broken_role,outside_basin_rejected,True
15053,18,oblique_triple,novel_source_phase_flip,64,64,3.264305681822478e-06,0.0025483306619035,-0.9996003048158708,0.0001860704201291,1.72655030594674,0.0632559421730836,True,0.1135538860065097,0.4265799956539882,0.2124553584188049,2.818667051330227,0.9999712532367092,0.9940261365069624,True,False,64,False,False,False,24,structured_source,structured_endpoint_collapse_not_legit,active_or_structured_endpoint_entry_observable,source_basin_eligible_nonactive_role,structured_endpoint_collapse_not_legit,True,structured_endpoint_collapse_not_legit,structured_endpoint_collapse_not_legit,source_basin_eligible_nonactive_role,active_or_structured_endpoint_entry_observable||source_basin_eligible_nonactive_role,structured_endpoint_collapse_not_legit,True
15083,26,corner_sink,wrong_sign,64,64,1.949071591899875,0.0257328294323181,0.9744175162830996,1.9742038915191,18.389617523459457,0.5333584889697579,False,0.0506391514790633,0.3054672714351399,0.0892639291096754,3.1062732702306883,-37.48942043723276,0.9157591276069073,False,False,64,False,False,False,35,rejected_or_broken_source,outside_basin_rejected,outside_basin_rejected_observable,source_rejected_or_broken_role,outside_basin_rejected,True,outside_basin_rejected,outside_basin_rejected,source_rejected_or_broken_role,outside_basin_rejected_observable||source_rejected_or_broken_role,outside_basin_rejected,True
15101,26,prealigned_low_energy,novel_noise_sink,64,64,2.764918715483942e-06,0.002326763396437,-0.9994457735214294,0.0003406017145706,1.2550531234147893,0.028114662024974,True,0.1448655787291072,0.4921115765215518,0.2180764859210806,1.2980146816835094,0.999980913894524,0.9952718783535254,True,False,64,False,False,False,31,rejected_or_broken_source,outside_basin_rejected,active_or_structured_endpoint_entry_observable,source_rejected_or_broken_role,outside_basin_rejected,True,structured_endpoint_collapse_not_legit,outside_basin_rejected,source_rejected_or_broken_role,active_or_structured_endpoint_entry_observable||source_rejected_or_broken_role,outside_basin_rejected,True
15083,18,corner_sink,structured_permuted_collapse,64,64,3.169018216393234e-05,0.007929054687554,-0.999071913137886,0.0007144620981139,7.847728338115504,0.343322080733984,True,0.0660747925560969,0.3491927576691948,0.1010643512994406,3.0628082262214718,0.9995203892144412,0.9772931868877908,True,False,64,False,False,False,30,structured_source,structured_endpoint_collapse_not_legit,active_or_structured_endpoint_entry_observable,source_basin_eligible_nonactive_role,structured_endpoint_collapse_not_legit,True,structured_endpoint_collapse_not_legit,structured_endpoint_collapse_not_legit,source_basin_eligible_nonactive_role,active_or_structured_endpoint_entry_observable||source_basin_eligible_nonactive_role,structured_endpoint_collapse_not_legit,True
15083,18,corner_sink,structured_anti_collapse,64,64,0.0018467046246217,0.0602588995314597,-0.9918949700061972,0.0078914052298028,1.0473687452038245,0.0312159077042975,True,0.0660747925560969,0.3491927576691948,0.1010643512994406,3.0628082262214718,0.9720512989272576,0.8274337075759945,True,False,64,False,False,False,39,structured_source,structured_endpoint_collapse_not_legit,active_or_structured_endpoint_entry_observable,source_basin_eligible_nonactive_role,structured_endpoint_collapse_not_legit,True,structured_endpoint_collapse_not_legit,structured_endpoint_collapse_not_legit,source_basin_eligible_nonactive_role,active_or_structured_endpoint_entry_observable||source_basin_eligible_nonactive_role,structured_endpoint_collapse_not_legit,True
15083,26,corner_sink,structured_anti_collapse,64,64,0.0013502857910601,0.0516703103508294,-0.9942410519479316,0.0055453232880684,0.9630673267182788,0.011518220380072,True,0.0506391514790633,0.3054672714351399,0.0892639291096754,3.1062732702306883,0.9733351418300972,0.8308482931447815,True,False,64,False,False,False,42,structured_source,structured_endpoint_collapse_not_legit,active_or_structured_endpoint_entry_observable,source_basin_eligible_nonactive_role,structured_endpoint_collapse_not_legit,True,structured_endpoint_collapse_not_legit,structured_endpoint_collapse_not_legit,source_basin_eligible_nonactive_role,active_or_structured_endpoint_entry_observable||source_basin_eligible_nonactive_role,structured_endpoint_collapse_not_legit,True
15083,18,corner_sink,wrong_sign,64,64,1.9035758973869683,0.0354953585405825,0.95108314226024,1.95086951749624,13.73697427453046,0.6953627576308253,False,0.0660747925560969,0.3491927576691948,0.1010643512994406,3.0628082262214718,-27.8094116336883,0.8983502442077934,False,False,64,False,False,False,35,rejected_or_broken_source,outside_basin_rejected,outside_basin_rejected_observable,source_rejected_or_broken_role,outside_basin_rejected,True,outside_basin_rejected,outside_basin_rejected,source_rejected_or_broken_role,outside_basin_rejected_observable||source_rejected_or_broken_role,outside_basin_rejected,True
15083,18,corner_sink,novel_signed_scramble_collapse,64,64,5.770161517736905e-05,0.0105439528019815,-0.99773009469475,0.0020562805412499,1.469368263047381,0.0529369984482127,True,0.0660747925560969,0.3491927576691948,0.1010643512994406,3.0628082262214718,0.9991267227040096,0.9698047781021276,True,False,64,False,False,False,24,structured_source,structured_endpoint_collapse_not_legit,active_or_structured_endpoint_entry_observable,source_basin_eligible_nonactive_role,structured_endpoint_collapse_not_legit,True,structured_endpoint_collapse_not_legit,structured_endpoint_collapse_not_legit,source_basin_eligible_nonactive_role,active_or_structured_endpoint_entry_observable||source_basin_eligible_nonactive_role,structured_endpoint_collapse_not_legit,True
15031,26,phase_fault,random,64,64,0.7375086772899495,0.7130683249996919,-0.0166531602228804,0.9831332150131196,1.230505563245563,0.015809285028833,False,0.0225638079510458,0.2033496834876571,0.0614534142872581,0.9255404404425182,-31.685470416090805,-2.506611432913623,False,True,64,False,False,False,39,rejected_or_broken_source,outside_basin_rejected,outside_basin_rejected_observable,source_rejected_or_broken_role,outside_basin_rejected,True,outside_basin_rejected,outside_basin_rejected,source_rejected_or_broken_role,outside_basin_rejected_observable||source_rejected_or_broken_role,outside_basin_rejected,True
15083,18,corner_sink,novel_source_phase_flip,64,64,1.1413211270236645e-06,0.0015108233403403,-0.9997789530846868,7.422151313218883e-06,2.7712464988029217,0.1507589216210789,True,0.0660747925560969,0.3491927576691948,0.1010643512994406,3.0628082262214718,0.999982726814828,0.9956733829435052,True,False,64,False,False,False,22,structured_source,structured_endpoint_collapse_not_legit,active_or_structured_endpoint_entry_observable,source_basin_eligible_nonactive_role,structured_endpoint_collapse_not_legit,True,structured_endpoint_collapse_not_legit,structured_endpoint_collapse_not_legit,source_basin_eligible_nonactive_role,active_or_structured_endpoint_entry_observable||source_basin_eligible_nonactive_role,structured_endpoint_collapse_not_legit,True
15053,26,broken_ring,structured_permuted_collapse,64,64,4.218268724331461e-05,0.0091813678659504,-0.9995258784092984,0.0002604968267015,1.76058592146729,0.0355228342210832,True,0.0993089080020933,0.4082365771558983,0.1787755941850647,0.6825721308315896,0.999575237618744,0.9775096883015904,True,False,64,False,False,False,31,structured_source,structured_endpoint_collapse_not_legit,active_or_structured_endpoint_entry_observable,source_basin_eligible_nonactive_role,structured_endpoint_collapse_not_legit,True,structured_endpoint_collapse_not_legit,structured_endpoint_collapse_not_legit,source_basin_eligible_nonactive_role,active_or_structured_endpoint_entry_observable||source_basin_eligible_nonactive_role,structured_endpoint_collapse_not_legit,True
15031,26,broken_ring,hold_broken,64,0,0.2666418866859561,0.6334585701040089,-0.6364490480403253,0.3633373271956747,0.7337899067098144,0.0135805237345806,False,0.2666418866859561,0.6334585701040089,0.3633373271956747,0.7337899067098144,0.0,0.0,False,False,64,True,True,True,0,rejected_or_broken_source,outside_basin_rejected,outside_basin_rejected_observable,source_rejected_or_broken_role,outside_basin_rejected,True,outside_basin_rejected,outside_basin_rejected,source_rejected_or_broken_role,outside_basin_rejected_observable||source_rejected_or_broken_role,outside_basin_rejected,True
15083,26,corner_sink,novel_signed_scramble_collapse,64,64,0.0002446717289265,0.0220550643119969,-0.998078278035404,0.001708097200596,1.6503467368627185,0.0372780247937475,True,0.0506391514790633,0.3054672714351399,0.0892639291096754,3.1062732702306883,0.9951683287974754,0.9277989284766708,True,False,64,False,False,False,29,structured_source,structured_endpoint_collapse_not_legit,active_or_structured_endpoint_entry_observable,source_basin_eligible_nonactive_role,structured_endpoint_collapse_not_legit,True,structured_endpoint_collapse_not_legit,structured_endpoint_collapse_not_legit,source_basin_eligible_nonactive_role,active_or_structured_endpoint_entry_observable||source_basin_eligible_nonactive_role,structured_endpoint_collapse_not_legit,True
15031,18,broken_ring,hold_broken,64,0,0.3433308539011842,0.7000907306905201,-0.5564640584014172,0.4433223168345828,0.8847775059106214,0.0308072045146369,False,0.3433308539011842,0.7000907306905201,0.4433223168345828,0.8847775059106214,0.0,0.0,False,False,64,True,True,True,0,rejected_or_broken_source,outside_basin_rejected,outside_basin_rejected_observable,source_rejected_or_broken_role,outside_basin_rejected,True,outside_basin_rejected,outside_basin_rejected,source_rejected_or_broken_role,outside_basin_rejected_observable||source_rejected_or_broken_role,outside_basin_rejected,True
15031,18,broken_ring,novel_noise_sink,64,64,0.0001139335876203,0.0146929546119806,-0.996324546238062,0.0034618289979381,1.2798308699593608,0.0375040971451232,True,0.3433308539011842,0.7000907306905201,0.4433223168345828,0.8847775059106214,0.9996681521997648,0.9790127851022,True,False,64,False,False,False,24,rejected_or_broken_source,outside_basin_rejected,active_or_structured_endpoint_entry_observable,source_rejected_or_broken_role,outside_basin_rejected,True,structured_endpoint_collapse_not_legit,outside_basin_rejected,source_rejected_or_broken_role,active_or_structured_endpoint_entry_observable||source_rejected_or_broken_role,outside_basin_rejected,True
15053,18,oblique_triple,structured_anti_collapse,64,64,4.679280159365941e-05,0.009591984768441,-0.998529620928542,0.001256754307458,1.5464909909910778,0.0481598905774916,True,0.1135538860065097,0.4265799956539882,0.2124553584188049,2.818667051330227,0.999587924251306,0.977514218043176,True,False,64,False,False,False,35,structured_source,structured_endpoint_collapse_not_legit,active_or_structured_endpoint_entry_observable,source_basin_eligible_nonactive_role,structured_endpoint_collapse_not_legit,True,structured_endpoint_collapse_not_legit,structured_endpoint_collapse_not_legit,source_basin_eligible_nonactive_role,active_or_structured_endpoint_entry_observable||source_basin_eligible_nonactive_role,structured_endpoint_collapse_not_legit,True
15053,26,broken_ring,structured_anti_collapse,64,64,0.0004461180471595,0.0297914589578311,-0.9976172584842076,0.0021691167517923,0.855946100524258,0.0096456878626236,True,0.0993089080020933,0.4082365771558983,0.1787755941850647,0.6825721308315896,0.9955077741047598,0.9270240330587004,True,False,64,False,False,False,31,structured_source,structured_endpoint_collapse_not_legit,active_or_structured_endpoint_entry_observable,source_basin_eligible_nonactive_role,structured_endpoint_collapse_not_legit,True,structured_endpoint_collapse_not_legit,structured_endpoint_collapse_not_legit,source_basin_eligible_nonactive_role,active_or_structured_endpoint_entry_observable||source_basin_eligible_nonactive_role,structured_endpoint_collapse_not_legit,True
15031,26,broken_ring,novel_noise_sink,64,64,3.47094104884231e-06,0.0026116305508702,-0.9994381397360206,0.0003482354999794,1.329189789785946,0.0339517890547808,True,0.2666418866859561,0.6334585701040089,0.3633373271956747,0.7337899067098144,0.9999869827576906,0.9958771880670312,True,False,64,False,False,False,24,rejected_or_broken_source,outside_basin_rejected,active_or_structured_endpoint_entry_observable,source_rejected_or_broken_role,outside_basin_rejected,True,structured_endpoint_collapse_not_legit,outside_basin_rejected,source_rejected_or_broken_role,active_or_structured_endpoint_entry_observable||source_rejected_or_broken_role,outside_basin_rejected,True
15031,18,phase_fault,hold_broken,64,0,0.0544924730186998,0.3002181900653923,-0.8624765635280971,0.1373098117079029,1.008411358707879,0.0186222919768707,False,0.0544924730186998,0.3002181900653923,0.1373098117079029,1.008411358707879,0.0,0.0,False,False,64,True,True,True,0,rejected_or_broken_source,outside_basin_rejected,outside_basin_rejected_observable,source_rejected_or_broken_role,outside_basin_rejected,True,outside_basin_rejected,outside_basin_rejected,source_rejected_or_broken_role,outside_basin_rejected_observable||source_rejected_or_broken_role,outside_basin_rejected,True
15031,18,phase_fault,wrong_sign,64,64,1.7032917695066985,0.0189337832723012,0.8458097482060696,1.8455961234420692,14.928031954437978,0.7806501299815394,False,0.0544924730186998,0.3002181900653923,0.1373098117079029,1.008411358707879,-30.25737693886515,0.9369332575447408,False,False,64,False,False,False,33,rejected_or_broken_source,outside_basin_rejected,outside_basin_rejected_observable,source_rejected_or_broken_role,outside_basin_rejected,True,outside_basin_rejected,outside_basin_rejected,source_rejected_or_broken_role,outside_basin_rejected_observable||source_rejected_or_broken_role,outside_basin_rejected,True
15053,26,prealigned_low_energy,random,64,64,0.7032477679998377,0.7208061307042483,-0.0580146099240187,0.9417717653119811,1.2756118438985742,0.0242559076528361,False,0.1266460737838292,0.4560706488077491,0.212818492767281,1.1960173817937616,-4.5528588213137215,-0.5804703341203493,False,False,64,False,False,False,37,rejected_or_broken_source,outside_basin_rejected,outside_basin_rejected_observable,source_rejected_or_broken_role,outside_basin_rejected,True,outside_basin_rejected,outside_basin_rejected,source_rejected_or_broken_role,outside_basin_rejected_observable||source_rejected_or_broken_role,outside_basin_rejected,True
15101,26,oblique_triple,random,64,64,0.6263312532631499,0.709063839063395,-0.1338239172397081,0.8659624579962919,1.254555597248484,0.0378305597412694,False,0.0598346139191105,0.3324046630266316,0.0957933600849899,2.340365257166263,-9.467707773637676,-1.1331344530670833,False,False,64,False,False,False,33,rejected_or_broken_source,outside_basin_rejected,outside_basin_rejected_observable,source_rejected_or_broken_role,outside_basin_rejected,True,outside_basin_rejected,outside_basin_rejected,source_rejected_or_broken_role,outside_basin_rejected_observable||source_rejected_or_broken_role,outside_basin_rejected,True
15083,18,ripple_wall,wrong_sign,64,64,1.5871002064801842,0.2219749274173756,0.7679600841179479,1.767746459353948,12.717802926964673,0.6718509085994038,False,0.1911071708579415,0.5258841823725228,0.3250541007990304,0.8457591115170825,-7.304765327998299,0.5779014945524407,False,False,64,False,False,False,30,rejected_or_broken_source,outside_basin_rejected,outside_basin_rejected_observable,source_rejected_or_broken_role,outside_basin_rejected,True,outside_basin_rejected,outside_basin_rejected,source_rejected_or_broken_role,outside_basin_rejected_observable||source_rejected_or_broken_role,outside_basin_rejected,True
15031,18,phase_fault,novel_noise_sink,64,64,0.0006492449696255,0.03569261188431,-0.9948338611141524,0.0049525141218476,1.2901282238296576,0.044135677014038,True,0.0544924730186998,0.3002181900653923,0.1373098117079029,1.008411358707879,0.9880856027512124,0.8811110949759016,True,False,64,False,False,False,23,rejected_or_broken_source,outside_basin_rejected,active_or_structured_endpoint_entry_observable,source_rejected_or_broken_role,outside_basin_rejected,True,structured_endpoint_collapse_not_legit,outside_basin_rejected,source_rejected_or_broken_role,active_or_structured_endpoint_entry_observable||source_rejected_or_broken_role,outside_basin_rejected,True
15053,18,phase_fault,structured_permuted_collapse,64,64,1.7369407818700564e-06,0.001800146265427,-0.9993033069315036,0.0004830683044965,0.9609911577391084,0.028938955382545,True,0.0210640407808542,0.1937819758325939,0.0676507753401575,1.0863051417719292,0.9999175399535228,0.9907104556103148,True,True,64,False,False,False,34,structured_source,structured_endpoint_collapse_not_legit,initial_basin_active_motion_observable,source_basin_eligible_nonactive_role,structured_endpoint_collapse_not_legit,True,structured_endpoint_collapse_not_legit,structured_endpoint_collapse_not_legit,source_basin_eligible_nonactive_role,initial_basin_active_motion_observable||source_basin_eligible_nonactive_role,structured_endpoint_collapse_not_legit,True
15053,26,phase_fault,wrong_sign,64,64,1.1585529381796538,0.1063824249154171,0.5186959776507313,1.5184823528867313,17.591592016854605,0.6457781580653497,False,0.0227609436177898,0.2064419048743061,0.0538853147661554,0.9071357120899028,-49.90091859039766,0.4846858975619625,False,True,64,False,False,False,30,rejected_or_broken_source,outside_basin_rejected,outside_basin_rejected_observable,source_rejected_or_broken_role,outside_basin_rejected,True,outside_basin_rejected,outside_basin_rejected,source_rejected_or_broken_role,outside_basin_rejected_observable||source_rejected_or_broken_role,outside_basin_rejected,True
15031,18,phase_fault,random,64,64,0.6067239686987571,0.6962548297419886,-0.1461604914564201,0.8536258837795798,1.2037578166262382,0.0338401985528756,False,0.0544924730186998,0.3002181900653923,0.1373098117079029,1.008411358707879,-10.134087610235948,-1.319162704928086,False,False,64,False,False,False,35,rejected_or_broken_source,outside_basin_rejected,outside_basin_rejected_observable,source_rejected_or_broken_role,outside_basin_rejected,True,outside_basin_rejected,outside_basin_rejected,source_rejected_or_broken_role,outside_basin_rejected_observable||source_rejected_or_broken_role,outside_basin_rejected,True
15101,26,oblique_triple,structured_permuted_collapse,64,64,4.790555680153954e-05,0.0097648806164088,-0.9991094556319388,0.0006769196040611,4.508511813557647,0.0855418916444938,True,0.0598346139191105,0.3324046630266316,0.0957933600849899,2.340365257166263,0.9991993671444844,0.9706235149396892,True,False,64,False,False,False,31,structured_source,structured_endpoint_collapse_not_legit,active_or_structured_endpoint_entry_observable,source_basin_eligible_nonactive_role,structured_endpoint_collapse_not_legit,True,structured_endpoint_collapse_not_legit,structured_endpoint_collapse_not_legit,source_basin_eligible_nonactive_role,active_or_structured_endpoint_entry_observable||source_basin_eligible_nonactive_role,structured_endpoint_collapse_not_legit,True
15011,26,prealigned_low_energy,random,64,64,0.7776635120028161,0.719152949227011,0.0191081529776539,1.018894528213654,1.3207166292811634,0.0301838148769327,False,0.0884000261893255,0.3898819898415583,0.1574550296936816,1.4709517177309663,-7.797095945758024,-0.844540060746121,False,False,64,False,False,False,37,rejected_or_broken_source,outside_basin_rejected,outside_basin_rejected_observable,source_rejected_or_broken_role,outside_basin_rejected,True,outside_basin_rejected,outside_basin_rejected,source_rejected_or_broken_role,outside_basin_rejected_observable||source_rejected_or_broken_role,outside_basin_rejected,True
15083,26,oblique_triple,hold_broken,64,0,0.043114598400068,0.2817007634005155,-0.9168775295094864,0.0829088457265134,2.721491143469369,0.056366178442937,False,0.043114598400068,0.2817007634005155,0.0829088457265134,2.721491143469369,0.0,0.0,False,False,64,True,True,True,0,rejected_or_broken_source,outside_basin_rejected,outside_basin_rejected_observable,source_rejected_or_broken_role,outside_basin_rejected,True,outside_basin_rejected,outside_basin_rejected,source_rejected_or_broken_role,outside_basin_rejected_observable||source_rejected_or_broken_role,outside_basin_rejected,True
15083,26,oblique_triple,novel_noise_sink,64,64,1.787532950267205e-06,0.0018777943174925,-0.999565118819761,0.000221256416239,1.7270540672453782,0.0569191429675226,True,0.043114598400068,0.2817007634005155,0.0829088457265134,2.721491143469369,0.9999585399373632,0.9933340815416388,True,False,64,False,False,False,25,rejected_or_broken_source,outside_basin_rejected,active_or_structured_endpoint_entry_observable,source_rejected_or_broken_role,outside_basin_rejected,True,structured_endpoint_collapse_not_legit,outside_basin_rejected,source_rejected_or_broken_role,active_or_structured_endpoint_entry_observable||source_rejected_or_broken_role,outside_basin_rejected,True
15083,18,ripple_wall,novel_signed_scramble_collapse,64,64,3.5445832639675427e-06,0.0026208549995986,-0.9993170293091892,0.0004693459268108,1.3553935110698287,0.0531427742147241,True,0.1911071708579415,0.5258841823725228,0.3250541007990304,0.8457591115170825,0.9999814523743508,0.9950162885889252,True,False,64,False,False,False,28,structured_source,structured_endpoint_collapse_not_legit,active_or_structured_endpoint_entry_observable,source_basin_eligible_nonactive_role,structured_endpoint_collapse_not_legit,True,structured_endpoint_collapse_not_legit,structured_endpoint_collapse_not_legit,source_basin_eligible_nonactive_role,active_or_structured_endpoint_entry_observable||source_basin_eligible_nonactive_role,structured_endpoint_collapse_not_legit,True
15101,26,oblique_triple,novel_source_phase_flip,64,64,1.2676660245358086e-06,0.0015917869991429,-0.9998256969657572,3.93217297572912e-05,1.9092205002645672,0.0400913336882924,True,0.0598346139191105,0.3324046630266316,0.0957933600849899,2.340365257166263,0.9999788138179312,0.9952112976224686,True,False,64,False,False,False,27,structured_source,structured_endpoint_collapse_not_legit,active_or_structured_endpoint_entry_observable,source_basin_eligible_nonactive_role,structured_endpoint_collapse_not_legit,True,structured_endpoint_collapse_not_legit,structured_endpoint_collapse_not_legit,source_basin_eligible_nonactive_role,active_or_structured_endpoint_entry_observable||source_basin_eligible_nonactive_role,structured_endpoint_collapse_not_legit,True
15101,26,oblique_triple,structured_anti_collapse,64,64,0.001033920860318,0.0448416830291333,-0.9922322251348386,0.0075541501011614,1.3033428007460428,0.0179064617858251,True,0.0598346139191105,0.3324046630266316,0.0957933600849899,2.340365257166263,0.9827203554334196,0.8650991155728588,True,False,64,False,False,False,27,structured_source,structured_endpoint_collapse_not_legit,active_or_structured_endpoint_entry_observable,source_basin_eligible_nonactive_role,structured_endpoint_collapse_not_legit,True,structured_endpoint_collapse_not_legit,structured_endpoint_collapse_not_legit,source_basin_eligible_nonactive_role,active_or_structured_endpoint_entry_observable||source_basin_eligible_nonactive_role,structured_endpoint_collapse_not_legit,True
15011,18,ripple_wall,novel_signed_scramble_collapse,64,64,5.2490234791464646e-05,0.0102213097508345,-0.9990755330872614,0.0007108421487386,1.3244507788722488,0.0389267957731631,True,0.2352643729871235,0.5507285729670498,0.408933716990815,0.7729035299858674,0.9997768882932644,0.9814403859659055,True,False,64,False,False,False,31,structured_source,structured_endpoint_collapse_not_legit,active_or_structured_endpoint_entry_observable,source_basin_eligible_nonactive_role,structured_endpoint_collapse_not_legit,True,structured_endpoint_collapse_not_legit,structured_endpoint_collapse_not_legit,source_basin_eligible_nonactive_role,active_or_structured_endpoint_entry_observable||source_basin_eligible_nonactive_role,structured_endpoint_collapse_not_legit,True
15053,18,corner_sink,novel_signed_scramble_collapse,64,64,6.315947339928529e-05,0.0111488593299562,-0.998364446109982,0.0014219291260179,2.3724815311515903,0.0558052994261585,True,0.0657251036729337,0.3326589886990537,0.1441811519706735,3.133126035016373,0.9990390357585036,0.9664856212828544,True,False,64,False,False,False,31,structured_source,structured_endpoint_collapse_not_legit,active_or_structured_endpoint_entry_observable,source_basin_eligible_nonactive_role,structured_endpoint_collapse_not_legit,True,structured_endpoint_collapse_not_legit,structured_endpoint_collapse_not_legit,source_basin_eligible_nonactive_role,active_or_structured_endpoint_entry_observable||source_basin_eligible_nonactive_role,structured_endpoint_collapse_not_legit,True
15053,18,corner_sink,wrong_sign,64,64,1.99735396755286,0.0044842248840436,0.9988851402544544,1.9986715154904544,16.569581310104688,0.9193564832203852,False,0.0657251036729337,0.3326589886990537,0.1441811519706735,3.133126035016373,-29.389514141550137,0.9865200549590832,False,False,64,False,False,False,35,rejected_or_broken_source,outside_basin_rejected,outside_basin_rejected_observable,source_rejected_or_broken_role,outside_basin_rejected,True,outside_basin_rejected,outside_basin_rejected,source_rejected_or_broken_role,outside_basin_rejected_observable||source_rejected_or_broken_role,outside_basin_rejected,True
15011,26,phase_fault,structured_permuted_collapse,64,64,5.391068682251291e-06,0.0032708798401752,-0.9994974419640535,0.0002889332719464,0.9727261323986082,0.0094942075749079,True,0.0166502448703773,0.1752851292256921,0.0507504996338662,0.900862509465356,0.9996762167929724,0.981339661524024,True,True,64,False,False,False,33,structured_source,structured_endpoint_collapse_not_legit,initial_basin_active_motion_observable,source_basin_eligible_nonactive_role,structured_endpoint_collapse_not_legit,True,structured_endpoint_collapse_not_legit,structured_endpoint_collapse_not_legit,source_basin_eligible_nonactive_role,initial_basin_active_motion_observable||source_basin_eligible_nonactive_role,structured_endpoint_collapse_not_legit,True
15083,26,corner_sink,structured_permuted_collapse,64,64,4.33630163297811e-05,0.0092830387623432,-0.9990439306276988,0.0007424446083013,9.262003386807772,0.2060301091466513,True,0.0506391514790633,0.3054672714351399,0.0892639291096754,3.1062732702306883,0.999143685941364,0.9696103653929948,True,False,64,False,False,False,27,structured_source,structured_endpoint_collapse_not_legit,active_or_structured_endpoint_entry_observable,source_basin_eligible_nonactive_role,structured_endpoint_collapse_not_legit,True,structured_endpoint_collapse_not_legit,structured_endpoint_collapse_not_legit,source_basin_eligible_nonactive_role,active_or_structured_endpoint_entry_observable||source_basin_eligible_nonactive_role,structured_endpoint_collapse_not_legit,True
15053,18,broken_ring,structured_permuted_collapse,64,64,0.0004781559317074,0.0308726702879979,-0.9980002921742366,0.0017860830617634,1.7113309850278011,0.0536364632789257,True,0.2600760718454243,0.6302858289519636,0.3505594350651323,0.8315451293178505,0.9981614766429192,0.951017984427345,True,False,64,False,False,False,31,structured_source,structured_endpoint_collapse_not_legit,active_or_structured_endpoint_entry_observable,source_basin_eligible_nonactive_role,structured_endpoint_collapse_not_legit,True,structured_endpoint_collapse_not_legit,structured_endpoint_collapse_not_legit,source_basin_eligible_nonactive_role,active_or_structured_endpoint_entry_observable||source_basin_eligible_nonactive_role,structured_endpoint_collapse_not_legit,True
15053,18,corner_sink,hold_broken,64,0,0.0657251036729337,0.3326589886990537,-0.8556052232653265,0.1441811519706735,3.133126035016373,0.0968451489890581,False,0.0657251036729337,0.3326589886990537,0.1441811519706735,3.133126035016373,0.0,0.0,False,False,64,True,True,True,0,rejected_or_broken_source,outside_basin_rejected,outside_basin_rejected_observable,source_rejected_or_broken_role,outside_basin_rejected,True,outside_basin_rejected,outside_basin_rejected,source_rejected_or_broken_role,outside_basin_rejected_observable||source_rejected_or_broken_role,outside_basin_rejected,True
15053,18,corner_sink,novel_noise_sink,64,64,9.203668673382809e-05,0.0135080505751431,-0.9985191171221844,0.0012672581138155,1.1515433770057797,0.0326156302720762,True,0.0657251036729337,0.3326589886990537,0.1441811519706735,3.133126035016373,0.9985996722319308,0.9593937003508334,True,False,64,False,False,False,22,rejected_or_broken_source,outside_basin_rejected,active_or_structured_endpoint_entry_observable,source_rejected_or_broken_role,outside_basin_rejected,True,structured_endpoint_collapse_not_legit,outside_basin_rejected,source_rejected_or_broken_role,active_or_structured_endpoint_entry_observable||source_rejected_or_broken_role,outside_basin_rejected,True
15053,18,corner_sink,random,64,64,0.7848984326826234,0.7267971952897878,0.0207834177150481,1.020569792951048,1.1685877883631557,0.0362670665837552,False,0.0657251036729337,0.3326589886990537,0.1441811519706735,3.133126035016373,-10.942140655685412,-1.1848115336697365,False,False,64,False,False,False,40,rejected_or_broken_source,outside_basin_rejected,outside_basin_rejected_observable,source_rejected_or_broken_role,outside_basin_rejected,True,outside_basin_rejected,outside_basin_rejected,source_rejected_or_broken_role,outside_basin_rejected_observable||source_rejected_or_broken_role,outside_basin_rejected,True
15053,26,broken_ring,random,64,64,0.7178750972786805,0.7221515045915002,-0.0436235235346836,0.9561628517013164,1.2418842072922895,0.0211864667737235,False,0.0993089080020933,0.4082365771558983,0.1787755941850647,0.6825721308315896,-6.228707995231604,-0.7689534573844775,False,False,64,False,False,False,36,rejected_or_broken_source,outside_basin_rejected,outside_basin_rejected_observable,source_rejected_or_broken_role,outside_basin_rejected,True,outside_basin_rejected,outside_basin_rejected,source_rejected_or_broken_role,outside_basin_rejected_observable||source_rejected_or_broken_role,outside_basin_rejected,True
15083,26,corner_sink,novel_source_phase_flip,64,64,4.393059799623893e-05,0.0093734107086797,-0.9997672002813568,1.917495464331953e-05,3.279009413967598,0.0969393385925182,True,0.0506391514790633,0.3054672714351399,0.0892639291096754,3.1062732702306883,0.9991324775847886,0.9693145171801512,True,False,64,False,False,False,36,structured_source,structured_endpoint_collapse_not_legit,active_or_structured_endpoint_entry_observable,source_basin_eligible_nonactive_role,structured_endpoint_collapse_not_legit,True,structured_endpoint_collapse_not_legit,structured_endpoint_collapse_not_legit,source_basin_eligible_nonactive_role,active_or_structured_endpoint_entry_observable||source_basin_eligible_nonactive_role,structured_endpoint_collapse_not_legit,True
15053,26,broken_ring,novel_source_phase_flip,64,64,1.2509036330333702e-06,0.0015703603760436,-0.9995972309645592,0.0001891442714406,1.2343750873418509,0.0181453378598413,True,0.0993089080020933,0.4082365771558983,0.1787755941850647,0.6825721308315896,0.9999874039030516,0.996153307996113,True,False,64,False,False,False,21,structured_source,structured_endpoint_collapse_not_legit,active_or_structured_endpoint_entry_observable,source_basin_eligible_nonactive_role,structured_endpoint_collapse_not_legit,True,structured_endpoint_collapse_not_legit,structured_endpoint_collapse_not_legit,source_basin_eligible_nonactive_role,active_or_structured_endpoint_entry_observable||source_basin_eligible_nonactive_role,structured_endpoint_collapse_not_legit,True
15053,26,broken_ring,novel_signed_scramble_collapse,64,64,1.3171115355987578e-05,0.0051045463332728,-0.9992517375610775,0.0005346376749223,1.324832638654031,0.0179094544370198,True,0.0993089080020933,0.4082365771558983,0.1787755941850647,0.6825721308315896,0.9998673722567206,0.9874961073556352,True,False,64,False,False,False,33,structured_source,structured_endpoint_collapse_not_legit,active_or_structured_endpoint_entry_observable,source_basin_eligible_nonactive_role,structured_endpoint_collapse_not_legit,True,structured_endpoint_collapse_not_legit,structured_endpoint_collapse_not_legit,source_basin_eligible_nonactive_role,active_or_structured_endpoint_entry_observable||source_basin_eligible_nonactive_role,structured_endpoint_collapse_not_legit,True
15053,26,broken_ring,hold_broken,64,0,0.0993089080020933,0.4082365771558983,-0.8210107810509353,0.1787755941850647,0.6825721308315896,0.0134343737639547,False,0.0993089080020933,0.4082365771558983,0.1787755941850647,0.6825721308315896,0.0,0.0,False,False,64,True,True,True,0,rejected_or_broken_source,outside_basin_rejected,outside_basin_rejected_observable,source_rejected_or_broken_role,outside_basin_rejected,True,outside_basin_rejected,outside_basin_rejected,source_rejected_or_broken_role,outside_basin_rejected_observable||source_rejected_or_broken_role,outside_basin_rejected,True
15031,18,oblique_triple,novel_noise_sink,64,64,0.0009395641132989,0.0430515461219888,-0.9947175880926822,0.0050687871433178,1.3440127982695915,0.0436073739356339,True,0.1717808678260752,0.5322149471350927,0.245578878770429,2.2183514589037774,0.9945304496002147,0.9191087241073292,True,False,64,False,False,False,29,rejected_or_broken_source,outside_basin_rejected,active_or_structured_endpoint_entry_observable,source_rejected_or_broken_role,outside_basin_rejected,True,structured_endpoint_collapse_not_legit,outside_basin_rejected,source_rejected_or_broken_role,active_or_structured_endpoint_entry_observable||source_rejected_or_broken_role,outside_basin_rejected,True
15053,18,oblique_triple,structured_permuted_collapse,64,64,5.294018961658691e-06,0.0032483250098706,-0.9995955282984654,0.0001908469375345,4.872103893917079,0.4466867088962334,True,0.1135538860065097,0.4265799956539882,0.2124553584188049,2.818667051330227,0.9999533787865146,0.9923851914202328,True,False,64,False,False,False,30,structured_source,structured_endpoint_collapse_not_legit,active_or_structured_endpoint_entry_observable,source_basin_eligible_nonactive_role,structured_endpoint_collapse_not_legit,True,structured_endpoint_collapse_not_legit,structured_endpoint_collapse_not_legit,source_basin_eligible_nonactive_role,active_or_structured_endpoint_entry_observable||source_basin_eligible_nonactive_role,structured_endpoint_collapse_not_legit,True
15053,26,broken_ring,wrong_sign,64,64,0.7074070586024456,0.1271046806403651,0.1828625656438377,1.1826489408798375,25.181272813844792,0.968699414931363,False,0.0993089080020933,0.4082365771558983,0.1787755941850647,0.6825721308315896,-6.123299136281016,0.6886494553560918,False,False,64,False,False,False,34,rejected_or_broken_source,outside_basin_rejected,outside_basin_rejected_observable,source_rejected_or_broken_role,outside_basin_rejected,True,outside_basin_rejected,outside_basin_rejected,source_rejected_or_broken_role,outside_basin_rejected_observable||source_rejected_or_broken_role,outside_basin_rejected,True
15053,18,phase_fault,novel_signed_scramble_collapse,64,64,1.276518870953586,0.6191053568741174,0.4732194967811294,1.4730058720171293,1.0639098912499956,0.0345370980296468,False,0.0210640407808542,0.1937819758325939,0.0676507753401575,1.0863051417719292,-59.60180400211968,-2.19485521918076,False,True,64,False,False,False,64,structured_source,structured_source_failed_basin_entry,structured_origin_failed_basin_observable,source_basin_eligible_nonactive_role,structured_source_failed_basin_entry,True,structured_source_failed_basin_entry,structured_source_failed_basin_entry,source_basin_eligible_nonactive_role,structured_origin_failed_basin_observable||source_basin_eligible_nonactive_role,structured_source_failed_basin_entry,True
15053,26,prealigned_low_energy,wrong_sign,64,64,1.9956268221869675,0.0010493902235656,0.9980255636496632,1.9978119388856637,23.78576773540897,0.8968099412474727,False,0.1266460737838292,0.4560706488077491,0.212818492767281,1.1960173817937616,-14.75751037950472,0.9976990621358628,False,False,64,False,False,False,32,rejected_or_broken_source,outside_basin_rejected,outside_basin_rejected_observable,source_rejected_or_broken_role,outside_basin_rejected,True,outside_basin_rejected,outside_basin_rejected,source_rejected_or_broken_role,outside_basin_rejected_observable||source_rejected_or_broken_role,outside_basin_rejected,True
15053,18,phase_fault,structured_anti_collapse,64,64,0.000192042288843,0.0189239879176753,-0.9946905672551416,0.0050958079808584,1.2730311316713134,0.0290609169982975,True,0.0210640407808542,0.1937819758325939,0.0676507753401575,1.0863051417719292,0.9908829321101352,0.9023439211140776,True,True,64,False,False,False,37,structured_source,structured_endpoint_collapse_not_legit,initial_basin_active_motion_observable,source_basin_eligible_nonactive_role,structured_endpoint_collapse_not_legit,True,structured_endpoint_collapse_not_legit,structured_endpoint_collapse_not_legit,source_basin_eligible_nonactive_role,initial_basin_active_motion_observable||source_basin_eligible_nonactive_role,structured_endpoint_collapse_not_legit,True
15011,18,ripple_wall,wrong_sign,64,64,1.360059792881272,0.3114541045127658,0.6198172573064489,1.6196036325424488,12.71681503359622,0.5802296096522404,False,0.2352643729871235,0.5507285729670498,0.408933716990815,0.7729035299858674,-4.780984921805095,0.4344689565764829,False,False,64,False,False,False,35,rejected_or_broken_source,outside_basin_rejected,outside_basin_rejected_observable,source_rejected_or_broken_role,outside_basin_rejected,True,outside_basin_rejected,outside_basin_rejected,source_rejected_or_broken_role,outside_basin_rejected_observable||source_rejected_or_broken_role,outside_basin_rejected,True
15053,26,prealigned_low_energy,novel_signed_scramble_collapse,64,64,8.714614302618853e-05,0.0131605539837888,-0.9987413370107874,0.0010450382252126,1.653938995614308,0.0330594599882118,True,0.1266460737838292,0.4560706488077491,0.212818492767281,1.1960173817937616,0.9993118922567292,0.9711436067653902,True,False,64,False,False,False,30,structured_source,structured_endpoint_collapse_not_legit,active_or_structured_endpoint_entry_observable,source_basin_eligible_nonactive_role,structured_endpoint_collapse_not_legit,True,structured_endpoint_collapse_not_legit,structured_endpoint_collapse_not_legit,source_basin_eligible_nonactive_role,active_or_structured_endpoint_entry_observable||source_basin_eligible_nonactive_role,structured_endpoint_collapse_not_legit,True
15053,18,phase_fault,wrong_sign,64,64,1.1784112514510925,0.2886079463852276,0.5080358809286603,1.50782225616466,12.392850408824174,0.682168137907346,False,0.0210640407808542,0.1937819758325939,0.0676507753401575,1.0863051417719292,-54.94421619555745,-0.4893436045572341,False,True,64,False,False,False,35,rejected_or_broken_source,outside_basin_rejected,outside_basin_rejected_observable,source_rejected_or_broken_role,outside_basin_rejected,True,outside_basin_rejected,outside_basin_rejected,source_rejected_or_broken_role,outside_basin_rejected_observable||source_rejected_or_broken_role,outside_basin_rejected,True
15083,18,ripple_wall,structured_anti_collapse,64,64,0.0007882060957911,0.0392189785182359,-0.9935989754939109,0.0061873997420892,0.9940793967626508,0.0386672755427182,True,0.1911071708579415,0.5258841823725228,0.3250541007990304,0.8457591115170825,0.9958755807369838,0.9254227835067692,True,False,64,False,False,False,29,structured_source,structured_endpoint_collapse_not_legit,active_or_structured_endpoint_entry_observable,source_basin_eligible_nonactive_role,structured_endpoint_collapse_not_legit,True,structured_endpoint_collapse_not_legit,structured_endpoint_collapse_not_legit,source_basin_eligible_nonactive_role,active_or_structured_endpoint_entry_observable||source_basin_eligible_nonactive_role,structured_endpoint_collapse_not_legit,True
15083,18,ripple_wall,novel_source_phase_flip,64,64,7.699687605376039e-07,0.0012386662626321,-0.9998614978750112,7.512263901110483e-05,1.1288256706013828,0.031925364333697,True,0.1911071708579415,0.5258841823725228,0.3250541007990304,0.8457591115170825,0.9999959710053942,0.9976446025471966,True,False,64,False,False,False,25,structured_source,structured_endpoint_collapse_not_legit,active_or_structured_endpoint_entry_observable,source_basin_eligible_nonactive_role,structured_endpoint_collapse_not_legit,True,structured_endpoint_collapse_not_legit,structured_endpoint_collapse_not_legit,source_basin_eligible_nonactive_role,active_or_structured_endpoint_entry_observable||source_basin_eligible_nonactive_role,structured_endpoint_collapse_not_legit,True
15053,18,phase_fault,novel_source_phase_flip,64,64,0.0001320078935902,0.0160065795881844,-0.9969925969578234,0.0027937782781766,0.967468433325984,0.0155125949900979,True,0.0210640407808542,0.1937819758325939,0.0676507753401575,1.0863051417719292,0.993733021315456,0.917399027849062,True,True,64,False,False,False,31,structured_source,structured_endpoint_collapse_not_legit,initial_basin_active_motion_observable,source_basin_eligible_nonactive_role,structured_endpoint_collapse_not_legit,True,structured_endpoint_collapse_not_legit,structured_endpoint_collapse_not_legit,source_basin_eligible_nonactive_role,initial_basin_active_motion_observable||source_basin_eligible_nonactive_role,structured_endpoint_collapse_not_legit,True
15011,18,ripple_wall,random,64,64,0.7433560372686386,0.6789642111875179,0.0129918208483097,1.01277819608431,1.237722874207946,0.0458865113707777,False,0.2352643729871235,0.5507285729670498,0.408933716990815,0.7729035299858674,-2.159662586511406,-0.2328472581863074,False,False,64,False,False,False,32,rejected_or_broken_source,outside_basin_rejected,outside_basin_rejected_observable,source_rejected_or_broken_role,outside_basin_rejected,True,outside_basin_rejected,outside_basin_rejected,source_rejected_or_broken_role,outside_basin_rejected_observable||source_rejected_or_broken_role,outside_basin_rejected,True
15083,26,oblique_triple,novel_source_phase_flip,64,64,7.669724001437748e-07,0.0012379946403436,-0.9998226253500412,3.625011404118084e-05,1.8201735887066297,0.037971779495403,True,0.043114598400068,0.2817007634005155,0.0829088457265134,2.721491143469369,0.9999822108188736,0.9956052847482736,True,False,64,False,False,False,35,structured_source,structured_endpoint_collapse_not_legit,active_or_structured_endpoint_entry_observable,source_basin_eligible_nonactive_role,structured_endpoint_collapse_not_legit,True,structured_endpoint_collapse_not_legit,structured_endpoint_collapse_not_legit,source_basin_eligible_nonactive_role,active_or_structured_endpoint_entry_observable||source_basin_eligible_nonactive_role,structured_endpoint_collapse_not_legit,True
15011,26,prealigned_low_energy,hold_broken,64,0,2.3020052495615912e-08,2.855026316740988e-05,-0.999999036909708,0.000212661673708,1.4709517177309663,0.0284792218475888,True,2.3020052495615912e-08,2.855026316740988e-05,0.000212661673708,1.4709517177309663,0.0,0.0,True,True,64,True,True,True,0,rejected_or_broken_source,initial_basin_broken_hold_not_passive,initial_basin_no_motion_observable,source_rejected_or_broken_role,initial_basin_broken_hold_not_passive,True,passive_no_motion_basin_member,initial_basin_broken_hold_not_passive,source_rejected_or_broken_role,initial_basin_no_motion_observable||source_rejected_or_broken_role,initial_basin_broken_hold_not_passive,True
15083,26,oblique_triple,novel_signed_scramble_collapse,64,64,3.832865784341189e-05,0.0087339404896698,-0.999173513742896,0.0006128614931041,2.0987845624459736,0.0716647628379202,True,0.043114598400068,0.2817007634005155,0.0829088457265134,2.721491143469369,0.9991110050826204,0.9689956804333504,True,False,64,False,False,False,33,structured_source,structured_endpoint_collapse_not_legit,active_or_structured_endpoint_entry_observable,source_basin_eligible_nonactive_role,structured_endpoint_collapse_not_legit,True,structured_endpoint_collapse_not_legit,structured_endpoint_collapse_not_legit,source_basin_eligible_nonactive_role,active_or_structured_endpoint_entry_observable||source_basin_eligible_nonactive_role,structured_endpoint_collapse_not_legit,True
15083,26,oblique_triple,random,64,64,0.7005947819432967,0.6821806586354279,-0.0324089344868748,0.9673774407491252,1.2813817980015951,0.0441945636853728,False,0.043114598400068,0.2817007634005155,0.0829088457265134,2.721491143469369,-15.249595448555583,-1.4216500175546127,False,False,64,False,False,False,33,rejected_or_broken_source,outside_basin_rejected,outside_basin_rejected_observable,source_rejected_or_broken_role,outside_basin_rejected,True,outside_basin_rejected,outside_basin_rejected,source_rejected_or_broken_role,outside_basin_rejected_observable||source_rejected_or_broken_role,outside_basin_rejected,True
15083,26,phase_fault,novel_source_phase_flip,64,64,0.0005128458537352,0.0319471894835044,-0.9975349775422104,0.0022513976937894,0.8970327402763575,0.0053326213518873,True,0.0219391755835587,0.2022951394777755,0.0543601665816506,0.943471430784264,0.9766241966222188,0.8420763367482871,True,True,64,False,False,False,30,structured_source,structured_endpoint_collapse_not_legit,initial_basin_active_motion_observable,source_basin_eligible_nonactive_role,structured_endpoint_collapse_not_legit,True,structured_endpoint_collapse_not_legit,structured_endpoint_collapse_not_legit,source_basin_eligible_nonactive_role,initial_basin_active_motion_observable||source_basin_eligible_nonactive_role,structured_endpoint_collapse_not_legit,True
15083,26,oblique_triple,wrong_sign,64,64,1.9091765587151472,0.0554846690776991,0.9534864088184016,1.9532727840544013,22.549045348941405,0.8413523770623985,False,0.043114598400068,0.2817007634005155,0.0829088457265134,2.721491143469369,-43.2814413103487,0.8030368522657662,False,False,64,False,False,False,35,rejected_or_broken_source,outside_basin_rejected,outside_basin_rejected_observable,source_rejected_or_broken_role,outside_basin_rejected,True,outside_basin_rejected,outside_basin_rejected,source_rejected_or_broken_role,outside_basin_rejected_observable||source_rejected_or_broken_role,outside_basin_rejected,True
15053,18,corner_sink,structured_anti_collapse,64,64,0.0001403279611286,0.0161755535156401,-0.9954266286011716,0.0043597466348282,1.227263137316342,0.035091973556784,True,0.0657251036729337,0.3326589886990537,0.1441811519706735,3.133126035016373,0.9978649259676364,0.9513749693647237,True,False,64,False,False,False,36,structured_source,structured_endpoint_collapse_not_legit,active_or_structured_endpoint_entry_observable,source_basin_eligible_nonactive_role,structured_endpoint_collapse_not_legit,True,structured_endpoint_collapse_not_legit,structured_endpoint_collapse_not_legit,source_basin_eligible_nonactive_role,active_or_structured_endpoint_entry_observable||source_basin_eligible_nonactive_role,structured_endpoint_collapse_not_legit,True
15031,18,corner_sink,novel_noise_sink,64,64,0.0001230494757498,0.0152896896468414,-0.9962757710140786,0.0035106042219213,1.3662974770922272,0.0631083248023273,True,0.1030984835813749,0.4284587987306248,0.1503995510400869,3.2289866218866456,0.9988064860658058,0.9643146792804728,True,False,64,False,False,False,24,rejected_or_broken_source,outside_basin_rejected,active_or_structured_endpoint_entry_observable,source_rejected_or_broken_role,outside_basin_rejected,True,structured_endpoint_collapse_not_legit,outside_basin_rejected,source_rejected_or_broken_role,active_or_structured_endpoint_entry_observable||source_rejected_or_broken_role,outside_basin_rejected,True
15011,26,phase_fault,structured_anti_collapse,64,64,0.000236208927596,0.0208745709088174,-0.9937307873566248,0.0060555878793752,1.1153732714026048,0.0138060329238003,True,0.0166502448703773,0.1752851292256921,0.0507504996338662,0.900862509465356,0.9858134862027106,0.8809107709141666,True,True,64,False,False,False,34,structured_source,structured_endpoint_collapse_not_legit,initial_basin_active_motion_observable,source_basin_eligible_nonactive_role,structured_endpoint_collapse_not_legit,True,structured_endpoint_collapse_not_legit,structured_endpoint_collapse_not_legit,source_basin_eligible_nonactive_role,initial_basin_active_motion_observable||source_basin_eligible_nonactive_role,structured_endpoint_collapse_not_legit,True
15053,26,corner_sink,novel_noise_sink,64,64,2.18381320229142e-06,0.0020767264720301,-0.9995522095575756,0.0002341656784243,1.1994375690722257,0.030509525699529,True,0.0270668322445034,0.2219914164067801,0.0696668897735396,3.578758149652344,0.9999193177028444,0.990645014538691,True,False,64,False,False,False,29,rejected_or_broken_source,outside_basin_rejected,active_or_structured_endpoint_entry_observable,source_rejected_or_broken_role,outside_basin_rejected,True,structured_endpoint_collapse_not_legit,outside_basin_rejected,source_rejected_or_broken_role,active_or_structured_endpoint_entry_observable||source_rejected_or_broken_role,outside_basin_rejected,True
15053,18,corner_sink,novel_source_phase_flip,64,64,4.744710864486911e-07,0.0009736095753523,-0.9998184153308752,3.204009487522974e-05,2.825878188353594,0.1516147901571314,True,0.0657251036729337,0.3326589886990537,0.1441811519706735,3.133126035016373,0.9999927809610036,0.9970732503571992,True,False,64,False,False,False,21,structured_source,structured_endpoint_collapse_not_legit,active_or_structured_endpoint_entry_observable,source_basin_eligible_nonactive_role,structured_endpoint_collapse_not_legit,True,structured_endpoint_collapse_not_legit,structured_endpoint_collapse_not_legit,source_basin_eligible_nonactive_role,active_or_structured_endpoint_entry_observable||source_basin_eligible_nonactive_role,structured_endpoint_collapse_not_legit,True
15053,18,broken_ring,structured_anti_collapse,64,64,0.0002510794355353,0.0221489163904842,-0.9963827927413303,0.0034035824946696,1.558066715086836,0.0517415042328046,True,0.2600760718454243,0.6302858289519636,0.3505594350651323,0.8315451293178505,0.9990345923223436,0.964858933242592,True,False,64,False,False,False,28,structured_source,structured_endpoint_collapse_not_legit,active_or_structured_endpoint_entry_observable,source_basin_eligible_nonactive_role,structured_endpoint_collapse_not_legit,True,structured_endpoint_collapse_not_legit,structured_endpoint_collapse_not_legit,source_basin_eligible_nonactive_role,active_or_structured_endpoint_entry_observable||source_basin_eligible_nonactive_role,structured_endpoint_collapse_not_legit,True
15031,26,phase_fault,wrong_sign,64,64,1.8272498732254467,0.1647480014152177,0.9047760003454838,1.904562375581484,22.724852258161125,0.84636588327788,False,0.0225638079510458,0.2033496834876571,0.0614534142872581,0.9255404404425182,-79.98144945701728,0.1898290737914654,False,True,64,False,False,False,35,rejected_or_broken_source,outside_basin_rejected,outside_basin_rejected_observable,source_rejected_or_broken_role,outside_basin_rejected,True,outside_basin_rejected,outside_basin_rejected,source_rejected_or_broken_role,outside_basin_rejected_observable||source_rejected_or_broken_role,outside_basin_rejected,True
15053,18,corner_sink,structured_permuted_collapse,64,64,0.0003687877681776,0.0266121552693572,-0.9943670830059248,0.0054192922300753,6.803684077724915,0.2657972258782727,True,0.0657251036729337,0.3326589886990537,0.1441811519706735,3.133126035016373,0.9943889359078496,0.920001694905793,True,False,64,False,False,False,31,structured_source,structured_endpoint_collapse_not_legit,active_or_structured_endpoint_entry_observable,source_basin_eligible_nonactive_role,structured_endpoint_collapse_not_legit,True,structured_endpoint_collapse_not_legit,structured_endpoint_collapse_not_legit,source_basin_eligible_nonactive_role,active_or_structured_endpoint_entry_observable||source_basin_eligible_nonactive_role,structured_endpoint_collapse_not_legit,True
15031,18,oblique_triple,random,64,64,0.6088483374302791,0.6990252499496981,-0.1459360518225106,0.8538503234134893,1.2212502285644364,0.0328457100226394,False,0.1717808678260752,0.5322149471350927,0.245578878770429,2.2183514589037774,-2.544331479592836,-0.313426565173019,False,False,64,False,False,False,33,rejected_or_broken_source,outside_basin_rejected,outside_basin_rejected_observable,source_rejected_or_broken_role,outside_basin_rejected,True,outside_basin_rejected,outside_basin_rejected,source_rejected_or_broken_role,outside_basin_rejected_observable||source_rejected_or_broken_role,outside_basin_rejected,True
15053,26,broken_ring,novel_noise_sink,64,64,3.801614420424386e-06,0.0027365692527256,-0.9994481185791768,0.000338256656823,1.1816395931935322,0.0296915426775995,True,0.0993089080020933,0.4082365771558983,0.1787755941850647,0.6825721308315896,0.9999617192908784,0.9932966093514106,True,False,64,False,False,False,26,rejected_or_broken_source,outside_basin_rejected,active_or_structured_endpoint_entry_observable,source_rejected_or_broken_role,outside_basin_rejected,True,structured_endpoint_collapse_not_legit,outside_basin_rejected,source_rejected_or_broken_role,active_or_structured_endpoint_entry_observable||source_rejected_or_broken_role,outside_basin_rejected,True
15083,26,broken_ring,structured_permuted_collapse,64,64,0.0001191736439354,0.0154269888676156,-0.9991903027996102,0.0005960724363898,1.7099648529950262,0.0316689998937523,True,0.1332541227521927,0.4676229969666844,0.2187166619448135,0.6521235295180905,0.999105666357834,0.9670097728968584,True,False,64,False,False,False,27,structured_source,structured_endpoint_collapse_not_legit,active_or_structured_endpoint_entry_observable,source_basin_eligible_nonactive_role,structured_endpoint_collapse_not_legit,True,structured_endpoint_collapse_not_legit,structured_endpoint_collapse_not_legit,source_basin_eligible_nonactive_role,active_or_structured_endpoint_entry_observable||source_basin_eligible_nonactive_role,structured_endpoint_collapse_not_legit,True
15053,18,broken_ring,novel_source_phase_flip,64,64,9.711185452466642e-07,0.0013706434511767,-0.999534237138443,0.0002521380975569,1.2484236082901947,0.035991214844394,True,0.2600760718454243,0.6302858289519636,0.3505594350651323,0.8315451293178505,0.9999962660173296,0.9978253620988852,True,False,64,False,False,False,21,structured_source,structured_endpoint_collapse_not_legit,active_or_structured_endpoint_entry_observable,source_basin_eligible_nonactive_role,structured_endpoint_collapse_not_legit,True,structured_endpoint_collapse_not_legit,structured_endpoint_collapse_not_legit,source_basin_eligible_nonactive_role,active_or_structured_endpoint_entry_observable||source_basin_eligible_nonactive_role,structured_endpoint_collapse_not_legit,True
15083,26,broken_ring,novel_source_phase_flip,64,64,1.7232875142626906e-06,0.0018408541734071,-0.9995458945906772,0.0002404806453227,1.23473583248827,0.0171924940116681,True,0.1332541227521927,0.4676229969666844,0.2187166619448135,0.6521235295180905,0.9999870676533028,0.9960633797175412,True,False,64,False,False,False,26,structured_source,structured_endpoint_collapse_not_legit,active_or_structured_endpoint_entry_observable,source_basin_eligible_nonactive_role,structured_endpoint_collapse_not_legit,True,structured_endpoint_collapse_not_legit,structured_endpoint_collapse_not_legit,source_basin_eligible_nonactive_role,active_or_structured_endpoint_entry_observable||source_basin_eligible_nonactive_role,structured_endpoint_collapse_not_legit,True
15101,26,phase_fault,novel_signed_scramble_collapse,64,64,1.3633609105873503,0.5608388072855918,0.5533335986929864,1.5531199739289865,1.0577906831338264,0.0109904492223737,False,0.010979044715984,0.1427851405613445,0.039629446966179,0.9973965711032596,-123.17846413170138,-2.9278513511825253,False,True,64,False,False,False,64,structured_source,structured_source_failed_basin_entry,structured_origin_failed_basin_observable,source_basin_eligible_nonactive_role,structured_source_failed_basin_entry,True,structured_source_failed_basin_entry,structured_source_failed_basin_entry,source_basin_eligible_nonactive_role,structured_origin_failed_basin_observable||source_basin_eligible_nonactive_role,structured_source_failed_basin_entry,True
15031,18,oblique_triple,hold_broken,64,0,0.1717808678260752,0.5322149471350927,-0.754207496465571,0.245578878770429,2.2183514589037774,0.0821385190818217,False,0.1717808678260752,0.5322149471350927,0.245578878770429,2.2183514589037774,0.0,0.0,False,False,64,True,True,True,0,rejected_or_broken_source,outside_basin_rejected,outside_basin_rejected_observable,source_rejected_or_broken_role,outside_basin_rejected,True,outside_basin_rejected,outside_basin_rejected,source_rejected_or_broken_role,outside_basin_rejected_observable||source_rejected_or_broken_role,outside_basin_rejected,True
15083,26,broken_ring,structured_anti_collapse,64,64,0.0004171546741628,0.0279049064744863,-0.992328121889818,0.0074582533461819,0.9888843321421824,0.0121747741230226,True,0.1332541227521927,0.4676229969666844,0.2187166619448135,0.6521235295180905,0.996869480159083,0.9403260604024256,True,False,64,False,False,False,37,structured_source,structured_endpoint_collapse_not_legit,active_or_structured_endpoint_entry_observable,source_basin_eligible_nonactive_role,structured_endpoint_collapse_not_legit,True,structured_endpoint_collapse_not_legit,structured_endpoint_collapse_not_legit,source_basin_eligible_nonactive_role,active_or_structured_endpoint_entry_observable||source_basin_eligible_nonactive_role,structured_endpoint_collapse_not_legit,True
15053,18,phase_fault,random,64,64,0.7984186347644817,0.7232440914623295,0.0364352485944396,1.0362216238304396,1.134396987482457,0.0360215409026629,False,0.0210640407808542,0.1937819758325939,0.0676507753401575,1.0863051417719292,-36.904343379988376,-2.73225677131293,False,True,64,False,False,False,39,rejected_or_broken_source,outside_basin_rejected,outside_basin_rejected_observable,source_rejected_or_broken_role,outside_basin_rejected,True,outside_basin_rejected,outside_basin_rejected,source_rejected_or_broken_role,outside_basin_rejected_observable||source_rejected_or_broken_role,outside_basin_rejected,True
15053,18,phase_fault,hold_broken,64,0,0.0210640407808542,0.1937819758325939,-0.9321355998958424,0.0676507753401575,1.0863051417719292,0.0270938858187634,True,0.0210640407808542,0.1937819758325939,0.0676507753401575,1.0863051417719292,0.0,0.0,True,True,64,True,True,True,0,rejected_or_broken_source,initial_basin_broken_hold_not_passive,initial_basin_no_motion_observable,source_rejected_or_broken_role,initial_basin_broken_hold_not_passive,True,passive_no_motion_basin_member,initial_basin_broken_hold_not_passive,source_rejected_or_broken_role,initial_basin_no_motion_observable||source_rejected_or_broken_role,initial_basin_broken_hold_not_passive,True
15011,18,ripple_wall,hold_broken,64,0,0.2352643729871235,0.5507285729670498,-0.590852658245185,0.408933716990815,0.7729035299858674,0.0161657374340538,False,0.2352643729871235,0.5507285729670498,0.408933716990815,0.7729035299858674,0.0,0.0,False,False,64,True,True,True,0,rejected_or_broken_source,outside_basin_rejected,outside_basin_rejected_observable,source_rejected_or_broken_role,outside_basin_rejected,True,outside_basin_rejected,outside_basin_rejected,source_rejected_or_broken_role,outside_basin_rejected_observable||source_rejected_or_broken_role,outside_basin_rejected,True
15053,26,phase_fault,random,64,64,0.7116099517291509,0.7230070466200638,-0.0508497524860744,0.9489366227499256,1.2244227987067504,0.0219461177341726,False,0.0227609436177898,0.2064419048743061,0.0538853147661554,0.9071357120899028,-30.26451889027548,-2.502230068346687,False,True,64,False,False,False,41,rejected_or_broken_source,outside_basin_rejected,outside_basin_rejected_observable,source_rejected_or_broken_role,outside_basin_rejected,True,outside_basin_rejected,outside_basin_rejected,source_rejected_or_broken_role,outside_basin_rejected_observable||source_rejected_or_broken_role,outside_basin_rejected,True
15083,18,ripple_wall,structured_permuted_collapse,64,64,1.1841559302395632e-05,0.0048304988358766,-0.9991952749049346,0.0005911003310653,1.791973451920028,0.0576316005299261,True,0.1911071708579415,0.5258841823725228,0.3250541007990304,0.8457591115170825,0.999938037069728,0.9908145196246926,True,False,64,False,False,False,28,structured_source,structured_endpoint_collapse_not_legit,active_or_structured_endpoint_entry_observable,source_basin_eligible_nonactive_role,structured_endpoint_collapse_not_legit,True,structured_endpoint_collapse_not_legit,structured_endpoint_collapse_not_legit,source_basin_eligible_nonactive_role,active_or_structured_endpoint_entry_observable||source_basin_eligible_nonactive_role,structured_endpoint_collapse_not_legit,True
15053,18,phase_fault,novel_noise_sink,64,64,5.577228773536568e-05,0.0103130067309383,-0.9975089934853152,0.0022773817506848,1.1494808418857076,0.0427230571894627,True,0.0210640407808542,0.1937819758325939,0.0676507753401575,1.0863051417719292,0.997352251198478,0.9467803613438516,True,True,64,False,False,False,28,rejected_or_broken_source,outside_basin_rejected,initial_basin_active_motion_observable,source_rejected_or_broken_role,outside_basin_rejected,True,structured_endpoint_collapse_not_legit,outside_basin_rejected,source_rejected_or_broken_role,initial_basin_active_motion_observable||source_rejected_or_broken_role,outside_basin_rejected,True
15053,18,ripple_wall,novel_noise_sink,64,64,5.207582838364351e-05,0.0100971351634735,-0.9983032979427232,0.0014830772932767,1.1474813347421502,0.0409892727409713,True,0.2404372440014232,0.575697347113977,0.3865838234183829,0.8860563192799962,0.9997834119684756,0.9824610357941131,True,False,64,False,False,False,26,rejected_or_broken_source,outside_basin_rejected,active_or_structured_endpoint_entry_observable,source_rejected_or_broken_role,outside_basin_rejected,True,structured_endpoint_collapse_not_legit,outside_basin_rejected,source_rejected_or_broken_role,active_or_structured_endpoint_entry_observable||source_rejected_or_broken_role,outside_basin_rejected,True
15053,26,oblique_triple,novel_noise_sink,64,64,2.439172724476571e-06,0.002182531819936,-0.9994474057625664,0.0003389694734337,1.172485882446899,0.031531869299569,True,0.0383539774985176,0.2681391737765161,0.0693493942546185,2.600978358045145,0.99993640363051,0.9918604514581412,True,False,64,False,False,False,31,rejected_or_broken_source,outside_basin_rejected,active_or_structured_endpoint_entry_observable,source_rejected_or_broken_role,outside_basin_rejected,True,structured_endpoint_collapse_not_legit,outside_basin_rejected,source_rejected_or_broken_role,active_or_structured_endpoint_entry_observable||source_rejected_or_broken_role,outside_basin_rejected,True
15053,26,oblique_triple,wrong_sign,64,64,1.9696560723077687,0.0073343713690655,0.9849701215696304,1.9847564968056304,19.100055886370544,0.6371574448689544,False,0.0383539774985176,0.2681391737765161,0.0693493942546185,2.600978358045145,-50.35467559612409,0.9726471471261,False,False,64,False,False,False,31,rejected_or_broken_source,outside_basin_rejected,outside_basin_rejected_observable,source_rejected_or_broken_role,outside_basin_rejected,True,outside_basin_rejected,outside_basin_rejected,source_rejected_or_broken_role,outside_basin_rejected_observable||source_rejected_or_broken_role,outside_basin_rejected,True
15053,26,oblique_triple,random,64,64,0.7069960240192312,0.7186452675190337,-0.0523999559165341,0.947386419319466,1.2521629493374316,0.0237576699210255,False,0.0383539774985176,0.2681391737765161,0.0693493942546185,2.600978358045145,-17.433447327050335,-1.6801203919436158,False,False,64,False,False,False,38,rejected_or_broken_source,outside_basin_rejected,outside_basin_rejected_observable,source_rejected_or_broken_role,outside_basin_rejected,True,outside_basin_rejected,outside_basin_rejected,source_rejected_or_broken_role,outside_basin_rejected_observable||source_rejected_or_broken_role,outside_basin_rejected,True
15011,26,prealigned_low_energy,novel_noise_sink,64,64,1.664436385408865e-05,0.0057488739016912,-0.9992973184186152,0.0004890568173848,1.269616558892236,0.0284888394650904,True,0.0884000261893255,0.3898819898415583,0.1574550296936816,1.4709517177309663,0.999811715385488,0.9852548359440436,True,False,64,False,False,False,29,rejected_or_broken_source,outside_basin_rejected,active_or_structured_endpoint_entry_observable,source_rejected_or_broken_role,outside_basin_rejected,True,structured_endpoint_collapse_not_legit,outside_basin_rejected,source_rejected_or_broken_role,active_or_structured_endpoint_entry_observable||source_rejected_or_broken_role,outside_basin_rejected,True
15053,26,prealigned_low_energy,novel_source_phase_flip,64,64,5.99604893933681e-07,0.0010940988612322,-0.9998328238066742,4.644857067415131e-05,1.9077040990810143,0.0448565623684635,True,0.1266460737838292,0.4560706488077491,0.212818492767281,1.1960173817937616,0.9999952654995452,0.9976010320657775,True,False,64,False,False,False,25,structured_source,structured_endpoint_collapse_not_legit,active_or_structured_endpoint_entry_observable,source_basin_eligible_nonactive_role,structured_endpoint_collapse_not_legit,True,structured_endpoint_collapse_not_legit,structured_endpoint_collapse_not_legit,source_basin_eligible_nonactive_role,active_or_structured_endpoint_entry_observable||source_basin_eligible_nonactive_role,structured_endpoint_collapse_not_legit,True
15083,18,phase_fault,structured_permuted_collapse,64,64,7.331482099344023e-06,0.0037824996601035,-0.9991900024331288,0.000596372802871,1.0093634246530012,0.022621664667619,True,0.0299052324297798,0.2245243593555085,0.0969498680533303,0.993368552650104,0.999754842798286,0.9831532771234964,True,False,64,False,False,False,31,structured_source,structured_endpoint_collapse_not_legit,active_or_structured_endpoint_entry_observable,source_basin_eligible_nonactive_role,structured_endpoint_collapse_not_legit,True,structured_endpoint_collapse_not_legit,structured_endpoint_collapse_not_legit,source_basin_eligible_nonactive_role,active_or_structured_endpoint_entry_observable||source_basin_eligible_nonactive_role,structured_endpoint_collapse_not_legit,True
15083,26,oblique_triple,structured_permuted_collapse,64,64,7.057788786370958e-05,0.0118761363326983,-0.999449980327326,0.000336394908674,4.501990369329564,0.16813757433797,True,0.043114598400068,0.2817007634005155,0.0829088457265134,2.721491143469369,0.9983630164380248,0.9578413058229064,True,False,64,False,False,False,29,structured_source,structured_endpoint_collapse_not_legit,active_or_structured_endpoint_entry_observable,source_basin_eligible_nonactive_role,structured_endpoint_collapse_not_legit,True,structured_endpoint_collapse_not_legit,structured_endpoint_collapse_not_legit,source_basin_eligible_nonactive_role,active_or_structured_endpoint_entry_observable||source_basin_eligible_nonactive_role,structured_endpoint_collapse_not_legit,True
15011,18,ripple_wall,novel_noise_sink,64,64,0.0001737086077259,0.0185820035971527,-0.9983281716263244,0.0014582036096756,1.4498778328399309,0.0796164585594871,True,0.2352643729871235,0.5507285729670498,0.408933716990815,0.7729035299858674,0.999261645073924,0.9662592345662974,True,False,64,False,False,False,23,rejected_or_broken_source,outside_basin_rejected,active_or_structured_endpoint_entry_observable,source_rejected_or_broken_role,outside_basin_rejected,True,structured_endpoint_collapse_not_legit,outside_basin_rejected,source_rejected_or_broken_role,active_or_structured_endpoint_entry_observable||source_rejected_or_broken_role,outside_basin_rejected,True
15031,18,ripple_wall,structured_permuted_collapse,64,64,2.1831597584183424e-06,0.0020781884653599,-0.999568539932889,0.000217835303111,1.7420715610704027,0.0646143694744927,True,0.3193138060168437,0.6445843614576854,0.4723754999974866,0.757185112810727,0.9999931629615844,0.9967759247809596,True,False,64,False,False,False,27,structured_source,structured_endpoint_collapse_not_legit,active_or_structured_endpoint_entry_observable,source_basin_eligible_nonactive_role,structured_endpoint_collapse_not_legit,True,structured_endpoint_collapse_not_legit,structured_endpoint_collapse_not_legit,source_basin_eligible_nonactive_role,active_or_structured_endpoint_entry_observable||source_basin_eligible_nonactive_role,structured_endpoint_collapse_not_legit,True
15053,26,oblique_triple,hold_broken,64,0,0.0383539774985176,0.2681391737765161,-0.9304369809813816,0.0693493942546185,2.600978358045145,0.0561099201964927,False,0.0383539774985176,0.2681391737765161,0.0693493942546185,2.600978358045145,0.0,0.0,False,False,64,True,True,True,0,rejected_or_broken_source,outside_basin_rejected,outside_basin_rejected_observable,source_rejected_or_broken_role,outside_basin_rejected,True,outside_basin_rejected,outside_basin_rejected,source_rejected_or_broken_role,outside_basin_rejected_observable||source_rejected_or_broken_role,outside_basin_rejected,True
15011,26,phase_fault,novel_source_phase_flip,64,64,0.0008848119793673,0.0419534930706591,-0.9966995681631576,0.0030868070728424,0.9136527240845,0.0058849237269761,True,0.0166502448703773,0.1752851292256921,0.0507504996338662,0.900862509465356,0.9468589208625732,0.7606557198734087,True,True,64,False,False,False,31,structured_source,structured_endpoint_collapse_not_legit,initial_basin_active_motion_observable,source_basin_eligible_nonactive_role,structured_endpoint_collapse_not_legit,True,structured_endpoint_collapse_not_legit,structured_endpoint_collapse_not_legit,source_basin_eligible_nonactive_role,initial_basin_active_motion_observable||source_basin_eligible_nonactive_role,structured_endpoint_collapse_not_legit,True
15031,18,corner_sink,novel_source_phase_flip,64,64,1.0451385576280318e-05,0.0045716135557275,-0.9997305124608412,5.586277515889915e-05,2.978266116230539,0.162102399831041,True,0.1030984835813749,0.4284587987306248,0.1503995510400869,3.2289866218866456,0.9998986271551906,0.9893300976190452,True,False,64,False,False,False,31,structured_source,structured_endpoint_collapse_not_legit,active_or_structured_endpoint_entry_observable,source_basin_eligible_nonactive_role,structured_endpoint_collapse_not_legit,True,structured_endpoint_collapse_not_legit,structured_endpoint_collapse_not_legit,source_basin_eligible_nonactive_role,active_or_structured_endpoint_entry_observable||source_basin_eligible_nonactive_role,structured_endpoint_collapse_not_legit,True
15031,18,corner_sink,novel_signed_scramble_collapse,64,64,0.0004448330138759,0.0297139755480467,-0.9971891296022716,0.0025972456337283,2.177190006054663,0.0842063396165594,True,0.1030984835813749,0.4284587987306248,0.1503995510400869,3.2289866218866456,0.995685358315474,0.9306491647808152,True,False,64,False,False,False,30,structured_source,structured_endpoint_collapse_not_legit,active_or_structured_endpoint_entry_observable,source_basin_eligible_nonactive_role,structured_endpoint_collapse_not_legit,True,structured_endpoint_collapse_not_legit,structured_endpoint_collapse_not_legit,source_basin_eligible_nonactive_role,active_or_structured_endpoint_entry_observable||source_basin_eligible_nonactive_role,structured_endpoint_collapse_not_legit,True
15031,26,phase_fault,novel_signed_scramble_collapse,64,64,1.4319596631272993,0.5516741397819225,0.600080797297543,1.5998671725335432,0.9946004923357644,0.0112955684328605,False,0.0225638079510458,0.2033496834876571,0.0614534142872581,0.9255404404425182,-62.46267731810149,-1.7129333585301345,False,True,64,False,False,False,64,structured_source,structured_source_failed_basin_entry,structured_origin_failed_basin_observable,source_basin_eligible_nonactive_role,structured_source_failed_basin_entry,True,structured_source_failed_basin_entry,structured_source_failed_basin_entry,source_basin_eligible_nonactive_role,structured_origin_failed_basin_observable||source_basin_eligible_nonactive_role,structured_source_failed_basin_entry,True
15031,18,corner_sink,hold_broken,64,0,0.1030984835813749,0.4284587987306248,-0.849386824195913,0.1503995510400869,3.2289866218866456,0.1074053667966051,False,0.1030984835813749,0.4284587987306248,0.1503995510400869,3.2289866218866456,0.0,0.0,False,False,64,True,True,True,0,rejected_or_broken_source,outside_basin_rejected,outside_basin_rejected_observable,source_rejected_or_broken_role,outside_basin_rejected,True,outside_basin_rejected,outside_basin_rejected,source_rejected_or_broken_role,outside_basin_rejected_observable||source_rejected_or_broken_role,outside_basin_rejected,True
15053,18,broken_ring,novel_signed_scramble_collapse,64,64,0.0001689536545114,0.0183232077336697,-0.9983141770932012,0.0014721981427987,1.457360591196281,0.0486026736021551,True,0.2600760718454243,0.6302858289519636,0.3505594350651323,0.8315451293178505,0.9993503683198848,0.9709287328177624,True,False,64,False,False,False,28,structured_source,structured_endpoint_collapse_not_legit,active_or_structured_endpoint_entry_observable,source_basin_eligible_nonactive_role,structured_endpoint_collapse_not_legit,True,structured_endpoint_collapse_not_legit,structured_endpoint_collapse_not_legit,source_basin_eligible_nonactive_role,active_or_structured_endpoint_entry_observable||source_basin_eligible_nonactive_role,structured_endpoint_collapse_not_legit,True
15053,18,broken_ring,wrong_sign,64,64,1.818897192706212,0.1118973680191007,0.904228688896325,1.904015064132325,13.906633945200303,0.7896871859339083,False,0.2600760718454243,0.6302858289519636,0.3505594350651323,0.8315451293178505,-5.9937121850305255,0.8224656768723713,False,False,64,False,False,False,35,rejected_or_broken_source,outside_basin_rejected,outside_basin_rejected_observable,source_rejected_or_broken_role,outside_basin_rejected,True,outside_basin_rejected,outside_basin_rejected,source_rejected_or_broken_role,outside_basin_rejected_observable||source_rejected_or_broken_role,outside_basin_rejected,True
15031,18,corner_sink,wrong_sign,64,64,1.975212093003132,0.0320018745272605,0.987523380698642,1.9873097559346415,16.68004468143398,0.9358965665275274,False,0.1030984835813749,0.4284587987306248,0.1503995510400869,3.2289866218866456,-18.158498014434443,0.9253093305050654,False,False,64,False,False,False,31,rejected_or_broken_source,outside_basin_rejected,outside_basin_rejected_observable,source_rejected_or_broken_role,outside_basin_rejected,True,outside_basin_rejected,outside_basin_rejected,source_rejected_or_broken_role,outside_basin_rejected_observable||source_rejected_or_broken_role,outside_basin_rejected,True
15083,26,broken_ring,hold_broken,64,0,0.1332541227521927,0.4676229969666844,-0.7810697132911865,0.2187166619448135,0.6521235295180905,0.0111895001539889,False,0.1332541227521927,0.4676229969666844,0.2187166619448135,0.6521235295180905,0.0,0.0,False,False,64,True,True,True,0,rejected_or_broken_source,outside_basin_rejected,outside_basin_rejected_observable,source_rejected_or_broken_role,outside_basin_rejected,True,outside_basin_rejected,outside_basin_rejected,source_rejected_or_broken_role,outside_basin_rejected_observable||source_rejected_or_broken_role,outside_basin_rejected,True
15083,26,broken_ring,novel_signed_scramble_collapse,64,64,2.5074919080655925e-06,0.0022252244102717,-0.9995346608342232,0.0002517144017767,1.3254804931382282,0.0164575278477059,True,0.1332541227521927,0.4676229969666844,0.2187166619448135,0.6521235295180905,0.9999811826241752,0.9952414136479572,True,False,64,False,False,False,31,structured_source,structured_endpoint_collapse_not_legit,active_or_structured_endpoint_entry_observable,source_basin_eligible_nonactive_role,structured_endpoint_collapse_not_legit,True,structured_endpoint_collapse_not_legit,structured_endpoint_collapse_not_legit,source_basin_eligible_nonactive_role,active_or_structured_endpoint_entry_observable||source_basin_eligible_nonactive_role,structured_endpoint_collapse_not_legit,True
15083,26,broken_ring,wrong_sign,64,64,1.9830873117739365,0.0007704700074514,0.9917391781837496,1.9915255534197496,23.877752062617557,0.8812522134784794,False,0.1332541227521927,0.4676229969666844,0.2187166619448135,0.6521235295180905,-13.881995924793411,0.9983523692943942,False,False,64,False,False,False,33,rejected_or_broken_source,outside_basin_rejected,outside_basin_rejected_observable,source_rejected_or_broken_role,outside_basin_rejected,True,outside_basin_rejected,outside_basin_rejected,source_rejected_or_broken_role,outside_basin_rejected_observable||source_rejected_or_broken_role,outside_basin_rejected,True
15031,18,corner_sink,random,64,64,0.6274256111609319,0.7010332391367978,-0.1260566573327842,0.8737297179032157,1.2102825318863963,0.0331159490943875,False,0.1030984835813749,0.4284587987306248,0.1503995510400869,3.2289866218866456,-5.085691945804648,-0.6361742160811741,False,False,64,False,False,False,37,rejected_or_broken_source,outside_basin_rejected,outside_basin_rejected_observable,source_rejected_or_broken_role,outside_basin_rejected,True,outside_basin_rejected,outside_basin_rejected,source_rejected_or_broken_role,outside_basin_rejected_observable||source_rejected_or_broken_role,outside_basin_rejected,True
15083,26,broken_ring,novel_noise_sink,64,64,1.6971061006204748e-06,0.0018305890551729,-0.9995786352246352,0.0002077400113649,1.8043707570917829,0.0586297686034803,True,0.1332541227521927,0.4676229969666844,0.2187166619448135,0.6521235295180905,0.9999872641306282,0.9960853314143155,True,False,64,False,False,False,25,rejected_or_broken_source,outside_basin_rejected,active_or_structured_endpoint_entry_observable,source_rejected_or_broken_role,outside_basin_rejected,True,structured_endpoint_collapse_not_legit,outside_basin_rejected,source_rejected_or_broken_role,active_or_structured_endpoint_entry_observable||source_rejected_or_broken_role,outside_basin_rejected,True
15031,18,oblique_triple,novel_signed_scramble_collapse,64,64,8.743779265472287e-06,0.0039735140273909,-0.9984830161891244,0.0013033590468755,1.3732186619352795,0.0453440338155297,True,0.1717808678260752,0.5322149471350927,0.245578878770429,2.2183514589037774,0.9999490992193946,0.9925340051988903,True,False,64,False,False,False,28,structured_source,structured_endpoint_collapse_not_legit,active_or_structured_endpoint_entry_observable,source_basin_eligible_nonactive_role,structured_endpoint_collapse_not_legit,True,structured_endpoint_collapse_not_legit,structured_endpoint_collapse_not_legit,source_basin_eligible_nonactive_role,active_or_structured_endpoint_entry_observable||source_basin_eligible_nonactive_role,structured_endpoint_collapse_not_legit,True
15031,18,oblique_triple,wrong_sign,64,64,1.4859638531139834,0.2422116389508887,0.7070414509329699,1.7068278261689698,12.839629185378143,0.5995179620779394,False,0.1717808678260752,0.5322149471350927,0.245578878770429,2.2183514589037774,-7.650345477418603,0.5448988416141707,False,False,64,False,False,False,35,rejected_or_broken_source,outside_basin_rejected,outside_basin_rejected_observable,source_rejected_or_broken_role,outside_basin_rejected,True,outside_basin_rejected,outside_basin_rejected,source_rejected_or_broken_role,outside_basin_rejected_observable||source_rejected_or_broken_role,outside_basin_rejected,True
15083,26,broken_ring,random,64,64,0.704363678920054,0.6787552949709851,-0.0261239042590402,0.9736624709769598,1.2843718241293731,0.0428501569564736,False,0.1332541227521927,0.4676229969666844,0.2187166619448135,0.6521235295180905,-4.285867816830285,-0.4515011010437778,False,False,64,False,False,False,31,rejected_or_broken_source,outside_basin_rejected,outside_basin_rejected_observable,source_rejected_or_broken_role,outside_basin_rejected,True,outside_basin_rejected,outside_basin_rejected,source_rejected_or_broken_role,outside_basin_rejected_observable||source_rejected_or_broken_role,outside_basin_rejected,True
15053,26,oblique_triple,novel_signed_scramble_collapse,64,64,2.9877687102162583e-05,0.0076723982692445,-0.9988431472665148,0.000943227969485,2.374596890095628,0.0969311875599959,True,0.0383539774985176,0.2681391737765161,0.0693493942546185,2.600978358045145,0.9992210015740208,0.9713865073791474,True,False,64,False,False,False,29,structured_source,structured_endpoint_collapse_not_legit,active_or_structured_endpoint_entry_observable,source_basin_eligible_nonactive_role,structured_endpoint_collapse_not_legit,True,structured_endpoint_collapse_not_legit,structured_endpoint_collapse_not_legit,source_basin_eligible_nonactive_role,active_or_structured_endpoint_entry_observable||source_basin_eligible_nonactive_role,structured_endpoint_collapse_not_legit,True
15053,26,oblique_triple,structured_permuted_collapse,64,64,2.969820094015133e-05,0.007700047166344,-0.999461297527784,0.0003250777082161,4.6454961829116055,0.0628382413229724,True,0.0383539774985176,0.2681391737765161,0.0693493942546185,2.600978358045145,0.999225681301489,0.9712833934002756,True,False,64,False,False,False,31,structured_source,structured_endpoint_collapse_not_legit,active_or_structured_endpoint_entry_observable,source_basin_eligible_nonactive_role,structured_endpoint_collapse_not_legit,True,structured_endpoint_collapse_not_legit,structured_endpoint_collapse_not_legit,source_basin_eligible_nonactive_role,active_or_structured_endpoint_entry_observable||source_basin_eligible_nonactive_role,structured_endpoint_collapse_not_legit,True
15053,26,oblique_triple,structured_anti_collapse,64,64,7.642427407709289e-05,0.0121839081144601,-0.997688535582314,0.0020978396536859,0.7869510334010001,0.0076536232428374,True,0.0383539774985176,0.2681391737765161,0.0693493942546185,2.600978358045145,0.9980073963625272,0.9545612528605404,True,False,64,False,False,False,34,structured_source,structured_endpoint_collapse_not_legit,active_or_structured_endpoint_entry_observable,source_basin_eligible_nonactive_role,structured_endpoint_collapse_not_legit,True,structured_endpoint_collapse_not_legit,structured_endpoint_collapse_not_legit,source_basin_eligible_nonactive_role,active_or_structured_endpoint_entry_observable||source_basin_eligible_nonactive_role,structured_endpoint_collapse_not_legit,True
15083,26,oblique_triple,structured_anti_collapse,64,64,0.0001351175292243,0.016150479581033,-0.9967209115269636,0.0030654637090362,0.96143803906466,0.009735675548502,True,0.043114598400068,0.2817007634005155,0.0829088457265134,2.721491143469369,0.9968660839892912,0.9426679594793528,True,False,64,False,False,False,38,structured_source,structured_endpoint_collapse_not_legit,active_or_structured_endpoint_entry_observable,source_basin_eligible_nonactive_role,structured_endpoint_collapse_not_legit,True,structured_endpoint_collapse_not_legit,structured_endpoint_collapse_not_legit,source_basin_eligible_nonactive_role,active_or_structured_endpoint_entry_observable||source_basin_eligible_nonactive_role,structured_endpoint_collapse_not_legit,True
15031,26,prealigned_low_energy,structured_permuted_collapse,64,64,1.393753908517224e-05,0.0052419069770499,-0.9991559076204164,0.0006304676155837,6.515992929331446,0.1477027960456007,True,0.2717307098526909,0.635167524754502,0.3741973212125135,1.0707375007251037,0.9999487082630716,0.9917472056209616,True,False,64,False,False,False,26,structured_source,structured_endpoint_collapse_not_legit,active_or_structured_endpoint_entry_observable,source_basin_eligible_nonactive_role,structured_endpoint_collapse_not_legit,True,structured_endpoint_collapse_not_legit,structured_endpoint_collapse_not_legit,source_basin_eligible_nonactive_role,active_or_structured_endpoint_entry_observable||source_basin_eligible_nonactive_role,structured_endpoint_collapse_not_legit,True
15083,26,phase_fault,structured_anti_collapse,64,64,0.000964770931896,0.0426272864321721,-0.9891818330383554,0.0106045421976446,1.0861116857000357,0.0154728277405819,True,0.0219391755835587,0.2022951394777755,0.0543601665816506,0.943471430784264,0.9560251966087978,0.7892817071976931,True,True,64,False,False,False,40,structured_source,structured_endpoint_collapse_not_legit,initial_basin_active_motion_observable,source_basin_eligible_nonactive_role,structured_endpoint_collapse_not_legit,True,structured_endpoint_collapse_not_legit,structured_endpoint_collapse_not_legit,source_basin_eligible_nonactive_role,initial_basin_active_motion_observable||source_basin_eligible_nonactive_role,structured_endpoint_collapse_not_legit,True
15053,26,oblique_triple,novel_source_phase_flip,64,64,5.54594963364952e-07,0.0010527914783479,-0.9998150113992884,2.8636163288520144e-05,1.824275905755374,0.0378783323928752,True,0.0383539774985176,0.2681391737765161,0.0693493942546185,2.600978358045145,0.9999855400665192,0.9960737125257892,True,False,64,False,False,False,27,structured_source,structured_endpoint_collapse_not_legit,active_or_structured_endpoint_entry_observable,source_basin_eligible_nonactive_role,structured_endpoint_collapse_not_legit,True,structured_endpoint_collapse_not_legit,structured_endpoint_collapse_not_legit,source_basin_eligible_nonactive_role,active_or_structured_endpoint_entry_observable||source_basin_eligible_nonactive_role,structured_endpoint_collapse_not_legit,True
15083,18,phase_fault,novel_signed_scramble_collapse,64,64,1.3068684878902206,0.6254561291108337,0.4910327306041866,1.4908191058401865,1.1934623870217809,0.0320189670679841,False,0.0299052324297798,0.2245243593555085,0.0969498680533303,0.993368552650104,-42.70032872729425,-1.7856938592516372,False,False,64,False,False,False,64,structured_source,structured_source_failed_basin_entry,structured_origin_failed_basin_observable,source_basin_eligible_nonactive_role,structured_source_failed_basin_entry,True,structured_source_failed_basin_entry,structured_source_failed_basin_entry,source_basin_eligible_nonactive_role,structured_origin_failed_basin_observable||source_basin_eligible_nonactive_role,structured_source_failed_basin_entry,True
15083,18,phase_fault,structured_anti_collapse,64,64,0.0007595904823841,0.0375696263046898,-0.989408314526298,0.010378060709702,1.070476305905279,0.0346913539902531,True,0.0299052324297798,0.2245243593555085,0.0969498680533303,0.993368552650104,0.9746000809342532,0.8326701547512921,True,False,64,False,False,False,33,structured_source,structured_endpoint_collapse_not_legit,active_or_structured_endpoint_entry_observable,source_basin_eligible_nonactive_role,structured_endpoint_collapse_not_legit,True,structured_endpoint_collapse_not_legit,structured_endpoint_collapse_not_legit,source_basin_eligible_nonactive_role,active_or_structured_endpoint_entry_observable||source_basin_eligible_nonactive_role,structured_endpoint_collapse_not_legit,True
15083,18,phase_fault,novel_source_phase_flip,64,64,0.0004649502655452,0.0304041241301553,-0.9974433500614308,0.0023430251745693,0.9376733837046848,0.01272793390949,True,0.0299052324297798,0.2245243593555085,0.0969498680533303,0.993368552650104,0.9844525446300584,0.864584296250553,True,False,64,False,False,False,38,structured_source,structured_endpoint_collapse_not_legit,active_or_structured_endpoint_entry_observable,source_basin_eligible_nonactive_role,structured_endpoint_collapse_not_legit,True,structured_endpoint_collapse_not_legit,structured_endpoint_collapse_not_legit,source_basin_eligible_nonactive_role,active_or_structured_endpoint_entry_observable||source_basin_eligible_nonactive_role,structured_endpoint_collapse_not_legit,True
15031,18,ripple_wall,structured_anti_collapse,64,64,0.0001780815508062,0.0178342091909549,-0.9936135246671096,0.0061728505688903,1.8285995099720216,0.0596023040155398,True,0.3193138060168437,0.6445843614576854,0.4723754999974866,0.757185112810727,0.9994422992415296,0.9723322341367444,True,False,64,False,False,False,30,structured_source,structured_endpoint_collapse_not_legit,active_or_structured_endpoint_entry_observable,source_basin_eligible_nonactive_role,structured_endpoint_collapse_not_legit,True,structured_endpoint_collapse_not_legit,structured_endpoint_collapse_not_legit,source_basin_eligible_nonactive_role,active_or_structured_endpoint_entry_observable||source_basin_eligible_nonactive_role,structured_endpoint_collapse_not_legit,True
15083,18,phase_fault,wrong_sign,64,64,1.9494117484192133,0.0534571460845177,0.9740337357089982,1.9738201109449984,16.784364558328683,0.912606903813714,False,0.0299052324297798,0.2245243593555085,0.0969498680533303,0.993368552650104,-64.18630988514866,0.7619093703742121,False,False,64,False,False,False,36,rejected_or_broken_source,outside_basin_rejected,outside_basin_rejected_observable,source_rejected_or_broken_role,outside_basin_rejected,True,outside_basin_rejected,outside_basin_rejected,source_rejected_or_broken_role,outside_basin_rejected_observable||source_rejected_or_broken_role,outside_basin_rejected,True
15083,18,phase_fault,random,64,64,0.6944240363224516,0.6567224772674681,-0.0212345572434201,0.9785518179925798,1.403208346581511,0.0437701773004445,False,0.0299052324297798,0.2245243593555085,0.0969498680533303,0.993368552650104,-22.22082056813303,-1.9249497878566424,False,False,64,False,False,False,36,rejected_or_broken_source,outside_basin_rejected,outside_basin_rejected_observable,source_rejected_or_broken_role,outside_basin_rejected,True,outside_basin_rejected,outside_basin_rejected,source_rejected_or_broken_role,outside_basin_rejected_observable||source_rejected_or_broken_role,outside_basin_rejected,True
15053,18,ripple_wall,hold_broken,64,0,0.2404372440014232,0.575697347113977,-0.6132025518176171,0.3865838234183829,0.8860563192799962,0.0158999510968482,False,0.2404372440014232,0.575697347113977,0.3865838234183829,0.8860563192799962,0.0,0.0,False,False,64,True,True,True,0,rejected_or_broken_source,outside_basin_rejected,outside_basin_rejected_observable,source_rejected_or_broken_role,outside_basin_rejected,True,outside_basin_rejected,outside_basin_rejected,source_rejected_or_broken_role,outside_basin_rejected_observable||source_rejected_or_broken_role,outside_basin_rejected,True
15053,26,prealigned_low_energy,structured_anti_collapse,64,64,0.000773772780009,0.0392638745981535,-0.9973586784759938,0.0024276967600062,0.7500732126506819,0.0067262932867313,True,0.1266460737838292,0.4560706488077491,0.212818492767281,1.1960173817937616,0.9938902742273426,0.9139083501608573,True,False,64,False,False,False,37,structured_source,structured_endpoint_collapse_not_legit,active_or_structured_endpoint_entry_observable,source_basin_eligible_nonactive_role,structured_endpoint_collapse_not_legit,True,structured_endpoint_collapse_not_legit,structured_endpoint_collapse_not_legit,source_basin_eligible_nonactive_role,active_or_structured_endpoint_entry_observable||source_basin_eligible_nonactive_role,structured_endpoint_collapse_not_legit,True
15053,26,corner_sink,hold_broken,64,0,0.0270668322445034,0.2219914164067801,-0.9301194854624604,0.0696668897735396,3.578758149652344,0.0664178273069471,False,0.0270668322445034,0.2219914164067801,0.0696668897735396,3.578758149652344,0.0,0.0,False,False,64,True,True,True,0,rejected_or_broken_source,outside_basin_rejected,outside_basin_rejected_observable,source_rejected_or_broken_role,outside_basin_rejected,True,outside_basin_rejected,outside_basin_rejected,source_rejected_or_broken_role,outside_basin_rejected_observable||source_rejected_or_broken_role,outside_basin_rejected,True
15101,26,broken_ring,structured_permuted_collapse,64,64,1.7030465288316317e-05,0.0058349247028846,-0.9996656098092468,0.000120765426753,1.7003503895393508,0.0238378367510704,True,0.1273077133555529,0.4656786187657952,0.1943163676469046,0.8384467405791018,0.9998662259666812,0.9874700609632098,True,False,64,False,False,False,29,structured_source,structured_endpoint_collapse_not_legit,active_or_structured_endpoint_entry_observable,source_basin_eligible_nonactive_role,structured_endpoint_collapse_not_legit,True,structured_endpoint_collapse_not_legit,structured_endpoint_collapse_not_legit,source_basin_eligible_nonactive_role,active_or_structured_endpoint_entry_observable||source_basin_eligible_nonactive_role,structured_endpoint_collapse_not_legit,True
15101,26,broken_ring,structured_anti_collapse,64,64,0.0012567312386311,0.0490713531015934,-0.9895167704704286,0.0102696047655713,1.2590151956366982,0.0213027520417184,True,0.1273077133555529,0.4656786187657952,0.1943163676469046,0.8384467405791018,0.9901283967287088,0.8946239936191538,True,False,64,False,False,False,29,structured_source,structured_endpoint_collapse_not_legit,active_or_structured_endpoint_entry_observable,source_basin_eligible_nonactive_role,structured_endpoint_collapse_not_legit,True,structured_endpoint_collapse_not_legit,structured_endpoint_collapse_not_legit,source_basin_eligible_nonactive_role,active_or_structured_endpoint_entry_observable||source_basin_eligible_nonactive_role,structured_endpoint_collapse_not_legit,True
15053,18,broken_ring,novel_noise_sink,64,64,0.0001279731427732,0.0158807163604783,-0.997850107324634,0.0019362679113659,1.1556325210999343,0.0419888771455572,True,0.2600760718454243,0.6302858289519636,0.3505594350651323,0.8315451293178505,0.999507939569893,0.9748039450801878,True,False,64,False,False,False,25,rejected_or_broken_source,outside_basin_rejected,active_or_structured_endpoint_entry_observable,source_rejected_or_broken_role,outside_basin_rejected,True,structured_endpoint_collapse_not_legit,outside_basin_rejected,source_rejected_or_broken_role,active_or_structured_endpoint_entry_observable||source_rejected_or_broken_role,outside_basin_rejected,True
15083,18,broken_ring,structured_permuted_collapse,64,64,2.305788710463003e-05,0.0067618185364685,-0.999159012271576,0.000627362964424,1.7744468789347958,0.0529909618405786,True,0.1928531298606867,0.5372322205625769,0.3115891540326397,0.8692378414037886,0.9998804380923392,0.9874136020166938,True,False,64,False,False,False,30,structured_source,structured_endpoint_collapse_not_legit,active_or_structured_endpoint_entry_observable,source_basin_eligible_nonactive_role,structured_endpoint_collapse_not_legit,True,structured_endpoint_collapse_not_legit,structured_endpoint_collapse_not_legit,source_basin_eligible_nonactive_role,active_or_structured_endpoint_entry_observable||source_basin_eligible_nonactive_role,structured_endpoint_collapse_not_legit,True
15031,18,oblique_triple,novel_source_phase_flip,64,64,8.020896641618474e-07,0.001264097402149,-0.9997074000107472,7.897522525279754e-05,1.723589051140557,0.0571475360595617,True,0.1717808678260752,0.5322149471350927,0.245578878770429,2.2183514589037774,0.9999953307334262,0.9976248367131528,True,False,64,False,False,False,24,structured_source,structured_endpoint_collapse_not_legit,active_or_structured_endpoint_entry_observable,source_basin_eligible_nonactive_role,structured_endpoint_collapse_not_legit,True,structured_endpoint_collapse_not_legit,structured_endpoint_collapse_not_legit,source_basin_eligible_nonactive_role,active_or_structured_endpoint_entry_observable||source_basin_eligible_nonactive_role,structured_endpoint_collapse_not_legit,True
15101,26,broken_ring,novel_signed_scramble_collapse,64,64,2.763633202432298e-06,0.0023441745746978,-0.999607177110439,0.0001791981255609,1.2848985286720864,0.0177668599962278,True,0.1273077133555529,0.4656786187657952,0.1943163676469046,0.8384467405791018,0.999978291698676,0.9949661107870796,True,False,64,False,False,False,27,structured_source,structured_endpoint_collapse_not_legit,active_or_structured_endpoint_entry_observable,source_basin_eligible_nonactive_role,structured_endpoint_collapse_not_legit,True,structured_endpoint_collapse_not_legit,structured_endpoint_collapse_not_legit,source_basin_eligible_nonactive_role,active_or_structured_endpoint_entry_observable||source_basin_eligible_nonactive_role,structured_endpoint_collapse_not_legit,True
15101,26,broken_ring,novel_source_phase_flip,64,64,1.4390512153509968e-06,0.0016851941660369,-0.9995908680661644,0.0001955071698357,1.2492385892293951,0.0178047825344881,True,0.1273077133555529,0.4656786187657952,0.1943163676469046,0.8384467405791018,0.9999886962684552,0.9963812077705014,True,False,64,False,False,False,29,structured_source,structured_endpoint_collapse_not_legit,active_or_structured_endpoint_entry_observable,source_basin_eligible_nonactive_role,structured_endpoint_collapse_not_legit,True,structured_endpoint_collapse_not_legit,structured_endpoint_collapse_not_legit,source_basin_eligible_nonactive_role,active_or_structured_endpoint_entry_observable||source_basin_eligible_nonactive_role,structured_endpoint_collapse_not_legit,True
15031,18,corner_sink,structured_permuted_collapse,64,64,0.0001013373410636,0.0141634491857203,-0.9983471430480738,0.0014392321879261,7.292446735941419,0.3964754912839323,True,0.1030984835813749,0.4284587987306248,0.1503995510400869,3.2289866218866456,0.999017082128248,0.9669432644897278,True,False,64,False,False,False,29,structured_source,structured_endpoint_collapse_not_legit,active_or_structured_endpoint_entry_observable,source_basin_eligible_nonactive_role,structured_endpoint_collapse_not_legit,True,structured_endpoint_collapse_not_legit,structured_endpoint_collapse_not_legit,source_basin_eligible_nonactive_role,active_or_structured_endpoint_entry_observable||source_basin_eligible_nonactive_role,structured_endpoint_collapse_not_legit,True
15031,18,corner_sink,structured_anti_collapse,64,64,0.0004181324485926,0.0274553272122331,-0.9907050810080568,0.0090812942279431,1.8192786051842436,0.0554191110570284,True,0.1030984835813749,0.4284587987306248,0.1503995510400869,3.2289866218866456,0.9959443394794594,0.9359207296138866,True,False,64,False,False,False,33,structured_source,structured_endpoint_collapse_not_legit,active_or_structured_endpoint_entry_observable,source_basin_eligible_nonactive_role,structured_endpoint_collapse_not_legit,True,structured_endpoint_collapse_not_legit,structured_endpoint_collapse_not_legit,source_basin_eligible_nonactive_role,active_or_structured_endpoint_entry_observable||source_basin_eligible_nonactive_role,structured_endpoint_collapse_not_legit,True
15011,26,phase_fault,wrong_sign,64,64,1.835549204475616,0.1236404081508962,0.912231265483748,1.912017640719748,22.3819733315294,0.8823082658079308,False,0.0166502448703773,0.1752851292256921,0.0507504996338662,0.900862509465356,-109.24157414237337,0.2946326439820516,False,True,64,False,False,False,32,rejected_or_broken_source,outside_basin_rejected,outside_basin_rejected_observable,source_rejected_or_broken_role,outside_basin_rejected,True,outside_basin_rejected,outside_basin_rejected,source_rejected_or_broken_role,outside_basin_rejected_observable||source_rejected_or_broken_role,outside_basin_rejected,True
15101,26,phase_fault,wrong_sign,64,64,1.3959900681835573,0.0419706281846528,0.6706083693489141,1.670394744584914,25.841405715119382,0.9953715598393172,False,0.010979044715984,0.1427851405613445,0.039629446966179,0.9973965711032596,-126.15041282462646,0.7060574509339288,False,True,64,False,False,False,33,rejected_or_broken_source,outside_basin_rejected,outside_basin_rejected_observable,source_rejected_or_broken_role,outside_basin_rejected,True,outside_basin_rejected,outside_basin_rejected,source_rejected_or_broken_role,outside_basin_rejected_observable||source_rejected_or_broken_role,outside_basin_rejected,True
15053,18,broken_ring,hold_broken,64,0,0.2600760718454243,0.6302858289519636,-0.6492269401708677,0.3505594350651323,0.8315451293178505,0.0302516516532287,False,0.2600760718454243,0.6302858289519636,0.3505594350651323,0.8315451293178505,0.0,0.0,False,False,64,True,True,True,0,rejected_or_broken_source,outside_basin_rejected,outside_basin_rejected_observable,source_rejected_or_broken_role,outside_basin_rejected,True,outside_basin_rejected,outside_basin_rejected,source_rejected_or_broken_role,outside_basin_rejected_observable||source_rejected_or_broken_role,outside_basin_rejected,True
15011,26,phase_fault,novel_signed_scramble_collapse,64,64,1.4088736180515085,0.5608673881132122,0.5823561622915392,1.582142537527539,0.9912633141659732,0.0115534131701843,False,0.0166502448703773,0.1752851292256921,0.0507504996338662,0.900862509465356,-83.61578967372655,-2.199743130456067,False,True,64,False,False,False,64,structured_source,structured_source_failed_basin_entry,structured_origin_failed_basin_observable,source_basin_eligible_nonactive_role,structured_source_failed_basin_entry,True,structured_source_failed_basin_entry,structured_source_failed_basin_entry,source_basin_eligible_nonactive_role,structured_origin_failed_basin_observable||source_basin_eligible_nonactive_role,structured_source_failed_basin_entry,True
15053,18,broken_ring,random,64,64,0.7989222816027891,0.7271349637937806,0.0341958816882645,1.0339822569242645,1.17092973270234,0.0362957186029191,False,0.2600760718454243,0.6302858289519636,0.3505594350651323,0.8315451293178505,-2.071879223381823,-0.1536590708420394,False,False,64,False,False,False,39,rejected_or_broken_source,outside_basin_rejected,outside_basin_rejected_observable,source_rejected_or_broken_role,outside_basin_rejected,True,outside_basin_rejected,outside_basin_rejected,source_rejected_or_broken_role,outside_basin_rejected_observable||source_rejected_or_broken_role,outside_basin_rejected,True
15011,18,corner_sink,novel_noise_sink,64,64,2.346794991207846e-05,0.0068002426359755,-0.9989541493555942,0.0008322258804057,1.5062601606635255,0.0754607385373552,True,0.1052222356619775,0.4245795275560238,0.1737144096045536,2.181504367279865,0.9997769677600536,0.9839835832968602,True,False,64,False,False,False,26,rejected_or_broken_source,outside_basin_rejected,active_or_structured_endpoint_entry_observable,source_rejected_or_broken_role,outside_basin_rejected,True,structured_endpoint_collapse_not_legit,outside_basin_rejected,source_rejected_or_broken_role,active_or_structured_endpoint_entry_observable||source_rejected_or_broken_role,outside_basin_rejected,True
15101,18,phase_fault,structured_permuted_collapse,64,64,3.860753535559229e-05,0.0087481241910641,-0.9989584900695048,0.0008278851664952,0.9695132741375544,0.0209933114773224,True,0.0323062377206646,0.2335825936155302,0.1002579044323755,0.9273342797755182,0.9988049510225172,0.9625480475380548,True,False,64,False,False,False,28,structured_source,structured_endpoint_collapse_not_legit,active_or_structured_endpoint_entry_observable,source_basin_eligible_nonactive_role,structured_endpoint_collapse_not_legit,True,structured_endpoint_collapse_not_legit,structured_endpoint_collapse_not_legit,source_basin_eligible_nonactive_role,active_or_structured_endpoint_entry_observable||source_basin_eligible_nonactive_role,structured_endpoint_collapse_not_legit,True
15083,18,phase_fault,hold_broken,64,0,0.0299052324297798,0.2245243593555085,-0.9028365071826696,0.0969498680533303,0.993368552650104,0.016028425713374,False,0.0299052324297798,0.2245243593555085,0.0969498680533303,0.993368552650104,0.0,0.0,False,False,64,True,True,True,0,rejected_or_broken_source,outside_basin_rejected,outside_basin_rejected_observable,source_rejected_or_broken_role,outside_basin_rejected,True,outside_basin_rejected,outside_basin_rejected,source_rejected_or_broken_role,outside_basin_rejected_observable||source_rejected_or_broken_role,outside_basin_rejected,True
15053,26,prealigned_low_energy,structured_permuted_collapse,64,64,0.0003502827308019,0.0261909272747486,-0.9959652772141272,0.0038210980218728,5.937210810281075,0.1215236805265203,True,0.1266460737838292,0.4560706488077491,0.212818492767281,1.1960173817937616,0.9972341603546504,0.9425726532848384,True,False,64,False,False,False,28,structured_source,structured_endpoint_collapse_not_legit,active_or_structured_endpoint_entry_observable,source_basin_eligible_nonactive_role,structured_endpoint_collapse_not_legit,True,structured_endpoint_collapse_not_legit,structured_endpoint_collapse_not_legit,source_basin_eligible_nonactive_role,active_or_structured_endpoint_entry_observable||source_basin_eligible_nonactive_role,structured_endpoint_collapse_not_legit,True
15083,18,phase_fault,novel_noise_sink,64,64,2.8735077505927734e-05,0.0075151145947321,-0.9987897772027394,0.0009965980332605,1.7342869731326054,0.1148165053706971,True,0.0299052324297798,0.2245243593555085,0.0969498680533303,0.993368552650104,0.999039128735333,0.9665287338208172,True,False,64,False,False,False,27,rejected_or_broken_source,outside_basin_rejected,active_or_structured_endpoint_entry_observable,source_rejected_or_broken_role,outside_basin_rejected,True,structured_endpoint_collapse_not_legit,outside_basin_rejected,source_rejected_or_broken_role,active_or_structured_endpoint_entry_observable||source_rejected_or_broken_role,outside_basin_rejected,True
15053,18,ripple_wall,random,64,64,0.7910936177950256,0.7244728333457916,0.0284773795146826,1.0282637547506828,1.1819083171604496,0.036446172048079,False,0.2404372440014232,0.575697347113977,0.3865838234183829,0.8860563192799962,-2.2902291035579028,-0.258426562111813,False,False,64,False,False,False,32,rejected_or_broken_source,outside_basin_rejected,outside_basin_rejected_observable,source_rejected_or_broken_role,outside_basin_rejected,True,outside_basin_rejected,outside_basin_rejected,source_rejected_or_broken_role,outside_basin_rejected_observable||source_rejected_or_broken_role,outside_basin_rejected,True
15101,18,phase_fault,structured_anti_collapse,64,64,0.0006027457722308,0.0339307601872982,-0.9924246459844076,0.0073617292515922,1.1188737991841555,0.0237834421819963,True,0.0323062377206646,0.2335825936155302,0.1002579044323755,0.9273342797755182,0.9813427432056984,0.8547376340721604,True,False,64,False,False,False,29,structured_source,structured_endpoint_collapse_not_legit,active_or_structured_endpoint_entry_observable,source_basin_eligible_nonactive_role,structured_endpoint_collapse_not_legit,True,structured_endpoint_collapse_not_legit,structured_endpoint_collapse_not_legit,source_basin_eligible_nonactive_role,active_or_structured_endpoint_entry_observable||source_basin_eligible_nonactive_role,structured_endpoint_collapse_not_legit,True
15053,26,phase_fault,hold_broken,64,0,0.0227609436177898,0.2064419048743061,-0.9459010604698446,0.0538853147661554,0.9071357120899028,0.0072298104711456,True,0.0227609436177898,0.2064419048743061,0.0538853147661554,0.9071357120899028,0.0,0.0,True,True,64,True,True,True,0,rejected_or_broken_source,initial_basin_broken_hold_not_passive,initial_basin_no_motion_observable,source_rejected_or_broken_role,initial_basin_broken_hold_not_passive,True,passive_no_motion_basin_member,initial_basin_broken_hold_not_passive,source_rejected_or_broken_role,initial_basin_no_motion_observable||source_rejected_or_broken_role,initial_basin_broken_hold_not_passive,True
15053,18,ripple_wall,novel_signed_scramble_collapse,64,64,1.5969556616361068e-05,0.0056198296437307,-0.9991891918402436,0.0005971833957565,1.3936784739946193,0.0520813332919582,True,0.2404372440014232,0.575697347113977,0.3865838234183829,0.8860563192799962,0.9999335811817232,0.9902382220920528,True,False,64,False,False,False,30,structured_source,structured_endpoint_collapse_not_legit,active_or_structured_endpoint_entry_observable,source_basin_eligible_nonactive_role,structured_endpoint_collapse_not_legit,True,structured_endpoint_collapse_not_legit,structured_endpoint_collapse_not_legit,source_basin_eligible_nonactive_role,active_or_structured_endpoint_entry_observable||source_basin_eligible_nonactive_role,structured_endpoint_collapse_not_legit,True
15031,26,oblique_triple,hold_broken,64,0,0.1149304742058244,0.4480483347553605,-0.8291591847457466,0.1706271904902534,2.6437972019655342,0.0595164115490409,False,0.1149304742058244,0.4480483347553605,0.1706271904902534,2.6437972019655342,0.0,0.0,False,False,64,True,True,True,0,rejected_or_broken_source,outside_basin_rejected,outside_basin_rejected_observable,source_rejected_or_broken_role,outside_basin_rejected,True,outside_basin_rejected,outside_basin_rejected,source_rejected_or_broken_role,outside_basin_rejected_observable||source_rejected_or_broken_role,outside_basin_rejected,True
15031,26,oblique_triple,wrong_sign,64,64,1.9932041832081635,0.0049516672452223,0.9968066848059854,1.9965930600419852,19.82797929857897,0.6535122981829126,False,0.1149304742058244,0.4480483347553605,0.1706271904902534,2.6437972019655342,-16.342695198683952,0.9889483636873352,False,False,64,False,False,False,33,rejected_or_broken_source,outside_basin_rejected,outside_basin_rejected_observable,source_rejected_or_broken_role,outside_basin_rejected,True,outside_basin_rejected,outside_basin_rejected,source_rejected_or_broken_role,outside_basin_rejected_observable||source_rejected_or_broken_role,outside_basin_rejected,True
15031,26,prealigned_low_energy,novel_source_phase_flip,64,64,5.707687972502822e-07,0.0010676523198247,-0.9998270706715344,4.069543553442134e-05,1.9320794209293803,0.0435070138957706,True,0.2717307098526909,0.635167524754502,0.3741973212125135,1.0707375007251037,0.9999978995020566,0.998319101214698,True,False,64,False,False,False,27,structured_source,structured_endpoint_collapse_not_legit,active_or_structured_endpoint_entry_observable,source_basin_eligible_nonactive_role,structured_endpoint_collapse_not_legit,True,structured_endpoint_collapse_not_legit,structured_endpoint_collapse_not_legit,source_basin_eligible_nonactive_role,active_or_structured_endpoint_entry_observable||source_basin_eligible_nonactive_role,structured_endpoint_collapse_not_legit,True
15053,18,ripple_wall,wrong_sign,64,64,1.5046191719598483,0.3408543737191018,0.7011123988938,1.7008987741297998,12.222729241002067,0.58143763779027,False,0.2404372440014232,0.575697347113977,0.3865838234183829,0.8860563192799962,-5.257845693596806,0.4079278366866833,False,False,64,False,False,False,35,rejected_or_broken_source,outside_basin_rejected,outside_basin_rejected_observable,source_rejected_or_broken_role,outside_basin_rejected,True,outside_basin_rejected,outside_basin_rejected,source_rejected_or_broken_role,outside_basin_rejected_observable||source_rejected_or_broken_role,outside_basin_rejected,True
15031,26,oblique_triple,novel_noise_sink,64,64,1.0570552098797812e-05,0.0045792327812743,-0.9993719704429554,0.0004144047930445,1.301817412438975,0.0333580838656023,True,0.1149304742058244,0.4480483347553605,0.1706271904902534,2.6437972019655342,0.9999080265423792,0.9897796009335368,True,False,64,False,False,False,25,rejected_or_broken_source,outside_basin_rejected,active_or_structured_endpoint_entry_observable,source_rejected_or_broken_role,outside_basin_rejected,True,structured_endpoint_collapse_not_legit,outside_basin_rejected,source_rejected_or_broken_role,active_or_structured_endpoint_entry_observable||source_rejected_or_broken_role,outside_basin_rejected,True
15031,18,ripple_wall,novel_source_phase_flip,64,64,2.62785518532128e-06,0.0022924812473034,-0.9997708800301424,1.5495205857529726e-05,1.0925253545207925,0.0288947708343017,True,0.3193138060168437,0.6445843614576854,0.4723754999974866,0.757185112810727,0.999991770302017,0.9964434736779596,True,False,64,False,False,False,25,structured_source,structured_endpoint_collapse_not_legit,active_or_structured_endpoint_entry_observable,source_basin_eligible_nonactive_role,structured_endpoint_collapse_not_legit,True,structured_endpoint_collapse_not_legit,structured_endpoint_collapse_not_legit,source_basin_eligible_nonactive_role,active_or_structured_endpoint_entry_observable||source_basin_eligible_nonactive_role,structured_endpoint_collapse_not_legit,True
15031,18,ripple_wall,novel_signed_scramble_collapse,64,64,1.35132419290894e-05,0.0050884635410701,-0.9987214702405292,0.0010649049954707,1.2911476166443685,0.0331135905524783,True,0.3193138060168437,0.6445843614576854,0.4723754999974866,0.757185112810727,0.9999576803674805,0.9921058222223156,True,False,64,False,False,False,27,structured_source,structured_endpoint_collapse_not_legit,active_or_structured_endpoint_entry_observable,source_basin_eligible_nonactive_role,structured_endpoint_collapse_not_legit,True,structured_endpoint_collapse_not_legit,structured_endpoint_collapse_not_legit,source_basin_eligible_nonactive_role,active_or_structured_endpoint_entry_observable||source_basin_eligible_nonactive_role,structured_endpoint_collapse_not_legit,True
15031,26,oblique_triple,random,64,64,0.7357717973523494,0.7113015197698357,-0.0171400794215697,0.9826462958144304,1.2046494899648956,0.0127738983541321,False,0.1149304742058244,0.4480483347553605,0.1706271904902534,2.6437972019655342,-5.401886030934521,-0.5875553251584493,False,False,64,False,False,False,33,rejected_or_broken_source,outside_basin_rejected,outside_basin_rejected_observable,source_rejected_or_broken_role,outside_basin_rejected,True,outside_basin_rejected,outside_basin_rejected,source_rejected_or_broken_role,outside_basin_rejected_observable||source_rejected_or_broken_role,outside_basin_rejected,True
15101,26,broken_ring,wrong_sign,64,64,1.3869215746082553,0.0581882655027188,0.6646826917563234,1.6644690669923234,18.374858590735176,0.5700823809338075,False,0.1273077133555529,0.4656786187657952,0.1943163676469046,0.8384467405791018,-9.894246216840608,0.8750463019800816,False,False,64,False,False,False,34,rejected_or_broken_source,outside_basin_rejected,outside_basin_rejected_observable,source_rejected_or_broken_role,outside_basin_rejected,True,outside_basin_rejected,outside_basin_rejected,source_rejected_or_broken_role,outside_basin_rejected_observable||source_rejected_or_broken_role,outside_basin_rejected,True
15101,26,broken_ring,random,64,64,0.6185344497517211,0.7055458605113039,-0.1399759669372832,0.8598104082987168,1.228667905323262,0.0351389573408196,False,0.1273077133555529,0.4656786187657952,0.1943163676469046,0.8384467405791018,-3.8585779560770286,-0.515091808124501,False,False,64,False,False,False,35,rejected_or_broken_source,outside_basin_rejected,outside_basin_rejected_observable,source_rejected_or_broken_role,outside_basin_rejected,True,outside_basin_rejected,outside_basin_rejected,source_rejected_or_broken_role,outside_basin_rejected_observable||source_rejected_or_broken_role,outside_basin_rejected,True
15083,18,broken_ring,structured_anti_collapse,64,64,0.0015293484777146,0.0540310329321809,-0.9879819508234796,0.0118044244125204,1.0198090134815831,0.0309583736192861,True,0.1928531298606867,0.5372322205625769,0.3115891540326397,0.8692378414037886,0.9920698799142564,0.8994270431574257,True,False,64,False,False,False,34,structured_source,structured_endpoint_collapse_not_legit,active_or_structured_endpoint_entry_observable,source_basin_eligible_nonactive_role,structured_endpoint_collapse_not_legit,True,structured_endpoint_collapse_not_legit,structured_endpoint_collapse_not_legit,source_basin_eligible_nonactive_role,active_or_structured_endpoint_entry_observable||source_basin_eligible_nonactive_role,structured_endpoint_collapse_not_legit,True
15011,18,corner_sink,structured_permuted_collapse,64,64,9.697050354238388e-05,0.0138691970212589,-0.9985268590311536,0.0012595162048464,6.544139206738354,0.2806817044901827,True,0.1052222356619775,0.4245795275560238,0.1737144096045536,2.181504367279865,0.9990784219330504,0.9673342775096566,True,False,64,False,False,False,31,structured_source,structured_endpoint_collapse_not_legit,active_or_structured_endpoint_entry_observable,source_basin_eligible_nonactive_role,structured_endpoint_collapse_not_legit,True,structured_endpoint_collapse_not_legit,structured_endpoint_collapse_not_legit,source_basin_eligible_nonactive_role,active_or_structured_endpoint_entry_observable||source_basin_eligible_nonactive_role,structured_endpoint_collapse_not_legit,True
15011,26,corner_sink,structured_permuted_collapse,64,64,1.6393937186249684e-05,0.0057236563218353,-0.9996201444265398,0.0001662308094602,9.635209298355576,0.2973548251515114,True,0.0413721582809866,0.2801134788570055,0.0654274829456186,3.556105693165312,0.9996037446711262,0.9795666515364768,True,False,64,False,False,False,30,structured_source,structured_endpoint_collapse_not_legit,active_or_structured_endpoint_entry_observable,source_basin_eligible_nonactive_role,structured_endpoint_collapse_not_legit,True,structured_endpoint_collapse_not_legit,structured_endpoint_collapse_not_legit,source_basin_eligible_nonactive_role,active_or_structured_endpoint_entry_observable||source_basin_eligible_nonactive_role,structured_endpoint_collapse_not_legit,True
15101,26,broken_ring,hold_broken,64,0,0.1273077133555529,0.4656786187657952,-0.8054700075890954,0.1943163676469046,0.8384467405791018,0.0174582785346254,False,0.1273077133555529,0.4656786187657952,0.1943163676469046,0.8384467405791018,0.0,0.0,False,False,64,True,True,True,0,rejected_or_broken_source,outside_basin_rejected,outside_basin_rejected_observable,source_rejected_or_broken_role,outside_basin_rejected,True,outside_basin_rejected,outside_basin_rejected,source_rejected_or_broken_role,outside_basin_rejected_observable||source_rejected_or_broken_role,outside_basin_rejected,True
15053,26,corner_sink,random,64,64,0.7092322627693721,0.7213643273681704,-0.0521060321142218,0.9476803431217782,1.2574634343975573,0.0219397113809304,False,0.0270668322445034,0.2219914164067801,0.0696668897735396,3.578758149652344,-25.20300212220786,-2.24951450394858,False,False,64,False,False,False,38,rejected_or_broken_source,outside_basin_rejected,outside_basin_rejected_observable,source_rejected_or_broken_role,outside_basin_rejected,True,outside_basin_rejected,outside_basin_rejected,source_rejected_or_broken_role,outside_basin_rejected_observable||source_rejected_or_broken_role,outside_basin_rejected,True
15101,26,broken_ring,novel_noise_sink,64,64,1.2416146059588208e-06,0.0015594553388061,-0.9995598178300592,0.0002265574059406,1.2918900966883229,0.028567889142647,True,0.1273077133555529,0.4656786187657952,0.1943163676469046,0.8384467405791018,0.9999902471297832,0.9966512197963138,True,False,64,False,False,False,24,rejected_or_broken_source,outside_basin_rejected,active_or_structured_endpoint_entry_observable,source_rejected_or_broken_role,outside_basin_rejected,True,structured_endpoint_collapse_not_legit,outside_basin_rejected,source_rejected_or_broken_role,active_or_structured_endpoint_entry_observable||source_rejected_or_broken_role,outside_basin_rejected,True
15011,18,corner_sink,wrong_sign,64,64,1.7264301101715696,0.0906966050020464,0.8561862393745285,1.8559726146105289,12.258900540683104,0.6402418128184378,False,0.1052222356619775,0.4245795275560238,0.1737144096045536,2.181504367279865,-15.407464632306942,0.786384884064234,False,False,64,False,False,False,34,rejected_or_broken_source,outside_basin_rejected,outside_basin_rejected_observable,source_rejected_or_broken_role,outside_basin_rejected,True,outside_basin_rejected,outside_basin_rejected,source_rejected_or_broken_role,outside_basin_rejected_observable||source_rejected_or_broken_role,outside_basin_rejected,True
15011,26,phase_fault,random,64,64,0.7811934968277805,0.7215857394631061,0.0208511775999926,1.0206375528359926,1.3064966829847342,0.0292734388796443,False,0.0166502448703773,0.1752851292256921,0.0507504996338662,0.900862509465356,-45.91783831790332,-3.1166398008064684,False,True,64,False,False,False,40,rejected_or_broken_source,outside_basin_rejected,outside_basin_rejected_observable,source_rejected_or_broken_role,outside_basin_rejected,True,outside_basin_rejected,outside_basin_rejected,source_rejected_or_broken_role,outside_basin_rejected_observable||source_rejected_or_broken_role,outside_basin_rejected,True
15011,18,corner_sink,novel_source_phase_flip,64,64,2.120452822886681e-07,0.0006400626214328,-0.9999064185832618,0.0001200433472617,2.960298177355154,0.1581572258182044,True,0.1052222356619775,0.4245795275560238,0.1737144096045536,2.181504367279865,0.9999979847768776,0.9984924788387332,True,False,64,False,False,False,22,structured_source,structured_endpoint_collapse_not_legit,active_or_structured_endpoint_entry_observable,source_basin_eligible_nonactive_role,structured_endpoint_collapse_not_legit,True,structured_endpoint_collapse_not_legit,structured_endpoint_collapse_not_legit,source_basin_eligible_nonactive_role,active_or_structured_endpoint_entry_observable||source_basin_eligible_nonactive_role,structured_endpoint_collapse_not_legit,True
15031,18,oblique_triple,structured_permuted_collapse,64,64,6.982078303274506e-06,0.0037084425203041,-0.9993263636272884,0.0004600116087115,4.259445929252377,0.2517065368091253,True,0.1717808678260752,0.5322149471350927,0.245578878770429,2.2183514589037774,0.999959354732622,0.9930320586799382,True,False,64,False,False,False,28,structured_source,structured_endpoint_collapse_not_legit,active_or_structured_endpoint_entry_observable,source_basin_eligible_nonactive_role,structured_endpoint_collapse_not_legit,True,structured_endpoint_collapse_not_legit,structured_endpoint_collapse_not_legit,source_basin_eligible_nonactive_role,active_or_structured_endpoint_entry_observable||source_basin_eligible_nonactive_role,structured_endpoint_collapse_not_legit,True
15031,18,oblique_triple,structured_anti_collapse,64,64,0.0005694014880448,0.0335796424335445,-0.9964381533011464,0.0033482219348536,1.831046901915158,0.0606596855647949,True,0.1717808678260752,0.5322149471350927,0.245578878770429,2.2183514589037774,0.99668530322237,0.93690586366422,True,False,64,False,False,False,28,structured_source,structured_endpoint_collapse_not_legit,active_or_structured_endpoint_entry_observable,source_basin_eligible_nonactive_role,structured_endpoint_collapse_not_legit,True,structured_endpoint_collapse_not_legit,structured_endpoint_collapse_not_legit,source_basin_eligible_nonactive_role,active_or_structured_endpoint_entry_observable||source_basin_eligible_nonactive_role,structured_endpoint_collapse_not_legit,True
15011,18,corner_sink,hold_broken,64,0,0.1052222356619775,0.4245795275560238,-0.8260719656314464,0.1737144096045536,2.181504367279865,0.1026994064288613,False,0.1052222356619775,0.4245795275560238,0.1737144096045536,2.181504367279865,0.0,0.0,False,False,64,True,True,True,0,rejected_or_broken_source,outside_basin_rejected,outside_basin_rejected_observable,source_rejected_or_broken_role,outside_basin_rejected,True,outside_basin_rejected,outside_basin_rejected,source_rejected_or_broken_role,outside_basin_rejected_observable||source_rejected_or_broken_role,outside_basin_rejected,True
15011,18,corner_sink,random,64,64,0.7455894258437645,0.6816976814329038,0.0133607625562024,1.0131471377922026,1.2291512253843626,0.0462201804948165,False,0.1052222356619775,0.4245795275560238,0.1737144096045536,2.181504367279865,-6.085854250738948,-0.6055830231766117,False,False,64,False,False,False,34,rejected_or_broken_source,outside_basin_rejected,outside_basin_rejected_observable,source_rejected_or_broken_role,outside_basin_rejected,True,outside_basin_rejected,outside_basin_rejected,source_rejected_or_broken_role,outside_basin_rejected_observable||source_rejected_or_broken_role,outside_basin_rejected,True
15011,18,corner_sink,novel_signed_scramble_collapse,64,64,0.0001688576490783,0.0183297897630721,-0.9984695208787078,0.0013168543572922,1.5280207828720025,0.0830313761552954,True,0.1052222356619775,0.4245795275560238,0.1737144096045536,2.181504367279865,0.9983952284513395,0.9568283711898702,True,False,64,False,False,False,30,structured_source,structured_endpoint_collapse_not_legit,active_or_structured_endpoint_entry_observable,source_basin_eligible_nonactive_role,structured_endpoint_collapse_not_legit,True,structured_endpoint_collapse_not_legit,structured_endpoint_collapse_not_legit,source_basin_eligible_nonactive_role,active_or_structured_endpoint_entry_observable||source_basin_eligible_nonactive_role,structured_endpoint_collapse_not_legit,True
15101,18,phase_fault,novel_source_phase_flip,64,64,0.0001295119778962,0.0159768111895045,-0.9978458959118364,0.0019404793241636,0.947002787745982,0.0133166582798237,True,0.0323062377206646,0.2335825936155302,0.1002579044323755,0.9273342797755182,0.9959911153996914,0.9316010198228492,True,False,64,False,False,False,27,structured_source,structured_endpoint_collapse_not_legit,active_or_structured_endpoint_entry_observable,source_basin_eligible_nonactive_role,structured_endpoint_collapse_not_legit,True,structured_endpoint_collapse_not_legit,structured_endpoint_collapse_not_legit,source_basin_eligible_nonactive_role,active_or_structured_endpoint_entry_observable||source_basin_eligible_nonactive_role,structured_endpoint_collapse_not_legit,True
15031,26,prealigned_low_energy,novel_noise_sink,64,64,1.887072938537384e-06,0.0019171843073789,-0.9994724481606866,0.0003139270753134,1.3058261071941342,0.0329491173572019,True,0.2717307098526909,0.635167524754502,0.3741973212125135,1.0707375007251037,0.9999930553527074,0.9969816084203662,True,False,64,False,False,False,23,rejected_or_broken_source,outside_basin_rejected,active_or_structured_endpoint_entry_observable,source_rejected_or_broken_role,outside_basin_rejected,True,structured_endpoint_collapse_not_legit,outside_basin_rejected,source_rejected_or_broken_role,active_or_structured_endpoint_entry_observable||source_rejected_or_broken_role,outside_basin_rejected,True
15101,18,phase_fault,novel_signed_scramble_collapse,64,64,1.3941699698400871,0.5401694864367229,0.5802632649977686,1.5800496402337685,1.0451753341581809,0.0188358172226863,False,0.0323062377206646,0.2335825936155302,0.1002579044323755,0.9273342797755182,-42.15482297420701,-1.312541692744934,False,False,64,False,False,False,64,structured_source,structured_source_failed_basin_entry,structured_origin_failed_basin_observable,source_basin_eligible_nonactive_role,structured_source_failed_basin_entry,True,structured_source_failed_basin_entry,structured_source_failed_basin_entry,source_basin_eligible_nonactive_role,structured_origin_failed_basin_observable||source_basin_eligible_nonactive_role,structured_source_failed_basin_entry,True
15031,26,prealigned_low_energy,structured_anti_collapse,64,64,8.553704452496156e-05,0.0129807555589042,-0.9981819830863377,0.0016043921496624,0.9408275285732416,0.011697188275514,True,0.2717307098526909,0.635167524754502,0.3741973212125135,1.0707375007251037,0.9996852139179594,0.9795632568511732,True,False,64,False,False,False,34,structured_source,structured_endpoint_collapse_not_legit,active_or_structured_endpoint_entry_observable,source_basin_eligible_nonactive_role,structured_endpoint_collapse_not_legit,True,structured_endpoint_collapse_not_legit,structured_endpoint_collapse_not_legit,source_basin_eligible_nonactive_role,active_or_structured_endpoint_entry_observable||source_basin_eligible_nonactive_role,structured_endpoint_collapse_not_legit,True
15101,18,phase_fault,hold_broken,64,0,0.0323062377206646,0.2335825936155302,-0.8995284708036244,0.1002579044323755,0.9273342797755182,0.0128535930100181,False,0.0323062377206646,0.2335825936155302,0.1002579044323755,0.9273342797755182,0.0,0.0,False,False,64,True,True,True,0,rejected_or_broken_source,outside_basin_rejected,outside_basin_rejected_observable,source_rejected_or_broken_role,outside_basin_rejected,True,outside_basin_rejected,outside_basin_rejected,source_rejected_or_broken_role,outside_basin_rejected_observable||source_rejected_or_broken_role,outside_basin_rejected,True
15101,18,phase_fault,random,64,64,0.8442117484978326,0.7401635482151873,0.0681936896009657,1.0679800648369655,1.388526014714785,0.0471128761959705,False,0.0323062377206646,0.2335825936155302,0.1002579044323755,0.9273342797755182,-25.1315401617534,-2.168744454611652,False,False,64,False,False,False,42,rejected_or_broken_source,outside_basin_rejected,outside_basin_rejected_observable,source_rejected_or_broken_role,outside_basin_rejected,True,outside_basin_rejected,outside_basin_rejected,source_rejected_or_broken_role,outside_basin_rejected_observable||source_rejected_or_broken_role,outside_basin_rejected,True
15053,18,ripple_wall,novel_source_phase_flip,64,64,1.596917572570186e-06,0.0017871144713316,-0.9997788246401658,7.550595834238116e-06,1.105620445959839,0.0309226773497277,True,0.2404372440014232,0.575697347113977,0.3865838234183829,0.8860563192799962,0.999993358272845,0.9968957396081684,True,False,64,False,False,False,25,structured_source,structured_endpoint_collapse_not_legit,active_or_structured_endpoint_entry_observable,source_basin_eligible_nonactive_role,structured_endpoint_collapse_not_legit,True,structured_endpoint_collapse_not_legit,structured_endpoint_collapse_not_legit,source_basin_eligible_nonactive_role,active_or_structured_endpoint_entry_observable||source_basin_eligible_nonactive_role,structured_endpoint_collapse_not_legit,True
15101,18,phase_fault,wrong_sign,64,64,1.917366650749938,0.0056008993726374,0.9584531227381607,1.9582394979741609,17.190610719347504,0.9717849221928612,False,0.0323062377206646,0.2335825936155302,0.1002579044323755,0.9273342797755182,-58.34973509667287,0.9760217604962792,False,False,64,False,False,False,38,rejected_or_broken_source,outside_basin_rejected,outside_basin_rejected_observable,source_rejected_or_broken_role,outside_basin_rejected,True,outside_basin_rejected,outside_basin_rejected,source_rejected_or_broken_role,outside_basin_rejected_observable||source_rejected_or_broken_role,outside_basin_rejected,True
15031,26,oblique_triple,novel_source_phase_flip,64,64,1.1280796739536142e-06,0.0015018546426382,-0.999810705881144,2.433064514406613e-05,1.924119975327233,0.0403256084073638,True,0.1149304742058244,0.4480483347553605,0.1706271904902534,2.6437972019655342,0.9999901846687596,0.9966480075314756,True,False,64,False,False,False,33,structured_source,structured_endpoint_collapse_not_legit,active_or_structured_endpoint_entry_observable,source_basin_eligible_nonactive_role,structured_endpoint_collapse_not_legit,True,structured_endpoint_collapse_not_legit,structured_endpoint_collapse_not_legit,source_basin_eligible_nonactive_role,active_or_structured_endpoint_entry_observable||source_basin_eligible_nonactive_role,structured_endpoint_collapse_not_legit,True
15031,26,oblique_triple,structured_permuted_collapse,64,64,2.080384116556432e-05,0.0063850904367993,-0.9988707866575312,0.0009155885784688,5.746472896946257,0.2624844023909208,True,0.1149304742058244,0.4480483347553605,0.1706271904902534,2.6437972019655342,0.9998189875895914,0.9857491035174332,True,False,64,False,False,False,27,structured_source,structured_endpoint_collapse_not_legit,active_or_structured_endpoint_entry_observable,source_basin_eligible_nonactive_role,structured_endpoint_collapse_not_legit,True,structured_endpoint_collapse_not_legit,structured_endpoint_collapse_not_legit,source_basin_eligible_nonactive_role,active_or_structured_endpoint_entry_observable||source_basin_eligible_nonactive_role,structured_endpoint_collapse_not_legit,True
15031,26,prealigned_low_energy,novel_signed_scramble_collapse,64,64,5.07052374153455e-05,0.0100097369595344,-0.998683814202941,0.001102561033059,1.945473473596844,0.0370979693465679,True,0.2717307098526909,0.635167524754502,0.3741973212125135,1.0707375007251037,0.9998133989402868,0.9842407922785606,True,False,64,False,False,False,30,structured_source,structured_endpoint_collapse_not_legit,active_or_structured_endpoint_entry_observable,source_basin_eligible_nonactive_role,structured_endpoint_collapse_not_legit,True,structured_endpoint_collapse_not_legit,structured_endpoint_collapse_not_legit,source_basin_eligible_nonactive_role,active_or_structured_endpoint_entry_observable||source_basin_eligible_nonactive_role,structured_endpoint_collapse_not_legit,True
15031,26,prealigned_low_energy,hold_broken,64,0,2.2674462690103908e-08,4.116031490673959e-06,-0.9999992883254636,0.0002129130894636,1.0707375007251037,0.0207181498212367,True,2.2674462690103908e-08,4.116031490673959e-06,0.0002129130894636,1.0707375007251037,0.0,0.0,True,True,64,True,True,True,0,rejected_or_broken_source,initial_basin_broken_hold_not_passive,initial_basin_no_motion_observable,source_rejected_or_broken_role,initial_basin_broken_hold_not_passive,True,passive_no_motion_basin_member,initial_basin_broken_hold_not_passive,source_rejected_or_broken_role,initial_basin_no_motion_observable||source_rejected_or_broken_role,initial_basin_broken_hold_not_passive,True
15031,18,ripple_wall,random,64,64,0.6114329135590411,0.6987754473243513,-0.1427107068526682,0.8570756683833317,1.2146482115532402,0.0308252150707215,False,0.3193138060168437,0.6445843614576854,0.4723754999974866,0.757185112810727,-0.9148339408972292,-0.0840713630470838,False,False,64,False,False,False,34,rejected_or_broken_source,outside_basin_rejected,outside_basin_rejected_observable,source_rejected_or_broken_role,outside_basin_rejected,True,outside_basin_rejected,outside_basin_rejected,source_rejected_or_broken_role,outside_basin_rejected_observable||source_rejected_or_broken_role,outside_basin_rejected,True
15031,26,oblique_triple,novel_signed_scramble_collapse,64,64,3.3397961729975794e-05,0.0080998943183491,-0.9986965883341116,0.0010897869018883,2.330168634100773,0.0512933761695592,True,0.1149304742058244,0.4480483347553605,0.1706271904902534,2.6437972019655342,0.9997094072485084,0.9819218292067672,True,False,64,False,False,False,31,structured_source,structured_endpoint_collapse_not_legit,active_or_structured_endpoint_entry_observable,source_basin_eligible_nonactive_role,structured_endpoint_collapse_not_legit,True,structured_endpoint_collapse_not_legit,structured_endpoint_collapse_not_legit,source_basin_eligible_nonactive_role,active_or_structured_endpoint_entry_observable||source_basin_eligible_nonactive_role,structured_endpoint_collapse_not_legit,True
15031,18,ripple_wall,wrong_sign,64,64,1.205940945275149,0.2922238560255341,0.5254962571045987,1.5252826323405988,12.79201884256363,0.7259172347515008,False,0.3193138060168437,0.6445843614576854,0.4723754999974866,0.757185112810727,-2.7766639667586417,0.5466476174426019,False,False,64,False,False,False,34,rejected_or_broken_source,outside_basin_rejected,outside_basin_rejected_observable,source_rejected_or_broken_role,outside_basin_rejected,True,outside_basin_rejected,outside_basin_rejected,source_rejected_or_broken_role,outside_basin_rejected_observable||source_rejected_or_broken_role,outside_basin_rejected,True
15031,26,oblique_triple,structured_anti_collapse,64,64,0.0005405305088955,0.0326202948566252,-0.9956660134487328,0.0041203617872672,0.981164552040232,0.0126452829539939,True,0.1149304742058244,0.4480483347553605,0.1706271904902534,2.6437972019655342,0.9952968913282054,0.9271946968057286,True,False,64,False,False,False,32,structured_source,structured_endpoint_collapse_not_legit,active_or_structured_endpoint_entry_observable,source_basin_eligible_nonactive_role,structured_endpoint_collapse_not_legit,True,structured_endpoint_collapse_not_legit,structured_endpoint_collapse_not_legit,source_basin_eligible_nonactive_role,active_or_structured_endpoint_entry_observable||source_basin_eligible_nonactive_role,structured_endpoint_collapse_not_legit,True
15101,26,phase_fault,random,64,64,0.636545739960348,0.7144251831365241,-0.1264661947632022,0.8733201804727977,1.2830592743193543,0.0404851923908595,False,0.010979044715984,0.1427851405613445,0.039629446966179,0.9973965711032596,-56.97824458959003,-4.003498125392,False,True,64,False,False,False,37,rejected_or_broken_source,outside_basin_rejected,outside_basin_rejected_observable,source_rejected_or_broken_role,outside_basin_rejected,True,outside_basin_rejected,outside_basin_rejected,source_rejected_or_broken_role,outside_basin_rejected_observable||source_rejected_or_broken_role,outside_basin_rejected,True
15011,26,corner_sink,structured_anti_collapse,64,64,0.0001062647664873,0.0145111934388744,-0.99838823434389,0.0013981408921099,1.0588326346050114,0.0155126248525838,True,0.0413721582809866,0.2801134788570055,0.0654274829456186,3.556105693165312,0.9974314908406996,0.948195304634982,True,False,64,False,False,False,41,structured_source,structured_endpoint_collapse_not_legit,active_or_structured_endpoint_entry_observable,source_basin_eligible_nonactive_role,structured_endpoint_collapse_not_legit,True,structured_endpoint_collapse_not_legit,structured_endpoint_collapse_not_legit,source_basin_eligible_nonactive_role,active_or_structured_endpoint_entry_observable||source_basin_eligible_nonactive_role,structured_endpoint_collapse_not_legit,True
15031,26,corner_sink,structured_anti_collapse,64,64,0.0001154096207442,0.0149985399530713,-0.9973650035659418,0.0024213716700581,0.9196292868942152,0.010391560483493,True,0.0830488294472011,0.3873747610188582,0.1266430156778678,3.092471232219073,0.9986103401756408,0.961281576748614,True,False,64,False,False,False,38,structured_source,structured_endpoint_collapse_not_legit,active_or_structured_endpoint_entry_observable,source_basin_eligible_nonactive_role,structured_endpoint_collapse_not_legit,True,structured_endpoint_collapse_not_legit,structured_endpoint_collapse_not_legit,source_basin_eligible_nonactive_role,active_or_structured_endpoint_entry_observable||source_basin_eligible_nonactive_role,structured_endpoint_collapse_not_legit,True
15011,18,oblique_triple,hold_broken,64,0,0.0795055592316895,0.3773874425434908,-0.8709848353621986,0.1288015398738013,2.689060070101338,0.0954903771132216,False,0.0795055592316895,0.3773874425434908,0.1288015398738013,2.689060070101338,0.0,0.0,False,False,64,True,True,True,0,rejected_or_broken_source,outside_basin_rejected,outside_basin_rejected_observable,source_rejected_or_broken_role,outside_basin_rejected,True,outside_basin_rejected,outside_basin_rejected,source_rejected_or_broken_role,outside_basin_rejected_observable||source_rejected_or_broken_role,outside_basin_rejected,True
15011,18,oblique_triple,novel_noise_sink,64,64,7.361598223181833e-05,0.0120356982160829,-0.9982456179822398,0.0015407572537602,1.5156508671426503,0.0744597287282423,True,0.0795055592316895,0.3773874425434908,0.1288015398738013,2.689060070101338,0.9990740775369384,0.968107846578218,True,False,64,False,False,False,25,rejected_or_broken_source,outside_basin_rejected,active_or_structured_endpoint_entry_observable,source_rejected_or_broken_role,outside_basin_rejected,True,structured_endpoint_collapse_not_legit,outside_basin_rejected,source_rejected_or_broken_role,active_or_structured_endpoint_entry_observable||source_rejected_or_broken_role,outside_basin_rejected,True
15053,26,corner_sink,wrong_sign,64,64,1.117893050886181,0.1589088981895248,0.4870001137557965,1.4867864889917966,19.504071406615857,0.8242831970533309,False,0.0270668322445034,0.2219914164067801,0.0696668897735396,3.578758149652344,-40.301214739412,0.284166474713499,False,False,64,False,False,False,33,rejected_or_broken_source,outside_basin_rejected,outside_basin_rejected_observable,source_rejected_or_broken_role,outside_basin_rejected,True,outside_basin_rejected,outside_basin_rejected,source_rejected_or_broken_role,outside_basin_rejected_observable||source_rejected_or_broken_role,outside_basin_rejected,True
15011,26,corner_sink,novel_source_phase_flip,64,64,1.909185438585647e-05,0.0061786969485056,-0.9998724727983362,8.609756233624033e-05,3.343557718207341,0.0957335842706817,True,0.0413721582809866,0.2801134788570055,0.0654274829456186,3.556105693165312,0.9995385337343116,0.9779421648158612,True,False,64,False,False,False,28,structured_source,structured_endpoint_collapse_not_legit,active_or_structured_endpoint_entry_observable,source_basin_eligible_nonactive_role,structured_endpoint_collapse_not_legit,True,structured_endpoint_collapse_not_legit,structured_endpoint_collapse_not_legit,source_basin_eligible_nonactive_role,active_or_structured_endpoint_entry_observable||source_basin_eligible_nonactive_role,structured_endpoint_collapse_not_legit,True
15101,18,broken_ring,novel_noise_sink,64,64,0.0001918954741623,0.0194086254066085,-0.9971225043399828,0.0026638708960172,1.2111167188219532,0.0382065994749526,True,0.1966731995733873,0.5285404575797169,0.3376261006619573,0.6828264029008939,0.999024292707,0.963278827326772,True,False,64,False,False,False,24,rejected_or_broken_source,outside_basin_rejected,active_or_structured_endpoint_entry_observable,source_rejected_or_broken_role,outside_basin_rejected,True,structured_endpoint_collapse_not_legit,outside_basin_rejected,source_rejected_or_broken_role,active_or_structured_endpoint_entry_observable||source_rejected_or_broken_role,outside_basin_rejected,True
15101,18,broken_ring,random,64,64,0.8517014382282168,0.7422381080963768,0.0737523838900711,1.0735387591260712,1.3868137048408815,0.0478975852960564,False,0.1966731995733873,0.5285404575797169,0.3376261006619573,0.6828264029008939,-3.330541426449308,-0.4043165427577977,False,False,64,False,False,False,39,rejected_or_broken_source,outside_basin_rejected,outside_basin_rejected_observable,source_rejected_or_broken_role,outside_basin_rejected,True,outside_basin_rejected,outside_basin_rejected,source_rejected_or_broken_role,outside_basin_rejected_observable||source_rejected_or_broken_role,outside_basin_rejected,True
15011,26,corner_sink,novel_signed_scramble_collapse,64,64,0.000148595805508,0.0171572548771024,-0.998107025332521,0.0016793499034789,2.687766463995371,0.1108231341190313,True,0.0413721582809866,0.2801134788570055,0.0654274829456186,3.556105693165312,0.9964083138835718,0.9387489136615242,True,False,64,False,False,False,31,structured_source,structured_endpoint_collapse_not_legit,active_or_structured_endpoint_entry_observable,source_basin_eligible_nonactive_role,structured_endpoint_collapse_not_legit,True,structured_endpoint_collapse_not_legit,structured_endpoint_collapse_not_legit,source_basin_eligible_nonactive_role,active_or_structured_endpoint_entry_observable||source_basin_eligible_nonactive_role,structured_endpoint_collapse_not_legit,True
15011,26,corner_sink,wrong_sign,64,64,1.8811990071154936,0.0699185524121789,0.938643249552987,1.938429624788987,18.68687969351596,0.5715088628202376,False,0.0413721582809866,0.2801134788570055,0.0654274829456186,3.556105693165312,-44.47016847162077,0.7503920457586337,False,False,64,False,False,False,33,rejected_or_broken_source,outside_basin_rejected,outside_basin_rejected_observable,source_rejected_or_broken_role,outside_basin_rejected,True,outside_basin_rejected,outside_basin_rejected,source_rejected_or_broken_role,outside_basin_rejected_observable||source_rejected_or_broken_role,outside_basin_rejected,True
15011,26,corner_sink,random,64,64,0.7802647217295153,0.7213132542553122,0.0201335396076321,1.0199199148436322,1.3383921684180748,0.0308040277849722,False,0.0413721582809866,0.2801134788570055,0.0654274829456186,3.556105693165312,-17.859657173608003,-1.5750751345384513,False,False,64,False,False,False,34,rejected_or_broken_source,outside_basin_rejected,outside_basin_rejected_observable,source_rejected_or_broken_role,outside_basin_rejected,True,outside_basin_rejected,outside_basin_rejected,source_rejected_or_broken_role,outside_basin_rejected_observable||source_rejected_or_broken_role,outside_basin_rejected,True
15011,18,corner_sink,structured_anti_collapse,64,64,0.0002763179992562,0.023456886530499,-0.9982338054927372,0.0015525697432626,1.1388133152632975,0.0248842788983318,True,0.1052222356619775,0.4245795275560238,0.1737144096045536,2.181504367279865,0.997373958094359,0.944752667029268,True,False,64,False,False,False,42,structured_source,structured_endpoint_collapse_not_legit,active_or_structured_endpoint_entry_observable,source_basin_eligible_nonactive_role,structured_endpoint_collapse_not_legit,True,structured_endpoint_collapse_not_legit,structured_endpoint_collapse_not_legit,source_basin_eligible_nonactive_role,active_or_structured_endpoint_entry_observable||source_basin_eligible_nonactive_role,structured_endpoint_collapse_not_legit,True
15031,26,phase_fault,novel_source_phase_flip,64,64,0.0009680878169616,0.0438437570574491,-0.9960580242585988,0.0037283509774012,0.9229981854418832,0.0056293995027398,True,0.0225638079510458,0.2033496834876571,0.0614534142872581,0.9255404404425182,0.957095547878306,0.7843923024306317,True,True,64,False,False,False,34,structured_source,structured_endpoint_collapse_not_legit,initial_basin_active_motion_observable,source_basin_eligible_nonactive_role,structured_endpoint_collapse_not_legit,True,structured_endpoint_collapse_not_legit,structured_endpoint_collapse_not_legit,source_basin_eligible_nonactive_role,initial_basin_active_motion_observable||source_basin_eligible_nonactive_role,structured_endpoint_collapse_not_legit,True
15011,26,phase_fault,hold_broken,64,0,0.0166502448703773,0.1752851292256921,-0.9490358756021338,0.0507504996338662,0.900862509465356,0.006653945917474,True,0.0166502448703773,0.1752851292256921,0.0507504996338662,0.900862509465356,0.0,0.0,True,True,64,True,True,True,0,rejected_or_broken_source,initial_basin_broken_hold_not_passive,initial_basin_no_motion_observable,source_rejected_or_broken_role,initial_basin_broken_hold_not_passive,True,passive_no_motion_basin_member,initial_basin_broken_hold_not_passive,source_rejected_or_broken_role,initial_basin_no_motion_observable||source_rejected_or_broken_role,initial_basin_broken_hold_not_passive,True
15101,18,broken_ring,hold_broken,64,0,0.1966731995733873,0.5285404575797169,-0.6621602745740427,0.3376261006619573,0.6828264029008939,0.0252117654726449,False,0.1966731995733873,0.5285404575797169,0.3376261006619573,0.6828264029008939,0.0,0.0,False,False,64,True,True,True,0,rejected_or_broken_source,outside_basin_rejected,outside_basin_rejected_observable,source_rejected_or_broken_role,outside_basin_rejected,True,outside_basin_rejected,outside_basin_rejected,source_rejected_or_broken_role,outside_basin_rejected_observable||source_rejected_or_broken_role,outside_basin_rejected,True
15031,26,prealigned_low_energy,random,64,64,0.7431204673724233,0.7114293349041237,-0.0097817105082408,0.9900046647277592,1.224712681834448,0.015150742878038,False,0.2717307098526909,0.635167524754502,0.3741973212125135,1.0707375007251037,-1.734768064211604,-0.1200656632736026,False,False,64,False,False,False,34,rejected_or_broken_source,outside_basin_rejected,outside_basin_rejected_observable,source_rejected_or_broken_role,outside_basin_rejected,True,outside_basin_rejected,outside_basin_rejected,source_rejected_or_broken_role,outside_basin_rejected_observable||source_rejected_or_broken_role,outside_basin_rejected,True
15101,18,phase_fault,novel_noise_sink,64,64,0.0003487884085827,0.0262453977438623,-0.9968273357918778,0.0029590394441222,1.1995668153305634,0.035188374746357,True,0.0323062377206646,0.2335825936155302,0.1002579044323755,0.9273342797755182,0.9892036821932748,0.8876397537226207,True,False,64,False,False,False,29,rejected_or_broken_source,outside_basin_rejected,active_or_structured_endpoint_entry_observable,source_rejected_or_broken_role,outside_basin_rejected,True,structured_endpoint_collapse_not_legit,outside_basin_rejected,source_rejected_or_broken_role,active_or_structured_endpoint_entry_observable||source_rejected_or_broken_role,outside_basin_rejected,True
15011,26,oblique_triple,structured_permuted_collapse,64,64,1.0807972287085076e-05,0.0046475918444107,-0.9996605395417916,0.0001258356942085,4.404008744328672,0.1454383833475732,True,0.0338779263618943,0.2520599127251271,0.0649742496746977,3.1401120303345063,0.999680972997836,0.9815615589359482,True,False,64,False,False,False,31,structured_source,structured_endpoint_collapse_not_legit,active_or_structured_endpoint_entry_observable,source_basin_eligible_nonactive_role,structured_endpoint_collapse_not_legit,True,structured_endpoint_collapse_not_legit,structured_endpoint_collapse_not_legit,source_basin_eligible_nonactive_role,active_or_structured_endpoint_entry_observable||source_basin_eligible_nonactive_role,structured_endpoint_collapse_not_legit,True
15083,26,phase_fault,structured_permuted_collapse,64,64,2.7457985371369123e-05,0.0074003899595108,-0.9993988198336256,0.0003875554023743,0.969688796940306,0.0139756423973001,True,0.0219391755835587,0.2022951394777755,0.0543601665816506,0.943471430784264,0.9987484494909328,0.963417855814142,True,True,64,False,False,False,32,structured_source,structured_endpoint_collapse_not_legit,initial_basin_active_motion_observable,source_basin_eligible_nonactive_role,structured_endpoint_collapse_not_legit,True,structured_endpoint_collapse_not_legit,structured_endpoint_collapse_not_legit,source_basin_eligible_nonactive_role,initial_basin_active_motion_observable||source_basin_eligible_nonactive_role,structured_endpoint_collapse_not_legit,True
15011,26,oblique_triple,novel_signed_scramble_collapse,64,64,4.51919124781568e-05,0.0093196294299779,-0.997907989694051,0.0018783855419489,2.891883003012762,0.1021593906427567,True,0.0338779263618943,0.2520599127251271,0.0649742496746977,3.1401120303345063,0.9986660366105626,0.963026134024318,True,False,64,False,False,False,31,structured_source,structured_endpoint_collapse_not_legit,active_or_structured_endpoint_entry_observable,source_basin_eligible_nonactive_role,structured_endpoint_collapse_not_legit,True,structured_endpoint_collapse_not_legit,structured_endpoint_collapse_not_legit,source_basin_eligible_nonactive_role,active_or_structured_endpoint_entry_observable||source_basin_eligible_nonactive_role,structured_endpoint_collapse_not_legit,True
15011,26,oblique_triple,novel_source_phase_flip,64,64,5.4366771248452e-06,0.0032974349918844,-0.9997697402131084,1.6635022891509088e-05,1.8135329462193588,0.0379687342963053,True,0.0338779263618943,0.2520599127251271,0.0649742496746977,3.1401120303345063,0.999839521520101,0.98691805072365,True,False,64,False,False,False,30,structured_source,structured_endpoint_collapse_not_legit,active_or_structured_endpoint_entry_observable,source_basin_eligible_nonactive_role,structured_endpoint_collapse_not_legit,True,structured_endpoint_collapse_not_legit,structured_endpoint_collapse_not_legit,source_basin_eligible_nonactive_role,active_or_structured_endpoint_entry_observable||source_basin_eligible_nonactive_role,structured_endpoint_collapse_not_legit,True
15053,18,ripple_wall,structured_permuted_collapse,64,64,4.115605489336628e-06,0.0028511030821449,-0.9994663405602904,0.0003200346757096,1.8992175791791757,0.0594766410103931,True,0.2404372440014232,0.575697347113977,0.3865838234183829,0.8860563192799962,0.999982882824554,0.9950475660563092,True,False,64,False,False,False,31,structured_source,structured_endpoint_collapse_not_legit,active_or_structured_endpoint_entry_observable,source_basin_eligible_nonactive_role,structured_endpoint_collapse_not_legit,True,structured_endpoint_collapse_not_legit,structured_endpoint_collapse_not_legit,source_basin_eligible_nonactive_role,active_or_structured_endpoint_entry_observable||source_basin_eligible_nonactive_role,structured_endpoint_collapse_not_legit,True
15011,26,oblique_triple,structured_anti_collapse,64,64,0.000364688096681,0.0265419339775751,-0.9947961914626232,0.0049901837733768,1.45442896260921,0.0184859029422191,True,0.0338779263618943,0.2520599127251271,0.0649742496746977,3.1401120303345063,0.9892352296367096,0.8946999001486841,True,False,64,False,False,False,39,structured_source,structured_endpoint_collapse_not_legit,active_or_structured_endpoint_entry_observable,source_basin_eligible_nonactive_role,structured_endpoint_collapse_not_legit,True,structured_endpoint_collapse_not_legit,structured_endpoint_collapse_not_legit,source_basin_eligible_nonactive_role,active_or_structured_endpoint_entry_observable||source_basin_eligible_nonactive_role,structured_endpoint_collapse_not_legit,True
15011,26,oblique_triple,random,64,64,0.7747130231434451,0.7174601194834174,0.0174043754286582,1.0171907506646582,1.3197419790177656,0.0299134857719495,False,0.0338779263618943,0.2520599127251271,0.0649742496746977,3.1401120303345063,-21.867781659534195,-1.8463872407349664,False,False,64,False,False,False,34,rejected_or_broken_source,outside_basin_rejected,outside_basin_rejected_observable,source_rejected_or_broken_role,outside_basin_rejected,True,outside_basin_rejected,outside_basin_rejected,source_rejected_or_broken_role,outside_basin_rejected_observable||source_rejected_or_broken_role,outside_basin_rejected,True
15011,26,oblique_triple,wrong_sign,64,64,1.8954989769566968,0.0448742427027074,0.9467449644180148,1.9465313396540147,21.40607253763261,0.869567487830122,False,0.0338779263618943,0.2520599127251271,0.0649742496746977,3.1401120303345063,-54.95085592469411,0.8219699347731464,False,False,64,False,False,False,31,rejected_or_broken_source,outside_basin_rejected,outside_basin_rejected_observable,source_rejected_or_broken_role,outside_basin_rejected,True,outside_basin_rejected,outside_basin_rejected,source_rejected_or_broken_role,outside_basin_rejected_observable||source_rejected_or_broken_role,outside_basin_rejected,True
15031,26,prealigned_low_energy,wrong_sign,64,64,1.6379021112726362,0.0215638034801064,0.8100034537012564,1.8097898289372565,23.00833295717908,0.7998778862938073,False,0.2717307098526909,0.635167524754502,0.3741973212125135,1.0707375007251037,-5.027666553241401,0.9660502109433144,False,False,64,False,False,False,34,rejected_or_broken_source,outside_basin_rejected,outside_basin_rejected_observable,source_rejected_or_broken_role,outside_basin_rejected,True,outside_basin_rejected,outside_basin_rejected,source_rejected_or_broken_role,outside_basin_rejected_observable||source_rejected_or_broken_role,outside_basin_rejected,True
15053,18,ripple_wall,structured_anti_collapse,64,64,9.71464873518106e-05,0.0136366781303546,-0.9968995111462432,0.0028868640897569,1.382791826884353,0.0442120124406589,True,0.2404372440014232,0.575697347113977,0.3865838234183829,0.8860563192799962,0.9995959590671782,0.9763127653797732,True,False,64,False,False,False,37,structured_source,structured_endpoint_collapse_not_legit,active_or_structured_endpoint_entry_observable,source_basin_eligible_nonactive_role,structured_endpoint_collapse_not_legit,True,structured_endpoint_collapse_not_legit,structured_endpoint_collapse_not_legit,source_basin_eligible_nonactive_role,active_or_structured_endpoint_entry_observable||source_basin_eligible_nonactive_role,structured_endpoint_collapse_not_legit,True
15011,26,oblique_triple,novel_noise_sink,64,64,9.82018923773228e-06,0.0044023997484622,-0.999277204409848,0.0005091708261519,1.3098253299618146,0.0331027368029871,True,0.0338779263618943,0.2520599127251271,0.0649742496746977,3.1401120303345063,0.99971013012625,0.9825343121726556,True,False,64,False,False,False,27,rejected_or_broken_source,outside_basin_rejected,active_or_structured_endpoint_entry_observable,source_rejected_or_broken_role,outside_basin_rejected,True,structured_endpoint_collapse_not_legit,outside_basin_rejected,source_rejected_or_broken_role,active_or_structured_endpoint_entry_observable||source_rejected_or_broken_role,outside_basin_rejected,True
15031,18,ripple_wall,hold_broken,64,0,0.3193138060168437,0.6445843614576854,-0.5274108752385134,0.4723754999974866,0.757185112810727,0.0157587380187559,False,0.3193138060168437,0.6445843614576854,0.4723754999974866,0.757185112810727,0.0,0.0,False,False,64,True,True,True,0,rejected_or_broken_source,outside_basin_rejected,outside_basin_rejected_observable,source_rejected_or_broken_role,outside_basin_rejected,True,outside_basin_rejected,outside_basin_rejected,source_rejected_or_broken_role,outside_basin_rejected_observable||source_rejected_or_broken_role,outside_basin_rejected,True
15031,18,ripple_wall,novel_noise_sink,64,64,6.175225957964685e-05,0.0107603021863855,-0.9970078115752286,0.0027785636607714,1.345164127839043,0.0622758962036447,True,0.3193138060168437,0.6445843614576854,0.4723754999974866,0.757185112810727,0.9998066094875452,0.9833066037112116,True,False,64,False,False,False,26,rejected_or_broken_source,outside_basin_rejected,active_or_structured_endpoint_entry_observable,source_rejected_or_broken_role,outside_basin_rejected,True,structured_endpoint_collapse_not_legit,outside_basin_rejected,source_rejected_or_broken_role,active_or_structured_endpoint_entry_observable||source_rejected_or_broken_role,outside_basin_rejected,True
15053,26,phase_fault,novel_noise_sink,64,64,1.5029051787204735e-06,0.0017210963696602,-0.9995774789847568,0.000208896251243,1.1718332021354907,0.0253699955849399,True,0.0227609436177898,0.2064419048743061,0.0538853147661554,0.9071357120899028,0.9999339699529206,0.991663047423924,True,True,64,False,False,False,29,rejected_or_broken_source,outside_basin_rejected,initial_basin_active_motion_observable,source_rejected_or_broken_role,outside_basin_rejected,True,structured_endpoint_collapse_not_legit,outside_basin_rejected,source_rejected_or_broken_role,initial_basin_active_motion_observable||source_rejected_or_broken_role,outside_basin_rejected,True
15011,18,oblique_triple,structured_anti_collapse,64,64,0.0008963192720453,0.0418066752587993,-0.9930900741752692,0.0066963010607307,1.1178856478436043,0.0244478227281596,True,0.0795055592316895,0.3773874425434908,0.1288015398738013,2.689060070101338,0.988726332074188,0.8892208098448567,True,False,64,False,False,False,38,structured_source,structured_endpoint_collapse_not_legit,active_or_structured_endpoint_entry_observable,source_basin_eligible_nonactive_role,structured_endpoint_collapse_not_legit,True,structured_endpoint_collapse_not_legit,structured_endpoint_collapse_not_legit,source_basin_eligible_nonactive_role,active_or_structured_endpoint_entry_observable||source_basin_eligible_nonactive_role,structured_endpoint_collapse_not_legit,True
15031,26,corner_sink,random,64,64,0.7309477779548512,0.7110881162025874,-0.0219063995205966,0.9778799757154034,1.216402948193446,0.0150546168613508,False,0.0830488294472011,0.3873747610188582,0.1266430156778678,3.092471232219073,-7.801421799831084,-0.8356593866143345,False,False,64,False,False,False,38,rejected_or_broken_source,outside_basin_rejected,outside_basin_rejected_observable,source_rejected_or_broken_role,outside_basin_rejected,True,outside_basin_rejected,outside_basin_rejected,source_rejected_or_broken_role,outside_basin_rejected_observable||source_rejected_or_broken_role,outside_basin_rejected,True
15011,18,oblique_triple,structured_permuted_collapse,64,64,3.625438855772049e-05,0.0085113449498222,-0.9995298908103996,0.0002564844256004,4.32713090434146,0.2441704632137949,True,0.0795055592316895,0.3773874425434908,0.1288015398738013,2.689060070101338,0.9995440018294616,0.977446666233949,True,False,64,False,False,False,30,structured_source,structured_endpoint_collapse_not_legit,active_or_structured_endpoint_entry_observable,source_basin_eligible_nonactive_role,structured_endpoint_collapse_not_legit,True,structured_endpoint_collapse_not_legit,structured_endpoint_collapse_not_legit,source_basin_eligible_nonactive_role,active_or_structured_endpoint_entry_observable||source_basin_eligible_nonactive_role,structured_endpoint_collapse_not_legit,True
15053,26,corner_sink,structured_anti_collapse,64,64,6.257826287364142e-05,0.0107119543007768,-0.996559835168784,0.0032265400672161,2.10711553287157,0.0369322233831594,True,0.0270668322445034,0.2219914164067801,0.0696668897735396,3.578758149652344,0.9976880093205576,0.9517460878662988,True,False,64,False,False,False,34,structured_source,structured_endpoint_collapse_not_legit,active_or_structured_endpoint_entry_observable,source_basin_eligible_nonactive_role,structured_endpoint_collapse_not_legit,True,structured_endpoint_collapse_not_legit,structured_endpoint_collapse_not_legit,source_basin_eligible_nonactive_role,active_or_structured_endpoint_entry_observable||source_basin_eligible_nonactive_role,structured_endpoint_collapse_not_legit,True
