xc,yc,incl_deg,pa_deg,vsys_kms,rmse,mae,corr,n
523.0,488.0,25,270,60,8.239800990646641,6.514172325725204,0.9192759794382358,207
511.0,488.0,25,270,60,8.92164722408193,6.680408303550302,0.9019964715811768,207
523.0,500.0,25,270,60,9.22365916597675,7.2688272556726705,0.8994141077116858,207
511.0,500.0,25,270,60,9.401554843666919,7.376859461583564,0.8986649144240688,207
499.0,488.0,25,270,60,9.552841617633542,7.124427924045351,0.8886564966126316,207
523.0,488.0,25,270,70,9.831050231750481,7.935249215970436,0.8953813953525229,207
535.0,500.0,25,270,60,9.86080785666593,8.059711606037789,0.8991875090519068,207
535.0,488.0,25,270,60,9.882562860078021,7.698051836038831,0.9170384745229038,207
499.0,488.0,25,270,70,10.231706122001773,8.296204041930297,0.8700338891554196,207
499.0,500.0,25,270,60,10.233475927293023,8.120540843004667,0.8815996551523645,207
523.0,512.0,25,270,60,10.40659949251127,8.405742163787798,0.8916039852319967,207
511.0,512.0,25,270,60,10.5512987148466,8.42200867928367,0.8913435894189221,207
511.0,488.0,25,270,70,10.702835598600867,8.983752356932275,0.8605248083915824,207
535.0,512.0,25,270,60,10.843464154669276,8.699692752837484,0.895296099569221,207
511.0,488.0,30,300,50,11.06161803832208,8.789369988146648,0.8983836246198204,207
499.0,488.0,30,300,50,11.072702510386547,8.843548439576388,0.896462704536828,207
535.0,524.0,30,300,50,11.131352597848279,9.289810444419574,0.8940645724457053,207
487.0,488.0,30,300,50,11.16538723372118,8.749969847540514,0.9018117626311573,207
523.0,488.0,30,300,60,11.24883647124817,9.585571074222699,0.9035342223331763,207
535.0,500.0,30,300,60,11.25789322567577,9.547158786850362,0.9000433860421231,207
523.0,488.0,30,300,50,11.287477731900662,9.329583342588247,0.9081711588409429,207
523.0,488.0,25,270,50,11.295387568697713,9.35443470536522,0.8821860567582397,207
523.0,500.0,25,270,70,11.31234356515272,8.62858406262506,0.8548712841690034,207
511.0,500.0,25,270,70,11.33111635134372,9.356179729488153,0.8382345522182909,207
499.0,488.0,30,300,40,11.341031712077172,9.094593764443134,0.9017584222327313,207
511.0,488.0,25,270,50,11.467715924550433,9.670488016783839,0.8792898191439078,207
487.0,488.0,30,300,40,11.489592894832908,9.256175147569298,0.9111736507555258,207
535.0,512.0,25,270,50,11.571637165860277,9.64801411986443,0.8815713806699867,207
535.0,536.0,30,300,50,11.637529349315958,9.48929018124987,0.9034153509334858,207
511.0,500.0,25,270,50,11.65515700543992,10.010877358844052,0.8752834943477605,207
535.0,500.0,25,330,60,11.658959797590816,9.76261108328127,0.8313238281599097,207
535.0,488.0,25,330,60,11.659239702837962,9.766763545752344,0.8271706921422481,207
535.0,524.0,25,270,50,11.702605952913055,9.833071372213478,0.8937243903492852,207
535.0,512.0,30,300,60,11.713510906298273,9.764587405373879,0.8552989665635221,207
487.0,488.0,25,270,60,11.719326376594204,8.85559637369324,0.8355420175210423,207
499.0,488.0,25,270,50,11.726937647669814,9.490412861434262,0.8683553123497214,207
487.0,500.0,30,300,50,11.731897179704966,9.59834542515463,0.8723101569744528,207
535.0,488.0,30,300,60,11.748587794549794,9.821835196805601,0.9094066305541302,207
499.0,500.0,25,270,70,11.761998745014932,10.153261219625747,0.8224976414425718,207
511.0,512.0,25,270,50,11.845153557962723,10.177618786011244,0.8783727941439435,207
523.0,536.0,30,300,40,11.863978982481182,10.210665592082904,0.9007701749203197,207
535.0,500.0,25,270,50,11.939927186919988,9.825006773787075,0.8643707681492293,207
523.0,524.0,25,270,50,11.943492348438609,10.234176573901827,0.8868215634332252,207
535.0,512.0,30,300,50,11.998459350304222,10.030296373750046,0.8934120826631711,207
487.0,500.0,25,270,60,12.000205946376036,9.4651188515003,0.8242961984971207,207
499.0,500.0,30,300,50,12.130560321718368,9.758614236910008,0.8770372050939489,207
535.0,536.0,30,300,40,12.140340330876667,9.924631059073688,0.8977785781653009,207
487.0,500.0,30,300,40,12.17241859206647,10.407926372595993,0.898334012449513,207
523.0,524.0,25,270,60,12.19682572322475,10.083634948711593,0.8829268421560117,207
499.0,500.0,25,270,50,12.202668337930309,9.916580698079981,0.8575348001157431,207
535.0,488.0,30,300,50,12.205023311409308,10.181010203330262,0.9015115702959927,207
511.0,488.0,30,300,60,12.255528766819968,10.324994061317495,0.8654705059315333,207
523.0,500.0,25,270,50,12.264619136877709,9.82623904051365,0.8553256973495142,207
535.0,488.0,25,270,50,12.279373257312821,10.489885002707958,0.8686798753047498,207
511.0,536.0,30,300,50,12.299829936664366,9.924468105033506,0.858517484900405,207
499.0,512.0,25,270,60,12.333348995782563,9.887627847242722,0.848402985425709,207
499.0,500.0,30,300,40,12.39975249325873,10.386556052445519,0.9049710762736498,207
523.0,512.0,25,270,50,12.401933766325989,10.101007246759677,0.8585806615842763,207
487.0,488.0,25,270,70,12.476651642278052,9.29777081620279,0.8238732930573912,207
535.0,512.0,25,330,60,12.479424882495024,10.600003165694867,0.8106290160336469,207
523.0,488.0,25,330,60,12.491706754932908,10.675970842163338,0.8030736930822817,207
523.0,500.0,30,300,60,12.542635484783242,10.544773035051026,0.8475914467254827,207
535.0,524.0,30,300,60,12.5523961985313,10.631326661235173,0.8358378341150429,207
523.0,524.0,30,300,50,12.572061879973665,10.291514437065185,0.8651209300246745,207
523.0,536.0,30,300,50,12.580796913749442,9.872348480986414,0.8643217174536398,207
511.0,536.0,30,300,40,12.581896153473622,10.899420776943591,0.9001544612271509,207
535.0,524.0,25,270,60,12.602688796488561,10.285348884830881,0.8867697986782845,207
523.0,536.0,25,270,50,12.643463501564119,10.942691541545582,0.8939986543043258,207
523.0,500.0,30,300,50,12.67812647300805,10.394377012432091,0.8903301830555769,207
511.0,524.0,25,270,50,12.70071749662616,11.067750881837014,0.8766273047213433,207
511.0,488.0,30,300,40,12.721908219806455,10.614149779620107,0.8574869729584704,207
499.0,512.0,25,270,50,12.732738686800495,10.33172320576857,0.8489194389302492,207
511.0,500.0,30,300,50,12.7416272588348,10.192115921547668,0.8700206226394177,207
511.0,524.0,30,300,50,12.808210396961043,10.496048759808268,0.8585490808053526,207
523.0,500.0,25,330,60,12.826647924182899,11.02350030689535,0.7930196979883527,207
535.0,536.0,25,270,50,12.905729075264675,10.981650701029777,0.901694623438357,207
487.0,488.0,25,270,50,13.05811042208077,10.104472620487286,0.8313896119713936,207
535.0,500.0,30,300,50,13.078835908313009,10.828514163904112,0.8919887879632536,207
499.0,536.0,30,300,50,13.084338564087309,10.565233397942551,0.8317690183265781,207
499.0,512.0,30,300,50,13.105723800266782,10.566471273367352,0.8604409151372979,207
511.0,536.0,25,270,50,13.153792174402739,11.44176408154574,0.8749335982680712,207
523.0,512.0,30,300,50,13.168249656132181,10.568954266673453,0.8646461319165064,207
487.0,500.0,25,270,50,13.21144663716605,10.054491772754472,0.8180157983012081,207
511.0,524.0,25,270,60,13.24975138427464,11.028637815505922,0.8541402062501635,207
523.0,512.0,25,330,60,13.285057541142061,11.530098856374996,0.7793868055448814,207
511.0,512.0,30,300,50,13.31121121525612,10.840204301624173,0.8623012883396903,207
499.0,524.0,30,300,50,13.33616340477939,10.734544778985043,0.8463787977507532,207
487.0,500.0,25,270,70,13.348832015305485,10.616219763901622,0.763416902894608,207
535.0,488.0,25,270,70,13.38513601619083,10.103966362774624,0.8712224397146209,207
535.0,524.0,30,300,40,13.422648497635112,11.420262704156341,0.842373913568869,207
487.0,512.0,30,300,50,13.452194825411746,10.632950439534813,0.833696694024723,207
499.0,488.0,30,300,60,13.528641760831741,11.436938898715418,0.8315268660733519,207
511.0,488.0,25,330,60,13.641683156718901,11.701688718682457,0.7744225374964533,207
523.0,512.0,30,300,60,13.663932960645607,11.406581162653131,0.7895603929236039,207
499.0,488.0,25,330,30,13.695172667085231,10.8552437550949,0.7678068662067544,207
499.0,536.0,30,300,40,13.708303364798425,11.609884876065793,0.8739331211046554,207
487.0,512.0,30,300,40,13.721629454726203,11.738693703632263,0.8747840679327138,207
523.0,488.0,25,330,50,13.823299663096464,11.117390648344841,0.7654914613921278,207
487.0,512.0,25,270,50,13.853591262821716,10.53054873179237,0.7977896640257209,207
511.0,524.0,30,300,40,13.87434184005304,11.91127049279612,0.876924300964813,207
499.0,512.0,30,300,40,13.945721000591824,11.974745772248715,0.8844364137869319,207
511.0,500.0,25,330,60,13.953468482775904,12.070329683832368,0.7663635031417446,207
523.0,524.0,25,330,60,14.002471192727802,11.29619126147413,0.7486537242531442,207
499.0,524.0,30,300,40,14.04286193678444,12.099017749360241,0.8781135420025525,207
523.0,524.0,30,300,40,14.061866894847206,11.990663881952901,0.849616469037342,207
511.0,512.0,25,270,70,14.085978777720369,11.453444218763199,0.7654978879825921,207
499.0,524.0,25,270,50,14.162757474003271,11.494192248254313,0.8354992417942,207
487.0,488.0,30,300,60,14.178510618355016,11.498513062578759,0.8111757642925914,207
511.0,512.0,25,330,60,14.179347355957931,11.796558914762754,0.7584909041117242,207
487.0,524.0,30,300,50,14.19441626876374,10.96751295854574,0.8207002100235483,207
487.0,524.0,30,300,40,14.220464581085084,12.199687828932534,0.8765581570243792,207
523.0,524.0,30,300,60,14.266685704566129,11.876329199054084,0.7742733108895636,207
487.0,500.0,30,300,60,14.273682187265315,11.481416334936167,0.7516281220944203,207
487.0,524.0,35,300,30,14.283056123713648,11.681473014778158,0.8779577093889324,207
487.0,536.0,30,300,40,14.298289765082135,11.97314471590585,0.871869411287966,207
511.0,500.0,30,300,40,14.378654405835725,11.84066938539493,0.842021632500102,207
535.0,524.0,25,330,60,14.395789287933482,11.317542253952858,0.7644181489809361,207
511.0,536.0,30,300,60,14.447518748809744,11.555498879109527,0.7566494829596241,207
535.0,500.0,25,330,50,14.452985176647829,11.436207664843117,0.7360673293723976,207
511.0,500.0,30,300,60,14.466841486404183,12.323373757085811,0.7803265997878958,207
523.0,512.0,25,270,70,14.469488779357624,10.934802545634803,0.8059494536948378,207
487.0,488.0,25,330,30,14.493266114682362,11.364595749692207,0.7769814879906455,207
535.0,536.0,30,300,60,14.506733180249224,12.153157156179125,0.8302359502069452,207
511.0,488.0,25,330,50,14.545483968961966,11.929008218251008,0.7453939377154946,207
523.0,500.0,25,330,50,14.618260084427893,11.902150027717086,0.7252066915793013,207
535.0,536.0,25,330,60,14.625501085827,11.541075059136782,0.7233110933707293,207
535.0,512.0,25,330,50,14.652813532899687,11.625877694570098,0.7330608395448658,207
487.0,512.0,25,270,60,14.685569286783986,11.898456417477327,0.7608141433513594,207
535.0,500.0,25,330,70,14.694866496315742,12.360649084854463,0.854148009410959,207
511.0,512.0,30,300,40,14.839901672450216,12.352753505530647,0.859532113271575,207
511.0,488.0,25,330,40,14.880273836486547,11.939559733317346,0.7293888579394859,207
499.0,536.0,35,300,30,14.888773618564562,12.39485486497097,0.8969095973436886,207
535.0,500.0,25,270,70,14.9408212613818,10.6254116375397,0.8368647566041341,207
523.0,536.0,25,270,40,14.965128989597407,12.611575902463999,0.8421459330115046,207
535.0,512.0,25,330,70,14.972031120825472,12.691976275417767,0.824780392466304,207
487.0,536.0,30,300,50,14.975655013185062,11.110556531324868,0.7903945973193824,207
535.0,488.0,25,330,70,15.02727910734826,12.421800578340415,0.8234266589855584,207
499.0,536.0,25,270,50,15.046982042973672,11.969471753231177,0.8140258980135382,207
487.0,536.0,35,300,30,15.049742375807979,12.480300870021594,0.8671031039178997,207
511.0,536.0,25,270,40,15.06445335469877,12.656784019648194,0.8196050587400274,207
511.0,524.0,30,300,60,15.076599270213745,12.54300727826136,0.7347546901335542,207
535.0,488.0,25,330,50,15.1586796453813,11.407540048168787,0.7296066868451012,207
499.0,488.0,25,330,40,15.215963337919327,12.179208297903036,0.7388293686144011,207
511.0,524.0,25,270,40,15.315394906539083,12.946911169554953,0.8070249470311988,207
499.0,488.0,30,300,30,15.31699032218137,12.716037263289998,0.8534786818588953,207
499.0,500.0,30,300,60,15.348943547738433,12.668379264250746,0.7350259476189268,207
511.0,500.0,25,330,50,15.354872913740934,12.192863589020542,0.7087773681535886,207
487.0,524.0,25,270,40,15.385350228695218,12.76900351403818,0.7712186610874421,207
487.0,512.0,25,270,40,15.390188174899594,12.992560332703,0.7984563631696273,207
523.0,512.0,25,330,50,15.522539129212042,12.257269210765388,0.6909295414157643,207
499.0,524.0,30,300,60,15.537108681031409,12.263248509112165,0.6784344851806866,207
499.0,512.0,25,330,20,15.552654206706773,12.215497981200494,0.7040371401641372,207
535.0,536.0,25,270,40,15.569205661042023,12.794393479774092,0.837593408595571,207
499.0,524.0,25,270,40,15.57826115077959,13.034758300453323,0.7873364317563681,207
523.0,536.0,25,330,60,15.58653463862282,12.045535005658461,0.6887121200165026,207
511.0,512.0,30,300,60,15.667245886727072,13.16782537819805,0.7202928175470674,207
499.0,536.0,35,300,20,15.67536790181622,12.010522854534468,0.8645436067373269,207
511.0,524.0,25,330,60,15.69269802102439,12.42472652186442,0.6844450647288929,207
499.0,512.0,30,300,60,15.731209875072338,12.777782650823944,0.6933609195085856,207
499.0,500.0,25,330,30,15.73408648018516,13.051989226718932,0.6858832357618776,207
523.0,536.0,30,300,60,15.734648651355831,12.644732956940258,0.7688073079849415,207
523.0,512.0,30,300,40,15.745076302910277,13.062375657958414,0.8020249089243692,207
523.0,488.0,30,300,40,15.80067125609019,12.954547299557262,0.7597574985630925,207
499.0,536.0,25,270,40,15.811199333699495,13.107816184406037,0.767763988793901,207
523.0,536.0,25,270,60,15.864047190393858,13.36973650960375,0.8348285535674401,207
487.0,512.0,35,300,30,15.912082581250392,13.277255231998415,0.8766217824333309,207
523.0,500.0,30,300,40,15.928173804893124,13.407242888520825,0.7828741894742571,207
523.0,524.0,25,270,40,15.942132225009813,13.42709217413772,0.7987908980161738,207
499.0,536.0,30,300,60,15.971650931885769,12.096652315077689,0.6498598301478858,207
511.0,512.0,25,330,50,16.048032929087107,12.583697427684317,0.6797854668183967,207
499.0,512.0,25,270,40,16.089389205896737,13.63775488726475,0.7949222805775762,207
499.0,512.0,25,270,70,16.11906581886683,13.229864332894019,0.6651055086159099,207
487.0,536.0,25,270,40,16.1550255086847,13.043710233480772,0.7251311056273637,207
487.0,488.0,25,330,20,16.18905362003087,11.655510465547547,0.7258714254131197,207
523.0,524.0,25,330,50,16.20776202910288,12.937474443373734,0.6698651820441837,207
499.0,524.0,25,270,60,16.22308508613934,12.373679008064233,0.7623350794257154,207
535.0,524.0,25,270,40,16.300994433597598,13.543607996405079,0.7903743580824496,207
523.0,500.0,25,330,70,16.323596791886732,13.815489222479776,0.7870329543875013,207
499.0,524.0,35,300,30,16.323932265575362,12.704395902743848,0.8523528133058745,207
535.0,512.0,30,300,40,16.333723570332694,13.787933499036766,0.7574997614081688,207
487.0,500.0,25,330,30,16.381995668057037,13.113640194743166,0.7100035030485407,207
487.0,512.0,25,330,20,16.38516556213059,11.714709143403491,0.7414610877237052,207
511.0,536.0,25,330,60,16.388387554451565,12.812342625996425,0.6452997827496953,207
487.0,524.0,25,270,50,16.40736521913521,12.454000440453493,0.7281267648421403,207
523.0,512.0,25,330,70,16.425525944853153,13.934783843534223,0.7477561829567856,207
487.0,500.0,25,270,40,16.43399108792557,14.153392346874242,0.8085597417015835,207
499.0,512.0,25,330,30,16.461665927326628,12.840497989642307,0.6606146161694363,207
499.0,488.0,25,330,20,16.46327070564281,12.474944826060133,0.658513766115058,207
511.0,512.0,25,270,40,16.48396661270042,14.249034711369521,0.7864193123914691,207
487.0,512.0,30,300,60,16.541200111409633,12.646779483729032,0.6261053620928277,207
535.0,524.0,25,330,70,16.54447853260029,13.780377285881757,0.7466346539740061,207
499.0,488.0,25,330,50,16.550994948058275,13.073419156762093,0.7181537194727534,207
535.0,524.0,25,330,50,16.57570661019886,12.759368805668872,0.6905984302529873,207
511.0,488.0,25,330,30,16.63035130972038,13.103799802324396,0.6347245025635627,207
523.0,488.0,25,330,40,16.697444326162856,13.092426449934786,0.6600090099382075,207
487.0,524.0,25,330,20,16.698859620433918,12.328981067295077,0.7208342560764773,207
535.0,512.0,25,270,70,16.70970832590721,11.704184944109846,0.8113700732574256,207
487.0,524.0,35,300,20,16.755948668714044,13.585972201238667,0.8260996868310349,207
535.0,536.0,25,270,60,16.77026756807329,13.873920628886827,0.8608031883857444,207
511.0,524.0,25,330,50,16.81536877093762,13.835708361114579,0.6474475724239603,207
535.0,536.0,25,330,70,16.82986012281324,14.009517051988876,0.7134537313473306,207
487.0,536.0,25,330,20,16.83300594549691,12.170512682715588,0.7212651666285305,207
499.0,524.0,25,330,20,16.904183988104528,13.657586320033953,0.7015951666885781,207
499.0,512.0,25,330,60,16.94471062050611,12.815768761825087,0.7074512365260748,207
511.0,500.0,25,330,40,17.03198591886781,13.95635704822461,0.6374326320206204,207
499.0,500.0,25,330,60,17.043858700111418,13.352488917736116,0.714215875993976,207
523.0,488.0,25,330,70,17.07368498845985,14.000592596488172,0.7691851941695446,207
487.0,536.0,35,300,20,17.096245155875657,13.953526039748592,0.8260703693958108,207
523.0,524.0,25,330,70,17.100152834201044,14.56039220725976,0.6764565069211933,207
487.0,512.0,25,330,30,17.12077115057045,13.246656724282058,0.6612325323309658,207
487.0,500.0,25,330,20,17.24821841545914,12.413626596117492,0.7048336470549864,207
487.0,536.0,25,270,30,17.254522839285553,14.052961534928345,0.7320484979974163,207
535.0,500.0,30,300,70,17.282982723357943,14.574398486409178,0.7900159669093625,207
535.0,536.0,25,330,50,17.283608593039183,13.860673584731279,0.622687283244433,207
499.0,536.0,25,330,20,17.295311655324202,12.990139135716475,0.7259637124737869,207
487.0,488.0,25,330,40,17.297039892403816,13.758547660550557,0.7155940184302204,207
499.0,488.0,25,270,40,17.32649260106981,15.205563490835063,0.8118764250630719,207
499.0,500.0,25,270,40,17.405134830822476,15.014617451260381,0.7806277829039361,207
523.0,536.0,25,330,70,17.448275943200063,14.629900791786614,0.6575512417026876,207
487.0,488.0,30,300,30,17.479243114632435,14.889104298564256,0.8669675045477693,207
511.0,536.0,25,270,60,17.482787541350636,14.111449463062266,0.7477683024796793,207
499.0,500.0,35,300,30,17.486351657203095,14.310513256924162,0.8482415624943029,207
499.0,500.0,25,330,40,17.5081864370529,14.012860610355526,0.641864317194935,207
523.0,536.0,25,330,50,17.524386548109792,14.368546237226873,0.6312931364677756,207
499.0,488.0,25,330,60,17.5572541005967,14.60036103744018,0.7246775372068338,207
487.0,488.0,25,270,40,17.568629131922066,15.458551052974636,0.8168369935706671,207
499.0,500.0,25,330,50,17.568959178734097,13.446356778506301,0.6659532549944477,207
535.0,488.0,30,300,40,17.6495821418626,14.110647144990233,0.6876660102092506,207
511.0,536.0,25,330,50,17.66112360712862,14.71164161871892,0.6101815623568955,207
511.0,524.0,35,300,30,17.72015321379525,13.656662751004792,0.8033657413298836,207
499.0,512.0,35,300,30,17.722861588721525,13.813423693992105,0.8119264168580269,207
535.0,512.0,25,270,40,17.787696819950707,14.703973953465443,0.7442559387790434,207
499.0,500.0,30,300,30,17.792615959131354,15.606653085742792,0.8479180751812397,207
523.0,488.0,30,300,70,17.821623955219195,15.046141614817895,0.7971661094839042,207
499.0,524.0,25,330,30,17.836197488931152,13.798498097209494,0.6286456659377978,207
511.0,536.0,35,300,30,17.876895644815775,13.997123650321406,0.8607591726266953,207
535.0,512.0,30,300,70,17.88443758717616,15.022936384687442,0.7336148818484243,207
511.0,512.0,25,330,70,17.935301189593897,15.224361300773266,0.711541992551782,207
511.0,500.0,25,330,30,17.93826752194804,14.795388825469647,0.5713186115002343,207
499.0,512.0,25,330,50,18.02180223904306,14.249937446038345,0.6338778201798388,207
511.0,500.0,25,330,70,18.0440544644203,15.175990292773797,0.7311189875140967,207
499.0,500.0,25,330,20,18.073246793538775,13.996141651215883,0.5874950072826899,207
511.0,512.0,35,300,30,18.13561132534838,14.814889546343302,0.7611303991046534,207
499.0,536.0,30,300,30,18.205684204312018,16.289827927269933,0.894477958657126,207
499.0,512.0,35,300,40,18.349988179066173,15.665760515201677,0.8792631696494503,207
523.0,512.0,25,270,40,18.38594279151257,15.019307914576956,0.7217062362389698,207
511.0,500.0,25,270,40,18.39566870771812,15.838163941736893,0.7399414271248425,207
487.0,500.0,30,300,30,18.401860732896026,16.2290759718672,0.8517776347672272,207
523.0,500.0,25,330,40,18.40205595014268,14.880632712880198,0.5760455913566387,207
499.0,524.0,35,300,40,18.441338785073818,15.781179075549069,0.8752775996091399,207
487.0,536.0,25,270,50,18.45041178752324,14.050410590100157,0.6472499230724541,207
499.0,536.0,25,330,30,18.452403361720336,14.817761943794087,0.6122009993042552,207
487.0,524.0,25,330,30,18.464646824743635,14.615535058622699,0.6278871013207917,207
511.0,512.0,25,330,40,18.46612345107833,15.096943497166622,0.5788203540124492,207
487.0,512.0,35,300,20,18.517890782109916,14.890858455765317,0.8360848687909745,207
487.0,512.0,30,300,30,18.528022083914944,16.108740739470555,0.8800257757444224,207
511.0,524.0,35,300,40,18.557491128212448,15.94179857594791,0.8792721884181441,207
487.0,524.0,35,300,40,18.57419421392902,15.978758816961319,0.8740697485178701,207
499.0,524.0,25,330,60,18.604620892198426,14.002400809868801,0.6094283964783586,207
511.0,536.0,30,300,30,18.611144587899304,17.266224093004844,0.8629201309013683,207
499.0,524.0,25,330,50,18.613834780982035,15.355657257549245,0.6029264462169194,207
535.0,536.0,30,300,30,18.67623056230559,15.165151340166316,0.8003022762749497,207
487.0,500.0,35,300,30,18.689587380547692,15.519018189448097,0.8570068884092399,207
487.0,500.0,25,330,40,18.69437810241446,14.887810358527311,0.6424617109385662,207
487.0,524.0,30,300,60,18.710114013012692,13.277686823368509,0.4605065090055383,207
511.0,512.0,35,300,40,18.713441770235107,15.97057675133148,0.8551369820619595,207
535.0,488.0,30,300,70,18.721482570872634,15.422483955457507,0.832681881402655,207
523.0,500.0,30,300,70,18.73612496277875,15.667896983674408,0.6804416012472918,207
511.0,536.0,25,330,70,18.769437902925414,15.416136016345087,0.5558913616113565,207
523.0,536.0,30,300,30,18.778683825807427,16.218471050497442,0.8071814305183238,207
499.0,512.0,25,330,40,18.791141309007532,15.061988566927926,0.5927164723019069,207
535.0,524.0,30,300,70,18.79229811188222,16.111926133453448,0.7240377906096448,207
499.0,500.0,35,300,40,18.80408300587056,16.72733249843534,0.9050873466732104,207
535.0,500.0,30,300,40,18.813663372337416,15.056001753116657,0.6517752067887864,207
511.0,488.0,30,300,30,18.822540140572958,15.93458907529719,0.6398799728928504,207
511.0,524.0,25,330,70,18.823115791566497,16.2735226305467,0.5752951858654264,207
487.0,512.0,35,300,40,18.849059979674117,16.37526533545761,0.8774504650933364,207
511.0,512.0,25,330,30,18.86344947585689,16.001626420269965,0.5373404642258507,207
487.0,536.0,35,300,40,18.872382420782642,16.332716606996573,0.8735398524725071,207
499.0,536.0,25,330,60,18.93598728398605,14.769652828061375,0.5108995531568515,207
499.0,536.0,35,300,40,18.98498736894736,16.392581255316262,0.8751922812089807,207
487.0,488.0,25,330,50,18.998123893574935,14.473572316436284,0.7182165010409292,207
511.0,524.0,25,330,30,19.043640372821166,15.342227401275943,0.5728977011507459,207
499.0,536.0,25,270,60,19.052867209655215,13.912914876345047,0.6422089633224226,207
523.0,524.0,25,270,70,19.071164211220275,14.540059656712705,0.7380896080018776,207
511.0,536.0,35,300,40,19.083222874307943,16.89193749951659,0.900221843283409,207
511.0,488.0,25,270,40,19.085223722080293,16.279928377152405,0.7882721412213209,207
487.0,500.0,25,330,50,19.088760681060254,14.721663212915736,0.6634241847751999,207
523.0,512.0,25,330,40,19.128881270655455,15.688650448085124,0.5405782140019829,207
511.0,488.0,25,330,70,19.140254969083415,15.856507388831076,0.7108275719524377,207
487.0,536.0,30,300,30,19.19339052437845,16.414651523876017,0.8678712875029071,207
535.0,512.0,25,330,40,19.3258296041091,15.5669559706041,0.6095087624041305,207
499.0,512.0,30,300,30,19.39019858194302,17.418931634435207,0.8168683192004645,207
511.0,512.0,30,300,30,19.391968772659308,16.604118738056243,0.7682546010366793,207
511.0,488.0,30,300,70,19.403633114717447,16.272595809473643,0.7142361107138007,207
535.0,488.0,35,300,60,19.408464767072758,17.410690425823297,0.9095431592601101,207
511.0,524.0,25,330,40,19.42995688302632,15.838152657795426,0.5695401514005741,207
499.0,524.0,30,300,30,19.443829076020748,17.66369020408021,0.8533791514825446,207
499.0,536.0,25,330,50,19.45611101624547,15.869741445132446,0.5018126996147482,207
487.0,536.0,25,330,30,19.49077771992504,15.36073517101018,0.568913288334473,207
511.0,500.0,30,300,30,19.543083934227738,15.943605206294029,0.6573541349972487,207
535.0,500.0,25,270,40,19.545821188311503,15.874277377690735,0.7168091426270206,207
535.0,488.0,35,300,50,19.565597926044255,17.644211837745754,0.8996874391365671,207
487.0,524.0,30,300,30,19.57446220270866,17.273576039031177,0.8841429091293791,207
535.0,500.0,35,300,50,19.58981560999488,17.46553593995428,0.894048057532409,207
523.0,536.0,35,300,30,19.59967502419946,15.523426301683164,0.8112145162161931,207
523.0,524.0,35,300,40,19.602010443078637,16.995725259363464,0.8578250477638678,207
487.0,512.0,25,270,70,19.606140254800117,14.801496687011905,0.44246011079114295,207
499.0,536.0,25,270,30,19.637019723275184,15.487800578992625,0.6847685410453855,207
487.0,512.0,25,330,40,19.695325402849672,15.619566699117067,0.574409477284134,207
511.0,500.0,35,300,40,19.7069611541867,16.88622385143164,0.8477691739263695,207
523.0,488.0,25,270,40,19.711894411425956,16.384922990615006,0.749763876581317,207
499.0,488.0,35,300,30,19.74002285634217,16.506606258412354,0.856729853579702,207
487.0,500.0,35,300,40,19.775802064728804,17.56894222709141,0.8983017906272572,207
499.0,524.0,25,330,40,19.79433805838737,16.02676143456656,0.5708030817574601,207
523.0,500.0,35,300,50,19.858454423963988,17.32980691385432,0.8905005629507214,207
523.0,500.0,25,270,40,19.87292787877605,15.840951767306633,0.6831378630038313,207
523.0,524.0,25,330,40,19.879222471637593,16.045127660588026,0.5406102835061324,207
487.0,524.0,25,270,30,19.912777619590262,16.366697885749574,0.7108936800688052,207
523.0,536.0,25,270,30,19.92036386622311,15.606811256749747,0.7271233203829683,207
499.0,536.0,25,330,40,19.934325158762334,16.85272809426639,0.5179758930410499,207
487.0,536.0,30,300,60,19.96020810005642,14.061922947807343,0.3105421795414592,207
511.0,524.0,25,270,70,19.970495073638684,16.469075946517336,0.6038467827659588,207
523.0,512.0,35,300,40,19.971511270020056,17.335888186077096,0.8069074818051403,207
523.0,488.0,35,300,50,19.982681390713296,17.877542829218935,0.9076311570207793,207
511.0,536.0,25,330,40,20.027993757039642,16.96241514856446,0.5591736105927068,207
487.0,512.0,25,330,50,20.033727043142946,15.192715172030676,0.6086615312971333,207
511.0,536.0,25,270,30,20.042186081314433,15.437989291169016,0.7118407153925089,207
523.0,512.0,30,300,70,20.0641280843244,17.165424703287453,0.614920469032391,207
511.0,524.0,30,300,30,20.105975235735396,18.17342428222883,0.8067667453061138,207
487.0,500.0,25,330,60,20.185767112781306,15.334535546887771,0.679596628609261,207
535.0,512.0,35,300,50,20.20482606329669,17.872935190012342,0.8950490114273562,207
523.0,524.0,35,300,30,20.29180019784405,16.149406701768704,0.6776531526713925,207
535.0,500.0,35,300,60,20.330126672157824,18.216958279548688,0.9035846836320984,207
523.0,536.0,35,300,40,20.346666945764017,18.296148153878175,0.9023527499591264,207
535.0,536.0,30,300,70,20.364695135162258,17.2903090180043,0.7248268004107167,207
511.0,512.0,35,300,50,20.379628286764643,17.80517908185269,0.8620166895717071,207
523.0,512.0,35,300,50,20.386596722071328,17.940460058313533,0.8651835025639746,207
511.0,500.0,35,300,50,20.466937997633078,18.020073875960943,0.8709559215417702,207
499.0,524.0,35,300,20,20.537485785149737,14.65365705943784,0.7808150939572994,207
523.0,500.0,35,300,40,20.571743220580974,17.27157608121081,0.7847880242317236,207
487.0,524.0,25,270,60,20.610112971451223,15.493299574993541,0.4816474803807327,207
535.0,536.0,25,270,30,20.649750680920494,16.41703734727372,0.7031080776038056,207
487.0,488.0,35,300,30,20.65954340339735,17.377107003164593,0.8744518323271443,207
523.0,488.0,35,300,60,20.663103817588556,18.567597871826536,0.8985987453729286,207
535.0,500.0,25,330,40,20.68341569187237,16.005470370720907,0.4648537827727681,207
499.0,512.0,35,300,50,20.68475014471746,17.912335263961218,0.861626468452561,207
499.0,500.0,35,300,50,20.7431604977668,18.487337871133164,0.8780018978476675,207
523.0,524.0,35,300,50,20.799975714741358,18.08104075445324,0.8670709495254793,207
511.0,524.0,35,300,50,20.801060475337604,18.019019884327108,0.8631520978392263,207
511.0,536.0,25,330,30,20.838154870014602,16.73696512779417,0.6078769171516991,207
535.0,512.0,35,300,40,20.894564891759295,17.70770361452709,0.767344850578388,207
523.0,524.0,30,300,30,20.907625152481156,17.633655933060517,0.6637248896854322,207
499.0,524.0,25,270,30,20.92143187666516,17.1290335582038,0.6963124592716827,207
535.0,488.0,25,330,40,20.92334166752619,15.297576984477823,0.411328463292158,207
523.0,536.0,25,330,40,20.99616059816097,17.424777804903155,0.5715395339945496,207
535.0,524.0,25,270,70,21.04086337473507,16.209467290841765,0.7753427668094904,207
499.0,488.0,35,300,40,21.049740487648396,19.118235895359724,0.9028717159669469,207
535.0,524.0,30,300,30,21.051022459084997,17.93540341128313,0.6087622015749912,207
535.0,524.0,35,300,40,21.06186625452135,18.455761838407607,0.8486757539553637,207
511.0,488.0,35,300,50,21.114529191983866,19.07959612242558,0.8985024890562672,207
487.0,524.0,25,330,40,21.15537201285377,17.504937705132413,0.5644851177974146,207
511.0,524.0,25,270,30,21.168716513423615,16.882067119849374,0.685770762864502,207
511.0,488.0,35,300,40,21.174312952231713,18.216742668095787,0.8527910251092141,207
487.0,524.0,25,330,50,21.200360300881474,17.11270672970378,0.5920936928464711,207
499.0,524.0,35,300,50,21.248420329446056,18.46079479556248,0.8463415641244204,207
523.0,524.0,30,300,70,21.331239987834707,18.127818287982034,0.6322398789314526,207
535.0,488.0,35,300,70,21.348201250201786,17.650992919579576,0.8378655770238799,207
535.0,524.0,35,300,50,21.363267131466305,19.245609873746837,0.8932825402060396,207
535.0,488.0,25,270,40,21.410331905275207,17.763596333384204,0.6997723405874872,207
511.0,500.0,35,300,30,21.4195340064649,17.551332284841042,0.6696072346008072,207
487.0,536.0,25,330,50,21.45342304796579,17.131996644424902,0.41089497002103376,207
487.0,524.0,25,330,60,21.586881870964323,15.825207304622708,0.556103381032071,207
535.0,500.0,35,300,40,21.602425822231094,18.506625303086818,0.6618290531797629,207
487.0,500.0,35,300,50,21.647829360474567,19.109716877878455,0.8709809904691597,207
523.0,488.0,35,300,40,21.681805714606213,18.26874019463641,0.7649753763447583,207
487.0,488.0,25,330,60,21.691000511079768,16.36903162646748,0.7147385635979163,207
487.0,536.0,25,330,40,21.701774534381887,17.846468633435244,0.4317041332877195,207
511.0,536.0,35,300,50,21.704070907984015,19.123095773404795,0.8603898078710099,207
487.0,512.0,35,300,50,21.712863230306876,19.051415050120134,0.8364379841994508,207
487.0,512.0,25,270,30,21.75972681310132,18.149494044250034,0.7330122149705547,207
523.0,512.0,30,300,30,21.83391262655782,17.787222090044825,0.5676010686469029,207
523.0,500.0,35,300,60,21.937530840082584,18.93777081815306,0.8414779561076839,207
487.0,512.0,25,330,60,21.95531298383012,15.71386883616127,0.556572359244289,207
499.0,536.0,35,300,50,22.01958436850799,19.109408541140922,0.8417489778170364,207
487.0,488.0,35,300,40,22.03596471065641,20.143040921721187,0.9135953930627774,207
535.0,524.0,25,330,40,22.04955800224527,17.67010227317646,0.5057878007462927,207
535.0,488.0,35,300,40,22.144412425308666,19.135186780883608,0.6831355410651205,207
523.0,524.0,25,270,30,22.152069437836772,18.086898908584118,0.6324732181101117,207
511.0,500.0,30,300,70,22.19054812595881,19.142251725264856,0.5562921503724204,207
511.0,536.0,30,300,70,22.225721588815556,18.243633279032345,0.5549629341185717,207
487.0,524.0,35,300,50,22.26215816034082,19.64305487706355,0.816465068969537,207
499.0,488.0,35,300,50,22.27347169434717,20.26224057284358,0.896475726767022,207
487.0,500.0,30,300,70,22.273729906145913,18.807141300463798,0.4665429525175166,207
523.0,488.0,25,330,30,22.37222746462609,16.21529222570995,0.2993120971551482,207
523.0,536.0,35,300,50,22.39554700208499,19.744239945827346,0.8642646494307626,207
511.0,524.0,35,300,20,22.52094836939255,16.416499564913874,0.6727604033027856,207
511.0,536.0,35,300,20,22.53226597011545,16.151078963978048,0.7500975416047828,207
511.0,524.0,25,330,20,22.57096729166974,18.60340180318898,0.5292422587575775,207
499.0,488.0,30,300,70,22.641665683196393,19.180486720022024,0.6250956019289334,207
499.0,536.0,25,330,70,22.667882524835328,18.75215557789626,0.23142290638907584,207
499.0,500.0,35,300,20,22.668129624884,16.830512076468846,0.7120262421240097,207
523.0,512.0,35,300,30,22.682480861802233,18.91486922839178,0.5608830412561269,207
511.0,488.0,35,300,60,22.729968424039924,20.092341603384664,0.8630462823844198,207
535.0,524.0,25,270,30,22.879510120659084,18.5749010835642,0.6161056864798937,207
535.0,536.0,35,300,40,22.905100967816615,20.800147781833054,0.9032584975470975,207
499.0,512.0,25,270,30,22.914990128347842,19.501278561383074,0.7150207540469551,207
511.0,500.0,35,300,60,22.916369064307258,19.217766186126347,0.7782052999441689,207
499.0,512.0,35,300,20,22.92227112567431,16.88126536011116,0.705783839382648,207
511.0,488.0,25,330,20,22.943960187080837,16.897527210692452,0.31298040269894256,207
535.0,512.0,35,300,60,22.99465148312349,20.379402905073835,0.8570107241844506,207
499.0,524.0,30,300,70,23.059780430194422,18.89542053251787,0.28416093433159556,207
511.0,512.0,25,330,20,23.07388514154954,19.073368469209672,0.3652708135578609,207
511.0,500.0,25,330,20,23.08110206061634,17.735643048139778,0.32744589046387207,207
523.0,500.0,30,300,30,23.128250545053792,19.223470597982192,0.43876925592686455,207
499.0,536.0,30,300,70,23.144085690036274,19.13628462304908,0.27849520914291104,207
487.0,536.0,35,300,50,23.194035251610725,20.73643640449123,0.791211146284967,207
511.0,512.0,35,300,20,23.203084472169163,18.45234874649124,0.5920698918739982,207
487.0,536.0,25,330,60,23.250308450318197,17.169893881780876,0.2485492185469919,207
499.0,524.0,25,270,70,23.251589002341124,18.75091873640345,0.3152155271789937,207
487.0,500.0,35,300,20,23.25328182521964,17.623377588502162,0.7779681369990001,207
499.0,524.0,25,330,70,23.287595630752612,19.519653439340495,0.46229993594504437,207
511.0,512.0,30,300,70,23.430315049006882,20.31455913441859,0.49561127564931806,207
487.0,488.0,35,300,50,23.532912062283003,21.5833638340775,0.902471791737389,207
523.0,500.0,25,330,30,23.54748543080115,18.2100783391886,0.26346555780162256,207
523.0,512.0,35,300,60,23.630418723208663,20.360826440128932,0.7978914932645486,207
535.0,500.0,35,300,70,23.680240426445543,19.649674401392993,0.7997035232170825,207
511.0,512.0,25,270,30,23.682754215412285,19.992722729091927,0.6350898341295002,207
523.0,512.0,25,330,30,23.7942687694136,19.598817753186207,0.2746623540937122,207
535.0,536.0,25,330,40,23.841484660897283,19.201686036080154,0.38262640721586494,207
487.0,536.0,25,270,60,23.883507378977463,17.517008612328777,0.25679924606507104,207
535.0,536.0,35,300,50,23.90010327138432,21.943375627035493,0.9063633085467413,207
523.0,488.0,35,300,70,23.917020603477592,19.370365481251792,0.7886259424762251,207
523.0,524.0,25,330,30,23.959695656009846,19.387273220903587,0.383504081203984,207
499.0,512.0,25,330,70,24.04751118903945,19.799882076976786,0.5974813987084253,207
511.0,488.0,35,300,30,24.0693900028238,19.222240618290353,0.6324876247771155,207
523.0,536.0,30,300,70,24.09819913652432,20.72624717509971,0.5984076867235555,207
511.0,524.0,30,300,70,24.13657342344317,20.834499225117348,0.49227380474086785,207
487.0,512.0,30,300,70,24.145432452532148,19.051211052950755,0.16027067191572456,207
487.0,488.0,30,300,70,24.164436821657493,20.769723863614246,0.5689672318887488,207
499.0,500.0,30,300,70,24.21085739058537,20.70862975941539,0.4748177898432733,207
499.0,512.0,30,300,70,24.229260698744465,21.289497996960176,0.341956855089532,207
535.0,524.0,35,300,30,24.232929242557695,18.85739803452991,0.6293532744236126,207
511.0,512.0,35,300,60,24.23726932853107,19.858646619795763,0.715482337426852,207
523.0,536.0,35,300,20,24.23794289933558,18.2447969929495,0.6546977932773502,207
487.0,500.0,25,270,30,24.355618620935793,20.937857714299437,0.7457458536520136,207
535.0,536.0,35,300,30,24.390776134278216,19.39725670009167,0.8017790200415997,207
499.0,500.0,35,300,60,24.443544960709023,20.646048043243738,0.7251343593715583,207
499.0,488.0,30,270,40,24.443759420739976,21.149061784455906,0.8156980908890771,207
535.0,512.0,30,300,30,24.501599213285925,20.511599420931958,0.43153852441211393,207
511.0,536.0,30,270,50,24.52508981908343,22.37783837019199,0.8746286637283273,207
487.0,488.0,30,270,40,24.584771582659013,21.41170629563806,0.8168061867431904,207
523.0,536.0,30,270,50,24.629116844537663,22.771339947407206,0.8909340059823899,207
499.0,500.0,25,330,70,24.75769966247753,20.754665086460765,0.6287285248873908,207
487.0,488.0,35,300,20,24.763092425559293,18.7264894751033,0.7843053166019991,207
499.0,488.0,35,300,20,24.77413785822694,19.42636926742159,0.6608555685080659,207
499.0,488.0,35,300,60,24.825658310861066,21.75539285103547,0.8306109114870411,207
535.0,536.0,30,270,50,24.92668118763821,23.12401850560884,0.8986118686512149,207
523.0,536.0,30,270,60,24.971211291398383,22.310711068563883,0.8256106412466053,207
499.0,536.0,30,270,50,24.99298209182506,22.676102215262315,0.8081923268561035,207
499.0,512.0,35,300,60,25.03361267795114,20.79068089761085,0.6963594622341963,207
511.0,524.0,30,270,50,25.036312042611293,22.854726605039623,0.8768821559257582,207
511.0,536.0,30,270,60,25.085545431317378,22.0164513860519,0.7508434588202749,207
511.0,536.0,25,330,20,25.116024750580248,20.32230718664137,0.6341882169822635,207
523.0,488.0,30,300,30,25.13640224742958,20.84588656757656,0.33238246051148657,207
535.0,536.0,30,270,60,25.15409782026857,22.175725742002825,0.8545510265770323,207
523.0,524.0,30,270,60,25.176792519437253,23.272841466919466,0.8821311172021156,207
511.0,524.0,30,270,60,25.205647767489424,22.800253007916723,0.8494244854405274,207
523.0,536.0,25,330,30,25.239056864247072,20.660456343926782,0.5082001221944583,207
499.0,500.0,30,270,40,25.351055859004433,22.019593071648544,0.781376275374041,207
523.0,524.0,30,270,50,25.361161152587453,23.52669760612277,0.886006222605827,207
523.0,524.0,35,300,60,25.367096773277424,21.72488982850242,0.7745238550696598,207
487.0,536.0,25,270,20,25.371565228528734,20.124767228165737,0.7130541776479062,207
487.0,500.0,30,270,40,25.440400491507603,22.513362362583038,0.8119324120385588,207
535.0,524.0,35,300,60,25.514369163114537,22.677433298513172,0.8316448060437935,207
499.0,524.0,30,270,50,25.518883779619593,22.93963887629339,0.8309478914144999,207
511.0,500.0,30,270,40,25.565461674067183,21.767812166839576,0.7446872993446966,207
523.0,500.0,35,300,30,25.590426874173396,20.48198972839435,0.43549856032540685,207
523.0,524.0,30,270,40,25.65890142195968,22.4608865018103,0.7977843217289383,207
511.0,524.0,35,300,60,25.669700528861036,21.83684982414461,0.7404165869263458,207
523.0,524.0,35,300,20,25.68807814436807,20.81779347636261,0.4342640169754741,207
535.0,512.0,25,270,30,25.693741690761488,20.611790553494817,0.5359762339369202,207
499.0,488.0,30,300,20,25.71812761592857,21.805132370515693,0.6573770358402876,207
535.0,524.0,30,270,50,25.763216678677303,24.071584331810037,0.8933147432035483,207
499.0,488.0,25,330,70,25.76447623035992,21.136933801131036,0.6539846374916225,207
499.0,536.0,30,270,60,25.80184708186607,23.194083902485524,0.6248719958759064,207
523.0,512.0,30,270,40,25.875682328699842,22.570247379737093,0.7237978433227631,207
511.0,512.0,30,270,40,25.87861055651434,22.390678775883924,0.7895910078173585,207
523.0,536.0,25,270,70,25.888459425274103,20.488716227311574,0.6136581371487937,207
535.0,524.0,30,270,40,25.90402650225223,22.639435740312976,0.7849046914149447,207
535.0,512.0,35,300,30,25.932890752783155,19.814438995443872,0.44780640131193583,207
499.0,500.0,25,270,30,25.975163373209266,22.402058949888183,0.6794675507159479,207
511.0,512.0,30,270,50,26.005055329450673,23.966994153493882,0.8784455252056164,207
487.0,500.0,35,300,60,26.00518314869304,22.687005002303287,0.7502891369627167,207
511.0,524.0,30,330,20,26.00709919754389,22.275481296287772,0.5519216204913686,207
511.0,524.0,30,270,40,26.011817665805843,22.926154633334328,0.8081308043511376,207
523.0,536.0,30,270,40,26.018481534889872,23.325089512260146,0.843393427095214,207
487.0,488.0,30,270,30,26.03360411936803,19.15900331342793,0.7267184401793545,207
487.0,512.0,30,270,40,26.03961334320557,23.181731978256494,0.8033247447175285,207
499.0,512.0,30,270,40,26.082991209431317,22.93264636368691,0.7960389990995436,207
535.0,524.0,30,270,60,26.102829282821155,24.154910404634297,0.8833847077741764,207
535.0,512.0,30,270,40,26.109911547708712,22.499695664626785,0.7433752928403691,207
499.0,524.0,30,270,60,26.13075692561914,23.547517067666917,0.7319184219835437,207
511.0,488.0,30,270,40,26.143407585542857,22.113373727046163,0.7883477127169671,207
499.0,524.0,35,300,60,26.14642040189556,22.705916754616197,0.6671170718721916,207
487.0,500.0,30,270,30,26.198082416382313,19.65876141766991,0.7484664936548704,207
511.0,536.0,30,270,40,26.242729660091836,23.29877935446592,0.8195463789351743,207
535.0,536.0,30,270,40,26.271270460875357,23.359910613478437,0.8360429951955756,207
523.0,512.0,25,270,30,26.294220727767534,21.187452650335434,0.5086088711947422,207
499.0,524.0,30,270,40,26.302319322698814,23.107892475754515,0.7892725599039285,207
523.0,500.0,30,270,40,26.354976329319985,22.855427319272614,0.6778454213553656,207
523.0,512.0,30,270,50,26.356346132217595,24.609110554543296,0.8587179287940144,207
499.0,512.0,30,270,50,26.42446986840273,24.010843427329483,0.8473615314737287,207
487.0,536.0,30,270,50,26.449443253009555,24.004142897572986,0.6560168581047197,207
511.0,500.0,30,270,50,26.464632080921156,24.445942523643936,0.8748786191602558,207
487.0,524.0,30,270,40,26.469416535283372,23.327791277329265,0.7771710533310726,207
487.0,512.0,35,300,60,26.476767792674455,23.27950441975539,0.6365016776736524,207
535.0,512.0,30,270,50,26.625617960252367,24.9038277552743,0.8819680254997765,207
511.0,500.0,25,270,30,26.63508893737035,22.60053864522251,0.5863841466244255,207
499.0,536.0,30,270,40,26.63820131537034,23.414086850720555,0.7706305706147872,207
535.0,512.0,25,330,30,26.695472958806004,21.877139005075275,0.3804926229969649,207
511.0,536.0,35,300,60,26.726862800844287,23.45899461967478,0.7508567486964919,207
499.0,500.0,30,270,50,26.72960163398542,24.50296921566348,0.8565616684813011,207
487.0,524.0,30,270,50,26.740704905135466,24.040427624886558,0.7320042963625685,207
487.0,512.0,30,270,30,26.766144141878282,20.885374664347594,0.7375718117551275,207
499.0,488.0,30,270,30,26.799818623675417,19.870317076174704,0.715962770540858,207
499.0,488.0,30,270,50,26.814079194223503,24.78648185228907,0.8707600740470383,207
487.0,488.0,35,300,60,26.839050360183993,23.63821252995671,0.813520030731469,207
523.0,500.0,30,270,50,26.858567359181755,25.076351005929922,0.8549429221777833,207
535.0,488.0,30,300,30,26.992955291197482,22.130528999080617,0.23401314114240918,207
499.0,488.0,25,270,30,27.071149549097033,23.97012165142482,0.707033928363275,207
511.0,488.0,35,300,70,27.094882801280445,22.112795272851592,0.7119210447292533,207
511.0,512.0,30,270,60,27.101640942104826,25.1339580261843,0.8857852637195683,207
523.0,488.0,30,270,40,27.115171723517125,22.73824282369493,0.7591082427925199,207
523.0,512.0,30,270,60,27.164234265898706,25.663003515730786,0.8921498283574582,207
487.0,536.0,30,270,40,27.191175862273617,23.852434175576782,0.7285423051664249,207
535.0,500.0,30,270,40,27.214409681061024,23.302982092064003,0.7174027574785939,207
523.0,500.0,35,300,70,27.289912012629795,22.27789390507892,0.6634850263381096,207
499.0,512.0,30,270,60,27.296827570295548,24.704027647156476,0.8422298023498629,207
523.0,536.0,35,300,60,27.30034538387123,23.59080676780765,0.762736182240395,207
487.0,488.0,25,270,30,27.316212304347246,23.622009022222393,0.7347021981138516,207
499.0,500.0,30,270,30,27.337124163531037,20.874266918206487,0.6835094507767266,207
511.0,488.0,30,270,50,27.35201937656378,25.50039890199967,0.8777168776922453,207
487.0,512.0,30,270,50,27.401765359550378,24.80762084066621,0.7967882769104857,207
523.0,524.0,30,270,70,27.44113944803029,24.139064483312122,0.7296971406014136,207
511.0,536.0,30,330,20,27.47173533398109,22.12611864586191,0.6401776865395051,207
499.0,536.0,25,270,70,27.47518674442037,22.206327077458628,0.18126425560766113,207
487.0,512.0,30,300,20,27.544855853146,22.56982354185037,0.8412827448676029,207
511.0,512.0,30,270,30,27.5642361323516,21.191062925071275,0.6408477206935249,207
535.0,536.0,25,270,70,27.592036715036585,21.903412532258756,0.7270667596510044,207
535.0,500.0,30,270,50,27.609745181586987,25.870226732992236,0.8608732078436265,207
499.0,536.0,35,300,60,27.6305984899109,24.314260844354436,0.6988930991852033,207
499.0,512.0,30,270,30,27.63203144281796,21.391614991549503,0.7198603344919248,207
511.0,536.0,25,270,70,27.692971300923766,22.651097776429957,0.38229670362538426,207
487.0,524.0,30,270,60,27.754877965314765,24.970140473056762,0.49538519371680634,207
523.0,488.0,30,270,50,27.780347966974308,26.024222372291025,0.8839539744910635,207
487.0,524.0,30,270,30,27.8706417940863,22.73430836027019,0.7238584752247431,207
499.0,536.0,40,300,20,27.90253103512275,24.971926481973338,0.8687272000278297,207
487.0,500.0,30,270,50,27.91626488609594,25.428282051478735,0.8171645831836202,207
535.0,512.0,30,270,60,27.929146566186052,26.33830628570485,0.8942790826347184,207
487.0,488.0,30,270,50,27.963987639304214,25.523716683257565,0.8324299209701856,207
487.0,512.0,30,270,60,27.97479291586852,25.10932119494358,0.7548558427053945,207
487.0,524.0,35,300,60,28.007045325316195,25.259878901264564,0.4348446769031349,207
535.0,536.0,35,300,60,28.042577284453692,24.977788163219508,0.8313558865673164,207
535.0,500.0,30,300,30,28.0475418268326,22.57831137728322,0.19422096811059544,207
487.0,536.0,40,300,20,28.114766120370607,24.403313083792124,0.8300300073664241,207
511.0,500.0,30,270,30,28.11788288269214,21.572286424890436,0.5956481777926168,207
523.0,524.0,30,330,30,28.150546149491813,23.69436300908342,0.39160194436393964,207
487.0,488.0,30,300,20,28.18943841710777,24.17880517129501,0.7756282529378816,207
499.0,500.0,30,300,20,28.210454059561854,24.07942391903224,0.7178772732764344,207
523.0,536.0,25,270,20,28.21493914768845,20.915208654859843,0.5838444312227652,207
535.0,500.0,35,300,30,28.2405086555975,22.251613954701718,0.20359895309765635,207
487.0,524.0,30,300,70,28.27470033447809,22.280920919569024,-0.1649670751675876,207
499.0,536.0,30,300,20,28.315882225303437,24.657300078199842,0.8635250659272701,207
511.0,512.0,30,330,20,28.327698823437647,24.21878488371747,0.40429528294795286,207
535.0,512.0,35,300,70,28.3813813841946,24.534591519900104,0.7410806417148876,207
487.0,524.0,40,300,20,28.38614055369821,24.6649678131622,0.8230720618149056,207
535.0,500.0,30,330,40,28.41128452340605,25.559429468494404,0.4773785620882138,207
535.0,524.0,30,270,70,28.415311758278246,24.973709024082684,0.7633333404641458,207
523.0,512.0,30,270,70,28.432845543961275,25.805824604754278,0.7999023842485434,207
523.0,488.0,35,300,30,28.435121437152784,22.618522907114123,0.3370451217621986,207
523.0,524.0,30,270,30,28.521211239227828,22.22351245232869,0.635934474165003,207
499.0,536.0,30,330,20,28.541639947134517,25.15400905736806,0.7438731001693504,207
523.0,524.0,30,330,20,28.581002456611866,22.808422132851295,0.1763600034358478,207
511.0,524.0,30,270,30,28.645597348197708,22.940672747603195,0.6885498401948464,207
535.0,500.0,25,270,30,28.664143858188996,23.76396677218561,0.5094093375772737,207
499.0,524.0,30,270,30,28.721119370585434,22.993135739685837,0.700134029610914,207
523.0,488.0,30,330,40,28.7478732815801,25.874073412180433,0.6581158537227028,207
535.0,512.0,30,330,40,28.759767867854617,25.06859539531521,0.6114772276967433,207
511.0,500.0,35,300,20,28.803045838260918,23.646547864874787,0.39459813895371343,207
535.0,488.0,30,270,40,28.81164184565114,23.798200945373903,0.724564283971889,207
487.0,500.0,30,300,20,28.81532792679568,24.75769401502849,0.7721470827987503,207
511.0,488.0,25,270,30,28.82771637135964,24.332679639400208,0.6400669960984181,207
511.0,512.0,30,300,20,28.85924285355561,23.863792476288534,0.5927148782309356,207
523.0,500.0,30,330,40,28.873820101079772,25.206407864280504,0.5746746976033192,207
535.0,488.0,30,330,40,28.88443950820253,26.419020709302664,0.40285837790933177,207
487.0,536.0,30,270,30,28.890246878625213,24.448354193983732,0.7172138790176265,207
487.0,524.0,25,330,70,28.91470695732595,23.155294530889712,0.3014762910336445,207
511.0,500.0,35,300,70,28.927879013289555,23.06508056263225,0.5557356829160222,207
487.0,524.0,25,270,70,28.930008513259235,21.108418095439454,-0.20113907973537842,207
511.0,488.0,30,300,20,28.979580945915405,25.002085639862912,0.34166674618709897,207
535.0,524.0,30,270,30,28.98298711739364,22.714696281445317,0.6098650931274616,207
523.0,512.0,30,270,30,29.00699345042708,22.624417029849457,0.5082029735319522,207
499.0,500.0,30,270,60,29.00971843352519,26.99207664971306,0.8766020533254374,207
535.0,500.0,25,330,30,29.065817093830074,21.79028485916176,-0.0076969557988492195,207
511.0,500.0,30,270,60,29.088593204638727,27.383645314032236,0.8967492234408683,207
523.0,536.0,30,330,20,29.106200295964072,23.23986684983479,0.43655367576103726,207
511.0,500.0,30,300,20,29.11627271134862,24.471457732362545,0.39643595494542566,207
535.0,536.0,35,300,20,29.141656442406845,22.138499161123878,0.6093172641009091,207
523.0,512.0,30,330,30,29.146694052778653,24.973685896274205,0.3171853574804292,207
511.0,536.0,25,270,20,29.176357126523538,21.72172441702148,0.6110152025315537,207
523.0,500.0,30,270,60,29.266839221880602,27.857405401917188,0.8991496120294252,207
535.0,488.0,25,330,30,29.277889857998318,21.0276049707849,-0.09401785094767573,207
535.0,536.0,30,330,40,29.299311690916568,24.816935985686666,0.3784557227726319,207
535.0,536.0,30,300,20,29.32601078347019,24.152264973559635,0.6145436163776943,207
535.0,536.0,25,270,20,29.345214812023226,23.449425788005417,0.5103395986680127,207
523.0,536.0,30,330,30,29.394474485548592,24.700292922703337,0.5408293343386537,207
535.0,512.0,30,330,30,29.41961236247961,24.663213623200058,0.3510990866742029,207
523.0,488.0,30,330,50,29.448267859831905,26.404542854015155,0.7654705895338351,207
523.0,512.0,30,330,40,29.455733989643587,24.65882751340445,0.5583710615433082,207
511.0,488.0,30,330,40,29.466470593347818,26.14883337926299,0.7273053328347113,207
523.0,500.0,25,270,30,29.474812592408654,23.35069041771843,0.4563549632382882,207
535.0,488.0,30,330,50,29.48735039727663,26.979050927927663,0.730576818243621,207
535.0,488.0,35,300,30,29.507864355281445,23.984193811016524,0.2345775322710177,207
487.0,536.0,30,270,60,29.516301260823703,26.516974122237112,0.24454749811979543,207
487.0,500.0,30,270,60,29.52779788164505,27.054195616206616,0.82223882984521,207
535.0,488.0,30,270,50,29.553070462571956,27.534918112548084,0.8720372795169362,207
511.0,488.0,30,330,50,29.55349580882975,26.182530577607253,0.7449182567246135,207
523.0,512.0,35,300,70,29.56246145216263,24.34930887245567,0.6292450057589375,207
535.0,512.0,30,270,70,29.593302086818497,27.46299329821272,0.8062467205177083,207
499.0,524.0,30,300,20,29.606067010793026,25.687884930831288,0.784483006510446,207
511.0,488.0,30,270,30,29.619229704637384,22.43821446647088,0.6502545611469421,207
523.0,512.0,35,300,20,29.62883345531176,24.846630660731343,0.3112613724455301,207
535.0,512.0,30,270,30,29.699701297529582,23.20827763852288,0.5373726489505901,207
511.0,524.0,30,270,70,29.70050895168688,25.36412043628992,0.6048672379269621,207
487.0,536.0,30,300,20,29.70998135266462,24.908787399828434,0.8296071841412042,207
523.0,536.0,30,270,30,29.712362233204683,24.628477637215028,0.7274905989236545,207
535.0,524.0,30,330,40,29.717815434005757,25.4013810534817,0.5154870519954072,207
487.0,536.0,35,300,60,29.727215984821232,27.530844588529234,0.29812211876671413,207
535.0,500.0,30,270,60,29.75057490743425,28.354344352747063,0.8998218650542206,207
499.0,536.0,25,270,20,29.751897365064988,22.71977163348738,0.603065888610955,207
511.0,524.0,30,330,30,29.75539256605527,25.42286804783987,0.5824632562992788,207
487.0,536.0,30,300,70,29.764168050187983,24.600112436851767,-0.40912707145048754,207
535.0,536.0,30,330,30,29.766486717965666,25.285593941828573,0.07836463566939349,207
487.0,512.0,25,330,70,29.774247396365222,24.30473742657777,0.3340958663881241,207
487.0,500.0,25,330,70,29.8357166277887,24.979257360360677,0.525117252923441,207
499.0,512.0,30,300,20,29.852214922197668,25.90534301788523,0.7090393091667967,207
523.0,524.0,30,330,40,29.85857077415882,24.976231939339513,0.537402497650923,207
535.0,536.0,30,270,30,29.867366174863587,24.417552794487264,0.6998027843651122,207
535.0,500.0,30,330,50,29.89620263447719,26.93626316218855,0.7477557303567371,207
523.0,512.0,30,330,20,29.94016702219421,24.170728131125777,0.08903855205328721,207
511.0,512.0,30,270,70,29.943934679406823,26.76633744325791,0.7444438631036558,207
487.0,524.0,30,300,20,29.962068488839556,25.54779735455154,0.8381562064059135,207
535.0,524.0,30,330,30,29.963168952979732,25.85918442130058,0.26310179003367884,207
499.0,524.0,30,330,20,30.018800492165393,26.457958013102566,0.7221791282567952,207
511.0,500.0,30,330,40,30.038474958590577,25.684857310189436,0.6363512109239916,207
511.0,512.0,30,330,30,30.042169597572133,25.23567875533801,0.5479127414586441,207
511.0,536.0,30,270,30,30.055626648797112,24.910543562680854,0.7150847901631195,207
499.0,536.0,30,270,30,30.082179191756772,24.910674799154034,0.6885240263630225,207
535.0,524.0,25,330,30,30.113366501325846,23.84372277948001,0.23209061408638976,207
523.0,500.0,30,330,50,30.128022364340524,26.655003541581472,0.7297460037082261,207
499.0,488.0,30,330,50,30.156908985712175,26.15133301466345,0.7153799947138786,207
523.0,500.0,30,330,30,30.214543135595985,26.896805867678143,0.2581245140598516,207
535.0,536.0,30,270,70,30.252942111071008,25.779044390395608,0.7134352337302641,207
511.0,500.0,30,330,30,30.25498139131064,26.346734576223852,0.5702852112814093,207
487.0,524.0,30,270,20,30.260815155506158,22.2232379471815,0.6621293952483928,207
487.0,536.0,30,270,20,30.283531388037265,22.956693538864528,0.6791529208095826,207
523.0,488.0,25,270,30,30.29400328416601,25.09884034536644,0.5618737877377895,207
499.0,512.0,30,270,70,30.299893589106727,26.68471743124099,0.6127229341930088,207
523.0,536.0,30,300,20,30.327965284765156,25.76369153803085,0.6499283138029286,207
511.0,500.0,30,330,20,30.355874007329795,26.469653881778576,0.3478903222261036,207
523.0,500.0,30,270,30,30.362742846556976,23.68799799718978,0.44978158641682364,207
511.0,500.0,30,330,50,30.366027949387036,26.62746007917017,0.7084463614553546,207
499.0,488.0,30,270,60,30.390697989482153,28.65342979975867,0.888625848790052,207
499.0,512.0,30,330,20,30.514488491080915,27.25706254779481,0.7452221645971004,207
499.0,488.0,30,330,40,30.59380806069642,27.134131770915076,0.7383294974825247,207
511.0,536.0,30,300,20,30.600702633988963,27.082429251064234,0.7503322572592998,207
535.0,512.0,30,330,50,30.61681859602417,27.152441027339997,0.726297299717505,207
499.0,500.0,30,330,50,30.624216537754233,26.51956505665888,0.6611021636855955,207
511.0,488.0,30,270,60,30.639607483311508,29.156337403246592,0.9034245708413365,207
523.0,488.0,30,330,30,30.66973100842248,27.47948611532632,0.2840887401873059,207
523.0,512.0,30,330,50,30.69226368678037,26.973380996614818,0.6986901778841939,207
487.0,524.0,25,270,20,30.698296635328806,24.362353767722887,0.6538465953750474,207
523.0,536.0,30,330,40,30.732564003531845,25.86636576243031,0.5911966413945113,207
511.0,488.0,30,330,30,30.74531422255191,27.221794484048452,0.6174809400494476,207
511.0,536.0,30,330,30,30.777753238750837,26.209902405974375,0.6109088704939658,207
523.0,500.0,30,270,70,30.79031799059732,28.760428266431735,0.8436929883947725,207
523.0,536.0,30,270,70,30.810927701922964,26.849358417586075,0.590805982962869,207
535.0,536.0,30,330,50,30.85040665758427,26.898407824496253,0.6223329784726916,207
499.0,524.0,30,270,70,30.888149117299086,26.507383747915682,0.31065932900440724,207
511.0,512.0,30,330,40,30.921317321161073,25.921474274800673,0.5754568755101003,207
487.0,512.0,30,270,20,30.93867142717574,22.56126888034107,0.6775037011227629,207
487.0,524.0,40,300,30,30.963293516775195,29.27396684326446,0.872620715798493,207
523.0,524.0,30,330,50,31.011636580772333,27.17351605706205,0.6714281135851505,207
535.0,500.0,30,330,30,31.047876552180632,27.195187528158076,0.02485443138187063,207
523.0,524.0,25,270,20,31.053686867120526,23.57202416940182,0.464144054982167,207
511.0,512.0,30,330,50,31.094755026017143,27.302918823420068,0.6786954769246724,207
511.0,524.0,25,270,20,31.109201835622535,23.824223078764593,0.5568541187802402,207
487.0,536.0,25,330,70,31.145580758975544,24.25094767835763,-0.31282221378711,207
523.0,488.0,30,270,60,31.2580924506076,30.14200991407503,0.9204027219277677,207
535.0,500.0,30,270,70,31.26712177839672,29.434264511892323,0.8335214065340758,207
487.0,488.0,30,270,60,31.351495621721526,29.1974140125842,0.8329569648761193,207
499.0,512.0,30,330,50,31.396799604872925,27.314755054352037,0.6323865218118737,207
499.0,500.0,30,330,40,31.4094774687871,26.84177175494123,0.6401620260330527,207
523.0,512.0,30,300,20,31.416652638856075,25.560777362834763,0.3118233294369699,207
535.0,536.0,25,330,30,31.434656517351883,24.73591729915481,0.09220007940881268,207
523.0,524.0,30,300,20,31.444209796079356,26.05368560435495,0.4129079844540589,207
499.0,500.0,30,270,70,31.451765177045807,28.927788237016543,0.8086598951356628,207
487.0,500.0,30,330,50,31.472683685972854,27.426266800801894,0.6677769621348375,207
511.0,524.0,30,300,20,31.484119847549245,27.945892299033538,0.6715961732800848,207
487.0,512.0,40,300,20,31.485585377993168,27.987346742057397,0.8193406665629196,207
487.0,536.0,40,300,30,31.510753883472795,29.827908982650825,0.8705016851094839,207
511.0,524.0,30,330,50,31.53993517072099,27.338852446813704,0.6469595467948224,207
523.0,500.0,25,330,20,31.587768031995576,23.88157172651954,7.361505240868217e-06,207
511.0,488.0,30,330,60,31.589470810623443,28.72143622681585,0.7709509060889541,207
511.0,500.0,30,270,70,31.60450322799144,29.388213214261025,0.8290748077174225,207
535.0,524.0,35,300,20,31.609688797201464,25.098363527260393,0.35998649959759665,207
499.0,536.0,30,330,60,31.612525567243477,27.59711106426601,0.5155829331431449,207
535.0,488.0,30,330,30,31.662510535144165,28.001822393815562,-0.079369386334288,207
487.0,500.0,30,270,20,31.70355831780508,23.72183716667216,0.6818066762903956,207
511.0,524.0,30,330,40,31.704284469418916,27.105326250617026,0.5747652090739834,207
523.0,536.0,30,330,50,31.749500618609687,27.560952515596146,0.6372976935559668,207
535.0,524.0,35,300,70,31.822525997059095,27.560972734020226,0.7238652107136069,207
511.0,524.0,30,330,60,31.83312629502542,28.116816077307487,0.6921355154709496,207
499.0,536.0,40,300,30,31.8345603245851,30.50382683136152,0.8982578211034257,207
523.0,488.0,30,330,60,31.845710095467176,29.389965405018373,0.8050591545965603,207
523.0,512.0,25,330,20,31.855938698458676,25.916852659290804,0.021122345784166417,207
499.0,524.0,40,300,20,31.85969726305533,27.08615464324517,0.7702898086046489,207
523.0,488.0,25,330,20,31.88623090206176,23.247447894848154,-0.0984032977001217,207
499.0,488.0,35,300,70,31.896315544573575,26.646185300949714,0.6165545097570841,207
535.0,524.0,25,270,20,31.89777482683131,25.670406633282475,0.4101547128470825,207
487.0,512.0,30,330,50,31.915210992625273,28.263037096686332,0.6048130624506747,207
535.0,524.0,30,330,50,31.93027128851833,27.989723593200825,0.6876001033122825,207
511.0,512.0,35,300,70,31.936285515707233,26.07692681439151,0.48441240156084253,207
511.0,536.0,30,330,50,31.969066309533012,27.55761105249981,0.6098072946823073,207
487.0,500.0,30,270,70,31.979722513278087,29.163086448535495,0.7481278419714369,207
499.0,524.0,25,270,20,31.98488345289391,25.15927473726046,0.6002861374124565,207
535.0,500.0,30,270,30,32.0130499349037,24.41299106425691,0.5117982402465986,207
511.0,536.0,30,330,60,32.02172315216942,28.031067373021315,0.6369250579242826,207
499.0,536.0,30,270,70,32.05044273745787,27.27952855224952,0.20381283901428188,207
511.0,500.0,30,330,60,32.08384839059549,29.18417858674189,0.7654406380909728,207
487.0,488.0,30,330,50,32.0864032416962,27.792611099916897,0.7200903474493476,207
511.0,512.0,30,330,60,32.100398073963795,29.189939243595177,0.7622894651672463,207
487.0,488.0,30,330,40,32.105603450108475,28.1360793920384,0.7177081609963947,207
523.0,488.0,30,270,30,32.1163038610395,24.79757865442303,0.5862495573088483,207
499.0,536.0,30,330,50,32.12316750083102,27.88997362920393,0.5038181776717147,207
499.0,488.0,30,330,30,32.13419275066132,29.21667671926591,0.7620794775829164,207
511.0,536.0,30,270,70,32.14133017792125,26.888120172449216,0.42348615839469733,207
535.0,488.0,25,270,30,32.161812154580616,26.40525550274212,0.47354618169103924,207
499.0,512.0,30,330,30,32.162323300503026,28.14800105220031,0.6665291770568385,207
535.0,488.0,30,270,60,32.19329438290612,31.082734637904203,0.9172009600263153,207
499.0,488.0,30,270,70,32.204510969639855,30.384833473596085,0.8682650872413678,207
511.0,536.0,30,330,40,32.220598276614716,27.143638177119104,0.5581048968765451,207
511.0,488.0,30,330,20,32.228035572726675,28.0857306593236,0.31110878301767003,207
523.0,500.0,30,330,60,32.235321722093275,29.720843390142953,0.7967846226253978,207
487.0,512.0,30,270,70,32.2924370630838,28.696662387899632,0.40913173580813633,207
499.0,512.0,30,330,40,32.29784605926591,27.740555741509226,0.5910716646773196,207
535.0,524.0,30,300,20,32.33639650724648,27.971369408500177,0.35041966267464036,207
535.0,488.0,30,330,60,32.33842756555071,30.03199505135915,0.8293051712214351,207
499.0,524.0,30,330,50,32.35718120597148,27.646322957212483,0.6103516052356681,207
523.0,524.0,30,330,60,32.42118393003142,29.468655790916905,0.7523262054128514,207
511.0,488.0,35,300,20,32.47650227619038,26.449962985101948,0.3376772634615888,207
487.0,488.0,25,330,70,32.508253634195704,26.496050579662402,0.6118105121418264,207
511.0,488.0,30,270,70,32.518859749224326,30.743365898019157,0.8625258812964615,207
499.0,524.0,40,300,30,32.52513032949494,30.521100046955784,0.8456694392095379,207
523.0,512.0,30,330,60,32.54123863383876,29.916868181694273,0.7844008962144225,207
499.0,524.0,30,330,30,32.57059045076282,28.728317596296577,0.6394955451323422,207
499.0,500.0,30,330,30,32.58860270717566,28.82483097327548,0.6827457276459938,207
523.0,488.0,30,270,70,32.60195942319454,31.233636997078534,0.8917327191248735,207
499.0,524.0,30,330,60,32.616125394413785,28.51943619452076,0.6191042932642956,207
499.0,500.0,35,300,70,32.645247523615275,27.413203638320436,0.47883469676051493,207
487.0,512.0,40,300,30,32.65493843092472,30.946782125160045,0.8675051472274972,207
499.0,512.0,30,330,60,32.675419171098994,29.616906687046544,0.691735534834176,207
511.0,524.0,40,300,20,32.706717951889864,26.863309925348698,0.6782855935954438,207
499.0,512.0,35,300,70,32.723090920787975,26.56241941192484,0.35437838295629087,207
487.0,500.0,30,330,40,32.75437437549215,28.131946928183428,0.642779724713164,207
487.0,536.0,30,330,50,32.83946518442051,29.067369108769345,0.41440683128183786,207
487.0,488.0,30,270,20,32.84259563788917,26.179570104525194,0.6236527978000342,207
511.0,536.0,40,300,20,32.87949358911747,27.634081005178306,0.7497455839735168,207
487.0,536.0,25,270,70,32.91258331788684,23.784716165407687,-0.20341778099197086,207
499.0,536.0,30,330,30,32.921079166816845,29.009679111031467,0.6215319274606924,207
523.0,536.0,30,330,60,32.989961807235765,29.423000846339622,0.6893919717237031,207
523.0,524.0,35,300,70,33.009675684475525,28.462630076743242,0.6301773360816871,207
535.0,500.0,30,330,60,33.07490014659387,30.969082480613217,0.8318859348214381,207
499.0,500.0,30,330,20,33.11164625434254,28.690188128746414,0.6071807129138386,207
487.0,536.0,30,330,60,33.1319260389444,30.234264754973086,0.22196530369806894,207
535.0,488.0,30,270,70,33.19433615312479,31.531098158309092,0.8712653903625219,207
511.0,524.0,40,300,30,33.24716085998569,30.803738925830732,0.8078674406460001,207
499.0,500.0,30,330,60,33.26773143278565,30.268781845067345,0.710835300000437,207
535.0,512.0,30,330,20,33.31749700331393,25.7331469342666,0.09907605413533341,207
487.0,524.0,30,330,50,33.33616531002943,28.843767612729682,0.6071717141910209,207
499.0,512.0,40,300,30,33.33770522535418,30.982379027258652,0.8083503171657432,207
535.0,512.0,30,330,60,33.39321560929877,31.127918826048536,0.811318555283322,207
499.0,524.0,30,330,40,33.43278722915947,28.79179750525385,0.574590851472929,207
523.0,500.0,30,330,20,33.43947554959018,28.32944187164861,-0.03470122158116335,207
535.0,488.0,30,270,30,33.44716178238836,24.599918804909922,0.4824110136419838,207
535.0,536.0,30,330,60,33.45622650327511,30.360019953162098,0.7246773838425911,207
523.0,524.0,25,330,20,33.457342015085445,27.647112772347672,0.17379234957106898,207
487.0,512.0,30,330,40,33.513519569748865,29.14404144763904,0.5733599051815947,207
499.0,488.0,30,330,20,33.59087455869021,29.954031510293152,0.6388708561204671,207
487.0,488.0,30,270,70,33.708027941879415,31.545329273266237,0.8184686188641783,207
499.0,488.0,30,330,60,33.735712180166246,29.912219465118586,0.7241716155465847,207
487.0,488.0,30,330,30,33.7555514132705,31.035178810212336,0.7769267142344225,207
499.0,536.0,30,330,40,33.783591958631334,29.22707976502894,0.522334326300104,207
511.0,512.0,40,300,30,33.8001742438921,31.101425140505608,0.7478125514753066,207
487.0,524.0,30,330,60,33.838940582463614,30.227614293402937,0.5719595620090963,207
487.0,536.0,30,330,20,33.84440981669722,30.589365555281017,0.7339651723226436,207
499.0,512.0,40,300,20,33.857471176239706,28.439985340927763,0.7039474656270677,207
511.0,536.0,40,300,30,33.859473689543,32.0148542338798,0.8611158012870808,207
487.0,524.0,30,270,70,34.008210501533505,29.999776939078767,-0.08266727073504915,207
499.0,512.0,30,270,20,34.01073788064261,24.298023154180495,0.6218412386398071,207
487.0,500.0,35,300,70,34.01220587280185,28.85090259571011,0.4773234009993008,207
511.0,512.0,30,270,20,34.13223052303075,24.4018465668882,0.4912626949053165,207
499.0,524.0,30,270,20,34.13450411032216,24.519175710889225,0.6028604053685457,207
511.0,524.0,35,300,70,34.17728935067949,28.911994382173923,0.5014562302594168,207
535.0,524.0,30,330,60,34.252165149304574,31.52838063757784,0.7685348704096024,207
511.0,524.0,30,270,20,34.25616939057828,24.814274189761317,0.5507346196882035,207
487.0,512.0,25,270,20,34.263264410961995,27.968842290953422,0.6747732443703028,207
499.0,500.0,40,300,30,34.28330014121539,32.340589309520496,0.837146650640855,207
523.0,536.0,40,300,20,34.310296748840486,29.04723262326715,0.6712177066932257,207
487.0,512.0,30,330,60,34.35798465515405,31.33644470700166,0.5578921641610016,207
523.0,500.0,30,300,20,34.38481402861495,29.882291356871363,0.12527917308217548,207
499.0,488.0,30,270,20,34.39049782985798,25.409935248582386,0.5735834926400605,207
511.0,512.0,25,270,20,34.44015715124668,27.620454961905786,0.4868902423192006,207
499.0,500.0,30,270,20,34.492773248061354,25.432385391103203,0.5843817874111166,207
535.0,536.0,35,300,70,34.554301290648986,30.56265373102083,0.7284128622217851,207
487.0,512.0,30,330,30,34.58941941868603,30.882053040086397,0.6643826662256992,207
487.0,500.0,30,330,30,34.59506031812079,31.11804600371485,0.7097299379194097,207
487.0,488.0,35,300,70,34.61136318962512,29.163530682562126,0.5723368728881418,207
487.0,512.0,35,300,70,34.615159545892475,30.206255486195953,0.18836355108718045,207
523.0,536.0,25,330,20,34.64297006640528,28.60824959451992,0.4141277700123643,207
535.0,536.0,30,330,20,34.69887785451306,28.540052409760083,-0.09735077061498011,207
511.0,512.0,40,300,20,34.72384210250353,29.121001642972576,0.5780472492614838,207
523.0,524.0,40,300,30,34.73667634430469,31.938877422829062,0.6920610494827075,207
499.0,536.0,30,270,20,34.74102717222597,25.289387278076312,0.6031337206673021,207
499.0,524.0,35,300,70,34.750308882156396,30.01698874061753,0.27334269188962507,207
535.0,524.0,30,330,20,34.75295695304817,28.84094354873838,0.05461255853092267,207
523.0,488.0,30,330,20,34.83321353429367,29.172359283134007,-0.07906282351207496,207
487.0,524.0,30,330,20,34.83554359937945,31.50952950625412,0.7240956531707906,207
487.0,512.0,30,330,20,34.98701045533734,32.03895096374856,0.7578191798959961,207
523.0,500.0,35,300,20,35.0118221364272,28.706554010813424,0.1297702784713733,207
487.0,524.0,30,330,40,35.08909356458636,30.577833147468755,0.5713252779680132,207
511.0,536.0,30,270,20,35.10681624614363,26.26733850604076,0.6143674562896101,207
523.0,536.0,40,300,30,35.15768729478962,32.953727084442605,0.8178698833702782,207
487.0,500.0,40,300,30,35.166982226579165,33.17240012826365,0.8471290558136252,207
523.0,524.0,30,270,20,35.241007827340475,26.041741541015945,0.4663716769819447,207
487.0,500.0,30,330,60,35.251142928895526,32.3346951576643,0.6735474621732191,207
535.0,512.0,35,300,20,35.3559846611031,28.163572017300613,0.15096389447751765,207
511.0,536.0,35,300,70,35.3583941657278,30.595307403425185,0.5537945675047116,207
523.0,536.0,30,270,20,35.372318340557925,26.85223354509869,0.586771887953066,207
499.0,512.0,40,300,40,35.43204139027662,33.8303032169308,0.8797347132677547,207
499.0,512.0,25,270,20,35.46261618894557,29.4712943332385,0.615521076846796,207
487.0,524.0,30,330,30,35.476771618761546,31.871802148365905,0.6328195466550941,207
511.0,512.0,40,300,40,35.501786056992856,33.5471145849902,0.8566816679271112,207
523.0,524.0,40,300,20,35.56643455927365,30.207972744501255,0.45465603167434415,207
487.0,524.0,40,300,40,35.57338973089835,33.80231670167839,0.8727954714468272,207
499.0,524.0,40,300,40,35.583197733107475,33.97250612457343,0.8721853358046527,207
499.0,500.0,40,300,20,35.677407867724035,30.43515865235384,0.6863494136926086,207
487.0,536.0,30,330,40,35.682799052570005,31.506011244772267,0.4377587823056744,207
535.0,500.0,20,330,70,35.719174227368036,33.18684061493435,0.8573462131417473,207
511.0,524.0,40,300,40,35.74593211719003,34.274177512414916,0.8784442469655941,207
487.0,488.0,30,330,20,35.77839727024692,32.59605204017909,0.7193922047143774,207
523.0,536.0,35,300,70,35.78339387884035,30.88344636148495,0.585724306661369,207
535.0,512.0,25,270,20,35.81805862700389,28.78737984903978,0.2843541432393599,207
487.0,500.0,40,300,20,35.85906873925308,30.992055191121413,0.7587497452812625,207
511.0,500.0,30,270,20,35.96223830230675,26.067758146691336,0.46182370930701827,207
487.0,536.0,40,300,40,35.995685333270714,34.14501533064529,0.8748526259879253,207
487.0,512.0,40,300,40,36.08091164156979,34.53022368629581,0.8746857678210164,207
511.0,536.0,25,300,70,36.15532394109813,29.486530973418777,0.5542211413256273,207
535.0,512.0,20,330,70,36.18133610887373,33.5167580379514,0.8269780976097219,207
487.0,536.0,30,330,30,36.2287735694839,32.493828477362094,0.5814716564017386,207
499.0,536.0,40,300,40,36.23447618231723,34.73545292499771,0.8778920653027373,207
535.0,536.0,25,300,70,36.258788434601186,29.45290026516759,0.7236994449774697,207
487.0,500.0,30,330,20,36.27851637034392,32.964306043796455,0.7117822905330017,207
499.0,536.0,25,300,70,36.314986297356405,29.57566451151356,0.26517311979948366,207
499.0,500.0,40,300,40,36.387388894509556,35.14315447264427,0.9001971779189776,207
535.0,488.0,40,300,70,36.40657567617162,34.25592373721531,0.8416203049756749,207
523.0,524.0,40,300,40,36.462220847986046,34.68112920204523,0.8633369009025186,207
499.0,488.0,40,300,30,36.467118458044595,34.907896002199024,0.8617459621640416,207
511.0,536.0,40,300,40,36.47088062953362,35.316484559790965,0.901370406994776,207
535.0,536.0,30,270,20,36.49475263167719,27.673353926174045,0.508570835905593,207
511.0,500.0,40,300,40,36.500007786375065,34.57858005079269,0.8494897011717004,207
523.0,512.0,40,300,40,36.536821313177924,34.36092061406649,0.8079656339689467,207
535.0,500.0,30,330,20,36.57787096364092,29.20568061269569,-0.18186652429833064,207
499.0,536.0,35,300,70,36.63704474850149,32.85864922727805,0.33512754886804347,207
487.0,488.0,40,300,30,36.65041000385782,34.878693595206144,0.8722566973579862,207
511.0,500.0,40,300,30,36.667355484060145,33.756464355585486,0.6601035578990526,207
535.0,512.0,30,300,20,36.68748649803639,31.80003496749362,0.1315987426228506,207
535.0,488.0,40,300,60,36.78339218129768,35.71800743896693,0.9126714234619883,207
487.0,488.0,40,300,20,36.791938792381245,31.951166711880624,0.7817151504093578,207
535.0,524.0,30,270,20,36.81572036434658,27.262988806874446,0.4089698742931617,207
535.0,500.0,40,300,50,36.83476897776058,35.11290843503344,0.8943401657675873,207
523.0,500.0,40,300,40,36.91905212871654,34.34873687858437,0.7800640795731304,207
535.0,488.0,40,300,50,36.997481270686414,35.5267096309569,0.9019506401093519,207
535.0,512.0,40,300,40,37.01216624040229,34.570805661084606,0.7735912763799108,207
523.0,512.0,40,300,30,37.052999211091965,33.87818041019797,0.578102246250656,207
523.0,512.0,30,270,20,37.11773468623713,28.029931601430757,0.3037275273396649,207
535.0,500.0,40,300,40,37.131431820643336,34.03411426360468,0.6709387056369098,207
523.0,500.0,40,300,50,37.14184666669743,35.463110650042694,0.8888388014199258,207
487.0,500.0,40,300,40,37.16161683399737,36.00233820286478,0.8980444846050448,207
523.0,512.0,25,270,20,37.29033555957345,29.172418591627913,0.2927677494633992,207
511.0,512.0,40,300,50,37.39759962232081,35.57014527034488,0.8630652546160078,207
535.0,488.0,20,330,70,37.44880250580703,34.4589262455002,0.8300558280787131,207
535.0,512.0,40,300,50,37.48251384523215,35.97707642099026,0.8951974994112147,207
523.0,488.0,40,300,50,37.504661543880765,36.251863840157,0.9067275204415893,207
523.0,512.0,40,300,50,37.52095261820435,35.72142720783126,0.8644607042860141,207
535.0,500.0,40,300,60,37.59289151620929,36.35589001577022,0.9018641969013659,207
523.0,536.0,40,300,40,37.6185594997878,36.55086420771185,0.9041316157363287,207
523.0,524.0,30,330,70,37.629840808275084,34.406957811098614,0.6826505542873132,207
487.0,500.0,25,270,20,37.64351227264732,31.576618785892112,0.6807720604444647,207
511.0,500.0,40,300,50,37.654454975359705,35.96442567476188,0.8697500209138143,207
535.0,512.0,25,330,20,37.65823832504204,31.628316964395413,0.12319493717890519,207
511.0,524.0,30,330,70,37.67546518682013,33.64920303901412,0.5931533878434535,207
499.0,512.0,40,300,50,37.71082792779425,35.85502017154837,0.8610603029458819,207
487.0,488.0,30,330,60,37.71959943587709,33.71333655108436,0.7052244264943341,207
535.0,488.0,30,330,20,37.7197946206803,29.997796226989063,-0.28637382143856943,207
523.0,512.0,30,330,70,37.78783287646455,35.166879954186754,0.7520188508036221,207
535.0,524.0,20,330,70,37.844608790011236,34.71485619492991,0.7415349632713941,207
487.0,524.0,35,300,70,37.86785634499632,34.70041440760961,-0.17121279208110682,207
511.0,524.0,40,300,50,37.871991426651626,36.26778849359158,0.8649909237859558,207
523.0,524.0,40,300,50,37.91867588730146,36.36999513549255,0.8692805428252338,207
535.0,488.0,40,300,40,37.934057144383424,35.047435692693384,0.6842885768566286,207
535.0,488.0,30,330,70,37.95752342977806,36.00331117659946,0.8179808445364913,207
535.0,524.0,40,300,40,37.95848424512312,36.40166327437112,0.8599317688343657,207
499.0,500.0,40,300,50,37.96578773664769,36.46544895204701,0.8739854805431261,207
523.0,488.0,30,300,20,37.99755702445412,33.42112235126127,0.009340921204037905,207
523.0,488.0,40,300,40,38.03133703711204,35.63013358896234,0.7689614113590244,207
499.0,524.0,40,300,50,38.033479958041475,36.07949077553397,0.8509800816631864,207
523.0,488.0,40,300,60,38.03789848602586,36.84458636002383,0.8909712007045478,207
499.0,488.0,40,300,20,38.0549929644116,33.338642738534304,0.6885749072041333,207
523.0,536.0,30,330,70,38.09261508103171,34.733933968841015,0.6473912659257209,207
511.0,488.0,30,270,20,38.09804171000509,28.04464624588491,0.4723835714057256,207
535.0,536.0,20,330,70,38.10401404917471,34.83144052289519,0.709877555447078,207
511.0,488.0,40,300,40,38.113198859310934,36.52719302027662,0.8597206108637092,207
523.0,500.0,20,330,70,38.33581059066737,34.492125061608135,0.7890309110219724,207
487.0,536.0,30,270,70,38.34384281596643,34.40465400846583,-0.15621310704228814,207
523.0,488.0,30,330,70,38.37823205190344,35.68373095311386,0.7619104270294821,207
511.0,536.0,30,330,70,38.400423605415604,34.647271705142025,0.5279932677392316,207
535.0,536.0,25,300,60,38.41167506709531,34.91436176305161,0.8304915583713787,207
499.0,488.0,40,300,40,38.42780424397633,37.394825449637985,0.9045457976370352,207
511.0,488.0,40,300,50,38.48966527823302,37.35240871128104,0.899245846587084,207
487.0,512.0,40,300,50,38.523906243116336,36.512076449205544,0.8384260044215033,207
535.0,524.0,40,300,30,38.57399680509025,35.32240917479632,0.6597757536624816,207
535.0,524.0,25,300,70,38.63388512375957,32.04159393788956,0.7192741808556319,207
535.0,524.0,40,300,50,38.64579376806743,37.449382375708325,0.8930188224648631,207
535.0,512.0,30,330,70,38.69131604206882,36.87174153049328,0.822941339595254,207
523.0,500.0,40,300,60,38.720999150812126,36.9626751200705,0.8389675633554848,207
523.0,500.0,30,330,70,38.737723497875564,36.44827202135122,0.7835431799002496,207
535.0,512.0,30,270,20,38.74778620605367,29.52453091564235,0.29400752338645053,207
535.0,488.0,30,300,20,38.756362565827224,31.68159454749821,-0.08365078229813645,207
511.0,536.0,40,300,50,38.760400059589735,37.27803890949428,0.8627085283166772,207
487.0,524.0,40,300,50,38.78095986939708,36.297225619685314,0.8074929768705928,207
535.0,524.0,30,330,70,38.78635644424379,36.24826257243202,0.7472624814152592,207
535.0,500.0,30,330,70,38.844657475187326,37.27795508927171,0.8487763298422933,207
535.0,512.0,40,300,30,38.86459278556745,34.43870091970874,0.44699052969527964,207
535.0,536.0,30,330,70,38.87406386775098,36.07300705213817,0.712228960799169,207
511.0,512.0,30,330,70,38.90135009591383,35.96228517328705,0.7168756614482747,207
487.0,500.0,40,300,50,38.90464881313609,37.474360134786515,0.8735669816614189,207
511.0,500.0,20,330,70,38.94107572240783,34.258150649750235,0.7361246562692503,207
511.0,500.0,25,270,20,38.99489578001767,32.13408519275847,0.44208152564287007,207
499.0,536.0,40,300,50,38.9989309465179,37.19120957683628,0.845092366275822,207
535.0,500.0,35,300,20,39.10404196033013,32.10084160366471,-0.07515663330088339,207
487.0,488.0,40,300,40,39.13889990181253,38.23865083981465,0.9154021214759203,207
523.0,500.0,40,300,30,39.22745837063561,34.84795587021849,0.4372247357671595,207
499.0,500.0,25,270,20,39.2354811988572,33.31417032158361,0.5808262195767363,207
523.0,500.0,30,270,20,39.26444195668529,29.12629573448466,0.23826103658670816,207
535.0,500.0,25,330,20,39.2805046361087,30.78862386063792,-0.17711855856373135,207
511.0,500.0,40,300,60,39.28418980286073,37.036097571649606,0.7748262598575879,207
511.0,488.0,30,330,70,39.30134164413947,35.94232677019481,0.6934907192025613,207
523.0,536.0,40,300,50,39.304905228127765,37.91654569866831,0.8650969808273068,207
511.0,488.0,40,300,30,39.3157541478746,35.92487760630293,0.6435832670598678,207
523.0,488.0,35,300,20,39.38487576093717,32.88765799704434,0.017024315096322164,207
487.0,536.0,40,300,50,39.501920206074054,36.815931405264166,0.7982090478649134,207
499.0,488.0,40,300,50,39.51000387393702,38.42630671846483,0.8957949446016457,207
511.0,500.0,30,330,70,39.516021712866845,36.568190584018204,0.7206707325646966,207
535.0,500.0,40,300,70,39.52073330998745,37.224831722291285,0.7958726540310375,207
535.0,500.0,25,270,20,39.53063007794209,32.03387418612946,0.29853119032451736,207
511.0,488.0,40,300,60,39.539381217881775,38.10353606154141,0.859274336818549,207
511.0,536.0,25,300,60,39.5432783390027,36.408783740331046,0.7587450256752412,207
523.0,488.0,20,330,70,39.63672209373161,35.71692845684826,0.7798352466785058,207
487.0,500.0,25,300,70,39.67827622785465,32.987363189210974,0.47615721868353855,207
535.0,536.0,40,300,30,39.723324621649766,37.291637331054076,0.8012219203498571,207
523.0,488.0,40,300,70,39.75241539437567,36.88557016249921,0.7674931374487189,207
499.0,536.0,30,330,70,39.75257173971955,36.034292743484734,0.19753348567079224,207
535.0,536.0,40,300,40,39.83413050582677,38.872346356316584,0.908661185639391,207
535.0,512.0,40,300,60,39.901909244396265,38.408410649007564,0.859423822548876,207
487.0,488.0,25,300,60,39.940713463297065,36.62541810525544,0.8091076835314882,207
535.0,524.0,25,300,60,39.975163273975184,37.24446158773622,0.836687471125143,207
523.0,536.0,25,300,70,40.14441419548612,31.336138630466017,0.6007403542561282,207
535.0,500.0,30,300,20,40.169972507542084,33.452163862019994,-0.08228466033801231,207
523.0,512.0,20,330,70,40.2287091563703,36.24732192796696,0.7450355665901149,207
499.0,524.0,25,300,70,40.240953420132385,33.27968114720077,0.30343583625925175,207
511.0,512.0,40,300,60,40.241389501832515,37.502777860740615,0.7074012592113413,207
487.0,536.0,45,300,20,40.27714398454345,38.35243187259888,0.848906788298377,207
523.0,524.0,25,300,70,40.280920514047125,32.269351369391785,0.6233204253303374,207
523.0,512.0,40,300,60,40.38253993026165,38.38964672378844,0.8032099174657378,207
487.0,536.0,35,300,70,40.435675234913674,37.9197969096541,-0.43410986924853545,207
499.0,536.0,25,300,60,40.44243566662237,36.9420187607736,0.6488433417274583,207
535.0,500.0,40,300,30,40.46619493040581,35.93265523875435,0.21539632302423187,207
499.0,500.0,40,300,60,40.46950503607809,37.793771909584294,0.713059560275387,207
487.0,512.0,25,300,70,40.49071416613033,33.39205841915996,0.1545952979027218,207
487.0,500.0,25,300,60,40.49812359486381,37.66753095278442,0.7604532532890428,207
523.0,536.0,20,330,70,40.5880406403129,36.75194641106437,0.661763537575322,207
511.0,500.0,40,300,20,40.60305876639395,34.73411750074042,0.3900265748106669,207
535.0,536.0,40,300,20,40.64068187627859,34.07817463373146,0.596046623623599,207
487.0,536.0,25,300,70,40.651573300773016,29.571978593295498,-0.3638401637320796,207
511.0,512.0,20,330,70,40.65216150151049,35.92712004814351,0.710520194118016,207
487.0,488.0,40,300,50,40.69271043846004,39.702927187013685,0.9026437525645338,207
523.0,536.0,25,300,60,40.70096028626576,36.9995520924794,0.7701912480388633,207
535.0,536.0,25,300,50,40.731635993494066,38.44687462166998,0.9018495540669408,207
535.0,488.0,35,300,20,40.74743654724794,34.10481382927529,-0.09402678666765518,207
523.0,512.0,40,300,20,40.758593875677875,35.561789203237105,0.33063275931146613,207
511.0,488.0,20,330,70,40.76186457307343,35.373211378100756,0.7285592205321548,207
487.0,488.0,25,300,50,40.82823410975908,39.103954102014086,0.9007182290938665,207
535.0,536.0,40,300,50,40.914199983637864,39.974736033562216,0.9084996971927161,207
535.0,500.0,30,270,20,41.00889090514104,30.970500585581142,0.29989727410866224,207
487.0,524.0,45,300,20,41.081805412219,38.93584091627944,0.8304304771504533,207
535.0,488.0,25,330,20,41.104261231320116,31.680223370985576,-0.2964808755579441,207
499.0,512.0,40,300,60,41.12570366488606,38.27018593636616,0.6859153434465899,207
499.0,524.0,30,330,70,41.134061617668685,37.52383401675893,0.4940349331867579,207
499.0,536.0,45,300,20,41.159102856309374,39.585860896518795,0.8823022441154417,207
499.0,488.0,25,300,60,41.24839512104581,38.41610265957246,0.8317419247433909,207
487.0,488.0,25,300,70,41.25106471395327,33.185826245790636,0.5768156209750099,207
523.0,500.0,25,270,20,41.310828913888066,32.547401028919175,0.25359390248428176,207
499.0,488.0,40,300,60,41.434259180077916,39.78133515035029,0.8312300126574957,207
523.0,524.0,20,330,70,41.460699451984944,37.344943267242385,0.6726423651549773,207
499.0,524.0,25,300,60,41.48508786878351,38.458491717973246,0.6805607329907132,207
499.0,488.0,25,270,20,41.52214025235306,35.952379872342924,0.5416745085901462,207
487.0,488.0,25,270,20,41.5272820751042,35.36728935955075,0.6323130691077599,207
535.0,512.0,25,300,70,41.55261892926446,35.60675044185163,0.7240664183623999,207
523.0,524.0,25,300,60,41.601177835854706,38.499671556608035,0.76933168227323,207
535.0,512.0,25,300,60,41.63955283938014,39.817450793794784,0.8507419909415894,207
523.0,488.0,30,270,20,41.64228866194845,32.70822033295469,0.4039914054614424,207
523.0,488.0,40,300,30,41.650123077814975,36.63602136865185,0.4034390844337305,207
523.0,524.0,40,300,60,41.80197465429917,39.71571401220158,0.7753616261214565,207
511.0,524.0,40,300,60,41.81078242581264,39.523817031098424,0.7505718637956319,207
535.0,536.0,25,300,40,41.84357604922979,39.38493499916999,0.8915295492942574,207
487.0,536.0,25,300,60,41.84842501285414,37.06258116138109,0.3635302599509206,207
499.0,488.0,25,300,50,41.86215253966213,40.245739276050905,0.897213473240823,207
535.0,524.0,40,300,20,41.95079096080195,35.42755875346553,0.39597975598288804,207
535.0,524.0,25,330,20,41.958063319601514,33.69092234822047,0.03226242790557157,207
511.0,524.0,25,300,60,41.986435137066465,38.698720657797466,0.7288236803593096,207
511.0,536.0,20,330,70,42.016028405257835,37.536224478680325,0.580102091995388,207
487.0,512.0,25,300,60,42.01820957938824,38.70054794347394,0.6318952757355957,207
499.0,524.0,40,300,60,42.029322842127165,39.09788477901281,0.6734481713358089,207
511.0,488.0,25,300,60,42.058297905207816,39.90924660633375,0.8679660633934079,207
487.0,512.0,40,300,60,42.07367558624579,38.81173374575923,0.6190679964091035,207
499.0,512.0,30,330,70,42.091704238466995,39.24142527748559,0.5936773605512674,207
535.0,524.0,40,300,60,42.17515252751083,40.635635708325644,0.8370878076838358,207
523.0,524.0,35,330,20,42.18810438712531,36.88760832483114,0.22053585288599847,207
523.0,500.0,40,300,70,42.199129722902896,38.80427881566592,0.6645525592891258,207
487.0,500.0,40,300,60,42.25778078392275,39.9449669840155,0.7442474795089176,207
523.0,512.0,25,300,70,42.290572252710504,35.83964619316414,0.614457961327808,207
487.0,524.0,25,300,70,42.33169937909964,32.15983526367725,-0.17911451782887014,207
535.0,488.0,40,300,30,42.3407200824647,37.86032055027887,0.23206572882155313,207
511.0,488.0,40,300,70,42.380020541239254,38.939239207321336,0.6891914051773004,207
487.0,488.0,25,300,40,42.39484625004815,40.79981845843109,0.909350045831296,207
487.0,524.0,25,300,60,42.44425788368138,38.19236629248769,0.4657091259238686,207
499.0,500.0,20,330,70,42.47090008350023,34.01307454763699,0.6414549721204946,207
523.0,512.0,25,300,60,42.50804319957672,40.24712466461441,0.788613847762282,207
499.0,512.0,25,300,60,42.562684052496635,39.6810067616789,0.7063105531255972,207
511.0,488.0,25,270,20,42.6291009974026,35.68777913111175,0.46332731811657146,207
511.0,524.0,25,300,70,42.653367673385134,33.80940604464541,0.4867843562229752,207
523.0,536.0,35,330,20,42.69038229713014,36.88794675801279,0.4266668576597003,207
523.0,488.0,25,270,20,42.727188306950765,34.06490845436955,0.3607277522957781,207
487.0,488.0,35,270,30,42.791113264599936,38.91536585571588,0.718486094112902,207
511.0,536.0,40,300,60,42.88304404274385,40.65494644109858,0.7527272291448335,207
487.0,488.0,35,270,20,42.930573289062075,34.34832335646702,0.6187065661501252,207
511.0,500.0,40,300,70,42.93193476830178,38.4126854359914,0.5520924520503765,207
535.0,524.0,25,300,50,42.99803373310672,41.56101212938532,0.8928602630224585,207
511.0,488.0,25,300,50,43.00253894008629,41.592178957000876,0.8978125227008239,207
487.0,524.0,40,300,60,43.05439493739333,39.32840397989055,0.42405486129465997,207
487.0,500.0,25,300,50,43.09920479618303,41.75504984623232,0.8711626402020467,207
487.0,500.0,20,330,70,43.12802337112048,32.0570917812449,0.5501259406489611,207
523.0,536.0,25,300,50,43.1465310152406,41.31514638318877,0.8610033478755426,207
535.0,488.0,30,270,20,43.168121288673646,33.39128938857456,0.2111497729843295,207
499.0,488.0,25,300,40,43.19533160646155,41.56002827186394,0.8982015917418052,207
523.0,488.0,25,300,60,43.20356834247157,41.81604147921012,0.9065703533683377,207
523.0,488.0,20,270,70,43.23977896811593,41.620836250770736,0.8965553135884764,207
511.0,536.0,25,300,50,43.28325574609909,41.64538239402119,0.8570867061718629,207
487.0,488.0,20,330,20,43.29252254832158,39.654453887482866,0.7288507293129958,207
487.0,512.0,20,330,20,43.309163033664525,39.47095678258748,0.731712792274746,207
499.0,500.0,25,300,60,43.31906701284357,40.409126862356224,0.7404492419747658,207
487.0,488.0,40,300,60,43.33838120328402,41.584605460901265,0.8144670021030618,207
523.0,500.0,25,300,60,43.35274686752969,41.73208244700805,0.8488840110670419,207
499.0,488.0,20,330,70,43.3921759518255,35.65449029675115,0.6762940494324711,207
487.0,500.0,20,330,20,43.40882790567509,39.51470129673384,0.6964141727162925,207
523.0,536.0,40,300,60,43.42984672294257,41.21813638506136,0.7656788377076419,207
499.0,488.0,30,330,70,43.45592984776,38.56638554744545,0.6407822626134867,207
511.0,524.0,35,330,20,43.53383729434227,40.11722045273429,0.5592897281295753,207
499.0,512.0,20,330,70,43.545766317184395,35.346260368331436,0.6193889139701502,207
535.0,500.0,25,300,60,43.55862282832444,42.41523003910268,0.8974007763359967,207
499.0,500.0,30,330,70,43.610193806496554,40.501261670998076,0.6202676730850395,207
499.0,488.0,25,300,70,43.613113691289236,35.542286211937714,0.6253107818100286,207
499.0,512.0,25,300,70,43.637807456562776,36.06727827067653,0.34707166015852026,207
511.0,524.0,20,330,70,43.63981692138551,38.69338739130248,0.5776172125131701,207
511.0,536.0,35,330,20,43.652146983494646,39.57587244322558,0.636428637706944,207
487.0,500.0,35,270,30,43.691154729785815,40.72680117552018,0.7571371282568865,207
523.0,500.0,25,300,70,43.77815135568857,38.42523074490805,0.6869356721077742,207
499.0,536.0,40,300,60,43.83713553349467,41.292292887447665,0.7016120638204673,207
499.0,488.0,35,270,30,43.84674897517217,40.13427446232753,0.7198760576248276,207
499.0,524.0,20,330,70,43.85219673206517,37.190307462730885,0.5082080347865201,207
499.0,536.0,25,300,50,43.85232049709272,42.20383514900554,0.8257852087107135,207
487.0,536.0,30,330,70,43.90196397988987,41.12901945956163,-0.32704237286602905,207
535.0,512.0,40,300,70,43.90250187814784,41.36804180519242,0.7441745041007063,207
511.0,500.0,25,300,60,43.985501502902636,41.60478515301026,0.7793910119634818,207
511.0,512.0,25,300,60,44.096495919649804,41.232308077426055,0.722446897479025,207
535.0,500.0,20,330,60,44.11492333278293,42.315599417324655,0.8308393406108074,207
499.0,524.0,45,300,20,44.12125049893884,41.1245002083128,0.7719812433865,207
499.0,500.0,25,300,70,44.12222459507177,35.278359386106125,0.482731230707636,207
535.0,536.0,35,330,20,44.13343472653355,37.77609307838249,-0.0957754534129782,207
499.0,500.0,25,300,50,44.14768045587066,42.81864064487869,0.8764477703268246,207
523.0,536.0,25,300,40,44.15249415846251,42.638390653634474,0.8984780006800396,207
487.0,500.0,35,270,20,44.184807192677866,36.99147055293699,0.6977874227958195,207
535.0,512.0,20,330,60,44.19864031726799,41.973045963723266,0.8055053935944342,207
511.0,488.0,20,270,70,44.21182953029866,42.64775044159356,0.8631003638730518,207
523.0,488.0,25,300,50,44.21274505733962,43.24731869025036,0.9068564786668618,207
487.0,488.0,35,270,40,44.21517986288686,42.53376651283975,0.8156173219662616,207
487.0,524.0,30,330,70,44.228820575631794,40.81671778308673,0.3454929767598689,207
487.0,536.0,25,300,50,44.245145040808254,42.32656505557438,0.7893544953799428,207
499.0,488.0,35,270,40,44.269610712305145,42.60382131422259,0.8167441777552936,207
487.0,512.0,45,300,20,44.28870701194563,41.840804953452945,0.8035479298036979,207
499.0,500.0,35,270,30,44.35026108408804,40.74993787311002,0.6961715459526148,207
487.0,524.0,25,300,50,44.35503732416175,42.76097801753132,0.8244981824508958,207
487.0,512.0,25,300,50,44.35654697863899,42.83137977902379,0.8314395615345841,207
535.0,536.0,25,330,20,44.3729089789169,36.182570200107286,-0.08589545116307813,207
511.0,488.0,25,300,40,44.384900005278574,42.833286511296485,0.8591635921105318,207
535.0,536.0,40,300,60,44.41219129046244,42.81531296433865,0.8342657131407611,207
523.0,524.0,25,300,50,44.45595352676034,43.022857837110614,0.8642657234469691,207
535.0,512.0,25,300,50,44.48395814564467,43.48421909132422,0.8945003546951037,207
487.0,512.0,35,270,20,44.49173047915201,38.23639266444588,0.6807643250218025,207
487.0,524.0,20,330,20,44.51661484590668,40.223271888553626,0.7059100733682319,207
535.0,512.0,40,300,20,44.52539853071002,36.61503595970683,0.12343156567043398,207
487.0,524.0,45,300,30,44.526502181823915,43.4098863268998,0.880017624248956,207
487.0,488.0,20,270,70,44.54838498970006,42.998209798563494,0.8284531429071312,207
499.0,524.0,25,300,50,44.56115098022316,43.17542851077206,0.846681916888902,207
511.0,488.0,25,300,70,44.58728337962238,38.8000978759421,0.7151654715304009,207
535.0,536.0,35,330,30,44.59668666185399,39.56734956296603,0.08415299261791988,207
511.0,524.0,25,300,50,44.59885026131005,43.12901236330049,0.8560908866701602,207
511.0,536.0,35,270,60,44.62228457672686,42.49421008626907,0.7515406804613518,207
535.0,488.0,20,270,60,44.654271437081974,42.85400453251292,0.9159346697983797,207
535.0,488.0,25,270,20,44.65837940495926,36.321461601050245,0.22182485745103855,207
487.0,512.0,35,270,30,44.658799943811545,41.999834391346674,0.743723146645678,207
487.0,536.0,40,300,60,44.67198827674354,40.81681954125033,0.34449746700915934,207
511.0,488.0,40,300,20,44.71084398853447,38.2490204488313,0.3364950606921726,207
511.0,512.0,25,300,70,44.74216759190687,36.711050118797324,0.5042744005518026,207
499.0,536.0,35,270,60,44.74313948964783,41.91538673253836,0.6090350071427518,207
523.0,512.0,40,300,70,44.80835760284856,41.63439836739562,0.6455591348935796,207
535.0,488.0,25,300,60,44.819224323531586,43.617232562300664,0.9131883831201566,207
535.0,536.0,35,270,60,44.85586042355166,43.358196211157576,0.8457117185386451,207
511.0,500.0,25,300,50,44.868384581836786,43.62145470094794,0.8693419122460784,207
535.0,524.0,25,300,40,44.8958374853357,42.979868984237655,0.8323783969346745,207
487.0,524.0,35,270,20,44.902499484434905,39.82028596948576,0.6737829388055651,207
523.0,536.0,35,270,60,44.91350762086799,43.25326177964715,0.8124399182194133,207
499.0,512.0,25,300,50,44.91391931216185,43.63714759453069,0.8600323554200537,207
499.0,488.0,20,270,70,44.9162011204275,43.633048018146546,0.8747639753487849,207
487.0,500.0,25,300,40,44.92738123564206,43.634535843579506,0.8983159760020081,207
535.0,524.0,20,330,60,44.967451050416834,42.73376169079185,0.7530378403935335,207
511.0,500.0,35,270,40,44.983361492659085,42.80554964994363,0.741541737155656,207
499.0,500.0,35,270,40,44.98551680566705,43.13690976930558,0.787626634748009,207
487.0,536.0,45,300,30,45.01833550812757,43.909295284333176,0.8803389187703256,207
511.0,524.0,45,300,20,45.03706956416564,41.04308363776307,0.6805460691175403,207
511.0,536.0,45,300,20,45.04194513530262,41.67170383511562,0.7402115355284401,207
511.0,500.0,35,270,30,45.0671236194179,41.07958130369127,0.5763244628367639,207
523.0,488.0,20,270,60,45.07176542223596,43.94150806178066,0.9191512872067058,207
535.0,488.0,20,270,70,45.10298356814857,41.60602617180617,0.8689978036200193,207
511.0,536.0,35,270,50,45.105631222531414,43.83629928235444,0.8699224229707346,207
535.0,488.0,20,330,60,45.17225015855553,43.53797116647316,0.8250331636841562,207
487.0,500.0,35,270,40,45.204052750117455,43.57376942729323,0.8140640085004623,207
499.0,536.0,35,270,50,45.23848688270202,43.273277702888706,0.8003039608901118,207
523.0,536.0,35,270,50,45.25869171302007,44.19929589826641,0.8860787726648055,207
511.0,512.0,35,270,30,45.287202491196176,41.92759028037643,0.6549602230784423,207
523.0,512.0,35,270,40,45.303421556404984,43.07547655452307,0.7225546201116637,207
499.0,536.0,20,330,70,45.308737027071146,38.91140223646531,0.25928508130051736,207
499.0,512.0,35,270,30,45.32621105125746,42.3601163542981,0.7225672602839353,207
535.0,488.0,25,300,50,45.34475624773326,44.45459948486522,0.9038505984764298,207
523.0,500.0,25,300,50,45.35105024007368,44.360330408862986,0.8910759290514793,207
511.0,524.0,35,270,60,45.369728161871414,43.75697461638362,0.8421652529895752,207
523.0,512.0,25,300,50,45.38360800244686,44.13979545244583,0.8625626945939957,207
511.0,488.0,35,270,40,45.4003210006196,43.432213969081275,0.7906953589496073,207
535.0,536.0,35,270,50,45.40968139000927,44.47232993299514,0.8958694566919769,207
535.0,524.0,35,330,30,45.414627082116795,40.71941314918037,0.2678382757232872,207
523.0,500.0,40,300,20,45.42703771635368,38.24638253200816,0.12440673749919996,207
523.0,500.0,35,270,40,45.43963574036865,43.12555393143476,0.6821480849526325,207
523.0,512.0,35,330,20,45.44479363242623,40.98622262312308,0.0947121236266099,207
487.0,512.0,30,330,70,45.46535185778074,41.939087051748714,0.3142899910809757,207
535.0,500.0,25,300,70,45.468648212211306,41.31971710453343,0.7902664329478669,207
511.0,512.0,25,300,50,45.47324922424585,44.20216842114935,0.8598278777463111,207
535.0,524.0,35,330,20,45.482960844994054,40.230040114677905,0.06059613475424576,207
523.0,524.0,35,270,60,45.50900183729943,44.314940470648935,0.879722941934356,207
487.0,536.0,20,330,20,45.518358598889826,41.38522216289225,0.7006736477104202,207
523.0,524.0,35,330,30,45.532276563984496,41.30144502073889,0.4222622609493595,207
523.0,524.0,35,270,40,45.59524140087561,43.858121611766755,0.7970963450678802,207
511.0,524.0,35,270,50,45.59773199848634,44.20418696690163,0.8770963016605501,207
499.0,488.0,35,270,20,45.606976159787955,36.46970909307273,0.5559846214139328,207
499.0,536.0,45,300,30,45.63379109718072,44.75415083291954,0.9026592523212533,207
511.0,512.0,35,270,40,45.63494725615588,43.84927789163196,0.7908470853203543,207
499.0,524.0,35,270,60,45.63537446362982,43.063720339340044,0.7096801851977238,207
535.0,512.0,35,270,40,45.6418805249678,43.50841788831469,0.7414691206171172,207
487.0,536.0,35,270,50,45.64488744841093,42.7162639321662,0.651576549843348,207
511.0,488.0,35,270,30,45.681580715063625,41.230827946724446,0.6506014347597379,207
511.0,512.0,35,330,20,45.70018767692221,41.65550654641748,0.3783836356727729,207
487.0,488.0,20,330,30,45.70455831100679,42.48445575640037,0.7733272858787249,207
499.0,524.0,35,270,50,45.71809050257682,43.85283495810263,0.8288698615230703,207
535.0,524.0,35,270,40,45.72302543939135,43.887002701071324,0.7834906612669267,207
499.0,512.0,45,300,20,45.764197516789565,42.198176898334346,0.7071702156584135,207
511.0,536.0,25,300,40,45.773344819805224,44.425953762017016,0.8977690299078195,207
499.0,512.0,35,270,40,45.793894600252464,44.05300992200447,0.7957493761831513,207
487.0,512.0,35,270,40,45.79768913812723,44.147086116606935,0.8079863728557201,207
499.0,500.0,25,300,40,45.86282036062699,44.78897742377638,0.905367485880509,207
535.0,500.0,25,300,50,45.87441459906125,44.913547218138206,0.8918070720940304,207
535.0,512.0,35,330,30,45.88137263330281,41.74548389455815,0.3393254775339575,207
523.0,488.0,25,300,70,45.887242251059085,41.60863594822517,0.8071444574583941,207
511.0,512.0,40,300,70,45.94498134450215,40.87410270783544,0.47755160145687825,207
487.0,488.0,20,330,70,45.959917031994145,35.58249153518176,0.6036312396585659,207
523.0,524.0,35,270,50,45.96364645957906,44.78192541237325,0.8855435882261341,207
511.0,524.0,35,270,40,45.96969049367618,44.33825907141038,0.8092741888703269,207
499.0,524.0,45,300,30,45.98554480688779,44.646410591070804,0.8461000238275921,207
487.0,524.0,35,270,30,46.009344705053834,43.5709450599891,0.7327976030609795,207
523.0,536.0,45,300,20,46.031361717771304,42.326242703015076,0.6681911175169787,207
499.0,524.0,35,270,40,46.041206372933985,44.26955265701082,0.7910105317492755,207
511.0,488.0,20,270,60,46.06565105225933,45.03987195753736,0.9022336489678413,207
523.0,512.0,35,270,30,46.068793398322406,42.254776835661204,0.5055215476765701,207
535.0,512.0,35,330,20,46.08243616191148,39.91170608597022,0.1097368324880668,207
523.0,536.0,35,270,40,46.090477220457785,44.72550938908983,0.8424434977542845,207
535.0,536.0,35,270,40,46.1226149536099,44.673234623711615,0.8335361692974297,207
535.0,500.0,35,270,40,46.137401147990346,43.90325792675549,0.7136047034702588,207
487.0,524.0,35,270,40,46.150010457000185,44.28343195489495,0.7827553779712015,207
535.0,536.0,20,330,60,46.18025452329529,43.53287693390147,0.7241750201904628,207
523.0,500.0,20,330,60,46.21736101446076,43.95302310645877,0.791508749153154,207
523.0,488.0,35,270,40,46.223407383839294,43.95935055658253,0.7625926675201489,207
511.0,536.0,35,270,40,46.22848292983991,44.704995279541635,0.821451452449321,207
487.0,512.0,45,300,30,46.24369238733654,45.06114018587084,0.8640509831391414,207
523.0,500.0,35,270,30,46.255231723522975,42.110875425824275,0.44857806543627327,207
499.0,500.0,40,300,70,46.271505882276465,41.2409635161244,0.45375340705933354,207
523.0,512.0,20,330,60,46.28621454214681,43.79696326012932,0.7766909235835807,207
535.0,524.0,35,270,50,46.2887513003534,45.27791965082926,0.8931641057733606,207
535.0,524.0,35,270,60,46.31944760181187,45.25136468711368,0.877808324410292,207
487.0,524.0,35,270,50,46.32739577716263,43.853187756968744,0.7315649787974391,207
499.0,488.0,40,300,70,46.339908836216495,42.165603576083754,0.6157390583434893,207
523.0,536.0,35,330,30,46.341457709324175,42.01070534731376,0.5242033374565443,207
523.0,524.0,25,300,40,46.36210682516742,44.926079504707126,0.8456124909490098,207
523.0,524.0,35,270,70,46.369873857539694,43.84723223755088,0.7144808477188664,207
499.0,536.0,35,270,40,46.386387657487376,44.48900968964349,0.7723012340712757,207
487.0,524.0,35,270,60,46.3904725646856,43.231593495370596,0.4798995067672486,207
499.0,500.0,35,270,20,46.42553953302747,38.49713669824318,0.6101945934158213,207
523.0,488.0,25,300,40,46.5202890825021,44.324793000310954,0.760089142955981,207
511.0,512.0,35,270,50,46.54934084924426,45.28927687032062,0.8780968454437202,207
487.0,536.0,20,330,30,46.57081601110711,41.425286521960146,0.5582876353277619,207
523.0,524.0,35,270,30,46.57167966815475,43.39451510791314,0.6424335467818917,207
499.0,536.0,35,330,20,46.57432264857656,44.382716678283074,0.7438453284536395,207
487.0,500.0,20,330,30,46.58976764765574,42.74485236640656,0.7075248364827014,207
499.0,524.0,35,270,30,46.61339359131491,43.87543645286096,0.7085209461994412,207
511.0,500.0,25,300,70,46.639338014555136,39.71141352830905,0.5486234849902601,207
523.0,488.0,20,330,60,46.65417702655634,44.54894327035975,0.8021912267375042,207
535.0,536.0,25,300,30,46.660267451031714,42.395434048026715,0.7892831893237288,207
511.0,500.0,20,270,70,46.66252871155669,45.005709465942864,0.8445869248386473,207
499.0,512.0,45,300,30,46.66286454755864,45.04672832280357,0.8079885250731894,207
511.0,500.0,25,300,40,46.679157921618966,45.240501854856674,0.8388806250986147,207
511.0,524.0,35,270,30,46.68057011213081,43.86235436603814,0.6936067847273546,207
499.0,512.0,40,300,70,46.695961257537434,41.32804251832678,0.3401051754551452,207
487.0,536.0,35,270,40,46.71208375332556,44.49636631132768,0.7329026914417273,207
511.0,512.0,45,300,20,46.71770170950214,42.59456763875513,0.5714205712810503,207
487.0,524.0,20,330,30,46.71810510818326,41.71321719477697,0.6220308986783428,207
499.0,512.0,35,270,50,46.741659267896225,45.21360999968844,0.8456107388379396,207
523.0,512.0,35,330,30,46.75549116691208,42.794694287075714,0.34275689795043995,207
523.0,512.0,35,270,50,46.76803122620039,45.38673958896577,0.8577003221170316,207
535.0,536.0,35,270,70,46.81001821824294,42.415016536599786,0.7031294941251518,207
487.0,512.0,25,300,40,46.841804671828896,45.54442329737216,0.8722503931352471,207
487.0,512.0,20,330,30,46.84185846730263,42.75553349032618,0.6597699649044024,207
487.0,500.0,30,330,70,46.851864422227386,43.759068427690565,0.5168012210895463,207
535.0,536.0,35,330,40,46.85757781000181,42.590747095372336,0.37567205120067354,207
535.0,524.0,35,270,70,46.863243119544926,44.08159132353878,0.7447582363316111,207
499.0,536.0,25,300,40,46.90283077217097,45.59032132061809,0.8711540904006672,207
535.0,524.0,35,270,30,46.91473205607898,43.53403476505872,0.6213357459571388,207
487.0,524.0,20,330,70,46.9202823951759,36.522771455088936,0.32289558271232915,207
511.0,500.0,35,270,50,46.92452105470025,45.66075770477705,0.8743883742880931,207
487.0,512.0,20,330,70,46.965079397520995,35.02828446715406,0.3551965745140537,207
499.0,488.0,20,270,60,46.966862592895474,45.914358023374945,0.8899610141741707,207
511.0,524.0,45,300,30,46.98606077126414,45.34505209166603,0.8075125729009733,207
511.0,512.0,45,300,30,47.02556593471198,45.01885484514655,0.7536621863817369,207
535.0,500.0,35,330,40,47.050164945295904,43.69854755161897,0.48298401599114105,207
523.0,524.0,20,330,60,47.0720435964573,44.39085276481256,0.7428021993615102,207
523.0,524.0,45,300,20,47.10077060284493,42.62276402931829,0.44271699914176293,207
499.0,488.0,25,300,30,47.11361135638081,44.41752729712178,0.8450974866558915,207
487.0,536.0,35,270,20,47.12594839296325,42.76252118492427,0.6640362382003244,207
499.0,500.0,35,270,50,47.134063743102814,45.737051486133026,0.8551225615135599,207
535.0,512.0,35,330,40,47.135229778106314,44.108606059250874,0.5884164385841169,207
535.0,512.0,35,270,30,47.14663256505314,43.29818532034899,0.5305808501197546,207
535.0,512.0,35,270,50,47.15168930512069,46.074125948283694,0.8835612380799125,207
487.0,536.0,35,270,60,47.15693499322769,43.49700026659039,0.2560721969714115,207
511.0,500.0,35,330,20,47.16338770709459,43.16926377941513,0.3634198559221207,207
511.0,488.0,25,300,30,47.19078823177042,43.53849467877737,0.6496481311657146,207
523.0,500.0,20,270,70,47.194816763831824,45.31477566180724,0.8632538284370803,207
511.0,524.0,25,300,40,47.205899824033914,45.87610416154077,0.8762169792869884,207
523.0,500.0,35,270,50,47.2258916779487,45.88352898205812,0.8568936304207403,207
499.0,512.0,35,270,20,47.24716131485796,40.5410804307365,0.6341042498308346,207
499.0,500.0,45,300,20,47.26617835299556,43.82480765907515,0.6702911582177972,207
535.0,488.0,35,270,40,47.280841060417735,44.69638072105595,0.7256827345421831,207
535.0,524.0,40,300,70,47.28452690589939,44.90209159473358,0.7381839280548147,207
499.0,500.0,20,270,70,47.29595222333753,45.72357799318153,0.8291421983779822,207
499.0,488.0,35,270,50,47.30659710169937,46.06237300808366,0.867182796304115,207
487.0,488.0,20,270,60,47.3164332797297,45.75393118115845,0.8375570398895368,207
499.0,512.0,35,270,60,47.317889157378325,45.599941122258365,0.8348179531539732,207
535.0,500.0,35,330,30,47.33177306546786,43.28586499744471,0.05329666914119195,207
535.0,488.0,35,330,40,47.33279660070472,44.03890473450084,0.4087481699770441,207
511.0,536.0,45,300,30,47.333907714856146,46.093971830806495,0.8572008558279884,207
487.0,512.0,35,270,50,47.3342392804292,45.518441516842195,0.799057841191429,207
511.0,512.0,35,270,60,47.411217264659236,46.13179430632101,0.8820761808870513,207
487.0,536.0,25,300,40,47.45972733107901,46.335217485731356,0.8694882871889272,207
487.0,500.0,20,270,70,47.47084633171376,45.53916751421889,0.7758375558461263,207
523.0,512.0,35,270,60,47.49132509551421,46.38215167146009,0.8891673486776167,207
499.0,488.0,20,330,20,47.523765966357374,44.524222653185625,0.6601851399841785,207
535.0,524.0,35,330,40,47.53048501183542,43.81683280794908,0.520225538462339,207
499.0,512.0,25,300,40,47.542766421019174,46.465889774682545,0.8876054203843841,207
523.0,536.0,35,270,70,47.56550426603219,43.0708109723585,0.572634916953359,207
487.0,524.0,25,300,40,47.565936925358244,46.50100327822418,0.8792405736837458,207
499.0,500.0,45,300,30,47.56687648319039,46.16911352978742,0.832445041078958,207
499.0,524.0,25,300,40,47.57331785812374,46.370786516975876,0.8787796119580594,207
523.0,500.0,25,300,40,47.57537110194284,45.70783466037021,0.7807234177551626,207
499.0,524.0,35,330,20,47.60137953539969,45.623200294016,0.7548492193760861,207
535.0,512.0,25,300,40,47.61718272883616,45.38639127047063,0.7490448298793911,207
487.0,512.0,35,270,60,47.64771302512551,45.403557546963334,0.7452730505372082,207
499.0,488.0,20,330,30,47.654795038978705,45.081139028557196,0.7688831588573007,207
523.0,512.0,25,300,40,47.6908414064748,45.95012509675809,0.794299081853742,207
523.0,524.0,45,300,30,47.69988809805271,45.36963290779441,0.6943347550272574,207
535.0,488.0,35,330,30,47.74936599554278,44.041901582349645,-0.0843393021429969,207
523.0,500.0,35,330,40,47.783073612607026,44.67639878162287,0.5753419662175319,207
487.0,536.0,35,270,30,47.78410548142299,45.3557430159724,0.7059158866797656,207
511.0,488.0,35,270,50,47.806181102527816,46.715094694122314,0.8755866860641467,207
523.0,500.0,35,330,30,47.806328135258696,43.557723935080936,0.2543916985339953,207
511.0,500.0,20,330,60,47.81024093998585,44.98873114511522,0.7629873174843783,207
523.0,488.0,35,270,30,47.850589058858276,42.71261410767091,0.593053610532949,207
535.0,500.0,20,270,60,47.85216817074442,46.16211949290766,0.8997982445371032,207
487.0,500.0,35,270,50,47.886384277569206,46.33900382421779,0.8174175201109634,207
523.0,536.0,20,330,60,47.92060324212824,44.97478441246074,0.6866811760838034,207
535.0,500.0,35,270,50,47.92580718934279,46.69873945826428,0.8577688790046799,207
511.0,524.0,35,270,70,47.93440240246574,44.59672126022129,0.5808580272915127,207
511.0,512.0,25,300,40,47.94014714342784,46.65476571357893,0.8515430208418543,207
511.0,512.0,20,330,60,47.966291039846,45.05565089104182,0.7534798152613162,207
523.0,488.0,35,330,40,47.97237138555247,45.257660228475636,0.662899903830804,207
523.0,524.0,40,300,70,48.00084075232704,44.514885549151295,0.6294812287677533,207
535.0,500.0,40,300,20,48.00432687139979,40.75499461921027,-0.06905783044577962,207
511.0,488.0,20,330,60,48.01581927597292,45.49388921598166,0.7805184734949533,207
487.0,488.0,35,270,50,48.027434913253536,46.622089174534054,0.831928984045199,207
523.0,512.0,35,270,70,48.06817303928166,46.34759129254011,0.7896003727964035,207
535.0,512.0,35,270,60,48.073538884731796,47.14701987347135,0.8928968374555094,207
535.0,536.0,35,270,30,48.12853681584142,45.374765930900416,0.6964749860298413,207
523.0,500.0,35,330,20,48.13954057794123,43.868453560417535,0.009521733446542219,207
535.0,488.0,25,300,40,48.146171891030384,45.47352086565574,0.6801254373976001,207
523.0,512.0,35,330,40,48.1628639580698,45.05780884374835,0.5661219082214763,207
511.0,524.0,35,330,30,48.16378521273661,45.16700827188794,0.5911378585457839,207
523.0,500.0,20,270,60,48.195008201498446,47.118552493332515,0.9005144503524298,207
535.0,536.0,20,180,20,48.19548371515374,41.728670102470325,0.15548035736791666,207
523.0,536.0,35,270,30,48.214174829246105,45.721267738950296,0.7267968019973674,207
523.0,524.0,35,330,40,48.22163857986131,44.94333478053151,0.5426329209009982,207
511.0,500.0,35,270,20,48.25053618079091,40.301132402320206,0.458404167061657,207
523.0,488.0,35,270,50,48.29711798864152,47.30446632907895,0.8829369884464336,207
511.0,512.0,35,270,20,48.33933389760066,41.365364070140835,0.506513137930493,207
511.0,536.0,35,270,30,48.359950912122805,45.82028423890136,0.7183522511595769,207
535.0,500.0,35,270,30,48.36578745488857,44.01165133251995,0.493532508312873,207
511.0,524.0,40,300,70,48.37096489035691,43.84639198171085,0.5028786574688463,207
523.0,488.0,35,330,30,48.38573384756283,44.92232454071998,0.28431434888941504,207
511.0,512.0,35,330,30,48.38576650000637,45.27759673241767,0.5582609270485006,207
511.0,536.0,35,330,30,48.403965176483865,45.210690010764075,0.6071960933132574,207
535.0,488.0,35,270,30,48.4096510502761,42.3774475301411,0.4717776399845505,207
487.0,500.0,45,300,20,48.41553448631123,45.29208005117961,0.7547392414261138,207
499.0,536.0,35,270,30,48.419168268118604,45.75797102352846,0.689049673718279,207
523.0,512.0,20,180,20,48.423805203501715,42.706546739848584,-0.27756058948012013,207
487.0,512.0,40,300,70,48.45422294696123,43.532821036297,0.18649296938488177,207
523.0,536.0,45,300,30,48.466373020410806,46.974032655790204,0.8187906930797632,207
499.0,524.0,35,270,70,48.47883747424837,44.33627269292351,0.25694636061033904,207
535.0,512.0,35,270,70,48.5072082688891,46.72418750454218,0.8024210278505973,207
511.0,500.0,20,270,60,48.51072953980708,47.57519799144501,0.8998954788414483,207
487.0,500.0,40,300,70,48.51456209286579,44.25423050004184,0.4660256482249039,207
499.0,524.0,35,270,20,48.67655735985328,42.782006946190265,0.6067184991562938,207
499.0,500.0,20,330,30,48.67985589049487,45.42224850813374,0.6893049170346546,207
499.0,500.0,20,330,20,48.683799490348875,44.57743070159324,0.5915495724140304,207
487.0,500.0,45,300,30,48.69672086962398,47.3831072032024,0.8448957764712346,207
511.0,500.0,35,330,30,48.782391238236364,45.78442940551131,0.578870971955563,207
535.0,512.0,20,180,20,48.789737461979726,42.2389829660867,-0.5108268979171556,207
487.0,488.0,25,300,30,48.80578971141092,45.562060592231184,0.8692004312304742,207
523.0,536.0,35,330,40,48.82446122021658,45.54856025798253,0.576970063742518,207
511.0,488.0,35,270,20,48.84369567410028,39.59930999915718,0.4669199797924641,207
511.0,512.0,45,300,40,48.88846068288587,47.39281150692644,0.8648208680707703,207
499.0,512.0,35,330,20,48.902563716743536,46.982717275049204,0.7556886217316152,207
511.0,488.0,35,330,40,48.946373541174594,46.79394456141455,0.7272366065127628,207
487.0,488.0,40,300,70,48.992640434817424,44.80603954630532,0.5734008105898956,207
535.0,488.0,35,330,50,48.99816730010379,46.53206337940051,0.7347543186482126,207
511.0,500.0,35,330,40,49.037114190947406,46.375468328413014,0.6360440301926052,207
499.0,512.0,45,300,40,49.053300477117595,47.765320614479926,0.8748767842144328,207
523.0,488.0,35,330,50,49.065509065975085,47.034405116298466,0.7647259927791539,207
511.0,488.0,35,330,50,49.067553918858785,47.062660019008284,0.7458632870598552,207
535.0,500.0,35,330,20,49.07810384147777,43.685902059355826,-0.17993237738021076,207
499.0,524.0,40,300,70,49.08935490149833,44.581426968562084,0.29278486092136774,207
499.0,524.0,45,300,40,49.10888304042388,47.8788887676747,0.8753402773195339,207
487.0,524.0,45,300,40,49.122986920794595,47.737406716337695,0.8749474402760853,207
499.0,500.0,35,270,60,49.123177003082894,47.75631879798977,0.8709720426147173,207
523.0,488.0,40,300,20,49.153273137811134,40.88110366518733,0.07513220917127585,207
499.0,500.0,20,270,60,49.15664245385685,48.157597794583026,0.8855555150186875,207
511.0,524.0,35,270,20,49.16134570717994,43.39869455229362,0.5514013157063649,207
511.0,536.0,35,270,70,49.18794112487766,44.04400984940371,0.4527499241323472,207
499.0,536.0,35,270,70,49.19051292913272,44.53304207286695,0.24224022568679746,207
499.0,512.0,20,330,20,49.19418811568369,45.94078573940911,0.6821498481086011,207
511.0,500.0,35,270,60,49.23283464039971,48.082935270977735,0.8959845535860813,207
535.0,488.0,25,300,70,49.309070763408876,45.258038333482034,0.8343073270651744,207
499.0,488.0,35,330,50,49.34542924734282,47.134738456000356,0.7131480900047782,207
487.0,488.0,30,330,70,49.36603439944939,44.15132385366918,0.61497514120895,207
511.0,512.0,35,270,70,49.36815456205058,47.238819518614285,0.7192870235593147,207
487.0,500.0,35,270,60,49.37083294599966,47.783534455313884,0.8207969953543,207
511.0,488.0,35,330,20,49.3891837446359,45.07706093374376,0.2837346136966911,207
535.0,500.0,25,300,40,49.41177197716247,46.773469290089395,0.6565205575257173,207
511.0,524.0,45,300,40,49.425942849730085,48.29168504665101,0.877768026732813,207
499.0,512.0,35,270,70,49.4687673801835,46.528238247116775,0.5813492616279233,207
499.0,500.0,35,330,50,49.484125887128044,46.9108182843089,0.6549736863574132,207
523.0,500.0,35,270,60,49.49753665973659,48.475664877490075,0.9004260615935064,207
535.0,500.0,35,330,50,49.502256206963516,47.4001232328884,0.7570160082675285,207
523.0,488.0,35,330,20,49.508546668667634,45.412396073284604,-0.07643111146427373,207
499.0,488.0,20,330,60,49.54202876584015,45.55422739144382,0.7328053864607166,207
523.0,500.0,35,330,50,49.54378302763091,47.38946525353644,0.7338871626703889,207
487.0,536.0,45,300,40,49.55305170960763,48.14689932455469,0.8815890954346256,207
511.0,524.0,20,330,60,49.556306147669225,46.42466235663855,0.6814211850206628,207
535.0,488.0,35,270,50,49.56257282700911,48.501371121674765,0.8717993328101007,207
487.0,500.0,20,270,60,49.57235988514502,47.97962936809786,0.8263140268405638,207
511.0,500.0,35,330,50,49.61592673802102,47.392271725611295,0.7039922165038053,207
499.0,512.0,20,330,30,49.6160465765928,45.972013134988586,0.6522253960518122,207
511.0,512.0,35,330,40,49.630240068720454,46.64060561399337,0.5737142563834867,207
487.0,488.0,45,300,20,49.63432310791699,46.54181699728297,0.775209677842822,207
523.0,512.0,45,300,30,49.67095292017104,46.84604441596204,0.5875787342092846,207
535.0,524.0,25,300,30,49.68619519695216,45.189265098787196,0.5854133928418154,207
511.0,488.0,35,330,30,49.703258137481484,46.83830425185854,0.5923727069543288,207
487.0,512.0,45,300,40,49.71037540665625,48.48064614609505,0.870242032071409,207
535.0,500.0,20,270,70,49.76270082723054,45.77474591479879,0.837175991351249,207
499.0,536.0,45,300,40,49.76963589377925,48.63935218387845,0.8827340390083686,207
535.0,536.0,35,330,50,49.790586300331626,47.09802913733393,0.6225597962379222,207
535.0,512.0,35,330,50,49.81763213356175,47.6275433336011,0.7182758827168274,207
535.0,500.0,35,270,60,49.8261348659922,48.9734298099539,0.9006181233469288,207
511.0,536.0,40,300,70,49.84824290359819,45.90738424932436,0.550110834611291,207
523.0,512.0,45,300,40,49.85901682689034,48.110926798090944,0.8219769615975897,207
487.0,500.0,20,330,60,49.85909384867957,44.35534664976957,0.6954655370731457,207
535.0,488.0,35,330,20,49.869622040168096,44.12973285935855,-0.28202188717506066,207
511.0,500.0,45,300,30,49.88662087765158,47.4740025031315,0.6524577506454348,207
487.0,488.0,20,330,60,49.889672879694736,45.38994550569041,0.7084258717023723,207
499.0,500.0,45,300,40,49.89867015414465,48.88916675830691,0.8989220583138969,207
523.0,524.0,45,300,40,49.92747479649617,48.52538990263573,0.8670108099424639,207
523.0,512.0,35,330,50,49.95186216363938,47.69121738657062,0.6985841389857715,207
535.0,536.0,40,300,70,49.95372850884618,47.379982624428564,0.7286620961172667,207
499.0,500.0,20,330,60,50.01020293220592,45.63382136488126,0.7145490111693438,207
511.0,536.0,20,330,60,50.019991074751886,46.726278951157006,0.6470912177021607,207
535.0,488.0,45,300,70,50.022391565538165,48.63830399267654,0.8375312769767128,207
511.0,500.0,45,300,40,50.04321091293474,48.46928132530701,0.8442877175836461,207
499.0,488.0,35,330,40,50.046847015242534,48.06844401367219,0.7378544246975258,207
511.0,536.0,45,300,40,50.07276838869961,49.18540095046788,0.9036348101152973,207
535.0,512.0,45,300,40,50.085222820460245,48.21679221917935,0.7859423696321298,207
499.0,536.0,35,270,20,50.09571758369727,44.86312864185931,0.6031975627706514,207
499.0,524.0,20,330,30,50.101225175907494,45.991630913783986,0.6176751667428205,207
499.0,488.0,45,300,30,50.11027867266396,48.99093041254079,0.860032293255734,207
511.0,524.0,35,330,40,50.11227421712329,47.067249018096504,0.5730833253604547,207
499.0,512.0,35,330,50,50.14214976786284,47.417718531247374,0.6288845131935684,207
499.0,536.0,20,330,30,50.145301619787354,45.47141986981952,0.602714335295713,207
523.0,524.0,35,330,50,50.16511737643322,47.79076081171811,0.6743389323543281,207
499.0,512.0,20,330,60,50.20779453612216,46.24182824755052,0.7081124053070044,207
487.0,488.0,45,300,30,50.22147404617634,49.07209368680764,0.868361567351026,207
511.0,512.0,35,330,50,50.2303454909865,47.85937333892285,0.6738284902853806,207
523.0,500.0,45,300,40,50.231724633974025,48.30914573373434,0.7898624944300073,207
523.0,524.0,35,270,20,50.231868489334616,44.11102174967427,0.473626958342482,207
499.0,536.0,35,330,60,50.237416466708,46.96936064155131,0.5084975896468431,207
511.0,500.0,25,300,30,50.257693292504584,47.09257829646816,0.6598127160474366,207
499.0,500.0,35,330,40,50.287342885720264,47.6640226055244,0.6359839684022165,207
535.0,500.0,45,300,40,50.32677304116494,47.82910768148425,0.6675305152168096,207
487.0,512.0,35,330,50,50.33175972831365,47.33508559035158,0.6060939511171242,207
511.0,536.0,35,330,40,50.351823197402936,47.18654622108548,0.5609639009052981,207
511.0,512.0,20,270,70,50.35338371061348,48.148395152985984,0.7839232526399095,207
487.0,524.0,35,270,70,50.35485986407468,45.82989034946023,-0.043931043503315836,207
523.0,524.0,20,180,20,50.37875405501514,43.79468698558163,-0.11477632162233677,207
487.0,500.0,35,330,50,50.38386806959707,47.833278923179776,0.6704565750341294,207
535.0,488.0,45,300,60,50.38943838995045,49.51413564453462,0.9109893236233274,207
535.0,500.0,45,300,50,50.39749078980291,48.99338866694537,0.8920725423394616,207
535.0,512.0,20,330,50,50.44394548717883,47.76192746752817,0.7280809080065532,207
523.0,536.0,40,300,70,50.44929478534701,46.25225321685744,0.5757692851391526,207
499.0,488.0,45,300,20,50.47435732929742,47.55269721263711,0.701115190619062,207
511.0,524.0,35,330,50,50.492336077176304,47.97362086853004,0.6466218838417731,207
499.0,536.0,35,330,50,50.51999288312729,47.15735480355053,0.49341216457282855,207
499.0,488.0,35,270,60,50.52200937689552,49.319917618143016,0.8862750726618851,207
523.0,512.0,35,270,20,50.52993240117273,43.65202202541038,0.29891211967083897,207
535.0,500.0,35,270,70,50.53889837467472,49.135974758523865,0.8331716253691129,207
535.0,488.0,45,300,50,50.54506853179349,49.298597228566216,0.9049912885229893,207
523.0,500.0,35,270,70,50.59178022614757,49.337499507044534,0.8420517472187271,207
535.0,512.0,45,300,30,50.62448991258059,47.025518091230666,0.464983116390547,207
523.0,536.0,25,300,30,50.626931410798164,47.38624064565376,0.8084486651204716,207
523.0,536.0,35,330,50,50.66473152563574,48.096498828270526,0.6395283144326603,207
523.0,500.0,45,300,50,50.730679636812965,49.374402493446745,0.8880412265498593,207
511.0,536.0,35,330,50,50.73645912444022,48.022386116703025,0.6114465904667449,207
487.0,500.0,45,300,40,50.75766081774673,49.84608582758847,0.8979749613187537,207
535.0,524.0,35,330,50,50.77222803602601,48.45264081860519,0.6871795710216194,207
535.0,512.0,20,270,60,50.780789906431444,48.93893905167415,0.895416945620379,207
511.0,536.0,35,330,60,50.82400450510901,48.25744055775902,0.6350169450128339,207
487.0,512.0,35,270,70,50.84663707289147,47.180909739861995,0.39540576319536036,207
535.0,488.0,40,300,20,50.85919912756867,44.51448245782814,-0.0841611347455474,207
499.0,512.0,35,330,40,50.865152121399234,47.948353626817195,0.5888197002611454,207
511.0,512.0,45,300,50,50.86720122999647,49.42842152278413,0.8660070206188428,207
511.0,488.0,35,270,60,50.869780643468864,49.83695902737501,0.9030433085768156,207
511.0,536.0,35,270,20,50.8869685625716,46.07528436227362,0.6171210221266701,207
487.0,536.0,35,330,50,50.890986455940265,47.14203073615718,0.39964331680236664,207
487.0,524.0,40,300,70,50.90319372571844,46.79967868814053,-0.17197378481040287,207
499.0,512.0,35,330,30,50.91378870119546,48.540625502514416,0.6678470617358561,207
487.0,536.0,35,330,60,50.91400097234126,46.991346082933376,0.21938525284028543,207
523.0,488.0,25,300,30,50.94974375308755,45.156417361571314,0.33303009941547373,207
499.0,524.0,35,330,30,50.953417589243415,48.43288689383701,0.6491053779113914,207
499.0,524.0,35,330,50,50.96100856263858,48.15927471009638,0.609930497299284,207
511.0,524.0,35,330,60,50.973848100906714,48.77960835757078,0.698371312009166,207
523.0,512.0,45,300,50,51.002976192965974,49.590848060929495,0.8646632062086456,207
535.0,512.0,45,300,50,51.00512326298017,49.76445823629624,0.8954007779284646,207
487.0,488.0,35,330,40,51.01536877121888,48.85998926711879,0.7189590304356116,207
535.0,488.0,45,300,40,51.02897215525957,48.61164736939089,0.6731126215905374,207
535.0,500.0,45,300,60,51.03599109038855,50.00572074294916,0.8969006239753426,207
499.0,524.0,20,330,20,51.04143271112331,47.32551517052311,0.6797193786057819,207
535.0,488.0,20,270,50,51.06438027992968,48.810403288355744,0.8693509367282075,207
499.0,536.0,35,330,30,51.07596431381779,48.441661094688065,0.6326262741889669,207
487.0,488.0,35,270,60,51.10770976867592,49.75857746666179,0.8309173125604252,207
523.0,500.0,35,270,20,51.11004781461214,43.14956443109181,0.23386193596964047,207
523.0,500.0,20,330,50,51.12073063254515,48.86032182289675,0.7237026434590781,207
511.0,488.0,35,330,60,51.134452214708546,49.34431201650409,0.7625367749808175,207
535.0,524.0,45,300,30,51.138420608845216,48.72396679358147,0.662674281800026,207
487.0,536.0,20,330,40,51.14363967538834,45.04259791077724,0.43249058809699487,207
523.0,488.0,45,300,50,51.15060744029729,50.138308264723385,0.9098903632445225,207
523.0,536.0,45,300,40,51.16146369102288,50.31490870714169,0.903553243174408,207
499.0,500.0,35,330,20,51.168167445364645,48.77112606442009,0.6617077099762848,207
511.0,500.0,45,300,50,51.168646519584485,49.80388355119049,0.8677271735828955,207
499.0,512.0,45,300,50,51.1719499554181,49.67456166124146,0.8595719870468842,207
487.0,488.0,35,330,50,51.17321080460481,48.9106429742681,0.7250200836818755,207
523.0,512.0,20,270,60,51.19180916567121,50.0506902077225,0.8936648235363323,207
523.0,488.0,45,300,40,51.19184827082907,49.35918397834698,0.771343670347196,207
499.0,488.0,20,330,40,51.193084246000126,48.1555272348535,0.738081223230967,207
511.0,512.0,20,330,50,51.19419173981317,48.04860255694631,0.6788990438980026,207
499.0,500.0,35,270,70,51.201798824879965,49.487359356983184,0.7890760805592363,207
499.0,524.0,35,330,60,51.20345670246177,48.38701319980302,0.6104045334927696,207
487.0,500.0,25,300,30,51.24487668991182,48.41675381096314,0.8606537580681974,207
487.0,524.0,20,330,40,51.28825246002456,45.529915204757096,0.5632911960089252,207
511.0,524.0,20,330,50,51.29312563784807,47.82412566085511,0.647350375640564,207
523.0,500.0,25,300,30,51.29450618605645,46.39067695310895,0.43846165279413335,207
523.0,512.0,20,330,50,51.29803972954999,48.491089997156216,0.6835332181073812,207
523.0,488.0,20,330,50,51.32797730474751,49.44230565088862,0.7636078904303464,207
511.0,524.0,45,300,50,51.33321714351054,50.08444334173584,0.8674387653338131,207
535.0,524.0,45,300,40,51.33452169892316,50.13078519111596,0.8651446116702167,207
523.0,488.0,35,330,60,51.356081430012985,49.80322576523982,0.8047807607237863,207
523.0,524.0,45,300,50,51.359025979076755,50.12135704133145,0.8691922093498925,207
535.0,536.0,45,300,20,51.41367027126576,47.43902303673464,0.6137034797943296,207
511.0,500.0,20,330,50,51.41686374345996,48.64916411459955,0.7080932148502822,207
511.0,500.0,35,270,70,51.41892325901721,49.92666900494679,0.8166577597401438,207
511.0,512.0,35,330,60,51.43456498551273,49.64238932581231,0.7593118940725778,207
487.0,500.0,35,330,40,51.43876809817685,48.78894054514422,0.6417592353555648,207
535.0,524.0,20,330,50,51.44092909750919,48.380202029428574,0.6777682180572844,207
499.0,524.0,45,300,50,51.44777568335396,49.889580931036114,0.8494097826596686,207
511.0,488.0,45,300,40,51.45145570154593,50.20310597882796,0.8636475276808226,207
523.0,488.0,35,270,60,51.455240832813345,50.657278886277595,0.9199094890001712,207
535.0,500.0,20,330,50,51.46115208470893,49.37772111449255,0.7259332919744002,207
523.0,536.0,20,180,20,51.47425887218723,44.55374787421376,0.24582381295523542,207
487.0,488.0,20,330,40,51.48553116042623,47.44023100672109,0.7119878568338412,207
511.0,500.0,35,330,60,51.488921901651764,49.69720294368918,0.7590250422610098,207
499.0,500.0,45,300,50,51.49125539283688,50.29043724371023,0.8733816866165752,207
523.0,524.0,20,330,50,51.49632994141641,48.34557630437622,0.6625873160785639,207
523.0,488.0,45,300,60,51.503294197118294,50.53479919818819,0.8847118634654617,207
487.0,524.0,35,330,50,51.50331079240475,48.48765462235566,0.6106773571398979,207
499.0,500.0,35,330,30,51.504915880764585,49.29416272417041,0.6907893652407318,207
487.0,500.0,35,270,70,51.509406860833835,49.46299425204617,0.732108271016917,207
523.0,500.0,45,300,30,51.53369898857742,47.98407202431699,0.45209522663366275,207
511.0,512.0,20,270,60,51.56522834560958,50.6405781669561,0.8950821899006352,207
499.0,536.0,20,330,40,51.569458252233225,46.416330192999276,0.5147602322185887,207
523.0,512.0,25,300,30,51.58150048050922,47.20944537678486,0.5633998374054824,207
511.0,512.0,20,180,20,51.585115544101086,46.863560731824585,0.3610413813214777,207
523.0,500.0,35,330,60,51.63009388347144,50.054756875287225,0.799780302558149,207
499.0,536.0,40,300,70,51.63689685006354,47.83842644821195,0.35441199423841435,207
511.0,488.0,20,330,50,51.64551648494867,49.273860288131566,0.7466494078775654,207
499.0,488.0,35,330,30,51.65593332588077,49.84735706426045,0.7568812760487257,207
499.0,500.0,25,300,30,51.6577240650695,49.44350364647088,0.8533765347280677,207
499.0,512.0,35,330,60,51.67726806263171,49.31105200067246,0.6860177639508175,207
511.0,536.0,20,330,50,51.69244108199949,47.955566991865574,0.609275277996386,207
523.0,524.0,35,330,60,51.70635645970425,49.837129061876865,0.7512487099367371,207
499.0,524.0,35,330,40,51.72588113302575,48.68408668355867,0.5752594093518761,207
511.0,488.0,20,330,30,51.74218626799,48.79243119509563,0.6463559884475177,207
523.0,536.0,20,330,50,51.758058323636696,48.34647898452196,0.6326209440940233,207
523.0,512.0,45,300,20,51.77526526246007,47.1523041751184,0.3330965119008817,207
523.0,536.0,35,270,20,51.79383297664032,47.123573711377155,0.5888181706406618,207
523.0,512.0,35,330,60,51.85349705429184,50.20372526425523,0.784682994673804,207
487.0,500.0,20,330,40,51.85616209556326,47.04750542066723,0.6419096105167181,207
523.0,500.0,45,300,60,51.86380434002519,50.49134151287023,0.8366603566274081,207
487.0,512.0,35,330,40,51.87139877688061,48.82775936561667,0.5728105339756445,207
487.0,512.0,20,330,40,51.91624202629538,46.713663398573885,0.5718839072059344,207
499.0,524.0,20,330,60,51.92441151531816,48.221217548122205,0.6117191255803964,207
487.0,536.0,35,330,20,51.927349856603094,50.062741025689654,0.7517206404506693,207
487.0,512.0,45,300,50,51.96511385569656,50.39133665587295,0.8373066115092757,207
511.0,488.0,45,300,50,51.9818866702677,51.05933550880441,0.8994998916808091,207
499.0,488.0,45,300,40,51.98307825626518,51.19335929600582,0.9071164936590047,207
535.0,488.0,35,330,60,51.99230535050163,50.46109105997346,0.8313729057011511,207
523.0,536.0,35,330,60,52.00027278841922,49.824188356510774,0.6929787805665507,207
499.0,536.0,35,330,40,52.01637825821314,48.81491830560873,0.5261993559612207,207
511.0,536.0,25,300,30,52.02628602072536,49.20840939701358,0.8628111422561486,207
487.0,524.0,45,300,50,52.05657337840058,50.09577269885267,0.8067590004354276,207
523.0,488.0,20,270,50,52.061806569936785,50.420905310921725,0.8809342906476592,207
535.0,488.0,35,270,60,52.081441596394725,51.42419234152976,0.9175913220459481,207
535.0,524.0,45,300,50,52.12620994420543,51.169709879160116,0.8946204721381439,207
511.0,488.0,45,300,30,52.12911684384212,49.68300494262632,0.6453460355726481,207
499.0,488.0,35,330,20,52.1330577647629,49.50615217406478,0.6199940557992797,207
523.0,512.0,20,270,70,52.13371240273234,49.505868565526306,0.8150508499714524,207
499.0,500.0,35,330,60,52.138581608172366,49.786704822521784,0.682578192091972,207
511.0,536.0,45,300,50,52.183677726896065,51.07603752790854,0.8716188981385076,207
535.0,536.0,45,300,30,52.18868577936731,50.66706733509844,0.8096547391641685,207
499.0,524.0,20,330,40,52.192002387694515,47.41601820620916,0.568023636595371,207
535.0,500.0,45,300,70,52.19745497483526,50.58317993969173,0.7940464388713726,207
511.0,488.0,20,330,40,52.20804397788309,49.84673562295544,0.7284754293109377,207
511.0,488.0,20,270,50,52.213564476825105,50.52208420479276,0.8772183896410115,207
499.0,488.0,35,270,70,52.24907284219537,50.98570894211926,0.8641333850442295,207
487.0,524.0,35,330,60,52.257204945327786,49.31430796391805,0.5802395999627432,207
523.0,524.0,25,300,30,52.264446930003004,48.990351830853434,0.6588768784078817,207
487.0,512.0,35,330,60,52.26513928665374,48.7168586807729,0.5075504245699975,207
499.0,524.0,20,330,50,52.29672728241927,48.44747610081712,0.6035378037491212,207
535.0,512.0,25,300,30,52.30370533679459,47.19680920201408,0.4252046374391498,207
499.0,500.0,20,330,40,52.31604906540169,48.541548541916306,0.6443287732876549,207
499.0,536.0,45,300,50,52.32966237290309,50.95111172022682,0.8501121350519626,207
487.0,500.0,45,300,50,52.35543437157163,51.21486972435723,0.8737814493479307,207
511.0,500.0,45,300,60,52.371024430806735,50.62960963655564,0.7687422547436302,207
499.0,512.0,20,270,70,52.38255626795444,49.901435647850924,0.6861950361532984,207
511.0,524.0,20,240,70,52.38709284981085,49.67491274252692,0.6636212655057493,207
535.0,524.0,35,270,20,52.40706608406046,46.14509631189377,0.403542128363167,207
535.0,488.0,35,270,70,52.44622245456894,51.41352197574852,0.8698674197030407,207
535.0,536.0,35,270,20,52.4501385826404,47.19857556477896,0.49996801259144147,207
523.0,488.0,35,270,70,52.450953674185264,51.53412613405703,0.8890198404144074,207
535.0,524.0,20,180,20,52.45433114429392,45.99532644885046,-0.35067566474238737,207
511.0,488.0,35,270,70,52.46369372848333,51.267775787750935,0.8615803885580027,207
535.0,500.0,45,300,30,52.46579505367997,47.77807692479117,0.2207977053470902,207
487.0,524.0,35,330,20,52.48374602781217,50.63059135758824,0.7479374530153113,207
499.0,512.0,20,270,60,52.484204122451146,51.34751201613962,0.8545147851414938,207
535.0,500.0,20,270,50,52.48904056097645,50.73355310791683,0.8646128319432502,207
511.0,488.0,25,300,20,52.500146841949395,43.717957275293365,0.32922845338885065,207
523.0,488.0,35,270,20,52.55636705732989,43.5841104617798,0.4098688569069903,207
499.0,512.0,20,330,40,52.59036322203114,48.11132152900087,0.5911419484776991,207
535.0,536.0,35,330,60,52.590829219501614,50.62152491580455,0.7278171103656264,207
511.0,512.0,25,300,30,52.59927834111056,50.17407464956227,0.7658833846282244,207
535.0,488.0,20,330,50,52.60440941770989,50.6238701374336,0.7211789534155102,207
487.0,536.0,45,300,50,52.61652720363503,50.5792736613523,0.8018455226325397,207
535.0,500.0,35,330,60,52.619091121032035,51.238578381538524,0.8355195778856018,207
523.0,536.0,45,300,50,52.68608453796245,51.644385612708696,0.8674975447699913,207
511.0,500.0,45,300,20,52.71163532624473,48.31889960697484,0.41516631290394806,207
487.0,488.0,45,300,40,52.71390621807749,52.038233279027395,0.9144188193010481,207
499.0,488.0,20,330,50,52.72401703092488,49.43190026803439,0.7212486046508347,207
535.0,536.0,20,330,50,52.72763012178516,49.59274267604968,0.6271592486315474,207
511.0,488.0,45,300,60,52.743325183915424,51.6435268763419,0.8570897877679103,207
535.0,512.0,35,330,60,52.75033358320447,51.30078946790077,0.81526622286271,207
523.0,488.0,45,300,70,52.76962108237181,50.712514574066454,0.7512604289308664,207
487.0,488.0,20,270,50,52.792395052607084,51.024276571595955,0.8330521189441685,207
487.0,488.0,20,240,70,52.79525008543209,47.51477232667571,0.13032247879490477,207
499.0,512.0,20,330,50,52.799823276447306,48.78536101861478,0.634748440697132,207
535.0,488.0,25,300,30,52.84151946811658,46.36773795018039,0.21562496066083509,207
487.0,536.0,20,330,70,52.85759918177092,41.08676058289685,-0.27963613253877884,207
487.0,500.0,20,270,50,52.87351303905562,51.030264711497594,0.8194856433772761,207
487.0,500.0,20,240,60,52.93328878255668,49.046721500503274,0.39624960963225037,207
535.0,524.0,45,300,20,52.94609419588257,47.88667540020681,0.3996674617805578,207
499.0,488.0,35,330,60,52.9529494796606,50.801290125991734,0.717849874102544,207
499.0,488.0,20,270,50,52.98666555434478,51.58549454280877,0.8666404793082251,207
499.0,536.0,20,330,20,53.010455186045036,49.5094674293374,0.7064448191006842,207
535.0,536.0,45,300,40,53.016309486507026,52.315833430547045,0.9105070783177188,207
487.0,500.0,20,240,70,53.016674860438556,47.81611885259731,0.0875854937247116,207
499.0,488.0,45,300,50,53.02762208376987,52.19945165595698,0.8975462503875532,207
487.0,488.0,35,330,30,53.028032881333345,51.391728985304646,0.7741625340023484,207
499.0,536.0,20,330,60,53.152263040823506,49.34938996904028,0.5197945222975494,207
487.0,524.0,35,330,40,53.16482300801285,50.02529210331387,0.5704176316824148,207
487.0,512.0,35,330,20,53.18550336895427,51.5407883543963,0.7746762502847289,207
499.0,500.0,20,330,50,53.1876919028959,49.46027949591183,0.6702559188576926,207
487.0,512.0,35,330,30,53.19848064946996,50.93501874390111,0.672540408190531,207
511.0,512.0,45,300,60,53.244754978565176,51.19556825176765,0.7091037957519757,207
523.0,500.0,20,180,20,53.25305933147232,48.66760950052267,-0.5457676866730164,207
535.0,512.0,20,270,50,53.270693086819385,51.78417256846956,0.8814339389385889,207
535.0,512.0,45,300,60,53.27100873593238,52.08276039771079,0.8591561222601332,207
499.0,536.0,20,330,50,53.28459975484263,49.040581083522234,0.5069364324024731,207
487.0,488.0,20,240,60,53.28970236661778,49.26016655135013,0.3720455187330947,207
511.0,512.0,20,240,70,53.29321388969181,50.465471439490514,0.593038616259056,207
487.0,488.0,35,270,70,53.29538927776613,51.90806059390309,0.8134410353825076,207
535.0,524.0,35,330,60,53.30148069034222,51.67313755655524,0.7738093340378792,207
511.0,500.0,20,330,30,53.39990702908454,50.06044764363406,0.5718153652047844,207
499.0,512.0,25,300,30,53.40628627357855,51.01093540274299,0.8316436146233901,207
487.0,536.0,40,300,70,53.454508968635615,49.29906693562894,-0.41732552658048633,207
511.0,500.0,20,270,50,53.454782764079006,52.27327506044947,0.8763019428255212,207
535.0,512.0,35,270,20,53.46451831741872,46.592076728331264,0.2877097123216996,207
487.0,500.0,35,330,30,53.484158391355855,51.45743676581239,0.7123464552036085,207
523.0,512.0,45,300,60,53.514140363010476,51.99697340830437,0.8080039662742781,207
523.0,500.0,20,270,50,53.5279717763774,52.14745379511491,0.856987407670288,207
499.0,536.0,25,300,30,53.52834734024147,51.71596217640414,0.8908406215194189,207
511.0,500.0,20,330,40,53.539724135302386,50.47881476791679,0.6372855486987996,207
487.0,512.0,20,270,70,53.58899776184501,49.815637372801795,0.45369175963553365,207
499.0,500.0,45,300,60,53.589981160104976,51.558049354491494,0.7074246808249066,207
487.0,512.0,25,300,30,53.59017165111727,51.798575409801046,0.8855228457217049,207
487.0,536.0,35,330,40,53.611537032527124,49.940894265748625,0.4389770359810344,207
487.0,512.0,20,240,60,53.61504742029642,50.05717443781763,0.45494973548639284,207
511.0,536.0,20,240,70,53.61689466752776,50.78043172825054,0.7217348261137447,207
499.0,500.0,20,270,50,53.62357074808461,52.329029478830094,0.858868904825987,207
487.0,524.0,20,330,60,53.645526903110685,48.71964974141495,0.5724891691439459,207
523.0,488.0,45,300,30,53.6507586232298,49.74203128667379,0.4100290691852431,207
535.0,500.0,20,180,20,53.6657864091192,47.356598226746264,-0.6513411838544932,207
487.0,524.0,35,330,30,53.722872957160995,51.258441089105254,0.6408589774893576,207
487.0,512.0,20,270,60,53.72620011154675,52.00357860944403,0.7638386867327972,207
535.0,512.0,20,270,70,53.741580998608164,49.469549859095025,0.8133991907726472,207
511.0,524.0,25,300,30,53.79585663242277,51.09299858653659,0.8061305765598207,207
487.0,524.0,20,330,50,53.81150525826226,49.059807385910055,0.5916371319542977,207
487.0,488.0,20,330,50,53.81520894060032,49.68105980992403,0.7134361840293353,207
499.0,512.0,20,240,70,53.81940143587933,50.46648368887408,0.3640675732940073,207
511.0,536.0,20,330,40,53.82540222426119,49.057414197313044,0.5568850346998758,207
499.0,500.0,20,240,70,53.82810934912993,49.77893719142483,0.3849896870499796,207
487.0,488.0,40,270,20,53.82883386894103,48.274098712426806,0.597453893659897,207
511.0,512.0,20,330,40,53.86159870064819,50.03530812147864,0.5784620853094212,207
523.0,536.0,20,240,70,53.87930880923896,51.40340190711327,0.8278797663966491,207
499.0,524.0,20,240,70,53.92122794870823,50.18405989161127,0.4490054725036454,207
511.0,524.0,20,330,40,53.942863252961345,49.3366223338062,0.567117876345894,207
535.0,512.0,45,300,20,53.98553706808426,47.55576543111979,0.1367763701948684,207
487.0,500.0,20,330,50,53.99291742767505,49.164869891075114,0.6643152230720349,207
535.0,524.0,20,270,60,54.02881064733895,52.008704636948984,0.8886797311388641,207
487.0,536.0,35,270,70,54.032054211155135,49.26261211589301,-0.13433914481234918,207
487.0,512.0,20,270,50,54.05054618208297,52.40847940627635,0.799712418337504,207
499.0,512.0,20,240,60,54.0577386541817,50.97266830762954,0.545943057060009,207
523.0,512.0,20,270,50,54.07754887960849,52.746459455318245,0.8602482439689297,207
499.0,512.0,45,300,60,54.08304190757746,51.8244249611465,0.6692490873317836,207
535.0,488.0,35,270,20,54.083571643819035,43.74338728958943,0.20864789498832215,207
487.0,512.0,20,330,60,54.08949022348954,48.04748871211249,0.5404149261328611,207
535.0,488.0,45,300,30,54.09639163772085,49.473866305892656,0.2224847479411462,207
511.0,512.0,20,270,50,54.11267299226113,52.98617511317172,0.8794604237872228,207
487.0,488.0,45,300,50,54.14886203332809,53.407829030881665,0.9024845627964502,207
499.0,524.0,25,300,30,54.1521995136272,51.95286999784514,0.8519794479039052,207
523.0,524.0,20,240,70,54.159143708441675,52.37669190083486,0.8123096562663381,207
535.0,524.0,20,270,50,54.199041061572316,52.76637786701818,0.8951591106555072,207
511.0,500.0,20,180,20,54.20672940660425,49.63976346903223,-0.0349412416957794,207
499.0,512.0,20,270,50,54.28636826548044,53.04088007983817,0.8525668835775565,207
535.0,500.0,35,270,20,54.28935438858768,46.49800468323674,0.2961991002377546,207
487.0,512.0,20,330,50,54.303862826415376,49.25018023576142,0.6100340602214243,207
535.0,536.0,45,300,50,54.30531179655765,53.626799159320974,0.9104966685985421,207
487.0,500.0,35,330,60,54.327089823647285,51.883961699610516,0.6770561192871615,207
487.0,488.0,35,330,20,54.36539754954087,52.45435813422335,0.7242156448356292,207
487.0,536.0,35,330,30,54.36892850265508,51.628190576510605,0.5885669430469368,207
487.0,524.0,20,240,60,54.37608616249785,50.64608410679808,0.4116497333277218,207
499.0,500.0,20,240,60,54.40411599392181,51.00669187573227,0.5075392181003853,207
523.0,524.0,20,270,60,54.45475267602551,53.16653403305764,0.883501631519459,207
499.0,488.0,20,240,70,54.456345210821354,50.09425240572931,0.3599806555459487,207
511.0,512.0,20,330,30,54.47199093305532,50.834228442857786,0.5344521990367724,207
523.0,500.0,45,300,70,54.49588965757155,52.06629867254527,0.6689110329368909,207
499.0,488.0,45,300,60,54.51333024078279,53.280077905246365,0.8294411867508257,207
499.0,488.0,25,300,20,54.56438521176611,47.650695397460105,0.6532384443838412,207
487.0,536.0,25,300,30,54.58486428059064,52.8351500281357,0.8725684368901321,207
487.0,500.0,35,330,20,54.65994119704677,52.719799565077345,0.7200568096194683,207
535.0,536.0,20,240,30,54.757609380814145,46.0828623469472,0.24966994204212792,207
523.0,524.0,20,270,50,54.76762826865826,53.62861124498504,0.8869377096616039,207
511.0,524.0,20,180,20,54.77997226141284,49.19601394389862,0.4658058215135325,207
523.0,488.0,20,330,40,54.78239146832955,52.4027588265718,0.656739749537084,207
523.0,524.0,45,300,60,54.79534115237459,53.174934581455716,0.7685680450710469,207
535.0,500.0,25,300,30,54.8064238963707,49.049668765122476,0.21522875234986166,207
511.0,524.0,45,300,60,54.822975847807626,53.12135445723946,0.7583495111823457,207
511.0,488.0,45,300,70,54.84477298817125,52.362582779781654,0.679813902776794,207
535.0,536.0,20,240,40,54.86040690401904,49.2323198519958,0.4657470932037499,207
499.0,536.0,20,240,60,54.877589129400015,51.565645838318666,0.4243285005694323,207
487.0,536.0,20,270,30,54.88546696194237,51.8758791836413,0.7240744273903108,207
487.0,512.0,45,300,60,54.88628101676063,52.418666938037816,0.6223142122310246,207
535.0,536.0,20,240,70,54.898644430124065,52.53669896700506,0.8768671476908473,207
487.0,512.0,20,240,70,54.93805814854301,49.882735514915844,0.03919039407754347,207
511.0,500.0,20,240,70,54.953681572189446,52.21858950722993,0.6152017939879433,207
499.0,524.0,20,240,60,54.98426042820207,51.937285536079685,0.6182914655760084,207
499.0,524.0,45,300,60,54.98694647018046,52.695899240036454,0.6657657020697895,207
499.0,488.0,20,240,60,54.99622186289388,51.45403357137151,0.49083457093336735,207
511.0,500.0,45,300,70,55.023826317669084,51.81014539848187,0.5550989090269903,207
511.0,524.0,20,240,60,55.04061404599674,52.45656341995883,0.6768464677593942,207
535.0,524.0,45,300,60,55.060139280388384,53.89260348287069,0.8408445570971755,207
511.0,524.0,20,270,60,55.14591604273291,53.97255963328925,0.8539388664608345,207
487.0,500.0,45,300,60,55.154859754751456,53.329086164390795,0.7352490005643232,207
487.0,488.0,20,240,50,55.21308641787351,52.104750997205095,0.5434582267973792,207
487.0,536.0,20,330,50,55.28198289998611,50.053284424379264,0.40412284902031154,207
511.0,524.0,20,330,30,55.313978604430034,51.51952301955033,0.5640582052651919,207
487.0,488.0,20,240,40,55.43297287387029,52.701629310105766,0.6802231779280327,207
487.0,536.0,20,240,60,55.455854412070266,50.13892514567646,0.01896226884235036,207
523.0,512.0,20,240,70,55.462399552072455,53.403494555299964,0.7398404052497712,207
499.0,536.0,20,270,30,55.491749204565,51.82187456164532,0.6818558855827227,207
511.0,512.0,20,240,60,55.53602484553632,52.65269834578408,0.6088232138092401,207
487.0,524.0,25,300,30,55.576893714663036,54.03875003328436,0.8906264898650261,207
535.0,536.0,20,270,50,55.587680205232544,53.91617460103118,0.9039269538671288,207
523.0,500.0,45,300,20,55.60388667154248,49.400036830601294,0.125289500380323,207
511.0,536.0,20,330,30,55.62711665267669,50.842743641424676,0.6066978054189909,207
499.0,536.0,20,240,70,55.62983482434876,51.13836672840144,0.04046770987838394,207
511.0,524.0,20,270,50,55.66489512732441,54.65014036176433,0.8766631162043776,207
511.0,488.0,20,330,20,55.72420643658647,51.23700718387805,0.3188130306969056,207
523.0,536.0,20,240,60,55.740908129995105,53.591356862594814,0.7835188867512786,207
487.0,524.0,45,300,60,55.75243767174473,52.51927222190694,0.415958140416552,207
487.0,524.0,20,270,40,55.78881599335499,53.61910022092605,0.7681359667587069,207
523.0,536.0,20,240,30,55.823054147805514,48.90307443708523,0.4082129661581584,207
535.0,524.0,20,240,40,55.85379956280247,50.10310203145472,0.4763042599412937,207
487.0,536.0,20,270,40,55.90759755168564,53.6543858901888,0.723282188502398,207
523.0,536.0,40,330,20,55.9211827622019,50.70680167698249,0.3715533830744895,207
511.0,536.0,45,300,60,55.9626570309636,54.33467507961701,0.7609393370031519,207
487.0,500.0,20,240,50,55.96675912547038,52.801594732560325,0.535847436257585,207
523.0,536.0,20,270,50,55.97782673313154,54.550680963427624,0.8956702268997739,207
499.0,488.0,20,240,40,56.001056578652644,52.65047350441567,0.6697052736436886,207
511.0,488.0,45,300,20,56.019421149537514,50.96600422352409,0.32137237920111134,207
523.0,524.0,40,330,20,56.02126586770064,50.96621098422321,0.22404331769499797,207
487.0,500.0,20,240,40,56.03264241005442,53.29798926703106,0.6651287267471704,207
511.0,536.0,20,270,40,56.07327216082277,53.63633856041861,0.8181300562789833,207
499.0,524.0,20,270,50,56.07986677887007,54.917932696841035,0.8391785044517718,207
535.0,536.0,25,300,20,56.08144127056665,48.88390562811439,0.6129405901686004,207
499.0,500.0,20,180,20,56.134417812878816,53.36389054786948,0.5388721476359233,207
511.0,488.0,20,240,70,56.160931210893345,52.985184587321946,0.5455033322311594,207
523.0,524.0,35,330,70,56.16850730151344,54.120511815709364,0.6854227528107273,207
499.0,536.0,20,270,40,56.215109959758735,53.810054727291124,0.7664841269615555,207
511.0,536.0,20,270,30,56.2163493968522,52.10893467662901,0.7089158353323873,207
523.0,536.0,20,240,40,56.239846976843914,51.15464476539017,0.5336139715806871,207
523.0,536.0,20,270,40,56.25440546422178,53.630933077169225,0.8404666884683483,207
487.0,488.0,45,300,60,56.25889081130871,54.96890286902333,0.815699101556642,207
523.0,500.0,20,330,40,56.27191243530359,53.339769765779764,0.5708673597017181,207
511.0,536.0,20,240,60,56.31955885534907,54.0769843604414,0.7963238042036915,207
499.0,536.0,45,300,60,56.32398905534088,54.20266252743461,0.6772404930212033,207
523.0,512.0,20,330,40,56.33558813418414,52.85413502032918,0.5309790126546758,207
535.0,536.0,40,330,20,56.369254655903426,49.252957858417226,-0.09101385750390804,207
523.0,536.0,45,300,60,56.38905251650269,54.82119732840391,0.7718696629762015,207
511.0,524.0,35,330,70,56.38908745187119,53.928294491265376,0.60503986985806,207
511.0,536.0,20,270,50,56.401134221046895,55.17617920025652,0.8752123258846938,207
487.0,488.0,20,240,30,56.41006620196037,51.47379947545021,0.6698599654624428,207
487.0,512.0,20,270,40,56.41030005783894,54.09643379039066,0.7961171444847209,207
511.0,500.0,20,240,60,56.43283048774611,53.419031308450855,0.5911270442472616,207
499.0,524.0,20,270,40,56.448953383119374,54.08711025927677,0.7854447813429319,207
487.0,536.0,20,240,50,56.461658994208626,51.82877825572548,0.38880964593591266,207
511.0,536.0,35,330,70,56.47888647195159,53.578575400691335,0.5100733285149109,207
511.0,500.0,25,300,20,56.49453029220329,48.00949373083279,0.39002041928901215,207
487.0,488.0,35,330,60,56.49899899651269,53.9195282976822,0.6991871018967744,207
523.0,524.0,20,330,40,56.51157538360115,52.39719747540808,0.5291283908428395,207
523.0,536.0,20,330,40,56.525368462242874,51.72912916509096,0.5682155077154988,207
523.0,524.0,20,240,60,56.52959511926066,54.284804423016936,0.7357150804578356,207
535.0,536.0,20,270,40,56.53890711088514,53.865891276282355,0.837702723268847,207
523.0,536.0,35,330,70,56.55330687136551,54.308888570173266,0.6454421641766185,207
511.0,524.0,20,270,70,56.60442930507384,52.617526569797825,0.618572515278161,207
511.0,524.0,20,270,40,56.64227601717353,54.350525785383894,0.8074643552036456,207
487.0,524.0,20,270,50,56.6732042245894,54.86377923842448,0.7295281697847058,207
511.0,536.0,20,240,30,56.67626010128828,50.924792477664376,0.4892786262632422,207
535.0,512.0,45,300,70,56.67678546181831,54.86492914326156,0.7416761685215262,207
535.0,524.0,20,240,70,56.68177609119866,54.83374201487272,0.8417910231212222,207
523.0,512.0,35,330,70,56.714653277678984,55.03913510254604,0.7487085562008835,207
535.0,536.0,20,240,50,56.74165590430652,53.05958499328818,0.6215256903072587,207
499.0,512.0,20,180,20,56.74433532114955,54.26268443008565,0.654960387730479,207
487.0,488.0,40,270,30,56.75986923660441,54.34394499080815,0.7137141369964157,207
487.0,512.0,20,240,50,56.76790134261494,53.398606675277755,0.5259884054233522,207
499.0,524.0,20,270,60,56.77872160565955,55.314003519229445,0.7839472697050859,207
523.0,536.0,20,270,30,56.779084742466075,52.55463804479785,0.7261566463659026,207
499.0,488.0,20,240,50,56.782368594054425,53.41309221645056,0.5674558281305674,207
499.0,500.0,20,240,40,56.80984382109856,53.40326877361552,0.6398409207285936,207
511.0,488.0,20,240,60,56.838001696920095,53.47598877604673,0.5575599965366301,207
523.0,512.0,45,300,70,56.91642739253784,54.65139438883737,0.6582143432746812,207
487.0,536.0,20,240,40,57.0018930877332,53.171913360921224,0.5413050852220437,207
487.0,536.0,45,300,60,57.01475238059952,53.78315035296883,0.4011703228466035,207
523.0,488.0,35,330,70,57.03670787794651,55.38153333888721,0.7567103232926856,207
535.0,488.0,35,330,70,57.06256708891581,55.77797363513708,0.8123450895364819,207
487.0,524.0,20,240,70,57.078930746942525,52.33923238719201,-0.045944094910675685,207
523.0,536.0,20,240,50,57.097039441874315,53.39667588537133,0.6307388113897736,207
487.0,536.0,20,330,60,57.100948973487974,51.65785808778937,0.2532761971774932,207
487.0,512.0,20,240,40,57.12795843959033,54.325048659296314,0.6574017891302399,207
499.0,512.0,20,270,40,57.12915543381976,54.51366841128223,0.7943192238299058,207
523.0,500.0,20,240,70,57.13065093166243,54.801068277680265,0.6905224125558541,207
499.0,512.0,20,240,40,57.14458410282855,53.38136743390024,0.5965848861370386,207
523.0,524.0,20,240,40,57.192033030285444,52.13114197398262,0.5479016330397226,207
499.0,536.0,20,240,40,57.199160292067596,52.96913432323011,0.5690763994984573,207
511.0,524.0,20,240,40,57.21666037072938,52.460384142751245,0.547620954563357,207
535.0,512.0,20,330,40,57.226080824808115,53.485739377966,0.6046292103907721,207
511.0,536.0,20,240,40,57.25480443592539,52.747472323941366,0.5825299963161511,207
487.0,524.0,20,240,50,57.270050067599826,53.64645663594415,0.5198871849830563,207
499.0,536.0,20,270,50,57.27215123057743,55.971832953494726,0.8193649867459477,207
487.0,500.0,40,270,20,57.34862877611859,53.15699014954807,0.6982271668038277,207
535.0,536.0,35,330,70,57.3829106387697,55.5283430796956,0.7171085032635504,207
487.0,524.0,20,240,40,57.388534619557056,54.259731791061114,0.6238814521881739,207
499.0,536.0,20,240,50,57.389398518648,53.057871286733125,0.53216149892469,207
523.0,500.0,35,330,70,57.39264952234461,55.90212818877211,0.7773570322102321,207
535.0,524.0,35,330,70,57.44117239670489,55.79730177889011,0.7505426874134068,207
535.0,536.0,20,270,30,57.46261045979894,52.97069318169993,0.7052590777378741,207
535.0,536.0,20,240,60,57.46729363255826,55.31953202925263,0.781892337753244,207
535.0,512.0,35,330,70,57.47657391716114,56.21508161023555,0.819340312240459,207
499.0,488.0,40,270,20,57.47929674158128,51.360786043903786,0.546030817163037,207
523.0,524.0,20,270,40,57.497984944361974,55.09638552457286,0.7989902458717449,207
499.0,536.0,35,330,70,57.4983632205726,53.22027891564157,0.16778552836592447,207
499.0,524.0,20,240,40,57.504182094845014,53.38297567445713,0.573474547781133,207
535.0,536.0,45,300,60,57.51895019620007,56.41776330083655,0.8417510532072603,207
523.0,512.0,20,240,60,57.53007119653416,55.0506371938999,0.6900374382602847,207
523.0,524.0,20,240,30,57.54833815756869,50.87583774662344,0.43528927818161234,207
511.0,536.0,40,330,20,57.565440531273644,54.92118108807047,0.6501841992573358,207
499.0,500.0,20,240,50,57.56696816662562,53.79267577490293,0.5161054945077224,207
499.0,524.0,20,240,50,57.59151073233641,53.6718600364021,0.5477379324750116,207
511.0,512.0,35,330,70,57.599962842081084,55.6361662505003,0.7001026328603115,207
487.0,524.0,20,270,30,57.60977368073236,54.09373848593503,0.707195164667328,207
511.0,488.0,35,330,70,57.62851381434344,55.4192707247726,0.678446525145962,207
511.0,524.0,20,240,30,57.65200317989534,51.75466050933069,0.49939465207980205,207
499.0,512.0,20,240,50,57.66547841898028,53.78146504843813,0.5212467971140673,207
511.0,512.0,20,240,40,57.66890774112191,53.08434940564517,0.5695060058697236,207
523.0,512.0,20,240,40,57.67198539478891,52.55068242981182,0.5579430097909753,207
487.0,512.0,40,270,20,57.69060823607763,54.0838757696409,0.691582587351974,207
511.0,500.0,20,240,40,57.704590407517614,53.20200540771008,0.5991439935495424,207
535.0,500.0,35,330,70,57.70573729394439,56.61113887054012,0.8436622423316166,207
535.0,524.0,20,270,40,57.750816314945915,55.25271240738662,0.7959329266381591,207
511.0,512.0,45,300,70,57.760343211206106,54.13624561598466,0.4810897583992096,207
487.0,500.0,20,240,30,57.7609394820092,53.46350225480944,0.6610491669505605,207
511.0,488.0,20,240,40,57.76900471400381,52.90446685521864,0.6084262195467764,207
499.0,536.0,20,240,30,57.79571585864051,53.123485653223455,0.5333795412170433,207
487.0,500.0,20,270,40,57.847674285798675,55.30408027319461,0.8077977934779353,207
511.0,512.0,20,270,40,57.86524984321614,55.285806210130275,0.786674461698778,207
511.0,500.0,20,330,20,57.883176322859704,53.209726451034946,0.31545192461520244,207
535.0,536.0,20,270,60,57.89494850758106,55.1031861917013,0.8685513605781957,207
511.0,524.0,20,240,50,57.89801914679489,53.76887638247954,0.5494971824764051,207
523.0,488.0,20,240,70,57.90446026865004,55.23148914619758,0.6281643709817413,207
535.0,524.0,25,300,20,57.918925843999126,49.063017826711,0.3270222511205731,207
523.0,536.0,20,270,60,57.98639935008204,55.80663981048673,0.843631282772998,207
487.0,500.0,20,180,20,58.00334945387459,56.055567254187494,0.6979592103960768,207
535.0,512.0,20,240,40,58.01535878319438,51.84617718759604,0.47968626082541715,207
535.0,500.0,45,300,20,58.057026535577684,51.28898485209355,-0.05614075643076571,207
499.0,488.0,40,270,30,58.071873771381476,55.639994572204934,0.707062473260279,207
535.0,512.0,20,240,70,58.07276890854596,56.432620416082266,0.8219292402768735,207
523.0,524.0,20,270,70,58.10540979914953,54.25620057280952,0.7468450490564331,207
511.0,524.0,40,330,20,58.11182203633846,55.452075122352895,0.5537453823142454,207
499.0,488.0,45,300,70,58.130525831299764,55.189542433400185,0.6170356500310532,207
523.0,488.0,20,330,30,58.13754382361234,53.71878041279906,0.30194477977763806,207
511.0,536.0,20,240,50,58.1500036088895,54.41870108629028,0.6557966858753214,207
523.0,512.0,25,300,20,58.19753517926752,48.50701326820166,0.3018023561607756,207
535.0,524.0,20,240,30,58.21429449533114,49.82785345032875,0.2871382241329344,207
487.0,488.0,20,180,20,58.24980540995126,55.3150568501053,0.4804239079363366,207
499.0,524.0,20,270,30,58.258311985606774,54.30251993654967,0.6937745527013348,207
511.0,512.0,20,240,50,58.270849122165615,54.23477069250857,0.5526217642117199,207
487.0,536.0,20,240,70,58.28292474779153,53.70574738303898,-0.35902560004242445,207
523.0,500.0,25,300,20,58.29513266884821,48.52207308800823,0.1412003459560481,207
487.0,500.0,40,270,30,58.30913579329309,56.48232967037917,0.7671993195446526,207
511.0,488.0,20,240,50,58.3229316844641,54.08841398857747,0.549544400419312,207
487.0,536.0,20,240,30,58.33372659350534,54.75600241480787,0.5942932951336355,207
535.0,524.0,20,240,50,58.351904972286846,54.25920767882173,0.5872844242674452,207
487.0,488.0,25,300,20,58.363537785623535,51.51811071003573,0.7799040294728795,207
523.0,488.0,20,240,50,58.3911415640877,53.35613248864885,0.4754747847000754,207
511.0,500.0,35,330,70,58.40134158626129,56.43415812826325,0.6982668654546673,207
511.0,500.0,20,240,50,58.44007533864299,54.33885589883035,0.5446877275106885,207
535.0,524.0,40,330,20,58.44144645078157,51.766414182748086,0.11176618017505224,207
523.0,500.0,20,240,60,58.44898942625697,55.54234558451587,0.6255642495264677,207
523.0,524.0,20,240,50,58.450147836999534,54.530643311131996,0.6073073306227981,207
523.0,488.0,20,240,60,58.50274774147547,55.19413540234308,0.5600076994032289,207
523.0,512.0,40,330,20,58.50914898612869,53.912718250580596,0.1434647671513697,207
499.0,488.0,20,240,30,58.51920617855978,52.28517388951324,0.5861709193984139,207
499.0,512.0,20,240,30,58.54278383922007,53.353044158110364,0.5681689359619143,207
499.0,500.0,45,300,70,58.56425196321522,54.855179725178076,0.4558369364444928,207
499.0,524.0,20,240,30,58.65534830139665,53.792397590739256,0.5564281520857534,207
499.0,524.0,20,270,70,58.65551793213203,54.09428606377946,0.3757890911945614,207
499.0,512.0,45,300,70,58.66121272133234,54.498119825325816,0.29589100372269084,207
487.0,512.0,20,240,30,58.728878314554,54.81816328139196,0.6474407353934165,207
511.0,512.0,20,240,30,58.749923441138456,52.98497239140764,0.5469615785803448,207
523.0,488.0,20,240,40,58.766463737900175,51.81925814065713,0.32758727355695555,207
535.0,536.0,40,330,30,58.814235491908235,53.81271651560999,0.061845236260029066,207
499.0,500.0,20,240,30,58.83028797496274,53.77945390391822,0.6135414774328188,207
487.0,524.0,40,270,20,58.85517039430144,55.59584353858539,0.6677191237274483,207
499.0,524.0,35,330,70,58.868665909499335,55.35902552100998,0.4623586184371334,207
535.0,512.0,20,270,40,58.894519565952216,56.05294306966217,0.7455548808342103,207
535.0,488.0,20,330,40,58.90544842318709,55.57549217836911,0.407773361937805,207
523.0,488.0,25,300,20,58.92271262733126,47.76937973031062,-0.00198040025595735,207
499.0,500.0,40,270,30,58.92272708113988,56.640717151696514,0.7060427913388704,207
499.0,500.0,20,270,40,58.93674569744154,56.12046253641961,0.78176929824906,207
535.0,524.0,20,240,60,58.941104938326305,56.67094493525726,0.7467153214057021,207
487.0,524.0,20,240,30,58.97822790974624,55.287179092576736,0.6152150570621614,207
487.0,512.0,40,270,30,59.01235953896483,57.330109185499836,0.7580518852603606,207
511.0,524.0,20,270,30,59.01254501815968,55.14614015871551,0.6851307659237603,207
523.0,500.0,20,240,40,59.031806202447136,53.554464615608175,0.5653925918997293,207
487.0,536.0,20,270,50,59.116470692626145,56.84582123626349,0.6312855189966846,207
499.0,488.0,20,180,20,59.119909714136135,55.05677699328217,0.18832994604760514,207
523.0,488.0,45,300,20,59.23631777944062,51.93470828622435,0.10222367023469926,207
535.0,512.0,40,330,20,59.2783359317371,53.59505353164613,0.12797723487694457,207
535.0,524.0,20,270,70,59.280463557731956,54.067027498800584,0.7833511852338952,207
523.0,512.0,20,240,50,59.3119082963044,55.01645945725933,0.5657186324008191,207
511.0,500.0,40,270,30,59.33577172053975,56.35938923456706,0.5695592399216647,207
535.0,500.0,20,330,40,59.37725307197449,56.106544716180395,0.45429797726668647,207
511.0,536.0,20,270,60,59.38482704770863,57.32389054915508,0.7490037681882692,207
535.0,512.0,20,240,50,59.39076559525671,54.89384652692875,0.5560655789288179,207
535.0,524.0,45,300,70,59.41475090314239,57.74941469834122,0.7515482187126712,207
487.0,488.0,40,270,40,59.418150983197,58.21856829359711,0.8177685854623942,207
535.0,500.0,20,240,70,59.44469928846507,57.2568899861079,0.7244236001356593,207
523.0,512.0,20,270,40,59.45453936397429,56.58375280874361,0.7241823509119407,207
535.0,488.0,25,300,20,59.46500149436901,48.327044761910614,-0.10100789215042522,207
535.0,524.0,20,330,40,59.49836542854511,54.83432117366698,0.4990232788291952,207
535.0,512.0,20,240,60,59.502150533627315,57.090111862754554,0.7177080435642869,207
511.0,488.0,20,270,40,59.50793625543133,55.84228522265053,0.7908786591661878,207
499.0,500.0,40,270,20,59.613203695238504,54.76759003960026,0.6303271533193543,207
535.0,500.0,20,270,40,59.63667961879104,55.8447043066571,0.7181024210548178,207
499.0,488.0,40,270,40,59.646097586623114,58.45537030394164,0.818478485753962,207
499.0,488.0,20,270,40,59.64802114226097,56.86163687467674,0.8065367809598067,207
511.0,536.0,20,180,20,59.654828189967446,54.13792924782133,0.4989752815554144,207
499.0,512.0,40,270,30,59.683649834061775,57.727861301501946,0.722863826240033,207
511.0,500.0,20,270,40,59.684850313289715,56.745455212802405,0.7449080497751186,207
487.0,488.0,20,270,40,59.69058787494336,57.00700137623044,0.8160408047539871,207
523.0,500.0,20,240,50,59.70740072413414,55.20191464210972,0.5592383912836858,207
523.0,524.0,40,330,30,59.7121360088639,56.587373599445115,0.41940691480126446,207
511.0,512.0,40,270,30,59.7577251465705,57.389702693556934,0.6407444676348484,207
487.0,524.0,20,270,60,59.77507218371457,56.92947056463219,0.4862602100606074,207
511.0,488.0,20,180,20,59.77942513532457,54.655872914996465,-0.3555548733700921,207
511.0,488.0,40,270,30,59.805846538667225,56.7673356783073,0.632902219849166,207
499.0,512.0,40,270,20,59.81057032172806,55.76864662290951,0.64725118015988,207
511.0,536.0,40,270,60,59.81938841063875,58.209394317737406,0.7469380987760731,207
511.0,512.0,40,330,20,59.8960318746762,56.59952819554127,0.35802341547922784,207
535.0,488.0,20,270,40,59.92715537447663,55.24067076349351,0.7024990473374652,207
487.0,536.0,35,330,70,59.975659452249445,55.754934907795885,-0.31035371880350443,207
535.0,536.0,40,270,60,59.987899929733366,58.911952458198215,0.8387947831836393,207
535.0,524.0,40,330,30,60.00259295224943,55.80252013071724,0.33348133444202477,207
499.0,536.0,20,270,60,60.01864664346487,58.0114996901634,0.6767509303161432,207
523.0,488.0,20,270,40,60.079667778926286,56.246820063125305,0.7498075433789401,207
523.0,524.0,45,300,70,60.08984158944086,57.50299437950842,0.6230161179298216,207
499.0,536.0,40,270,60,60.095994326844355,57.80494022183577,0.6116734355215808,207
487.0,512.0,20,180,20,60.10016909993598,58.31569330717327,0.7218161451173153,207
511.0,500.0,40,270,40,60.1338955579197,58.49392019450425,0.7370867094959181,207
523.0,536.0,40,270,60,60.145937349329834,58.83032485029434,0.7953867068018883,207
535.0,500.0,20,240,60,60.16824539517976,56.99037552704409,0.6054310535553079,207
523.0,500.0,20,330,30,60.18276936166021,55.49807887011115,0.26463474618430083,207
511.0,524.0,45,300,70,60.19081314361063,56.95428911307106,0.5070252826312291,207
499.0,500.0,40,270,40,60.21104908694425,58.8706965967789,0.7917274704858495,207
487.0,500.0,45,300,70,60.2348180825842,56.93652475177129,0.4561465933363955,207
487.0,512.0,45,300,70,60.25725578220813,55.973588944740186,0.20098644750733807,207
499.0,512.0,35,330,70,60.28624894320744,57.328051500287344,0.5848019764425647,207
535.0,512.0,40,330,30,60.33575159107384,56.683364227303834,0.32193161410115023,207
523.0,524.0,20,270,30,60.34229251309787,56.509833808543156,0.6337436694544134,207
535.0,500.0,20,240,50,60.36705466731737,55.23153978618965,0.4406214302732701,207
487.0,500.0,40,270,40,60.37297507241265,59.18646746813216,0.8178459481647199,207
511.0,512.0,20,330,20,60.37923016704741,56.12200449634856,0.3333562061692139,207
523.0,536.0,40,330,30,60.382977452120606,57.08629748736939,0.47288798987199715,207
499.0,500.0,25,300,20,60.4177330160444,54.94328259272396,0.7197421491706221,207
511.0,524.0,40,270,60,60.42670668225341,59.034668984388496,0.8255503377567065,207
535.0,488.0,20,240,50,60.44976828493111,54.96180679421454,0.4164175228224647,207
523.0,500.0,40,270,30,60.454171122288344,56.9949733661044,0.4527241116538826,207
523.0,536.0,20,270,20,60.459753371376024,55.8243457922539,0.578960909222405,207
487.0,500.0,25,300,20,60.47062527762396,54.13507801780238,0.782059058757423,207
511.0,488.0,40,270,40,60.48772923267493,59.09092468712568,0.7841267958021767,207
499.0,524.0,20,180,20,60.50391648726981,56.325595773669676,0.5922440050293324,207
487.0,524.0,40,270,30,60.50696829172597,58.819256856854096,0.7372595565309891,207
523.0,512.0,40,270,30,60.53136761297123,57.40103476895828,0.500007473323602,207
523.0,512.0,40,270,40,60.533546747437875,58.801850345122105,0.7183149936918112,207
511.0,488.0,40,270,20,60.57083697292363,53.721643557282334,0.45513349469796954,207
535.0,536.0,40,270,70,60.5910306335213,57.71917455436263,0.6808670518109547,207
487.0,536.0,40,270,20,60.615872799896195,57.784957683647015,0.6679864629255967,207
511.0,536.0,40,270,50,60.61607762657635,59.561669468253484,0.8646329716878385,207
511.0,512.0,25,300,20,60.62234246700138,54.92867355985981,0.5946273731450831,207
523.0,500.0,40,270,40,60.62588871894492,58.714678375184135,0.6844468502779221,207
499.0,524.0,40,270,60,60.666531653172434,58.526673645379,0.6707031682001474,207
499.0,536.0,40,330,20,60.70287670294179,59.10450134912166,0.745497036349609,207
523.0,500.0,20,270,40,60.75232481475319,57.34800084635209,0.6838537171805973,207
499.0,536.0,40,270,50,60.779826543339844,59.200855996514484,0.7857169498297518,207
535.0,524.0,20,270,30,60.78005895327778,56.53952183646512,0.6228018706893331,207
487.0,536.0,40,270,50,60.78011568192546,58.618473478836265,0.683084229206674,207
523.0,536.0,40,270,50,60.781933369922164,59.89875792141661,0.8804892557677462,207
535.0,536.0,40,270,50,60.804613546693524,60.02873221173291,0.8904192314177191,207
523.0,524.0,40,270,60,60.80548606724204,59.79168216127374,0.872955228542081,207
523.0,512.0,20,240,30,60.816338619493635,54.11361671045829,0.5081736182784058,207
523.0,524.0,40,270,40,60.83636174123666,59.50911346242405,0.7966410439924245,207
511.0,512.0,40,270,40,60.84578398336495,59.51195972657339,0.792082933961483,207
535.0,488.0,20,240,70,60.84782097754548,58.5202383452932,0.70346740826872,207
535.0,512.0,40,270,40,60.865789072376245,59.29019217681662,0.7460551175463095,207
535.0,500.0,20,240,40,60.86896208911547,54.488074842034514,0.34804693215889415,207
535.0,536.0,20,270,20,60.89213813839812,55.557952180051494,0.5099466859485347,207
487.0,512.0,40,270,40,60.905314682209365,59.66435519559762,0.8147433793078767,207
487.0,488.0,45,300,70,60.92579895057592,57.979798873853284,0.5845235951814269,207
499.0,512.0,40,270,40,60.93600323272959,59.623433797650684,0.7958553143444178,207
511.0,524.0,40,270,50,60.94235551498337,59.750514602536924,0.8723476033165263,207
535.0,488.0,45,300,20,60.946184480964334,54.87070239250251,-0.08358134704719077,207
535.0,512.0,20,180,30,60.96932785343524,55.85594985796747,-0.5536353864716463,207
511.0,500.0,40,270,20,61.001497121275875,55.434817997500616,0.45157413392813706,207
499.0,524.0,40,270,50,61.008450317808745,59.505061142017574,0.8301759723721633,207
535.0,524.0,40,270,40,61.0305980392647,59.64663200176162,0.7833776317753771,207
499.0,524.0,40,270,30,61.091415867921654,59.239086502402714,0.714673594762838,207
499.0,524.0,45,300,70,61.09183918572351,57.34846194786306,0.28217273847265384,207
487.0,524.0,40,270,60,61.105677459147074,58.31370496781963,0.4736834046191537,207
511.0,500.0,40,330,20,61.11260787941125,57.93402522207489,0.37993146848836534,207
511.0,524.0,40,270,30,61.11463963671458,59.16197692257644,0.6947055303200115,207
523.0,524.0,40,270,30,61.12574133818331,58.88145124348791,0.6366027527493318,207
511.0,524.0,40,270,40,61.139007290902796,59.87509742117472,0.8082519429370236,207
499.0,524.0,40,270,40,61.15973187827033,59.80709841395653,0.7941511892172944,207
523.0,512.0,40,330,30,61.172403884830445,58.15222220956423,0.40130406324441714,207
511.0,500.0,20,240,30,61.18387612154497,54.37014095331349,0.554432697490318,207
487.0,512.0,20,270,30,61.206865812214,57.11315802512626,0.7288096078202915,207
499.0,488.0,35,330,70,61.21232478602322,57.95800980960666,0.6132502981201908,207
511.0,488.0,20,240,30,61.22141029531237,53.22218024266147,0.42508034364349856,207
487.0,524.0,40,270,40,61.22744081116215,59.78568898138813,0.7877726586651063,207
523.0,524.0,40,270,70,61.23164887112352,59.324786729503856,0.6993547760728276,207
511.0,512.0,40,270,20,61.23770979709625,56.65285347196035,0.4998083614735181,207
487.0,524.0,35,330,70,61.247527857663115,57.69257452475012,0.3427483100749544,207
535.0,500.0,40,270,40,61.26477153448432,59.5164619162933,0.7157560927278565,207
487.0,536.0,20,270,60,61.30854472987195,56.89984995313184,0.26980208273547074,207
535.0,536.0,40,330,40,61.31289197972323,58.05573825689178,0.36369175591217656,207
523.0,500.0,40,330,20,61.334409001514494,56.32745716839547,0.040067863898398615,207
523.0,536.0,40,270,40,61.35687440865641,60.31290975947339,0.8401781362358142,207
535.0,500.0,40,330,30,61.358374744876286,57.188936823663006,0.08416703821482716,207
535.0,536.0,40,270,40,61.36072688362881,60.270975398157304,0.8306926420027495,207
523.0,524.0,40,270,50,61.379446194599545,60.36354765319752,0.8819582439615189,207
523.0,488.0,20,180,20,61.46373350993262,54.724692264084226,-0.5650407246952253,207
487.0,524.0,40,270,50,61.496246354733636,59.56316213673774,0.7323147049092781,207
535.0,524.0,40,270,60,61.4962956529118,60.62561576194441,0.8714277240618613,207
511.0,536.0,20,270,20,61.50255877045304,56.792838694068216,0.6091522175466952,207
535.0,512.0,25,300,20,61.50281749438832,52.73143994139171,0.13161429357633775,207
511.0,536.0,40,270,40,61.52203759258047,60.35230610159867,0.8198210969337905,207
523.0,536.0,25,300,20,61.53088622043771,55.67907272264632,0.645948914511578,207
499.0,536.0,40,270,40,61.572657092989054,60.12938403503729,0.7748616805092781,207
535.0,524.0,40,270,70,61.58072255791723,59.56512103978666,0.7230591362477967,207
499.0,500.0,35,330,70,61.61527533695721,58.55131185986155,0.5762188887350234,207
487.0,536.0,40,270,60,61.680171206435624,58.26968740800005,0.26324151309010463,207
535.0,524.0,40,270,50,61.70182060983201,60.84828437162257,0.8922148106987566,207
523.0,488.0,40,270,40,61.70884945462156,60.18567148732629,0.7708804744127817,207
535.0,536.0,20,330,40,61.728807415200514,56.922318115994884,0.38453778193678256,207
523.0,524.0,25,300,20,61.74068162344781,54.8112290515279,0.40561181880552405,207
499.0,524.0,40,270,20,61.74117178662165,58.07032575426306,0.6181836360831678,207
535.0,524.0,40,270,30,61.74964806856536,59.440945270643,0.627272943827422,207
487.0,536.0,40,270,40,61.7521931332072,60.06332479905251,0.7416212801332686,207
523.0,512.0,20,330,30,61.818563930101526,57.27832862187911,0.25523033204377527,207
535.0,488.0,20,240,60,61.831880847830334,58.74998678056463,0.63402615216014,207
535.0,488.0,40,330,30,61.898418291392524,57.58370344886803,-0.07517183490068519,207
487.0,488.0,20,240,20,61.9009697645795,53.582082114950325,0.5404170473542274,207
511.0,512.0,40,270,50,61.91157865828969,60.838988724884665,0.8761342688822749,207
499.0,512.0,20,270,30,61.951447727104856,57.25001385608974,0.7108432952333693,207
535.0,500.0,40,330,40,61.995276403803885,59.4558151170228,0.5328772779339639,207
535.0,512.0,40,330,40,62.01276707198575,59.691475760630325,0.5804079000880075,207
535.0,488.0,20,240,40,62.028865957669005,53.799659755859466,0.17069606589752248,207
499.0,524.0,40,330,20,62.03307640359577,60.51271055018214,0.7502017241123862,207
511.0,524.0,20,330,20,62.047007333077715,57.877874960479424,0.5002748440142957,207
499.0,512.0,40,270,50,62.05333715123267,60.77497410086298,0.8408809164955998,207
535.0,512.0,40,270,30,62.05441150068721,59.12195886573329,0.5286865600098118,207
535.0,500.0,40,330,20,62.07623233115404,55.98795116289196,-0.15391282688630156,207
523.0,500.0,40,330,30,62.07652942364941,58.65183065138967,0.26329970581117823,207
523.0,512.0,40,270,50,62.1114845918856,60.95945299676316,0.8556845039494202,207
523.0,512.0,20,180,30,62.11353018886346,56.77747264642902,-0.18872174484615467,207
535.0,536.0,20,180,30,62.122758692209985,53.46456040741577,-0.03490547231386892,207
523.0,488.0,40,270,30,62.15496050111915,58.75943336751371,0.634252901505287,207
535.0,488.0,40,330,40,62.15847985347249,59.21590132802532,0.401157768343602,207
487.0,512.0,35,330,70,62.18354066293827,57.90747832513607,0.2709363294950039,207
487.0,536.0,40,270,30,62.22063138143717,60.46267697354044,0.7080985290136432,207
523.0,536.0,40,270,70,62.22117113125935,58.9038920201227,0.5630707061332269,207
499.0,536.0,20,270,70,62.268295169341876,55.95244407811245,0.23048329686787716,207
511.0,500.0,40,270,50,62.300161771125886,61.245045218323156,0.8742876685455101,207
523.0,524.0,20,330,30,62.31383259714624,57.65350006410448,0.38148395293284926,207
511.0,536.0,45,300,70,62.32607186079807,59.64599517451699,0.5746402407577248,207
499.0,512.0,40,330,20,62.3670767101154,61.000591520972336,0.7934842180801055,207
487.0,524.0,45,300,70,62.40515260502364,57.287816784872106,-0.20226877322870812,207
487.0,524.0,20,270,70,62.417860283770096,55.41025351528724,-0.15658800357528355,207
499.0,500.0,40,270,50,62.42948052686612,61.2533078485699,0.851053542917032,207
523.0,536.0,45,300,70,62.45268853741816,59.462735159231634,0.5773191504829579,207
511.0,524.0,40,330,30,62.457847964096125,60.281499285704086,0.610787663710784,207
487.0,512.0,40,270,50,62.46686741414745,61.00808421461269,0.802049932211577,207
499.0,512.0,40,270,60,62.47079626630029,61.03434151476842,0.8289794804291146,207
511.0,524.0,40,270,20,62.47890230629893,58.65690073175673,0.5488300315317569,207
535.0,512.0,40,270,50,62.483440162291366,61.58554993686672,0.8846340719649569,207
487.0,512.0,25,300,20,62.49542143462508,57.876555227899445,0.8442897453587727,207
535.0,488.0,40,270,40,62.50672210405249,60.74887780669904,0.7338117361504475,207
511.0,536.0,40,330,30,62.51525482274966,60.28029557071687,0.6198759897225377,207
523.0,500.0,40,270,50,62.53674513051836,61.44177190037261,0.8583719768820764,207
523.0,512.0,40,270,60,62.57252053216475,61.61173220211385,0.8844920625616752,207
511.0,512.0,40,270,60,62.58226199477024,61.46282286417315,0.8756917889494726,207
499.0,524.0,40,270,70,62.5937634919754,58.68247537169357,0.21955661782262587,207
535.0,500.0,40,270,30,62.59881411910068,59.36444751471524,0.5059472647773101,207
487.0,512.0,40,270,60,62.612159599541094,60.77125014330208,0.7294215448799372,207
523.0,488.0,40,330,30,62.61615632111465,59.24964307392194,0.2598259679166145,207
535.0,536.0,40,270,30,62.63253184652458,60.72434906395742,0.6956793978714542,207
511.0,524.0,40,270,70,62.63328299867722,59.98026476988881,0.5407399070754849,207
523.0,488.0,40,330,20,62.636436359119514,57.765976489177284,-0.10629141761833863,207
523.0,500.0,40,330,40,62.65969955729804,60.311426263400335,0.5846068949242494,207
535.0,488.0,40,330,20,62.66585932457986,56.69936429466782,-0.24465731437859767,207
535.0,500.0,25,300,20,62.67934507697251,51.81701659250064,-0.07140413663306314,207
535.0,524.0,40,330,40,62.69837332301525,60.19257167893735,0.5787408932472108,207
499.0,488.0,40,270,50,62.702412800924314,61.65771880043596,0.8641780911561654,207
499.0,536.0,40,270,30,62.70326794057937,60.83481357442452,0.6945488269157181,207
535.0,512.0,40,270,70,62.70730652328232,61.439938443824886,0.8021782250603059,207
535.0,524.0,20,180,30,62.71317256823072,55.96769905557596,-0.5017848127966867,207
511.0,512.0,40,330,30,62.7505816933558,60.34162526940713,0.5565693408222538,207
523.0,536.0,40,270,30,62.760033941866205,61.043499746142096,0.7280722914632979,207
499.0,536.0,20,270,20,62.763995312117046,58.02297938662989,0.6004795449159601,207
523.0,524.0,40,330,40,62.80718606124604,60.38595829530818,0.5483071421478515,207
499.0,536.0,20,240,20,62.81833668227545,55.853315482742225,0.40083571534606094,207
511.0,536.0,40,270,30,62.8274467650781,61.0841181408409,0.7229094612595223,207
499.0,536.0,40,270,70,62.83371284983729,58.66931890122903,0.25564929323350166,207
535.0,488.0,40,270,30,62.870525738529516,58.80477439125031,0.5074186821194118,207
523.0,512.0,40,330,40,62.87707794323272,60.60566851966486,0.5897960158656986,207
499.0,536.0,45,300,70,62.915422068912896,59.45674732787465,0.3281749336864326,207
523.0,536.0,20,330,30,62.91726215187049,57.76403697080476,0.5024643359631935,207
535.0,536.0,45,300,70,62.91867459311211,61.203773359647506,0.7390692659753395,207
523.0,488.0,40,330,40,62.93650724642858,60.789548084343885,0.6546452665316949,207
499.0,512.0,25,300,20,62.991153206164334,57.631599010638766,0.7181401315766178,207
487.0,536.0,20,240,20,62.99374232737631,57.19771672347404,0.47759357565572674,207
523.0,512.0,40,270,70,62.99954137683771,61.61455580640326,0.7714513675289607,207
511.0,512.0,20,270,30,63.00311887788635,59.04826338846646,0.6312558053637944,207
511.0,488.0,40,270,50,63.02512867427122,62.09249196474169,0.8713323187635296,207
487.0,500.0,40,270,50,63.03975353217533,61.798542125458575,0.8180409011400536,207
535.0,512.0,40,270,60,63.06872412315702,62.30833276752763,0.8942865316589145,207
499.0,524.0,20,240,20,63.111692871055126,55.992310043360476,0.4197855132655727,207
511.0,536.0,40,270,70,63.16868745341091,59.37696102578886,0.4513651298202545,207
535.0,500.0,40,270,50,63.196587391151226,62.20768533181608,0.8596636329164329,207
523.0,536.0,20,270,70,63.20797934147474,57.04671659098972,0.6306588197057583,207
523.0,500.0,20,240,30,63.22242942843745,55.09599091776737,0.39058975748739966,207
487.0,488.0,40,270,50,63.22642501986103,62.099911799450524,0.8297578069655697,207
535.0,512.0,20,240,30,63.254696415739225,55.09865181883981,0.2829305818674231,207
523.0,536.0,40,330,40,63.2567210864862,60.814467671860285,0.5604262860932381,207
511.0,488.0,40,330,20,63.27028943548892,59.5658153166853,0.25279367900307553,207
511.0,500.0,40,330,30,63.30675665310523,61.01445985590117,0.5819642181511072,207
511.0,536.0,20,240,20,63.31268806186376,55.004593029498665,0.28049614383538035,207
487.0,500.0,20,240,20,63.37459177090292,56.02657199762487,0.5490920408872481,207
523.0,524.0,20,180,30,63.421803752899436,56.61756220097513,-0.11706321906628621,207
523.0,500.0,40,270,20,63.460811202361846,57.53794863093573,0.25610724983224237,207
511.0,536.0,25,300,20,63.515081654444295,57.807519759823236,0.7532787899300732,207
523.0,512.0,40,270,20,63.52907400627104,58.32482599387508,0.30000089412549874,207
487.0,524.0,20,180,20,63.55506628735087,60.63636347265188,0.6484847789293605,207
487.0,524.0,20,240,20,63.57249020013791,56.938912921720885,0.48716414583012296,207
487.0,536.0,20,270,20,63.60422683312035,58.47764537541751,0.7111684285455745,207
499.0,536.0,40,270,20,63.63189421069748,60.16663414455013,0.5986097550307754,207
523.0,536.0,20,240,20,63.692716846232784,54.245127606206545,0.14495008688211095,207
499.0,524.0,25,300,20,63.70072192481592,58.565208532700275,0.7848689581251094,207
523.0,524.0,40,270,20,63.721567577367445,59.644375057330286,0.4771798968732421,207
523.0,488.0,40,270,50,63.74644670660156,62.95620117374906,0.8817344633304888,207
535.0,512.0,20,270,30,63.78525347055485,59.0287332460234,0.5386670384627557,207
487.0,524.0,40,270,70,63.80706516467662,59.317274156079726,-0.034127744477276886,207
511.0,500.0,40,330,40,63.82477322008464,61.76766520764258,0.6337899936111719,207
535.0,488.0,40,330,50,63.844068069539766,61.90799270345402,0.744039435533084,207
487.0,512.0,20,240,20,63.896067745606196,56.75336493544343,0.5264901204943744,207
511.0,488.0,40,330,40,63.89785160902073,62.19657001231768,0.7266893672348193,207
487.0,488.0,45,270,20,63.93887499117224,60.04896221933561,0.6100776631797996,207
535.0,524.0,20,270,20,63.94551659303823,58.53777285228439,0.41412143292990466,207
523.0,488.0,40,330,50,63.967354721833544,62.32329055013056,0.7637456774938173,207
535.0,500.0,20,180,30,63.989257775247246,60.24876687705187,-0.6908273638581021,207
511.0,536.0,20,330,20,63.9967357847751,59.3240320733513,0.6298221780658142,207
511.0,488.0,40,330,50,64.01304582851448,62.436813131172876,0.7470727357531958,207
499.0,488.0,40,330,50,64.09797072619081,62.4564548759737,0.7159814166722964,207
499.0,500.0,40,270,60,64.10306535248199,62.925810215667155,0.8670903588460984,207
511.0,512.0,40,330,40,64.1165684176454,61.85612083205233,0.5758202256752993,207
511.0,524.0,20,240,20,64.11859156667825,56.12435823313019,0.34313760390911985,207
511.0,500.0,40,270,60,64.1653509558687,63.15478466845917,0.893067732848191,207
511.0,488.0,40,330,30,64.19631894644483,61.91348620359042,0.5719774398585503,207
487.0,500.0,40,270,60,64.23385922642987,62.91430382284822,0.8182973080578868,207
499.0,500.0,40,330,50,64.2531474061885,62.356167417821,0.6610355060485993,207
499.0,512.0,40,270,70,64.28195926264775,61.874969311318296,0.5360524598976022,207
511.0,536.0,40,270,20,64.29324759959435,61.11262996380108,0.6192523764073777,207
499.0,536.0,20,180,20,64.31782273054722,58.936694013604146,0.5493069231024911,207
499.0,488.0,20,240,20,64.32814359849954,55.956123177506655,0.39414999983030236,207
511.0,500.0,40,330,50,64.33628196706408,62.606604032627075,0.7052166875906011,207
511.0,536.0,20,270,70,64.34118163040968,57.45851373498408,0.3423034383881502,207
535.0,536.0,40,330,50,64.37961473350599,62.31506744267538,0.6259779791218918,207
523.0,500.0,40,330,50,64.40018692898786,62.71406377927162,0.7439475485906444,207
511.0,524.0,40,330,40,64.41958100409181,62.19097890100335,0.584129053264998,207
535.0,500.0,40,330,50,64.44291268908559,62.802491040485876,0.7708901909247551,207
523.0,500.0,20,180,30,64.46184668690886,60.29325802872294,-0.5463447295615156,207
523.0,524.0,20,270,20,64.46977921444025,59.75368859792507,0.4625465910314944,207
523.0,500.0,40,270,60,64.47732755988481,63.599336806554575,0.9022901281788563,207
499.0,512.0,20,240,20,64.53138142773771,57.39561922325448,0.4829359713743261,207
511.0,512.0,40,270,70,64.54968273341015,62.83120006273378,0.6974557379623381,207
499.0,536.0,40,330,60,64.57572559278917,61.966507883395856,0.47580821305251864,207
487.0,536.0,20,270,70,64.58406899010028,54.24575296231776,-0.24593384444305869,207
487.0,536.0,45,300,70,64.59082414558878,59.70135323215837,-0.36107552039776847,207
499.0,536.0,25,300,20,64.60274146296405,60.59896219193418,0.8609633405336838,207
535.0,488.0,20,180,20,64.62435108633484,55.90347064014332,-0.6681486390371401,207
511.0,536.0,40,330,40,64.64741802004392,62.360741903112604,0.5734664772132536,207
499.0,512.0,40,330,50,64.66332890702279,62.611324935577,0.6260301648501092,207
511.0,524.0,25,300,20,64.71274484259098,59.415714903628555,0.6740489175212592,207
523.0,512.0,40,330,50,64.71434162576887,62.97864355756781,0.7089061144526349,207
535.0,512.0,40,330,50,64.71491342065062,63.02399257042879,0.7259244162889674,207
535.0,488.0,40,270,50,64.72191304915847,63.90369808606164,0.8681380508236438,207
535.0,512.0,20,330,30,64.72691374619332,58.564955978289156,0.3668439778002847,207
523.0,488.0,40,270,20,64.77766847767012,57.965845638209245,0.45046561253989553,207
535.0,500.0,40,270,60,64.78549874808364,64.06311790511819,0.9015358666407601,207
511.0,512.0,40,330,50,64.79646029424741,62.98068126942822,0.6789049231752001,207
499.0,488.0,40,330,40,64.80464721326678,63.28909489589473,0.740882369024205,207
523.0,524.0,40,330,50,64.84321142816233,63.01477157477546,0.6802906239742685,207
487.0,500.0,20,270,30,64.88618832167283,59.8985552574652,0.7469526362690063,207
499.0,500.0,40,330,20,64.88738572193601,63.12994479859437,0.6895590980657414,207
499.0,512.0,40,330,30,64.93533699482222,63.15988305822942,0.688099457605558,207
487.0,512.0,40,330,50,64.9422535503033,62.72889777279366,0.6005719233318753,207
499.0,500.0,40,330,40,64.98051474457235,63.017807407445304,0.6405803608593046,207
523.0,512.0,20,270,30,65.00538798595456,60.44815731546952,0.5060755029870783,207
487.0,500.0,35,330,70,65.01362877601196,62.01861419094793,0.5121644534295815,207
487.0,536.0,40,330,60,65.02993695140385,61.41853616919809,0.17340775119363938,207
499.0,536.0,40,330,50,65.03605805871705,62.536335391381506,0.5041340532386139,207
499.0,536.0,40,330,30,65.04496139021828,63.10009268200326,0.6455424011063865,207
511.0,524.0,40,330,50,65.08089493842628,63.16504255467065,0.6533581891667222,207
487.0,536.0,40,330,50,65.17705298729099,62.295543800421825,0.40965623681320384,207
499.0,524.0,40,330,30,65.20009777699183,63.326048413161956,0.6593359068126676,207
487.0,500.0,40,330,50,65.23167988464016,63.40457319316846,0.68118603268184,207
511.0,524.0,20,270,20,65.25622615457058,60.45900421593903,0.5627695194072908,207
487.0,512.0,40,270,70,65.30071613128244,62.206412682803524,0.33413155266277417,207
499.0,512.0,40,330,40,65.30563890757132,63.12761542574589,0.5908566672107883,207
511.0,512.0,20,240,20,65.33183663168876,57.29482121917916,0.4216709648240139,207
511.0,536.0,40,330,50,65.33307116212227,63.270243765205805,0.6144727178938161,207
523.0,500.0,40,270,70,65.34589400169851,64.30830986181802,0.8374629686487173,207
511.0,536.0,40,330,60,65.35283412901704,63.36959592626813,0.6389160292734254,207
523.0,536.0,40,330,50,65.35459495731693,63.42176788924528,0.6447616618373245,207
523.0,536.0,40,270,20,65.3623425544773,62.26953951303287,0.5928083755731652,207
535.0,500.0,40,270,70,65.36699314891366,64.35285109179243,0.8327572822134398,207
499.0,500.0,20,240,20,65.38102419504827,57.790173748225605,0.4888897296334106,207
499.0,524.0,40,330,50,65.41129605453358,63.30239094527558,0.6089344253831485,207
499.0,488.0,40,270,60,65.5015425353355,64.44476970226002,0.8818315164377281,207
487.0,536.0,40,330,20,65.50962856452922,64.17447274686556,0.7704163429859692,207
535.0,500.0,20,270,30,65.54407025027906,59.5429503520705,0.5194805429426834,207
523.0,488.0,20,330,20,65.57864827723965,58.56988865292156,-0.09385911673466255,207
511.0,524.0,40,330,60,65.58295148536371,63.90775653761992,0.7094156382290867,207
499.0,524.0,40,330,60,65.68340677490458,63.43994766506256,0.5875123915721011,207
487.0,488.0,40,330,40,65.70169516978791,64.13316529983496,0.7241942666860801,207
499.0,500.0,40,330,30,65.72402017918412,64.05153152670273,0.7085492614324729,207
523.0,536.0,20,180,30,65.74392616483593,58.76678206385802,0.1495085399775567,207
535.0,536.0,20,270,70,65.84490327489351,58.69205045313481,0.7374388302465671,207
511.0,488.0,40,270,60,65.84797344894865,64.90973029220005,0.8999176922278431,207
511.0,512.0,20,180,30,65.88791754564949,63.035686728562055,0.46239887299973764,207
487.0,524.0,40,330,50,65.89388953771831,63.71912817631724,0.6139184596140144,207
487.0,488.0,40,270,60,65.9010914298281,64.77826148142199,0.8279865020495167,207
499.0,500.0,20,270,30,65.91361653325235,60.56597973179843,0.6842937438560264,207
535.0,524.0,40,330,50,65.92784879426019,64.27544413195541,0.7101735388045614,207
511.0,512.0,40,330,60,65.92980665758371,64.49147913215235,0.7548222861725798,207
535.0,536.0,40,270,20,65.96145263643817,62.3851083129382,0.4973176526597454,207
499.0,500.0,40,270,70,65.96814048571751,64.53089955206556,0.7764759587025424,207
511.0,500.0,20,180,30,65.97117664528344,62.8298692259409,0.2821888757237093,207
523.0,524.0,20,240,20,65.97220996408187,56.7650554092087,0.16152721113562826,207
511.0,488.0,40,330,60,65.97301021276914,64.51657309687536,0.7532668950957058,207
487.0,536.0,25,300,20,65.98425985808112,61.47321421285081,0.8329327189437145,207
535.0,536.0,20,240,20,66.00521582147248,54.478147694731405,-0.08390802611375932,207
499.0,524.0,40,330,40,66.00623645120216,63.78428000768435,0.5824970870958006,207
499.0,488.0,40,330,20,66.02464873414964,63.995684187148285,0.618446467045938,207
487.0,500.0,40,330,40,66.04200575072635,64.11863285074806,0.6514131288695144,207
523.0,488.0,40,330,60,66.10756854769153,64.83087055665771,0.8038818326761439,207
511.0,500.0,40,330,60,66.146132116594,64.67749961234978,0.7466511562682725,207
535.0,488.0,20,330,30,66.15002988597014,59.77605628089356,-0.1073759297209593,207
535.0,524.0,40,270,20,66.16408975707445,62.10743492682103,0.44337104607235056,207
523.0,500.0,40,330,60,66.17167850235278,64.8991318250472,0.806038251309379,207
487.0,500.0,40,270,70,66.19302638374657,64.47357060647361,0.7118574401869613,207
487.0,488.0,40,330,50,66.23060123631254,64.65445976624392,0.7307105760505062,207
499.0,536.0,40,330,40,66.24198169403543,63.87397890321206,0.5354913590810416,207
499.0,488.0,40,330,30,66.25325849050473,64.79516633292505,0.7535766647723348,207
523.0,524.0,40,330,60,66.27551875332298,64.78471966850753,0.7551541363574394,207
499.0,512.0,40,330,60,66.27743725301453,64.46763060606315,0.6789140291120761,207
511.0,500.0,20,270,30,66.29112808244595,61.64110301235868,0.5903123933900101,207
511.0,500.0,40,270,70,66.29122051985331,65.01932583919603,0.8045978874658517,207
487.0,524.0,40,330,20,66.29251064520373,64.89692498655481,0.7551494400454978,207
523.0,488.0,40,270,60,66.3229980729195,65.58943367522211,0.9178939052961005,207
487.0,512.0,40,330,40,66.33528193079907,64.09697528691481,0.5783643276776078,207
535.0,488.0,40,270,20,66.34456361486336,58.35296322949231,0.26763623272505116,207
523.0,512.0,40,330,60,66.39504273342995,65.08478152373115,0.7938751313828559,207
535.0,500.0,20,330,30,66.4400946988721,60.12975166124613,-0.009006258809159437,207
487.0,488.0,35,330,70,66.52328093226892,62.63780142233684,0.6027926887189311,207
523.0,536.0,40,330,60,66.52531314764099,64.8388874450344,0.6987243116868311,207
535.0,488.0,40,330,60,66.59332416701238,65.33142005760938,0.8389601301977726,207
523.0,488.0,20,240,30,66.63447178691929,56.325368039626554,0.05863926056464843,207
523.0,536.0,45,330,20,66.66723194979413,62.82921774273677,0.4185684930511148,207
487.0,524.0,40,330,60,66.75165850421688,64.33235589097077,0.5590975351593301,207
535.0,488.0,40,270,60,66.75870465501103,66.19426437350748,0.9172936734635541,207
487.0,512.0,40,330,20,66.76905416126782,65.55111187614212,0.7888797844075591,207
499.0,524.0,20,270,20,66.87699886691088,61.46793168367032,0.5982557921269054,207
499.0,500.0,40,330,60,66.87993445648064,65.05444047195307,0.6681010984056265,207
535.0,488.0,40,270,70,66.92857879674506,66.12007387190529,0.864566665135994,207
535.0,500.0,40,270,20,66.97182583135725,61.39641623115534,0.32107683584239555,207
487.0,488.0,20,180,30,67.01493210353462,64.85565945723619,0.5785129742702311,207
535.0,536.0,40,330,60,67.04733558222921,65.504762784722,0.7385079720888411,207
487.0,524.0,25,300,20,67.06359398165101,63.18607827572962,0.8488992747131182,207
499.0,488.0,45,270,20,67.06375280582506,62.47845760545993,0.5451049030645735,207
487.0,512.0,40,330,60,67.08552578144717,64.24982754741805,0.4882140382462558,207
535.0,536.0,45,330,20,67.10411982894799,60.171863511657904,-0.10378232819607387,207
487.0,536.0,20,180,20,67.11788726151634,62.71574527696182,0.5562140931849053,207
499.0,488.0,20,180,30,67.149375535512,64.33931817561323,0.3563902645408437,207
511.0,488.0,20,180,30,67.15524241427335,63.75084286991066,-0.15930772286683434,207
535.0,500.0,40,330,60,67.19858580623999,66.06806325829068,0.8445511770526898,207
523.0,488.0,40,270,70,67.21741177103927,66.40008089703852,0.8832703860381639,207
535.0,512.0,40,330,60,67.2409142262523,66.04570749172417,0.8179220557274021,207
535.0,512.0,40,270,20,67.25221752909621,62.13508410477144,0.28806442438838464,207
523.0,524.0,45,330,20,67.28789705097148,63.20870409013518,0.22667535384089185,207
499.0,488.0,40,270,70,67.34772844034994,66.2226604181883,0.851637107825391,207
511.0,488.0,40,270,70,67.35838335319211,66.29004250029003,0.8495120347717386,207
487.0,512.0,40,330,30,67.35955592088433,65.643435720937,0.681326089167183,207
487.0,524.0,40,330,40,67.36357746775285,65.07956863002482,0.5754240500611217,207
487.0,536.0,40,270,70,67.40283981491302,62.32608361380472,-0.11556858347161758,207
499.0,488.0,40,330,60,67.50456690936389,65.7332788502338,0.6860349076844375,207
499.0,488.0,20,270,30,67.61961124244394,61.829681036804395,0.709755069817564,207
511.0,488.0,20,270,30,67.63500404473295,61.93894643841115,0.6495215494185115,207
523.0,500.0,20,330,20,67.64306284055351,60.52686928615188,-0.005329406453641478,207
487.0,488.0,40,330,30,67.67848962659649,66.40129446740522,0.775771701776057,207
487.0,500.0,40,330,30,67.70057457903414,66.1991553246924,0.7267192236941726,207
487.0,536.0,40,330,40,67.71139961524874,65.01976540479026,0.4530267350842811,207
535.0,488.0,20,270,30,67.7670067436438,61.60761879580646,0.4828509281038545,207
487.0,524.0,40,330,30,67.78547296179102,65.94903025346912,0.6522215622625755,207
535.0,488.0,20,210,20,67.93370995064483,64.45704672780859,-0.8169375493812386,207
499.0,500.0,20,180,30,67.93524169043297,65.8639200870864,0.5949318533040323,207
487.0,500.0,45,270,20,67.95772000631594,65.12616187961665,0.7249105144248894,207
487.0,488.0,45,270,30,67.98965321317924,66.26883583994861,0.7298678249517206,207
487.0,512.0,45,270,20,68.00006634507028,65.6825492745822,0.7252487156547597,207
535.0,524.0,40,330,60,68.0050508785198,66.77265457339642,0.7815349468158992,207
523.0,488.0,20,180,30,68.12832239735795,64.16073661468917,-0.5034057679108035,207
523.0,500.0,20,270,30,68.1462145937935,62.41456350466314,0.4573248389835189,207
487.0,488.0,40,270,70,68.17010467863236,67.02631496663265,0.8110428538619232,207
487.0,500.0,40,330,20,68.18189132044506,66.81285099529369,0.7526598004272901,207
487.0,536.0,40,330,30,68.18203176324884,66.16599209420939,0.6079784027412799,207
535.0,512.0,20,270,20,68.24276734987035,61.337890344723434,0.28004655861425637,207
511.0,524.0,20,180,30,68.24885393562721,64.30602750688696,0.424425884929717,207
511.0,500.0,20,240,20,68.34282498277386,58.64633445640584,0.3334641996414395,207
487.0,524.0,20,270,20,68.39070817236342,62.69407363588492,0.6511126068434264,207
523.0,512.0,20,240,20,68.40926361432527,59.09192791221146,0.2638640114151608,207
523.0,488.0,20,270,30,68.54278845172685,62.489029442441584,0.5419275470288513,207
487.0,488.0,20,270,30,68.62759702137153,62.73935559260003,0.7376462475868298,207
487.0,488.0,40,330,20,68.64263186202149,67.19727125235082,0.7351033517756432,207
511.0,536.0,45,330,20,68.70560535691524,66.53622932973825,0.6335266203880023,207
487.0,500.0,40,330,60,69.03033753373542,67.11949102478054,0.6574022048921982,207
499.0,488.0,45,270,30,69.03686964277935,67.06871738796048,0.696160490444658,207
487.0,500.0,20,180,30,69.0488806095469,67.24407333415296,0.6559733025015666,207
535.0,512.0,25,180,20,69.05873698178628,63.9511835796157,-0.46923661364219926,207
511.0,488.0,20,240,20,69.07031161119356,57.90575221836472,0.17703514828728872,207
535.0,524.0,20,330,30,69.13010423777425,62.12533097733686,0.22403076505370223,207
511.0,524.0,45,330,20,69.23474724857253,66.68476276531405,0.47157321552233455,207
535.0,500.0,20,240,30,69.28523784326696,60.39498929922938,0.023332046108968326,207
523.0,512.0,45,330,20,69.44115700201789,65.31021262968201,0.1371046525973203,207
499.0,512.0,20,180,30,69.45708818181195,67.31187530354978,0.5924944984210361,207
487.0,500.0,45,270,30,69.53657717387705,68.1616484855436,0.7736881369216924,207
487.0,524.0,45,270,20,69.74269162034356,67.30594039196006,0.6667351602258462,207
535.0,536.0,45,330,30,69.79548492178037,65.51647284300736,0.05937770347651575,207
535.0,524.0,45,330,20,69.85902395173386,64.25387453074218,0.15490465384152555,207
499.0,500.0,45,270,20,69.94922216377336,66.52350904266403,0.6357159951653103,207
535.0,536.0,25,180,20,70.02456415842903,62.836947290963074,0.1323327489055199,207
499.0,500.0,45,270,30,70.1422493206902,68.47934373473338,0.718911415783159,207
487.0,512.0,45,270,30,70.22369621694766,68.96158281642863,0.7718666782011571,207
511.0,488.0,45,270,20,70.26227696604964,65.06530635072095,0.48144476005575265,207
523.0,524.0,40,330,70,70.29489177008018,68.6711733565787,0.688855214828186,207
511.0,536.0,40,330,70,70.36753338651313,68.04603606364493,0.4981979562496593,207
523.0,536.0,40,330,70,70.53529647350067,68.77094750007001,0.651966947704474,207
511.0,512.0,45,330,20,70.54576956281471,67.77032940638976,0.34550678274997254,207
535.0,488.0,20,180,30,70.56051553591759,65.20853702057923,-0.6839585638703997,207
535.0,500.0,20,270,20,70.56443537451923,62.070286177755676,0.3082755885525644,207
535.0,512.0,45,330,20,70.565900503182,65.23484104126389,0.06412058966721211,207
499.0,512.0,45,270,20,70.58424147657679,67.71117249898909,0.6522746326597607,207
511.0,536.0,20,180,30,70.59578122196515,65.49562380953788,0.35852670633510986,207
535.0,524.0,20,240,20,70.63909913381866,60.395253279122116,-0.03559907705077846,207
511.0,524.0,40,330,70,70.70643677301028,68.83652560392362,0.6230034482290276,207
523.0,500.0,20,240,20,70.74048000294,59.54535093960997,0.13696671030179286,207
535.0,536.0,20,330,30,70.79004571298803,64.24382647440382,0.1078489777966781,207
535.0,524.0,25,180,20,70.84325600109457,64.73284362901816,-0.3246350191732286,207
523.0,512.0,40,330,70,70.85459331411224,69.54090546983662,0.7575282675970149,207
499.0,512.0,45,270,30,70.92110278018144,69.40913030706658,0.72614400328401,207
511.0,488.0,45,270,30,70.94221720530423,68.56746053547377,0.6297013443373237,207
511.0,500.0,45,270,30,70.96787687804186,68.73136604753141,0.5945962012824301,207
511.0,512.0,20,270,20,70.9818617101304,65.32192538584299,0.48208610969230753,207
523.0,524.0,45,330,30,71.02381827760908,68.45611866563979,0.42225010085907355,207
523.0,488.0,40,330,70,71.07701521234148,69.73651430196071,0.7466360907345382,207
487.0,488.0,45,270,40,71.11047190702577,70.077217424461,0.8141977412818425,207
499.0,536.0,40,330,70,71.24885164572012,67.75033741269333,0.13387014401962424,207
487.0,536.0,45,270,20,71.26611770312904,69.15607468780487,0.6759519262930302,207
535.0,536.0,40,330,70,71.2760465459899,69.75141002232833,0.7171718553990621,207
535.0,488.0,40,330,70,71.28566154257786,70.25297300158154,0.8162291766033083,207
535.0,536.0,45,270,70,71.30331621517513,69.1084033452382,0.6752617693263906,207
511.0,512.0,45,270,30,71.30879541875825,69.44984289536696,0.6440570669065686,207
523.0,512.0,20,330,20,71.33569937634947,65.22321098014976,0.020655501804630716,207
523.0,500.0,40,330,70,71.33932479577997,70.13746188110329,0.7777852207544534,207
499.0,536.0,45,330,20,71.34084813205368,70.01813862548117,0.7490990292060531,207
535.0,500.0,20,210,20,71.35153480656886,67.50981934754745,-0.8112446766748934,207
487.0,512.0,20,180,30,71.3640131310234,69.41626936503545,0.6235170262811196,207
535.0,512.0,40,330,70,71.39561318545746,70.30938041248963,0.8112350143992647,207
523.0,536.0,45,330,30,71.40775576771249,68.8931358625472,0.5005956992153755,207
535.0,524.0,40,330,70,71.44035905623774,70.13901839910386,0.7566835592575738,207
499.0,488.0,45,270,40,71.48451554285764,70.46694084525186,0.8145048415781567,207
535.0,512.0,20,180,40,71.53801611778269,66.16959088414744,-0.5954207451476999,207
511.0,488.0,40,330,70,71.53861791149178,69.68972613009014,0.6506936005465283,207
535.0,536.0,45,270,60,71.58086143306136,70.69444207559337,0.8390425278418648,207
487.0,488.0,40,330,60,71.58487129038329,69.8582767120168,0.7103650640471595,207
511.0,536.0,45,270,60,71.59632617503492,70.2363844163632,0.7442335671808721,207
499.0,524.0,20,180,30,71.65079731240881,68.42039989472673,0.49234982557495605,207
487.0,524.0,45,270,30,71.65326837166846,70.2881500963524,0.7404336029481932,207
535.0,500.0,45,330,20,71.67685660533637,65.88338075960023,-0.13719606114334143,207
535.0,500.0,40,330,70,71.70796800792503,70.78166457969868,0.841626028110393,207
523.0,500.0,45,270,30,71.72702495610021,68.76284655363041,0.44604072884959883,207
499.0,500.0,45,270,40,71.76995486749104,70.64649022044696,0.7977002359462441,207
511.0,524.0,45,270,60,71.77252332031748,70.44225661505646,0.7962029450515585,207
487.0,500.0,45,270,40,71.825541405937,70.83158630989156,0.8248793378374437,207
511.0,500.0,45,270,20,71.83705226473052,67.65193721098443,0.46794409393943054,207
523.0,536.0,45,270,60,71.86079076371863,70.69364184187972,0.7808582704096076,207
523.0,512.0,20,270,20,71.86719216830801,65.43513776331848,0.29497413089171093,207
511.0,500.0,45,270,40,71.88337244458597,70.51186836616068,0.739046540445888,207
523.0,512.0,45,270,30,71.9088647097241,69.27965724287841,0.4789689706597964,207
511.0,512.0,40,330,70,71.9185639675061,70.38299870622289,0.6994597990702835,207
511.0,512.0,45,270,20,71.94623366984,68.48241631137863,0.49211035949611337,207
535.0,512.0,45,330,30,71.95744213776248,68.74121812735544,0.29603734079076555,207
535.0,524.0,45,330,30,71.96235142780729,68.74552609186829,0.3795328448191931,207
523.0,512.0,25,180,20,72.00984743612992,66.02256809113477,-0.26450548657206446,207
535.0,488.0,20,240,30,72.03304755749608,61.59385827277179,-0.1492236825732407,207
523.0,512.0,45,270,40,72.10910848213854,70.62724945380232,0.7158591177488441,207
499.0,524.0,45,270,20,72.14485350293756,69.45485650792894,0.625386873072166,207
511.0,488.0,45,270,40,72.16735885209035,70.98936464588708,0.7779265261694958,207
523.0,512.0,45,330,30,72.22754038446782,69.66112968931135,0.38996939551433557,207
499.0,524.0,45,270,30,72.23617911545269,70.75806498403361,0.7183733151361955,207
499.0,512.0,20,270,20,72.23991582797379,65.4548762069129,0.6122042700709689,207
523.0,500.0,45,270,40,72.26187635482835,70.67659591053237,0.6841595285657733,207
499.0,536.0,45,270,60,72.27642691163624,70.1723416893941,0.5460292234958373,207
499.0,524.0,45,330,20,72.29598383038062,71.02301507438163,0.7591588624205283,207
535.0,500.0,45,330,30,72.29622788904973,68.63607886678435,0.059032764475309474,207
499.0,524.0,45,270,60,72.3123815224316,70.41302602746805,0.6395797040062525,207
499.0,524.0,40,330,70,72.35275388605828,69.16162911455956,0.39221322892733157,207
511.0,536.0,45,270,50,72.37489779135463,71.40948663493664,0.8586262225149947,207
535.0,488.0,45,330,20,72.4123981165766,66.6795969170105,-0.24542076699584098,207
523.0,524.0,45,270,60,72.41832085008149,71.45441092209407,0.8590484339550638,207
535.0,536.0,45,270,50,72.42069097063559,71.71863663332533,0.8904937323243373,207
511.0,512.0,45,270,40,72.42669662035972,71.29617066735605,0.7981246247131599,207
511.0,524.0,45,270,30,72.42979148785702,70.8578493142604,0.6954964129552074,207
523.0,500.0,45,330,20,72.43333803972871,68.17542889195389,0.039378595656170745,207
523.0,524.0,45,270,40,72.44520870966161,71.26028443245211,0.7905228247386098,207
499.0,512.0,45,270,40,72.44573892746897,71.31669245786826,0.7998800157479622,207
487.0,512.0,45,270,40,72.45412685926927,71.38115586396022,0.8204191672462554,207
523.0,524.0,45,270,30,72.46709693018425,70.62857456907172,0.6315732376105226,207
535.0,512.0,45,270,40,72.46919554245567,71.12976278973419,0.7466501074178427,207
535.0,524.0,45,270,70,72.47960184436027,70.78294685810671,0.706265065441362,207
511.0,500.0,40,330,70,72.50671869876298,70.84633559269699,0.6743732858338316,207
499.0,536.0,45,270,50,72.56349014793616,71.12927806221434,0.7674231933589872,207
523.0,536.0,45,270,50,72.57690157226774,71.76228270756123,0.8737378546946544,207
535.0,524.0,20,180,40,72.59779960051927,66.3234353630819,-0.610073508178459,207
487.0,536.0,45,270,50,72.60651208092226,70.7633646655594,0.6741934926186948,207
535.0,488.0,45,330,30,72.61857451098089,68.74978381433289,-0.057268844515471075,207
487.0,524.0,45,270,60,72.62001327162308,70.22451763565812,0.449073229962435,207
535.0,536.0,45,330,40,72.62376746994501,69.92775795194027,0.35680137277103074,207
487.0,524.0,45,270,40,72.62737593079568,71.37775696468874,0.7979437560442797,207
511.0,524.0,45,270,50,72.6298391912007,71.53168547196259,0.8696828810972947,207
535.0,524.0,45,270,40,72.67271620987009,71.48169788359688,0.7849257028184814,207
499.0,524.0,45,270,50,72.70114099801899,71.3442774369903,0.8255591693405778,207
511.0,524.0,45,270,40,72.73456937635376,71.61731769213377,0.806593482216126,207
499.0,524.0,45,270,40,72.73670284334432,71.55162462741934,0.7949891748659208,207
523.0,524.0,25,180,20,72.76077383436602,66.32431102380346,-0.1408902665483978,207
487.0,536.0,40,330,70,72.76832545989373,67.6963024219292,-0.3649330254647883,207
487.0,536.0,45,270,60,72.80112566456422,69.85196465815189,0.232277576025799,207
535.0,524.0,45,270,60,72.84594193926031,72.03105219640769,0.8638622469404428,207
487.0,524.0,45,270,50,72.87307474494632,71.1797018688298,0.736289094184717,207
511.0,500.0,45,330,20,72.88424604248729,70.07925715214509,0.3286194189057621,207
535.0,500.0,45,270,40,72.897113925441,71.4621817106251,0.7169592912362696,207
523.0,536.0,45,270,40,72.93980410303051,72.01006763331144,0.8364129529619766,207
535.0,500.0,20,180,40,72.95259299113602,68.66469616637654,-0.6555358697853753,207
523.0,524.0,45,270,50,72.98888888826428,72.03640873278997,0.881460413169279,207
487.0,536.0,45,270,30,72.9938667457974,71.57999333268707,0.7212660993756028,207
535.0,536.0,45,270,40,72.99483223684838,72.04204847515949,0.8284962319503594,207
523.0,488.0,45,270,30,73.00515705835285,70.47154272876126,0.6276391646328312,207
523.0,500.0,45,330,30,73.07204833092887,70.28012108313347,0.28428459479056906,207
511.0,536.0,45,270,40,73.12212285998712,72.10205633843276,0.820591991202282,207
499.0,536.0,45,270,40,73.1747163795366,71.93479711169654,0.7784333589268758,207
487.0,536.0,45,270,40,73.17949585471862,71.73284926546854,0.7507383462585115,207
499.0,512.0,45,330,20,73.27357539328848,72.03259281276873,0.7833864746483484,207
523.0,488.0,45,330,20,73.28637874877718,68.58631373437447,-0.11985564170955477,207
523.0,488.0,45,270,40,73.31011918640134,72.09472043645538,0.7701311882438208,207
535.0,524.0,45,270,50,73.3307574345935,72.52772205814935,0.8914844734554026,207
535.0,500.0,45,330,40,73.34323374735597,71.17802326975053,0.52991877756537,207
511.0,524.0,45,330,30,73.34428375549406,71.40335977967173,0.5837108546800104,207
499.0,536.0,20,180,30,73.34940185251858,69.13481097411955,0.38579670802835914,207
535.0,500.0,25,180,20,73.36683918831694,68.99491106765463,-0.6253154464885173,207
511.0,536.0,45,330,30,73.41017191533503,71.55287546127023,0.6162154068352973,207
535.0,524.0,45,270,30,73.4164693649537,71.58090662082894,0.6318743038014439,207
535.0,512.0,45,270,30,73.43127249353286,71.03063069639893,0.5199817178635197,207
487.0,512.0,20,270,20,73.45909104029217,66.59852406026988,0.6652310352617407,207
511.0,512.0,45,270,50,73.48673014241162,72.49617976047497,0.8789714950637055,207
511.0,524.0,45,270,20,73.52326822471383,70.5794959216516,0.5425379966672549,207
535.0,488.0,45,330,40,73.53845366155691,71.05574361258117,0.4018201256536592,207
511.0,524.0,45,270,70,73.5782669230471,71.09725685121718,0.47997938555379116,207
535.0,500.0,45,270,30,73.5879897808269,70.86534749300694,0.49637368253092445,207
523.0,524.0,45,270,70,73.60381099154804,71.89780881892543,0.6695790076148448,207
499.0,536.0,45,270,30,73.60984404842452,72.11399062111553,0.703372388038328,207
523.0,536.0,45,270,70,73.61941972752685,70.91668290508669,0.5506019146924844,207
499.0,512.0,45,270,50,73.62588716925809,72.45996664644407,0.838977544264321,207
535.0,536.0,20,180,40,73.65158717391094,65.97209368014772,-0.25923991337021457,207
535.0,512.0,45,330,40,73.65229752572895,71.63781370272332,0.5597090867699466,207
523.0,512.0,45,270,50,73.6954720387342,72.6532054411542,0.8586551216436651,207
511.0,512.0,45,330,30,73.74138373979835,71.6193094057658,0.5346216809569028,207
523.0,488.0,20,180,40,73.79458733985416,70.94982156627016,-0.27315836763318563,207
523.0,500.0,20,180,40,73.81553592332763,69.96714340399133,-0.2730671532744882,207
499.0,524.0,45,270,70,73.82446768903768,70.41556973589701,0.19298985588108755,207
535.0,512.0,20,240,20,73.8265514535042,62.66844939756866,-0.11026485344218198,207
523.0,488.0,45,330,30,73.84144138037614,70.99353131431499,0.24316354672455126,207
499.0,512.0,45,270,60,73.86467381729705,72.54576048315226,0.8239993585081393,207
511.0,512.0,45,270,60,73.88246603186116,72.84966934828068,0.874068017488039,207
523.0,512.0,45,270,60,73.88286790698331,72.98701313491611,0.8825810557183663,207
499.0,536.0,45,270,20,73.89052495671858,71.2588149799389,0.6021789450552538,207
511.0,536.0,45,270,30,73.89370042365019,72.50127037889223,0.7282279644725771,207
535.0,536.0,45,270,30,73.92828204484513,72.37311188257861,0.692409349707244,207
487.0,512.0,45,270,50,73.94479411320394,72.63032007942036,0.8037690603322486,207
487.0,524.0,20,180,30,73.9610100509463,71.23546306159722,0.5267709207661861,207
523.0,536.0,45,270,30,73.97171600934884,72.57548667858802,0.7271188160592639,207
523.0,500.0,45,330,40,73.97913986582877,71.9657667139419,0.5879739634019908,207
511.0,500.0,45,270,50,74.0008800194226,73.03214441285962,0.8758649108558465,207
523.0,500.0,45,270,20,74.01435799735063,68.92625262460324,0.25077783513351704,207
535.0,512.0,45,270,70,74.02635484190557,72.95335559107895,0.7949475626380593,207
499.0,500.0,45,270,50,74.02725939932152,72.95073769769192,0.8496136613989331,207
487.0,512.0,45,270,60,74.02890951609784,72.34463620313161,0.7044037607595796,207
535.0,512.0,45,270,50,74.1020124903138,73.27156113196253,0.8867551118357428,207
535.0,488.0,45,270,40,74.109335580317,72.66582849752098,0.7234129161164348,207
511.0,488.0,20,180,40,74.10977649834433,71.32146224024717,0.17069912982319535,207
523.0,512.0,45,330,40,74.12094720135298,72.2022714013786,0.5990381676669975,207
523.0,524.0,45,330,40,74.12325160555096,72.16268629595747,0.5729323581333811,207
499.0,512.0,40,330,70,74.14574492227337,71.55912076883851,0.5559472207493391,207
523.0,512.0,45,270,20,74.15063032172903,69.5789248399237,0.28372928029459116,207
523.0,512.0,20,180,40,74.16268587015657,70.04956032155194,-0.011399744704272725,207
535.0,488.0,20,180,40,74.16329866749312,71.08126003141273,-0.60281269075851,207
511.0,488.0,45,330,20,74.1856956989616,71.18457950724351,0.27080958733125055,207
523.0,524.0,20,330,20,74.19121263483406,67.53931775568464,0.1508700009579765,207
511.0,536.0,45,270,70,74.20229975537107,71.06713709874468,0.4375371292439809,207
523.0,536.0,25,180,20,74.20291288937156,68.82033493810735,0.2416431392480825,207
523.0,512.0,45,270,70,74.22362168276278,73.00406517339894,0.7612074304469706,207
523.0,500.0,45,270,50,74.24962563398299,73.23831142564059,0.8545904431905427,207
535.0,488.0,45,270,30,74.29957067716376,71.09224608533438,0.4910099018347373,207
523.0,488.0,45,330,40,74.30764878012263,72.37300286488332,0.6294538133257847,207
499.0,488.0,45,270,50,74.36457274226875,73.37617436198362,0.8568112017402083,207
523.0,524.0,45,270,20,74.39474749544407,71.2181593094555,0.4733242386748215,207
523.0,488.0,45,270,20,74.4179194187331,69.23303774778566,0.45258576342050577,207
535.0,512.0,45,270,60,74.43306408277535,73.73019977346135,0.8944530698050015,207
487.0,500.0,45,270,50,74.48378450075482,73.3687493983392,0.8197194172846983,207
487.0,524.0,40,330,70,74.49777959940135,70.94200054443256,0.29483698105203804,207
535.0,524.0,45,330,40,74.55610707854515,72.51496879090472,0.5907949028939248,207
523.0,536.0,45,330,40,74.55814910331368,72.6338905960545,0.5865921218767209,207
511.0,500.0,45,330,30,74.5698811701139,72.55249992650062,0.5619789827871672,207
487.0,524.0,45,270,70,74.67721470604845,70.59188701140742,-0.039598600816907,207
511.0,488.0,45,270,50,74.69365930002294,73.86032471424417,0.8716331201728045,207
487.0,488.0,45,270,50,74.7697613625677,73.7690875679939,0.8306780986438973,207
535.0,500.0,45,270,50,74.81081903865065,73.90051557128048,0.8564736038310687,207
523.0,488.0,20,210,20,74.84666115715252,71.41726297946697,-0.6617700783309585,207
511.0,536.0,45,270,20,74.91405408384692,72.5002090657731,0.6215682639225191,207
499.0,536.0,45,270,70,74.94957006432959,71.18477416918118,0.20338492609591977,207
523.0,524.0,20,180,40,74.98264663531818,69.5985490262994,-0.1271587587522489,207
499.0,488.0,20,180,40,74.98485938400219,72.63307525410293,0.43461971406776545,207
523.0,488.0,20,240,20,75.00635841993041,63.62423451365341,-0.11713804693507245,207
499.0,488.0,40,330,70,75.07962081814028,72.46848656768877,0.5745418120419665,207
511.0,500.0,45,330,40,75.10588190135839,73.34382599411335,0.638280033408077,207
535.0,488.0,45,330,50,75.16279074823053,73.47237565340127,0.7453331780007302,207
511.0,488.0,45,330,40,75.16480140496454,73.64977406311915,0.721624960460505,207
535.0,512.0,20,210,20,75.16550998668289,70.51509426611695,-0.7853331539301526,207
511.0,488.0,45,330,50,75.20016016019032,73.81838722274222,0.7477406478756519,207
499.0,500.0,40,330,70,75.2011593178238,72.86184150115506,0.5609531628398646,207
511.0,512.0,45,330,40,75.2547127224645,73.34291395261562,0.5803422692710284,207
523.0,488.0,45,270,50,75.25588010470248,74.52253982350965,0.8802927937017847,207
523.0,488.0,45,330,50,75.2856180901196,73.82544565269981,0.7673258818375824,207
511.0,488.0,45,330,30,75.32576952925741,73.37880180314023,0.573289479557539,207
535.0,488.0,20,270,20,75.34168522076388,65.69034463952629,0.24009279798343805,207
499.0,500.0,45,270,60,75.36416238545539,74.26418456613433,0.8616407127583608,207
499.0,500.0,45,330,50,75.38760484015816,73.77378223905787,0.6600906779199943,207
511.0,524.0,45,330,40,75.42908088097607,73.54802902593836,0.5849331331807416,207
499.0,488.0,45,330,50,75.43769221148733,74.06150354882215,0.7204063888128827,207
511.0,500.0,20,180,40,75.44576444910282,73.01463963021833,0.40370000699406977,207
499.0,500.0,45,330,20,75.47912456862747,73.95521214703959,0.6871663416298841,207
487.0,500.0,45,270,60,75.48187251979986,74.27114905774705,0.8147356816311636,207
487.0,488.0,20,180,40,75.49855667497538,73.69015543339623,0.6116436130580281,207
511.0,500.0,20,270,20,75.51157337427728,68.17749483713781,0.44618474844281514,207
511.0,500.0,45,270,60,75.56069157074474,74.60988029066493,0.8922773998283662,207
511.0,500.0,45,330,50,75.59691786223641,74.10067718364745,0.7090557584858088,207
499.0,512.0,45,270,70,75.61224815008616,73.4707221060784,0.5016527724668044,207
511.0,512.0,45,270,70,75.61259712875041,74.12711279640156,0.6923355265861405,207
535.0,536.0,45,330,50,75.62932068570731,73.85772598179442,0.6294282468822096,207
523.0,536.0,20,330,20,75.636796799199,68.67356965449822,0.4065686345549167,207
523.0,500.0,45,330,50,75.64405464470266,74.15387887298726,0.7461085800103893,207
511.0,536.0,45,330,40,75.66697014397381,73.76913746180885,0.5791727200839079,207
499.0,536.0,45,330,60,75.6701395684219,73.39085711696895,0.45004459911825845,207
487.0,536.0,20,180,30,75.68743030345323,72.14189210517875,0.3875631375912473,207
535.0,500.0,20,330,20,75.71750573108791,65.60429262213219,-0.19616830576943234,207
523.0,500.0,25,180,20,75.7226927754523,70.31707461824587,-0.5220623423265628,207
499.0,536.0,45,330,30,75.72576643025843,74.09543422206804,0.6534914633716098,207
535.0,500.0,45,330,50,75.75755022906701,74.30570584470904,0.775427778096374,207
499.0,524.0,45,330,30,75.78442435311854,74.24338140461953,0.6785761946363432,207
499.0,512.0,45,330,50,75.79295186210862,74.0612483994174,0.6253634474416881,207
487.0,536.0,45,330,20,75.8145876640351,74.65686368217406,0.7694938084078824,207
487.0,512.0,40,330,70,75.8510593992504,71.42020195944194,0.23573001051114045,207
523.0,500.0,45,270,60,75.86807841375982,75.04741310680318,0.9052633916811974,207
499.0,512.0,45,330,30,75.89794197701772,74.40617639286017,0.7053809840744628,207
523.0,512.0,45,330,50,75.99338274096327,74.48046571537238,0.7123050920374481,207
511.0,512.0,45,330,50,76.00943081653044,74.43387822782243,0.6775639754509423,207
499.0,488.0,45,330,40,76.0186352141308,74.70059165196729,0.7413457043560778,207
499.0,536.0,45,330,50,76.04268065474393,73.92013717760041,0.5027919992813935,207
535.0,500.0,45,270,60,76.05732182131035,75.35708546796046,0.8984087452885184,207
523.0,536.0,45,270,20,76.08506600361908,73.6796922210574,0.5914077940035626,207
487.0,536.0,45,330,60,76.08726727937994,72.94711628676136,0.12225615118696813,207
535.0,512.0,45,330,50,76.11301517198486,74.64117285528103,0.7193921323038821,207
487.0,512.0,45,330,50,76.12700962761443,74.27421459435526,0.5981844189265837,207
523.0,524.0,45,330,50,76.13159472754667,74.57595878493476,0.6882298623476664,207
499.0,500.0,45,330,40,76.16266584476325,74.50466846530593,0.6450796249654944,207
511.0,524.0,45,330,50,76.21037181424796,74.5474855623592,0.650910121303715,207
487.0,536.0,45,330,50,76.24180916504865,73.86522211628106,0.4199701836183955,207
523.0,500.0,20,270,20,76.2676115366431,67.66174762925019,0.2579930946922173,207
523.0,536.0,20,180,40,76.32205673472765,70.3972565743969,-0.07786304055064462,207
535.0,488.0,45,270,50,76.33577779096153,75.66224618821614,0.8766455778247045,207
487.0,512.0,45,270,70,76.39590086407819,73.65878613285942,0.28682442211498316,207
499.0,512.0,45,330,40,76.41176700206475,74.59983467190338,0.5981290002571943,207
499.0,524.0,45,330,50,76.42131224216853,74.65178682125628,0.6114736580184114,207
511.0,536.0,45,330,60,76.42437532558246,74.7046843591584,0.6409007358887565,207
511.0,536.0,45,330,50,76.47638525604522,74.71463253115331,0.6171583958531827,207
523.0,536.0,45,330,50,76.54938359341726,74.9667503791464,0.6646750762987751,207
523.0,500.0,45,270,70,76.55911086429171,75.61225793095579,0.8337318890659544,207
535.0,488.0,45,270,20,76.56666644826709,70.16617827105301,0.26231143843572396,207
487.0,524.0,45,330,20,76.57671283424546,75.40037651705397,0.7629203931981123,207
499.0,488.0,45,330,20,76.58204011071788,74.82369010517199,0.6124036876891991,207
511.0,524.0,45,330,60,76.61249641837098,75.14602618501048,0.7089590690943097,207
535.0,500.0,45,270,70,76.61468467070284,75.72664097284262,0.8263299314816737,207
499.0,500.0,45,330,30,76.64672882728215,75.18691437761872,0.7127623250095824,207
487.0,500.0,45,330,50,76.69289309164022,75.15336420253061,0.6757837060302514,207
511.0,512.0,25,180,20,76.70345853475023,73.74178046919452,0.3315899708954515,207
499.0,500.0,20,180,40,76.74367342484004,74.62375060392506,0.5016755560349591,207
499.0,524.0,45,330,60,76.75093948021174,74.83708315486564,0.5800671107482592,207
499.0,488.0,45,270,60,76.79347600572405,75.80143145758704,0.8782241218516021,207
535.0,512.0,20,330,20,76.83092186659829,68.17518454467962,0.09849973602766161,207
511.0,512.0,20,180,40,76.87082266419553,74.1072140133747,0.3796513652296532,207
499.0,524.0,45,330,40,76.91086940897513,75.07197365127693,0.5896580300151584,207
535.0,500.0,45,270,20,76.96128631636151,72.29340083056749,0.31509758832193435,207
535.0,536.0,45,270,20,77.00319267088751,74.20075206312575,0.48854154323578025,207
499.0,500.0,45,270,70,77.02401569895457,75.64054406335775,0.7414363798874392,207
487.0,524.0,45,330,50,77.02898823873115,75.24462931488382,0.6187247800900967,207
499.0,536.0,45,330,40,77.03657341046657,75.05239339491793,0.5411796097046895,207
511.0,488.0,45,270,60,77.0547758996275,76.17177284699538,0.9004741221846637,207
487.0,512.0,45,330,20,77.05959758872456,76.032862191525,0.7991635069385971,207
487.0,488.0,45,330,40,77.0963100837954,75.79874733771231,0.7315570507279884,207
511.0,512.0,45,330,60,77.15609496644988,75.8669751083005,0.7465781916309828,207
487.0,488.0,45,270,60,77.16008310762875,76.14490453329991,0.8271168029401448,207
535.0,488.0,20,330,20,77.18811101090051,67.52460607229747,-0.3121450258181448,207
535.0,524.0,45,270,20,77.19428129780637,74.0348722620109,0.44683300211003196,207
511.0,488.0,45,330,60,77.21040132929016,75.90409392193783,0.7420776630548355,207
523.0,488.0,45,330,60,77.22506493039522,76.06848467714565,0.8020357511376828,207
511.0,500.0,45,270,70,77.23747174250877,76.06057560687687,0.7917557963829973,207
487.0,500.0,45,330,40,77.23868488455804,75.66867643020117,0.6625915542911204,207
523.0,524.0,45,330,60,77.25586358018953,75.93383104569683,0.7571902937734206,207
499.0,488.0,45,330,30,77.26278389677674,75.95799329443012,0.7501562084886348,207
523.0,500.0,45,330,60,77.32816190375233,76.19112508908252,0.8118321884896976,207
535.0,524.0,45,330,50,77.33569465041612,75.96089842280774,0.7152367707080493,207
487.0,512.0,45,330,40,77.33913211691977,75.47774432372073,0.5813442026653162,207
523.0,512.0,45,330,60,77.35140036605517,76.18406651478819,0.7986937572999698,207
511.0,500.0,45,330,60,77.41049717431926,76.11058185279074,0.7409979247543114,207
523.0,536.0,45,330,60,77.49528593197198,76.06140484422033,0.7130772950532589,207
499.0,500.0,20,270,20,77.52608724496687,70.0307154047,0.5904346590628639,207
487.0,500.0,45,270,70,77.54869963822497,75.92462357228412,0.6741107667796373,207
487.0,500.0,20,180,40,77.56635808456886,75.57741642808408,0.5443652155055447,207
523.0,488.0,45,270,60,77.57056531447387,76.84565958987888,0.9155727979529913,207
535.0,488.0,45,330,60,77.6313248725363,76.50573930870318,0.8470186448069076,207
487.0,488.0,25,240,70,77.65020525752665,74.22005887277473,0.12451872172352381,207
499.0,512.0,45,330,60,77.7265812911275,76.18469544827198,0.669049996654901,207
487.0,536.0,45,270,70,77.76499365922177,73.08064433458439,-0.09591155042507228,207
523.0,488.0,20,270,20,77.7854150006213,68.21064422123335,0.3379515050679247,207
511.0,524.0,25,240,70,77.82330062994025,76.21827314615723,0.6587373355533581,207
535.0,488.0,45,270,60,77.83803920774005,77.2863309889654,0.9169104493905214,207
487.0,500.0,20,270,20,77.91158575442957,69.67711140512509,0.6857726425160308,207
487.0,500.0,25,240,70,77.98229858862884,74.49345316360477,0.07942794156184459,207
535.0,536.0,25,240,30,77.99037005055933,73.40663231229912,0.250028663873965,207
487.0,488.0,45,330,50,77.99220701137878,76.7441771279513,0.7404159268461391,207
499.0,500.0,45,330,60,77.99708341474445,76.3608368204629,0.6424630428091801,207
535.0,488.0,45,270,70,78.01149182097093,77.30389891151013,0.8635486576994643,207
535.0,536.0,45,330,60,78.02259464480645,76.64315321128488,0.7385537916853975,207
487.0,524.0,45,330,60,78.07607951446838,75.96013757199094,0.5284141585993779,207
487.0,512.0,45,330,30,78.10024100227622,76.64119484953419,0.6891499067594675,207
535.0,500.0,45,330,60,78.14007810375755,77.118545696491,0.8531267189306924,207
535.0,512.0,45,270,20,78.15345231000457,73.98844780652645,0.2885960069914167,207
535.0,512.0,45,330,60,78.243706550034,77.16960268273618,0.8193293776632449,207
487.0,524.0,45,330,40,78.28825293056906,76.44097703887041,0.5880332090152691,207
523.0,488.0,45,270,70,78.37027741322534,77.57421709811929,0.874447229135774,207
487.0,500.0,25,240,60,78.37814128807928,75.97950777443585,0.3958814950983487,207
487.0,500.0,45,330,20,78.44221077470146,77.37040147225426,0.7875572790075897,207
487.0,512.0,45,330,60,78.47924377294258,75.99467850601388,0.45226057745888415,207
487.0,536.0,45,330,40,78.51525631556353,76.30981947818306,0.46669065143155614,207
511.0,524.0,25,180,20,78.5360023376697,75.39849605216286,0.4479818562441944,207
487.0,524.0,45,330,30,78.5419422673468,77.00463328791479,0.6625087608421288,207
487.0,500.0,45,330,30,78.55104505509311,77.30066916331562,0.7410867680777943,207
511.0,536.0,25,240,70,78.56869485716538,77.06298005084142,0.7163706561412292,207
511.0,500.0,25,180,20,78.57109610236856,74.95849247946745,-0.017896428414967698,207
487.0,500.0,40,330,70,78.57512692175116,75.57536072285502,0.4821070185688157,207
487.0,536.0,45,330,30,78.59479992666178,76.94218785181022,0.6297499814322339,207
499.0,512.0,20,180,40,78.62455531702253,76.03101119314923,0.43422115528284755,207
487.0,488.0,25,240,60,78.62498684155206,76.15310833841447,0.3731327907041792,207
511.0,512.0,25,240,70,78.64022695329896,76.83274495280865,0.5955237815997607,207
511.0,524.0,20,180,40,78.6583657647976,75.01370356091657,0.2710938157981442,207
499.0,488.0,45,330,60,78.6595806908253,77.12289922436177,0.6715138400719025,207
511.0,488.0,45,270,70,78.69723955138308,77.68267209044193,0.841941585698121,207
499.0,500.0,25,240,70,78.72887746846763,76.1935021804857,0.3808582150320783,207
499.0,488.0,45,270,70,78.76857807851586,77.69599449251163,0.8402319737230202,207
487.0,488.0,45,330,30,78.79369147522463,77.67902996046732,0.779574992207588,207
499.0,512.0,25,240,70,78.92724246274595,76.41722924760371,0.389075822102321,207
535.0,524.0,45,330,60,78.93004575843747,77.87923702720796,0.7880404377738814,207
535.0,536.0,25,240,40,78.94480912826452,76.05156444026127,0.4701103382866283,207
523.0,536.0,25,240,70,79.06908620294966,78.02699723935778,0.8440114062619596,207
511.0,488.0,20,270,20,79.10914131156302,69.61074807344644,0.482520009587964,207
487.0,512.0,25,240,60,79.12212620033037,76.8055395245245,0.43726813254722124,207
511.0,536.0,20,180,40,79.17696411164542,74.28919692813255,0.05584626743335841,207
535.0,536.0,25,240,70,79.20379561926157,78.28286410325421,0.8780295007637255,207
523.0,524.0,25,240,70,79.21155506740728,78.26709825023646,0.8142440116953195,207
487.0,512.0,25,240,70,79.23898957364311,75.24953519127949,0.01976024492764429,207
499.0,536.0,25,240,70,79.28190451922279,75.28777762867033,0.004678781787479615,207
523.0,536.0,25,240,30,79.29833258684475,75.7408830397424,0.4097197843445232,207
499.0,488.0,25,240,70,79.36072676750949,76.76684094957974,0.36353027600982374,207
499.0,524.0,25,240,70,79.41026057617846,76.90131770785676,0.45077396814254006,207
499.0,512.0,25,240,60,79.4312630661649,77.44644376774687,0.5434375218223445,207
487.0,524.0,25,240,60,79.44174619511898,76.958784433578,0.4179107020280654,207
499.0,536.0,25,240,60,79.51891489180194,76.72192600164136,0.39820154560982013,207
487.0,488.0,45,330,20,79.54888981635372,78.28625597638131,0.7350486662281496,207
499.0,500.0,25,240,60,79.63664360143208,77.57330405637552,0.5116198970931473,207
487.0,488.0,45,270,70,79.65206730380325,78.61471184167708,0.8106556010729079,207
535.0,524.0,25,240,40,79.83414258500443,76.87702439273322,0.47604292958111794,207
487.0,512.0,20,180,40,79.88165083239079,77.24184002599382,0.44323401154121844,207
487.0,488.0,25,240,30,79.92550943316368,77.35891019617476,0.6584922829587101,207
487.0,536.0,25,240,60,80.00695142737572,76.02043574011454,0.10616131512829807,207
499.0,488.0,25,240,60,80.02761413339176,77.896318395351,0.49406520052162983,207
523.0,500.0,20,210,20,80.03735300914488,76.11639744389782,-0.5645042622872819,207
511.0,524.0,25,240,60,80.04854281383689,78.54374096931761,0.6762223365341637,207
535.0,500.0,20,240,20,80.05140034528132,69.1198279033305,-0.32764025642539674,207
511.0,500.0,25,240,70,80.06526931869126,78.39160556825863,0.62016802577347,207
499.0,524.0,25,240,60,80.19324551983627,78.43345694085977,0.6253243833295963,207
535.0,500.0,20,180,50,80.23149030312983,75.68055337009196,-0.4067979301601765,207
523.0,536.0,25,240,40,80.23898585923997,77.65679520379062,0.5383329433797988,207
487.0,488.0,25,240,50,80.31489443873846,78.39002355350863,0.5458533149105264,207
487.0,488.0,40,330,70,80.3337899764898,77.468537661208,0.5870583907049405,207
511.0,536.0,25,240,30,80.34209915146674,77.39888891666037,0.49681802607941855,207
487.0,488.0,25,240,40,80.38180269322214,78.81721343041175,0.6762865972181139,207
535.0,512.0,20,180,50,80.46261575667951,74.465119895554,-0.4549407549582683,207
487.0,500.0,45,330,60,80.47189735984036,78.87128764242851,0.6474278752578208,207
487.0,536.0,25,240,70,80.48344202570382,73.86891289710499,-0.3437840941507594,207
535.0,488.0,20,240,20,80.49336509912499,69.47445537690109,-0.3880547745121799,207
523.0,512.0,25,240,70,80.49511704672696,79.28551782804608,0.7426317996592462,207
511.0,512.0,25,240,60,80.53724225588445,78.79730172434253,0.608417511779227,207
499.0,488.0,25,240,40,80.5902120790744,78.85330310387458,0.6741811249108773,207
487.0,524.0,25,240,70,80.60977092852288,76.38627494349142,-0.02986239622832035,207
535.0,488.0,20,180,50,80.6262940462231,77.71690212914596,-0.3645378234117061,207
535.0,524.0,20,210,20,80.6468647349369,75.57913588500628,-0.606821406685409,207
523.0,488.0,20,180,50,80.75143887211284,77.61086501935908,0.08683618384069965,207
523.0,536.0,25,240,60,80.80445409604393,79.72253928430516,0.7926926215108621,207
487.0,500.0,25,240,40,80.84926894865036,79.27367482448267,0.6645952809846492,207
499.0,524.0,20,180,40,80.86918506585418,77.47557496052305,0.3114591085333996,207
487.0,500.0,25,240,50,80.89195012754253,78.95134552367041,0.539662367069111,207
511.0,488.0,20,180,50,80.89306377325394,78.55435410061997,0.3813905237172513,207
523.0,524.0,45,330,70,80.9011562685177,79.45626177080496,0.682609406875595,207
511.0,488.0,25,240,70,80.96230854851164,79.05685688606242,0.5551109217134174,207
523.0,524.0,25,240,40,81.02576699590449,78.43071538072783,0.5489702838244578,207
535.0,536.0,25,240,50,81.04850119729193,79.12623729205401,0.626639934590501,207
499.0,488.0,20,180,50,81.08212627279308,79.03727354509098,0.4875862418576892,207
511.0,536.0,25,240,60,81.11111172502758,80.05009628519672,0.8022975404713752,207
535.0,524.0,25,240,70,81.14504563039445,80.27505245649779,0.8428999120449073,207
523.0,536.0,45,330,70,81.17601480151579,79.66259903147271,0.6638313639673336,207
499.0,488.0,20,270,20,81.17690278510524,72.04768780279113,0.5402043990422132,207
511.0,524.0,25,240,30,81.20880413165293,78.1607067296334,0.4987685446474926,207
499.0,500.0,25,240,40,81.21388811691087,79.36214728653707,0.6386682765315798,207
511.0,536.0,45,330,70,81.2160535937986,79.25001599876946,0.5097180361994207,207
511.0,524.0,25,240,40,81.22456100738631,78.75906374345593,0.5508013637841684,207
499.0,536.0,20,180,40,81.22519689167221,76.86035430642013,0.05915498544667137,207
487.0,536.0,25,240,50,81.22855800133262,78.59128078939,0.40250053505195665,207
511.0,500.0,25,240,60,81.25009318621433,79.47637649339556,0.598160507376909,207
511.0,536.0,25,240,40,81.29166427209657,79.02029441285411,0.5950370765125874,207
523.0,524.0,25,240,60,81.29586331918743,80.03737145340716,0.7372920700998915,207
499.0,536.0,25,240,40,81.3660460684775,79.10576801727696,0.5658055239547785,207
523.0,524.0,25,240,30,81.36952582885537,77.85590236690508,0.43045072622859476,207
487.0,500.0,25,240,30,81.38134083084842,79.217906232167,0.659931358214526,207
499.0,512.0,25,240,40,81.41915290340269,79.3585794412225,0.5923949538582407,207
499.0,488.0,25,240,50,81.42047433737352,79.46789479008488,0.5689444284653643,207
511.0,524.0,45,330,70,81.42479058788261,79.69575354793935,0.5882311864467612,207
535.0,524.0,25,240,30,81.43222840924277,76.83582843204262,0.28177496466488683,207
523.0,536.0,25,240,50,81.44553292119568,79.54553408974198,0.6408574230058904,207
523.0,512.0,45,330,70,81.45358539546729,80.2722831198235,0.7557364979231681,207
511.0,488.0,25,240,60,81.47715211413211,79.5440200494767,0.5663470320196127,207
535.0,512.0,25,240,40,81.47897760953069,78.32816737880125,0.4828714658838792,207
487.0,536.0,25,240,40,81.48853138078714,79.30808559230223,0.5391301164185487,207
511.0,488.0,25,240,40,81.52184936967542,79.02304587748394,0.5977256456002648,207
523.0,500.0,20,180,50,81.52375649702046,78.19517099268607,0.09280866743138612,207
535.0,488.0,25,180,20,81.52504789866767,75.38811361601394,-0.6687609712369651,207
511.0,512.0,25,240,40,81.54548895841478,79.13971128722083,0.5675292585136615,207
487.0,488.0,25,240,20,81.56062444026166,75.20338205852619,0.537014313661594,207
523.0,512.0,25,240,40,81.56098485209722,78.9454297641478,0.5574723002068366,207
499.0,488.0,25,240,30,81.58740239492747,78.05830633574324,0.584477578312396,207
535.0,524.0,20,180,50,81.63316749682187,74.38125201047657,-0.6253436885425719,207
487.0,512.0,25,240,50,81.65672264684325,79.64818921183047,0.5328600691686429,207
499.0,536.0,25,240,50,81.65943871782436,79.29292955479282,0.5293385086833956,207
499.0,500.0,25,180,20,81.7024288445497,79.68075895081873,0.48426710436655235,207
511.0,500.0,25,240,40,81.70660559506075,79.41170968853959,0.6055421464475105,207
499.0,536.0,45,330,70,81.71879689246427,78.38101773939984,0.020085451242671786,207
523.0,488.0,25,180,20,81.73303840855394,76.0769862869659,-0.5741294346082383,207
499.0,524.0,25,240,40,81.73507565434849,79.52055524696186,0.5729674279086278,207
511.0,536.0,25,180,20,81.73763078269027,77.87307345854272,0.48733676100896633,207
499.0,536.0,25,240,30,81.73976027407603,79.23124446266486,0.5309989301522183,207
499.0,512.0,25,180,20,81.74878719799457,80.11065517197225,0.630601123958773,207
523.0,488.0,45,330,70,81.76408053793229,80.55387716049917,0.7341945238710232,207
523.0,500.0,25,240,70,81.7714509670929,80.39234732502335,0.6969968434872637,207
535.0,536.0,45,330,70,81.81222802419451,80.44622752884895,0.7180586847438619,207
487.0,512.0,25,240,40,81.85680670729481,80.25348573863515,0.6585369816744708,207
487.0,524.0,25,240,50,81.88055954897602,79.7538618184246,0.5183161532445671,207
535.0,512.0,45,330,70,81.9100498098367,80.87890065016782,0.7956033494769503,207
487.0,488.0,20,270,20,81.91562726599255,71.92477169916155,0.6601515018473404,207
535.0,524.0,45,330,70,81.95568383127953,80.80732788761756,0.7568081321416051,207
499.0,500.0,25,240,50,81.95938724355169,79.79188835674314,0.517816261180865,207
523.0,488.0,25,240,40,81.97570661273497,77.80293223442895,0.31547451724979764,207
535.0,536.0,25,240,60,81.9862474248122,80.88668201045368,0.7846847546818718,207
511.0,524.0,25,240,50,81.98930321502026,79.75982711931994,0.5531326456863591,207
499.0,512.0,25,240,30,81.9999394161099,79.28222237996641,0.5649098134376099,207
499.0,500.0,25,240,30,82.0248488637982,79.16704528364369,0.6069302497672979,207
499.0,524.0,25,240,50,82.03101271901868,79.86241282492723,0.5513414833245059,207
487.0,524.0,25,240,40,82.03335038823269,80.26720543138079,0.6254433708896567,207
499.0,512.0,25,240,50,82.05272449888966,79.82981512153196,0.518996763164469,207
511.0,488.0,45,330,70,82.08579542749526,80.35434920534153,0.6153666955659499,207
523.0,488.0,25,240,50,82.08897780615342,79.27556572942174,0.4602016320086319,207
535.0,488.0,45,330,70,82.10673239885897,81.1629593224628,0.811915752859525,207
511.0,512.0,25,240,30,82.15243868605614,79.01385083282503,0.5353719084987154,207
487.0,524.0,20,180,40,82.18670922311685,78.93609356852058,0.28935464117693915,207
499.0,524.0,25,240,30,82.25346252835155,79.67170321946462,0.5540531864178949,207
523.0,512.0,25,240,60,82.26753719596383,80.8402963824909,0.6913593645166962,207
535.0,500.0,45,330,70,82.28564292407657,81.42660221672487,0.8390360663010155,207
523.0,500.0,45,330,70,82.28956826485346,81.18928726214571,0.7697378195144499,207
499.0,536.0,20,300,70,82.29734488689708,78.10082720965005,0.2743633364717622,207
511.0,500.0,20,180,50,82.328045371306,79.60981491303552,0.3073942143638812,207
511.0,536.0,25,240,50,82.34747927471324,80.47353146500095,0.6632242277964175,207
511.0,488.0,25,180,20,82.39414941100942,77.85153582098597,-0.36179959808136014,207
535.0,524.0,25,240,50,82.3950731434668,80.2230411018812,0.5857217425828669,207
511.0,488.0,25,240,50,82.39711865899517,80.12599752026757,0.5583051666878036,207
511.0,512.0,25,240,50,82.48566613737796,80.24543732327204,0.5485782677787153,207
511.0,500.0,25,240,50,82.49920545723914,80.25864552874381,0.5470860424199878,207
523.0,488.0,25,240,70,82.50531854959252,80.8706522260741,0.6264200756357328,207
535.0,524.0,20,330,20,82.51017191526317,71.9789019450889,0.020692563018596198,207
523.0,524.0,25,240,50,82.53599863510799,80.45789844998676,0.6055161162822592,207
523.0,512.0,20,180,50,82.55079888717792,78.5347921418997,0.06270255322351445,207
535.0,512.0,25,240,70,82.56995161425871,81.71208008980963,0.8274013446615095,207
523.0,500.0,25,240,40,82.61044532039408,79.9305829672478,0.5861167669060149,207
487.0,488.0,20,180,50,82.61070740655374,81.11341878718724,0.6516972202326572,207
487.0,512.0,25,240,30,82.6226434649442,80.52784797910972,0.6385860982722986,207
487.0,536.0,25,240,30,82.62646694238681,80.6068896768135,0.5908207375180473,207
535.0,512.0,25,180,30,82.65667077644528,77.08908479962238,-0.5635440446464811,207
535.0,536.0,20,180,50,82.65904083146309,74.48820019755802,-0.4395651415453986,207
523.0,488.0,25,240,60,82.80254268506616,80.85016412742695,0.5581464479181177,207
523.0,500.0,25,240,60,82.83952495190036,81.1614496305368,0.6298281983571945,207
487.0,524.0,25,240,30,82.93816158878123,80.89646274607662,0.6099215403437382,207
487.0,536.0,45,330,70,83.00110476485747,78.13304288014479,-0.39293160468880123,207
511.0,512.0,45,330,70,83.0014365980677,81.58483515691714,0.6735576494709442,207
535.0,512.0,25,240,50,83.02516524638345,80.66811762907265,0.5618066231092579,207
535.0,500.0,25,240,40,83.0939358324389,79.26679606871129,0.34144432280865006,207
499.0,500.0,20,180,50,83.12583886818452,80.66026903859493,0.4012158351761597,207
523.0,512.0,25,240,50,83.13995578285794,80.85289906775863,0.5657065981862819,207
523.0,500.0,25,240,50,83.1414909230562,80.78925296459242,0.5648177853327065,207
499.0,524.0,45,330,70,83.14232600179844,80.34324847683828,0.38941317517359103,207
511.0,500.0,45,330,70,83.15313439787384,81.5791742928853,0.6365091858790987,207
535.0,524.0,25,180,30,83.22080641909365,77.46938305332407,-0.4858241673321447,207
487.0,500.0,25,180,20,83.22289675810593,81.75531791221995,0.682676382366138,207
523.0,524.0,20,180,50,83.25214608890418,77.37664704483242,-0.21831590117646438,207
535.0,524.0,25,240,60,83.27829583656644,82.05723019133646,0.7497551352607209,207
511.0,488.0,25,240,30,83.34392062864936,78.43704664906858,0.4186107288306119,207
535.0,500.0,25,240,50,83.36244994007971,80.21066636641284,0.43220644600375674,207
499.0,488.0,25,240,20,83.42068360933207,76.09655805863157,0.4001634781064179,207
487.0,488.0,25,180,20,83.44790293640034,81.35032585035086,0.4446703876545596,207
487.0,488.0,45,330,60,83.45827507355817,82.15681823915305,0.7228525792041316,207
511.0,500.0,25,240,30,83.50808295224535,79.81403663491004,0.5520249197270549,207
487.0,536.0,20,180,40,83.61566579761035,79.74645036604086,0.10884859482356311,207
535.0,488.0,25,240,50,83.62689647914512,80.48106822375745,0.4188167028284571,207
535.0,500.0,25,240,70,83.70090806704185,82.44956269580658,0.729925496117768,207
487.0,500.0,25,240,20,83.71057913690626,78.47716544923752,0.5489552964253959,207
535.0,512.0,25,240,60,83.74871951630092,82.41421024759747,0.7207546162742309,207
499.0,488.0,25,180,20,83.7744680070864,80.80327909964883,0.18254166272445263,207
511.0,536.0,20,300,70,83.79597728689232,78.86308100642866,0.5435202938970567,207
511.0,512.0,20,180,50,83.8111068326033,80.2172424878156,0.19545816457000853,207
499.0,524.0,25,180,20,83.81690346397689,81.5499765657097,0.5876414254437278,207
535.0,536.0,25,180,30,83.82255619657484,78.16969664247854,-0.036345444046388946,207
535.0,488.0,25,240,40,83.97267948509597,79.06090443252442,0.16145503190180316,207
535.0,500.0,25,240,60,84.05585690887986,82.20374256459644,0.59891514317581,207
523.0,512.0,25,240,30,84.12139079983193,80.73589228243912,0.5117844292790247,207
523.0,536.0,20,180,50,84.16850336886834,76.92008863888276,-0.36239785582592565,207
535.0,536.0,20,300,70,84.31719983705338,78.97288751528521,0.7290048887449889,207
499.0,512.0,45,330,70,84.46358585608021,82.14673495844865,0.5172406867397197,207
487.0,500.0,20,180,50,84.577012343482,82.4398556883627,0.4866315565641822,207
487.0,512.0,25,180,20,84.62450542252822,83.39699524768417,0.7182511709031694,207
511.0,524.0,20,180,50,84.6443914836856,79.4270894904953,-0.0841758193437144,207
487.0,536.0,20,300,70,84.70775213508678,77.73988818047445,-0.39172884578700584,207
511.0,488.0,20,210,20,84.83893794494747,80.68993393452969,-0.3483350310189961,207
499.0,512.0,20,180,50,84.86598097580261,81.49452662254588,0.2577832425260436,207
499.0,524.0,25,240,20,84.94911862899873,80.49525696024136,0.4142116195966768,207
487.0,524.0,45,330,70,84.95880389740272,81.62523096674947,0.24726421459814626,207
511.0,536.0,25,240,20,85.03035390172778,80.40357859541363,0.28680435805640403,207
487.0,512.0,25,240,20,85.04044501379424,80.37115442886385,0.5201963671062858,207
535.0,488.0,25,240,70,85.07073836460769,83.77921367661945,0.7195995622586461,207
499.0,536.0,25,240,20,85.19176280183265,81.42390336525071,0.397117942328677,207
523.0,512.0,25,180,30,85.19439155624953,81.13611880729009,-0.19211788514158268,207
535.0,536.0,20,330,20,85.20546937979465,75.41844742744895,-0.06860618012056298,207
487.0,524.0,25,240,20,85.38259480789442,81.44428684749109,0.48315413877287344,207
499.0,500.0,45,330,70,85.38843253320661,83.17949699718126,0.4991103491681989,207
535.0,500.0,25,180,30,85.3920535759078,80.4052181589942,-0.6780210607361006,207
535.0,488.0,25,240,60,85.41784910597671,83.6077797594291,0.6347586688681579,207
523.0,536.0,25,240,20,85.43365476440331,79.81458204716803,0.1321469838800913,207
499.0,512.0,25,240,20,85.46224500568525,80.4143861606945,0.48090325222126307,207
511.0,536.0,20,180,50,85.54154854845345,78.77309325809107,-0.290480954262901,207
523.0,500.0,25,240,30,85.55273918264794,81.08741666568933,0.4058835926000612,207
523.0,524.0,25,180,30,85.60659506936946,80.80756656584018,-0.12927414782177624,207
487.0,536.0,25,240,20,85.78890162281886,82.60812985410992,0.46830054740059457,207
499.0,488.0,45,330,70,85.80977860806438,83.61469951980979,0.5559008510637334,207
523.0,512.0,20,210,20,85.88712370040834,82.34808245641514,-0.2926185560626335,207
511.0,524.0,25,240,20,85.9041763790607,80.93510263302466,0.34318163091637555,207
535.0,512.0,30,180,20,85.91599106116851,80.37927219600219,-0.46944948245115814,207
535.0,512.0,25,240,30,85.96684621791516,81.25073409543769,0.27713107916211444,207
499.0,500.0,25,240,20,86.01831311957399,80.31514432691812,0.4890043864374901,207
499.0,524.0,20,180,50,86.0237597253476,81.44818200137846,0.03987224943286211,207
499.0,536.0,25,180,20,86.2716205010041,83.19585508851934,0.5446532928913325,207
511.0,512.0,25,240,20,86.29810472682365,80.56291988426261,0.4047163282171569,207
499.0,536.0,20,180,50,86.56376778462476,80.46446142396316,-0.25756194552135697,207
487.0,512.0,45,330,70,86.63721218306202,82.8214852062346,0.18915610753455692,207
487.0,512.0,20,180,50,86.65122101854318,83.63544972505014,0.3320577385095851,207
523.0,488.0,25,240,30,86.65903460168845,79.17830970002586,0.061555594910501485,207
535.0,536.0,25,240,20,86.70045973585506,79.06567044099198,-0.09264821680434095,207
487.0,524.0,25,180,20,86.86259190618513,85.14076147441187,0.6406184576967703,207
535.0,536.0,20,210,20,86.87908100490502,82.84587424914871,-0.2725736884975942,207
535.0,536.0,30,180,20,86.96353704308996,81.98289034665156,0.10045006482811081,207
535.0,524.0,30,180,20,87.12933163629407,81.63842535914036,-0.28095791401265696,207
487.0,512.0,20,300,70,87.2141624895255,82.78167846356455,0.1975280907613386,207
523.0,500.0,25,180,30,87.22977994772157,82.87082043379068,-0.5590669938994721,207
523.0,536.0,25,180,30,87.4991957528098,83.32794152436259,0.1464901894487255,207
499.0,524.0,20,300,70,87.53308619568702,82.96992397813132,0.32013867519908396,207
511.0,500.0,25,240,20,87.53596030648906,80.04716997060346,0.3334181031529731,207
535.0,488.0,25,210,20,87.6309062429682,83.12259471385444,-0.8175934760021496,207
535.0,524.0,20,180,60,87.64473447461056,79.09290080802285,-0.5402880804622612,207
511.0,488.0,25,240,20,87.6555940027763,77.77660703005694,0.1818942928619869,207
535.0,512.0,20,180,60,87.6716847470662,81.07170191211682,-0.3470557491753948,207
523.0,536.0,20,300,70,87.79981636089757,80.83496899768149,0.5980186980024059,207
535.0,500.0,20,180,60,87.8153502340085,83.21790942839695,-0.1427379457576984,207
487.0,500.0,20,300,70,87.8442817160079,83.25629069428624,0.46819013318453095,207
535.0,488.0,20,180,60,88.00918538844837,84.48090139278658,-0.02068269882401598,207
487.0,524.0,20,300,70,88.06652213339581,81.61336634481633,-0.1785711929968358,207
487.0,524.0,20,180,50,88.13293095676134,83.94194029418095,0.04642551636766418,207
535.0,536.0,20,180,60,88.14901778790478,78.90798361538839,-0.5327000170894879,207
523.0,488.0,20,180,60,88.16917035789602,85.61409708136124,0.3176747225724791,207
523.0,524.0,25,240,20,88.18527123965895,82.870828752584,0.15117139377443137,207
511.0,488.0,20,180,60,88.20005143991787,85.97893566253445,0.4395085225528877,207
535.0,524.0,20,300,70,88.48513133472531,83.70350483256526,0.7162359968467547,207
499.0,488.0,20,180,60,88.50742459067598,86.4166210686995,0.48534280523415896,207
523.0,524.0,20,180,60,88.54388216173184,81.01413840376982,-0.3267595400818714,207
523.0,500.0,20,180,60,88.59563528998625,84.9867641018593,0.11988029137640113,207
523.0,512.0,20,180,60,88.69724523064485,83.13858553852606,-0.10738685136801532,207
487.0,500.0,45,330,70,88.93846926041871,86.51675928901973,0.47388170371377525,207
523.0,536.0,20,180,60,88.94377934505995,79.75832652407442,-0.5062301016668416,207
511.0,500.0,20,180,60,89.12802638457754,85.69385949140701,0.19941360510918155,207
511.0,512.0,25,180,30,89.14222929325511,87.14143429192733,0.4458624216900007,207
523.0,512.0,30,180,20,89.2620773595034,84.5940782369702,-0.26674409906894947,207
487.0,536.0,25,180,20,89.38343033024816,86.93885998493724,0.5541176538786603,207
511.0,524.0,20,180,60,89.40477770697511,82.19539284065648,-0.2719134330716005,207
511.0,512.0,20,180,60,89.40577571929929,84.00062380325286,-0.06358947312195866,207
511.0,500.0,25,180,30,89.44765444238662,87.23844859301957,0.2963703893528673,207
523.0,524.0,30,180,20,89.4677710412102,84.43044412245787,-0.14357088080655175,207
487.0,536.0,20,180,50,89.64411176751115,83.8687005068825,-0.22526647750427242,207
523.0,512.0,25,240,20,89.66458496107815,84.17909807351286,0.2719256408473991,207
487.0,488.0,20,300,70,89.76117205806669,83.23381394752164,0.5821616687624254,207
523.0,488.0,25,180,30,89.8050630441116,85.50897131910047,-0.5184405972665304,207
535.0,500.0,25,240,30,89.81235107981374,84.58408637212379,0.013983548886717309,207
523.0,524.0,20,300,70,89.81381077038282,84.19313309044581,0.6171121444741849,207
535.0,488.0,25,180,30,89.90729146983018,85.18128008127327,-0.6910758233286942,207
511.0,488.0,25,180,30,90.00160975204933,86.60686712470883,-0.1673113518615114,207
535.0,500.0,30,180,20,90.00553191029769,84.39348646229804,-0.6128362742245227,207
523.0,500.0,25,240,20,90.07377689172822,82.12803573368608,0.12562355837859984,207
535.0,536.0,20,300,60,90.12232273868904,87.04716600691943,0.8325264610475765,207
511.0,536.0,20,180,60,90.19907580679856,81.6600367257183,-0.4290004902237509,207
499.0,488.0,25,180,30,90.48137841206709,88.35514588948978,0.34636539681671424,207
511.0,524.0,25,180,30,90.48324208945691,88.00203191889165,0.4154532494492939,207
487.0,488.0,25,180,30,90.53049114558702,88.88502016881851,0.571304930787075,207
535.0,536.0,20,180,70,90.67608569669915,81.44838058875594,-0.5714335168753837,207
499.0,500.0,20,180,60,90.81248406985341,87.82079188142352,0.3190417728210072,207
523.0,536.0,30,180,20,90.88244450458869,87.15024402552918,0.2392755472515089,207
535.0,524.0,25,240,20,91.10603590783974,83.69492594269282,-0.036465355604113195,207
523.0,488.0,25,240,20,91.1498765764501,79.92699960286338,-0.10424638562833739,207
535.0,524.0,20,180,70,91.16090532294406,82.76093488338486,-0.4742931677305971,207
511.0,500.0,20,210,20,91.22716877255507,87.10895150909708,-0.08681778159605577,207
487.0,488.0,45,330,70,91.25379756830448,89.1409015186129,0.6024006380508657,207
499.0,500.0,25,180,30,91.3406765781934,89.71033017502457,0.5720378798854555,207
535.0,488.0,25,240,30,91.34254651070162,83.52956901642672,-0.1568608045198539,207
499.0,536.0,20,300,60,91.35575455565245,89.658771776513,0.6756457580139854,207
511.0,524.0,20,300,70,91.3728313529474,85.2437718206633,0.48996688282126133,207
511.0,536.0,20,300,60,91.43219318755925,89.52317534445832,0.7611057823186417,207
535.0,500.0,25,210,20,91.56486221432907,86.54923278933857,-0.8093130443008305,207
511.0,536.0,25,180,30,91.96793055853793,88.89007878010497,0.3592635413734379,207
487.0,488.0,20,180,60,92.0508661441072,89.69934082179458,0.4280817304750722,207
535.0,488.0,20,210,30,92.19819485799364,87.42648409081671,-0.8191055354522734,207
487.0,500.0,25,180,30,92.23944062867088,90.82341926702209,0.6516078700758097,207
487.0,536.0,20,300,60,92.2441469939255,90.03589074469191,0.3627460885092912,207
499.0,512.0,25,180,30,92.29449600948014,90.77012567471802,0.5901346520108249,207
487.0,488.0,20,300,60,92.29952965567684,89.62461849165048,0.8081531101124168,207
499.0,512.0,20,300,70,92.3185503382673,87.22407552512942,0.3443078078787328,207
523.0,536.0,20,180,70,92.32308716448222,82.68127230086606,-0.5701732855907764,207
523.0,524.0,20,180,70,92.48989029806131,84.42744381167152,-0.37549880567789656,207
499.0,536.0,20,180,60,92.5350189398492,84.92911823831622,-0.4076791172300162,207
523.0,524.0,20,210,20,92.55668382848842,90.11706093498482,0.24718881091362374,207
535.0,524.0,20,300,60,92.58925316809221,90.6247240639604,0.8345633215995866,207
535.0,512.0,25,180,40,92.59099943454181,87.57049654117482,-0.6015132453045244,207
523.0,536.0,20,300,60,92.60442142254199,89.55843571846952,0.7683907732601316,207
523.0,500.0,30,180,20,92.62069747686088,87.56301694164796,-0.49803757252322,207
499.0,524.0,20,180,60,92.63708457831832,87.41016025318218,-0.12780695196927616,207
535.0,512.0,20,180,70,92.71052600903869,86.54835808433369,-0.26304560116323833,207
535.0,524.0,25,180,40,92.74890382697937,87.0581903105025,-0.5997463491959076,207
499.0,512.0,20,180,60,92.76957816075534,88.59691486241114,0.10917898713934195,207
487.0,500.0,20,300,60,92.86674165657998,91.19109172338761,0.7660590222860817,207
499.0,500.0,20,300,70,92.90767467506355,87.06576947609292,0.4911745057466845,207
535.0,512.0,20,300,70,93.08903289007476,88.91483926488458,0.7192538278747366,207
523.0,512.0,20,300,70,93.2482954772452,88.9430313604589,0.606395853004248,207
499.0,524.0,20,300,60,93.55421700598647,92.03995852541216,0.6849421194073971,207
499.0,524.0,25,180,30,93.62602113475477,91.56853978613971,0.4904545595871004,207
499.0,488.0,20,300,70,93.6409371412436,87.80163045699364,0.626986843510863,207
487.0,512.0,20,300,60,93.69384401323204,92.1262665750039,0.6567082893626032,207
535.0,512.0,25,240,20,93.81224024751617,86.13246113734995,-0.1282909493024386,207
487.0,524.0,20,300,60,93.81289546211059,91.77213300521747,0.4616733962355168,207
511.0,512.0,30,180,20,93.87029548018045,91.45337050771708,0.28045009686788636,207
535.0,536.0,20,300,50,93.89956272100757,91.58206858199793,0.9009803088301548,207
535.0,500.0,25,180,40,93.93343579961943,89.50893207811605,-0.6632715172679914,207
523.0,512.0,20,180,70,93.94811105303549,87.95747350670479,-0.2128521078226019,207
487.0,512.0,25,180,30,93.97085037361657,92.58903852080455,0.628926162618193,207
511.0,512.0,20,300,70,94.01426889848678,88.65102722405126,0.5051665619802079,207
499.0,488.0,20,300,60,94.04928398345736,91.80991959636214,0.8335188021512336,207
535.0,536.0,25,180,40,94.12546227620699,88.97495568652148,-0.2608861926943529,207
487.0,488.0,20,300,50,94.25501737005658,92.26911964990494,0.8992383632813875,207
535.0,500.0,20,180,70,94.35030052578448,90.01800965776366,-0.037793004645807884,207
523.0,524.0,20,300,60,94.39997075053203,92.36221803287214,0.7684738176586676,207
487.0,500.0,20,180,60,94.6246612637069,92.00934764797708,0.37658192543166913,207
499.0,536.0,25,180,30,94.68110404138861,92.04362905542126,0.3873095322364888,207
511.0,524.0,20,300,60,94.76693974869765,92.7415083000753,0.7302922797470953,207
487.0,488.0,30,240,70,94.78646704638582,92.2247437090459,0.14044848377830435,207
535.0,488.0,25,180,40,94.80006316894047,91.18358281285745,-0.6111321034032086,207
535.0,536.0,30,240,30,94.91324995984552,91.77683367646647,0.2499032854051257,207
535.0,536.0,20,300,40,95.07968171450904,92.67153094807936,0.889416169559592,207
499.0,512.0,20,300,60,95.13374820397273,93.5597999833617,0.7087371791467207,207
511.0,524.0,30,180,20,95.13945910344655,92.82026476261257,0.43331073170687734,207
535.0,512.0,20,300,60,95.14084024910592,93.85951975787597,0.848163144206804,207
511.0,524.0,30,240,70,95.15816745996139,93.85298951900909,0.6488674011251521,207
511.0,524.0,20,180,70,95.17145444381777,87.76732117821092,-0.34202352244685563,207
523.0,488.0,25,210,20,95.24365188990105,90.79041990560683,-0.6612434935202671,207
487.0,500.0,30,240,70,95.28080025585753,92.62963544356094,0.07586141582048764,207
511.0,536.0,20,180,70,95.28099722782251,86.75532606705102,-0.5063027388661493,207
523.0,500.0,20,180,70,95.36134610481648,91.35852208021102,0.08177759942539359,207
511.0,488.0,20,300,60,95.37186509276764,93.71492527971759,0.8722106737404491,207
511.0,500.0,30,180,20,95.45843280678133,92.62598906439392,-0.024921141049949202,207
523.0,488.0,25,180,40,95.51519395580387,92.11366356797515,-0.28722967447196013,207
511.0,536.0,30,240,70,95.6209930190406,94.52570437028514,0.7247776581748289,207
535.0,536.0,30,240,70,95.62763510755123,95.05922319574007,0.8789082615548637,207
499.0,488.0,20,300,50,95.63765581161377,94.0993653575554,0.8968541637144316,207
487.0,500.0,30,240,60,95.65436782990997,93.7599279244371,0.4030023367115146,207
523.0,500.0,25,180,40,95.70186519590253,92.57236305839963,-0.28547399218874747,207
523.0,512.0,25,180,40,95.71784272273099,92.82470239714796,-0.020552144390816034,207
499.0,500.0,30,240,70,95.71964383698655,93.75836331302789,0.388912379220898,207
511.0,512.0,30,240,70,95.72166747482893,94.23065518029517,0.5795848715477073,207
535.0,512.0,25,210,20,95.72478449520538,91.06071644710522,-0.7821313289275248,207
535.0,536.0,30,240,40,95.73074211241297,93.70558363944313,0.4787221836596053,207
487.0,488.0,30,240,60,95.74886331697074,93.81269790052599,0.38402891675710327,207
487.0,524.0,25,180,30,95.77154024375051,93.98715440158763,0.5284745827234494,207
523.0,512.0,20,300,60,95.86453492524473,94.46426642687612,0.787110616149481,207
523.0,500.0,20,300,70,95.87247811096445,92.24761031195548,0.6864222255094216,207
523.0,536.0,30,240,70,95.88499551412666,95.15626047616955,0.8369070671273472,207
511.0,488.0,20,300,70,95.92115614750946,91.76325268379576,0.7206390916149573,207
523.0,524.0,30,240,70,95.92917551398656,95.18544791755369,0.8170266064417959,207
523.0,536.0,30,240,30,95.95007923657468,93.48967581251988,0.41004942885390977,207
523.0,524.0,25,180,40,95.98900785533363,92.33849527683863,-0.1371870339156084,207
499.0,536.0,30,240,70,96.00105713940786,92.22978271669231,-0.012469823158593825,207
535.0,488.0,20,180,70,96.06378818037822,93.03266262847136,0.1394053879470698,207
535.0,488.0,30,180,20,96.07983283800448,90.31498565004178,-0.652355582495354,207
499.0,500.0,20,300,60,96.07999307202151,94.31124250770034,0.7486601797320028,207
499.0,512.0,30,240,70,96.1178708279104,94.13810385097666,0.40076422587986,207
499.0,488.0,30,240,70,96.13324763568525,94.1469699632881,0.37738180221268347,207
487.0,488.0,20,300,40,96.13710364991276,94.22113258504554,0.9089175006665832,207
511.0,488.0,25,180,40,96.15377063929914,93.86435755741326,0.16408365986076373,207
523.0,488.0,20,180,70,96.20888348194998,93.87168956418822,0.38272422182912263,207
535.0,488.0,25,240,20,96.25105987468827,86.85486414100885,-0.3740668105570261,207
487.0,524.0,20,180,60,96.27593645149612,89.60757787247718,-0.3391729385792048,207
487.0,488.0,30,240,20,96.35058610784156,92.22969812811152,0.5325439602755191,207
487.0,512.0,30,240,70,96.39494731282296,93.32975661313705,-0.002085904204785291,207
487.0,512.0,20,180,60,96.46371891069371,92.32727055125014,0.03380531957464878,207
487.0,488.0,30,240,30,96.49050811821459,94.66023544291322,0.6429973083298647,207
499.0,488.0,20,210,20,96.51210817273177,92.53258728452273,0.07369338123486567,207
487.0,512.0,30,240,60,96.5386587453546,94.72174135479385,0.4418500908262449,207
499.0,500.0,30,240,60,96.55355234771072,94.91370482567488,0.5148789816969825,207
535.0,524.0,30,240,40,96.56427864920752,94.45555680971383,0.4707132612742494,207
487.0,524.0,30,240,60,96.57050313225672,94.56913792935441,0.39231490702903954,207
499.0,512.0,30,240,60,96.58810279083967,95.02385074530724,0.5476392337612837,207
499.0,536.0,30,240,60,96.59795146990955,94.46051656928469,0.3833504881835285,207
511.0,536.0,30,240,30,96.68642199569601,94.67272794120797,0.5095022777171321,207
511.0,512.0,20,180,70,96.68933308797469,91.07955177554064,-0.17426726924690172,207
499.0,524.0,30,240,70,96.73550881420815,94.88739508557504,0.4681883088764379,207
535.0,500.0,20,210,30,96.77070309343891,91.44010529416035,-0.814461457838962,207
511.0,500.0,30,240,70,96.77448042511193,95.42480949102514,0.6261842887991783,207
523.0,536.0,30,240,40,96.81754459779484,95.01958950933779,0.5462487941300943,207
511.0,512.0,20,300,60,96.8862157408737,95.2115564351523,0.7266985313781152,207
499.0,488.0,30,240,60,96.89385189481223,95.23219110324997,0.5049867708561777,207
499.0,488.0,25,180,40,96.89757980599222,95.09403522484534,0.433800453850931,207
487.0,536.0,30,240,70,96.9084473181278,91.32258831306031,-0.37336317878361613,207
523.0,536.0,25,180,40,96.90869066784849,93.03492969778435,-0.07270373794555123,207
523.0,536.0,20,300,50,96.93032029649164,95.13562345437883,0.8588347545190949,207
487.0,536.0,30,240,60,96.96116730402804,93.77385756194568,0.03880273021875461,207
487.0,524.0,30,240,70,96.9658371854987,93.45293859626355,-0.046770649424748574,207
487.0,500.0,20,300,50,97.02608853258909,96.02223345257843,0.8738133637468766,207
523.0,488.0,30,180,20,97.03612211436321,91.46596159172479,-0.5789736441235619,207
487.0,536.0,25,180,30,97.06653048023252,94.76760126967997,0.3919606029441029,207
511.0,524.0,30,240,60,97.09550252978005,95.95279921202255,0.694367199714542,207
511.0,488.0,20,300,50,97.10247676353531,95.95787273164724,0.8978456776125493,207
487.0,488.0,30,240,40,97.13459179121952,95.93306595718981,0.6798180760999468,207
535.0,524.0,20,300,50,97.13758736072707,96.00316803040268,0.8920981302457548,207
499.0,524.0,30,240,60,97.19489701523905,95.83333639162514,0.6248937717255966,207
487.0,488.0,30,240,50,97.21578200754564,95.68385673866695,0.5536458171707246,207
523.0,500.0,20,300,60,97.22422842952558,96.13715746826249,0.8457518626701803,207
523.0,512.0,30,240,70,97.23875262476263,96.26858308741379,0.7503073936745691,207
499.0,488.0,30,240,40,97.26489099532414,95.994531977536,0.6742351045613864,207
511.0,500.0,25,180,40,97.27076422790864,95.4123263600812,0.399291667376395,207
511.0,536.0,20,300,50,97.285056254097,96.07540621523684,0.8541508419968488,207
499.0,488.0,20,300,40,97.35517046375911,95.89967730379824,0.8945456355717846,207
523.0,488.0,20,300,60,97.35574129941229,96.19141590778939,0.908238597000415,207
511.0,500.0,20,300,60,97.35885158667004,95.82882854083198,0.7783026594306472,207
487.0,488.0,25,180,40,97.40234037965674,95.96159358286596,0.6176563048528695,207
511.0,512.0,30,240,60,97.40906709635166,96.01314989927508,0.6059502067637615,207
535.0,524.0,30,240,70,97.44511876473582,96.83061717646923,0.8491425700907507,207
511.0,536.0,30,180,20,97.4896321842435,94.81596686538781,0.46930468161595623,207
511.0,488.0,20,180,70,97.54008334345983,95.26950669694665,0.4618965579739765,207
499.0,536.0,20,300,50,97.54310614098601,96.60771008919195,0.8300931041907517,207
511.0,500.0,20,300,70,97.55201097783305,92.77653739257414,0.547825973094932,207
523.0,524.0,30,240,40,97.56380635530283,95.74762459639334,0.5506832260643965,207
487.0,500.0,30,240,40,97.56753692652303,96.31612066556127,0.6592196055784904,207
535.0,536.0,30,240,50,97.59248497443036,96.21195069552275,0.6349476692148688,207
523.0,536.0,30,240,60,97.63129964399911,96.84136787179328,0.800603374804429,207
487.0,536.0,20,300,50,97.63865971047782,96.81057373065696,0.7895505059404211,207
511.0,524.0,30,240,30,97.65158531150078,95.49309679222767,0.4924715651738825,207
499.0,488.0,30,240,30,97.69217279282152,95.37457816261103,0.5872619960532248,207
511.0,488.0,30,240,70,97.69461432882747,96.2069189814838,0.5689865070871785,207
487.0,536.0,20,180,60,97.7184391910455,90.34117501914015,-0.5239225200665789,207
511.0,524.0,30,240,40,97.72821954254532,95.97878795107913,0.5522778022625235,207
511.0,500.0,20,180,70,97.74733608881193,94.0014575365302,0.113049407708598,207
487.0,500.0,30,240,50,97.76191068323362,96.22336895101753,0.5478506378423291,207
499.0,500.0,30,240,40,97.79346508273791,96.40780315502461,0.6363270266865141,207
511.0,536.0,30,240,40,97.81143865656928,96.21454933268296,0.5975163687372357,207
511.0,500.0,30,240,60,97.85796105001492,96.46565252729685,0.6051495213406193,207
535.0,500.0,20,300,60,97.87686082446172,97.00983601145923,0.8963475434389525,207
487.0,500.0,30,240,30,97.88276354087621,96.27835904044262,0.6410065766383278,207
535.0,500.0,25,240,20,97.90264014693064,90.41588066111156,-0.32508757916627223,207
535.0,512.0,30,240,40,97.90676456557875,95.71566686826228,0.4817332934309607,207
523.0,536.0,30,240,50,97.95569814724662,96.60041945385713,0.6471874580628713,207
511.0,536.0,30,240,60,97.96920216705723,97.22400411318198,0.8133810253446047,207
487.0,536.0,30,240,50,97.9740394549856,95.91754750212142,0.38370519986298457,207
523.0,524.0,30,240,60,97.98158079045665,96.99845208126746,0.7416430283482441,207
511.0,488.0,30,240,40,98.00893558878418,96.29005456417104,0.6000807269454234,207
523.0,488.0,30,240,40,98.0116052942007,94.82765815647475,0.25502015851496956,207
499.0,488.0,30,240,50,98.01208148805235,96.53287969055546,0.5797116441866853,207
499.0,512.0,30,240,40,98.01302002588336,96.49850358729073,0.594873140791439,207
499.0,536.0,30,240,40,98.01703523341028,96.37252007211363,0.5657437006442455,207
487.0,536.0,30,240,40,98.0704917238591,96.42698865142435,0.5389185701153537,207
499.0,536.0,30,240,30,98.10042711489976,96.28760021112873,0.5316609189691784,207
535.0,524.0,30,240,30,98.1052499795485,94.90418400778827,0.2725142778941537,207
511.0,488.0,30,240,60,98.13398296644826,96.66778168673211,0.5812549782417368,207
511.0,512.0,30,240,40,98.14151943005336,96.41743567078204,0.5657767540276792,207
499.0,512.0,30,180,20,98.15168488794565,96.79414472707164,0.617831237741107,207
523.0,512.0,30,240,40,98.17311852725867,96.3541719302818,0.5598148509631494,207
487.0,512.0,20,300,50,98.18139319019198,97.35913817107922,0.8344945052416184,207
499.0,524.0,30,240,40,98.21258828432855,96.61620345319832,0.5781114765398693,207
511.0,500.0,30,240,40,98.22268029646537,96.62340445385053,0.6086846981617741,207
487.0,524.0,20,300,50,98.22350171297033,97.5103019960076,0.8251027385611553,207
523.0,524.0,30,240,30,98.23419224475872,95.80770019598431,0.42932926914744246,207
511.0,512.0,25,180,40,98.24589563659076,96.26552252602595,0.3782525514371584,207
499.0,536.0,30,240,50,98.25356329087215,96.49034100849903,0.5214419811288348,207
499.0,500.0,25,180,40,98.30865086136971,96.67474555260279,0.5037694316533132,207
523.0,500.0,30,240,70,98.31013531381132,97.2171636392617,0.7065453731661421,207
499.0,500.0,30,240,30,98.35778681851933,96.37842692244519,0.6000240601478218,207
523.0,488.0,30,240,50,98.36300570972574,96.24186697125042,0.4344655226574659,207
535.0,536.0,30,240,60,98.36843317857702,97.55419521650215,0.7914337069809125,207
487.0,512.0,30,240,50,98.37615758033773,96.78738313463961,0.5303723412834235,207
511.0,512.0,20,210,20,98.40616032858011,95.77449778019528,0.2905940126938254,207
487.0,512.0,30,240,40,98.40844944416702,97.16260486714289,0.6592711888011314,207
523.0,536.0,20,300,40,98.43232966642405,96.95816126151462,0.8931798105486856,207
499.0,500.0,20,300,50,98.43266162442193,97.48681269876225,0.8759619830180184,207
511.0,488.0,30,180,20,98.45444664384367,94.30629641562301,-0.35151203161690875,207
499.0,524.0,30,240,30,98.45965651676786,96.62977331218578,0.5514882209512059,207
499.0,512.0,30,240,30,98.46154875670022,96.52660232443526,0.5587545770773998,207
511.0,524.0,30,240,50,98.50130377846017,96.88492581768483,0.5607319773820016,207
499.0,500.0,30,240,50,98.52417052361696,96.8583837474283,0.5177191331616585,207
499.0,488.0,30,240,20,98.57110314723342,93.83712807880951,0.41754409986755436,207
511.0,488.0,20,300,40,98.57137859267587,97.4758548782635,0.8586747130874691,207
535.0,524.0,30,180,30,98.58207026211505,93.18728480819696,-0.44692566070777684,207
499.0,524.0,30,240,50,98.59670040225969,97.01184556943643,0.5620905685391355,207
535.0,512.0,30,180,30,98.61809245120347,93.46930770950306,-0.5471656142139009,207
511.0,512.0,30,240,30,98.62827654523635,96.39666803198324,0.5247252361864718,207
487.0,524.0,30,240,50,98.63725734788619,96.99640184568824,0.5198359607392311,207
523.0,500.0,30,240,40,98.65079260835057,96.7990879562088,0.5728900817653128,207
487.0,524.0,30,240,40,98.66216696239543,97.30488686693961,0.6248913795687708,207
499.0,524.0,20,300,50,98.66700250091249,97.90846841154325,0.8466907182568846,207
499.0,512.0,30,240,50,98.67206217099523,96.99599265396401,0.5219942272008466,207
487.0,512.0,30,240,30,98.71995819865683,97.22706098014517,0.6390430999161159,207
535.0,512.0,35,180,20,98.73470885996059,93.69480046405272,-0.4346643391948393,207
523.0,524.0,20,300,50,98.7477298959518,97.76315880767912,0.8645785341552512,207
523.0,488.0,20,300,70,98.76656606122012,95.37602370928467,0.8103116641291586,207
535.0,524.0,30,240,50,98.78034467416025,97.21550522433705,0.5880479727308492,207
511.0,488.0,30,240,50,98.78072414904257,97.16361489447459,0.5698315998710066,207
499.0,500.0,30,180,20,98.78108064038115,97.00197870201183,0.42751227548614606,207
523.0,488.0,20,300,50,98.79926973378683,98.0715505237199,0.9052271014471689,207
511.0,500.0,30,240,50,98.82336028293307,97.1886833537556,0.5540927770375303,207
487.0,500.0,30,240,20,98.82365495802829,95.33800668337256,0.5399059307771286,207
535.0,512.0,30,240,70,98.84767935916405,98.17262514094719,0.8297564400202644,207
535.0,500.0,20,300,70,98.87849108017986,95.49196299592269,0.7890701021091475,207
511.0,536.0,30,240,50,98.88272258152611,97.61035272090257,0.6806055717655017,207
523.0,512.0,30,240,60,98.92329285357738,97.79859038963532,0.6937178636732797,207
511.0,512.0,30,240,50,98.94325872232803,97.27505895902925,0.5445107379383722,207
523.0,488.0,30,240,70,98.97538936831569,97.66309588382084,0.6280661629842549,207
511.0,524.0,20,300,50,98.98445055297913,97.9908001800698,0.8528955880156088,207
523.0,524.0,30,240,50,99.01062428062899,97.50475301141566,0.6059020418544536,207
535.0,524.0,20,300,40,99.03141374460968,97.64508379865946,0.8253124338828227,207
487.0,500.0,25,180,40,99.0507930929623,97.55064194111803,0.5549726727867389,207
535.0,512.0,20,300,50,99.05483238508744,98.4212321762946,0.8951405554194194,207
487.0,536.0,30,240,30,99.0825378544333,97.55341780244912,0.5858010216229055,207
523.0,500.0,30,240,60,99.15506994943246,97.86939102611917,0.6394100835485875,207
535.0,500.0,30,240,40,99.15754403829642,96.15893942203533,0.33924548923916736,207
487.0,524.0,30,240,30,99.15974384776442,97.62382306666662,0.602833956510907,207
523.0,488.0,30,240,60,99.16925122512554,97.60507899796534,0.5420609888643558,207
535.0,536.0,20,300,30,99.21799736643017,94.7282754138265,0.7858772927207263,207
523.0,500.0,30,240,50,99.24975134555719,97.5878722627603,0.5693176611921116,207
499.0,512.0,20,300,50,99.30557860347085,98.55938139860162,0.8592958044591453,207
535.0,536.0,30,180,30,99.32315372062197,94.91544696704649,-0.10744675656538509,207
511.0,500.0,20,300,50,99.34585187530445,98.54839895664382,0.8702991620745668,207
511.0,524.0,25,180,40,99.35005481232834,96.89991630741333,0.27671145994016866,207
535.0,512.0,30,240,50,99.36179043923181,97.66649992916739,0.5603946132583124,207
511.0,488.0,30,240,30,99.40463115243575,96.0515640592737,0.41072427999186467,207
511.0,500.0,30,240,30,99.40983291437745,96.95292249740625,0.5503717947406953,207
535.0,500.0,30,240,50,99.45538989103329,97.18553890382644,0.43174186758162203,207
487.0,500.0,20,300,40,99.45550932521887,98.24428090904479,0.8980951273800699,207
523.0,512.0,30,240,50,99.50995602357195,97.87681325641095,0.5710592722441504,207
511.0,536.0,25,180,40,99.53366254720807,96.27253440862084,0.060076082062095505,207
535.0,488.0,20,300,60,99.5373541334909,98.48137231645626,0.9121501195502112,207
499.0,524.0,30,180,20,99.54262980705066,97.83230222306887,0.575938380228919,207
535.0,536.0,35,180,20,99.6176474186858,95.56015651039647,0.06906679623747441,207
535.0,524.0,35,180,20,99.62278939718995,94.23837451235669,-0.26116171974783475,207
535.0,524.0,30,240,60,99.63003565759102,98.70518628192751,0.7555912434754731,207
499.0,488.0,20,180,70,99.69641820893445,97.17609388361507,0.4588271022619928,207
499.0,512.0,25,180,40,99.70626096481296,97.85596807026941,0.43098585822248364,207
535.0,488.0,30,240,50,99.80960546401151,97.50611079013973,0.4296114547472337,207
487.0,512.0,30,240,20,99.89266828501157,96.79272336351228,0.5210776749409681,207
535.0,500.0,30,240,70,99.9611622853077,98.97134110154438,0.7333337133416984,207
523.0,512.0,20,300,50,99.96355768033959,99.22077205004774,0.8605002273938067,207
511.0,512.0,20,300,50,99.97468880732487,99.21583162918088,0.8592262081268265,207
487.0,500.0,30,180,20,100.06547777656266,98.7475165494028,0.6597018284642684,207
535.0,512.0,30,240,60,100.0912432108426,99.0569180318002,0.7207559851126338,207
523.0,500.0,25,210,20,100.10196163536301,95.81372808740996,-0.5641631475055189,207
523.0,500.0,20,300,50,100.11913116236454,99.51324036266952,0.8893769322374361,207
535.0,488.0,30,240,40,100.16645201881747,96.57294150122293,0.1642466337714926,207
535.0,488.0,20,300,50,100.18315491020304,99.59259240655766,0.9021961311082872,207
523.0,536.0,20,210,20,100.19244873196357,98.65431194941429,0.5763603454603304,207
535.0,500.0,30,240,60,100.22926524933138,98.77820661723904,0.5876446388944697,207
487.0,488.0,20,180,70,100.25464454991499,95.91701408538069,0.06766123787929239,207
487.0,488.0,30,180,20,100.38382411136205,98.57141480933272,0.3987581344740557,207
499.0,524.0,30,240,20,100.4664449433289,97.35378417974587,0.40779470667597756,207
511.0,488.0,20,300,30,100.52421712611293,97.99466992182582,0.6423854257975623,207
511.0,536.0,30,240,20,100.53204391058712,97.30661649263068,0.29152971950196616,207
511.0,536.0,20,300,40,100.53331228121371,99.32372694832259,0.8956153882386161,207
535.0,512.0,25,180,50,100.56890936029816,96.28968491424915,-0.47291073940486417,207
535.0,500.0,25,180,50,100.59945859830559,96.82956128485597,-0.41920052379516265,207
535.0,500.0,20,300,50,100.60851967665201,100.06932719683992,0.8934824541526148,207
523.0,512.0,30,240,30,100.61604379282305,98.30044776418057,0.4998027168677699,207
499.0,488.0,30,180,20,100.68535485993212,98.23615820030989,0.1451936885788043,207
523.0,488.0,20,300,40,100.71093418299908,99.37828170896259,0.7617322500881775,207
499.0,500.0,20,300,40,100.78234104794375,99.89698126064658,0.9038910508539283,207
535.0,500.0,30,180,30,100.80945590138325,95.81866527703714,-0.6732654623564233,207
487.0,512.0,25,180,40,100.83391107816968,98.99819705018838,0.4486872582148794,207
499.0,512.0,30,240,20,100.87352401262625,97.54945032884697,0.47664461977183764,207
499.0,536.0,20,180,70,100.87663711943122,93.7966072490844,-0.5372254872653504,207
487.0,524.0,30,240,20,100.8877519645866,98.12027330059631,0.47433862408756855,207
535.0,488.0,25,180,50,100.90035453103557,97.38394451478196,-0.3665801701643455,207
523.0,512.0,30,180,30,100.9339728520159,97.72587472637815,-0.19177545579085098,207
535.0,524.0,25,180,50,100.9569254425817,95.35211362548183,-0.6359021537682606,207
535.0,524.0,25,210,20,100.96868671669723,97.04606754042568,-0.6039706428614812,207
523.0,524.0,20,300,40,100.98852714866788,99.99902351069532,0.8415054552764164,207
487.0,512.0,30,180,20,100.98925448458942,99.91275595963587,0.7070868269262355,207
499.0,500.0,30,240,20,100.99175207868946,97.17157996163657,0.4857608819276343,207
523.0,524.0,30,180,30,101.0239264704436,97.29870240246184,-0.15021132546929505,207
499.0,536.0,30,240,20,101.05348970902826,98.38156537369782,0.39310672911382033,207
523.0,488.0,20,210,30,101.07170652689466,96.50550770914049,-0.6638762278927474,207
535.0,488.0,30,240,70,101.15896824444825,100.15785913916847,0.7264285451777329,207
499.0,524.0,20,180,70,101.27529133484568,95.20686594345719,-0.3410185658816332,207
499.0,524.0,25,180,40,101.30453765029748,99.00874451453505,0.3189147824182727,207
523.0,536.0,30,240,20,101.32698793612715,97.40371688201016,0.12141136832000454,207
523.0,500.0,30,240,30,101.35683287372348,98.20568057769763,0.37818310306896924,207
499.0,536.0,25,180,40,101.41306306473035,98.46142091692111,0.07217981505342395,207
487.0,536.0,30,240,20,101.41541978947052,99.108353425856,0.4599563769965616,207
511.0,500.0,20,300,40,101.42652948952163,100.56528593455802,0.8421393897176616,207
523.0,524.0,35,180,20,101.42978485319036,97.22393600941683,-0.19556537522071898,207
499.0,536.0,30,180,20,101.49268858743737,99.35535628678213,0.5405678509051876,207
523.0,488.0,25,180,50,101.52580017967153,99.14770700111592,0.0821213588286804,207
499.0,488.0,20,300,30,101.53246372748364,99.34236809213735,0.8427218356602356,207
535.0,488.0,30,240,60,101.53335342426152,100.2572537868498,0.6555276238237516,207
511.0,524.0,30,240,20,101.57227342286446,98.21450956350758,0.3463199339372796,207
535.0,512.0,20,210,30,101.66301204430445,96.64968382733518,-0.7905693415925957,207
487.0,512.0,20,300,40,101.73866174727075,100.78661885994134,0.8721938815398094,207
511.0,488.0,25,180,50,101.74043975155247,99.93447071346803,0.38265366899002606,207
499.0,500.0,20,180,70,101.81992856783243,98.3719809209171,0.21091348852352476,207
535.0,536.0,25,180,50,101.82430400011606,96.3866931391308,-0.44400964452368497,207
523.0,512.0,35,180,20,101.82979625205544,98.0208689769641,-0.21608853344729453,207
523.0,488.0,30,240,30,101.88534190470278,96.30334631308438,0.06037330439083277,207
511.0,512.0,30,240,20,101.95234043219305,98.02795077549746,0.39903170260917253,207
499.0,536.0,20,300,40,101.95720826919002,101.01834105918421,0.8738715331235639,207
499.0,488.0,25,180,50,101.96988128935244,100.36794249118279,0.4902521352921485,207
535.0,512.0,20,300,40,102.01681276208204,100.66458647975264,0.7470637642527357,207
523.0,500.0,25,180,50,102.09588256762511,99.677056784625,0.09583305918250289,207
511.0,488.0,30,240,20,102.12885232059166,95.41484384925242,0.17858409655038224,207
523.0,500.0,20,300,40,102.13149899615722,101.03284462362168,0.7725550106528996,207
511.0,524.0,20,300,40,102.17890065493901,101.13417224330793,0.8714041284957255,207
535.0,536.0,30,240,20,102.20549531987294,96.86979644536375,-0.09922360816652769,207
523.0,512.0,20,300,40,102.21751425495505,101.15235323975043,0.783744330877113,207
535.0,512.0,30,240,30,102.22068109352449,98.86222765822558,0.24325052791444146,207
535.0,488.0,30,210,20,102.3305636547801,97.36137364379351,-0.8179530894571233,207
511.0,500.0,30,240,20,102.35297607475152,97.34587208038505,0.34382363866261895,207
535.0,488.0,20,300,40,102.43314936499786,100.88141848316248,0.6752933004661403,207
487.0,536.0,20,300,40,102.52281247963064,101.85972018791914,0.8703917652161386,207
487.0,524.0,25,180,40,102.60468599780916,100.36625399034325,0.2986261215808763,207
523.0,500.0,30,180,30,102.6417902485696,99.00030423384166,-0.5378304480861653,207
523.0,512.0,25,180,50,102.67231749056934,99.86277311234079,0.0552990805875241,207
487.0,524.0,30,180,20,102.67424793932133,101.33397116590173,0.6318794562054004,207
535.0,500.0,35,180,20,102.70829116125972,97.22036712081523,-0.6029417694160671,207
499.0,512.0,20,300,40,102.75474677958964,101.9957466767405,0.8909160735989481,207
499.0,524.0,20,300,40,102.75943612723314,101.87202734303261,0.8780263641520947,207
523.0,536.0,30,180,30,102.77367254019566,99.72446728943714,0.1683003326608498,207
487.0,524.0,20,300,40,102.79382974340594,102.1192784136798,0.8790870544354459,207
511.0,500.0,25,180,50,102.8062706660334,100.8100001263748,0.31141809017535077,207
499.0,512.0,20,180,70,102.82003269410124,98.15715287514274,-0.11053349796879665,207
523.0,524.0,25,180,50,102.836972626742,98.88785524611319,-0.22387594895289592,207
535.0,524.0,20,300,30,102.84587919310931,99.02604607738738,0.5707758646417281,207
511.0,512.0,20,300,40,102.98654899198375,102.19416779772888,0.8506084743725633,207
523.0,536.0,35,180,20,103.08011020643325,100.03660350741099,0.2187762545677824,207
523.0,488.0,20,300,30,103.09269217567022,98.51940401358574,0.33438462254177415,207
487.0,488.0,20,300,30,103.24875899405323,99.89606635078857,0.8697417758307432,207
523.0,536.0,25,180,50,103.3144260538029,98.53150966936448,-0.3638945748091391,207
487.0,488.0,25,180,50,103.36157938628064,102.14439996174418,0.6570837653510494,207
499.0,500.0,25,180,50,103.45632008737425,101.6420303521512,0.40131492026452265,207
511.0,488.0,20,300,20,103.58890789691431,95.9517354985809,0.3020227500030472,207
535.0,500.0,20,300,40,103.60621971773989,102.09396535044183,0.6593092716357231,207
487.0,536.0,25,180,40,103.71432657483724,101.04516272598173,0.12322220387159322,207
535.0,488.0,20,300,70,103.72606667035416,100.05517656139273,0.8339390634221543,207
511.0,512.0,25,180,50,103.72683588055985,101.20654389271928,0.18422368153868454,207
487.0,500.0,20,180,70,103.7360071323352,98.9161674507453,-0.00770336253867179,207
487.0,536.0,20,180,70,103.83967938297617,96.73484542979682,-0.7347778312235606,207
487.0,524.0,20,180,70,103.86309292177272,95.57930964944596,-0.6609636211416401,207
499.0,500.0,20,210,20,103.9970395919983,101.14313473138286,0.3360750182914586,207
511.0,524.0,25,180,50,104.11114940288257,100.62893230846579,-0.07610290120014226,207
511.0,488.0,25,210,20,104.18482525301644,100.14990580004381,-0.3426264689859206,207
523.0,500.0,20,300,30,104.26827820695532,100.70013279414643,0.4333460810744307,207
523.0,488.0,30,240,20,104.32612108736127,95.77803365081364,-0.09400428616475903,207
535.0,488.0,30,180,30,104.40588124614311,99.48102201397498,-0.685546732951555,207
487.0,536.0,30,180,20,104.46267796865028,102.67528064401625,0.5493779847583478,207
523.0,524.0,30,240,20,104.50440698521494,100.70562988685474,0.14387468014945934,207
535.0,500.0,30,240,30,104.51111076246688,100.06823430200372,-0.0002694504161040833,207
523.0,500.0,35,180,20,104.55305923372977,100.1115725622196,-0.4992519590418893,207
511.0,512.0,30,180,30,104.60842392413535,102.88939995039219,0.4170546056208033,207
511.0,536.0,25,180,50,104.62310621385801,100.18116949608515,-0.28204802911680293,207
499.0,512.0,25,180,50,104.69983584585793,102.37329666287599,0.2621791812123798,207
535.0,488.0,20,300,30,104.86989467762008,99.73258856364879,0.21861449971156818,207
523.0,500.0,30,240,20,104.87876504260404,99.24300931880605,0.09432092540050105,207
487.0,512.0,20,180,70,104.96753120199683,97.97326297430709,-0.41514265097266423,207
487.0,500.0,25,180,50,104.99119212050708,103.43856618097526,0.5047832301530235,207
523.0,488.0,30,180,30,105.03752895633662,100.5842918898346,-0.5378122138409702,207
511.0,500.0,20,300,30,105.13355341585545,103.15563378728636,0.6724126385060899,207
511.0,500.0,30,180,30,105.19001747966259,103.28019255510041,0.26109564480050523,207
523.0,512.0,30,240,20,105.36673304259605,101.63046504064883,0.28041764282401166,207
523.0,512.0,25,210,20,105.42124539495035,102.27327913673511,-0.28623384390048634,207
523.0,512.0,20,300,30,105.52488968586105,102.48885344485558,0.5459436725438227,207
511.0,524.0,30,180,30,105.53036902626111,103.61762584613173,0.4221690686218921,207
511.0,488.0,30,180,30,105.53858332714837,102.69671836575674,-0.18640649489644676,207
523.0,536.0,20,300,30,105.55180514006598,102.70745884636317,0.8039651318192639,207
499.0,524.0,25,180,50,105.55280599205273,102.51465792005212,0.06052669209875942,207
535.0,512.0,20,300,30,105.58641770752074,101.30728125026911,0.42426026121000615,207
499.0,536.0,25,180,50,105.70002984137416,101.68466776785999,-0.2400207211218105,207
535.0,524.0,25,180,60,105.9537656166481,100.06874922223386,-0.553639430618729,207
511.0,512.0,35,180,20,105.98012677152505,103.84273187309175,0.25295173633452683,207
511.0,524.0,20,210,20,106.06663374612289,104.527598714099,0.6030112251809117,207
535.0,524.0,30,240,20,106.06803137117288,100.59531362954168,-0.04771201285541564,207
535.0,500.0,30,210,20,106.10803916445083,101.45177950758979,-0.807604870383078,207
535.0,536.0,25,180,60,106.14235246121856,99.8265491591315,-0.5355953235974092,207
487.0,488.0,30,180,30,106.2076525847573,104.74795648571518,0.5552052300918434,207
499.0,488.0,30,180,30,106.25191887526925,104.42060415092969,0.31804504786210486,207
535.0,488.0,30,240,30,106.27645516996758,100.27597893137413,-0.1479752773356814,207
535.0,512.0,25,180,60,106.38370524113348,101.93253399672129,-0.3615269127107977,207
535.0,536.0,25,210,20,106.39194110679813,103.36247480175378,-0.2823478810477981,207
487.0,512.0,25,180,50,106.46077913971904,104.35022054230821,0.3322073440165154,207
487.0,500.0,20,300,30,106.5512257814973,103.82426693793258,0.8595144555510286,207
511.0,536.0,30,180,30,106.62817148489007,104.30121070098926,0.3493045772183448,207
523.0,524.0,20,300,30,106.78189579913088,104.216283135851,0.6524693566779024,207
499.0,500.0,30,180,30,106.80000112355448,105.33961035786933,0.5554554038252413,207
511.0,524.0,35,180,20,106.83513174910797,104.74190333079488,0.37669677480492775,207
523.0,536.0,25,180,60,106.92544608544516,100.80980499737981,-0.5086116707098169,207
535.0,500.0,25,180,60,106.92628918904555,103.68518169457754,-0.1518319442733718,207
523.0,524.0,25,180,60,106.9277051334368,101.93462548086755,-0.3344463294822257,207
535.0,524.0,30,180,40,106.9295183464084,101.93719504532726,-0.5949562030229333,207
523.0,500.0,20,210,30,106.93774855706477,102.39123997536653,-0.5661200724761856,207
487.0,488.0,35,240,20,106.94884596006368,103.96103086991586,0.5404603366470138,207
487.0,488.0,35,240,70,106.97014247079797,104.80074095275104,0.14040090477878528,207
535.0,536.0,35,240,30,107.0501872904601,104.5544914771748,0.24565289194036113,207
535.0,512.0,30,180,40,107.1223339538397,102.99124167419743,-0.6049795033215083,207
535.0,488.0,20,300,20,107.2308507509347,94.74806913533556,-0.11023017809691431,207
499.0,512.0,30,180,30,107.2532243809774,105.94563898951176,0.5887041759712649,207
535.0,488.0,25,180,60,107.26446976287764,104.51838925453194,-0.017347418484599038,207
523.0,512.0,25,180,60,107.36888852852435,103.61519763887136,-0.11206615679580151,207
523.0,488.0,20,300,20,107.40374956743648,94.90017601314798,0.0009659196829053112,207
511.0,536.0,20,300,30,107.43151837610444,104.79752495184171,0.8641533752309313,207
487.0,500.0,35,240,70,107.43895047102566,105.18840405939893,0.06526958386884053,207
535.0,536.0,35,240,70,107.43987177235587,106.96867839398371,0.87567926706399,207
487.0,524.0,25,180,50,107.51537877137294,104.64843758169145,0.06909609062381482,207
535.0,500.0,20,300,30,107.530848373242,102.56227930792583,0.2199571888735544,207
499.0,500.0,20,300,30,107.53758349147489,105.6460930346345,0.8534880387865807,207
511.0,488.0,25,180,60,107.56397716674145,105.89237772226195,0.4392155636163006,207
523.0,488.0,25,180,60,107.57754905010376,105.65872052886262,0.3164484017411386,207
499.0,500.0,35,240,70,107.60083944422831,105.92691560653229,0.40528833730665204,207
487.0,500.0,30,180,30,107.62604279941621,106.34830477109477,0.6460492576428829,207
511.0,524.0,35,240,70,107.66071229618512,106.47783453247288,0.6377341796859963,207
523.0,536.0,35,240,70,107.71155636770987,107.08927510491391,0.8310268468066071,207
535.0,488.0,35,180,20,107.71719451431359,101.8373362552802,-0.6371120409639457,207
523.0,500.0,25,180,60,107.72341484083346,105.16788366589992,0.12282175916499742,207
511.0,524.0,25,180,60,107.73401301592737,103.06172885658182,-0.26679851451859804,207
535.0,536.0,35,240,40,107.75967618760312,106.1046408361323,0.4806622383403655,207
535.0,524.0,20,210,30,107.83520071701474,103.70988516929027,-0.6086402155120054,207
487.0,500.0,35,240,60,107.8579587064454,106.19645633370982,0.4063984680574315,207
511.0,512.0,35,240,70,107.87044659930169,106.5268416734164,0.5699193515379517,207
487.0,488.0,35,240,60,107.88271796430523,106.18429150728448,0.38407889815269236,207
511.0,536.0,35,240,70,107.94207067216882,106.88223163738738,0.6843959716678266,207
523.0,536.0,35,240,30,107.96616829723042,106.02352563949742,0.4140266526386622,207
511.0,500.0,35,180,20,107.99412340719019,105.46096842557299,-0.050962272973831255,207
523.0,524.0,35,240,70,108.01675946159207,107.29768351770981,0.8058405780208777,207
535.0,536.0,20,300,20,108.02061715677891,99.15226190196566,0.6066634579349498,207
511.0,512.0,25,180,60,108.02610183543996,104.38276544960353,-0.06860964583740053,207
499.0,488.0,35,240,70,108.06377583266311,106.37825766626128,0.3971766709115218,207
499.0,488.0,25,180,60,108.08555624659856,106.53039275510427,0.488421181293436,207
487.0,488.0,35,240,30,108.10187711039754,106.64340449031232,0.6363299487758726,207
511.0,536.0,25,180,60,108.13446857366665,102.54947219184899,-0.4228337208380333,207
511.0,500.0,25,180,60,108.1606779991821,105.7477043340037,0.202688913379694,207
499.0,524.0,30,180,30,108.16727829024332,106.52065842576691,0.4869433735638977,207
487.0,536.0,25,180,50,108.2354819573327,104.1183693930557,-0.21299450333645875,207
499.0,488.0,20,300,20,108.26745824885245,102.35646816245726,0.6458417430016025,207
487.0,536.0,20,210,70,108.27813745696798,98.13047517195767,-0.777246759486595,207
511.0,512.0,20,300,30,108.28950554167584,106.54314556238553,0.7652473161960502,207
499.0,536.0,35,240,70,108.29753177572496,105.1210153432122,-0.03901930026159365,207
535.0,536.0,25,180,70,108.31515925410164,101.9281297613024,-0.5696652835256405,207
535.0,536.0,30,180,40,108.32157852192866,104.31890555701911,-0.2782511868797381,207
499.0,512.0,35,240,70,108.34536788098994,106.67124623554467,0.4163119776339881,207
487.0,512.0,35,240,70,108.35186563389007,105.80764990078744,0.0005606234016185664,207
487.0,524.0,35,240,70,108.38184579459362,105.55075975775055,-0.02864555048409964,207
535.0,500.0,30,180,40,108.39806321103187,104.39113037505656,-0.6681196845692846,207
487.0,524.0,35,240,60,108.44449620659297,106.7633056569307,0.4100773001306805,207
499.0,500.0,35,240,60,108.50323468975023,107.06629731235675,0.523342218097738,207
511.0,536.0,35,240,30,108.53322759062564,106.93762401875381,0.5187087901589156,207
535.0,524.0,35,240,40,108.53616858886079,106.83704581843647,0.47637167560576493,207
511.0,500.0,35,240,70,108.55323014717902,107.37083384915991,0.6451013150155784,207
535.0,512.0,30,240,20,108.61736025175831,102.80812982214077,-0.1583983528872889,207
535.0,512.0,40,180,20,108.62386240039066,103.92016549699531,-0.41442660581942625,207
523.0,536.0,35,240,40,108.62589002017224,107.17164117650904,0.553526615237962,207
535.0,524.0,40,180,20,108.64112462099514,103.8258985895135,-0.25814149707012135,207
487.0,512.0,35,240,60,108.66094132887893,107.07218040774097,0.4437283906011864,207
511.0,536.0,35,180,20,108.7325502834079,106.57654722684597,0.44945004211492895,207
487.0,488.0,20,210,20,108.74752858357512,105.93185672725903,0.3859400511163045,207
499.0,536.0,35,240,60,108.76577164386204,106.92560860853015,0.3661024813341441,207
499.0,512.0,35,240,60,108.80708542271189,107.43616523233595,0.5515726989647344,207
523.0,488.0,35,180,20,108.84189366428932,103.46087125341731,-0.5839094571629463,207
499.0,488.0,35,240,60,108.87319000927533,107.43872954022807,0.5216102792281585,207
523.0,512.0,35,240,70,108.90098051679925,108.03095053526256,0.7639166368298351,207
535.0,524.0,35,240,70,108.93549346103221,108.38771310383305,0.8515079401041589,207
487.0,512.0,30,180,30,108.98761527651601,107.79264795921385,0.6297382561033221,207
487.0,488.0,35,240,40,109.00074130287176,107.93877766090307,0.67764659859829,207
487.0,536.0,35,240,70,109.00950577036004,104.48782321843443,-0.36983825152518324,207
535.0,524.0,25,180,70,109.03014596050662,103.43177140041142,-0.48406860172143407,207
511.0,524.0,35,240,60,109.10372629499862,108.0906199862789,0.7005967084068172,207
499.0,536.0,30,180,30,109.14092836537637,107.11277768553144,0.3882564441622035,207
499.0,488.0,35,240,40,109.16607960069742,108.07171250001073,0.6698397976055489,207
487.0,488.0,35,240,50,109.1803170664479,107.81997922663466,0.5572748611522442,207
499.0,524.0,35,240,70,109.18894959225703,107.6203560372867,0.4700705228015457,207
523.0,500.0,20,300,20,109.232088092474,99.35504174125569,0.11259176188365014,207
535.0,488.0,25,210,30,109.28382643494362,104.0856927718475,-0.818988611843595,207
535.0,536.0,40,180,20,109.29125016804204,105.920170982944,0.09780698369973935,207
487.0,536.0,35,240,60,109.3040288374889,106.6087424411945,0.029713019470009795,207
511.0,512.0,35,240,60,109.32879201952504,108.09313504564271,0.6101176618454154,207
535.0,488.0,30,180,40,109.33113100469738,105.29378878365577,-0.6209543381914482,207
535.0,536.0,35,240,50,109.39699538527519,108.23141179857451,0.639303251947669,207
499.0,488.0,35,240,30,109.40160869461448,107.60480036765667,0.5880265617841448,207
499.0,524.0,35,240,60,109.4109166594324,108.28360525002327,0.6513006741132855,207
487.0,500.0,35,240,40,109.41456708966805,108.29699694397297,0.6549098456924576,207
523.0,536.0,35,240,60,109.42410118182082,108.72529050232637,0.8039242029301318,207
523.0,524.0,35,240,40,109.44616387364731,107.96571777203286,0.5509489669185665,207
511.0,524.0,20,300,30,109.44710870811984,107.11657080866831,0.8040473479504919,207
511.0,488.0,35,240,70,109.45028687624254,108.1374731649051,0.5762364145084422,207
523.0,488.0,30,210,20,109.50747878884667,105.00591508216264,-0.6612120227138455,207
499.0,512.0,20,300,30,109.52365883291546,107.54850700401045,0.8394965449059845,207
511.0,536.0,35,240,40,109.53021796023624,108.25049922598404,0.6099219159425826,207
511.0,524.0,35,240,40,109.53996121626862,108.09137425761688,0.551888927827092,207
487.0,500.0,35,240,30,109.54200861172947,108.15438066319005,0.6207842305967906,207
511.0,524.0,35,240,30,109.58777278621545,107.81330848280909,0.4841256464493099,207
535.0,524.0,20,300,20,109.61078913940699,99.86490150106849,0.3138687048281124,207
487.0,500.0,35,240,20,109.62599491162163,106.92266541644614,0.5306739748632295,207
487.0,500.0,35,240,50,109.6565583915467,108.28309103698511,0.5467674814174114,207
499.0,500.0,35,240,40,109.66843143738069,108.48666836830787,0.6351623927509092,207
523.0,536.0,35,240,50,109.67943007674867,108.55784645351652,0.6569376883626753,207
511.0,500.0,35,240,60,109.68972309633558,108.46955385490477,0.615081871166112,207
499.0,536.0,35,240,30,109.72036539073339,108.22988665743236,0.5371130236091382,207
523.0,524.0,35,240,60,109.72433188695857,108.84511695071997,0.7472165299346654,207
511.0,500.0,25,210,20,109.73370304287543,106.6447845745889,-0.09082530416787103,207
535.0,512.0,35,240,40,109.73756340262999,107.95548201454702,0.4756872783073573,207
499.0,536.0,35,240,40,109.7724783471634,108.41607491994567,0.5730459250275866,207
499.0,512.0,35,180,20,109.77763396901463,108.52065532012594,0.5965305084932169,207
499.0,512.0,35,240,40,109.77850801779137,108.48962322633557,0.5947577749813853,207
523.0,488.0,35,240,40,109.78186123790593,107.22568384560245,0.2496365352258928,207
499.0,500.0,25,180,60,109.79504865811819,107.72720798375713,0.3286956931166274,207
499.0,488.0,35,240,50,109.80337260173833,108.53714287512815,0.592495264136191,207
511.0,488.0,35,240,40,109.82087088235427,108.39900329027205,0.5948235422548609,207
511.0,536.0,35,240,60,109.82174796519465,109.13799114652954,0.8073082706207457,207
523.0,536.0,25,180,70,109.8458566522821,103.1573780262724,-0.5745007673680517,207
499.0,524.0,35,240,40,109.87139243076395,108.55587647691661,0.5870346808079507,207
499.0,488.0,35,240,20,109.89263066561077,106.30218111747382,0.4242793253107104,207
511.0,488.0,35,240,60,109.90453848562682,108.62048257035025,0.5841968730229832,207
535.0,524.0,35,180,30,109.91682791642381,105.05989215100321,-0.42666426225543475,207
535.0,536.0,35,240,60,109.91966354990744,109.19424136075101,0.795853958942221,207
523.0,500.0,35,240,70,109.9521561496619,108.97253596175486,0.7157602338748845,207
535.0,512.0,30,210,20,109.96637042972513,105.76874892542178,-0.7784224394740876,207
523.0,488.0,35,240,50,109.97162202323386,108.2161728987217,0.4323724889216323,207
487.0,512.0,20,300,30,109.98613687916857,108.08053625037351,0.8804774600949963,207
499.0,536.0,35,240,50,109.99117497963636,108.52755549799164,0.5272704770024069,207
523.0,512.0,35,240,40,110.01268502866739,108.53672609784029,0.5609978347905851,207
499.0,536.0,20,300,30,110.01318006896422,108.28528315234948,0.8947573804781963,207
487.0,536.0,35,240,40,110.01837146065978,108.65592376132507,0.5584430930098816,207
535.0,512.0,35,180,30,110.03432378394207,105.68672817787532,-0.5123356992664126,207
523.0,512.0,30,180,40,110.03526127011796,107.64192503297758,-0.021773725238076126,207
511.0,500.0,35,240,40,110.03547152785202,108.73316975700453,0.6132043454839698,207
511.0,512.0,35,240,40,110.03550984305195,108.60794354692867,0.5626759818852306,207
523.0,524.0,30,180,40,110.06142555862962,107.10771904383277,-0.15526743107069177,207
487.0,512.0,35,240,40,110.07166137117261,108.97665366489406,0.6610823677578339,207
499.0,500.0,35,240,30,110.08019489666223,108.46275816604822,0.5867973065622684,207
499.0,512.0,35,240,30,110.08131650481377,108.47593252502575,0.5496891557873278,207
487.0,536.0,35,240,50,110.09817828359436,108.40423557855107,0.4117725508798944,207
499.0,524.0,35,240,30,110.15068805475376,108.65296947005501,0.5528659090367659,207
535.0,488.0,30,240,20,110.17179836466818,101.79856530050148,-0.35905098726226387,207
523.0,488.0,30,180,40,110.17191684060579,107.3699520526628,-0.3042630999996474,207
535.0,512.0,35,240,70,110.2013193564816,109.5899988686598,0.8376478744009958,207
511.0,500.0,20,300,20,110.22562263521816,103.90258142888293,0.4018636964526092,207
487.0,512.0,35,240,30,110.23517394192866,108.97769342491056,0.6322634395015487,207
487.0,512.0,35,240,50,110.24251982274222,108.85204643780368,0.5338622782304746,207
511.0,524.0,35,240,50,110.25752303967369,108.90481467269926,0.566470078252937,207
499.0,500.0,35,240,50,110.25767693628606,108.82541052494322,0.521277301633105,207
523.0,524.0,25,180,70,110.26711548739306,104.93858546694747,-0.3826781173557113,207
511.0,488.0,35,240,50,110.28688932290459,108.92924206299215,0.5694341568377013,207
523.0,524.0,35,240,30,110.298460413127,108.3568522597661,0.4255561622569686,207
487.0,524.0,30,180,30,110.31389428931287,108.85907488503834,0.5258979997888424,207
523.0,500.0,30,180,40,110.32566586305573,107.79570235099604,-0.26030614844273203,207
523.0,500.0,35,240,40,110.37120623906976,108.87904012934152,0.571671762105932,207
487.0,524.0,35,240,40,110.3856962397009,109.21185227187607,0.6288593381655714,207
499.0,524.0,35,240,50,110.42372721969406,109.10630567182847,0.5755544143596789,207
499.0,512.0,35,240,50,110.42543745899052,108.99206371786624,0.5242120430387999,207
499.0,536.0,25,180,60,110.44398429834514,105.30363549852586,-0.40281271356965676,207
535.0,524.0,35,240,50,110.44751102089164,109.14883993945908,0.5931015891178267,207
535.0,524.0,35,240,30,110.45839535006303,107.90917308347224,0.2651433422629145,207
487.0,524.0,35,240,50,110.47682596268055,109.06845806528263,0.5273907929463377,207
511.0,512.0,35,240,30,110.49195526130002,108.68417705739068,0.5149542065631815,207
511.0,500.0,35,240,50,110.5534254538249,109.18804166904953,0.5606862235391272,207
535.0,536.0,35,180,30,110.5618527887881,106.99399626670963,-0.09621270288540962,207
511.0,536.0,35,240,50,110.56792092079327,109.54318988206461,0.6923838181171745,207
499.0,500.0,35,180,20,110.58649947646158,108.94759060114112,0.3948640962835366,207
523.0,488.0,35,240,70,110.60616725295634,109.44811452226165,0.6381737072455572,207
487.0,524.0,35,240,30,110.62891351283596,109.33418053900279,0.602416241081009,207
535.0,512.0,25,180,70,110.63058104512135,106.4170383083936,-0.27429546544964833,207
511.0,488.0,35,180,20,110.65262505148763,107.02514593850208,-0.3583374007988771,207
523.0,512.0,35,240,60,110.657135024212,109.65603432576303,0.6973601860169931,207
523.0,524.0,40,180,20,110.68571774229612,107.03277340496274,-0.1985609063789324,207
523.0,524.0,35,240,50,110.68611245001138,109.43310278571603,0.6090937570881031,207
487.0,536.0,35,240,30,110.70294790695499,109.40520182119486,0.5889486517521078,207
511.0,512.0,35,240,50,110.70806191226214,109.2997642912381,0.5445779616447947,207
499.0,524.0,20,300,30,110.74197633703066,108.71895095174015,0.8521484142138241,207
499.0,524.0,35,180,20,110.74599125754797,109.3103083489349,0.5695502435814171,207
523.0,512.0,20,300,20,110.76120664897165,102.7217730437074,0.2823550984673968,207
523.0,500.0,35,240,50,110.77733765758722,109.40851653353667,0.5714318158544897,207
523.0,488.0,35,240,60,110.81781602221793,109.46454171540536,0.5489829290433615,207
523.0,500.0,35,240,60,110.818277256697,109.69790290013756,0.6494493431179412,207
511.0,488.0,30,180,40,110.84120300621085,108.88298512776234,0.14636564318857131,207
487.0,512.0,35,240,20,110.93735725714973,108.5542864963029,0.5154778319377128,207
487.0,488.0,25,180,60,110.9450015245571,109.14271359315765,0.4157033104125645,207
535.0,512.0,35,240,50,110.9536291754876,109.54620387828815,0.5591716196923621,207
535.0,500.0,35,240,50,110.98408449022814,109.1636315327824,0.4365116426481089,207
535.0,500.0,35,240,40,110.98894122757576,108.60957988968043,0.33772615656542915,207
535.0,500.0,30,240,20,110.99010601263923,105.00297844445342,-0.3145322790818445,207
523.0,536.0,30,180,40,110.99268166675553,107.95826085347949,-0.06497624968728115,207
499.0,512.0,20,210,20,111.0670413310632,108.90233001718698,0.5246654134968126,207
499.0,524.0,25,180,60,111.08865303328763,107.60474523355725,-0.10299699595029355,207
535.0,488.0,35,240,50,111.09289232097365,109.15527068073642,0.4016094855103818,207
487.0,524.0,20,210,70,111.1241367188955,99.65409424572796,-0.738559413519746,207
523.0,512.0,35,240,50,111.12772803544577,109.77358193511674,0.5732967316965671,207
523.0,512.0,40,180,20,111.18289644502693,107.85339658611079,-0.19943285637367902,207
535.0,524.0,35,240,60,111.19170652947638,110.38189862858593,0.7635349598848241,207
499.0,512.0,25,180,60,111.20331915047134,108.39139278283751,0.12656201318737365,207
511.0,488.0,35,240,30,111.21858169165736,108.54392286628728,0.3849377411792596,207
487.0,536.0,30,180,30,111.28200750650554,109.45611424873097,0.39293617415950866,207
511.0,500.0,35,240,30,111.33916538753671,109.36805970023963,0.5367791418009378,207
523.0,524.0,25,210,20,111.34219575639378,109.44358526927354,0.25003894800702814,207
535.0,500.0,35,240,70,111.41145581400008,110.52324966437574,0.7390112726757697,207
499.0,488.0,30,180,40,111.44324303262326,109.86410998431523,0.43480130935541267,207
499.0,524.0,35,240,20,111.48316301421498,108.99658093195625,0.4084634490641094,207
535.0,512.0,35,240,60,111.58336899981383,110.67989989038887,0.7289227659087681,207
523.0,512.0,25,180,70,111.62342371527663,107.52672484474606,-0.210810238372716,207
535.0,500.0,40,180,20,111.62555432424827,106.53841376458381,-0.59560318049268,207
499.0,500.0,35,240,20,111.69567466592065,108.78717586834271,0.48597204149783074,207
535.0,500.0,35,240,60,111.72748778591263,110.48691249156168,0.5956035498340811,207
487.0,536.0,20,300,30,111.7415683263505,110.19059231314117,0.8729852001572868,207
511.0,500.0,30,180,40,111.82061908786842,110.17079260512777,0.3759109693687474,207
511.0,488.0,20,210,30,111.83144414269472,107.44073879359351,-0.34813360153299866,207
523.0,512.0,35,180,30,111.83719404231263,109.02032024169765,-0.19631287485485682,207
487.0,488.0,30,180,40,111.90073766336202,110.62225129260739,0.6351498823291991,207
535.0,488.0,35,240,40,111.93032558343,108.8607934669569,0.13336593861111593,207
487.0,500.0,35,180,20,111.93617345182138,110.65449137989027,0.6079488430365573,207
523.0,524.0,35,180,30,111.99124216640477,108.79838767301608,-0.16903546583635762,207
499.0,512.0,35,240,20,112.03740137000979,109.41049566436017,0.4657644759934849,207
511.0,536.0,35,240,20,112.05630915076789,109.56118929773689,0.2926032797908651,207
487.0,524.0,35,240,20,112.06904096990175,109.86758302446249,0.4662638556388121,207
499.0,488.0,35,180,20,112.1074200331764,109.95029285119745,0.12771168721362905,207
499.0,536.0,35,240,20,112.122906005026,109.9422840792348,0.3954698084518831,207
523.0,536.0,40,180,20,112.26070471101491,109.5448149705486,0.19063267688082947,207
535.0,500.0,35,180,30,112.26728638356208,107.65809547058221,-0.6741256259537487,207
535.0,512.0,20,300,20,112.29055080338816,101.4629959837457,0.1282350710577012,207
535.0,500.0,25,180,70,112.33278595188794,109.26745168774985,-0.03661928569227048,207
487.0,512.0,35,180,20,112.3668572006522,111.33660577994763,0.6891766397299904,207
535.0,488.0,35,240,70,112.44726973521662,111.57806264916408,0.7408513733965028,207
499.0,536.0,35,180,20,112.45458216627247,110.73324334160067,0.5339952147228988,207
511.0,536.0,25,180,70,112.46137944843696,106.41875426373365,-0.5033426289719379,207
511.0,536.0,20,210,20,112.49391135358354,111.22798076203922,0.7057575784962183,207
511.0,512.0,30,180,40,112.56993683748985,110.90475288725074,0.37947348090738264,207
487.0,536.0,35,240,20,112.58972974681275,110.67945874879291,0.4565097176907402,207
535.0,488.0,35,240,60,112.66414025020951,111.5501989112805,0.6467834445664105,207
487.0,488.0,35,180,20,112.68452927375235,110.95138314645781,0.3261247133762357,207
499.0,500.0,30,180,40,112.70061483425089,111.24610266095081,0.49575543957931584,207
511.0,524.0,35,240,20,112.71659564769111,110.0266010090676,0.33828521653086696,207
523.0,512.0,35,240,30,112.75899555348663,110.88715509080525,0.4825337952584836,207
487.0,524.0,20,300,30,112.81528679569479,111.38662705993288,0.892272672525538,207
523.0,536.0,35,240,20,112.96929994510396,109.83022512336811,0.11020927584656953,207
523.0,488.0,35,240,30,112.97063169785945,108.51341110505999,0.0572007524235619,207
511.0,524.0,25,180,70,113.00407470174542,108.20445154764447,-0.33627415889084483,207
523.0,500.0,35,240,30,113.0138092514885,110.52233807906417,0.3763856539347454,207
511.0,512.0,35,240,20,113.01435366631448,109.9742416300814,0.3995944349257969,207
511.0,488.0,35,240,20,113.0249030396869,107.80701122623307,0.15580469403282501,207
487.0,500.0,25,180,60,113.07754441414261,111.13612669784844,0.3599777726140938,207
535.0,488.0,35,210,20,113.10400794466088,108.14781030540976,-0.8202490745556069,207
487.0,488.0,20,300,20,113.14078427861837,105.91101735998298,0.7826102588121607,207
523.0,500.0,25,180,70,113.17682207399857,110.36711050953835,0.08018284481907903,207
535.0,500.0,20,300,20,113.19318668785812,101.03036857400178,-0.09240343271737948,207
511.0,524.0,30,180,40,113.20808336837644,111.23280028790408,0.28071777220656025,207
511.0,536.0,30,180,40,113.25216341910597,110.68328815775813,0.06809777071909945,207
487.0,500.0,30,180,40,113.26644285919396,111.98441706413892,0.5778768381704742,207
523.0,500.0,40,180,20,113.29947968038773,109.43146883555688,-0.48755833651512065,207
535.0,536.0,35,240,20,113.47790388511608,109.215236454452,-0.11148452841927835,207
523.0,512.0,20,210,30,113.50183797970068,110.2618828138803,-0.2921622093189732,207
523.0,500.0,35,180,30,113.56474226163859,110.43050271227142,-0.5480374679197868,207
523.0,536.0,35,180,30,113.56729420920237,110.9876418948872,0.15527259486401906,207
535.0,500.0,25,210,30,113.60293071092877,108.71442217469934,-0.8119690025581588,207
487.0,524.0,35,180,20,113.6603165121655,112.46287142077148,0.618662984277967,207
499.0,512.0,30,180,40,113.72366086172859,112.16352953934114,0.43054089890967095,207
511.0,500.0,35,240,20,113.78436200620573,109.8789765705625,0.3320585155139279,207
535.0,512.0,35,240,30,113.7865548525631,111.04550398955243,0.22823697091463915,207
523.0,500.0,30,210,20,113.80556067984999,110.05206647141974,-0.565493960262563,207
535.0,488.0,25,180,70,113.8295064421604,111.56760766903949,0.13806435364309627,207
499.0,488.0,25,210,20,113.9996391186613,111.14970985077188,0.06342902747552788,207
487.0,512.0,25,180,60,114.10592747813827,111.0865041093448,0.001469679743150214,207
487.0,524.0,25,180,60,114.12006055073819,109.56586935447501,-0.32392229628680214,207
523.0,488.0,25,180,70,114.12701509618331,112.36706202889518,0.38198373811697156,207
487.0,536.0,25,180,60,114.20592344809174,107.93269695262262,-0.5117420589804451,207
535.0,536.0,20,210,30,114.23870978292099,111.21530999043567,-0.2690849758280421,207
535.0,512.0,30,180,50,114.27535240211762,110.86426573886148,-0.48390747743500834,207
535.0,524.0,30,180,50,114.31053328915444,109.78548413351365,-0.6394383885592362,207
511.0,512.0,25,180,70,114.40162807835786,110.64253983810312,-0.17138597120553628,207
535.0,500.0,30,180,50,114.42478491265987,111.37719099757686,-0.4269434292311089,207
523.0,488.0,35,240,20,114.51035387001971,107.29352224427419,-0.08444820848029609,207
535.0,488.0,30,180,50,114.58496058285647,111.55628680670758,-0.38073770180806427,207
535.0,524.0,30,210,20,114.72535549030871,111.60356493360007,-0.5949623327124437,207
487.0,512.0,30,180,40,114.76181092115564,113.23611459558192,0.45199117430353525,207
499.0,536.0,20,210,70,114.7894087240566,105.21715882356742,-0.7933232544824378,207
499.0,524.0,30,180,40,114.94110268170404,113.08433529039333,0.32246777322502024,207
487.0,512.0,20,210,70,114.98691985811,105.36257275110945,-0.6734650691166468,207
499.0,536.0,30,180,40,115.00728843076918,112.65072553444907,0.08721400426028782,207
511.0,512.0,40,180,20,115.01008252753093,112.99143774842929,0.21320606450837878,207
487.0,500.0,20,210,20,115.07724393795336,112.83445735344354,0.5337617915837084,207
535.0,536.0,30,180,50,115.1019996929445,110.88792010745273,-0.44701549594997725,207
487.0,536.0,35,180,20,115.22552605679147,113.74083408003563,0.5468955925452592,207
535.0,488.0,35,180,30,115.31653469945073,110.29288272992615,-0.6743086580658784,207
511.0,488.0,25,180,70,115.40147822419875,113.76173402511206,0.4655145386754738,207
523.0,488.0,30,180,50,115.41551924925508,113.40497131317083,0.07901863639336987,207
511.0,524.0,40,180,20,115.4466651442885,113.4916915392561,0.3362194834444896,207
511.0,512.0,35,180,30,115.46353990700543,113.89170528103895,0.3993387154891957,207
511.0,500.0,25,180,70,115.4845938677557,112.8089062538472,0.10442649098947118,207
487.0,488.0,40,240,20,115.59247120686541,113.04082995692043,0.5196563953296888,207
523.0,500.0,35,240,20,115.60084274745302,111.19498576785048,0.11006677040096781,207
511.0,488.0,30,180,50,115.60420640857674,114.01845869040635,0.3817097636342597,207
535.0,512.0,45,180,20,115.65859136070715,111.6086878003831,-0.34244618705389546,207
535.0,500.0,35,240,30,115.66801741221113,111.81857282938437,-0.005568561570991022,207
499.0,488.0,30,180,50,115.73723731789956,114.30806961055127,0.49041388639947947,207
535.0,536.0,40,240,70,115.77812618213598,115.34220102531201,0.8741696386913806,207
523.0,500.0,30,180,50,115.88293844558463,113.90275139212083,0.13368752836885453,207
511.0,512.0,25,210,20,115.92519310086946,113.95274577884645,0.2840836554860141,207
487.0,488.0,40,240,70,115.95606749331478,113.98456600431976,0.11826108339837521,207
523.0,524.0,35,240,20,115.99542532195365,112.99020803611873,0.1399603887065941,207
523.0,488.0,35,180,30,116.09510483785766,112.33440835314465,-0.5479455502777681,207
523.0,524.0,20,300,20,116.11908336105007,109.36772405517898,0.39759961658797566,207
487.0,500.0,20,300,20,116.1372388036417,109.47001479588349,0.7760084076060307,207
511.0,524.0,35,180,30,116.1484301577931,114.472135799068,0.41223523553310265,207
523.0,512.0,30,180,50,116.1498352893863,113.84466259202433,0.043984352574461406,207
523.0,524.0,30,180,50,116.15396807024665,113.02717766094896,-0.23464276859993688,207
535.0,536.0,40,240,30,116.15796743463703,114.00451504942833,0.23765183151875757,207
535.0,524.0,45,180,20,116.18202896515375,112.03888375168934,-0.20666434731786829,207
487.0,500.0,40,240,70,116.26170078508004,114.2538374740191,0.06632385166082239,207
487.0,524.0,30,180,40,116.26813055034732,114.4459238417006,0.30964929201392016,207
499.0,500.0,40,240,70,116.32246847051246,114.78046899447712,0.4043073003294786,207
511.0,500.0,35,180,30,116.33828519530459,114.57072089898963,0.21881369843411752,207
499.0,500.0,20,300,20,116.37871508005135,110.57286802378341,0.7181590462454387,207
511.0,512.0,20,300,20,116.38320039722873,111.38205407450414,0.5803432415901144,207
511.0,512.0,40,240,70,116.42790942059922,115.14703127764653,0.5566045879572125,207
511.0,500.0,30,180,50,116.4307202654618,114.73086793740907,0.312152571267492,207
523.0,536.0,30,180,50,116.4766762197781,112.77782890624789,-0.3608539524159859,207
535.0,536.0,40,240,40,116.53431161528208,115.0686503417439,0.4805432479736434,207
511.0,536.0,40,180,20,116.56332456767434,114.6614808357895,0.42226762025631004,207
499.0,488.0,40,240,70,116.57097207928709,115.02589605110926,0.40022061326695535,207
535.0,536.0,45,180,20,116.5783497710703,113.5843957959864,0.11575906184108167,207
523.0,524.0,40,240,70,116.59306137631954,115.85269860709549,0.7896630138183103,207
535.0,500.0,35,210,20,116.59319915856572,112.22077932406013,-0.8055400420869027,207
523.0,536.0,40,240,70,116.61892247999361,116.04069854122142,0.827156510815993,207
511.0,524.0,40,240,70,116.67400124075255,115.58832569937526,0.6439828706276453,207
487.0,488.0,40,240,60,116.69376888795865,115.11346883552808,0.3742346379636308,207
499.0,488.0,25,180,70,116.75022452231208,114.88915446504998,0.4465622900091337,207
487.0,500.0,40,240,60,116.79091841432175,115.26759323655963,0.4146187760037597,207
511.0,488.0,35,180,30,116.8952007292128,114.39869661944124,-0.20218582852406727,207
511.0,536.0,35,180,30,116.9002280315473,114.92919911823785,0.3417108131412819,207
535.0,488.0,40,180,20,116.90296426925815,110.99306548233089,-0.6366149755962551,207
523.0,536.0,40,240,30,116.9045321344537,115.20175605133899,0.4062917710354161,207
523.0,512.0,35,240,20,116.93738696244986,113.93558796316239,0.27320939885593953,207
499.0,536.0,25,180,70,116.94024039464611,110.3153748346771,-0.5256934539006575,207
487.0,488.0,40,240,30,116.94607306987467,115.57925851461441,0.6052381346324714,207
499.0,500.0,30,180,50,117.01020719228914,115.46242209516588,0.4049378371326747,207
535.0,524.0,40,240,70,117.01555949817262,116.45589809519973,0.846077529056639,207
511.0,500.0,40,240,70,117.05019175318124,115.9384528725702,0.6571003272514596,207
487.0,536.0,30,180,40,117.05062597975336,114.88529496735977,0.12534932480671285,207
511.0,500.0,40,180,20,117.0563476193756,114.67646886191622,-0.08133304086921966,207
535.0,524.0,35,240,20,117.06599136718472,112.6576840221707,-0.05235360367040595,207
523.0,536.0,20,300,20,117.07553605351102,110.2952082749167,0.6404723044965178,207
511.0,512.0,30,180,50,117.09553374065236,115.0339758744135,0.18164811870730932,207
487.0,488.0,30,180,50,117.10234964003202,115.9802741807312,0.6546286103244636,207
499.0,536.0,40,240,70,117.15791179495488,114.32733120257049,-0.060329267465464055,207
535.0,524.0,35,180,40,117.25640639077966,113.06057473178264,-0.5728076334119472,207
499.0,500.0,40,240,60,117.27779238324038,115.9337534313289,0.5208205226836677,207
523.0,512.0,40,240,70,117.29043326912976,116.43204013640319,0.7643529135759966,207
499.0,512.0,40,240,70,117.29143787855503,115.78251236028572,0.42552573088358514,207
499.0,524.0,20,210,20,117.29662610692809,115.6348807074148,0.6530354348182074,207
511.0,488.0,30,210,20,117.29804612852443,114.05879585688974,-0.3393199911188213,207
511.0,524.0,30,180,50,117.32272899315296,114.57834586431125,-0.07163605467942948,207
487.0,488.0,35,180,30,117.32962984698753,115.95290187550525,0.526096050724389,207
523.0,536.0,40,240,40,117.35864599850167,116.05530953676354,0.5505382627854121,207
487.0,512.0,40,240,70,117.36497204651008,115.14617985460228,0.0180027123153443,207
487.0,488.0,25,180,70,117.3689441213192,114.00634239701118,0.08908497043918787,207
511.0,536.0,40,240,30,117.38508493745817,115.95806473999913,0.5097831211425665,207
535.0,524.0,40,240,40,117.42700518335353,115.91934473978405,0.47112469062288975,207
499.0,488.0,35,180,30,117.42765042248608,115.73924537106228,0.2872243969410108,207
487.0,524.0,40,240,60,117.45875215363387,115.83750244895924,0.36004834986059214,207
499.0,488.0,40,240,60,117.47719691075861,116.14032814797802,0.5225776018046423,207
523.0,488.0,40,180,20,117.49036832357841,112.86749453553932,-0.5756145841598549,207
523.0,488.0,25,210,30,117.500775350594,112.72583187588204,-0.6610157132943122,207
535.0,512.0,35,180,40,117.50526058733776,113.99643755601079,-0.5967295765432619,207
487.0,512.0,40,240,60,117.53727171983013,116.09608950153009,0.4582425296533201,207
523.0,536.0,25,210,20,117.55300214715737,116.3172028661867,0.5721922057800325,207
511.0,536.0,30,180,50,117.63961980867127,114.2125341130754,-0.2734558650557785,207
487.0,488.0,40,240,40,117.65382320979208,116.6404488099624,0.668484881355712,207
499.0,512.0,40,240,60,117.66725841715187,116.3890573054986,0.5494712875725589,207
487.0,524.0,40,240,70,117.69992929975652,115.17616612940571,-0.03641074424246606,207
487.0,500.0,40,240,20,117.70810387916539,115.46958886082368,0.5228918128204264,207
499.0,536.0,40,240,60,117.7507986515487,116.06406580195008,0.3517548484814416,207
499.0,500.0,35,180,30,117.7604001273076,116.38287109006804,0.5362409562898147,207
499.0,512.0,35,180,30,117.8125759864917,116.59149424711478,0.5792367744663819,207
499.0,488.0,40,240,40,117.82378362563335,116.78909183634096,0.6565250170478363,207
535.0,488.0,35,240,30,117.87463569982958,112.78711821620858,-0.17217753907723968,207
511.0,536.0,40,240,70,117.88595301183375,116.97163076970999,0.705312245810223,207
511.0,524.0,40,240,60,117.90226390335275,116.9415296016563,0.7012708027991505,207
487.0,488.0,40,240,50,117.90393065775676,116.62370319084835,0.553724347850379,207
511.0,512.0,40,240,60,117.9704453896933,116.80918936536358,0.6103073494172884,207
499.0,512.0,30,180,50,117.97853249922233,116.09966372528108,0.27335957121701393,207
535.0,536.0,40,240,50,117.97994603148315,116.908273597531,0.6399156850766993,207
511.0,488.0,40,240,40,117.99641133078246,116.56544796838247,0.5218644107110902,207
511.0,488.0,40,240,70,118.01749110606306,116.78799119138067,0.578455619786572,207
523.0,536.0,40,240,60,118.08471728335437,117.44103712289159,0.8137371308770078,207
487.0,500.0,40,240,40,118.08668250119368,117.02885034042271,0.6476837463583177,207
523.0,524.0,40,240,40,118.09118514574615,116.77630700762435,0.5486147576198129,207
499.0,524.0,40,240,70,118.10960908087235,116.6907019140065,0.4743925160505924,207
535.0,512.0,25,210,30,118.1304546700068,113.76366491255887,-0.7876327192570176,207
535.0,488.0,20,210,40,118.1374731119009,112.65300194312829,-0.821251491293199,207
499.0,488.0,40,240,30,118.16521604355785,116.59196704449724,0.5690336478101568,207
511.0,536.0,40,240,40,118.16586944318378,117.02700758932214,0.6143671514528732,207
523.0,524.0,40,240,60,118.18304468232368,117.33156924920475,0.747600319014112,207
499.0,536.0,40,240,30,118.18564881149466,116.85093139441962,0.536865786711683,207
511.0,524.0,40,240,40,118.19298274484012,116.8945918748134,0.549169216085277,207
511.0,500.0,20,210,30,118.21338934375427,115.03667813110378,-0.08422724081640878,207
523.0,536.0,40,240,50,118.23355330932925,117.21041606774936,0.6591742213964598,207
535.0,536.0,40,240,60,118.23384369251646,117.52954077000005,0.7981062879886017,207
511.0,500.0,40,240,60,118.26645083090517,117.12564160008854,0.620578041553751,207
487.0,500.0,40,240,30,118.28124548517553,116.98903140763156,0.5969220540520458,207
499.0,488.0,40,240,50,118.29853212196932,117.12636783552227,0.5972017321513307,207
511.0,524.0,40,240,30,118.31161655773303,116.73022671777518,0.47167352687673025,207
487.0,500.0,40,240,50,118.32580094530101,117.03173730476105,0.540705794187893,207
499.0,536.0,40,240,40,118.32678796966599,117.10019548789886,0.5726684493473687,207
499.0,524.0,40,240,60,118.36036164061753,117.34109356586329,0.6665378385488256,207
487.0,536.0,25,180,70,118.36141688087422,110.28235957474925,-0.7088186310819037,207
535.0,524.0,40,180,30,118.36491545832533,114.13666263453328,-0.40659376304318073,207
499.0,500.0,40,240,40,118.36677587679259,117.25707979873991,0.622409883119706,207
523.0,524.0,45,180,20,118.36778351312407,115.13564477224308,-0.13078585711553573,207
523.0,488.0,40,240,50,118.39707693308164,116.84178956394143,0.426419417193373,207
523.0,500.0,40,240,70,118.39906808948193,117.46967714927334,0.724032835063974,207
499.0,524.0,25,180,70,118.4020379239081,114.2457096700435,-0.30393444916196877,207
487.0,500.0,35,180,30,118.40944875316042,117.19890103123643,0.6381186581778864,207
511.0,488.0,40,240,60,118.43539978456495,117.2261015233954,0.5788056593241391,207
499.0,524.0,40,240,40,118.4506015471509,117.25824299206899,0.5864525634480647,207
487.0,536.0,40,240,60,118.45402536826691,116.01859311431095,0.020586717313784572,207
499.0,512.0,40,240,40,118.45538153505508,117.27171234951902,0.5901592625544458,207
499.0,524.0,35,180,30,118.45938835987752,117.02557009521828,0.48747717767345494,207
487.0,500.0,30,180,50,118.46469685395616,117.14789860959756,0.5217683295360389,207
535.0,512.0,40,240,40,118.50585180176013,116.9152321467083,0.45774218404111894,207
499.0,488.0,40,240,20,118.54886658857045,115.6066441938669,0.42174861520537904,207
535.0,512.0,40,240,70,118.57239241258259,117.95689614125081,0.8367918269344126,207
535.0,524.0,30,180,60,118.587926486061,114.05890452416905,-0.5624666028556031,207
523.0,512.0,45,180,20,118.60031015580977,115.61410800731296,-0.17760125343117125,207
523.0,512.0,30,210,20,118.60080600413221,115.99697707495662,-0.2883091957589026,207
535.0,500.0,45,180,20,118.60825518568596,113.93139403705516,-0.585462427328848,207
487.0,536.0,40,240,40,118.62261269026588,117.37729823425495,0.5582919041479222,207
499.0,536.0,40,240,50,118.6251929795972,117.306979966462,0.5281099083238358,207
523.0,488.0,40,240,40,118.65100724772675,116.47205512273803,0.2524886194817436,207
535.0,536.0,35,180,40,118.65304161582739,115.2906956937153,-0.27595437192365446,207
523.0,512.0,40,240,40,118.67331162492127,117.37045923053427,0.5601635468980559,207
511.0,512.0,40,240,40,118.67621281396272,117.3768883533882,0.5516870730878098,207
499.0,524.0,40,240,30,118.68029105464996,117.31664436753013,0.5395459111924317,207
535.0,512.0,40,180,30,118.6820176946644,114.80527898611817,-0.4874476439221503,207
499.0,512.0,40,180,20,118.68366732625127,117.46336348208361,0.5695926729434785,207
487.0,512.0,40,240,40,118.6874736407097,117.64800894169292,0.6546504695814934,207
511.0,488.0,40,240,50,118.69112029409605,117.42243921263517,0.5516643033662871,207
499.0,500.0,40,240,30,118.73506086613867,117.25747058874002,0.5620219315418898,207
499.0,524.0,30,180,50,118.73894430333637,116.37880902356214,0.08425615899963113,207
511.0,500.0,40,240,40,118.75313108133774,117.58688443855854,0.6130960155277896,207
535.0,536.0,30,180,60,118.79833866039485,113.99606760862588,-0.5385966290392463,207
499.0,500.0,40,240,50,118.80104273679531,117.47602538153636,0.5157685187191707,207
499.0,512.0,40,240,30,118.82066879606231,117.35881276346261,0.5307831404004864,207
511.0,524.0,40,240,50,118.82526012011066,117.59269099735754,0.5648485669867829,207
487.0,524.0,40,240,30,118.83152721585863,117.64242933798883,0.5948332118863117,207
487.0,512.0,40,240,30,118.83553603035898,117.66245603484121,0.6147502681685004,207
535.0,500.0,35,180,40,118.84850781744807,115.42278266762754,-0.6662625681236202,207
487.0,536.0,40,240,70,118.85462244784321,114.83779844395505,-0.3572521264827665,207
499.0,536.0,30,180,50,118.87584176451601,115.78189607779638,-0.21978122598005734,207
487.0,524.0,40,240,40,118.90829561944801,117.81545844359505,0.6281596373494626,207
487.0,512.0,40,240,50,118.90896306441323,117.61502066275322,0.5324176332241208,207
499.0,500.0,25,180,70,118.92487238248405,116.48093499972616,0.2072365914799134,207
523.0,488.0,40,240,70,118.93419329293647,117.84827824860616,0.6474382323998883,207
535.0,524.0,40,240,50,118.97216884682537,117.78758377086626,0.5883768122630723,207
499.0,524.0,20,210,70,118.98328295559853,110.13097284418961,-0.732552365154068,207
487.0,536.0,40,240,50,119.01195103632118,117.44755981894666,0.39745725543401667,207
523.0,512.0,40,240,60,119.02085066787504,118.0750647227475,0.7017824562055252,207
535.0,536.0,40,180,30,119.02352213425121,116.06762157745123,-0.03586328658108032,207
511.0,500.0,40,240,50,119.03941809648727,117.80655233503995,0.5641384805865103,207
487.0,536.0,40,240,30,119.05437969639306,117.85994802308666,0.5844150435221802,207
499.0,524.0,40,240,50,119.06829930517229,117.89241765896621,0.5883630485493133,207
511.0,536.0,40,240,50,119.08836147223418,118.1810440596989,0.7033058969406693,207
523.0,500.0,40,240,40,119.09399399385688,117.75962899153602,0.5577924765080957,207
511.0,536.0,40,240,60,119.09660135945221,118.50034627246336,0.8238085526052211,207
523.0,524.0,40,240,50,119.10185661893149,117.96247665324506,0.6072338625059964,207
499.0,512.0,40,240,50,119.10705265918043,117.79260889930497,0.5211409020293699,207
523.0,536.0,45,180,20,119.13024817619704,116.62466198714189,0.17278632505112,207
535.0,512.0,30,180,60,119.20991438720819,115.69122875488651,-0.37420760575925766,207
511.0,512.0,40,240,50,119.22990328523443,117.9572385338291,0.5455143764728886,207
487.0,524.0,40,240,50,119.23120602077266,117.91167573977813,0.5154243831576671,207
523.0,488.0,40,240,60,119.24270705324567,118.00703731107501,0.5609318460487479,207
523.0,500.0,40,240,50,119.26679401303298,118.0153163283884,0.5608876517360415,207
487.0,512.0,40,240,20,119.2696370441062,117.26353441748766,0.5035741812427784,207
535.0,512.0,35,240,20,119.28451084477247,114.61825470080515,-0.16304839891737588,207
499.0,524.0,40,180,20,119.28771209294466,117.99444646943057,0.5609389947965188,207
523.0,500.0,40,240,60,119.36224059140612,118.29565099353397,0.6453892117098871,207
535.0,512.0,40,240,50,119.37568276935517,118.1051461362891,0.553539400900764,207
499.0,536.0,35,180,30,119.38253104238723,117.64874361133776,0.3873985309593432,207
511.0,536.0,20,300,20,119.38786589099143,112.85745471954206,0.7547774882970768,207
511.0,512.0,40,240,30,119.41853925474294,117.79292068283148,0.49553128998920143,207
535.0,536.0,30,210,20,119.42844616989765,116.9282841674218,-0.2815908293809927,207
523.0,536.0,30,180,60,119.45142339853058,114.81008716558776,-0.5107120739693038,207
523.0,524.0,40,240,30,119.46338476801198,117.76761275868084,0.4168429018150449,207
535.0,500.0,40,240,50,119.47196760701614,117.88663665582952,0.43779101792443237,207
487.0,512.0,35,180,30,119.47858321931733,118.36882406642272,0.6306777112421093,207
511.0,488.0,40,180,20,119.49639289614665,116.20047368038597,-0.3747104831848648,207
499.0,500.0,40,180,20,119.51791656012571,117.91057148166173,0.3361386897100689,207
523.0,512.0,40,240,50,119.52184298024258,118.31441182234303,0.5779849112894805,207
535.0,524.0,40,240,60,119.53238888938048,118.75616985877458,0.767294539701315,207
523.0,524.0,30,180,60,119.53911142940147,115.68515808925528,-0.33868079163988374,207
487.0,524.0,25,180,70,119.55262195946169,112.60374708029012,-0.6527157011985054,207
535.0,500.0,40,240,70,119.56846359573022,118.71378874635091,0.7439694858067938,207
535.0,488.0,40,240,50,119.58730912993552,117.95911709752292,0.42464072691992044,207
487.0,512.0,30,180,50,119.59903785090968,117.86155186512687,0.3337458430141694,207
499.0,512.0,25,180,70,119.61669361515607,116.26259757720942,-0.11337372347149365,207
499.0,512.0,20,300,20,119.64310619382375,113.75590305106233,0.7267498783640209,207
523.0,488.0,35,210,20,119.67610572858399,115.91897284856026,-0.6596902813441746,207
535.0,524.0,40,240,30,119.74879850457604,117.51841835138012,0.24105676709277923,207
535.0,500.0,30,180,60,119.75915744739625,117.11251139076124,-0.1672340741430174,207
487.0,500.0,20,210,70,119.7598953377641,112.3785668416527,-0.6001381087809569,207
535.0,488.0,35,180,40,119.78436244756331,116.1590707885414,-0.6250243262948482,207
511.0,488.0,40,240,30,119.82420942707022,117.37779160452571,0.33042756464286277,207
535.0,500.0,40,240,40,119.91882333242282,117.84865308635776,0.3276547821978455,207
499.0,500.0,40,240,20,119.97811141397327,117.48464599841033,0.47525607968963723,207
535.0,512.0,40,240,60,119.97895499150677,119.10914499434195,0.7269022607621909,207
487.0,500.0,25,180,70,119.98076335377948,116.47717387870586,-0.01676923539419969,207
523.0,512.0,30,180,60,120.01013414953447,117.0702105161821,-0.10332840517623072,207
523.0,524.0,20,210,30,120.03926944065759,118.21709844242378,0.25088080947531916,207
487.0,524.0,40,240,20,120.0497563888024,118.11768995720935,0.45760646486754836,207
523.0,524.0,35,180,40,120.06711748760874,117.50938431522745,-0.14935810466249855,207
523.0,512.0,35,180,40,120.10156085212523,117.93898731355024,-0.050890452071402734,207
499.0,524.0,40,240,20,120.12807715903202,117.98191086997434,0.3944181133280242,207
535.0,500.0,40,240,60,120.12860158660776,118.99180212923488,0.6025836880368912,207
535.0,512.0,35,210,20,120.14268479280715,116.596837658862,-0.7783009712124432,207
523.0,524.0,40,180,30,120.15037987351097,117.26300186220374,-0.17625458173168176,207
535.0,488.0,30,180,60,120.16717723052886,117.89870058134352,-0.023708417982959005,207
523.0,512.0,40,180,30,120.18865020509658,117.59028704632438,-0.20779476423414406,207
511.0,500.0,40,240,30,120.24890371467178,118.50736842789092,0.5251504898076476,207
487.0,512.0,20,300,20,120.29741174826583,115.63224356076098,0.8406057704959758,207
499.0,536.0,40,240,20,120.32424879138071,118.34890723212096,0.38314291743230877,207
499.0,512.0,40,240,20,120.33618437145223,118.11038521960698,0.4564311175906783,207
511.0,488.0,30,180,60,120.41406295433342,118.96199083510322,0.43680243692086623,207
511.0,536.0,40,240,20,120.41521980433559,118.22217819130528,0.2778641316414102,207
499.0,500.0,25,210,20,120.41554108950851,118.37329923346802,0.3337553101777789,207
511.0,524.0,30,180,60,120.42053168798971,116.85752455518183,-0.26385443257218816,207
487.0,524.0,35,180,30,120.42516083595747,119.12090776062497,0.5239494081859074,207
499.0,536.0,40,180,20,120.43193899221704,118.9202082101198,0.5263166578952703,207
523.0,500.0,30,180,60,120.46694976650004,118.37261148815477,0.12789155779342082,207
523.0,488.0,30,180,60,120.46761453816947,118.81726277331202,0.3153341957421705,207
487.0,524.0,30,180,50,120.47670509834207,118.18710578751863,0.08155109718845047,207
523.0,500.0,35,180,40,120.48168040817254,118.20784753076659,-0.28818056084679405,207
499.0,488.0,40,180,20,120.50950834069315,118.5182855093466,0.11860373752260664,207
535.0,500.0,40,180,30,120.54013402787086,116.38670958290068,-0.676390890228167,207
523.0,488.0,35,180,40,120.57238519113083,118.1402144397733,-0.3095008978529889,207
487.0,512.0,25,180,70,120.59597022382566,115.34068964481368,-0.40894343363768476,207
535.0,500.0,35,240,20,120.60569796502914,115.12923369282092,-0.3147960793298398,207
487.0,536.0,40,240,20,120.6525065742628,118.91543633837895,0.4402171691330623,207
487.0,536.0,25,210,70,120.6583605884752,109.40773280720579,-0.7757159344545371,207
511.0,536.0,30,180,60,120.66289020564919,116.49079630786456,-0.40289539567396326,207
487.0,512.0,40,180,20,120.71054246392546,119.69585938770221,0.6674607909161187,207
487.0,500.0,40,180,20,120.72045187351327,119.43026065350051,0.5385060442806177,207
511.0,512.0,30,180,60,120.72786242813923,117.8904533741924,-0.07022949600188216,207
535.0,488.0,35,240,20,120.74969937065981,113.46439285842654,-0.36674927287650805,207
487.0,512.0,20,210,20,120.76677203198398,118.8073818372644,0.6145399805849798,207
535.0,488.0,40,240,40,120.79583931960289,118.19758962055016,0.1284332642728462,207
535.0,536.0,30,180,70,120.80510935993492,115.92157308003628,-0.5726870005230987,207
535.0,488.0,40,240,70,120.80688348312194,120.00959978863222,0.7560470804788982,207
523.0,500.0,45,180,20,120.82802810728553,117.2583166287077,-0.47052349442320235,207
523.0,536.0,35,180,40,120.86415963590814,118.26448673978847,-0.06564198906505599,207
511.0,500.0,30,180,60,120.90395079013554,118.91949531766934,0.19934043340868549,207
487.0,536.0,30,180,50,120.99102696964414,117.76378125373733,-0.22085793673236362,207
499.0,488.0,30,180,60,120.99901968157468,119.64671905952119,0.48880513420288646,207
535.0,488.0,40,240,60,121.01028272028125,120.00702626631859,0.6577876343267458,207
511.0,524.0,20,300,20,121.09550868418263,115.04595402940322,0.6697780520689139,207
499.0,536.0,20,210,20,121.12611657819527,119.5615697226607,0.6500418412869334,207
535.0,488.0,40,210,20,121.17144071135371,116.76491150748673,-0.8199206458326612,207
499.0,524.0,20,300,20,121.22547401288529,115.93783209268865,0.7901337480039117,207
535.0,488.0,30,210,30,121.24560783888757,116.03026320176347,-0.8197430140000337,207
511.0,524.0,40,240,20,121.26595296734753,118.86095595361218,0.30811042952663364,207
511.0,488.0,35,180,40,121.28595622827685,119.50486984895359,0.13189399775281407,207
487.0,536.0,35,180,30,121.29406274673235,119.70391544771944,0.3969697343642128,207
511.0,488.0,40,240,20,121.29779841096196,116.8267986588339,0.13456034807495695,207
523.0,512.0,40,240,30,121.31451100886233,119.63083073731224,0.4623488383549205,207
535.0,524.0,30,180,70,121.37211937813483,117.06763366593425,-0.48697046896666984,207
487.0,488.0,40,180,20,121.4267097114314,119.77227203422653,0.29543199042432844,207
523.0,488.0,40,240,30,121.42902557572609,117.57502580683546,0.03882016013265315,207
523.0,500.0,40,180,30,121.50426265426921,118.67174481559265,-0.5257833128580696,207
487.0,524.0,40,180,20,121.51608062144123,120.4024112000717,0.6123905131468917,207
523.0,500.0,40,240,30,121.60705228605794,119.34182764888558,0.3323350492911081,207
523.0,536.0,40,240,20,121.60786846413653,118.872310536027,0.08273369109155518,207
511.0,512.0,40,240,20,121.61707345434083,119.0766714729112,0.3997829580082243,207
523.0,536.0,40,180,30,121.62548914497229,119.27450507792845,0.1333664388792,207
499.0,488.0,35,180,40,121.66367117013148,120.21067794903203,0.442000070190629,207
511.0,500.0,40,240,20,121.71887618780995,118.44129913368171,0.33164642518262405,207
487.0,488.0,45,240,20,121.82092238925864,119.6256993549723,0.5200568258135891,207
511.0,524.0,45,180,20,121.85937779541291,119.99707856627833,0.3022257791267202,207
511.0,512.0,45,180,20,121.89311528541128,119.92281847059253,0.16915222502748062,207
499.0,488.0,20,210,30,121.9093635970613,119.20129296590068,0.08955888357804632,207
535.0,536.0,45,240,70,122.02127298511391,121.58874108758819,0.87183090891065,207
487.0,488.0,35,180,40,122.04799828703926,120.84462779520462,0.6450852121662912,207
535.0,536.0,40,240,20,122.0514442130276,118.40538610892844,-0.11816611553293839,207
523.0,536.0,30,180,70,122.06036436645114,116.97697826930373,-0.5773755949999296,207
511.0,500.0,35,180,40,122.17315462169276,120.62599272923174,0.34624737678374634,207
511.0,500.0,30,210,20,122.22099964831484,119.71314791177933,-0.09108450022390527,207
523.0,488.0,40,240,20,122.26764788231603,116.21091191522544,-0.07863832604751385,207
511.0,524.0,25,210,20,122.31757604508623,121.14390596098562,0.5985588163769856,207
535.0,512.0,40,240,30,122.42267771717553,120.05136497335477,0.20238988210298792,207
499.0,500.0,30,180,60,122.47908552811076,120.77906262657818,0.3343706804559784,207
511.0,512.0,35,180,40,122.55081754829281,121.03372798639819,0.37269559486246173,207
523.0,524.0,30,180,70,122.55933232468702,118.4654357434335,-0.3886766431028008,207
523.0,500.0,25,210,30,122.6004065318997,118.74610148396266,-0.5651497484596167,207
511.0,536.0,35,180,40,122.7867531633539,120.56605530410819,0.06846054464096162,207
499.0,500.0,35,180,40,122.8106698651933,121.44078736105058,0.48633430290353324,207
487.0,488.0,45,240,70,122.82091241671093,120.97888333924246,0.10387511281883179,207
523.0,524.0,45,240,70,122.8444293709579,122.03599104588106,0.7589739162871592,207
511.0,536.0,45,180,20,122.85786470609678,121.06781490398492,0.38776161841739404,207
535.0,512.0,30,180,70,122.88548585857477,119.53894148061799,-0.28631867304821074,207
487.0,536.0,40,180,20,122.9033150556156,121.57321968233863,0.5412715937838232,207
511.0,512.0,45,240,70,122.91917603997156,121.69488880331814,0.5547298619829611,207
499.0,500.0,45,240,70,122.92366171026806,121.45161870517892,0.3976137603530415,207
511.0,524.0,35,180,40,122.97658378927294,121.24116660187362,0.2857108543848287,207
499.0,536.0,20,300,20,122.99157283026116,118.83208727523292,0.8539328978627433,207
511.0,536.0,20,210,70,123.0009332057534,115.76301044986839,-0.8270034656923915,207
535.0,500.0,20,210,40,123.03445090096106,117.85189774497321,-0.8171478384433627,207
499.0,488.0,45,240,70,123.16877827396331,121.7160882208828,0.4075278768689351,207
487.0,500.0,45,240,70,123.17377975957247,121.33010102967866,0.07257596115887077,207
499.0,536.0,30,180,60,123.24948854414494,119.38499519842422,-0.3903900378905011,207
535.0,524.0,45,240,70,123.2634921092232,122.66299794628056,0.8327752521168659,207
487.0,488.0,45,240,60,123.27127990665656,121.77326912474284,0.37391835816683255,207
535.0,536.0,45,240,40,123.2762265755599,121.91969094184991,0.4805932917386486,207
487.0,500.0,35,180,40,123.29848667020109,122.13803884082463,0.6036273334627982,207
487.0,488.0,45,240,30,123.40825910015181,122.13234068977985,0.5873016455019278,207
511.0,512.0,40,180,30,123.45262544481466,121.946334466724,0.37065336273376287,207
535.0,536.0,45,240,30,123.45552179714737,121.48265072328095,0.2196220751087028,207
487.0,488.0,30,180,60,123.46816882195546,121.91501972807555,0.4154681591771105,207
523.0,500.0,40,240,20,123.47865643140115,119.53877516728235,0.0714487083734033,207
523.0,500.0,35,210,20,123.49003813171433,120.32384399047702,-0.5671657395648846,207
535.0,488.0,45,180,20,123.53106191542001,117.94331322819508,-0.6569972659703128,207
535.0,524.0,25,210,30,123.54256373877382,120.4052937158506,-0.6082018444318951,207
511.0,500.0,45,240,70,123.5868585060182,122.50429664837006,0.6585678515337392,207
487.0,500.0,45,240,60,123.5956998632704,122.1712129094552,0.43145399626514536,207
499.0,512.0,35,180,40,123.6037187198861,122.1921319656878,0.43275594317487764,207
523.0,536.0,45,240,70,123.61742752992542,123.05664321998493,0.8220468176672067,207
511.0,524.0,45,240,70,123.6272870718574,122.65377495687402,0.671540707990172,207
523.0,512.0,30,180,70,123.63709426886196,120.38317336655122,-0.21822830718158218,207
523.0,512.0,45,240,70,123.68226023856433,122.8380890244091,0.7703557916487934,207
487.0,500.0,45,240,20,123.76217347650032,121.70052543350151,0.506111072213834,207
523.0,524.0,30,210,20,123.77017552920007,122.10965755696091,0.24956681546263398,207
499.0,524.0,30,180,60,123.77703938940385,121.08454427751154,-0.0724746672784813,207
499.0,512.0,30,180,60,123.80819785487144,121.62436286800542,0.154031959270787,207
499.0,512.0,45,240,70,123.8279777780405,122.40601710325328,0.4230907914706804,207
511.0,500.0,45,180,20,123.90504185005169,121.56476792693518,-0.13114809384261059,207
535.0,524.0,35,180,50,123.91243494112274,120.13978350524758,-0.6326626632157684,207
499.0,500.0,45,240,60,123.91751392669936,122.63160599363854,0.5206831312862517,207
511.0,524.0,40,180,30,123.91796342937539,122.36214648662526,0.3993555654404768,207
535.0,488.0,40,180,30,123.93651564400449,119.2979041446127,-0.6739646192905167,207
499.0,512.0,20,210,70,123.96940193181348,118.37331520303579,-0.5389839216725283,207
535.0,512.0,35,180,50,123.97236243003319,121.00453222718023,-0.504757491751935,207
499.0,536.0,45,240,70,124.02371280239144,121.41746684326473,-0.0430642601016784,207
523.0,536.0,45,240,40,124.07816681630783,122.86242456871092,0.5483127642802716,207
499.0,488.0,45,240,60,124.08264314354071,122.81046638233228,0.5263464364188034,207
487.0,524.0,25,210,70,124.09018556007996,114.55410764937263,-0.7379260080121518,207
523.0,488.0,40,180,30,124.1105409528627,120.82205579109906,-0.5487540110980196,207
523.0,536.0,45,240,30,124.11451471450536,122.5247166309443,0.3834773074119959,207
487.0,512.0,45,240,70,124.12634743587184,122.1791283250415,0.08683082604151744,207
535.0,524.0,45,240,40,124.12725022762197,122.74228717596421,0.4720091660230662,207
487.0,488.0,45,240,40,124.19609934765519,123.20869674552976,0.6601604092365086,207
499.0,512.0,45,240,60,124.20661724059579,123.01588649618495,0.5694739088071363,207
511.0,536.0,45,240,30,124.23196696348279,122.8749634513499,0.4913635132275667,207
487.0,488.0,25,210,20,124.2630260634482,122.27144715903368,0.38375406989215216,207
535.0,500.0,35,180,50,124.2914532054216,121.6406374410608,-0.43872111450638623,207
487.0,488.0,45,240,50,124.30340966040305,123.08319419128844,0.5623859603212658,207
535.0,500.0,40,210,20,124.32270533377128,120.50746033960573,-0.8045417268483314,207
487.0,512.0,45,240,60,124.33398415694123,123.0069661888373,0.48382612343400794,207
523.0,488.0,45,180,20,124.34189676959312,120.1963502993922,-0.5652530032843434,207
499.0,488.0,45,240,20,124.35634056431844,121.71411971550546,0.4036287690100511,207
535.0,536.0,45,240,50,124.35796654808772,123.33665875113552,0.6429199841387949,207
511.0,536.0,40,180,30,124.38026951498357,122.60637817177198,0.3311954890936763,207
535.0,488.0,35,180,50,124.39048829633931,121.74621834712464,-0.4060392143251652,207
535.0,500.0,30,180,70,124.39947269339635,121.9065024273231,-0.04324491662329587,207
487.0,524.0,45,240,60,124.40248068185566,122.8607955034753,0.34813673564213127,207
511.0,488.0,45,240,70,124.40322515883389,123.24223289661603,0.5954699351051739,207
511.0,500.0,40,180,30,124.44391055414978,122.72989673598101,0.15014346245134325,207
535.0,524.0,35,210,20,124.4708125908013,121.76655393712988,-0.5952587658993262,207
511.0,512.0,45,240,60,124.47164668432517,123.35616369118578,0.6138190809265165,207
511.0,512.0,20,210,30,124.4767573532148,122.67912661464281,0.3243167122419155,207
511.0,536.0,45,240,70,124.49725143571352,123.66333446719771,0.7173175103568316,207
487.0,512.0,35,180,40,124.51058073141796,123.14344449865666,0.4577618017887668,207
499.0,488.0,45,240,40,124.51611729792224,123.5173656102156,0.6468878667553569,207
523.0,524.0,45,240,60,124.5191818127487,123.69668996905067,0.7599849921327708,207
535.0,500.0,40,240,30,124.53335319483035,121.16534513862227,-0.0172652472384524,207
535.0,536.0,45,240,60,124.54226903932009,123.84005034209957,0.8018002175660829,207
487.0,500.0,45,240,30,124.56358644286632,123.32161652750995,0.5812653939843432,207
487.0,524.0,20,210,20,124.56877513526163,122.72095265287241,0.6116007467844591,207
499.0,524.0,35,180,40,124.61164753699501,122.98404023147236,0.3272796649777683,207
535.0,536.0,35,180,50,124.64240608923073,121.09510950187406,-0.4484271243198115,207
511.0,488.0,45,240,40,124.6476490164178,123.19303927675317,0.4690352327184652,207
499.0,536.0,45,240,30,124.65683687103375,123.39843197490438,0.5298114284338147,207
511.0,524.0,45,240,60,124.66114154869067,123.74879635541576,0.711404197057184,207
499.0,536.0,45,240,60,124.66245499652001,123.05562331020795,0.33777005050682785,207
523.0,524.0,45,240,40,124.68658997396561,123.47049160021754,0.5487431939861465,207
523.0,500.0,45,240,70,124.7074692387031,123.8056387942551,0.7365273729192398,207
487.0,500.0,45,240,40,124.71893248611522,123.71502769812916,0.6523553594325255,207
499.0,536.0,35,180,40,124.72248159631543,122.70150003326734,0.11018121975156324,207
511.0,536.0,30,180,70,124.72966914182501,120.23813595042058,-0.4971608604241417,207
499.0,488.0,45,240,30,124.76039860662823,123.3158805053125,0.5540685079116024,207
499.0,488.0,45,240,50,124.76640018876067,123.65985251357469,0.606163419422262,207
511.0,500.0,45,240,60,124.77025187514809,123.66267869775467,0.6181097756591748,207
511.0,536.0,45,240,40,124.78855128546036,123.7222279752031,0.6151514143608687,207
523.0,524.0,40,240,20,124.79420822811232,122.26648130547113,0.15813231706688138,207
535.0,524.0,45,180,30,124.80093481002251,121.07145962886403,-0.38397277865275675,207
487.0,488.0,20,210,70,124.82876413613324,119.69225101499951,-0.4906889098624343,207
487.0,524.0,45,240,70,124.84402268604504,122.51800671681048,-0.014016423360853257,207
523.0,536.0,45,240,50,124.84825616287884,123.89896778148453,0.6709577629144883,207
523.0,536.0,45,240,60,124.86395231652654,124.25194773008931,0.8209116206223739,207
511.0,524.0,45,240,40,124.86997361109289,123.65877077283031,0.5467199773105884,207
499.0,536.0,45,240,40,124.87712761780928,123.74223101725487,0.5814251574782675,207
487.0,500.0,45,240,50,124.8777431582651,123.6484001877831,0.5485977645819581,207
535.0,512.0,45,240,70,124.97589090133685,124.35267686404721,0.8391735380627736,207
499.0,500.0,45,240,40,124.97753953688533,123.90475465382963,0.6109168371041566,207
523.0,488.0,45,240,50,124.99385925394725,123.58698650569104,0.44498127107638874,207
499.0,524.0,45,240,40,125.00509200429754,123.8786409210358,0.5847340726230602,207
499.0,512.0,45,180,20,125.00659065058038,123.80292804351426,0.5455078255535948,207
499.0,512.0,45,240,40,125.02508161336033,123.90522095129008,0.5878881721921784,207
511.0,488.0,45,240,60,125.03345440753277,123.87977418154958,0.5819367417502523,207
499.0,524.0,45,240,60,125.03355217699492,124.04780606930201,0.6648493257442268,207
535.0,512.0,45,180,30,125.04559654843115,121.5236450914637,-0.456964063425516,207
535.0,524.0,40,180,40,125.06130879169109,121.41036256107837,-0.5469262352458263,207
511.0,524.0,45,240,30,125.09546130775554,123.6352613917056,0.46178567608929705,207
487.0,536.0,20,300,20,125.11468759457976,120.95789103318909,0.8331300269253675,207
523.0,488.0,35,180,50,125.1281924996771,123.32868992201301,0.09193841562527448,207
487.0,536.0,45,240,70,125.13249412272131,121.54776687723107,-0.3232990742766179,207
535.0,512.0,40,180,40,125.15387531515717,122.00713297967533,-0.5799908924565652,207
511.0,488.0,45,240,50,125.15493298676408,123.92782082478189,0.5337049934422938,207
499.0,524.0,45,240,70,125.16147457082208,123.88812637020675,0.5082343405676277,207
535.0,500.0,30,210,30,125.1636022866724,120.65551472983151,-0.8107065444124373,207
511.0,512.0,45,240,40,125.18257798098048,123.96961406241653,0.5479958616340953,207
487.0,500.0,30,180,60,125.18437196109673,123.52940234345259,0.35935254551996476,207
487.0,536.0,45,240,40,125.20937696276104,124.07730586736797,0.5812957735120619,207
499.0,524.0,45,240,30,125.21594720992066,123.8991294205474,0.5168181868973418,207
523.0,512.0,45,240,40,125.22025448525987,124.02384786015294,0.5621129774695339,207
487.0,512.0,45,240,40,125.23001242813751,124.22022411412296,0.6480682735646744,207
511.0,524.0,30,180,70,125.23436609143216,121.60625443082384,-0.3330829642242236,207
499.0,500.0,45,240,50,125.24306397244524,124.00494715557242,0.525772098953886,207
487.0,512.0,45,240,30,125.24558835079745,124.1011582109176,0.5952816680988826,207
511.0,488.0,40,180,30,125.2457305587902,122.92197076227849,-0.23123198579453877,207
487.0,512.0,45,240,20,125.26174856083331,123.48921147545236,0.5056004388578074,207
487.0,536.0,45,240,60,125.27978124828171,123.00041980218273,0.017055966392779193,207
499.0,536.0,45,240,50,125.29013194170749,124.03598182481015,0.5185003299631769,207
523.0,500.0,30,180,70,125.29724151385852,123.01458421805825,0.07254387244240398,207
499.0,500.0,45,240,30,125.30522721578674,123.9367653207427,0.5502064692171773,207
523.0,488.0,45,240,70,125.3262058726939,124.29836658466019,0.6653792544248945,207
535.0,524.0,45,240,50,125.33480667883927,124.22215958592595,0.5900530841914853,207
487.0,524.0,45,240,30,125.33631495729828,124.19418891760367,0.5817035333287609,207
511.0,488.0,35,180,50,125.34836862304368,123.88876054777283,0.39004288880292415,207
523.0,512.0,45,240,60,125.34977825256442,124.43483542223618,0.7101470180292605,207
535.0,512.0,45,240,40,125.35170857864313,123.85839842713698,0.4352383347036246,207
487.0,524.0,45,240,40,125.36965543729407,124.33498080607261,0.6343663066213076,207
511.0,500.0,45,240,40,125.38049803318859,124.26596655759981,0.5986868174569832,207
487.0,536.0,45,240,30,125.39320042317505,124.24879802648094,0.575407510699027,207
499.0,524.0,45,180,20,125.40327593499507,124.14555554245462,0.5397558021348353,207
511.0,524.0,45,240,50,125.40555169803741,124.25548215656686,0.5710013929868931,207
523.0,500.0,35,180,50,125.41615083695913,123.60936211888321,0.11262697622851157,207
499.0,488.0,35,180,50,125.43188677587366,124.09989430945645,0.4983324844019182,207
523.0,512.0,40,240,20,125.43587624106691,122.91461011265937,0.2779719319921351,207
535.0,536.0,45,180,30,125.438940383176,122.6901386385489,-0.0484911677713452,207
499.0,512.0,45,240,30,125.46120858854033,124.08800870587976,0.516690551921361,207
487.0,512.0,45,240,50,125.47479443232635,124.2725936569804,0.552172919830308,207
511.0,500.0,45,240,50,125.51182946692175,124.34082200843166,0.5596875740770832,207
523.0,524.0,45,240,50,125.51243603530973,124.44530462038212,0.6116468579671558,207
511.0,536.0,45,240,50,125.58921743042657,124.73348734101737,0.7075068686236207,207
499.0,512.0,45,240,50,125.58924516612112,124.36145348475237,0.5287785059594088,207
511.0,512.0,45,240,50,125.59658879064277,124.40811834761352,0.5501603292034415,207
523.0,488.0,45,240,40,125.5998244548063,123.6697472936048,0.2780516664265144,207
499.0,524.0,45,240,50,125.60600344296621,124.499697280575,0.5933666489317658,207
523.0,500.0,45,240,50,125.60883069118623,124.40171040111127,0.5430477470927736,207
487.0,488.0,40,180,30,125.61054341635098,124.2677332649606,0.48393283622351646,207
499.0,488.0,40,180,30,125.61878456368366,124.0053557060626,0.2530729254772216,207
523.0,524.0,35,180,50,125.62916981318232,122.9626972749034,-0.23390566766358156,207
523.0,512.0,35,180,50,125.6362331477736,123.57880828422977,0.01749905611319445,207
523.0,536.0,20,210,30,125.66152020685905,124.42330187733046,0.5371441248475405,207
523.0,500.0,45,240,40,125.66259836160134,124.37458591692798,0.5280117030120087,207
535.0,524.0,45,240,60,125.67484399957122,124.91016931765931,0.7738153964494425,207
511.0,536.0,45,240,60,125.6787334298422,125.09459723160214,0.8259365247090501,207
487.0,536.0,45,240,50,125.7027504443808,124.19384734756626,0.3715363484646056,207
523.0,500.0,45,240,60,125.7133840172181,124.68329240458712,0.6493756274330252,207
487.0,524.0,35,180,40,125.73800946666584,124.13548013986389,0.32060051732225625,207
535.0,500.0,45,240,70,125.73997383386654,124.8980472423152,0.7493938569276952,207
535.0,488.0,30,180,70,125.75623465309674,123.84774828297432,0.1398837342419577,207
499.0,500.0,40,180,30,125.76246424389974,124.41357309042395,0.4937542713155109,207
535.0,512.0,45,240,50,125.78522730156074,124.58877144486391,0.5483572266428939,207
523.0,488.0,45,240,60,125.7920130036257,124.68148815591847,0.6034847200158974,207
523.0,536.0,35,180,50,125.81128119792423,122.68835792708379,-0.3616705795199721,207
499.0,512.0,40,180,30,125.82500157468702,124.6582654665228,0.5782050258121276,207
499.0,488.0,30,210,20,125.83873308249736,123.52250476327121,0.059771334427252534,207
511.0,488.0,45,180,20,125.85081287984364,122.75548757557773,-0.38592111162877607,207
535.0,524.0,40,240,20,125.8564298854884,122.11951821899189,-0.08043728079423192,207
499.0,500.0,45,240,20,125.8584290684498,123.67028768539396,0.4744398971515532,207
523.0,512.0,45,240,50,125.89370006561164,124.76423189676137,0.5797211468265411,207
487.0,536.0,30,180,60,125.89871925101185,120.75874648140903,-0.5085226906332238,207
535.0,488.0,40,240,30,125.90010588531358,121.46353376494417,-0.16353690214482688,207
511.0,488.0,45,240,30,125.90714524915984,123.49394638679489,0.2783306338685476,207
487.0,536.0,20,210,60,125.93575477093289,114.19716693520449,-0.8003056261312039,207
487.0,524.0,45,240,50,125.93653428575273,124.67190325914336,0.5061725574222128,207
535.0,500.0,45,240,50,125.97823946624243,124.54384256072706,0.4467334471769991,207
499.0,500.0,45,180,20,125.98564425099343,124.38552294827923,0.285032525019875,207
511.0,500.0,35,180,50,126.04498182612748,124.49982558652385,0.3130625278420562,207
523.0,488.0,30,180,70,126.0592167620394,124.54134712418352,0.37988090835397637,207
499.0,524.0,40,180,30,126.10569564424006,124.7876405642523,0.48595749637293234,207
487.0,512.0,30,180,60,126.17507191549787,123.73119163792556,0.008882585666939407,207
487.0,524.0,45,240,20,126.19229730128998,124.45851067122662,0.4530927386232982,207
487.0,536.0,20,210,20,126.22249374221822,124.40142231049411,0.5469265019657407,207
499.0,512.0,25,210,20,126.25427824797251,124.72052136012948,0.517418798223874,207
535.0,488.0,45,240,50,126.25667790045267,124.80151074284782,0.440561879571997,207
535.0,512.0,45,240,60,126.28637916427304,125.44652058180853,0.7360348908942831,207
535.0,536.0,40,180,40,126.29072927743083,123.33068206937236,-0.25926873643197934,207
511.0,512.0,45,240,30,126.33911611634262,124.81955303705756,0.4729333577076184,207
523.0,524.0,45,240,30,126.36428365431323,124.81218739660622,0.40859858033189367,207
499.0,536.0,45,240,20,126.3914155475197,124.54899031031098,0.37168920468889155,207
487.0,500.0,40,180,30,126.44974276543469,125.2686762063016,0.6139553730902358,207
487.0,524.0,30,180,60,126.45215747036002,122.94735949821565,-0.29192953151065687,207
535.0,500.0,40,180,40,126.46221358839914,123.33587505842834,-0.6859500690000305,207
487.0,536.0,35,180,40,126.5241291248785,124.63771906378548,0.13876331486343077,207
499.0,536.0,45,180,20,126.54140647358494,125.14401975050461,0.5195103988238298,207
535.0,500.0,45,240,60,126.55658671913697,125.4924656796756,0.6158921368068724,207
487.0,524.0,20,300,20,126.5690474267067,122.89982442318376,0.8540062466735389,207
511.0,512.0,35,180,50,126.5788396728663,124.76056274351632,0.17824922623349837,207
499.0,500.0,35,180,50,126.58809615220864,125.19038263832519,0.41715423665121726,207
511.0,488.0,25,210,30,126.59811238806182,123.27575866919653,-0.3406036877592829,207
511.0,512.0,30,180,70,126.61370152920755,123.68343557669999,-0.17545941357650677,207
499.0,512.0,45,240,20,126.70684070819377,124.72144465512454,0.45265309553191385,207
523.0,524.0,45,180,30,126.710154637616,124.05477001133444,-0.15876884949840497,207
511.0,488.0,35,210,20,126.72258843149109,123.9554529985723,-0.342465434651928,207
511.0,488.0,45,240,20,126.7344281965542,122.45648484428838,0.09496325184432358,207
511.0,524.0,35,180,50,126.74648694043131,124.41556973946668,-0.05709250434347401,207
487.0,536.0,45,240,20,126.76019476556004,125.13403604784966,0.4273628928608904,207
499.0,524.0,45,240,20,126.77429416373425,124.76605145082567,0.37079012924635163,207
535.0,524.0,45,240,30,126.78253844271492,124.78712928321026,0.2332030138952048,207
499.0,536.0,40,180,30,126.80383817400723,125.25522761771649,0.3932349118932267,207
511.0,500.0,45,240,30,126.8618842705375,125.22996296166436,0.4946886393629087,207
523.0,512.0,45,180,30,126.89178958426047,124.4925107230577,-0.1935529470890889,207
511.0,536.0,35,180,50,126.90437728750305,124.03130816215142,-0.2609455087711255,207
487.0,488.0,35,180,50,126.91313155708319,125.81907543783872,0.637704326423148,207
535.0,500.0,45,180,30,126.92992219047453,123.15103789290215,-0.6548239434763669,207
487.0,512.0,45,180,20,126.948330757638,125.91964167306695,0.6361023297424014,207
535.0,500.0,45,240,40,126.94985454487491,125.14511516185847,0.34536306738269207,207
511.0,536.0,45,240,20,126.98635120661356,124.9907672384107,0.2698977293287742,207
535.0,488.0,45,240,70,127.03710031714533,126.26822213171555,0.7675452378402073,207
487.0,512.0,40,180,30,127.11198331370674,126.0590892027127,0.6373627301927419,207
523.0,488.0,20,210,40,127.13773552433553,122.06665309019104,-0.6681100049868558,207
523.0,488.0,40,210,20,127.16210771117534,123.89947491064223,-0.6577591306443307,207
511.0,488.0,30,180,70,127.19012569466024,125.77239673616779,0.4550066997799371,207
487.0,500.0,45,180,20,127.20422540284166,125.9505729505047,0.5120182089175306,207
535.0,488.0,45,210,20,127.25078670983332,123.3588690210765,-0.8190793429920393,207
535.0,512.0,40,240,20,127.29181647164019,123.34181756050901,-0.18790174070255058,207
523.0,524.0,40,180,40,127.31193544612519,124.9449660976112,-0.16948601527544932,207
535.0,488.0,45,240,60,127.32361259630343,126.40112955802887,0.6777247633837418,207
499.0,488.0,45,180,20,127.39205045518057,125.36704523379764,0.04299814042417151,207
511.0,500.0,30,180,70,127.41175186396393,125.23739985142365,0.10829261210849543,207
487.0,524.0,45,180,20,127.43244947648063,126.36266821591526,0.6046447502051828,207
499.0,512.0,35,180,50,127.45293282185186,125.80997785754487,0.28579054352676847,207
523.0,512.0,40,180,40,127.49860641707863,125.47377927632282,-0.07600339675276756,207
511.0,536.0,25,210,20,127.56615609131772,126.66278178878693,0.7059742294915283,207
511.0,512.0,30,210,20,127.56847668528948,125.88459938041355,0.2800165110640736,207
535.0,512.0,20,210,40,127.58170557120113,123.05346168508606,-0.7905094519210796,207
499.0,536.0,25,210,70,127.5881765995397,118.91176958993564,-0.7919485387162691,207
535.0,488.0,40,180,40,127.59635466832627,124.36533753126321,-0.6402710773448089,207
511.0,524.0,45,240,20,127.61302978990257,125.4145525757878,0.29341791339213275,207
523.0,536.0,45,180,30,127.62770106867247,125.37052215391554,0.0908545133546466,207
499.0,500.0,20,210,30,127.66482877060426,125.92353866068773,0.39223186491286527,207
511.0,500.0,45,240,20,127.69194422151469,124.7414869164567,0.30925515352864286,207
535.0,488.0,45,240,40,127.70328451016401,125.3687327011227,0.13562672831573272,207
487.0,488.0,45,180,20,127.70524292449203,126.13713450963152,0.29136491431357403,207
535.0,512.0,40,210,20,127.75089574794613,124.60728433725617,-0.7818965472356779,207
535.0,524.0,35,180,60,127.77133845350932,124.01746168715584,-0.5598437195236066,207
487.0,524.0,40,180,30,127.77271173791449,126.5600321024124,0.5265934791633734,207
523.0,512.0,45,240,30,127.82433156641555,126.22143854553707,0.43319028439511387,207
535.0,536.0,35,180,60,127.90877479543465,123.93064492077782,-0.5404493821038941,207
523.0,500.0,45,240,30,127.91198153440271,125.81188390959177,0.3214655184306434,207
523.0,512.0,35,210,20,127.92411268153472,125.63969712241648,-0.29150776260348943,207
511.0,524.0,20,210,70,128.08161546925731,123.61440218684682,-0.6520750283128899,207
523.0,500.0,40,180,40,128.09178197934733,125.96401745594173,-0.318058781195497,207
487.0,500.0,35,180,50,128.09896917286633,126.88592466300152,0.5255289297140047,207
499.0,524.0,35,180,50,128.13867687328369,126.13739412884618,0.10335762613774183,207
523.0,536.0,40,180,40,128.1455957467328,125.8042581205204,-0.06297283177563015,207
523.0,512.0,25,210,30,128.16801473683253,125.5794863108595,-0.29328499492790916,207
535.0,488.0,40,240,20,128.16866152282014,121.74267361189297,-0.32748397265268375,207
487.0,512.0,25,210,70,128.20246117598975,120.84889945219335,-0.6741951227555317,207
523.0,488.0,45,240,30,128.23247068633086,124.85119445646515,0.05484052918529961,207
499.0,536.0,35,180,50,128.24061366773762,125.65012950183858,-0.200064749734402,207
499.0,488.0,30,180,70,128.24127292056755,126.64078029476468,0.4341946917579352,207
523.0,500.0,45,180,30,128.25518223574187,125.57893298610949,-0.49650571421838957,207
535.0,512.0,35,180,60,128.29760658006273,125.27038757410294,-0.39343599033759646,207
523.0,488.0,40,180,40,128.35495149221654,126.1380817279153,-0.3080309977524524,207
511.0,512.0,45,240,20,128.41249913761087,126.08925889002111,0.3597968814332463,207
523.0,536.0,35,180,60,128.44568544670864,124.59777799856313,-0.5149739499187399,207
487.0,536.0,40,180,30,128.52970352959144,127.07265026805479,0.3983004399548449,207
523.0,524.0,35,180,60,128.54762441795452,125.31111065250956,-0.3483640549078773,207
535.0,500.0,40,240,20,128.57257029101555,123.74706875718387,-0.3028708347335816,207
499.0,536.0,30,180,70,128.58002075964794,123.51362128585748,-0.5137552488951677,207
535.0,536.0,35,210,20,128.58956936088535,126.37599314283833,-0.2821753907834946,207
487.0,536.0,45,180,20,128.61502003815428,127.36524548034332,0.535193750470609,207
535.0,536.0,45,240,20,128.65923334827647,125.35940664352024,-0.12689147384072963,207
487.0,488.0,30,180,70,128.6665069677488,125.89844643754513,0.11168658656987868,207
523.0,488.0,30,210,30,128.6968136835736,124.85379957657864,-0.6614844595892168,207
523.0,536.0,45,240,20,128.77460937718357,126.28954239070215,0.04685681668707105,207
523.0,488.0,45,240,20,128.7750034746775,123.48536416822985,-0.04520830001280185,207
535.0,500.0,35,180,60,128.85150135737263,126.53712965256776,-0.1715880071590809,207
487.0,512.0,35,180,50,128.9076161638154,127.37581259248199,0.3449826848546003,207
535.0,536.0,25,210,30,128.91180032175953,126.47301184204366,-0.28190877585314494,207
535.0,512.0,45,240,30,128.94466733622903,126.70407486059376,0.160684420610073,207
511.0,488.0,40,180,40,128.952664762141,127.26821227791139,0.10832306474551504,207
487.0,524.0,20,210,60,129.03272199092578,119.25911427306806,-0.764248005824949,207
523.0,512.0,35,180,60,129.0532880529327,126.53559277555853,-0.1111150539560621,207
523.0,536.0,30,210,20,129.09359846941027,127.98866041203027,0.5779157029814556,207
535.0,488.0,35,180,60,129.18054743281604,127.15828692850525,-0.038697498256853376,207
535.0,512.0,30,210,30,129.18318948560295,125.62360221738815,-0.785483219856651,207
523.0,500.0,45,240,20,129.18987365507803,125.59926455072478,0.07073254263358006,207
499.0,488.0,40,180,40,129.19379314971096,127.7991491425862,0.42946945762808264,207
487.0,536.0,30,180,70,129.30702914547263,122.00364903422941,-0.7054238847736475,207
499.0,500.0,20,210,70,129.43979687837998,125.95410467265107,-0.3053594392640259,207
511.0,512.0,45,180,30,129.44400655587543,127.99140090047194,0.35599656859732465,207
511.0,488.0,35,180,60,129.46868844893092,128.12864166848763,0.4359512078552428,207
511.0,524.0,35,180,60,129.50494313535648,126.55559530775325,-0.2557998966381775,207
511.0,524.0,20,210,30,129.51745878099658,128.39385091613102,0.5823241683019381,207
523.0,500.0,35,180,60,129.52606418653014,127.67208883107065,0.12858140246370822,207
523.0,488.0,35,180,60,129.52797629769177,128.01785922772245,0.3136325719679387,207
487.0,500.0,25,210,20,129.53054249943568,127.96601588488461,0.5287580474561007,207
487.0,488.0,40,180,40,129.56220944019495,128.40433282413537,0.6490236422743126,207
487.0,524.0,35,180,50,129.67218638026927,127.70422384381344,0.09086388630045761,207
511.0,536.0,35,180,60,129.6775347959773,126.25535258759814,-0.3920545738002306,207
511.0,500.0,40,180,40,129.68323161030966,128.17913518880633,0.30020890916132636,207
499.0,524.0,30,180,70,129.82244380383503,126.47523128886536,-0.2966939095852347,207
511.0,512.0,40,180,40,129.82640630243503,128.3744988016157,0.3511871704131995,207
535.0,536.0,35,180,70,129.82660814159095,125.7688606515096,-0.572534593208059,207
535.0,488.0,35,210,30,129.83305505735018,125.3516441523819,-0.8219728859275434,207
511.0,524.0,45,180,30,129.8953473835177,128.40704041015837,0.38127817297785344,207
511.0,512.0,35,180,60,129.89575695695493,127.50034180540518,-0.07448552707811597,207
511.0,536.0,40,180,40,129.95052720864285,127.94073922045011,0.07018692030098485,207
487.0,536.0,30,210,70,129.95464411302,120.70712567620062,-0.7752404273163618,207
487.0,536.0,35,180,50,129.9613069923566,127.20216946186984,-0.21486933417565512,207
511.0,500.0,35,180,60,130.03644341353007,128.28905611862416,0.2007479849898976,207
511.0,524.0,40,180,40,130.10053884013288,128.48961115431928,0.27735776598229994,207
499.0,500.0,40,180,40,130.14460844015431,128.81733078145064,0.4701248860562368,207
511.0,536.0,45,180,30,130.17433290055556,128.49685889946167,0.3065751507524579,207
487.0,488.0,20,210,30,130.1783924074509,128.23334431542747,0.3371787879662536,207
499.0,488.0,35,180,60,130.20406146158186,128.9633420929305,0.49559298289100623,207
535.0,500.0,45,210,20,130.25072184157398,126.84708660302785,-0.8031034368227359,207
535.0,524.0,35,180,70,130.3200904902828,126.73000977684437,-0.48959723692788576,207
499.0,500.0,30,180,70,130.32878235976114,128.35451552788302,0.2206949495061872,207
535.0,488.0,45,180,30,130.4529535421961,126.1382213996473,-0.690474824539143,207
523.0,488.0,45,180,30,130.51959601029654,127.45359104568392,-0.5361440519646935,207
487.0,500.0,30,180,70,130.5477664151024,127.61978412547597,0.007872077377291266,207
511.0,500.0,45,180,30,130.56692440441526,128.84735278832542,0.05668527180457378,207
487.0,500.0,40,180,40,130.68644724076938,129.58826768264026,0.6201951049216898,207
487.0,524.0,30,180,70,130.71859850113165,125.43543854949787,-0.604283313124976,207
523.0,500.0,40,210,20,130.7509846984476,127.96511191711278,-0.5623992933924494,207
523.0,536.0,35,180,70,130.89210959283696,126.68058481719929,-0.5799509804921771,207
535.0,500.0,45,240,30,130.89936093088542,127.91296789829548,-0.0063305513169465,207
535.0,512.0,45,180,40,130.9550338967485,128.06592918114532,-0.5432247595523877,207
535.0,524.0,45,180,40,130.9781821193124,127.76407127815328,-0.5085851785628444,207
499.0,512.0,40,180,40,130.99040993097736,129.66767093888845,0.43676521160641996,207
535.0,524.0,40,180,50,130.9984921379999,127.66916205456123,-0.6236938211140723,207
535.0,512.0,40,180,50,131.00160038614402,128.25578220750535,-0.5289428311699085,207
511.0,500.0,35,210,20,131.0319461544361,128.8421520625032,-0.09170976056392528,207
499.0,512.0,30,180,70,131.09481595317754,128.42721554832474,-0.08367032564402736,207
535.0,488.0,25,210,40,131.19691399019482,125.64481244805404,-0.8214306636742632,207
511.0,488.0,45,180,30,131.3333620456224,129.11990795131695,-0.24219395016724776,207
487.0,512.0,30,180,70,131.34309323010925,127.13882909227095,-0.3939109170988345,207
499.0,500.0,30,210,20,131.34830330575576,129.66828612250794,0.3354250649215739,207
535.0,500.0,40,180,50,131.37328409917518,128.9134953262047,-0.47769731101455587,207
499.0,524.0,25,210,20,131.39325016551456,130.2606287862285,0.6524421809542592,207
523.0,524.0,45,240,20,131.41036171073222,129.1492416413241,0.1741887639144013,207
499.0,512.0,45,180,30,131.45917685306355,130.33196646320985,0.5798633333138458,207
535.0,512.0,35,180,70,131.4976416804778,128.59884993175245,-0.31811115171118537,207
523.0,524.0,35,180,70,131.51486260513698,128.1094814736998,-0.40411847554644875,207
535.0,488.0,40,180,50,131.56931552500672,129.17559093458829,-0.4294905396123545,207
499.0,524.0,45,180,30,131.60048856957246,130.35276473392716,0.4876823476464553,207
499.0,500.0,35,180,60,131.61918935581045,130.10456414386317,0.33347854685857586,207
487.0,512.0,40,180,40,131.6456675586971,130.37970757814648,0.47043695051490336,207
535.0,524.0,40,210,20,131.6513757752366,129.20538761341257,-0.6012616630138433,207
535.0,536.0,40,180,50,131.65886016955574,128.50706198484343,-0.45307436423554615,207
499.0,524.0,40,180,40,131.68981726631515,130.19594479018656,0.33240695149876925,207
487.0,488.0,45,180,30,131.71791307052922,130.4232580887328,0.4758304425157614,207
499.0,536.0,40,180,40,131.73495716161136,129.90790750566615,0.12026591844502797,207
523.0,512.0,45,240,20,131.77416539211447,129.3881419830511,0.24360384304697677,207
499.0,524.0,25,210,70,131.81682423111357,125.53769159407419,-0.7313452884942768,207
499.0,488.0,45,180,30,131.83388462567294,130.2356780842808,0.2029698553123157,207
499.0,500.0,45,180,30,131.8370299782931,130.4831548497861,0.42722787771247667,207
499.0,512.0,20,210,30,131.88233171779427,130.63893765784846,0.5486314803943878,207
511.0,500.0,25,210,30,132.05086542920563,129.5814342071702,-0.0894161680774918,207
535.0,524.0,20,210,40,132.08000567153917,129.19217954987067,-0.5793362779534399,207
535.0,536.0,45,180,40,132.0893047701372,129.42596354841507,-0.23558659700225543,207
523.0,500.0,20,210,40,132.09945989686213,128.2549839954411,-0.5678166421218732,207
487.0,488.0,35,180,60,132.1548990814685,130.6947026831901,0.3889046955534711,207
535.0,524.0,45,240,20,132.1838495566452,128.8882525269461,-0.09162482571156709,207
535.0,488.0,45,240,30,132.2006691748306,128.2589638261096,-0.1401138985006066,207
511.0,536.0,20,210,30,132.21929547115707,131.25998390272406,0.6399821032000689,207
535.0,500.0,45,180,40,132.29745944532638,129.37351332005892,-0.7045100329792534,207
523.0,488.0,40,180,50,132.36490003997756,130.70985854482538,0.11809474428747006,207
523.0,536.0,20,210,70,132.41052064372008,128.8480306771953,-0.6683804711472239,207
499.0,536.0,45,180,30,132.41252611394594,130.97441960457257,0.39983664827711274,207
511.0,488.0,40,180,50,132.43830138758605,131.04334288505146,0.3854321994952261,207
499.0,536.0,20,210,60,132.43885826510328,123.6969890521578,-0.8343754945835622,207
499.0,536.0,35,180,60,132.45682517486034,129.28639252316273,-0.36623573356051203,207
487.0,500.0,45,180,30,132.45890817083207,131.31596651410058,0.6085521894523863,207
523.0,500.0,40,180,50,132.4881622307831,130.7741435949115,0.07831154016045927,207
523.0,512.0,35,180,70,132.52644590410299,129.74395329985052,-0.23478560763084788,207
523.0,524.0,35,210,20,132.55110009464406,131.01905916290636,0.24730266428662273,207
499.0,488.0,40,180,50,132.5521122823106,131.2769071871016,0.5119193153953847,207
523.0,524.0,40,180,50,132.61942711260744,130.21507916895766,-0.2416875775674212,207
487.0,524.0,40,180,40,132.62686372714404,131.16021992285042,0.3348967920213759,207
487.0,500.0,25,210,70,132.64867885730902,127.06060054759534,-0.5977001285755134,207
523.0,512.0,40,180,50,132.71401721554452,130.81406061455291,0.0009503878751568376,207
523.0,536.0,40,180,50,132.72352149373603,129.95112537219578,-0.3660309178834579,207
487.0,512.0,20,210,60,132.78408925143586,125.83120446111717,-0.6928472776534499,207
499.0,524.0,35,180,60,132.85603058793933,130.5379308717899,-0.07908711409790263,207
499.0,512.0,35,180,60,132.85727276173128,131.01494642343536,0.18149416431032248,207
487.0,512.0,45,180,30,132.9097572525548,131.87789276225874,0.6300571963413826,207
523.0,488.0,45,210,20,132.91001762246358,129.9673957054088,-0.6589211895485625,207
535.0,500.0,35,180,70,132.92220108254816,130.73208236227023,-0.05915302113368997,207
523.0,524.0,45,180,40,132.99285384747884,130.74017867612244,-0.1855597859028237,207
511.0,524.0,30,210,20,133.04613380861298,132.00540673391546,0.5962703968597959,207
523.0,500.0,30,210,30,133.0688603980906,129.91159865176624,-0.5636148894482241,207
511.0,500.0,40,180,50,133.0853658574531,131.62548493851486,0.3080116951514371,207
535.0,512.0,45,240,20,133.1591618969505,129.51723070715292,-0.20939689854465318,207
487.0,524.0,45,180,30,133.24296181246433,132.08613625263442,0.5286510454888705,207
487.0,536.0,40,180,40,133.34772964624418,131.61644115969202,0.145600390500011,207
523.0,512.0,45,180,40,133.35154540443693,131.46655722348845,-0.05612087115465244,207
535.0,500.0,35,210,30,133.37628007715168,129.53087158588573,-0.8089598783903857,207
535.0,512.0,45,210,20,133.4601793582542,130.55124755013568,-0.7906551740973923,207
487.0,524.0,30,210,70,133.46670111446159,126.06735078111221,-0.737708510747953,207
511.0,536.0,35,180,70,133.56550062437495,129.91445459841214,-0.4858739167026331,207
499.0,500.0,40,180,50,133.56962426408572,132.25096949523402,0.42326764549247325,207
511.0,512.0,40,180,50,133.58462305158122,131.90857321625688,0.17333090697964995,207
523.0,536.0,45,180,40,133.63718224114504,131.41219745021777,-0.08871086974611468,207
511.0,488.0,40,210,20,133.65396400902705,131.18326617194697,-0.3409920482129538,207
511.0,524.0,40,180,50,133.6748464094029,131.57552110570467,-0.055894796866121366,207
487.0,500.0,20,210,30,133.68278997823836,132.29382652114052,0.49860350951869825,207
535.0,488.0,45,180,40,133.7145313421516,130.62746758623746,-0.6934501939956662,207
523.0,500.0,35,180,70,133.7206148975247,131.71844828558503,0.06883791667597111,207
535.0,488.0,45,240,20,133.7622439847609,127.94071034721118,-0.28521220084455545,207
487.0,488.0,40,180,50,133.76948568949055,132.66744666636362,0.6019410338341522,207
511.0,536.0,40,180,50,133.78002518848373,131.2406440349016,-0.25341900815525004,207
523.0,524.0,25,210,30,133.82309447305488,132.2668850947758,0.251285747828815,207
511.0,512.0,20,210,70,133.84893203689202,131.28405347631696,-0.22438788301224627,207
487.0,500.0,35,180,60,133.92080340714946,132.42595395691333,0.352188325735981,207
487.0,536.0,45,180,30,133.96576848393764,132.57859657136348,0.393212981747565,207
535.0,524.0,30,210,30,134.00770834524286,131.37070410852408,-0.6000736659829286,207
523.0,500.0,45,180,40,134.04622516466188,132.02566167665992,-0.3095985872160329,207
535.0,488.0,35,180,70,134.08111745555465,132.3610092611373,0.13995689973538417,207
511.0,524.0,35,180,70,134.15533899860543,131.13842897469453,-0.3337343466475783,207
499.0,488.0,35,210,20,134.2199821259579,132.18880777597977,0.0554947620911391,207
487.0,512.0,25,210,20,134.30508902060456,132.97843545186961,0.6132135109209516,207
523.0,488.0,45,180,40,134.3427809689671,132.23569659438547,-0.3067270443797776,207
499.0,488.0,20,210,70,134.36763296382384,131.9318479995168,-0.11110776706422083,207
499.0,512.0,40,180,50,134.48672698391104,132.99570174532886,0.30487232610962206,207
523.0,488.0,35,180,70,134.49799879360958,133.1120782946275,0.381189437079944,207
535.0,524.0,40,180,60,134.57928082056978,131.28220135439554,-0.5629220175613325,207
487.0,536.0,35,180,60,134.6072756915543,130.35066903437885,-0.4922434557404194,207
535.0,536.0,40,180,60,134.63195071451318,131.15328444946098,-0.5443816259109446,207
499.0,536.0,25,210,20,134.65061892870233,133.5404473565455,0.6466354143232826,207
535.0,500.0,45,240,20,134.6801273006181,130.2267214152724,-0.2735283308117731,207
511.0,488.0,45,180,40,134.68040715923752,133.06357050592112,0.088530710409258,207
487.0,488.0,30,210,20,134.68435903872648,133.07855489428383,0.3917051934930125,207
487.0,512.0,35,180,60,134.70173961524043,132.53247498199116,0.0024231840992035795,207
499.0,524.0,20,210,30,134.76820106292664,133.70103429403335,0.5892568716955101,207
523.0,512.0,40,210,20,134.79052013216344,132.70787863137693,-0.2906047833543761,207
511.0,488.0,20,210,40,134.79472351331654,131.67626345773388,-0.34602181389875125,207
499.0,488.0,45,180,40,134.89339075093767,133.52237319973355,0.39749729007987245,207
487.0,500.0,40,180,50,134.97353241071164,133.82612942199532,0.5316266695025292,207
535.0,512.0,40,180,60,135.0154599403642,132.277892611991,-0.415319418067431,207
499.0,488.0,25,210,30,135.11583292725848,132.95261570111217,0.07489366881645217,207
523.0,536.0,40,180,60,135.14491756852425,131.77848452473222,-0.5198343965835858,207
499.0,524.0,40,180,50,135.1675102408196,133.39254065901142,0.13116705343710997,207
487.0,524.0,35,180,60,135.18638487551635,132.2180111534746,-0.3041264705466914,207
499.0,536.0,40,180,50,135.19052553335862,132.89502444946996,-0.18585745686313726,207
487.0,488.0,45,180,40,135.2544418844927,134.1475150128293,0.6664530247929578,207
511.0,512.0,45,180,40,135.265205498939,133.86920446192053,0.345177463950474,207
523.0,524.0,40,180,60,135.2655933526044,132.41325063907362,-0.35373730046332974,207
511.0,500.0,45,180,40,135.29047497764884,133.79370418360136,0.2343203940031674,207
511.0,536.0,25,210,70,135.31370592367617,129.59047568967267,-0.8245447366466814,207
511.0,488.0,35,180,70,135.3255353601444,134.01330422922172,0.4455230004821325,207
535.0,536.0,40,210,20,135.34990446383327,133.32108434182206,-0.276565574784238,207
511.0,536.0,45,180,40,135.3573893135449,133.46996629253945,0.05778268724323703,207
535.0,500.0,40,180,60,135.48695460871363,133.33099213618337,-0.2083601123324112,207
511.0,512.0,35,180,70,135.5088780530463,133.07722452675537,-0.1762091144704103,207
511.0,524.0,45,180,40,135.56800987566822,134.03807251316172,0.27186402781382935,207
535.0,500.0,25,210,40,135.57038753352595,130.8545596255765,-0.8156044171526801,207
499.0,536.0,20,210,30,135.6359567430738,134.29733740843594,0.424658172638402,207
535.0,536.0,20,210,40,135.6711573258878,133.6377231176563,-0.13607195489151702,207
499.0,500.0,45,180,40,135.7707855891008,134.4676078630483,0.4495298282462586,207
523.0,512.0,40,180,60,135.7775601886499,133.52736067755274,-0.10948169996462141,207
487.0,512.0,40,180,50,135.80337084171245,134.39671020974933,0.3563057766642927,207
535.0,488.0,40,180,60,135.8364360962813,133.97725263493626,-0.04327690653250295,207
511.0,512.0,35,210,20,135.84571396409655,134.31140171346217,0.27316472265844505,207
511.0,500.0,35,180,70,135.99499099123332,134.10483681831874,0.11675514337320415,207
487.0,512.0,20,210,30,136.02271083319462,134.7820804148305,0.5207294442426368,207
511.0,488.0,40,180,60,136.03978394083447,134.76106388290063,0.4330276272092972,207
487.0,536.0,20,210,50,136.06711339504525,127.39093723015979,-0.8458064720576131,207
499.0,524.0,20,210,60,136.17134405606745,130.4765670692375,-0.7705455209346619,207
523.0,488.0,40,180,60,136.18703555376828,134.7749796807116,0.3244314546620547,207
523.0,500.0,40,180,60,136.25346745107728,134.54974912863628,0.12871172085434232,207
523.0,500.0,45,210,20,136.26058797913754,133.70996235445267,-0.5656942063104954,207
535.0,488.0,40,210,30,136.2611235095822,132.36385251868538,-0.8215308834043952,207
487.0,500.0,45,180,40,136.30617048207606,135.2359445007843,0.6233163949238145,207
523.0,512.0,20,210,40,136.34132647162772,134.02588096113337,-0.21853374400665745,207
535.0,512.0,45,180,50,136.38070659011916,133.79967187829877,-0.5432440096508647,207
511.0,536.0,40,180,60,136.39597270516518,133.442319915655,-0.3725027083332228,207
499.0,512.0,30,210,20,136.40283902398707,135.13340300545397,0.5167241124921914,207
499.0,512.0,45,180,40,136.41925061654385,135.15195720332957,0.4408550044481732,207
511.0,524.0,40,180,60,136.43396978630963,133.8682310680779,-0.25799838730546565,207
535.0,524.0,45,180,50,136.43517937577838,133.46014624537383,-0.5884671185083479,207
499.0,512.0,25,210,70,136.47862338366744,132.33958136804944,-0.5383022642394023,207
511.0,488.0,30,210,30,136.51149990410715,133.7758444361049,-0.3372198186289662,207
523.0,488.0,35,210,30,136.52842225734335,133.265053309649,-0.6603105267946815,207
487.0,524.0,40,180,50,136.52930460058596,134.71977596135196,0.08266367228366739,207
487.0,488.0,35,180,70,136.5651466346355,134.10370862735073,0.10266716834338595,207
487.0,536.0,40,180,50,136.59159664291246,134.09369934248383,-0.2053438867338446,207
535.0,536.0,40,180,70,136.59656162470066,133.04379864001038,-0.5740405328659683,207
499.0,536.0,30,210,70,136.6078767111021,129.9423936600582,-0.7896629870098468,207
499.0,536.0,35,180,70,136.68951598124505,132.42931182957463,-0.48949564663921835,207
487.0,536.0,25,210,60,136.71111690184824,127.18421216660805,-0.7989352464606833,207
511.0,500.0,40,180,60,136.75782450071148,135.16080587554356,0.20672164080169655,207
511.0,512.0,40,180,60,136.76329648891087,134.63202078168254,-0.07667037372672249,207
535.0,500.0,45,180,50,136.7898727031114,134.46340958920942,-0.5166847833647153,207
499.0,488.0,35,180,70,136.86035286573392,135.44472939339397,0.42661271831066566,207
487.0,536.0,20,210,30,136.892308771439,134.63759627617105,-0.11006694208548927,207
487.0,536.0,35,210,70,136.91650168182656,129.54001181678765,-0.7725294579186379,207
499.0,524.0,45,180,40,136.9469307009139,135.5453274953028,0.34407320587699713,207
535.0,536.0,45,180,50,136.9898588099307,134.077059282595,-0.4611651973897973,207
499.0,488.0,40,180,60,136.99536738452454,135.81863378594187,0.5023396319499739,207
535.0,524.0,40,180,70,137.01381461234882,133.84647776258717,-0.4935470902088287,207
535.0,512.0,35,210,30,137.04771338392158,133.97354753473613,-0.7842802027511929,207
499.0,536.0,45,180,40,137.05171745836248,135.38510356111453,0.15563820318815239,207
487.0,524.0,20,210,30,137.05729763914167,135.6245568305315,0.38762867630773995,207
535.0,488.0,45,180,50,137.13630980377522,134.85339047428354,-0.4853575000811431,207
535.0,524.0,45,210,20,137.13994818200075,134.86450318758668,-0.6086144874592739,207
487.0,512.0,45,180,40,137.18755255863385,136.00340116493143,0.4935810938965049,207
487.0,500.0,20,210,60,137.21146623399275,132.35555135826903,-0.5944174206847579,207
523.0,536.0,35,210,20,137.22484547097656,136.1620336868846,0.5716626922404603,207
487.0,488.0,25,210,70,137.28415085365143,133.3926871588596,-0.4957009261275426,207
523.0,536.0,40,180,70,137.3142279578274,133.61207396328837,-0.5796591344193257,207
487.0,536.0,35,180,70,137.3293991999084,131.0691556461679,-0.6815259748805176,207
487.0,512.0,30,210,70,137.37412578180493,131.66200729688032,-0.6716239287716175,207
487.0,524.0,25,210,20,137.38044211749224,136.1084816317942,0.6090770234265357,207
511.0,512.0,25,210,30,137.51698767769471,135.9955028043133,0.3115008284770453,207
511.0,500.0,40,210,20,137.61361126424632,135.6290946433937,-0.09158117170624801,207
511.0,536.0,30,210,20,137.70253276419635,136.92422798689495,0.7080566657109122,207
511.0,488.0,45,180,50,137.80199757043326,136.4550487457836,0.3891379344202155,207
523.0,488.0,45,180,50,137.87643948523242,136.30292147921756,0.1257731249539443,207
487.0,524.0,45,180,40,137.88350833305358,136.50922516067251,0.35102956486150494,207
535.0,512.0,40,180,70,137.89481395849387,135.28103265076552,-0.34742275153160584,207
523.0,524.0,20,210,70,137.9025884538591,135.97170074767865,-0.18522439599973292,207
523.0,524.0,45,180,50,137.9736420794148,135.7310191533832,-0.2561999066982958,207
523.0,512.0,30,210,30,137.98431193602696,135.77467120030772,-0.28644495560628613,207
523.0,536.0,45,180,50,137.99461810833387,135.44354592312195,-0.3646337521324733,207
523.0,500.0,45,180,50,137.99697907175658,136.37191250442282,0.08164511019529426,207
499.0,488.0,45,180,50,138.01467351288767,136.7630766473085,0.5103168005798018,207
523.0,524.0,40,180,70,138.05545600904114,135.02894407189459,-0.4181894621945543,207
523.0,512.0,45,180,50,138.2192249149804,136.45493855493987,0.0230756483839706,207
499.0,524.0,35,180,70,138.3343738607412,135.42542359819038,-0.29508654812787405,207
511.0,500.0,45,180,50,138.39652363197507,136.97967966528606,0.2914507611918747,207
511.0,500.0,20,210,40,138.43387437619091,136.4717576394721,0.015497448791386358,207
499.0,500.0,40,180,60,138.4566467865038,137.0689748331817,0.3452826610250602,207
487.0,536.0,45,180,40,138.4777971276552,136.84796315790058,0.15184307597057836,207
487.0,524.0,35,180,70,138.5423525963578,134.07979282166463,-0.5896027914262053,207
487.0,488.0,40,180,60,138.55674238718117,137.17532804647908,0.3845430466836927,207
523.0,536.0,25,210,30,138.57255429335478,137.47630198022046,0.5382229523726053,207
499.0,500.0,35,180,70,138.6018248806166,136.87279973153565,0.2174731171684047,207
535.0,536.0,30,210,30,138.6504147152894,136.524975853095,-0.28461098095927273,207
487.0,500.0,35,180,70,138.6993491147975,136.1866850881924,-0.0071161442834498274,207
487.0,536.0,25,210,20,138.81891143369575,137.48402867231832,0.5425554791050825,207
487.0,488.0,45,180,50,138.82647952250286,137.7207173994908,0.5687828530915822,207
511.0,512.0,45,180,50,138.8780036848075,137.29022391634538,0.16760930798327797,207
499.0,500.0,45,180,50,138.8897958095935,137.63161985783313,0.4387775963711458,207
511.0,488.0,45,210,20,138.91346353599351,136.64978323204173,-0.3368196056062344,207
511.0,524.0,45,180,50,138.95965117317203,137.02364242091298,-0.04815572939949804,207
523.0,524.0,40,210,20,138.96214952886496,137.52205528636836,0.26022558764561554,207
535.0,488.0,20,210,50,138.9889845493194,133.38345735691038,-0.8277326401965889,207
523.0,512.0,40,180,70,139.02006474358487,136.53080394941293,-0.24244659216565076,207
511.0,536.0,45,180,50,139.03460144528086,136.69803783806123,-0.26083074855983956,207
499.0,500.0,35,210,20,139.05401201320603,137.56402256486143,0.3357926555829574,207
535.0,500.0,40,180,70,139.13287387337505,137.0985180555972,-0.0945189201201141,207
499.0,536.0,40,180,60,139.1840279444934,136.38612775049756,-0.34560842259301994,207
511.0,500.0,20,210,70,139.18694510605619,137.50122732127477,0.16731015238461758,207
523.0,488.0,25,210,40,139.22455036799437,135.28436739364173,-0.6644494569609105,207
487.0,500.0,30,210,20,139.24672832154772,137.97554148681866,0.5312617856528278,207
487.0,512.0,35,180,70,139.306353616859,135.74059574202812,-0.38001820441829004,207
499.0,512.0,35,180,70,139.35456156330542,137.13572150788315,-0.03552767055082246,207
487.0,524.0,20,210,50,139.36021025479218,133.4425667694888,-0.7937957696335162,207
535.0,500.0,40,210,30,139.43767525094538,136.05875845559586,-0.8080906926917548,207
499.0,524.0,40,180,60,139.44899097301374,137.3838044772864,-0.05460152258158812,207
499.0,512.0,40,180,60,139.47592017358497,137.8408145256933,0.21271694693007703,207
523.0,524.0,20,210,40,139.5706066142638,138.3568103110546,0.46146922544404034,207
487.0,536.0,20,210,40,139.67374546812357,134.95999299778322,-0.8205472391145806,207
535.0,512.0,25,210,40,139.7123496548569,136.16600230640037,-0.7903676919322629,207
535.0,536.0,45,180,60,139.80442065178477,136.6604240218904,-0.5479019741628326,207
535.0,524.0,45,180,60,139.80760201139378,136.84398994068076,-0.5497906508130677,207
499.0,512.0,45,180,50,139.88551427390658,138.5059346190303,0.3315868301442256,207
499.0,488.0,20,210,40,139.93143700504953,138.37183321317238,0.23312546001491635,207
523.0,512.0,45,210,20,139.934816655258,137.9839633306151,-0.290550615382435,207
487.0,524.0,25,210,60,139.95569211128452,132.74210709522583,-0.7629194399710729,207
511.0,536.0,20,210,60,139.9709536101398,134.75665470757062,-0.8888530486632066,207
511.0,524.0,25,210,70,139.98017388367853,136.5335124773822,-0.6492062340576957,207
523.0,500.0,40,180,70,140.08782554369557,138.26570961514685,0.06528529520884893,207
499.0,500.0,25,210,30,140.10333217009,138.66593755254016,0.3857956481138034,207
487.0,500.0,45,180,50,140.14735615786643,139.0831918536081,0.5641417475103834,207
535.0,488.0,30,210,40,140.15635915810915,135.54214486587694,-0.8217652167040109,207
535.0,512.0,45,180,60,140.17308667098027,137.61581312294084,-0.44153083557619033,207
535.0,488.0,40,180,70,140.18317703259578,138.5801032735866,0.1402539311505394,207
523.0,536.0,45,180,60,140.2712884222014,137.21004224313847,-0.5246707160690153,207
511.0,536.0,40,180,70,140.286257454777,137.12344272416686,-0.4712165650624964,207
487.0,524.0,35,210,70,140.29205967481548,134.2690394181366,-0.7383180733678721,207
499.0,536.0,45,180,50,140.36257388247625,138.27037911180835,-0.16199288730876868,207
499.0,488.0,40,210,20,140.3673854020683,138.51199353819658,0.04861872537748074,207
523.0,524.0,45,180,60,140.40150691818084,137.80751513157156,-0.3583393949694726,207
499.0,524.0,45,180,50,140.40485027702897,138.79345543902468,0.17686186871994666,207
523.0,500.0,35,210,30,140.426222045125,137.6800245417082,-0.5641710914156417,207
487.0,500.0,40,180,60,140.48136566668066,139.11289825939448,0.3657831244293145,207
535.0,500.0,45,180,60,140.490109827371,138.43703612341596,-0.24900129562024262,207
523.0,488.0,40,180,70,140.51412590770144,139.19102055604301,0.37506796154235894,207
535.0,536.0,45,210,20,140.5729905694213,138.68939522699918,-0.2663525449840989,207
499.0,524.0,30,210,70,140.61641276360436,135.66742539570225,-0.7288186380293019,207
511.0,524.0,35,210,20,140.62086356922893,139.63508739035865,0.5932414766197067,207
499.0,512.0,20,210,60,140.6860426442585,137.3996866312293,-0.4863167285540651,207
535.0,488.0,45,180,60,140.82743903738458,139.02248743300393,-0.09796872718464011,207
499.0,524.0,30,210,20,140.8466246658937,139.90642127914953,0.6491998486072257,207
523.0,512.0,45,180,60,140.9361645661749,138.83729006141388,-0.12993944549198688,207
511.0,488.0,45,180,60,140.97499987714224,139.74250492533676,0.4378439599363023,207
535.0,500.0,20,210,50,141.04435244912133,136.69029647986227,-0.7823662532326033,207
535.0,488.0,45,210,30,141.04833584660665,137.5501595665748,-0.8211761004833945,207
487.0,536.0,40,180,60,141.05015668449846,137.28992788316282,-0.47696285984836556,207
511.0,524.0,40,180,70,141.07476306781945,138.45264271314633,-0.3321132010839356,207
535.0,536.0,20,210,70,141.08318231214136,139.3547297890386,-0.1045861637442759,207
487.0,512.0,40,180,60,141.150091665688,139.22394832641945,0.03793138621744004,207
511.0,488.0,40,180,70,141.18302307011123,139.92388939504363,0.4343707625025342,207
487.0,512.0,45,180,50,141.22328677316958,139.90617073459873,0.3707398776343998,207
523.0,536.0,20,210,40,141.23374216848225,140.0944408497712,0.5089152220983474,207
523.0,488.0,45,180,60,141.2407517551589,139.8856577612559,0.3265402644168959,207
499.0,500.0,25,210,70,141.27366480793629,138.51953326377114,-0.3082859515879321,207
511.0,500.0,30,210,30,141.27818245790186,139.15968908522856,-0.09336841797236495,207
499.0,536.0,20,210,50,141.3459377142076,136.1992200348399,-0.892122958763944,207
523.0,500.0,45,180,60,141.3821785900297,139.7714993408977,0.12592359305139952,207
535.0,524.0,35,210,30,141.3959536877902,139.04526795945577,-0.5987606174191172,207
487.0,488.0,20,210,60,141.4157447657119,138.17732136083532,-0.4982970797610224,207
511.0,512.0,20,210,40,141.42126285397578,140.3276795083318,0.5320180723503288,207
487.0,500.0,30,210,70,141.49252009214106,137.01207002632958,-0.6008789966945409,207
511.0,536.0,45,180,60,141.63602223803744,138.9761114003443,-0.3749071896783549,207
487.0,524.0,40,180,60,141.64542966115553,138.98067331411167,-0.30679491493333627,207
487.0,536.0,45,180,50,141.69291363655796,139.37718416101967,-0.18772117788562973,207
511.0,524.0,25,210,30,141.7571645146686,140.7450110162404,0.5736963722305464,207
487.0,524.0,45,180,50,141.76973082548372,140.07946393871097,0.09761425998833322,207
535.0,536.0,45,180,70,141.77291516975137,138.5540720992444,-0.573716422121224,207
511.0,524.0,45,180,60,141.81929733764022,139.5198317860179,-0.24919103892013816,207
511.0,500.0,45,180,60,141.8774781881251,140.39318794098315,0.22600814490530088,207
511.0,512.0,40,210,20,141.8825677234264,140.44310367281506,0.27227345200046454,207
487.0,488.0,35,210,20,142.04551423094892,140.6205073914723,0.3873845216614448,207
535.0,524.0,45,180,70,142.09485791068377,139.21474562020776,-0.49870174332060413,207
511.0,512.0,45,180,60,142.11976429990142,140.18299417023718,-0.06947628777492575,207
487.0,536.0,40,210,70,142.1233116139672,135.9143352860241,-0.7743439796298311,207
487.0,488.0,25,210,30,142.13986594036345,140.58754518736,0.34120344563989996,207
487.0,524.0,20,210,40,142.1621511253231,139.29990001018083,-0.6070557463093292,207
487.0,488.0,40,180,70,142.17339116047688,139.86464694463558,0.10498775532040024,207
523.0,488.0,40,210,30,142.3166004942586,139.42297543288385,-0.6580976121520674,207
499.0,500.0,20,210,40,142.3191414649376,141.27834987282955,0.5616769319559454,207
511.0,512.0,40,180,70,142.33237103446245,140.22351267264725,-0.15060602510411447,207
523.0,536.0,45,180,70,142.34933010773318,139.01473113144857,-0.5777073666319208,207
499.0,488.0,45,180,60,142.38312166062886,141.23144350145867,0.4894657655417975,207
511.0,500.0,40,180,70,142.51427349512582,140.81164300114852,0.12988711448769028,207
511.0,500.0,45,210,20,142.54684945616503,140.68442309149202,-0.09846650503553261,207
499.0,536.0,20,210,40,142.64910225651676,140.0529904890575,-0.5655319080413594,207
487.0,488.0,20,210,40,142.73112099718944,141.3158536786412,0.27663211261372617,207
487.0,512.0,20,210,50,142.7517682555444,139.06478579130834,-0.6622716885794455,207
535.0,512.0,40,210,30,142.8939106732654,140.10411193978695,-0.7879035673016356,207
511.0,488.0,20,210,70,142.9165709396906,141.65231039622014,0.3959059373140589,207
535.0,512.0,45,180,70,142.9284085653656,140.48570433631133,-0.3830076776189953,207
511.0,524.0,20,210,40,142.94553582529488,141.94312556731646,0.5995317378832056,207
523.0,524.0,30,210,30,142.95671546831724,141.53855200215676,0.2587220161774446,207
487.0,488.0,45,180,60,142.9859574531506,141.59392568527332,0.35616366107065944,207
499.0,536.0,40,180,70,143.0110335047282,139.31766545865702,-0.45174179351093563,207
499.0,488.0,40,180,70,143.02880310039976,141.70890206323872,0.41744285998233205,207
523.0,524.0,45,180,70,143.04696126610025,140.24364219277138,-0.4377642439555639,207
499.0,536.0,25,210,60,143.06630242083028,136.66072565752566,-0.8318020847011328,207
535.0,512.0,20,210,50,143.08254667849272,140.13266150694648,-0.6806716590213671,207
523.0,512.0,20,210,70,143.0869238736753,141.81872779170888,0.39030567108310776,207
511.0,536.0,20,210,40,143.12173764097145,141.69463665913634,0.23565620790841021,207
499.0,536.0,35,210,70,143.14094905583042,137.64906669257925,-0.7886354177333156,207
523.0,536.0,40,210,20,143.21670424053085,142.16999090360966,0.5633628535378691,207
487.0,512.0,30,210,20,143.4377913221696,142.35474705207943,0.6066493966759811,207
487.0,536.0,40,180,70,143.5107318355063,138.06294940652504,-0.6500932818609935,207
523.0,500.0,25,210,40,143.5470555561407,140.49018985450027,-0.571089827429522,207
499.0,512.0,35,210,20,143.56620833797285,142.4237201590014,0.51472326493724,207
511.0,488.0,35,210,30,143.5674343460327,141.15797508548135,-0.3401426913421059,207
487.0,512.0,25,210,60,143.63564697452634,138.47182557311015,-0.6918826768861576,207
523.0,536.0,25,210,70,143.64567391910242,140.78303402552035,-0.6659617913710737,207
499.0,512.0,25,210,30,143.65073292480477,142.575337421905,0.5408473303968157,207
511.0,536.0,30,210,70,143.6512721268833,139.0341944098193,-0.8239540550600746,207
499.0,500.0,45,180,60,143.67744853484749,142.36977258468252,0.35640310302388445,207
499.0,536.0,30,210,20,143.71533842028015,142.78361541792762,0.6436435708909783,207
523.0,488.0,20,210,50,143.74483989232053,140.27247707769163,-0.6284181113017994,207
535.0,524.0,25,210,40,143.78788640410093,141.38524709979384,-0.5946187258114655,207
487.0,500.0,20,210,40,143.82930181376673,142.45954749824534,0.29313746130731955,207
499.0,512.0,20,210,40,143.8381741672197,142.7573672191766,0.5302434965700662,207
523.0,524.0,45,210,20,143.85567383921278,142.46787673376386,0.2604881137432209,207
487.0,512.0,20,210,40,143.92250759680087,142.2036732969274,-0.030034228500112864,207
535.0,500.0,45,180,70,143.92419202172226,141.9757069255209,-0.1440371684647788,207
487.0,512.0,35,210,70,143.94351295569425,139.19867689518495,-0.6726349928034053,207
499.0,524.0,20,210,40,143.97280948321173,142.60956349938482,0.29300129583627116,207
511.0,536.0,25,210,30,143.98934164792612,143.0892747697904,0.6301173596011193,207
499.0,488.0,30,210,30,143.99404546959613,142.115288479707,0.06758929826946652,207
535.0,500.0,30,210,40,144.05201643908583,140.1749296453209,-0.8161885472434957,207
523.0,512.0,45,180,70,144.0758777312695,141.8096338958441,-0.24760798089023392,207
535.0,500.0,45,210,30,144.08793465497146,141.02949746504933,-0.8070493229760001,207
499.0,536.0,45,180,60,144.16530857569398,141.62723237402915,-0.3053187594141288,207
511.0,524.0,20,210,60,144.18105194472187,141.61029293451458,-0.6600255250784615,207
499.0,524.0,40,180,70,144.28935872958195,141.64410606612594,-0.28085319419109456,207
487.0,500.0,40,180,70,144.29988901781886,142.0267996021436,-0.017875855462076203,207
487.0,536.0,30,210,60,144.31741284234667,137.01164884770427,-0.797027652104295,207
499.0,524.0,45,180,60,144.56651684415507,142.73648247783993,0.02556316947440095,207
499.0,524.0,20,210,50,144.60449288268643,141.67008708279897,-0.767663983056403,207
499.0,500.0,40,210,20,144.66385858096464,143.27169352643222,0.33112439577824926,207
535.0,488.0,45,180,70,144.73228672959968,143.16293029298458,0.09699217194714416,207
511.0,536.0,35,210,20,144.7536076164421,144.0171065302809,0.7088463575782561,207
487.0,512.0,40,180,70,144.80926752454346,141.62040682401525,-0.34986759054427957,207
499.0,512.0,45,180,60,144.82973647083332,143.3820672021826,0.26351989498882905,207
499.0,500.0,20,210,60,144.84505026017916,142.89101768916763,-0.10896569376941567,207
499.0,500.0,40,180,70,144.85790429837613,143.2783922529535,0.22655237164691783,207
523.0,512.0,35,210,30,144.87132811255466,142.87445974414808,-0.28974581700094076,207
499.0,512.0,30,210,70,144.90191010817725,141.50849191055096,-0.5368741811943879,207
487.0,524.0,40,180,70,144.9254219307984,141.03783427439467,-0.5835393087541987,207
535.0,524.0,20,210,50,144.95952061487944,143.12063120594055,-0.24104849027360645,207
523.0,500.0,45,180,70,144.97702531540727,143.26354528401896,0.053030601351226773,207
511.0,512.0,25,210,70,144.9798006117284,142.84840094563617,-0.2252553802288282,207
499.0,488.0,45,210,20,145.04743825085754,143.30192711938847,0.039895380150051896,207
499.0,512.0,40,180,70,145.1227986680364,143.1271118286452,0.0227129100269487,207
523.0,488.0,45,180,70,145.14036498198473,143.86143835228154,0.3712565502686289,207
487.0,500.0,25,210,30,145.1471496197365,143.97317229135598,0.4928209403852726,207
535.0,524.0,20,210,70,145.23670939102422,143.95017921079526,0.3577869996784596,207
487.0,500.0,45,180,60,145.32052743565865,144.01378211439422,0.36526800861369607,207
487.0,524.0,40,210,70,145.32235596614993,140.16694312870004,-0.7382994061643157,207
523.0,500.0,20,210,50,145.42946872067702,143.01155217436332,-0.434177881110771,207
535.0,536.0,35,210,30,145.43420960502817,143.4959548971997,-0.2863197396575283,207
499.0,488.0,25,210,70,145.53988991660344,143.49615236186636,-0.12351650749135219,207
511.0,536.0,45,180,70,145.54608680993059,142.63228171137288,-0.49386964452246285,207
511.0,488.0,45,180,70,145.57201108018023,144.3512520798091,0.42760772590764196,207
487.0,488.0,30,210,70,145.68028878235737,142.44414334867696,-0.49666569124208393,207
487.0,500.0,20,210,50,145.88170596014822,143.34126834490095,-0.4516535158003845,207
511.0,488.0,25,210,40,145.91605415460225,143.39829550524152,-0.3385151539874366,207
511.0,536.0,20,210,50,145.93589735077217,143.0251777454002,-0.7814850237965281,207
523.0,500.0,40,210,30,145.94253780357522,143.47058994097486,-0.5614816503212644,207
535.0,536.0,20,210,50,146.00922418213838,144.38951643703317,0.018995906880004056,207
487.0,524.0,30,210,20,146.03252962673727,144.98297835233012,0.6042077751257257,207
523.0,500.0,20,210,70,146.06016207714762,144.84362445824027,0.41136587680190584,207
487.0,536.0,45,180,60,146.0619202610832,142.6815358198033,-0.45151868937477135,207
499.0,524.0,25,210,30,146.06272243741952,145.08463648154768,0.5761856267439903,207
511.0,512.0,30,210,30,146.08362021473064,144.69840279371905,0.30535637524983844,207
487.0,536.0,45,210,70,146.10256653717616,140.67218034683606,-0.7726643876314362,207
487.0,500.0,35,210,20,146.1607510000894,145.02642268768338,0.5283562455481029,207
487.0,536.0,25,210,50,146.16268226007222,139.79915311164328,-0.8432076649489825,207
511.0,524.0,40,210,20,146.21526446725503,145.25284764418996,0.5899172222260776,207
487.0,512.0,45,180,60,146.23912410891242,144.43204210993508,0.02894034202238925,207
487.0,488.0,45,180,70,146.3780391258916,144.12340714194355,0.10968848681753601,207
511.0,524.0,45,180,70,146.4255077673872,144.1928399125098,-0.2537885911235613,207
535.0,488.0,35,210,40,146.52997305572998,142.61071144137068,-0.8248997778551272,207
511.0,512.0,45,210,20,146.55007456956236,145.17677580254295,0.2734554298241488,207
499.0,524.0,25,210,60,146.58731978577416,142.2400908532149,-0.7672533576553903,207
487.0,524.0,45,180,60,146.68231565298314,144.29199872344657,-0.24644797916509278,207
523.0,488.0,45,210,30,146.74472485167567,144.0985086605718,-0.6590508368223782,207
523.0,536.0,20,210,60,146.76072943466795,144.46257433708308,-0.6461495106706223,207
499.0,536.0,25,210,30,146.79537934803972,145.57334090535645,0.4096027971279477,207
535.0,524.0,40,210,30,146.82079949265508,144.651814515847,-0.6046169977217575,207
535.0,536.0,25,210,40,146.8957408252798,145.10102641102029,-0.15984141582420805,207
499.0,524.0,35,210,70,146.90049533366485,142.73267241970763,-0.7268727611613169,207
523.0,512.0,20,210,50,146.9427947028946,145.4316500244838,0.11610191579390551,207
511.0,488.0,20,210,50,147.02038996412864,145.0982769077577,-0.1906653188234118,207
511.0,500.0,45,180,70,147.06021688403797,145.49080644244046,0.16217468208299043,207
499.0,488.0,20,210,60,147.11943433270824,145.5522617201813,0.09146685153026214,207
523.0,536.0,30,210,30,147.13345504510826,146.08962527956555,0.5341637533828206,207
487.0,512.0,25,210,30,147.15421821039013,146.05656324652387,0.5094138294539031,207
535.0,512.0,45,210,30,147.29280668394685,144.67623458864867,-0.7959428227462159,207
487.0,488.0,20,210,50,147.29375984453804,145.26261013377461,-0.3521690380896653,207
511.0,512.0,45,180,70,147.32621884335578,145.41158745660178,-0.11311864713718862,207
523.0,512.0,25,210,40,147.3467031430163,145.38489271013216,-0.217778936081773,207
523.0,488.0,30,210,40,147.37029494467424,144.10861631075457,-0.6648003073695269,207
487.0,536.0,30,210,20,147.38077005371667,146.2378056172343,0.534997147377513,207
523.0,488.0,20,210,70,147.46440355393207,146.16180785690204,0.3273497470368132,207
499.0,512.0,20,210,50,147.4889715542396,145.89190398646514,0.01354332998035989,207
487.0,488.0,40,210,20,147.51807022903725,146.20215378595603,0.3874555875406782,207
523.0,536.0,20,210,50,147.52099960669244,145.93935675274346,-0.016418318019655584,207
487.0,524.0,30,210,60,147.5279392108904,141.84380190499883,-0.7604147735689352,207
499.0,536.0,45,180,70,147.54873641703276,144.0761248301445,-0.4404362941656724,207
499.0,488.0,45,180,70,147.55662300615327,146.271504322722,0.42001588070940943,207
487.0,500.0,25,210,60,147.59088464304162,143.83620619508127,-0.5898760349875696,207
499.0,524.0,35,210,20,147.60259181626404,146.74001821845738,0.6440597813584795,207
523.0,524.0,20,210,50,147.67410373928575,146.45077977999702,0.4199240323202232,207
511.0,512.0,20,210,60,147.67484850440468,146.284358083814,0.23176145400187298,207
523.0,536.0,45,210,20,147.73669119890008,146.70497152004097,0.5628571626563473,207
511.0,500.0,35,210,30,147.74274200356825,145.82856630034064,-0.09618355508754185,207
487.0,536.0,25,210,30,147.74714926989256,145.8144394832244,-0.12545604838783717,207
535.0,512.0,30,210,40,147.7761000735186,144.77509956030215,-0.7934865327165539,207
535.0,512.0,20,210,70,147.77962683158697,146.58397385905232,0.42645915283278996,207
487.0,500.0,35,210,70,147.8246375073263,144.0132419315869,-0.597138912934704,207
499.0,536.0,40,210,70,147.94338391617615,143.21711581031312,-0.7869315604308138,207
535.0,488.0,20,210,60,147.95887503525447,144.21804137617602,-0.7338737618993368,207
511.0,524.0,30,210,70,147.9733882391365,145.05569696847223,-0.6481952988600284,207
487.0,524.0,25,210,30,148.01228934231818,146.7354220665071,0.37476156707006153,207
487.0,536.0,45,180,70,148.18899715211913,143.3548418841136,-0.6193096038950278,207
511.0,524.0,20,210,50,148.19190624366263,146.80312254194777,0.19761975927191536,207
511.0,500.0,20,210,50,148.3475986645506,147.12838374543588,0.4008463143276299,207
523.0,524.0,25,210,70,148.37749982880973,146.66158859425406,-0.197612943287946,207
499.0,500.0,30,210,30,148.41317103097762,147.1142977050604,0.37939840895809823,207
487.0,500.0,45,180,70,148.4868054212575,146.33694028418086,-0.012964910243251852,207
499.0,500.0,20,210,50,148.68143975943002,147.50135864822965,0.43873446694742957,207
511.0,512.0,20,210,50,148.718326289254,147.65129741919372,0.5603296295379334,207
499.0,488.0,20,210,50,148.81602333673519,147.65141970755553,0.4602077708393587,207
487.0,512.0,40,210,70,148.82860235804924,144.6752268758743,-0.6720764154521599,207
511.0,488.0,40,210,30,148.83754291337283,146.63220222805037,-0.3425391139896711,207
499.0,512.0,40,210,20,148.87102739655975,147.7981917268089,0.5146106544482485,207
499.0,524.0,45,180,70,148.89566350396606,146.52199670226938,-0.2205877867024894,207
535.0,500.0,20,210,70,148.9573494664977,147.3747546321753,0.09794033457886817,207
535.0,500.0,20,210,60,148.96701169856252,146.23641344958054,-0.5759940090426705,207
499.0,500.0,45,210,20,149.0016386347099,147.67143848545368,0.32527345599163876,207
535.0,488.0,25,210,50,149.07804241383155,144.5503642432266,-0.830442319856783,207
487.0,524.0,45,210,70,149.1014786790781,144.54073678850028,-0.7356204972764625,207
511.0,500.0,25,210,40,149.10776981015766,147.39347146010263,0.0030419265089652245,207
499.0,500.0,30,210,70,149.14615524633345,146.77995975481784,-0.3099709908162672,207
535.0,536.0,20,210,60,149.15250313549117,147.5413644219925,-0.1356104936694921,207
487.0,524.0,25,210,50,149.28604688908862,144.7498831405181,-0.7929510515862529,207
523.0,524.0,20,210,60,149.29909750276926,147.8744811402819,0.11740339280284638,207
535.0,488.0,20,210,70,149.36333752432228,147.17866072962266,-0.2864288626245227,207
499.0,500.0,45,180,70,149.3640213438711,147.87349420913188,0.2522408295456407,207
523.0,524.0,35,210,30,149.3726326325282,148.0285999798143,0.2585412042371852,207
511.0,500.0,20,210,60,149.46905775149213,148.23119172993853,0.3673005954858115,207
511.0,500.0,25,210,70,149.53626045839627,148.02583509940223,0.14630502247576338,207
487.0,524.0,45,180,70,149.60202930763865,146.16319980845645,-0.5397261713189216,207
511.0,536.0,35,210,70,149.609887645342,145.66396269218077,-0.8221914718989494,207
487.0,512.0,45,180,70,149.7292990332463,146.8187228664037,-0.35412432529014704,207
487.0,536.0,25,210,40,149.76911702996622,146.05698549323037,-0.8184930674951562,207
511.0,536.0,25,210,60,149.83709915237722,145.7607392765026,-0.8860695462553929,207
499.0,512.0,45,180,70,149.8501605783424,148.02124237652694,0.053682124517893004,207
511.0,524.0,30,210,30,149.85807660101645,148.8876406843366,0.5679370219536021,207
523.0,488.0,20,210,60,149.86545854843396,147.70406569936273,-0.3870342161810857,207
487.0,512.0,35,210,20,149.87495266846307,148.90822008742458,0.6032512579426579,207
535.0,512.0,20,210,60,149.96434025257466,148.1796203134217,-0.27176022001510985,207
523.0,512.0,40,210,30,149.98530673305757,148.1241148387301,-0.29133090326982747,207
487.0,536.0,35,210,60,149.99163063598823,143.97914032546223,-0.792800831118344,207
511.0,536.0,40,210,20,150.01413026889145,149.29294631224428,0.7105837254395599,207
535.0,500.0,35,210,40,150.04754383626644,146.6818531482761,-0.814991853731461,207
511.0,488.0,20,210,60,150.1057206722917,148.82637698438185,0.31986570426105626,207
487.0,488.0,30,210,30,150.11364781035178,148.7277645981043,0.33558442932712323,207
523.0,500.0,45,210,30,150.12435560499446,147.83238521171867,-0.5648202204858485,207
523.0,524.0,25,210,40,150.15258630653767,148.98956561276106,0.44656148215590397,207
499.0,536.0,35,210,20,150.2323751783932,149.3712868482167,0.6373945421669838,207
499.0,488.0,35,210,30,150.2546588788842,148.53127916835504,0.06088858146592447,207
535.0,524.0,20,210,60,150.2888365979197,148.9146052260775,0.19463288157574873,207
523.0,500.0,20,210,60,150.33428110247678,148.78132965709506,0.03010028750402364,207
499.0,488.0,25,210,40,150.37590868898798,148.94727305400696,0.20755447817867473,207
499.0,536.0,30,210,60,150.4044440133379,145.27439951978462,-0.8275789415111772,207
523.0,512.0,20,210,60,150.439578323861,149.15687755586362,0.31330106129921576,207
535.0,536.0,40,210,30,150.48129238930815,148.67033726029882,-0.27776785702678164,207
511.0,524.0,45,210,20,150.5177292039711,149.57777428565876,0.5963607714886997,207
499.0,512.0,25,210,60,150.6007727787148,147.93033712657817,-0.4891085980128331,207
499.0,512.0,35,210,70,150.9112918102811,147.96246607666907,-0.5365880517136217,207
535.0,500.0,25,210,50,150.97096341136046,147.43780471897716,-0.7877671035528866,207
487.0,512.0,30,210,60,150.9731199221303,146.77384177410042,-0.6868677822025995,207
535.0,524.0,45,210,30,150.98760631935392,148.94479347327245,-0.6095916739619336,207
499.0,536.0,25,210,50,151.07506032770362,147.05237188490744,-0.8893160005140035,207
535.0,536.0,25,210,70,151.09167746092325,149.55241532173355,-0.07197358575147995,207
523.0,536.0,30,210,70,151.11566837783099,148.63175455708497,-0.661255806721652,207
523.0,500.0,30,210,40,151.1953678286159,148.56274302599599,-0.572693350230169,207
535.0,488.0,40,210,40,151.25884816410232,147.7889164172655,-0.8249506190231207,207
487.0,500.0,40,210,20,151.28938110403328,150.236695761113,0.5293793358394961,207
487.0,488.0,25,210,60,151.34504148910204,148.68348880995285,-0.5042315730320025,207
535.0,524.0,30,210,40,151.49961279872406,149.36211372751725,-0.5963973032023134,207
499.0,512.0,30,210,30,151.52743126705468,150.5219442383503,0.5371579920661335,207
499.0,524.0,40,210,70,151.57233338421156,147.9219477629032,-0.721995158045388,207
487.0,488.0,45,210,20,151.60777901075852,150.36562111107435,0.39156455613403524,207
499.0,536.0,45,210,70,151.60860431909938,147.3778155500903,-0.7892400350693412,207
523.0,536.0,25,210,40,151.63474740452835,150.5499726415505,0.5124307593622496,207
487.0,488.0,35,210,70,151.66435336718266,148.81694454597263,-0.49676676590528424,207
511.0,512.0,25,210,40,151.70893192330212,150.64191395518156,0.5116401609141057,207
511.0,536.0,30,210,30,151.91828871467996,151.02908612863033,0.6208796081584645,207
487.0,524.0,25,210,40,152.02645225369193,149.6028023067953,-0.6184992360899534,207
511.0,512.0,35,210,30,152.14732239509848,150.83512844618195,0.29753956385863023,207
487.0,524.0,35,210,20,152.19857182236748,151.24780135260275,0.5979817276128652,207
487.0,512.0,25,210,50,152.37471240355998,149.3804245223809,-0.6660475659862644,207
511.0,512.0,30,210,70,152.3895397076747,150.47521918659368,-0.23471590989318586,207
499.0,500.0,25,210,40,152.41865483118286,151.39856327581234,0.543557143785504,207
487.0,512.0,45,210,70,152.48501493477298,148.75274156589015,-0.6704157503168312,207
487.0,500.0,40,210,70,152.48842171553812,149.11410911975557,-0.59723586525282,207
499.0,536.0,25,210,40,152.57022293852123,150.3527139773387,-0.5725871751163553,207
499.0,524.0,40,210,20,152.6110466671163,151.79575243631643,0.6466143719898313,207
487.0,488.0,25,210,40,152.6187054243046,151.30024064869747,0.2608090572756215,207
511.0,488.0,25,210,70,152.64999673050482,151.44967496999266,0.3795975092929776,207
511.0,500.0,40,210,30,152.6643400808097,150.89684350359414,-0.09114312047551162,207
523.0,512.0,25,210,70,152.7360447970278,151.53057789181233,0.3828319315131339,207
511.0,488.0,45,210,30,152.77120978615088,150.71832467813766,-0.3389119199076959,207
487.0,500.0,30,210,30,152.8184425109714,151.73181448996823,0.48623376704404175,207
499.0,512.0,45,210,20,152.8559511831204,151.81881008755977,0.5111480033718689,207
499.0,488.0,30,210,70,152.9217337168013,151.0805158029736,-0.13815916848336293,207
535.0,512.0,25,210,50,152.97219214838373,150.48601985957671,-0.6912539156343124,207
487.0,524.0,35,210,60,152.97686880391686,148.19018890869134,-0.759297737934742,207
511.0,524.0,25,210,40,153.035758015496,152.0458912927535,0.5888373038496095,207
487.0,536.0,30,210,50,153.05159939698677,147.9282302644479,-0.8410222769770024,207
523.0,488.0,35,210,40,153.0630361118362,150.21436615445302,-0.6614664351084956,207
511.0,536.0,25,210,40,153.1228266692584,151.76952085001338,0.19621988749344643,207
523.0,536.0,35,210,30,153.23287567108122,152.20177270102613,0.5205655167318205,207
523.0,488.0,25,210,50,153.37148697733483,150.55339218131698,-0.6336082928446112,207
511.0,488.0,30,210,40,153.375721194915,151.17244925578376,-0.33817595040683257,207
487.0,536.0,35,210,20,153.37786611257852,152.31754572595239,0.5234415824522655,207
535.0,512.0,35,210,40,153.46600485068024,150.7896917599972,-0.7913276121513101,207
511.0,524.0,25,210,60,153.59411809263963,151.39571801449267,-0.6619161890701283,207
499.0,524.0,30,210,30,153.615060490425,152.67071781869424,0.5690414858385835,207
487.0,500.0,25,210,40,153.61614774239226,152.3371876179708,0.28690860926769873,207
511.0,524.0,35,210,70,153.63154133985776,151.0389177026985,-0.6413658164029031,207
499.0,524.0,30,210,60,153.6343242995,150.018945748068,-0.7629742209707854,207
499.0,512.0,25,210,40,153.6380382350991,152.5966399327041,0.5287638795766528,207
487.0,512.0,25,210,40,153.66119713935154,152.10525732000283,-0.04030658169542331,207
499.0,524.0,25,210,40,153.6912616269055,152.38266788534713,0.24728235310247923,207
523.0,512.0,45,210,30,153.8063362889214,152.04290546818933,-0.2875297599753119,207
511.0,536.0,40,210,70,153.97367350315903,150.42975352302813,-0.8198139520663521,207
511.0,536.0,45,210,20,153.99146134708684,153.27400083994755,0.7131119721366079,207
499.0,524.0,25,210,50,154.05874963762753,151.58778117840959,-0.7662869657176931,207
523.0,524.0,40,210,30,154.09446043115688,152.79817867531182,0.26056441589102136,207
499.0,536.0,30,210,30,154.23231504896944,153.06009107563975,0.3939770006962137,207
487.0,536.0,40,210,60,154.26436222806137,149.06914993417612,-0.7920635856496693,207
499.0,500.0,35,210,30,154.29674009906438,153.06874248964874,0.370968988064215,207
499.0,500.0,25,210,60,154.3260638631406,152.59864914309637,-0.1301232966067432,207
535.0,536.0,30,210,40,154.38160537418577,152.72257710718782,-0.17799408020496982,207
535.0,536.0,45,210,30,154.3840537542025,152.6821999344102,-0.2658197500979268,207
535.0,500.0,40,210,40,154.42933926966057,151.41563678478,-0.8120604821391669,207
535.0,524.0,25,210,70,154.54985523826065,153.34574416865956,0.38105633506057135,207
487.0,500.0,30,210,60,154.5883786302083,151.4190579685219,-0.59235341871085,207
535.0,524.0,25,210,50,154.62235058136156,152.96163896022634,-0.27198036195569886,207
487.0,512.0,30,210,30,154.66834928427195,153.6252315536334,0.4974418854483929,207
487.0,512.0,40,210,20,154.67048934714978,153.76098528170334,0.5993591831832283,207
523.0,512.0,30,210,40,154.7308298763635,152.9477995545785,-0.2285076296875264,207
535.0,488.0,45,210,40,154.75662917846347,151.5993133108402,-0.8243424112627274,207
499.0,500.0,35,210,70,154.7653317791243,152.62263320121818,-0.31662214234297975,207
523.0,500.0,25,210,50,154.91744986820044,152.83445594037886,-0.4400731792163072,207
499.0,488.0,40,210,30,154.92694317381492,153.30215096725178,0.05136734476468878,207
487.0,536.0,30,210,30,155.01482885134826,153.26184750042776,-0.1353219043700507,207
499.0,536.0,40,210,20,155.04634953377305,154.2180445895788,0.6327816992112112,207
499.0,524.0,45,210,70,155.11332802013578,151.79329962275716,-0.7251589066736901,207
487.0,500.0,25,210,50,155.1137667119802,152.95817230440494,-0.4490423340850027,207
487.0,500.0,45,210,20,155.18229260932023,154.17461595857452,0.5286389251672625,207
511.0,536.0,25,210,50,155.24325023510033,152.76869919691526,-0.7850050229004445,207
523.0,524.0,30,210,70,155.27193158325838,153.68074414914997,-0.2005252285174948,207
487.0,524.0,30,210,30,155.32714691919867,154.10559319477827,0.35197840312073336,207
523.0,500.0,25,210,70,155.34977435831024,154.21566665789106,0.4297170973128796,207
499.0,512.0,40,210,70,155.36229165095392,152.7066649035114,-0.5336110094945244,207
535.0,536.0,25,210,50,155.5261833541645,154.04178391059165,0.002871130217040145,207
499.0,536.0,35,210,60,155.5666934057618,151.2017484922992,-0.822912555967178,207
511.0,524.0,35,210,30,155.6251220062452,154.66594145176504,0.5577115391727313,207
523.0,536.0,25,210,60,155.82433952140562,153.8266687798877,-0.6586695196129473,207
487.0,488.0,35,210,30,155.85263998563178,154.55643872719057,0.32856593625047825,207
535.0,488.0,30,210,50,155.96248173069884,152.19634505483987,-0.8340939825748869,207
487.0,524.0,30,210,50,156.01148304802177,152.22617074988287,-0.7918632295801762,207
487.0,500.0,45,210,70,156.02724241427654,152.94481182349162,-0.5971270553217017,207
487.0,488.0,40,210,70,156.05496872405237,153.45676230226331,-0.4993928438905043,207
523.0,512.0,25,210,50,156.24253256518858,154.86565724617606,0.13058877655233317,207
499.0,488.0,25,210,60,156.246140906177,154.809211998199,0.07629915348132771,207
511.0,488.0,25,210,50,156.2716060128615,154.5668959563926,-0.20138643411794982,207
487.0,512.0,35,210,60,156.2777370151077,152.64703111143163,-0.6858630551971833,207
511.0,500.0,30,210,40,156.30089208098732,154.7125552568012,-0.013959960605267044,207
511.0,500.0,45,210,30,156.30677319359077,154.6300388375959,-0.09120970432810804,207
499.0,524.0,45,210,20,156.38944396898856,155.60559148953914,0.6534652454975203,207
523.0,536.0,35,210,70,156.39368540596072,154.14205429246866,-0.6578700213992967,207
511.0,500.0,30,210,70,156.39936623451302,154.98144765487038,0.12880647563525108,207
487.0,488.0,25,210,50,156.43858044152577,154.6449190504902,-0.3589003036736038,207
511.0,536.0,30,210,60,156.45669783311521,153.00367786779614,-0.8838584372706891,207
523.0,488.0,25,210,70,156.4795483550802,155.27035764980607,0.33976197821381426,207
499.0,512.0,25,210,50,156.56799942075963,155.0922032838076,-0.013493891027687561,207
523.0,500.0,35,210,40,156.58451291451507,154.21722062213004,-0.5724192984942632,207
487.0,536.0,30,210,40,156.61337571078602,153.44993671107537,-0.8193243714609028,207
511.0,512.0,40,210,30,156.65936003665024,155.39065780519516,0.2905839732709246,207
511.0,512.0,25,210,60,156.66349199358177,155.34551574223732,0.2005746115524531,207
523.0,536.0,25,210,50,156.70240815553498,155.244129673616,-0.02932620251710709,207
487.0,524.0,40,210,20,156.78722015635046,155.8892923815906,0.5945570259181329,207
535.0,512.0,25,210,70,156.78781074127244,155.64660833485638,0.4378487858381892,207
535.0,488.0,25,210,60,156.8567776418146,153.80535274832917,-0.7414049408970821,207
523.0,524.0,25,210,50,156.92827261216823,155.74479943146977,0.40506073614884136,207
535.0,524.0,35,210,40,156.9696480524749,154.9930949036205,-0.5940972522155346,207
487.0,524.0,40,210,60,156.97514154920069,152.77051750422913,-0.756523143896671,207
499.0,512.0,35,210,30,157.0946428733675,156.1145453350963,0.5288352762438047,207
523.0,488.0,40,210,40,157.21291312866015,154.63385902444912,-0.6599375732181741,207
499.0,512.0,30,210,60,157.22006025083695,154.89332756147783,-0.4910375585448398,207
511.0,524.0,25,210,50,157.27130888543604,155.9544252098175,0.17815168017278385,207
523.0,524.0,30,210,40,157.27455608000056,156.14275067324667,0.44116344296412036,207
511.0,536.0,45,210,70,157.2748331929352,154.0540727129181,-0.815054901103515,207
499.0,488.0,30,210,40,157.36196594705976,156.01248892176588,0.19508789313462385,207
511.0,500.0,25,210,50,157.3967781173402,156.2237705001371,0.39191287148132986,207
487.0,536.0,45,210,60,157.44912625375838,152.82464307416274,-0.7871324436925097,207
511.0,536.0,35,210,30,157.50115497171527,156.6097928237967,0.6116135402523459,207
511.0,512.0,35,210,70,157.5849296641664,155.8095141764481,-0.24009366396092355,207
499.0,536.0,30,210,50,157.6208501604911,154.21645870249282,-0.8846572048239357,207
499.0,500.0,25,210,50,157.64569284823762,156.51201608511707,0.4435944162029326,207
523.0,524.0,45,210,30,157.66700493145277,156.4011497785101,0.25909266645048606,207
535.0,512.0,40,210,40,157.70679855064296,155.2239266298644,-0.7972009952146327,207
523.0,536.0,40,210,30,157.7227937226192,156.70185751131152,0.5125757541091541,207
511.0,524.0,40,210,70,157.73566882034996,155.35426778562402,-0.6370938435952238,207
535.0,500.0,25,210,60,157.73810500747075,155.4162799003974,-0.5898735023289231,207
535.0,536.0,30,210,70,157.74670159259242,156.31012142000233,-0.04926028540791855,207
499.0,488.0,25,210,50,157.75364891873937,156.6148883600107,0.44526137128669757,207
535.0,500.0,30,210,50,157.75960354210213,154.7354536973897,-0.7977665776967877,207
511.0,512.0,25,210,50,157.76627925628813,156.696498808807,0.5325605195273392,207
535.0,500.0,45,210,40,157.7841952396032,155.01972227762894,-0.8124548295092697,207
535.0,500.0,25,210,70,157.79663016554616,156.35909242271015,0.08993967768896935,207
487.0,536.0,40,210,20,157.96756387442792,156.95371951308277,0.5161728895848369,207
535.0,488.0,25,210,70,157.97615331285124,156.07904614944775,-0.30250924007176,207
487.0,488.0,30,210,60,158.02452049743619,155.68367476250165,-0.506590216163823,207
487.0,536.0,35,210,50,158.03368948489188,153.66557028427096,-0.8354589340022295,207
535.0,536.0,25,210,60,158.0614034154251,156.58649639680732,-0.13035075600753848,207
523.0,524.0,25,210,60,158.1652652232287,156.82490476519615,0.10750252591065473,207
499.0,488.0,35,210,70,158.18345171182364,156.46244254699607,-0.15410942951936654,207
487.0,500.0,35,210,30,158.23633371143964,157.1864335009929,0.4758615107506799,207
511.0,500.0,25,210,60,158.24498818222887,157.06844276373175,0.36886852868974634,207
487.0,512.0,45,210,20,158.41270038965672,157.5411964795241,0.5997216164089153,207
499.0,488.0,45,210,30,158.47430598797249,156.91188626213687,0.0409571185570568,207
523.0,488.0,25,210,60,158.52820387883736,156.653129888839,-0.39081986693157805,207
523.0,536.0,30,210,40,158.55293346098023,157.4872509080957,0.5072332043499425,207
511.0,512.0,30,210,40,158.59264056103737,157.52744261189815,0.48428784044793316,207
511.0,488.0,35,210,40,158.60953473707303,156.5878194534789,-0.34477645588522254,207
499.0,500.0,40,210,30,158.6108109432205,157.41302026887038,0.35748011601938645,207
535.0,512.0,25,210,60,158.64537703321875,157.0230623803069,-0.28971621094464284,207
487.0,524.0,30,210,40,158.69123169227862,156.5130991791563,-0.6288511613184988,207
499.0,524.0,35,210,60,158.69300888706954,155.5243098438598,-0.7578146895316682,207
499.0,512.0,45,210,70,158.6978059786607,156.23615694805454,-0.5369093136919877,207
499.0,536.0,45,210,20,158.73579083708435,157.9186656100713,0.6265767564295184,207
511.0,488.0,25,210,60,158.81791722980006,157.59929531008484,0.31583891932690905,207
487.0,512.0,30,210,50,158.83388169339008,156.21753842874057,-0.6698524928431463,207
523.0,500.0,25,210,60,158.93164262841012,157.48873997773356,-0.0005500420496918609,207
499.0,500.0,40,210,70,158.99337565458336,157.00683928197174,-0.3118774222088719,207
535.0,524.0,25,210,60,159.02430934904228,157.73951564632358,0.21141038871399392,207
523.0,512.0,25,210,60,159.04667070790674,157.8280747614675,0.3149628496409083,207
499.0,524.0,35,210,30,159.05817738364402,158.11818225427118,0.5560277515501052,207
511.0,488.0,30,210,70,159.14472170985263,157.9767395458699,0.3693342276012257,207
523.0,512.0,30,210,70,159.19517572330622,158.03438525923428,0.39635028314654386,207
499.0,536.0,30,210,40,159.1972780474652,157.18807134365596,-0.5833232282228984,207
499.0,500.0,30,210,40,159.2788710577964,158.2590950094164,0.5213277653570112,207
487.0,488.0,30,210,40,159.3171740477718,158.04610261831556,0.24191793640125667,207
499.0,536.0,40,210,60,159.34066702517458,155.48573891507095,-0.820331812561276,207
487.0,488.0,45,210,70,159.47968493692323,157.0598803173266,-0.4976906488378625,207
487.0,500.0,35,210,60,159.54747609169556,156.73322641699812,-0.5882282965353223,207
535.0,512.0,30,210,50,159.56216158849128,157.32667808981665,-0.7078219985588475,207
535.0,536.0,35,210,40,159.65481817394732,158.0722232857484,-0.20395926545384882,207
499.0,536.0,35,210,30,159.65892811530577,158.50925637466955,0.37595739100199316,207
511.0,524.0,30,210,40,159.73571605649704,158.75128265564516,0.58410158979383,207
511.0,524.0,30,210,60,159.82762641608255,157.8340765191054,-0.6642310930915534,207
511.0,536.0,30,210,40,159.83148016266495,158.51741867181468,0.1591340745659936,207
487.0,512.0,35,210,30,159.88670282245295,158.86846462461008,0.48792541751197005,207
523.0,512.0,35,210,40,159.95469619299487,158.27628960270746,-0.24913743301714197,207
523.0,488.0,30,210,50,159.97349097125527,157.50609589122982,-0.6417987612366927,207
511.0,524.0,40,210,30,159.99147518778867,159.04525955140397,0.5556141843109303,207
487.0,524.0,45,210,60,160.0066841048817,156.21163720264695,-0.7512590273578774,207
487.0,500.0,30,210,40,160.09050711535846,158.8649990955357,0.28712271358806696,207
487.0,512.0,40,210,60,160.10944766253107,156.838442037512,-0.6831909649160121,207
511.0,512.0,45,210,30,160.12983766170584,158.89673852312524,0.28959632663145163,207
487.0,488.0,40,210,30,160.14529055746942,158.91352586305536,0.331575140592514,207
487.0,512.0,30,210,40,160.14625751301102,158.66944663909132,-0.06500673019565249,207
487.0,536.0,35,210,30,160.1690877345839,158.5177713453776,-0.15022890319760118,207
523.0,524.0,35,210,70,160.1836573626419,158.6637233511541,-0.21215362742893087,207
499.0,512.0,30,210,40,160.25044296943017,159.21687384519953,0.5151256832409196,207
523.0,536.0,40,210,70,160.25658183309,158.17043483581327,-0.649377707495796,207
499.0,524.0,30,210,40,160.25698520294185,158.99494786918453,0.23318271753640432,207
487.0,524.0,45,210,20,160.37585091927923,159.49807885918148,0.5870956448322546,207
523.0,488.0,45,210,40,160.40528303921388,158.01246586168958,-0.6601290821167055,207
499.0,524.0,30,210,50,160.41441267429454,158.2025929924402,-0.7600720615393877,207
487.0,524.0,35,210,30,160.5372031671471,159.338499959428,0.3262830670335218,207
523.0,500.0,40,210,40,160.58377704984926,158.39602343892048,-0.571494963521722,207
499.0,500.0,30,210,60,160.67003846326872,159.07027269595855,-0.14771897932842232,207
535.0,524.0,30,210,70,160.79856705193444,159.63833059169428,0.4045671174139297,207
487.0,524.0,35,210,50,160.82555444035933,157.49876776417275,-0.7899643272046556,207
535.0,488.0,35,210,50,160.84772681095575,157.53715955083698,-0.8379554338665008,207
511.0,524.0,45,210,70,160.86212619115136,158.61841271170582,-0.641857024372178,207
535.0,512.0,45,210,40,160.88772969271187,158.5263057797454,-0.8031141289701692,207
535.0,524.0,40,210,40,161.0677224327797,159.1824932290824,-0.6058776326259656,207
523.0,536.0,45,210,30,161.14103839983414,160.1438125940236,0.5238708521157323,207
511.0,536.0,35,210,60,161.1476197513719,158.08568068945914,-0.8810583241349698,207
535.0,524.0,30,210,50,161.18050271757764,159.62734870923865,-0.2812369571361897,207
511.0,500.0,35,210,70,161.2428552049502,159.87563637533253,0.10926499055097885,207
487.0,500.0,30,210,50,161.26988271944842,159.3243340065261,-0.45187768933772865,207
499.0,512.0,40,210,30,161.30874097509374,160.34005282202375,0.5205756651026306,207
523.0,500.0,30,210,50,161.31699366844137,159.4168423136014,-0.4573287211413732,207
511.0,512.0,40,210,70,161.3999352428986,159.71867508388405,-0.24247181133614884,207
511.0,500.0,35,210,40,161.43453779634055,159.91216779486714,-0.03539074571808486,207
487.0,536.0,45,210,20,161.45656462901565,160.46739718935592,0.508846377714498,207
523.0,500.0,30,210,70,161.50080066355468,160.38022545717627,0.4133563301776395,207
511.0,536.0,30,210,50,161.51636403348974,159.28854786323677,-0.7907956569966741,207
487.0,536.0,35,210,40,161.51737948641085,158.69156001021528,-0.8159245695263546,207
511.0,536.0,40,210,30,161.70686483935836,160.80820193871924,0.5995531727655149,207
487.0,536.0,40,210,50,161.80416937076055,157.91432270246256,-0.8313617821458925,207
523.0,536.0,30,210,60,161.87866754063646,160.04383478562997,-0.6786267919512327,207
535.0,536.0,30,210,50,161.90944656996768,160.47222681988453,-0.05273503934761707,207
499.0,500.0,45,210,30,161.9147034130807,160.7321725149339,0.34073095663739245,207
499.0,512.0,35,210,60,162.06057369783863,159.93491395676025,-0.498593008427981,207
499.0,488.0,40,210,70,162.07079262333642,160.43972391850687,-0.15238854976268365,207
499.0,500.0,45,210,70,162.13310375352845,160.2631613134655,-0.3039627083566826,207
499.0,536.0,45,210,60,162.22915754285307,158.70824062032077,-0.8200131055493352,207
499.0,536.0,35,210,50,162.28769928577782,159.25126894240208,-0.8807102594221665,207
499.0,488.0,30,210,60,162.35871833283835,160.97645267149178,0.03898153380185798,207
499.0,488.0,35,210,40,162.37309066146312,161.041308380536,0.1545115631336292,207
499.0,524.0,40,210,60,162.40523163519885,159.53864749719668,-0.7521978337172492,207
487.0,500.0,40,210,30,162.41101820512506,161.3900494407004,0.47387125949513875,207
523.0,524.0,35,210,40,162.41659035892502,161.29206496232985,0.4193829953710194,207
511.0,488.0,30,210,50,162.4792705028861,160.88758174136498,-0.21862712559465064,207
523.0,512.0,30,210,50,162.54105615379615,161.2193950822301,0.11273228835631503,207
535.0,536.0,35,210,70,162.55632346188204,161.18926903877127,-0.020146262862738306,207
523.0,488.0,30,210,70,162.58343853096147,161.40699687698944,0.3300249546887931,207
487.0,488.0,30,210,50,162.5956498194046,160.9343686167708,-0.3776971467531182,207
511.0,488.0,40,210,40,162.62129925586217,160.71595173599079,-0.34731171876304584,207
535.0,500.0,35,210,50,162.633711125654,159.90244548468644,-0.803720167721436,207
499.0,512.0,30,210,50,162.69426412189375,161.28400481879137,-0.04875183844563615,207
511.0,512.0,30,210,60,162.71127079757525,161.43696845045534,0.18102097201479458,207
487.0,488.0,35,210,60,162.7222217026001,160.59213978589324,-0.5035138159720545,207
535.0,512.0,30,210,70,162.80913903159546,161.6940927790232,0.44744392603996547,207
535.0,488.0,30,210,60,162.88171248031975,160.2141264939365,-0.7545198343076921,207
523.0,536.0,30,210,50,162.90382952552065,161.52758213913194,-0.01938798109087326,207
487.0,512.0,45,210,60,162.98722926902755,159.97257555350356,-0.6831774552345838,207
523.0,524.0,30,210,50,163.1535964384748,162.00053148239803,0.4035495602351773,207
523.0,536.0,45,210,70,163.167735287043,161.1831222907543,-0.6499556776439624,207
499.0,524.0,40,210,30,163.1742886972581,162.23691040559086,0.5471643795081029,207
487.0,500.0,40,210,60,163.20793406648485,160.64084194363386,-0.5886340503975572,207
511.0,524.0,45,210,30,163.2791607579704,162.34789013181694,0.5622067388216226,207
487.0,524.0,35,210,40,163.35681695916236,161.3357598074135,-0.6351707269118013,207
511.0,524.0,30,210,50,163.37283903635642,162.09401987165586,0.15155343731584978,207
487.0,488.0,45,210,30,163.39736200707097,162.1958124164013,0.3238315996710882,207
487.0,512.0,35,210,50,163.49488531257143,161.10766183988665,-0.6740523031929536,207
523.0,536.0,35,210,40,163.51300746541028,162.43801855282447,0.4757408233401932,207
511.0,500.0,30,210,50,163.55623618441393,162.39807095949203,0.3664991747542476,207
523.0,500.0,45,210,40,163.57310555964207,161.51175968864905,-0.5723536329630935,207
511.0,512.0,35,210,40,163.58542814711163,162.53197110753337,0.47927922016311236,207
535.0,536.0,40,210,40,163.59771912873842,162.06518350399799,-0.21742572436602942,207
523.0,512.0,35,210,70,163.6845532599497,162.54103104955126,0.39476889107818136,207
535.0,500.0,30,210,70,163.68505426072824,162.33111019866143,0.08581920550024344,207
535.0,500.0,30,210,60,163.70532888639357,161.6292467766062,-0.6053972514639017,207
511.0,488.0,35,210,70,163.72342700866807,162.5632739761829,0.34599973934506295,207
499.0,500.0,30,210,50,163.72503699672316,162.6085550556525,0.439785647605763,207
499.0,536.0,40,210,30,163.77548835054267,162.6356980813296,0.3558684202014658,207
523.0,524.0,40,210,70,163.80162449512727,162.32891367154963,-0.21560876400048054,207
523.0,512.0,40,210,40,163.80173605493016,162.1867985506665,-0.2675929536258931,207
499.0,488.0,30,210,50,163.82806451251446,162.70354013030257,0.43377142060473567,207
511.0,512.0,30,210,50,163.83713538674414,162.77066277576526,0.5216940839955402,207
535.0,488.0,30,210,70,163.85986680970387,162.12133325249468,-0.32115989679190093,207
499.0,536.0,35,210,40,163.90865313280503,162.01927006380944,-0.5941348193720235,207
487.0,512.0,40,210,30,163.9179519145072,162.91380630186524,0.4801868546369222,207
523.0,524.0,30,210,60,164.04911701693123,162.75572486923136,0.09693229109021755,207
535.0,536.0,30,210,60,164.06811619388947,162.66367186825624,-0.14381583438358617,207
487.0,536.0,40,210,30,164.07083448724458,162.47560763244576,-0.17377198018754605,207
511.0,500.0,30,210,60,164.11869037872484,162.96267307973562,0.35438705194108794,207
487.0,488.0,35,210,40,164.16126814163403,162.93007519336305,0.23871678296663396,207
535.0,524.0,45,210,40,164.19233931109366,162.3743535525885,-0.6094470929399897,207
499.0,500.0,35,210,40,164.21692414199222,163.18463210861793,0.4883033896058745,207
511.0,512.0,45,210,70,164.2486721493804,162.63370879781215,-0.24059569077263152,207
535.0,512.0,35,210,50,164.2987414210961,162.21657396003891,-0.7215514071502234,207
511.0,524.0,35,210,60,164.29900895865507,162.42891554989572,-0.6664884016189069,207
487.0,524.0,40,210,50,164.34583069087876,161.31217609284613,-0.7870943589899326,207
523.0,488.0,30,210,60,164.44269305345279,162.71483971397802,-0.40810607637309204,207
487.0,524.0,40,210,30,164.47550859839475,163.29013081193693,0.3044783472186255,207
535.0,488.0,40,210,50,164.50787346498683,161.49671986942676,-0.8403863682011157,207
499.0,512.0,45,210,30,164.51305341170115,163.55572373347175,0.5185367442642755,207
535.0,512.0,30,210,60,164.53505779443515,162.99913117336615,-0.31402080701334284,207
511.0,536.0,40,210,60,164.53859940767995,161.70527205257812,-0.8754001994812953,207
511.0,524.0,35,210,40,164.57884927780998,163.58222458124396,0.5619848816241096,207
523.0,488.0,35,210,50,164.61347616540834,162.36488269274238,-0.65145082116,207
511.0,536.0,35,210,40,164.6170613445556,163.3180421242682,0.11207040306760167,207
487.0,536.0,45,210,50,164.64230133450928,161.09456650859963,-0.8228065425782406,207
511.0,488.0,30,210,60,164.65809565676213,163.4688065802169,0.3085797695503902,207
511.0,500.0,40,210,70,164.73755106069027,163.4147781411197,0.11060122767294138,207
487.0,500.0,35,210,40,164.7584625320465,163.5458916151045,0.2558884015088851,207
523.0,500.0,30,210,60,164.7894816876148,163.40832628951813,-0.03146052568995663,207
487.0,512.0,35,210,40,164.81376129194248,163.38905764620705,-0.08309434908311626,207
523.0,512.0,30,210,60,164.90603103348764,163.72384222227902,0.3196468231861839,207
499.0,524.0,35,210,40,164.9326103764789,163.6818392262346,0.1905600809049685,207
535.0,524.0,30,210,60,164.94002391833226,163.70008518742836,0.2114830457733885,207
499.0,512.0,35,210,40,164.94357620526606,163.90616951234625,0.4949908789466915,207
499.0,524.0,35,210,50,164.95451888232918,162.8939967976063,-0.7495562242825825,207
511.0,536.0,45,210,30,164.97471460601852,164.06893906803685,0.587131975175847,207
499.0,488.0,45,210,70,164.98140511189771,163.40912838427508,-0.1546776900386457,207
499.0,500.0,35,210,60,165.15190605151776,163.6214040426483,-0.170312971430004,207
487.0,536.0,40,210,40,165.16023878193712,162.54352348187578,-0.8147316739579405,207
499.0,524.0,45,210,60,165.19619124795915,162.52758889402293,-0.7513359563179012,207
535.0,524.0,35,210,70,165.26310856784167,164.1316821382796,0.43046129325903304,207
511.0,500.0,40,210,40,165.30594453991702,163.84076121188343,-0.04612571307911189,207
499.0,512.0,40,210,60,165.62296765079233,163.63294878062703,-0.49936512973404457,207
487.0,500.0,45,210,30,165.66205517826137,164.6432059244706,0.45839533499182866,207
487.0,500.0,35,210,50,165.68733423348667,163.85694518817957,-0.46237736310258365,207
511.0,488.0,45,210,40,165.72298554236647,163.89779912218438,-0.34267383111790317,207
499.0,536.0,40,210,50,165.77543516623717,162.9849297304943,-0.8746875407217569,207
523.0,500.0,35,210,50,165.8814304197689,164.0926359605697,-0.48139253432362644,207
523.0,500.0,35,210,70,165.9037381676736,164.79330866391328,0.4041360508695151,207
535.0,524.0,35,210,50,165.93474984744387,164.43356024246742,-0.3218974930540865,207
511.0,536.0,35,210,50,165.94432585360607,163.87297346742142,-0.7994038969121522,207
487.0,500.0,45,210,60,165.97885057866128,163.56915571884582,-0.5899644535728581,207
535.0,536.0,40,210,70,166.00545291866996,164.68156133709007,-0.004402463723774507,207
499.0,488.0,40,210,40,166.1788898619567,164.85996154757981,0.12126064514974896,207
487.0,488.0,40,210,60,166.17970688562784,164.1877814527234,-0.502438324112497,207
523.0,536.0,35,210,60,166.20606496720404,164.47871736759168,-0.6925277843093726,207
535.0,500.0,40,210,50,166.26273146486747,163.73724838629698,-0.8092769965879347,207
499.0,524.0,45,210,30,166.26950568926299,165.32927783912686,0.5369809319446397,207
523.0,524.0,40,210,40,166.30997671546461,165.18844481827725,0.39493064981300074,207
535.0,536.0,35,210,50,166.49767522913763,165.11776843532348,-0.05821453073438367,207
523.0,524.0,45,210,70,166.5403180873309,165.09580294494836,-0.22536610609933133,207
523.0,512.0,45,210,40,166.6945543245564,165.12822676264355,-0.27533397789585595,207
535.0,536.0,45,210,40,166.73245987365695,165.24842787536718,-0.22184046158045787,207
499.0,488.0,35,210,60,166.75645304518454,165.3989053202619,-0.010607619398718437,207
487.0,524.0,40,210,40,166.84244049977755,164.91380543066722,-0.6441948516893009,207
499.0,536.0,45,210,30,166.86060607269977,165.71803920383493,0.3285614727446672,207
487.0,512.0,40,210,50,166.87950704153616,164.6311110367557,-0.6783101665135548,207
511.0,488.0,35,210,50,166.91517065908081,165.39909151727096,-0.23418639231619948,207
487.0,512.0,45,210,30,166.98444440783314,165.97841768039274,0.46423627289839386,207
511.0,512.0,35,210,60,166.98934540338186,165.73203644761716,0.14414579302324962,207
487.0,488.0,35,210,50,167.00790876612268,165.42460873424892,-0.4038354953005838,207
523.0,512.0,40,210,70,167.03964937548685,165.90886905269733,0.39024321103184284,207
487.0,524.0,45,210,50,167.04573647039132,164.21621831452677,-0.7820398330172784,207
523.0,488.0,35,210,70,167.06675068960666,165.9116195737381,0.324630867962742,207
511.0,536.0,45,210,60,167.08597677631693,164.45190728324158,-0.8710640144635936,207
487.0,536.0,45,210,30,167.11080816948217,165.5591125472476,-0.19247712425422533,207
511.0,488.0,40,210,70,167.11273798169688,165.96683060517964,0.34126169763954173,207
535.0,512.0,35,210,70,167.13037917544372,166.03133876996128,0.4595480019787711,207
499.0,512.0,35,210,50,167.13206550855634,165.7537722744331,-0.09383487734854332,207
523.0,512.0,35,210,50,167.14297629604846,165.84723279101,0.07719256263005093,207
535.0,488.0,35,210,60,167.21547491357538,164.77986598977756,-0.765385585561535,207
535.0,488.0,45,210,50,167.24579586914768,164.44663652814845,-0.8392440153169057,207
523.0,536.0,40,210,40,167.31759359916026,166.26078764437273,0.48268643760376617,207
523.0,536.0,35,210,50,167.37633885594363,166.0437490084536,-0.030004039727360893,207
511.0,500.0,45,210,70,167.39563769822388,166.0925851502959,0.09550016060950584,207
511.0,512.0,40,210,40,167.40246099380207,166.34766037256594,0.45832013927156734,207
499.0,536.0,40,210,40,167.47172516346993,165.66478911567177,-0.6038932482769109,207
487.0,524.0,45,210,30,167.48763330926576,166.29840742805905,0.27187768393282874,207
511.0,524.0,40,210,60,167.55070590737805,165.76244248013478,-0.6680153661004222,207
523.0,524.0,35,210,50,167.70016227890522,166.5600649305573,0.3905474110704555,207
511.0,524.0,35,210,50,167.72472731855308,166.46081474344567,0.0999985991719503,207
499.0,500.0,40,210,40,167.8927197441237,166.85987940883908,0.46669944062846946,207
535.0,500.0,35,210,70,167.89645529005546,166.58359545924017,0.06981824197490612,207
487.0,488.0,40,210,40,167.90878708264913,166.71416647646643,0.2492398078676057,207
535.0,512.0,40,210,50,167.94295309467188,165.93679771501183,-0.7410208269205549,207
487.0,536.0,45,210,40,168.0056874007831,165.54801244114114,-0.8064320808254386,207
535.0,500.0,35,210,60,168.00778435284977,166.07026062819827,-0.6178580729736839,207
535.0,488.0,35,210,70,168.0352954378825,166.3915542337984,-0.34452537760959034,207
511.0,500.0,35,210,50,168.0405731987862,166.87742274615184,0.3153920441212296,207
523.0,488.0,40,210,50,168.11354765757523,166.00692909434366,-0.6576641828122082,207
499.0,500.0,35,210,50,168.11994866919022,166.99788141051397,0.40583910062067247,207
499.0,488.0,35,210,50,168.18637498079352,167.05368635467133,0.38789977662891467,207
511.0,500.0,45,210,40,168.20504129897122,166.77139304725193,-0.056666403498157145,207
523.0,524.0,35,210,60,168.2506131191537,166.98320560688148,0.07122790371543458,207
487.0,512.0,40,210,40,168.2603467652997,166.85753538312605,-0.11732736550536478,207
499.0,512.0,45,210,60,168.27911156068973,166.38363517716888,-0.5033167496268889,207
511.0,524.0,40,210,40,168.28006168143372,167.28412393163163,0.5543981621980167,207
511.0,512.0,35,210,50,168.2950728591999,167.21607964820402,0.48550958170508524,207
511.0,536.0,40,210,40,168.32608861619659,167.04469414297796,0.08797226897673503,207
535.0,536.0,35,210,60,168.3456936666813,166.99329983008334,-0.1414461270196851,207
499.0,524.0,40,210,50,168.36096443356837,166.40671852114215,-0.7385085522353153,207
511.0,500.0,35,210,60,168.3652751211352,167.2154283408911,0.33176587902653265,207
487.0,500.0,40,210,40,168.42277801448842,167.24953309640279,0.27670643605629835,207
499.0,536.0,45,210,50,168.4642223531834,165.8400031727197,-0.8648481473690509,207
499.0,500.0,40,210,60,168.54582488091597,167.06979632143057,-0.17775285791000328,207
535.0,524.0,40,210,70,168.58320544917788,167.48386099188284,0.4829351388969962,207
499.0,524.0,40,210,40,168.60362781678415,167.36916226271674,0.16752766189117865,207
535.0,536.0,45,210,70,168.60589117603323,167.30982315263216,0.002982661740298812,207
499.0,512.0,40,210,40,168.64186231573444,167.60782591385035,0.483186360138497,207
523.0,488.0,35,210,60,168.70022912123548,167.07540157890944,-0.4173986073317491,207
535.0,512.0,35,210,60,168.75653732371643,167.27146079533654,-0.34857677381457175,207
511.0,488.0,35,210,60,168.8404547893417,167.65828782572487,0.27872011326751506,207
487.0,488.0,45,210,60,168.86001027874843,166.95587972769883,-0.5103626655797749,207
523.0,500.0,35,210,60,169.0039281919988,167.67175550989472,-0.04541140211871583,207
523.0,512.0,35,210,60,169.05769689979024,167.88525502335068,0.2954314405480312,207
535.0,500.0,45,210,50,169.11301860394624,166.72862728852172,-0.8172190394403988,207
487.0,500.0,40,210,50,169.1143232246201,167.3810460051545,-0.4589983746659059,207
499.0,488.0,45,210,40,169.14627260850372,167.8263956694458,0.08139197045312044,207
523.0,500.0,40,210,70,169.168268874532,168.06673291303545,0.398787105623489,207
535.0,524.0,35,210,60,169.18040727660636,167.9628733781036,0.1953359734323012,207
511.0,536.0,40,210,50,169.27265711840698,167.2745846395928,-0.7955114069319303,207
523.0,524.0,45,210,40,169.31537834671417,168.1867662453098,0.3543354200158249,207
523.0,536.0,40,210,60,169.35388708873305,167.7033027091275,-0.7049077203237818,207
523.0,500.0,40,210,50,169.4024746001772,167.68324159831636,-0.5010490451184332,207
487.0,512.0,45,210,50,169.49273880614982,167.34186959775914,-0.6865512648848001,207
535.0,524.0,40,210,50,169.4938504316609,168.01864643351647,-0.36790781086077834,207
487.0,524.0,45,210,40,169.56030324114383,167.69342958354167,-0.6469299366077139,207
523.0,512.0,45,210,70,169.59637776936896,168.47499130787577,0.386900217755547,207
511.0,488.0,45,210,70,169.73656830181181,168.5886054615774,0.3151965367530742,207
511.0,524.0,45,210,60,170.04090905590098,168.30007724746986,-0.6738558116515836,207
499.0,488.0,40,210,60,170.10334703349662,168.78104944834976,-0.021820036038778984,207
511.0,512.0,40,210,60,170.1091924162561,168.86486900439817,0.11689966126411962,207
535.0,536.0,40,210,50,170.11229307529115,168.78569326071084,-0.03511001514688086,207
499.0,536.0,45,210,40,170.18087896472773,168.41802731314684,-0.6194682543350649,207
535.0,512.0,40,210,70,170.3345957474149,169.24835832033682,0.47185172147962207,207
523.0,536.0,45,210,40,170.3777152706833,169.33921114811005,0.49499026600150425,207
511.0,488.0,40,210,50,170.39439172795596,168.91834003956174,-0.253424537990303,207
523.0,488.0,40,210,70,170.40814260229658,169.26302204439114,0.3158336970962682,207
511.0,512.0,45,210,40,170.41870038659846,169.35649417625248,0.43206299201502296,207
487.0,488.0,40,210,50,170.47977985626576,168.99224814247611,-0.37270196045771276,207
535.0,488.0,40,210,60,170.51359127136342,168.23250021802312,-0.7778639329337478,207
499.0,512.0,40,210,50,170.5296151916677,169.17523846148808,-0.1227760754939296,207
523.0,512.0,40,210,50,170.64741355593915,169.37286703320493,0.054801233843492635,207
535.0,512.0,45,210,50,170.737526613225,168.76345576104177,-0.7630190076329465,207
487.0,488.0,45,210,40,170.88411125071642,169.7064917825266,0.2427932033495466,207
499.0,500.0,45,210,40,170.8869108836115,169.85594882750544,0.45133181979736914,207
523.0,488.0,45,210,50,170.8939659842306,168.8782840051946,-0.6670443403226478,207
523.0,536.0,40,210,50,170.92252694090607,169.63098675613688,-0.014579396483368695,207
499.0,524.0,45,210,50,170.95999361341697,169.05041580223275,-0.7458853748922375,207
535.0,524.0,45,210,70,171.00707594954602,169.92081301459345,0.5006441898627901,207
487.0,512.0,45,210,40,171.00781351143988,169.611832217275,-0.16631749229592896,207
499.0,500.0,45,210,60,171.02611614726248,169.59192060740335,-0.18001879590648728,207
511.0,524.0,40,210,50,171.0790086076024,169.8305498435847,0.06774687634088937,207
535.0,500.0,40,210,70,171.16031065014002,169.86827183712418,0.04165365457166948,207
511.0,536.0,45,210,40,171.20655260779122,169.9309933957671,0.0532696453961899,207
523.0,524.0,40,210,50,171.2192676929415,170.08988308808017,0.374333295879723,207
535.0,500.0,40,210,60,171.23943505784533,169.38672877487647,-0.6380710731541241,207
511.0,524.0,45,210,40,171.25961207647578,170.27130368709547,0.5571365335384943,207
535.0,488.0,40,210,70,171.26725912308757,169.68420490086945,-0.36597274011713393,207
487.0,500.0,45,210,40,171.34729325695812,170.17808713206438,0.2507381754461436,207
499.0,524.0,45,210,40,171.4114596947938,170.17196231740292,0.11380164295473157,207
523.0,524.0,40,210,60,171.4282985795281,170.18723409779568,0.07642417445418788,207
511.0,500.0,40,210,50,171.44465759748093,170.28422631156099,0.2829030460344971,207
499.0,500.0,40,210,50,171.53582491047808,170.41833922750615,0.3911226819024457,207
499.0,488.0,40,210,50,171.5423672116709,170.407288853186,0.3514293008063373,207
499.0,512.0,45,210,40,171.5728269728888,170.5388599443925,0.47011814735334934,207
511.0,500.0,40,210,60,171.61151898033026,170.4679608627271,0.31733064812790984,207
535.0,536.0,40,210,60,171.6321751992244,170.31849323728477,-0.13252696489927132,207
523.0,500.0,45,210,70,171.6704948074677,170.59043227853172,0.42325075352086633,207
511.0,512.0,40,210,50,171.70507669629885,170.61792070588896,0.4546054295089938,207
487.0,500.0,45,210,50,171.74414454609203,170.0616693514151,-0.473316218139751,207
523.0,536.0,45,210,60,171.78538547702112,170.1872763082978,-0.7009683557613164,207
511.0,536.0,45,210,50,171.89742699433413,169.98303950394225,-0.7777597934381475,207
523.0,488.0,40,210,60,171.97314282195364,170.40901951420642,-0.44090114346442616,207
535.0,512.0,40,210,60,172.07401878964106,170.60807563718367,-0.3842689848826681,207
511.0,488.0,40,210,60,172.10723870653786,170.92922522678725,0.24394387605588258,207
523.0,500.0,40,210,60,172.21900810524568,170.8963133221865,-0.10325844627873551,207
523.0,512.0,40,210,60,172.22818289683642,171.0688850333362,0.28773404877155373,207
535.0,524.0,45,210,50,172.2445231367421,170.79313249723407,-0.39374683365731994,207
523.0,500.0,45,210,50,172.26156773638218,170.59317527779976,-0.5199515114592483,207
535.0,524.0,40,210,60,172.42720138569942,171.2355388055066,0.20834282816843774,207
511.0,512.0,45,210,60,172.52702288494126,171.29066629694654,0.0906527855800038,207
499.0,488.0,45,210,60,172.61420868743863,171.30455014230597,-0.05711089877421366,207
535.0,512.0,45,210,70,172.81823623589835,171.7396729382869,0.4843807510257286,207
523.0,488.0,45,210,70,172.92258215239596,171.7848756352525,0.3105229803883223,207
535.0,536.0,45,210,50,172.9991936573923,171.70960589823127,-0.02742076973850647,207
511.0,488.0,45,210,50,173.0592156834565,171.60721152063311,-0.2760980179195644,207
535.0,488.0,45,210,60,173.07069003081594,170.89339962446118,-0.7899708895703135,207
499.0,512.0,45,210,50,173.18984597147073,171.86562043338398,-0.1183621908188316,207
487.0,488.0,45,210,50,173.22041496371116,171.77041744477015,-0.38623681844559915,207
523.0,512.0,45,210,50,173.3790225088084,172.10799971722844,0.006985545733046485,207
523.0,536.0,45,210,50,173.63630196898754,172.3647920394906,-0.027469860056070394,207
535.0,500.0,45,210,70,173.64339513307428,172.371335037762,0.024632664043938064,207
511.0,524.0,45,210,50,173.6986024527937,172.4476470697635,-0.004316983641048805,207
535.0,488.0,45,210,70,173.79010811665603,172.24093978116719,-0.39945812948146037,207
523.0,524.0,45,210,60,173.87275453693377,172.65388613397892,0.09277691801318343,207
535.0,500.0,45,210,60,173.88776026770844,172.0977442402518,-0.6574534121982508,207
511.0,500.0,45,210,60,174.03986733268127,172.90298869543702,0.3084240135899482,207
523.0,524.0,45,210,50,174.04461471858838,172.9248283551367,0.36350840807418866,207
511.0,500.0,45,210,50,174.08194521302124,172.91261154133562,0.22613447415569637,207
499.0,488.0,45,210,50,174.13852416964025,172.99488245813524,0.29828440920817895,207
535.0,536.0,45,210,60,174.17788861648955,172.8951230850913,-0.11782525061379734,207
499.0,500.0,45,210,50,174.18363216522764,173.06517553767432,0.3641955047917836,207
511.0,512.0,45,210,50,174.34380580282385,173.24893445149036,0.4164149485336891,207
535.0,512.0,45,210,60,174.5676884470632,173.10252954293406,-0.43756046901550644,207
523.0,488.0,45,210,60,174.5721589259987,173.04812739287965,-0.4594332626978398,207
511.0,488.0,45,210,60,174.64463865843072,173.46457410686807,0.19858740722605514,207
523.0,512.0,45,210,60,174.69344370807713,173.54972697119453,0.29999886861854524,207
523.0,500.0,45,210,60,174.7903278439121,173.48406705614795,-0.1340628290367554,207
535.0,524.0,45,210,60,174.91282619214496,173.7352749292344,0.20464880437935257,207
